Tissue,line,doublet,event,seeded,scanned,plates,barcodes,cell_id,day1_barcode,density,drugsets
Breast,AU565,1003|1013,AU565@2016-12-02,2016-12-02 00:00:00,2016-12-06 00:00:00,1,23644,6413,23643,500,341
Breast,AU565,1003|1013,AU565@2017-03-02,2017-03-02 00:00:00,2017-03-06 00:00:00,2,26399|26400,6413,26398,500,341
Breast,AU565,1003|1013,AU565@2017-04-17,2017-04-17 23:00:00,2017-04-21 23:00:00,3,28056|28057|28058,6413,28065,500,341
Breast,AU565,1003|1013,AU565@2017-06-25,2017-06-25 23:00:00,2017-06-29 23:00:00,3,30540|30541|30542,6413,30539,500,341
Breast,AU565,1005|1007,AU565@2016-03-30,2016-03-30 23:00:00,2016-04-03 23:00:00,1,14536,6413,14535,500,264
Breast,AU565,1005|1007,AU565@2016-05-23,2016-05-23 23:00:00,2016-05-27 23:00:00,3,15875|15876|15877,6413,15874,500,264
Breast,AU565,1005|1007,AU565@2016-07-03,2016-07-03 23:00:00,2016-07-07 23:00:00,3,17223|17224|17225,6413,17222,500,264
Breast,AU565,1005|1007,AU565@2016-07-25,2016-07-25 23:00:00,2016-07-29 23:00:00,3,18037|18038|18039,6413,18036,500,264
Breast,AU565,1011|1012,AU565@2016-03-30,2016-03-30 23:00:00,2016-04-03 23:00:00,1,14537,6413,14535,500,265
Breast,AU565,1011|1012,AU565@2016-05-23,2016-05-23 23:00:00,2016-05-27 23:00:00,1,15878,6413,15874,500,265
Breast,AU565,1011|1012,AU565@2016-07-03,2016-07-03 23:00:00,2016-07-07 23:00:00,1,17226,6413,17222,500,265
Breast,AU565,1011|1012,AU565@2016-07-25,2016-07-25 23:00:00,2016-07-29 23:00:00,1,18040,6413,18036,500,265
Breast,AU565,1017|1375,AU565@2016-04-13,2016-04-13 23:00:00,2016-04-17 23:00:00,1,14724,6413,14720,500,273
Breast,AU565,1017|1375,AU565@2016-05-30,2016-05-30 23:00:00,2016-06-03 23:00:00,1,16013,6413,16007,500,273
Breast,AU565,1017|1375,AU565@2016-07-06,2016-07-06 23:00:00,2016-07-10 23:00:00,1,17365,6413,17359,500,273
Breast,AU565,1017|1375,AU565@2016-07-31,2016-07-31 23:00:00,2016-08-04 23:00:00,1,18132,6413,18126,500,273
Breast,AU565,1021|1022,AU565@2016-03-30,2016-03-30 23:00:00,2016-04-03 23:00:00,1,14538,6413,14535,500,266
Breast,AU565,1021|1022,AU565@2016-05-23,2016-05-23 23:00:00,2016-05-27 23:00:00,1,15879,6413,15874,500,266
Breast,AU565,1021|1022,AU565@2016-07-03,2016-07-03 23:00:00,2016-07-07 23:00:00,1,17227,6413,17222,500,266
Breast,AU565,1021|1022,AU565@2016-07-25,2016-07-25 23:00:00,2016-07-29 23:00:00,1,18041,6413,18036,500,266
Breast,AU565,1025|1030,AU565@2016-12-02,2016-12-02 00:00:00,2016-12-06 00:00:00,1,23645,6413,23643,500,342
Breast,AU565,1025|1030,AU565@2017-03-02,2017-03-02 00:00:00,2017-03-06 00:00:00,1,26402,6413,26398,500,342
Breast,AU565,1025|1030,AU565@2017-04-17,2017-04-17 23:00:00,2017-04-21 23:00:00,1,28059,6413,28065,500,342
Breast,AU565,1025|1030,AU565@2017-06-25,2017-06-25 23:00:00,2017-06-29 23:00:00,1,30543,6413,30539,500,342
Breast,AU565,1032|1038,AU565@2017-02-23,2017-02-23 00:00:00,2017-02-27 00:00:00,3,26053|26054|26055,6413,26052,500,349
Breast,AU565,1032|1038,AU565@2017-05-04,2017-05-04 23:00:00,2017-05-08 23:00:00,3,28651|28652|28653,6413,28650,500,349
Breast,AU565,1038,AU565@2017-06-26,2017-06-26 23:00:00,2017-06-30 23:00:00,3,30601|30602|30603,6413,30600,500,349
Breast,AU565,1042|1046,AU565@2017-02-23,2017-02-23 00:00:00,2017-02-27 00:00:00,1,26056,6413,26052,500,350
Breast,AU565,1042|1046,AU565@2017-05-04,2017-05-04 23:00:00,2017-05-08 23:00:00,1,28654,6413,28650,500,350
Breast,AU565,1042|1046,AU565@2017-06-26,2017-06-26 23:00:00,2017-06-30 23:00:00,1,30604,6413,30600,500,350
Breast,AU565,1047|1049,AU565@2016-04-06,2016-04-06 23:00:00,2016-04-10 23:00:00,1,14624,6413,14623,500,267
Breast,AU565,1047|1049,AU565@2016-05-23,2016-05-23 23:00:00,2016-05-27 23:00:00,1,15880,6413,15874,500,267
Breast,AU565,1047|1049,AU565@2016-07-03,2016-07-03 23:00:00,2016-07-07 23:00:00,1,17228,6413,17222,500,267
Breast,AU565,1047|1049,AU565@2016-07-25,2016-07-25 23:00:00,2016-07-29 23:00:00,1,18042,6413,18036,500,267
Breast,AU565,1050|1051,AU565@2017-02-23,2017-02-23 00:00:00,2017-02-27 00:00:00,1,26057,6413,26052,500,351
Breast,AU565,1050|1051,AU565@2017-05-04,2017-05-04 23:00:00,2017-05-08 23:00:00,1,28655,6413,28650,500,351
Breast,AU565,1052|1059,AU565@2016-12-02,2016-12-02 00:00:00,2016-12-06 00:00:00,1,23646,6413,23643,500,343
Breast,AU565,1052|1059,AU565@2017-03-02,2017-03-02 00:00:00,2017-03-06 00:00:00,1,26403,6413,26398,500,343
Breast,AU565,1052|1059,AU565@2017-04-17,2017-04-17 23:00:00,2017-04-21 23:00:00,1,28060,6413,28065,500,343
Breast,AU565,1053|1054,AU565@2016-03-30,2016-03-30 23:00:00,2016-04-03 23:00:00,1,14539,6413,14535,500,268
Breast,AU565,1053|1054,AU565@2016-05-23,2016-05-23 23:00:00,2016-05-27 23:00:00,1,15881,6413,15874,500,268
Breast,AU565,1053|1054,AU565@2016-07-03,2016-07-03 23:00:00,2016-07-07 23:00:00,1,17229,6413,17222,500,268
Breast,AU565,1053|1054,AU565@2016-07-25,2016-07-25 23:00:00,2016-07-29 23:00:00,1,18043,6413,18036,500,268
Breast,AU565,1058|1073,AU565@2016-05-04,2016-05-04 23:00:00,2016-05-08 23:00:00,1,15017,6413,15016,500,269
Breast,AU565,1058|1073,AU565@2016-05-23,2016-05-23 23:00:00,2016-05-27 23:00:00,1,15882,6413,15874,500,269
Breast,AU565,1058|1073,AU565@2016-07-03,2016-07-03 23:00:00,2016-07-07 23:00:00,1,17230,6413,17222,500,269
Breast,AU565,1058|1073,AU565@2016-07-25,2016-07-25 23:00:00,2016-07-29 23:00:00,1,18044,6413,18036,500,269
Breast,AU565,1080|2169,AU565@2017-04-17,2017-04-17 23:00:00,2017-04-21 23:00:00,1,28061,6413,28065,500,344
Breast,AU565,1083|1179,AU565@2016-04-13,2016-04-13 23:00:00,2016-04-17 23:00:00,1,14721,6413,14720,500,270
Breast,AU565,1083|1179,AU565@2016-05-30,2016-05-30 23:00:00,2016-06-03 23:00:00,3,16008|16009|16010,6413,16007,500,270
Breast,AU565,1083|1179,AU565@2016-07-06,2016-07-06 23:00:00,2016-07-10 23:00:00,3,17360|17361|17362,6413,17359,500,270
Breast,AU565,1083|1179,AU565@2016-07-31,2016-07-31 23:00:00,2016-08-04 23:00:00,3,18127|18128|18129,6413,18126,500,270
Breast,AU565,1085,AU565@2017-06-28,2017-06-28 23:00:00,2017-07-02 23:00:00,1,30662,6413,30661,500,345
Breast,AU565,1096|1129,AU565@2016-12-02,2016-12-02 00:00:00,2016-12-06 00:00:00,1,23649,6413,23643,500,346
Breast,AU565,1096|1129,AU565@2017-03-02,2017-03-02 00:00:00,2017-03-06 00:00:00,1,26406,6413,26398,500,346
Breast,AU565,1096|1129,AU565@2017-04-17,2017-04-17 23:00:00,2017-04-21 23:00:00,1,28063,6413,28065,500,346
Breast,AU565,1096|1129,AU565@2017-06-25,2017-06-25 23:00:00,2017-06-29 23:00:00,1,30547,6413,30539,500,346
Breast,AU565,1190|1191,AU565@2016-04-13,2016-04-13 23:00:00,2016-04-17 23:00:00,1,14722,6413,14720,500,271
Breast,AU565,1191,AU565@2016-05-30,2016-05-30 23:00:00,2016-06-03 23:00:00,1,16011,6413,16007,500,271
Breast,AU565,1191,AU565@2016-07-06,2016-07-06 23:00:00,2016-07-10 23:00:00,1,17363,6413,17359,500,271
Breast,AU565,1191,AU565@2016-07-31,2016-07-31 23:00:00,2016-08-04 23:00:00,1,18130,6413,18126,500,271
Breast,AU565,1192,AU565@2017-06-28,2017-06-28 23:00:00,2017-07-02 23:00:00,1,30663,6413,30661,500,347
Breast,AU565,1372,AU565@2016-04-13,2016-04-13 23:00:00,2016-04-17 23:00:00,1,14723,6413,14720,500,272
Breast,AU565,1372,AU565@2016-05-30,2016-05-30 23:00:00,2016-06-03 23:00:00,1,16012,6413,16007,500,272
Breast,AU565,1372,AU565@2016-07-06,2016-07-06 23:00:00,2016-07-10 23:00:00,1,17364,6413,17359,500,272
Breast,AU565,1372,AU565@2016-07-31,2016-07-31 23:00:00,2016-08-04 23:00:00,1,18131,6413,18126,500,272
Breast,AU565,1373|2172,AU565@2017-02-23,2017-02-23 00:00:00,2017-02-27 00:00:00,1,26058,6413,26052,500,352
Breast,AU565,1373|2172,AU565@2017-05-04,2017-05-04 23:00:00,2017-05-08 23:00:00,1,28656,6413,28650,500,352
Breast,AU565,1510|1549,AU565@2016-04-13,2016-04-13 23:00:00,2016-04-17 23:00:00,1,14725,6413,14720,500,274
Breast,AU565,1510|1549,AU565@2016-05-30,2016-05-30 23:00:00,2016-06-03 23:00:00,1,16014,6413,16007,500,274
Breast,AU565,1510|1549,AU565@2016-07-06,2016-07-06 23:00:00,2016-07-10 23:00:00,1,17366,6413,17359,500,274
Breast,AU565,1510|1549,AU565@2016-07-31,2016-07-31 23:00:00,2016-08-04 23:00:00,1,18133,6413,18126,500,274
Breast,AU565,1553|1560,AU565@2017-02-23,2017-02-23 00:00:00,2017-02-27 00:00:00,1,26059,6413,26052,500,353
Breast,AU565,1553|1560,AU565@2017-05-04,2017-05-04 23:00:00,2017-05-08 23:00:00,1,28657,6413,28650,500,353
Breast,AU565,1553|1560,AU565@2017-06-26,2017-06-26 23:00:00,2017-06-30 23:00:00,1,30607,6413,30600,500,353
Breast,AU565,1558|1559,AU565@2016-04-13,2016-04-13 23:00:00,2016-04-17 23:00:00,1,14726,6413,14720,500,275
Breast,AU565,1558|1559,AU565@2016-05-30,2016-05-30 23:00:00,2016-06-03 23:00:00,1,16015,6413,16007,500,275
Breast,AU565,1558|1559,AU565@2016-07-06,2016-07-06 23:00:00,2016-07-10 23:00:00,1,17367,6413,17359,500,275
Breast,AU565,1558|1559,AU565@2016-07-31,2016-07-31 23:00:00,2016-08-04 23:00:00,1,18134,6413,18126,500,275
Breast,AU565,1561|1594,AU565@2016-05-30,2016-05-30 23:00:00,2016-06-03 23:00:00,1,16016,6413,16007,500,276
Breast,AU565,1561|1594,AU565@2016-07-06,2016-07-06 23:00:00,2016-07-10 23:00:00,1,17368,6413,17359,500,276
Breast,AU565,1564|1593,AU565@2017-02-23,2017-02-23 00:00:00,2017-02-27 00:00:00,1,26060,6413,26052,500,354
Breast,AU565,1594,AU565@2016-04-13,2016-04-13 23:00:00,2016-04-17 23:00:00,1,14727,6413,14720,500,276
Breast,AU565,1594,AU565@2016-07-31,2016-07-31 23:00:00,2016-08-04 23:00:00,1,18135,6413,18126,500,276
Breast,AU565,1632|1909,AU565@2017-02-23,2017-02-23 00:00:00,2017-02-27 00:00:00,1,26061,6413,26052,500,355
Breast,AU565,1632|1909,AU565@2017-05-04,2017-05-04 23:00:00,2017-05-08 23:00:00,1,28659,6413,28650,500,355
Breast,BT-20,1003|1013,BT-20@2017-03-29,2017-03-29 23:00:00,2017-04-02 23:00:00,1,27481,6609,27480,1250,341
Breast,BT-20,1005|1007,BT-20@2016-05-19,2016-05-19 23:00:00,2016-05-23 23:00:00,1,15753,3400,15752,1250,264
Breast,BT-20,1011|1012,BT-20@2016-05-19,2016-05-19 23:00:00,2016-05-23 23:00:00,1,15754,3400,15752,1250,265
Breast,BT-20,1017|1375,BT-20@2016-07-03,2016-07-03 23:00:00,2016-07-07 23:00:00,1,17278,3400,17274,1250,273
Breast,BT-20,1017|1375,BT-20@2016-07-10,2016-07-10 23:00:00,2016-07-14 23:00:00,1,17517,3400,17513,1250,273
Breast,BT-20,1021|1022,BT-20@2016-05-19,2016-05-19 23:00:00,2016-05-23 23:00:00,1,15755,3400,15752,1250,266
Breast,BT-20,1025|1030,BT-20@2017-03-29,2017-03-29 23:00:00,2017-04-02 23:00:00,1,27482,6609,27480,1250,342
Breast,BT-20,1032|1038,BT-20@2017-04-24,2017-04-24 23:00:00,2017-04-28 23:00:00,1,28308,6609,28307,1250,349
Breast,BT-20,1042|1046,BT-20@2017-04-24,2017-04-24 23:00:00,2017-04-28 23:00:00,1,28309,6609,28307,1250,350
Breast,BT-20,1047|1049,BT-20@2016-05-19,2016-05-19 23:00:00,2016-05-23 23:00:00,1,15756,3400,15752,1250,267
Breast,BT-20,1050|1051,BT-20@2017-04-24,2017-04-24 23:00:00,2017-04-28 23:00:00,1,28310,6609,28307,1250,351
Breast,BT-20,1052|1059,BT-20@2017-03-29,2017-03-29 23:00:00,2017-04-02 23:00:00,1,27483,6609,27480,1250,343
Breast,BT-20,1053|1054,BT-20@2016-05-19,2016-05-19 23:00:00,2016-05-23 23:00:00,1,15757,3400,15752,1250,268
Breast,BT-20,1058|1073,BT-20@2016-05-19,2016-05-19 23:00:00,2016-05-23 23:00:00,1,15758,3400,15752,1250,269
Breast,BT-20,1080|2169,BT-20@2017-03-29,2017-03-29 23:00:00,2017-04-02 23:00:00,1,27484,6609,27480,1250,344
Breast,BT-20,1083|1179,BT-20@2016-07-03,2016-07-03 23:00:00,2016-07-07 23:00:00,1,17275,3400,17274,1250,270
Breast,BT-20,1083|1179,BT-20@2016-07-10,2016-07-10 23:00:00,2016-07-14 23:00:00,1,17514,3400,17513,1250,270
Breast,BT-20,1085,BT-20@2017-03-29,2017-03-29 23:00:00,2017-04-02 23:00:00,1,27485,6609,27480,1250,345
Breast,BT-20,1096|1129,BT-20@2017-03-29,2017-03-29 23:00:00,2017-04-02 23:00:00,1,27486,6609,27480,1250,346
Breast,BT-20,1190|1191,BT-20@2016-07-03,2016-07-03 23:00:00,2016-07-07 23:00:00,1,17276,3400,17274,1250,271
Breast,BT-20,1190|1191,BT-20@2016-07-10,2016-07-10 23:00:00,2016-07-14 23:00:00,1,17515,3400,17513,1250,271
Breast,BT-20,1192,BT-20@2017-03-29,2017-03-29 23:00:00,2017-04-02 23:00:00,1,27487,6609,27480,1250,347
Breast,BT-20,1372,BT-20@2016-07-03,2016-07-03 23:00:00,2016-07-07 23:00:00,1,17277,3400,17274,1250,272
Breast,BT-20,1372,BT-20@2016-07-10,2016-07-10 23:00:00,2016-07-14 23:00:00,1,17516,3400,17513,1250,272
Breast,BT-20,1373|2172,BT-20@2017-04-24,2017-04-24 23:00:00,2017-04-28 23:00:00,1,28311,6609,28307,1250,352
Breast,BT-20,1510|1549,BT-20@2016-07-03,2016-07-03 23:00:00,2016-07-07 23:00:00,1,17279,3400,17274,1250,274
Breast,BT-20,1510|1549,BT-20@2016-07-10,2016-07-10 23:00:00,2016-07-14 23:00:00,1,17518,3400,17513,1250,274
Breast,BT-20,1553|1560,BT-20@2017-04-24,2017-04-24 23:00:00,2017-04-28 23:00:00,1,28312,6609,28307,1250,353
Breast,BT-20,1558|1559,BT-20@2016-07-03,2016-07-03 23:00:00,2016-07-07 23:00:00,1,17280,3400,17274,1250,275
Breast,BT-20,1558|1559,BT-20@2016-07-10,2016-07-10 23:00:00,2016-07-14 23:00:00,1,17519,3400,17513,1250,275
Breast,BT-20,1561|1594,BT-20@2016-07-03,2016-07-03 23:00:00,2016-07-07 23:00:00,1,17281,3400,17274,1250,276
Breast,BT-20,1561|1594,BT-20@2016-07-10,2016-07-10 23:00:00,2016-07-14 23:00:00,1,17520,3400,17513,1250,276
Breast,BT-20,1564|1593,BT-20@2017-05-04,2017-05-04 23:00:00,2017-05-08 23:00:00,1,28701,6609,28700,1250,354
Breast,BT-20,1632|1909,BT-20@2017-04-24,2017-04-24 23:00:00,2017-04-28 23:00:00,1,28314,6609,28307,1250,355
Breast,BT-474,1003|1013,BT-474@2017-03-02,2017-03-02 00:00:00,2017-03-06 00:00:00,2,26410|26411,6571,26408,1250,341
Breast,BT-474,1003|1013,BT-474@2017-04-17,2017-04-17 23:00:00,2017-04-21 23:00:00,3,28067|28068|28069,6571,28066,1250,341
Breast,BT-474,1003|1013,BT-474@2017-06-25,2017-06-25 23:00:00,2017-06-29 23:00:00,3,30550|30585|30586,6571,30549,1250,341
Breast,BT-474,1005|1007,BT-474@2016-03-30,2016-03-30 23:00:00,2016-04-03 23:00:00,1,14512,3411,14511,1250,264
Breast,BT-474,1005|1007,BT-474@2016-05-23,2016-05-23 23:00:00,2016-05-27 23:00:00,3,15884|15885|15886,3411,15883,1250,264
Breast,BT-474,1005|1007,BT-474@2016-07-03,2016-07-03 23:00:00,2016-07-07 23:00:00,3,17232|17233|17234,3411,17231,1250,264
Breast,BT-474,1005|1007,BT-474@2016-07-25,2016-07-25 23:00:00,2016-07-29 23:00:00,3,18046|18047|18048,3411,18045,1250,264
Breast,BT-474,1011|1012,BT-474@2016-03-30,2016-03-30 23:00:00,2016-04-03 23:00:00,1,14513,3411,14511,1250,265
Breast,BT-474,1011|1012,BT-474@2016-05-23,2016-05-23 23:00:00,2016-05-27 23:00:00,1,15887,3411,15883,1250,265
Breast,BT-474,1011|1012,BT-474@2016-07-03,2016-07-03 23:00:00,2016-07-07 23:00:00,1,17235,3411,17231,1250,265
Breast,BT-474,1011|1012,BT-474@2016-07-25,2016-07-25 23:00:00,2016-07-29 23:00:00,1,18049,3411,18045,1250,265
Breast,BT-474,1017|1375,BT-474@2016-04-13,2016-04-13 23:00:00,2016-04-17 23:00:00,1,14716,3411,14712,1250,273
Breast,BT-474,1017|1375,BT-474@2016-05-30,2016-05-30 23:00:00,2016-06-03 23:00:00,1,16023,3411,16017,1250,273
Breast,BT-474,1017|1375,BT-474@2016-07-06,2016-07-06 23:00:00,2016-07-10 23:00:00,1,17395,3411,17389,1250,273
Breast,BT-474,1017|1375,BT-474@2016-07-31,2016-07-31 23:00:00,2016-08-04 23:00:00,1,18142,3411,18136,1250,273
Breast,BT-474,1021|1022,BT-474@2016-03-30,2016-03-30 23:00:00,2016-04-03 23:00:00,1,14514,3411,14511,1250,266
Breast,BT-474,1021|1022,BT-474@2016-05-23,2016-05-23 23:00:00,2016-05-27 23:00:00,1,15888,3411,15883,1250,266
Breast,BT-474,1021|1022,BT-474@2016-07-03,2016-07-03 23:00:00,2016-07-07 23:00:00,1,17236,3411,17231,1250,266
Breast,BT-474,1021|1022,BT-474@2016-07-25,2016-07-25 23:00:00,2016-07-29 23:00:00,1,18050,3411,18045,1250,266
Breast,BT-474,1025|1030,BT-474@2017-03-02,2017-03-02 00:00:00,2017-03-06 00:00:00,1,26412,6571,26408,1250,342
Breast,BT-474,1025|1030,BT-474@2017-04-17,2017-04-17 23:00:00,2017-04-21 23:00:00,1,28070,6571,28066,1250,342
Breast,BT-474,1025|1030,BT-474@2017-06-25,2017-06-25 23:00:00,2017-06-29 23:00:00,1,30551,6571,30549,1250,342
Breast,BT-474,1032|1038,BT-474@2017-02-23,2017-02-23 00:00:00,2017-02-27 00:00:00,1,26065,6571,26062,1250,349
Breast,BT-474,1032|1038,BT-474@2017-05-04,2017-05-04 23:00:00,2017-05-08 23:00:00,2,28661|28662,6571,28660,1250,349
Breast,BT-474,1032|1038,BT-474@2017-06-26,2017-06-26 23:00:00,2017-06-30 23:00:00,3,30611|30618|30619,6571,30610,1250,349
Breast,BT-474,1042|1046,BT-474@2017-02-23,2017-02-23 00:00:00,2017-02-27 00:00:00,1,26066,6571,26062,1250,350
Breast,BT-474,1042|1046,BT-474@2017-05-04,2017-05-04 23:00:00,2017-05-08 23:00:00,1,28664,6571,28660,1250,350
Breast,BT-474,1042|1046,BT-474@2017-06-26,2017-06-26 23:00:00,2017-06-30 23:00:00,1,30612,6571,30610,1250,350
Breast,BT-474,1047|1049,BT-474@2016-04-06,2016-04-06 23:00:00,2016-04-10 23:00:00,1,14628,3411,14627,1250,267
Breast,BT-474,1047|1049,BT-474@2016-05-23,2016-05-23 23:00:00,2016-05-27 23:00:00,1,15889,3411,15883,1250,267
Breast,BT-474,1047|1049,BT-474@2016-07-03,2016-07-03 23:00:00,2016-07-07 23:00:00,1,17237,3411,17231,1250,267
Breast,BT-474,1047|1049,BT-474@2016-07-25,2016-07-25 23:00:00,2016-07-29 23:00:00,1,18051,3411,18045,1250,267
Breast,BT-474,1050|1051,BT-474@2017-02-23,2017-02-23 00:00:00,2017-02-27 00:00:00,1,26067,6571,26062,1250,351
Breast,BT-474,1050|1051,BT-474@2017-05-04,2017-05-04 23:00:00,2017-05-08 23:00:00,1,28665,6571,28660,1250,351
Breast,BT-474,1050|1051,BT-474@2017-06-26,2017-06-26 23:00:00,2017-06-30 23:00:00,1,30613,6571,30610,1250,351
Breast,BT-474,1052|1059,BT-474@2017-03-02,2017-03-02 00:00:00,2017-03-06 00:00:00,1,26413,6571,26408,1250,343
Breast,BT-474,1052|1059,BT-474@2017-04-17,2017-04-17 23:00:00,2017-04-21 23:00:00,1,28071,6571,28066,1250,343
Breast,BT-474,1052|1059,BT-474@2017-06-25,2017-06-25 23:00:00,2017-06-29 23:00:00,1,30552,6571,30549,1250,343
Breast,BT-474,1053|1054,BT-474@2016-03-30,2016-03-30 23:00:00,2016-04-03 23:00:00,1,14515,3411,14511,1250,268
Breast,BT-474,1053|1054,BT-474@2016-05-23,2016-05-23 23:00:00,2016-05-27 23:00:00,1,15890,3411,15883,1250,268
Breast,BT-474,1053|1054,BT-474@2016-07-03,2016-07-03 23:00:00,2016-07-07 23:00:00,1,17238,3411,17231,1250,268
Breast,BT-474,1053|1054,BT-474@2016-07-25,2016-07-25 23:00:00,2016-07-29 23:00:00,1,18052,3411,18045,1250,268
Breast,BT-474,1058|1073,BT-474@2016-03-30,2016-03-30 23:00:00,2016-04-03 23:00:00,1,14516,3411,14511,1250,269
Breast,BT-474,1058|1073,BT-474@2016-05-23,2016-05-23 23:00:00,2016-05-27 23:00:00,1,15891,3411,15883,1250,269
Breast,BT-474,1058|1073,BT-474@2016-07-03,2016-07-03 23:00:00,2016-07-07 23:00:00,1,17239,3411,17231,1250,269
Breast,BT-474,1058|1073,BT-474@2016-07-25,2016-07-25 23:00:00,2016-07-29 23:00:00,1,18053,3411,18045,1250,269
Breast,BT-474,1080|2169,BT-474@2017-04-17,2017-04-17 23:00:00,2017-04-21 23:00:00,1,28072,6571,28066,1250,344
Breast,BT-474,1080|2169,BT-474@2017-06-25,2017-06-25 23:00:00,2017-06-29 23:00:00,1,30553,6571,30549,1250,344
Breast,BT-474,1083|1179,BT-474@2016-04-13,2016-04-13 23:00:00,2016-04-17 23:00:00,1,14713,3411,14712,1250,270
Breast,BT-474,1083|1179,BT-474@2016-05-30,2016-05-30 23:00:00,2016-06-03 23:00:00,3,16018|16019|16020,3411,16017,1250,270
Breast,BT-474,1083|1179,BT-474@2016-07-06,2016-07-06 23:00:00,2016-07-10 23:00:00,2,17390|17392,3411,17389,1250,270
Breast,BT-474,1083|1179,BT-474@2016-07-31,2016-07-31 23:00:00,2016-08-04 23:00:00,3,18137|18138|18139,3411,18136,1250,270
Breast,BT-474,1085|1086,BT-474@2017-03-02,2017-03-02 00:00:00,2017-03-06 00:00:00,1,26415,6571,26408,1250,345
Breast,BT-474,1085|1086,BT-474@2017-04-17,2017-04-17 23:00:00,2017-04-21 23:00:00,1,28073,6571,28066,1250,345
Breast,BT-474,1085|1086,BT-474@2017-06-25,2017-06-25 23:00:00,2017-06-29 23:00:00,1,30554,6571,30549,1250,345
Breast,BT-474,1096|1129,BT-474@2017-03-02,2017-03-02 00:00:00,2017-03-06 00:00:00,1,26416,6571,26408,1250,346
Breast,BT-474,1096|1129,BT-474@2017-04-17,2017-04-17 23:00:00,2017-04-21 23:00:00,1,28074,6571,28066,1250,346
Breast,BT-474,1096|1129,BT-474@2017-06-25,2017-06-25 23:00:00,2017-06-29 23:00:00,1,30555,6571,30549,1250,346
Breast,BT-474,1190|1191,BT-474@2016-04-13,2016-04-13 23:00:00,2016-04-17 23:00:00,1,14714,3411,14712,1250,271
Breast,BT-474,1190|1191,BT-474@2016-05-30,2016-05-30 23:00:00,2016-06-03 23:00:00,1,16021,3411,16017,1250,271
Breast,BT-474,1190|1191,BT-474@2016-07-06,2016-07-06 23:00:00,2016-07-10 23:00:00,1,17393,3411,17389,1250,271
Breast,BT-474,1190|1191,BT-474@2016-07-31,2016-07-31 23:00:00,2016-08-04 23:00:00,1,18140,3411,18136,1250,271
Breast,BT-474,1192,BT-474@2017-04-17,2017-04-17 23:00:00,2017-04-21 23:00:00,1,28075,6571,28066,1250,347
Breast,BT-474,1192,BT-474@2017-06-25,2017-06-25 23:00:00,2017-06-29 23:00:00,1,30556,6571,30549,1250,347
Breast,BT-474,1372,BT-474@2016-04-13,2016-04-13 23:00:00,2016-04-17 23:00:00,1,14715,3411,14712,1250,272
Breast,BT-474,1372,BT-474@2016-05-30,2016-05-30 23:00:00,2016-06-03 23:00:00,1,16022,3411,16017,1250,272
Breast,BT-474,1372,BT-474@2016-07-06,2016-07-06 23:00:00,2016-07-10 23:00:00,1,17394,3411,17389,1250,272
Breast,BT-474,1372,BT-474@2016-07-31,2016-07-31 23:00:00,2016-08-04 23:00:00,1,18141,3411,18136,1250,272
Breast,BT-474,1373|2172,BT-474@2017-02-23,2017-02-23 00:00:00,2017-02-27 00:00:00,1,26068,6571,26062,1250,352
Breast,BT-474,1373|2172,BT-474@2017-06-26,2017-06-26 23:00:00,2017-06-30 23:00:00,1,30614,6571,30610,1250,352
Breast,BT-474,1510|1549,BT-474@2016-04-13,2016-04-13 23:00:00,2016-04-17 23:00:00,1,14717,3411,14712,1250,274
Breast,BT-474,1510|1549,BT-474@2016-05-30,2016-05-30 23:00:00,2016-06-03 23:00:00,1,16024,3411,16017,1250,274
Breast,BT-474,1510|1549,BT-474@2016-07-06,2016-07-06 23:00:00,2016-07-10 23:00:00,1,17396,3411,17389,1250,274
Breast,BT-474,1510|1549,BT-474@2016-07-31,2016-07-31 23:00:00,2016-08-04 23:00:00,1,18143,3411,18136,1250,274
Breast,BT-474,1553|1560,BT-474@2017-02-23,2017-02-23 00:00:00,2017-02-27 00:00:00,1,26069,6571,26062,1250,353
Breast,BT-474,1553|1560,BT-474@2017-06-26,2017-06-26 23:00:00,2017-06-30 23:00:00,1,30615,6571,30610,1250,353
Breast,BT-474,1558|1559,BT-474@2016-04-13,2016-04-13 23:00:00,2016-04-17 23:00:00,1,14718,3411,14712,1250,275
Breast,BT-474,1558|1559,BT-474@2016-05-30,2016-05-30 23:00:00,2016-06-03 23:00:00,1,16025,3411,16017,1250,275
Breast,BT-474,1558|1559,BT-474@2016-07-06,2016-07-06 23:00:00,2016-07-10 23:00:00,1,17397,3411,17389,1250,275
Breast,BT-474,1558|1559,BT-474@2016-07-31,2016-07-31 23:00:00,2016-08-04 23:00:00,1,18144,3411,18136,1250,275
Breast,BT-474,1561|1594,BT-474@2016-04-13,2016-04-13 23:00:00,2016-04-17 23:00:00,1,14719,3411,14712,1250,276
Breast,BT-474,1561|1594,BT-474@2016-05-30,2016-05-30 23:00:00,2016-06-03 23:00:00,1,16026,3411,16017,1250,276
Breast,BT-474,1561|1594,BT-474@2016-07-06,2016-07-06 23:00:00,2016-07-10 23:00:00,1,17398,3411,17389,1250,276
Breast,BT-474,1561|1594,BT-474@2016-07-31,2016-07-31 23:00:00,2016-08-04 23:00:00,1,18145,3411,18136,1250,276
Breast,BT-474,1564|1593,BT-474@2017-02-23,2017-02-23 00:00:00,2017-02-27 00:00:00,1,26070,6571,26062,1250,354
Breast,BT-474,1564|1593,BT-474@2017-06-26,2017-06-26 23:00:00,2017-06-30 23:00:00,1,30616,6571,30610,1250,354
Breast,BT-474,1632|1909,BT-474@2017-02-23,2017-02-23 00:00:00,2017-02-27 00:00:00,1,26071,6571,26062,1250,355
Breast,BT-474,1632|1909,BT-474@2017-06-26,2017-06-26 23:00:00,2017-06-30 23:00:00,1,30617,6571,30610,1250,355
Breast,BT-483,1003|1013,BT-483@2017-04-17,2017-04-17 23:00:00,2017-04-21 23:00:00,1,28113,6451,28112,1250,341
Breast,BT-483,1005|1007,BT-483@2016-05-04,2016-05-04 23:00:00,2016-05-08 23:00:00,1,14975,6451,14974,1250,264
Breast,BT-483,1011|1012,BT-483@2016-05-04,2016-05-04 23:00:00,2016-05-08 23:00:00,1,14976,6451,14974,1250,265
Breast,BT-483,1017|1375,BT-483@2016-07-13,2016-07-13 23:00:00,2016-07-17 23:00:00,1,17707,6451,17703,1250,273
Breast,BT-483,1021|1022,BT-483@2016-05-04,2016-05-04 23:00:00,2016-05-08 23:00:00,1,14977,6451,14974,1250,266
Breast,BT-483,1025|1030,BT-483@2017-04-17,2017-04-17 23:00:00,2017-04-21 23:00:00,1,28114,6451,28112,1250,342
Breast,BT-483,1032|1038,BT-483@2017-03-09,2017-03-09 00:00:00,2017-03-13 00:00:00,1,26723,6451,26722,1250,349
Breast,BT-483,1046,BT-483@2017-03-09,2017-03-09 00:00:00,2017-03-13 00:00:00,1,26724,6451,26722,1250,350
Breast,BT-483,1047|1049,BT-483@2016-05-04,2016-05-04 23:00:00,2016-05-08 23:00:00,1,14978,6451,14974,1250,267
Breast,BT-483,1050|1051,BT-483@2017-03-09,2017-03-09 00:00:00,2017-03-13 00:00:00,1,26725,6451,26722,1250,351
Breast,BT-483,1052|1059,BT-483@2017-04-17,2017-04-17 23:00:00,2017-04-21 23:00:00,1,28115,6451,28112,1250,343
Breast,BT-483,1053|1054,BT-483@2016-05-04,2016-05-04 23:00:00,2016-05-08 23:00:00,1,14979,6451,14974,1250,268
Breast,BT-483,1058|1073,BT-483@2016-05-04,2016-05-04 23:00:00,2016-05-08 23:00:00,1,14980,6451,14974,1250,269
Breast,BT-483,1080|2169,BT-483@2017-04-17,2017-04-17 23:00:00,2017-04-21 23:00:00,1,28116,6451,28112,1250,344
Breast,BT-483,1083|1179,BT-483@2016-07-13,2016-07-13 23:00:00,2016-07-17 23:00:00,1,17704,6451,17703,1250,270
Breast,BT-483,1085|1086,BT-483@2017-04-17,2017-04-17 23:00:00,2017-04-21 23:00:00,1,28117,6451,28112,1250,345
Breast,BT-483,1096|1129,BT-483@2017-04-17,2017-04-17 23:00:00,2017-04-21 23:00:00,1,28118,6451,28112,1250,346
Breast,BT-483,1190|1191,BT-483@2016-07-13,2016-07-13 23:00:00,2016-07-17 23:00:00,1,17705,6451,17703,1250,271
Breast,BT-483,1192,BT-483@2017-04-17,2017-04-17 23:00:00,2017-04-21 23:00:00,1,28119,6451,28112,1250,347
Breast,BT-483,1372,BT-483@2016-07-13,2016-07-13 23:00:00,2016-07-17 23:00:00,1,17706,6451,17703,1250,272
Breast,BT-483,1373|2172,BT-483@2017-03-09,2017-03-09 00:00:00,2017-03-13 00:00:00,1,26726,6451,26722,1250,352
Breast,BT-483,1510|1549,BT-483@2016-07-13,2016-07-13 23:00:00,2016-07-17 23:00:00,1,17708,6451,17703,1250,274
Breast,BT-483,1553|1560,BT-483@2017-03-09,2017-03-09 00:00:00,2017-03-13 00:00:00,1,26727,6451,26722,1250,353
Breast,BT-483,1558|1559,BT-483@2016-07-13,2016-07-13 23:00:00,2016-07-17 23:00:00,1,17709,6451,17703,1250,275
Breast,BT-483,1561|1594,BT-483@2016-07-13,2016-07-13 23:00:00,2016-07-17 23:00:00,1,17710,6451,17703,1250,276
Breast,BT-483,1564|1593,BT-483@2017-03-09,2017-03-09 00:00:00,2017-03-13 00:00:00,1,26728,6451,26722,1250,354
Breast,BT-483,1632|1909,BT-483@2017-03-09,2017-03-09 00:00:00,2017-03-13 00:00:00,1,26729,6451,26722,1250,355
Breast,BT-549,1003|1013,BT-549@2017-02-17,2017-02-17 00:00:00,2017-02-21 00:00:00,1,25815,7229,25814,625,341
Breast,BT-549,1005|1007,BT-549@2016-09-19,2016-09-19 23:00:00,2016-09-23 23:00:00,1,20125,7229,20124,625,264
Breast,BT-549,1011|1012,BT-549@2016-09-19,2016-09-19 23:00:00,2016-09-23 23:00:00,1,20126,7229,20124,625,265
Breast,BT-549,1017|1375,BT-549@2016-09-19,2016-09-19 23:00:00,2016-09-23 23:00:00,1,20134,7229,20124,625,273
Breast,BT-549,1021|1022,BT-549@2016-09-28,2016-09-28 23:00:00,2016-10-02 23:00:00,1,20572,7229,20571,625,266
Breast,BT-549,1025|1030,BT-549@2017-02-17,2017-02-17 00:00:00,2017-02-21 00:00:00,1,25816,7229,25814,625,342
Breast,BT-549,1032|1038,BT-549@2017-02-09,2017-02-09 00:00:00,2017-02-13 00:00:00,1,25432,7229,25431,625,349
Breast,BT-549,1042|1046,BT-549@2017-02-09,2017-02-09 00:00:00,2017-02-13 00:00:00,1,25433,7229,25431,625,350
Breast,BT-549,1047|1049,BT-549@2016-09-28,2016-09-28 23:00:00,2016-10-02 23:00:00,1,20573,7229,20571,625,267
Breast,BT-549,1050|1051,BT-549@2017-02-09,2017-02-09 00:00:00,2017-02-13 00:00:00,1,25434,7229,25431,625,351
Breast,BT-549,1052|1059,BT-549@2017-02-17,2017-02-17 00:00:00,2017-02-21 00:00:00,1,25817,7229,25814,625,343
Breast,BT-549,1053|1054,BT-549@2016-09-28,2016-09-28 23:00:00,2016-10-02 23:00:00,1,20574,7229,20571,625,268
Breast,BT-549,1058|1073,BT-549@2016-09-28,2016-09-28 23:00:00,2016-10-02 23:00:00,1,20575,7229,20571,625,269
Breast,BT-549,1080|2169,BT-549@2017-02-17,2017-02-17 00:00:00,2017-02-21 00:00:00,1,25818,7229,25814,625,344
Breast,BT-549,1083|1179,BT-549@2016-09-28,2016-09-28 23:00:00,2016-10-02 23:00:00,1,20576,7229,20571,625,270
Breast,BT-549,1085|1086,BT-549@2017-02-17,2017-02-17 00:00:00,2017-02-21 00:00:00,1,25819,7229,25814,625,345
Breast,BT-549,1096|1129,BT-549@2017-02-17,2017-02-17 00:00:00,2017-02-21 00:00:00,1,25820,7229,25814,625,346
Breast,BT-549,1190|1191,BT-549@2016-09-19,2016-09-19 23:00:00,2016-09-23 23:00:00,1,20132,7229,20124,625,271
Breast,BT-549,1192,BT-549@2017-02-17,2017-02-17 00:00:00,2017-02-21 00:00:00,1,25821,7229,25814,625,347
Breast,BT-549,1372,BT-549@2016-09-28,2016-09-28 23:00:00,2016-10-02 23:00:00,1,20577,7229,20571,625,272
Breast,BT-549,1373|2172,BT-549@2017-02-09,2017-02-09 00:00:00,2017-02-13 00:00:00,1,25435,7229,25431,625,352
Breast,BT-549,1510|1549,BT-549@2016-09-28,2016-09-28 23:00:00,2016-10-02 23:00:00,1,20578,7229,20571,625,274
Breast,BT-549,1553|1560,BT-549@2017-02-09,2017-02-09 00:00:00,2017-02-13 00:00:00,1,25436,7229,25431,625,353
Breast,BT-549,1558|1559,BT-549@2016-09-28,2016-09-28 23:00:00,2016-10-02 23:00:00,1,20579,7229,20571,625,275
Breast,BT-549,1561|1594,BT-549@2016-09-28,2016-09-28 23:00:00,2016-10-02 23:00:00,1,20580,7229,20571,625,276
Breast,BT-549,1564|1593,BT-549@2017-02-09,2017-02-09 00:00:00,2017-02-13 00:00:00,1,25437,7229,25431,625,354
Breast,BT-549,1632|1909,BT-549@2017-02-09,2017-02-09 00:00:00,2017-02-13 00:00:00,1,25438,7229,25431,625,355
Breast,CAL-120,1003|1013,CAL-120@2016-12-02,2016-12-02 00:00:00,2016-12-06 00:00:00,1,23612,7631,23611,150,341
Breast,CAL-120,1005|1007,CAL-120@2016-04-06,2016-04-06 23:00:00,2016-04-10 23:00:00,1,14576,2147,14575,150,264
Breast,CAL-120,1011|1012,CAL-120@2016-04-06,2016-04-06 23:00:00,2016-04-10 23:00:00,1,14577,2147,14575,150,265
Breast,CAL-120,1017|1375,CAL-120@2016-05-02,2016-05-02 23:00:00,2016-05-06 23:00:00,1,14923,2147,14919,150,273
Breast,CAL-120,1021|1022,CAL-120@2016-04-06,2016-04-06 23:00:00,2016-04-10 23:00:00,1,14578,2147,14575,150,266
Breast,CAL-120,1025|1030,CAL-120@2016-12-02,2016-12-02 00:00:00,2016-12-06 00:00:00,1,23613,7631,23611,150,342
Breast,CAL-120,1032|1038,CAL-120@2016-12-08,2016-12-08 00:00:00,2016-12-12 00:00:00,1,23837,7631,23836,150,349
Breast,CAL-120,1042|1046,CAL-120@2016-12-08,2016-12-08 00:00:00,2016-12-12 00:00:00,1,23838,7631,23836,150,350
Breast,CAL-120,1047|1049,CAL-120@2016-04-06,2016-04-06 23:00:00,2016-04-10 23:00:00,1,14579,2147,14575,150,267
Breast,CAL-120,1050|1051,CAL-120@2016-12-08,2016-12-08 00:00:00,2016-12-12 00:00:00,1,23839,7631,23836,150,351
Breast,CAL-120,1052|1059,CAL-120@2016-12-02,2016-12-02 00:00:00,2016-12-06 00:00:00,1,23614,7631,23611,150,343
Breast,CAL-120,1053|1054,CAL-120@2016-04-06,2016-04-06 23:00:00,2016-04-10 23:00:00,1,14580,2147,14575,150,268
Breast,CAL-120,1058|1073,CAL-120@2016-04-06,2016-04-06 23:00:00,2016-04-10 23:00:00,1,14581,2147,14575,150,269
Breast,CAL-120,1080|2169,CAL-120@2016-12-02,2016-12-02 00:00:00,2016-12-06 00:00:00,1,23615,7631,23611,150,344
Breast,CAL-120,1083|1179,CAL-120@2016-05-02,2016-05-02 23:00:00,2016-05-06 23:00:00,1,14920,2147,14919,150,270
Breast,CAL-120,1085|1086,CAL-120@2016-12-02,2016-12-02 00:00:00,2016-12-06 00:00:00,1,23616,7631,23611,150,345
Breast,CAL-120,1096|1129,CAL-120@2016-12-02,2016-12-02 00:00:00,2016-12-06 00:00:00,1,23617,7631,23611,150,346
Breast,CAL-120,1190|1191,CAL-120@2016-05-02,2016-05-02 23:00:00,2016-05-06 23:00:00,1,14921,2147,14919,150,271
Breast,CAL-120,1192,CAL-120@2016-12-02,2016-12-02 00:00:00,2016-12-06 00:00:00,1,23618,7631,23611,150,347
Breast,CAL-120,1372,CAL-120@2016-05-02,2016-05-02 23:00:00,2016-05-06 23:00:00,1,14922,2147,14919,150,272
Breast,CAL-120,1373|2172,CAL-120@2016-12-08,2016-12-08 00:00:00,2016-12-12 00:00:00,1,23840,7631,23836,150,352
Breast,CAL-120,1510|1549,CAL-120@2016-05-02,2016-05-02 23:00:00,2016-05-06 23:00:00,1,14924,2147,14919,150,274
Breast,CAL-120,1553|1560,CAL-120@2016-12-15,2016-12-15 00:00:00,2016-12-19 00:00:00,1,24186,7631,24185,150,353
Breast,CAL-120,1558|1559,CAL-120@2016-05-02,2016-05-02 23:00:00,2016-05-06 23:00:00,1,14925,2147,14919,150,275
Breast,CAL-120,1561|1594,CAL-120@2016-05-02,2016-05-02 23:00:00,2016-05-06 23:00:00,1,14926,2147,14919,150,276
Breast,CAL-120,1564|1593,CAL-120@2017-04-03,2017-04-03 23:00:00,2017-04-07 23:00:00,2,27637|27638,7631,,150,354
Breast,CAL-120,1632|1909,CAL-120@2016-12-08,2016-12-08 00:00:00,2016-12-12 00:00:00,1,23843,7631,23836,150,355
Breast,CAL-148,1003|1013,CAL-148@2017-01-30,2017-01-30 00:00:00,2017-02-03 00:00:00,1,25003,6832,25002,600,341
Breast,CAL-148,1005|1007,CAL-148@2016-05-19,2016-05-19 23:00:00,2016-05-23 23:00:00,1,15760,2169,15759,600,264
Breast,CAL-148,1011|1012,CAL-148@2016-05-19,2016-05-19 23:00:00,2016-05-23 23:00:00,1,15761,2169,15759,600,265
Breast,CAL-148,1017|1375,CAL-148@2016-05-05,2016-05-05 23:00:00,2016-05-09 23:00:00,1,15078,2169,15074,600,273
Breast,CAL-148,1021|1022,CAL-148@2016-05-19,2016-05-19 23:00:00,2016-05-23 23:00:00,1,15762,2169,15759,600,266
Breast,CAL-148,1025|1030,CAL-148@2017-05-17,2017-05-17 23:00:00,2017-05-21 23:00:00,1,29158,6832,29157,600,342
Breast,CAL-148,1032|1038,CAL-148@2017-06-14,2017-06-14 23:00:00,2017-06-18 23:00:00,1,30178,6832,30171,600,349
Breast,CAL-148,1042|1046,CAL-148@2017-02-09,2017-02-09 00:00:00,2017-02-13 00:00:00,1,25441,6832,25439,600,350
Breast,CAL-148,1047|1049,CAL-148@2016-05-19,2016-05-19 23:00:00,2016-05-23 23:00:00,1,15763,2169,15759,600,267
Breast,CAL-148,1050,CAL-148@2017-02-09,2017-02-09 00:00:00,2017-02-13 00:00:00,1,25442,6832,25439,600,351
Breast,CAL-148,1052|1059,CAL-148@2017-06-14,2017-06-14 23:00:00,2017-06-18 23:00:00,1,30172,6832,30171,600,343
Breast,CAL-148,1053|1054,CAL-148@2016-05-19,2016-05-19 23:00:00,2016-05-23 23:00:00,1,15764,2169,15759,600,268
Breast,CAL-148,1058|1073,CAL-148@2016-05-19,2016-05-19 23:00:00,2016-05-23 23:00:00,1,15765,2169,15759,600,269
Breast,CAL-148,1080|2169,CAL-148@2017-06-28,2017-06-28 23:00:00,2017-07-02 23:00:00,1,30665,6832,30664,600,344
Breast,CAL-148,1083|1179,CAL-148@2016-06-22,2016-06-22 23:00:00,2016-06-26 23:00:00,1,16897,2169,16896,600,270
Breast,CAL-148,1096|1129,CAL-148@2017-05-17,2017-05-17 23:00:00,2017-05-21 23:00:00,1,29162,6832,29157,600,346
Breast,CAL-148,1191,CAL-148@2016-05-05,2016-05-05 23:00:00,2016-05-09 23:00:00,1,15076,2169,15074,600,271
Breast,CAL-148,1192,CAL-148@2017-01-30,2017-01-30 00:00:00,2017-02-03 00:00:00,1,25009,6832,25002,600,347
Breast,CAL-148,1372,CAL-148@2016-05-05,2016-05-05 23:00:00,2016-05-09 23:00:00,1,15077,2169,15074,600,272
Breast,CAL-148,1373|2172,CAL-148@2017-06-14,2017-06-14 23:00:00,2017-06-18 23:00:00,1,30181,6832,30171,600,352
Breast,CAL-148,1510|1549,CAL-148@2016-05-05,2016-05-05 23:00:00,2016-05-09 23:00:00,1,15079,2169,15074,600,274
Breast,CAL-148,1553|1560,CAL-148@2017-06-28,2017-06-28 23:00:00,2017-07-02 23:00:00,1,30667,6832,30664,600,353
Breast,CAL-148,1558|1559,CAL-148@2016-05-05,2016-05-05 23:00:00,2016-05-09 23:00:00,1,15080,2169,15074,600,275
Breast,CAL-148,1561|1594,CAL-148@2016-06-08,2016-06-08 23:00:00,2016-06-12 23:00:00,1,16401,2169,16399,600,276
Breast,CAL-148,1564|1593,CAL-148@2017-06-28,2017-06-28 23:00:00,2017-07-02 23:00:00,1,30668,6832,30664,600,354
Breast,CAL-148,1632|1909,CAL-148@2017-06-28,2017-06-28 23:00:00,2017-07-02 23:00:00,1,30669,6832,30664,600,355
Breast,CAL-51,1003|1013,CAL-51@2017-05-17,2017-05-17 23:00:00,2017-05-21 23:00:00,1,29164,7209,29163,300,341
Breast,CAL-51,1005|1007,CAL-51@2016-03-30,2016-03-30 23:00:00,2016-04-03 23:00:00,1,14500,2213,14499,300,264
Breast,CAL-51,1011|1012,CAL-51@2016-03-30,2016-03-30 23:00:00,2016-04-03 23:00:00,1,14501,2213,14499,300,265
Breast,CAL-51,1017|1375,CAL-51@2016-04-13,2016-04-13 23:00:00,2016-04-17 23:00:00,1,14732,2213,14728,300,273
Breast,CAL-51,1021|1022,CAL-51@2016-05-19,2016-05-19 23:00:00,2016-05-23 23:00:00,1,15767,2213,15766,300,266
Breast,CAL-51,1025|1030,CAL-51@2017-05-07,2017-05-07 23:00:00,2017-05-11 23:00:00,1,28726,7209,28724,300,342
Breast,CAL-51,1032|1038,CAL-51@2017-05-17,2017-05-17 23:00:00,2017-05-21 23:00:00,1,29166,7209,29163,300,349
Breast,CAL-51,1042|1046,CAL-51@2016-12-08,2016-12-08 00:00:00,2016-12-12 00:00:00,1,23846,7209,23844,300,350
Breast,CAL-51,1047|1049,CAL-51@2016-04-06,2016-04-06 23:00:00,2016-04-10 23:00:00,1,14632,2213,14631,300,267
Breast,CAL-51,1050|1051,CAL-51@2016-12-08,2016-12-08 00:00:00,2016-12-12 00:00:00,1,23847,7209,23844,300,351
Breast,CAL-51,1052|1059,CAL-51@2017-05-17,2017-05-17 23:00:00,2017-05-21 23:00:00,1,29165,7209,29163,300,343
Breast,CAL-51,1053|1054,CAL-51@2016-03-30,2016-03-30 23:00:00,2016-04-03 23:00:00,1,14503,2213,14499,300,268
Breast,CAL-51,1058|1073,CAL-51@2016-03-30,2016-03-30 23:00:00,2016-04-03 23:00:00,1,14504,2213,14499,300,269
Breast,CAL-51,1080|2169,CAL-51@2016-12-01,2016-12-01 00:00:00,2016-12-05 00:00:00,1,23550,7209,23546,300,344
Breast,CAL-51,1083|1179,CAL-51@2016-04-13,2016-04-13 23:00:00,2016-04-17 23:00:00,1,14729,2213,14728,300,270
Breast,CAL-51,1085|1086,CAL-51@2017-05-07,2017-05-07 23:00:00,2017-05-11 23:00:00,1,28728,7209,28724,300,345
Breast,CAL-51,1096|1129,CAL-51@2017-01-30,2017-01-30 00:00:00,2017-02-03 00:00:00,1,25015,7209,25010,300,346
Breast,CAL-51,1191,CAL-51@2016-04-13,2016-04-13 23:00:00,2016-04-17 23:00:00,1,14730,2213,14728,300,271
Breast,CAL-51,1192,CAL-51@2017-01-30,2017-01-30 00:00:00,2017-02-03 00:00:00,1,25016,7209,25010,300,347
Breast,CAL-51,1372,CAL-51@2016-04-13,2016-04-13 23:00:00,2016-04-17 23:00:00,1,14731,2213,14728,300,272
Breast,CAL-51,1373|2172,CAL-51@2016-12-08,2016-12-08 00:00:00,2016-12-12 00:00:00,1,23848,7209,23844,300,352
Breast,CAL-51,1510|1549,CAL-51@2016-04-13,2016-04-13 23:00:00,2016-04-17 23:00:00,1,14733,2213,14728,300,274
Breast,CAL-51,1553|1560,CAL-51@2016-12-08,2016-12-08 00:00:00,2016-12-12 00:00:00,1,23849,7209,23844,300,353
Breast,CAL-51,1558|1559,CAL-51@2016-05-02,2016-05-02 23:00:00,2016-05-06 23:00:00,1,14968,2213,14967,300,275
Breast,CAL-51,1561|1594,CAL-51@2016-04-13,2016-04-13 23:00:00,2016-04-17 23:00:00,1,14735,2213,14728,300,276
Breast,CAL-51,1564|1593,CAL-51@2016-12-08,2016-12-08 00:00:00,2016-12-12 00:00:00,1,23850,7209,23844,300,354
Breast,CAL-51,1632|1909,CAL-51@2016-12-08,2016-12-08 00:00:00,2016-12-12 00:00:00,1,23851,7209,23844,300,355
Breast,CAL-85-1,1003|1013,CAL-85-1@2017-04-17,2017-04-17 23:00:00,2017-04-21 23:00:00,2,28077|28078,2269,28076,400,341
Breast,CAL-85-1,1005|1007,CAL-85-1@2016-03-30,2016-03-30 23:00:00,2016-04-03 23:00:00,1,14524,2269,14523,400,264
Breast,CAL-85-1,1005|1007,CAL-85-1@2016-05-23,2016-05-23 23:00:00,2016-05-27 23:00:00,3,15893|15894|15895,2269,15892,400,264
Breast,CAL-85-1,1005|1007,CAL-85-1@2016-07-03,2016-07-03 23:00:00,2016-07-07 23:00:00,3,17241|17242|17243,2269,17240,400,264
Breast,CAL-85-1,1005|1007,CAL-85-1@2016-07-25,2016-07-25 23:00:00,2016-07-29 23:00:00,3,18055|18056|18057,2269,18054,400,264
Breast,CAL-85-1,1011|1012,CAL-85-1@2016-03-30,2016-03-30 23:00:00,2016-04-03 23:00:00,1,14525,2269,14523,400,265
Breast,CAL-85-1,1011|1012,CAL-85-1@2016-05-23,2016-05-23 23:00:00,2016-05-27 23:00:00,1,15896,2269,15892,400,265
Breast,CAL-85-1,1011|1012,CAL-85-1@2016-07-03,2016-07-03 23:00:00,2016-07-07 23:00:00,1,17244,2269,17240,400,265
Breast,CAL-85-1,1011|1012,CAL-85-1@2016-07-25,2016-07-25 23:00:00,2016-07-29 23:00:00,1,18058,2269,18054,400,265
Breast,CAL-85-1,1017|1375,CAL-85-1@2016-04-14,2016-04-14 23:00:00,2016-04-18 23:00:00,1,14756,2269,14752,400,273
Breast,CAL-85-1,1017|1375,CAL-85-1@2016-05-30,2016-05-30 23:00:00,2016-06-03 23:00:00,1,16033,2269,16027,400,273
Breast,CAL-85-1,1017|1375,CAL-85-1@2016-07-06,2016-07-06 23:00:00,2016-07-10 23:00:00,1,17375,2269,17369,400,273
Breast,CAL-85-1,1017|1375,CAL-85-1@2016-07-31,2016-07-31 23:00:00,2016-08-04 23:00:00,1,18152,2269,18146,400,273
Breast,CAL-85-1,1021|1022,CAL-85-1@2016-03-30,2016-03-30 23:00:00,2016-04-03 23:00:00,1,14526,2269,14523,400,266
Breast,CAL-85-1,1021|1022,CAL-85-1@2016-05-23,2016-05-23 23:00:00,2016-05-27 23:00:00,1,15897,2269,15892,400,266
Breast,CAL-85-1,1021|1022,CAL-85-1@2016-07-03,2016-07-03 23:00:00,2016-07-07 23:00:00,1,17245,2269,17240,400,266
Breast,CAL-85-1,1021|1022,CAL-85-1@2016-07-25,2016-07-25 23:00:00,2016-07-29 23:00:00,1,18059,2269,18054,400,266
Breast,CAL-85-1,1025|1030,CAL-85-1@2017-04-17,2017-04-17 23:00:00,2017-04-21 23:00:00,1,28080,2269,28076,400,342
Breast,CAL-85-1,1032|1038,CAL-85-1@2017-02-23,2017-02-23 00:00:00,2017-02-27 00:00:00,3,26073|26074|26075,7952,26072,400,349
Breast,CAL-85-1,1047|1049,CAL-85-1@2016-04-06,2016-04-06 23:00:00,2016-04-10 23:00:00,1,14626,2269,14625,400,267
Breast,CAL-85-1,1047|1049,CAL-85-1@2016-05-23,2016-05-23 23:00:00,2016-05-27 23:00:00,1,15898,2269,15892,400,267
Breast,CAL-85-1,1047|1049,CAL-85-1@2016-07-03,2016-07-03 23:00:00,2016-07-07 23:00:00,1,17246,2269,17240,400,267
Breast,CAL-85-1,1047|1049,CAL-85-1@2016-07-25,2016-07-25 23:00:00,2016-07-29 23:00:00,1,18060,2269,18054,400,267
Breast,CAL-85-1,1050|1051,CAL-85-1@2017-02-23,2017-02-23 00:00:00,2017-02-27 00:00:00,1,26077,7952,26072,400,351
Breast,CAL-85-1,1052|1059,CAL-85-1@2017-03-02,2017-03-02 00:00:00,2017-03-06 00:00:00,1,26423,7952,26418,400,343
Breast,CAL-85-1,1052|1059,CAL-85-1@2017-04-17,2017-04-17 23:00:00,2017-04-21 23:00:00,1,28081,2269,28076,400,343
Breast,CAL-85-1,1053|1054,CAL-85-1@2016-03-30,2016-03-30 23:00:00,2016-04-03 23:00:00,1,14527,2269,14523,400,268
Breast,CAL-85-1,1053|1054,CAL-85-1@2016-05-23,2016-05-23 23:00:00,2016-05-27 23:00:00,1,15899,2269,15892,400,268
Breast,CAL-85-1,1053|1054,CAL-85-1@2016-07-03,2016-07-03 23:00:00,2016-07-07 23:00:00,1,17247,2269,17240,400,268
Breast,CAL-85-1,1053|1054,CAL-85-1@2016-07-25,2016-07-25 23:00:00,2016-07-29 23:00:00,1,18061,2269,18054,400,268
Breast,CAL-85-1,1058|1073,CAL-85-1@2016-03-30,2016-03-30 23:00:00,2016-04-03 23:00:00,1,14528,2269,14523,400,269
Breast,CAL-85-1,1058|1073,CAL-85-1@2016-05-23,2016-05-23 23:00:00,2016-05-27 23:00:00,1,15900,2269,15892,400,269
Breast,CAL-85-1,1058|1073,CAL-85-1@2016-07-03,2016-07-03 23:00:00,2016-07-07 23:00:00,1,17248,2269,17240,400,269
Breast,CAL-85-1,1058|1073,CAL-85-1@2016-07-25,2016-07-25 23:00:00,2016-07-29 23:00:00,1,18062,2269,18054,400,269
Breast,CAL-85-1,1080|2169,CAL-85-1@2017-04-17,2017-04-17 23:00:00,2017-04-21 23:00:00,1,28082,2269,28076,400,344
Breast,CAL-85-1,1083|1179,CAL-85-1@2016-04-14,2016-04-14 23:00:00,2016-04-18 23:00:00,1,14753,2269,14752,400,270
Breast,CAL-85-1,1083|1179,CAL-85-1@2016-05-30,2016-05-30 23:00:00,2016-06-03 23:00:00,3,16028|16029|16030,2269,16027,400,270
Breast,CAL-85-1,1083|1179,CAL-85-1@2016-07-06,2016-07-06 23:00:00,2016-07-10 23:00:00,3,17370|17371|17372,2269,17369,400,270
Breast,CAL-85-1,1083|1179,CAL-85-1@2016-07-31,2016-07-31 23:00:00,2016-08-04 23:00:00,3,18147|18148|18149,2269,18146,400,270
Breast,CAL-85-1,1085|1086,CAL-85-1@2017-04-17,2017-04-17 23:00:00,2017-04-21 23:00:00,1,28083,2269,28076,400,345
Breast,CAL-85-1,1096|1129,CAL-85-1@2017-04-17,2017-04-17 23:00:00,2017-04-21 23:00:00,1,28084,2269,28076,400,346
Breast,CAL-85-1,1190|1191,CAL-85-1@2016-05-30,2016-05-30 23:00:00,2016-06-03 23:00:00,1,16031,2269,16027,400,271
Breast,CAL-85-1,1190|1191,CAL-85-1@2016-07-06,2016-07-06 23:00:00,2016-07-10 23:00:00,1,17373,2269,17369,400,271
Breast,CAL-85-1,1190|1191,CAL-85-1@2016-07-31,2016-07-31 23:00:00,2016-08-04 23:00:00,1,18150,2269,18146,400,271
Breast,CAL-85-1,1191,CAL-85-1@2016-04-14,2016-04-14 23:00:00,2016-04-18 23:00:00,1,14754,2269,14752,400,271
Breast,CAL-85-1,1192,CAL-85-1@2017-04-17,2017-04-17 23:00:00,2017-04-21 23:00:00,1,28085,2269,28076,400,347
Breast,CAL-85-1,1372,CAL-85-1@2016-04-14,2016-04-14 23:00:00,2016-04-18 23:00:00,1,14755,2269,14752,400,272
Breast,CAL-85-1,1372,CAL-85-1@2016-05-30,2016-05-30 23:00:00,2016-06-03 23:00:00,1,16032,2269,16027,400,272
Breast,CAL-85-1,1372,CAL-85-1@2016-07-06,2016-07-06 23:00:00,2016-07-10 23:00:00,1,17374,2269,17369,400,272
Breast,CAL-85-1,1372,CAL-85-1@2016-07-31,2016-07-31 23:00:00,2016-08-04 23:00:00,1,18151,2269,18146,400,272
Breast,CAL-85-1,1373|2172,CAL-85-1@2017-02-23,2017-02-23 00:00:00,2017-02-27 00:00:00,1,26078,7952,26072,400,352
Breast,CAL-85-1,1510|1549,CAL-85-1@2016-04-14,2016-04-14 23:00:00,2016-04-18 23:00:00,1,14757,2269,14752,400,274
Breast,CAL-85-1,1510|1549,CAL-85-1@2016-05-30,2016-05-30 23:00:00,2016-06-03 23:00:00,1,16034,2269,16027,400,274
Breast,CAL-85-1,1510|1549,CAL-85-1@2016-07-06,2016-07-06 23:00:00,2016-07-10 23:00:00,1,17376,2269,17369,400,274
Breast,CAL-85-1,1510|1549,CAL-85-1@2016-07-31,2016-07-31 23:00:00,2016-08-04 23:00:00,1,18153,2269,18146,400,274
Breast,CAL-85-1,1553|1560,CAL-85-1@2017-02-23,2017-02-23 00:00:00,2017-02-27 00:00:00,1,26079,7952,26072,400,353
Breast,CAL-85-1,1553|1560,CAL-85-1@2017-05-04,2017-05-04 23:00:00,2017-05-08 23:00:00,1,28677,2269,28670,400,353
Breast,CAL-85-1,1558|1559,CAL-85-1@2016-04-14,2016-04-14 23:00:00,2016-04-18 23:00:00,1,14758,2269,14752,400,275
Breast,CAL-85-1,1558|1559,CAL-85-1@2016-05-30,2016-05-30 23:00:00,2016-06-03 23:00:00,1,16035,2269,16027,400,275
Breast,CAL-85-1,1558|1559,CAL-85-1@2016-07-06,2016-07-06 23:00:00,2016-07-10 23:00:00,1,17377,2269,17369,400,275
Breast,CAL-85-1,1558|1559,CAL-85-1@2016-07-31,2016-07-31 23:00:00,2016-08-04 23:00:00,1,18154,2269,18146,400,275
Breast,CAL-85-1,1561|1594,CAL-85-1@2016-04-14,2016-04-14 23:00:00,2016-04-18 23:00:00,1,14759,2269,14752,400,276
Breast,CAL-85-1,1561|1594,CAL-85-1@2016-05-30,2016-05-30 23:00:00,2016-06-03 23:00:00,1,16036,2269,16027,400,276
Breast,CAL-85-1,1561|1594,CAL-85-1@2016-07-06,2016-07-06 23:00:00,2016-07-10 23:00:00,1,17378,2269,17369,400,276
Breast,CAL-85-1,1561|1594,CAL-85-1@2016-07-31,2016-07-31 23:00:00,2016-08-04 23:00:00,1,18155,2269,18146,400,276
Breast,CAL-85-1,1564|1593,CAL-85-1@2017-02-23,2017-02-23 00:00:00,2017-02-27 00:00:00,1,26080,7952,26072,400,354
Breast,CAL-85-1,1632|1909,CAL-85-1@2017-02-23,2017-02-23 00:00:00,2017-02-27 00:00:00,1,26081,7952,26072,400,355
Breast,CAMA-1,1003|1013,CAMA-1@2016-12-06,2016-12-06 00:00:00,2016-12-10 00:00:00,1,23761,6414,23760,625,341
Breast,CAMA-1,1005|1007,CAMA-1@2016-04-06,2016-04-06 23:00:00,2016-04-10 23:00:00,1,14597,6414,14596,625,264
Breast,CAMA-1,1011|1012,CAMA-1@2016-04-06,2016-04-06 23:00:00,2016-04-10 23:00:00,1,14598,6414,14596,625,265
Breast,CAMA-1,1017|1375,CAMA-1@2016-07-13,2016-07-13 23:00:00,2016-07-17 23:00:00,1,17715,6414,17711,625,273
Breast,CAMA-1,1021|1022,CAMA-1@2016-04-06,2016-04-06 23:00:00,2016-04-10 23:00:00,1,14599,6414,14596,625,266
Breast,CAMA-1,1025|1030,CAMA-1@2016-12-06,2016-12-06 00:00:00,2016-12-10 00:00:00,1,23762,6414,23760,625,342
Breast,CAMA-1,1032|1038,CAMA-1@2016-12-09,2016-12-09 00:00:00,2016-12-13 00:00:00,1,23917,6414,23916,625,349
Breast,CAMA-1,1042|1046,CAMA-1@2016-12-09,2016-12-09 00:00:00,2016-12-13 00:00:00,1,23918,6414,23916,625,350
Breast,CAMA-1,1047|1049,CAMA-1@2016-04-06,2016-04-06 23:00:00,2016-04-10 23:00:00,1,14600,6414,14596,625,267
Breast,CAMA-1,1050|1051,CAMA-1@2016-12-09,2016-12-09 00:00:00,2016-12-13 00:00:00,1,23919,6414,23916,625,351
Breast,CAMA-1,1052|1059,CAMA-1@2016-12-06,2016-12-06 00:00:00,2016-12-10 00:00:00,1,23763,6414,23760,625,343
Breast,CAMA-1,1053|1054,CAMA-1@2016-04-06,2016-04-06 23:00:00,2016-04-10 23:00:00,1,14601,6414,14596,625,268
Breast,CAMA-1,1058|1073,CAMA-1@2016-04-06,2016-04-06 23:00:00,2016-04-10 23:00:00,1,14602,6414,14596,625,269
Breast,CAMA-1,1080|2169,CAMA-1@2016-12-06,2016-12-06 00:00:00,2016-12-10 00:00:00,1,23764,6414,23760,625,344
Breast,CAMA-1,1083|1179,CAMA-1@2016-07-13,2016-07-13 23:00:00,2016-07-17 23:00:00,1,17712,6414,17711,625,270
Breast,CAMA-1,1085|1086,CAMA-1@2016-12-06,2016-12-06 00:00:00,2016-12-10 00:00:00,1,23765,6414,23760,625,345
Breast,CAMA-1,1096|1129,CAMA-1@2016-12-06,2016-12-06 00:00:00,2016-12-10 00:00:00,1,23766,6414,23760,625,346
Breast,CAMA-1,1190|1191,CAMA-1@2016-07-13,2016-07-13 23:00:00,2016-07-17 23:00:00,1,17713,6414,17711,625,271
Breast,CAMA-1,1192,CAMA-1@2016-12-06,2016-12-06 00:00:00,2016-12-10 00:00:00,1,23767,6414,23760,625,347
Breast,CAMA-1,1372,CAMA-1@2016-07-13,2016-07-13 23:00:00,2016-07-17 23:00:00,1,17714,6414,17711,625,272
Breast,CAMA-1,1373|2172,CAMA-1@2016-12-09,2016-12-09 00:00:00,2016-12-13 00:00:00,1,23920,6414,23916,625,352
Breast,CAMA-1,1510|1549,CAMA-1@2016-07-13,2016-07-13 23:00:00,2016-07-17 23:00:00,1,17716,6414,17711,625,274
Breast,CAMA-1,1553|1560,CAMA-1@2016-12-09,2016-12-09 00:00:00,2016-12-13 00:00:00,1,23921,6414,23916,625,353
Breast,CAMA-1,1558|1559,CAMA-1@2016-07-13,2016-07-13 23:00:00,2016-07-17 23:00:00,1,17717,6414,17711,625,275
Breast,CAMA-1,1561|1594,CAMA-1@2016-07-13,2016-07-13 23:00:00,2016-07-17 23:00:00,1,17718,6414,17711,625,276
Breast,CAMA-1,1564|1593,CAMA-1@2016-12-09,2016-12-09 00:00:00,2016-12-13 00:00:00,1,23922,6414,23916,625,354
Breast,CAMA-1,1632|1909,CAMA-1@2016-12-09,2016-12-09 00:00:00,2016-12-13 00:00:00,1,23923,6414,23916,625,355
Breast,COLO-824,1003|1013,COLO-824@2016-12-06,2016-12-06 00:00:00,2016-12-10 00:00:00,1,23769,6670,23768,800,341
Breast,COLO-824,1005|1007,COLO-824@2016-05-04,2016-05-04 23:00:00,2016-05-08 23:00:00,1,14989,6670,14988,800,264
Breast,COLO-824,1011|1012,COLO-824@2016-05-04,2016-05-04 23:00:00,2016-05-08 23:00:00,1,14990,6670,14988,800,265
Breast,COLO-824,1017|1375,COLO-824@2016-05-09,2016-05-09 23:00:00,2016-05-13 23:00:00,1,15183,6670,15181,800,273
Breast,COLO-824,1021|1022,COLO-824@2016-05-04,2016-05-04 23:00:00,2016-05-08 23:00:00,1,14991,6670,14988,800,266
Breast,COLO-824,1025|1030,COLO-824@2016-12-06,2016-12-06 00:00:00,2016-12-10 00:00:00,1,23770,6670,23768,800,342
Breast,COLO-824,1032|1038,COLO-824@2016-12-09,2016-12-09 00:00:00,2016-12-13 00:00:00,1,24002,6670,24001,800,349
Breast,COLO-824,1042|1046,COLO-824@2016-12-09,2016-12-09 00:00:00,2016-12-13 00:00:00,1,24003,6670,24001,800,350
Breast,COLO-824,1047|1049,COLO-824@2016-05-04,2016-05-04 23:00:00,2016-05-08 23:00:00,1,14992,6670,14988,800,267
Breast,COLO-824,1050|1051,COLO-824@2016-12-09,2016-12-09 00:00:00,2016-12-13 00:00:00,1,24004,6670,24001,800,351
Breast,COLO-824,1052|1059,COLO-824@2016-12-06,2016-12-06 00:00:00,2016-12-10 00:00:00,1,23771,6670,23768,800,343
Breast,COLO-824,1053|1054,COLO-824@2016-05-04,2016-05-04 23:00:00,2016-05-08 23:00:00,1,14993,6670,14988,800,268
Breast,COLO-824,1058|1073,COLO-824@2016-05-04,2016-05-04 23:00:00,2016-05-08 23:00:00,1,14994,6670,14988,800,269
Breast,COLO-824,1080|2169,COLO-824@2016-12-06,2016-12-06 00:00:00,2016-12-10 00:00:00,1,23772,6670,23768,800,344
Breast,COLO-824,1083|1179,COLO-824@2016-05-26,2016-05-26 23:00:00,2016-05-30 23:00:00,1,15939,6670,15938,800,270
Breast,COLO-824,1085|1086,COLO-824@2016-12-06,2016-12-06 00:00:00,2016-12-10 00:00:00,1,23773,6670,23768,800,345
Breast,COLO-824,1096|1129,COLO-824@2016-12-06,2016-12-06 00:00:00,2016-12-10 00:00:00,1,23774,6670,23768,800,346
Breast,COLO-824,1190|1191,COLO-824@2016-05-26,2016-05-26 23:00:00,2016-05-30 23:00:00,1,15940,6670,15938,800,271
Breast,COLO-824,1192,COLO-824@2016-12-15,2016-12-15 00:00:00,2016-12-19 00:00:00,1,24197,6670,24196,800,347
Breast,COLO-824,1372,COLO-824@2016-05-09,2016-05-09 23:00:00,2016-05-13 23:00:00,1,15182,6670,15181,800,272
Breast,COLO-824,1373|2172,COLO-824@2016-12-09,2016-12-09 00:00:00,2016-12-13 00:00:00,1,24005,6670,24001,800,352
Breast,COLO-824,1510|1549,COLO-824@2016-05-09,2016-05-09 23:00:00,2016-05-13 23:00:00,1,15184,6670,15181,800,274
Breast,COLO-824,1553|1560,COLO-824@2016-12-09,2016-12-09 00:00:00,2016-12-13 00:00:00,1,24006,6670,24001,800,353
Breast,COLO-824,1558|1559,COLO-824@2016-05-09,2016-05-09 23:00:00,2016-05-13 23:00:00,1,15185,6670,15181,800,275
Breast,COLO-824,1561|1594,COLO-824@2016-05-09,2016-05-09 23:00:00,2016-05-13 23:00:00,1,15186,6670,15181,800,276
Breast,COLO-824,1564|1593,COLO-824@2016-12-09,2016-12-09 00:00:00,2016-12-13 00:00:00,1,24007,6670,24001,800,354
Breast,COLO-824,1632|1909,COLO-824@2016-12-09,2016-12-09 00:00:00,2016-12-13 00:00:00,1,24008,6670,24001,800,355
Breast,DU-4475,1003|1013,DU-4475@2017-03-23,2017-03-23 00:00:00,2017-03-26 23:00:00,1,27340,6579,27339,1000,341
Breast,DU-4475,1005|1007,DU-4475@2016-04-11,2016-04-11 23:00:00,2016-04-15 23:00:00,1,14675,6579,14674,1000,264
Breast,DU-4475,1011|1012,DU-4475@2016-04-11,2016-04-11 23:00:00,2016-04-15 23:00:00,1,14676,6579,14674,1000,265
Breast,DU-4475,1017|1375,DU-4475@2016-05-09,2016-05-09 23:00:00,2016-05-13 23:00:00,1,15198,6579,15195,1000,273
Breast,DU-4475,1021|1022,DU-4475@2016-04-11,2016-04-11 23:00:00,2016-04-15 23:00:00,1,14677,6579,14674,1000,266
Breast,DU-4475,1025|1030,DU-4475@2017-03-23,2017-03-23 00:00:00,2017-03-26 23:00:00,1,27341,6579,27339,1000,342
Breast,DU-4475,1032|1038,DU-4475@2017-03-23,2017-03-23 00:00:00,2017-03-26 23:00:00,1,27347,6579,27339,1000,349
Breast,DU-4475,1042|1046,DU-4475@2017-03-23,2017-03-23 00:00:00,2017-03-26 23:00:00,1,27348,6579,27339,1000,350
Breast,DU-4475,1047|1049,DU-4475@2016-04-11,2016-04-11 23:00:00,2016-04-15 23:00:00,1,14678,6579,14674,1000,267
Breast,DU-4475,1050,DU-4475@2017-03-23,2017-03-23 00:00:00,2017-03-26 23:00:00,1,27349,6579,27339,1000,351
Breast,DU-4475,1052|1059,DU-4475@2017-03-23,2017-03-23 00:00:00,2017-03-26 23:00:00,1,27342,6579,27339,1000,343
Breast,DU-4475,1053|1054,DU-4475@2016-04-11,2016-04-11 23:00:00,2016-04-15 23:00:00,1,14679,6579,14674,1000,268
Breast,DU-4475,1058|1073,DU-4475@2016-04-11,2016-04-11 23:00:00,2016-04-15 23:00:00,1,14680,6579,14674,1000,269
Breast,DU-4475,1080|2169,DU-4475@2017-04-17,2017-04-17 23:00:00,2017-04-21 23:00:00,1,28107,6579,28106,1000,344
Breast,DU-4475,1083|1179,DU-4475@2016-06-08,2016-06-08 23:00:00,2016-06-12 23:00:00,1,16403,6579,16402,1000,270
Breast,DU-4475,1085|1086,DU-4475@2017-03-23,2017-03-23 00:00:00,2017-03-26 23:00:00,1,27344,6579,27339,1000,345
Breast,DU-4475,1096|1129,DU-4475@2017-03-23,2017-03-23 00:00:00,2017-03-26 23:00:00,1,27345,6579,27339,1000,346
Breast,DU-4475,1191,DU-4475@2016-05-09,2016-05-09 23:00:00,2016-05-13 23:00:00,1,15196,6579,15195,1000,271
Breast,DU-4475,1192,DU-4475@2017-03-23,2017-03-23 00:00:00,2017-03-26 23:00:00,1,27346,6579,27339,1000,347
Breast,DU-4475,1372,DU-4475@2016-05-09,2016-05-09 23:00:00,2016-05-13 23:00:00,1,15197,6579,15195,1000,272
Breast,DU-4475,1373|2172,DU-4475@2017-03-23,2017-03-23 00:00:00,2017-03-26 23:00:00,1,27350,6579,27339,1000,352
Breast,DU-4475,1510|1549,DU-4475@2016-05-09,2016-05-09 23:00:00,2016-05-13 23:00:00,1,15199,6579,15195,1000,274
Breast,DU-4475,1553|1560,DU-4475@2017-03-23,2017-03-23 00:00:00,2017-03-26 23:00:00,1,27351,6579,27339,1000,353
Breast,DU-4475,1558|1559,DU-4475@2016-05-09,2016-05-09 23:00:00,2016-05-13 23:00:00,1,15200,6579,15195,1000,275
Breast,DU-4475,1561|1594,DU-4475@2016-06-08,2016-06-08 23:00:00,2016-06-12 23:00:00,1,16404,6579,16402,1000,276
Breast,DU-4475,1564,DU-4475@2017-03-23,2017-03-23 00:00:00,2017-03-26 23:00:00,1,27352,6579,27339,1000,354
Breast,DU-4475,1632|1909,DU-4475@2017-03-23,2017-03-23 00:00:00,2017-03-26 23:00:00,1,27353,6579,27339,1000,355
Breast,EFM-19,1003|1013,EFM-19@2017-01-30,2017-01-30 00:00:00,2017-02-03 00:00:00,1,25018,7951,25017,1500,341
Breast,EFM-19,1005|1007,EFM-19@2016-06-13,2016-06-13 23:00:00,2016-06-17 23:00:00,1,16616,2669,16615,1500,264
Breast,EFM-19,1011|1012,EFM-19@2016-06-13,2016-06-13 23:00:00,2016-06-17 23:00:00,1,16617,2669,16615,1500,265
Breast,EFM-19,1017|1375,EFM-19@2016-06-22,2016-06-22 23:00:00,2016-06-26 23:00:00,1,16910,2669,16906,1500,273
Breast,EFM-19,1021|1022,EFM-19@2016-06-13,2016-06-13 23:00:00,2016-06-17 23:00:00,1,16618,2669,16615,1500,266
Breast,EFM-19,1025|1030,EFM-19@2017-01-30,2017-01-30 00:00:00,2017-02-03 00:00:00,1,25019,7951,25017,1500,342
Breast,EFM-19,1032|1038,EFM-19@2017-03-09,2017-03-09 00:00:00,2017-03-13 00:00:00,1,26731,7951,26730,1500,349
Breast,EFM-19,1042|1046,EFM-19@2017-03-09,2017-03-09 00:00:00,2017-03-13 00:00:00,1,26732,7951,26730,1500,350
Breast,EFM-19,1047|1049,EFM-19@2016-06-13,2016-06-13 23:00:00,2016-06-17 23:00:00,1,16619,2669,16615,1500,267
Breast,EFM-19,1050|1051,EFM-19@2017-03-09,2017-03-09 00:00:00,2017-03-13 00:00:00,1,26733,7951,26730,1500,351
Breast,EFM-19,1052|1059,EFM-19@2017-02-17,2017-02-17 00:00:00,2017-02-21 00:00:00,1,25829,7951,25828,1500,343
Breast,EFM-19,1053|1054,EFM-19@2016-06-13,2016-06-13 23:00:00,2016-06-17 23:00:00,1,16620,2669,16615,1500,268
Breast,EFM-19,1058|1073,EFM-19@2016-06-13,2016-06-13 23:00:00,2016-06-17 23:00:00,1,16621,2669,16615,1500,269
Breast,EFM-19,1080|2169,EFM-19@2017-01-30,2017-01-30 00:00:00,2017-02-03 00:00:00,1,25021,7951,25017,1500,344
Breast,EFM-19,1083|1179,EFM-19@2016-06-22,2016-06-22 23:00:00,2016-06-26 23:00:00,1,16907,2669,16906,1500,270
Breast,EFM-19,1085,EFM-19@2017-01-30,2017-01-30 00:00:00,2017-02-03 00:00:00,1,25022,7951,25017,1500,345
Breast,EFM-19,1096|1129,EFM-19@2017-02-17,2017-02-17 00:00:00,2017-02-21 00:00:00,1,25830,7951,25828,1500,346
Breast,EFM-19,1190|1191,EFM-19@2016-06-22,2016-06-22 23:00:00,2016-06-26 23:00:00,1,16908,2669,16906,1500,271
Breast,EFM-19,1192,EFM-19@2017-02-17,2017-02-17 00:00:00,2017-02-21 00:00:00,1,25831,7951,25828,1500,347
Breast,EFM-19,1372,EFM-19@2016-06-22,2016-06-22 23:00:00,2016-06-26 23:00:00,1,16909,2669,16906,1500,272
Breast,EFM-19,1373|2172,EFM-19@2017-03-09,2017-03-09 00:00:00,2017-03-13 00:00:00,1,26734,7951,26730,1500,352
Breast,EFM-19,1510|1549,EFM-19@2016-06-22,2016-06-22 23:00:00,2016-06-26 23:00:00,1,16911,2669,16906,1500,274
Breast,EFM-19,1553|1560,EFM-19@2017-03-09,2017-03-09 00:00:00,2017-03-13 00:00:00,1,26735,7951,26730,1500,353
Breast,EFM-19,1558|1559,EFM-19@2016-06-22,2016-06-22 23:00:00,2016-06-26 23:00:00,1,16912,2669,16906,1500,275
Breast,EFM-19,1564|1593,EFM-19@2017-03-09,2017-03-09 00:00:00,2017-03-13 00:00:00,1,26736,7951,26730,1500,354
Breast,EFM-19,1594,EFM-19@2016-06-22,2016-06-22 23:00:00,2016-06-26 23:00:00,1,16913,2669,16906,1500,276
Breast,EFM-19,1632|1909,EFM-19@2017-03-09,2017-03-09 00:00:00,2017-03-13 00:00:00,1,26737,7951,26730,1500,355
Breast,EFM-192A,1003|1013,EFM-192A@2017-02-17,2017-02-17 00:00:00,2017-02-21 00:00:00,1,25833,2670,25832,625,341
Breast,EFM-192A,1005|1007,EFM-192A@2016-05-04,2016-05-04 23:00:00,2016-05-08 23:00:00,1,14996,2670,14995,625,264
Breast,EFM-192A,1011|1012,EFM-192A@2016-05-04,2016-05-04 23:00:00,2016-05-08 23:00:00,1,14997,2670,14995,625,265
Breast,EFM-192A,1017|1375,EFM-192A@2016-05-09,2016-05-09 23:00:00,2016-05-13 23:00:00,1,15189,2670,15187,625,273
Breast,EFM-192A,1021|1022,EFM-192A@2016-05-04,2016-05-04 23:00:00,2016-05-08 23:00:00,1,14998,2670,14995,625,266
Breast,EFM-192A,1025|1030,EFM-192A@2017-02-17,2017-02-17 00:00:00,2017-02-21 00:00:00,1,25834,2670,25832,625,342
Breast,EFM-192A,1032|1038,EFM-192A@2017-03-16,2017-03-16 00:00:00,2017-03-20 00:00:00,1,27061,2670,27066,625,349
Breast,EFM-192A,1042|1046,EFM-192A@2017-03-16,2017-03-16 00:00:00,2017-03-20 00:00:00,1,27062,2670,27066,625,350
Breast,EFM-192A,1047|1049,EFM-192A@2016-05-04,2016-05-04 23:00:00,2016-05-08 23:00:00,1,14999,2670,14995,625,267
Breast,EFM-192A,1050|1051,EFM-192A@2017-03-16,2017-03-16 00:00:00,2017-03-20 00:00:00,1,27063,2670,27066,625,351
Breast,EFM-192A,1052|1059,EFM-192A@2017-02-17,2017-02-17 00:00:00,2017-02-21 00:00:00,1,25835,2670,25832,625,343
Breast,EFM-192A,1053|1054,EFM-192A@2016-05-04,2016-05-04 23:00:00,2016-05-08 23:00:00,1,15000,2670,14995,625,268
Breast,EFM-192A,1058|1073,EFM-192A@2016-05-19,2016-05-19 23:00:00,2016-05-23 23:00:00,1,15769,2670,15768,625,269
Breast,EFM-192A,1080|2169,EFM-192A@2017-02-17,2017-02-17 00:00:00,2017-02-21 00:00:00,1,25836,2670,25832,625,344
Breast,EFM-192A,1083|1179,EFM-192A@2016-06-08,2016-06-08 23:00:00,2016-06-12 23:00:00,1,16406,2670,16405,625,270
Breast,EFM-192A,1085|1086,EFM-192A@2017-02-17,2017-02-17 00:00:00,2017-02-21 00:00:00,1,25837,2670,25832,625,345
Breast,EFM-192A,1096|1129,EFM-192A@2017-02-17,2017-02-17 00:00:00,2017-02-21 00:00:00,1,25838,2670,25832,625,346
Breast,EFM-192A,1190,EFM-192A@2016-06-08,2016-06-08 23:00:00,2016-06-12 23:00:00,1,16407,2670,16405,625,271
Breast,EFM-192A,1192,EFM-192A@2017-03-23,2017-03-23 00:00:00,2017-03-26 23:00:00,1,27311,2670,27310,625,347
Breast,EFM-192A,1372,EFM-192A@2016-05-09,2016-05-09 23:00:00,2016-05-13 23:00:00,1,15188,2670,15187,625,272
Breast,EFM-192A,1373|2172,EFM-192A@2017-03-16,2017-03-16 00:00:00,2017-03-20 00:00:00,1,27064,2670,27066,625,352
Breast,EFM-192A,1510|1549,EFM-192A@2016-05-09,2016-05-09 23:00:00,2016-05-13 23:00:00,1,15190,2670,15187,625,274
Breast,EFM-192A,1553|1560,EFM-192A@2017-03-16,2017-03-16 00:00:00,2017-03-20 00:00:00,1,27065,2670,27066,625,353
Breast,EFM-192A,1558|1559,EFM-192A@2016-06-08,2016-06-08 23:00:00,2016-06-12 23:00:00,1,16408,2670,16405,625,275
Breast,EFM-192A,1561|1594,EFM-192A@2016-06-08,2016-06-08 23:00:00,2016-06-12 23:00:00,1,16409,2670,16405,625,276
Breast,EFM-192A,1564|1593,EFM-192A@2017-02-23,2017-02-23 00:00:00,2017-02-27 00:00:00,1,26110,2670,26104,625,354
Breast,EFM-192A,1632|1909,EFM-192A@2017-03-23,2017-03-23 00:00:00,2017-03-26 23:00:00,1,27312,2670,27310,625,355
Breast,EVSA-T,1003|1013,EVSA-T@2017-05-17,2017-05-17 23:00:00,2017-05-21 23:00:00,1,29168,6250,29167,150,341
Breast,EVSA-T,1005|1007,EVSA-T@2016-03-30,2016-03-30 23:00:00,2016-04-03 23:00:00,1,14530,6250,14529,150,264
Breast,EVSA-T,1011|1012,EVSA-T@2016-03-30,2016-03-30 23:00:00,2016-04-03 23:00:00,1,14531,6250,14529,150,265
Breast,EVSA-T,1017|1375,EVSA-T@2016-04-14,2016-04-14 23:00:00,2016-04-18 23:00:00,1,14764,6250,14760,150,273
Breast,EVSA-T,1021|1022,EVSA-T@2016-05-19,2016-05-19 23:00:00,2016-05-23 23:00:00,1,15771,6250,15770,150,266
Breast,EVSA-T,1025|1030,EVSA-T@2017-05-17,2017-05-17 23:00:00,2017-05-21 23:00:00,1,29169,6250,29167,150,342
Breast,EVSA-T,1032|1038,EVSA-T@2017-04-24,2017-04-24 23:00:00,2017-04-28 23:00:00,1,28316,6250,28315,150,349
Breast,EVSA-T,1046,EVSA-T@2017-04-24,2017-04-24 23:00:00,2017-04-28 23:00:00,1,28317,6250,28315,150,350
Breast,EVSA-T,1047|1049,EVSA-T@2016-04-06,2016-04-06 23:00:00,2016-04-10 23:00:00,1,14622,6250,14621,150,267
Breast,EVSA-T,1050|1051,EVSA-T@2017-06-14,2017-06-14 23:00:00,2017-06-18 23:00:00,2,30189|30190,6250,30188,150,351
Breast,EVSA-T,1052|1059,EVSA-T@2017-05-17,2017-05-17 23:00:00,2017-05-21 23:00:00,1,29170,6250,29167,150,343
Breast,EVSA-T,1053|1054,EVSA-T@2016-03-30,2016-03-30 23:00:00,2016-04-03 23:00:00,1,14533,6250,14529,150,268
Breast,EVSA-T,1058|1073,EVSA-T@2016-03-30,2016-03-30 23:00:00,2016-04-03 23:00:00,1,14534,6250,14529,150,269
Breast,EVSA-T,1080|2169,EVSA-T@2017-01-30,2017-01-30 00:00:00,2017-02-03 00:00:00,1,25029,6250,25025,150,344
Breast,EVSA-T,1083|1179,EVSA-T@2016-04-14,2016-04-14 23:00:00,2016-04-18 23:00:00,1,14761,6250,14760,150,270
Breast,EVSA-T,1085|1086,EVSA-T@2017-01-30,2017-01-30 00:00:00,2017-02-03 00:00:00,1,25030,6250,25025,150,345
Breast,EVSA-T,1096|1129,EVSA-T@2016-12-01,2016-12-01 00:00:00,2016-12-05 00:00:00,1,23536,6250,23530,150,346
Breast,EVSA-T,1191,EVSA-T@2016-04-14,2016-04-14 23:00:00,2016-04-18 23:00:00,1,14762,6250,14760,150,271
Breast,EVSA-T,1192,EVSA-T@2016-12-01,2016-12-01 00:00:00,2016-12-05 00:00:00,1,23537,6250,23530,150,347
Breast,EVSA-T,1372,EVSA-T@2016-04-14,2016-04-14 23:00:00,2016-04-18 23:00:00,1,14763,6250,14760,150,272
Breast,EVSA-T,1373|2172,EVSA-T@2016-12-08,2016-12-08 00:00:00,2016-12-12 00:00:00,1,23856,6250,23852,150,352
Breast,EVSA-T,1510|1549,EVSA-T@2016-04-14,2016-04-14 23:00:00,2016-04-18 23:00:00,1,14765,6250,14760,150,274
Breast,EVSA-T,1553|1560,EVSA-T@2016-12-08,2016-12-08 00:00:00,2016-12-12 00:00:00,1,23857,6250,23852,150,353
Breast,EVSA-T,1558|1559,EVSA-T@2016-04-14,2016-04-14 23:00:00,2016-04-18 23:00:00,1,14766,6250,14760,150,275
Breast,EVSA-T,1561|1594,EVSA-T@2016-04-14,2016-04-14 23:00:00,2016-04-18 23:00:00,1,14767,6250,14760,150,276
Breast,EVSA-T,1564|1593,EVSA-T@2016-12-08,2016-12-08 00:00:00,2016-12-12 00:00:00,1,23858,6250,23852,150,354
Breast,EVSA-T,1632|1909,EVSA-T@2017-04-24,2017-04-24 23:00:00,2017-04-28 23:00:00,1,28319,6250,28315,150,355
Breast,HCC1143,1003|1013,HCC1143@2016-12-02,2016-12-02 00:00:00,2016-12-06 00:00:00,1,23588,7230,23587,400,341
Breast,HCC1143,1005|1007,HCC1143@2016-11-07,2016-11-07 00:00:00,2016-11-11 00:00:00,1,22532,7230,22531,400,264
Breast,HCC1143,1011|1012,HCC1143@2016-11-07,2016-11-07 00:00:00,2016-11-11 00:00:00,1,22533,7230,22531,400,265
Breast,HCC1143,1017|1375,HCC1143@2016-11-07,2016-11-07 00:00:00,2016-11-11 00:00:00,1,22541,7230,22531,400,273
Breast,HCC1143,1021|1022,HCC1143@2016-11-07,2016-11-07 00:00:00,2016-11-11 00:00:00,1,22534,7230,22531,400,266
Breast,HCC1143,1025|1030,HCC1143@2016-12-02,2016-12-02 00:00:00,2016-12-06 00:00:00,1,23589,7230,23587,400,342
Breast,HCC1143,1032|1038,HCC1143@2016-12-08,2016-12-08 00:00:00,2016-12-12 00:00:00,1,23861,7230,23860,400,349
Breast,HCC1143,1042|1046,HCC1143@2016-12-08,2016-12-08 00:00:00,2016-12-12 00:00:00,1,23862,7230,23860,400,350
Breast,HCC1143,1047|1049,HCC1143@2016-11-07,2016-11-07 00:00:00,2016-11-11 00:00:00,1,22535,7230,22531,400,267
Breast,HCC1143,1050|1051,HCC1143@2016-12-08,2016-12-08 00:00:00,2016-12-12 00:00:00,1,23863,7230,23860,400,351
Breast,HCC1143,1052|1059,HCC1143@2017-05-17,2017-05-17 23:00:00,2017-05-21 23:00:00,3,29173|29174|29175,7230,29172,400,343
Breast,HCC1143,1053|1054,HCC1143@2016-11-07,2016-11-07 00:00:00,2016-11-11 00:00:00,1,22536,7230,22531,400,268
Breast,HCC1143,1058|1073,HCC1143@2016-11-07,2016-11-07 00:00:00,2016-11-11 00:00:00,1,22537,7230,22531,400,269
Breast,HCC1143,1080|2169,HCC1143@2016-12-02,2016-12-02 00:00:00,2016-12-06 00:00:00,1,23591,7230,23587,400,344
Breast,HCC1143,1083|1179,HCC1143@2016-11-07,2016-11-07 00:00:00,2016-11-11 00:00:00,1,22538,7230,22531,400,270
Breast,HCC1143,1085|1086,HCC1143@2016-12-02,2016-12-02 00:00:00,2016-12-06 00:00:00,1,23592,7230,23587,400,345
Breast,HCC1143,1096|1129,HCC1143@2016-12-02,2016-12-02 00:00:00,2016-12-06 00:00:00,1,23593,7230,23587,400,346
Breast,HCC1143,1190|1191,HCC1143@2016-11-07,2016-11-07 00:00:00,2016-11-11 00:00:00,1,22539,7230,22531,400,271
Breast,HCC1143,1192,HCC1143@2016-12-02,2016-12-02 00:00:00,2016-12-06 00:00:00,1,23594,7230,23587,400,347
Breast,HCC1143,1372,HCC1143@2016-11-07,2016-11-07 00:00:00,2016-11-11 00:00:00,1,22540,7230,22531,400,272
Breast,HCC1143,1373|2172,HCC1143@2016-12-08,2016-12-08 00:00:00,2016-12-12 00:00:00,1,23864,7230,23860,400,352
Breast,HCC1143,1510|1549,HCC1143@2016-11-07,2016-11-07 00:00:00,2016-11-11 00:00:00,1,22542,7230,22531,400,274
Breast,HCC1143,1553|1560,HCC1143@2016-12-08,2016-12-08 00:00:00,2016-12-12 00:00:00,1,23865,7230,23860,400,353
Breast,HCC1143,1558|1559,HCC1143@2016-11-07,2016-11-07 00:00:00,2016-11-11 00:00:00,1,22543,7230,22531,400,275
Breast,HCC1143,1561|1594,HCC1143@2016-11-07,2016-11-07 00:00:00,2016-11-11 00:00:00,1,22544,7230,22531,400,276
Breast,HCC1143,1564|1593,HCC1143@2016-12-08,2016-12-08 00:00:00,2016-12-12 00:00:00,1,23866,7230,23860,400,354
Breast,HCC1143,1632|1909,HCC1143@2016-12-15,2016-12-15 00:00:00,2016-12-19 00:00:00,1,24210,7230,24208,400,355
Breast,HCC1187,1003|1013,HCC1187@2017-03-29,2017-03-29 23:00:00,2017-04-02 23:00:00,1,27497,6290,27496,3000,341
Breast,HCC1187,1005|1007,HCC1187@2016-04-10,2016-04-10 23:00:00,2016-04-14 23:00:00,1,14661,6290,14660,3000,264
Breast,HCC1187,1011|1012,HCC1187@2016-04-10,2016-04-10 23:00:00,2016-04-14 23:00:00,1,14662,6290,14660,3000,265
Breast,HCC1187,1017|1375,HCC1187@2016-05-05,2016-05-05 23:00:00,2016-05-09 23:00:00,1,15046,6290,15042,3000,273
Breast,HCC1187,1021|1022,HCC1187@2016-04-10,2016-04-10 23:00:00,2016-04-14 23:00:00,1,14663,6290,14660,3000,266
Breast,HCC1187,1025|1030,HCC1187@2017-03-29,2017-03-29 23:00:00,2017-04-02 23:00:00,1,27498,6290,27496,3000,342
Breast,HCC1187,1032|1038,HCC1187@2017-03-29,2017-03-29 23:00:00,2017-04-02 23:00:00,1,27524,6290,27496,3000,349
Breast,HCC1187,1042|1046,HCC1187@2017-03-29,2017-03-29 23:00:00,2017-04-02 23:00:00,1,27525,6290,27496,3000,350
Breast,HCC1187,1047|1049,HCC1187@2016-04-10,2016-04-10 23:00:00,2016-04-14 23:00:00,1,14664,6290,14660,3000,267
Breast,HCC1187,1050,HCC1187@2017-03-29,2017-03-29 23:00:00,2017-04-02 23:00:00,1,27526,6290,27496,3000,351
Breast,HCC1187,1052|1059,HCC1187@2017-03-29,2017-03-29 23:00:00,2017-04-02 23:00:00,1,27499,6290,27496,3000,343
Breast,HCC1187,1053|1054,HCC1187@2016-04-10,2016-04-10 23:00:00,2016-04-14 23:00:00,1,14665,6290,14660,3000,268
Breast,HCC1187,1058|1073,HCC1187@2016-04-10,2016-04-10 23:00:00,2016-04-14 23:00:00,1,14666,6290,14660,3000,269
Breast,HCC1187,1080|2169,HCC1187@2017-04-24,2017-04-24 23:00:00,2017-04-28 23:00:00,3,28348|28349|28350,6290,28347,3000,344
Breast,HCC1187,1083|1179,HCC1187@2016-05-05,2016-05-05 23:00:00,2016-05-09 23:00:00,1,15043,6290,15042,3000,270
Breast,HCC1187,1085,HCC1187@2017-03-29,2017-03-29 23:00:00,2017-04-02 23:00:00,1,27501,6290,27496,3000,345
Breast,HCC1187,1096|1129,HCC1187@2017-03-29,2017-03-29 23:00:00,2017-04-02 23:00:00,1,27502,6290,27496,3000,346
Breast,HCC1187,1190|1191,HCC1187@2016-05-05,2016-05-05 23:00:00,2016-05-09 23:00:00,1,15044,6290,15042,3000,271
Breast,HCC1187,1192,HCC1187@2017-03-29,2017-03-29 23:00:00,2017-04-02 23:00:00,1,27503,6290,27496,3000,347
Breast,HCC1187,1372,HCC1187@2016-05-05,2016-05-05 23:00:00,2016-05-09 23:00:00,1,15045,6290,15042,3000,272
Breast,HCC1187,1373|2172,HCC1187@2017-03-29,2017-03-29 23:00:00,2017-04-02 23:00:00,1,27527,6290,27496,3000,352
Breast,HCC1187,1510|1549,HCC1187@2016-05-05,2016-05-05 23:00:00,2016-05-09 23:00:00,1,15047,6290,15042,3000,274
Breast,HCC1187,1553|1560,HCC1187@2017-03-29,2017-03-29 23:00:00,2017-04-02 23:00:00,1,27528,6290,27496,3000,353
Breast,HCC1187,1558|1559,HCC1187@2016-05-05,2016-05-05 23:00:00,2016-05-09 23:00:00,1,15048,6290,15042,3000,275
Breast,HCC1187,1561|1594,HCC1187@2016-05-05,2016-05-05 23:00:00,2016-05-09 23:00:00,1,15049,6290,15042,3000,276
Breast,HCC1187,1564|1593,HCC1187@2017-03-29,2017-03-29 23:00:00,2017-04-02 23:00:00,1,27529,6290,27496,3000,354
Breast,HCC1187,1632|1909,HCC1187@2017-03-29,2017-03-29 23:00:00,2017-04-02 23:00:00,1,27530,6290,27496,3000,355
Breast,HCC1395,1003|1013,HCC1395@2016-12-06,2016-12-06 00:00:00,2016-12-10 00:00:00,1,23777,6590,23776,800,341
Breast,HCC1395,1005|1007,HCC1395@2016-07-07,2016-07-07 23:00:00,2016-07-11 23:00:00,1,17486,6590,17485,800,264
Breast,HCC1395,1011|1012,HCC1395@2016-07-07,2016-07-07 23:00:00,2016-07-11 23:00:00,1,17487,6590,17485,800,265
Breast,HCC1395,1017|1375,HCC1395@2016-06-22,2016-06-22 23:00:00,2016-06-26 23:00:00,1,16918,6590,16914,800,273
Breast,HCC1395,1021|1022,HCC1395@2016-07-07,2016-07-07 23:00:00,2016-07-11 23:00:00,1,17488,6590,17485,800,266
Breast,HCC1395,1025|1030,HCC1395@2016-12-06,2016-12-06 00:00:00,2016-12-10 00:00:00,1,23778,6590,23776,800,342
Breast,HCC1395,1032|1038,HCC1395@2017-02-09,2017-02-09 00:00:00,2017-02-13 00:00:00,1,25448,6590,25447,800,349
Breast,HCC1395,1042|1046,HCC1395@2016-12-09,2016-12-09 00:00:00,2016-12-13 00:00:00,1,23926,6590,23924,800,350
Breast,HCC1395,1047|1049,HCC1395@2016-07-07,2016-07-07 23:00:00,2016-07-11 23:00:00,1,17489,6590,17485,800,267
Breast,HCC1395,1050|1051,HCC1395@2016-12-09,2016-12-09 00:00:00,2016-12-13 00:00:00,1,23927,6590,23924,800,351
Breast,HCC1395,1052|1059,HCC1395@2016-12-06,2016-12-06 00:00:00,2016-12-10 00:00:00,1,23779,6590,23776,800,343
Breast,HCC1395,1053|1054,HCC1395@2016-07-07,2016-07-07 23:00:00,2016-07-11 23:00:00,1,17490,6590,17485,800,268
Breast,HCC1395,1058|1073,HCC1395@2016-07-07,2016-07-07 23:00:00,2016-07-11 23:00:00,1,17491,6590,17485,800,269
Breast,HCC1395,1080|2169,HCC1395@2017-02-17,2017-02-17 00:00:00,2017-02-21 00:00:00,1,25841,6590,25840,800,344
Breast,HCC1395,1083|1179,HCC1395@2016-06-22,2016-06-22 23:00:00,2016-06-26 23:00:00,1,16915,6590,16914,800,270
Breast,HCC1395,1085|1086,HCC1395@2017-02-17,2017-02-17 00:00:00,2017-02-21 00:00:00,1,25842,6590,25840,800,345
Breast,HCC1395,1096|1129,HCC1395@2017-03-16,2017-03-16 00:00:00,2017-03-20 00:00:00,1,27069,6590,27068,800,346
Breast,HCC1395,1190|1191,HCC1395@2016-06-22,2016-06-22 23:00:00,2016-06-26 23:00:00,1,16916,6590,16914,800,271
Breast,HCC1395,1192,HCC1395@2017-03-16,2017-03-16 00:00:00,2017-03-20 00:00:00,1,27070,6590,27068,800,347
Breast,HCC1395,1372,HCC1395@2016-06-22,2016-06-22 23:00:00,2016-06-26 23:00:00,1,16917,6590,16914,800,272
Breast,HCC1395,1373|2172,HCC1395@2016-12-09,2016-12-09 00:00:00,2016-12-13 00:00:00,1,23928,6590,23924,800,352
Breast,HCC1395,1510|1549,HCC1395@2016-06-22,2016-06-22 23:00:00,2016-06-26 23:00:00,1,16919,6590,16914,800,274
Breast,HCC1395,1553|1560,HCC1395@2016-12-09,2016-12-09 00:00:00,2016-12-13 00:00:00,1,23929,6590,23924,800,353
Breast,HCC1395,1558|1559,HCC1395@2016-06-22,2016-06-22 23:00:00,2016-06-26 23:00:00,1,16920,6590,16914,800,275
Breast,HCC1395,1561|1594,HCC1395@2016-06-22,2016-06-22 23:00:00,2016-06-26 23:00:00,1,16921,6590,16914,800,276
Breast,HCC1395,1564|1593,HCC1395@2016-12-09,2016-12-09 00:00:00,2016-12-13 00:00:00,1,23930,6590,23924,800,354
Breast,HCC1395,1632|1909,HCC1395@2017-02-23,2017-02-23 00:00:00,2017-02-27 00:00:00,1,26103,6590,26102,800,355
Breast,HCC1419,1003|1013,HCC1419@2017-02-17,2017-02-17 00:00:00,2017-02-21 00:00:00,1,25846,2762,25845,400,341
Breast,HCC1419,1005|1007,HCC1419@2016-04-06,2016-04-06 23:00:00,2016-04-10 23:00:00,1,14604,2762,14603,400,264
Breast,HCC1419,1012,HCC1419@2016-04-06,2016-04-06 23:00:00,2016-04-10 23:00:00,1,14605,2762,14603,400,265
Breast,HCC1419,1017|1375,HCC1419@2016-05-02,2016-05-02 23:00:00,2016-05-06 23:00:00,1,15030,2762,15026,400,273
Breast,HCC1419,1021|1022,HCC1419@2016-04-06,2016-04-06 23:00:00,2016-04-10 23:00:00,1,14606,2762,14603,400,266
Breast,HCC1419,1025|1030,HCC1419@2017-02-17,2017-02-17 00:00:00,2017-02-21 00:00:00,1,25847,2762,25845,400,342
Breast,HCC1419,1038,HCC1419@2017-03-09,2017-03-09 00:00:00,2017-03-13 00:00:00,1,26739,2762,26738,400,349
Breast,HCC1419,1042|1046,HCC1419@2017-03-09,2017-03-09 00:00:00,2017-03-13 00:00:00,1,26740,2762,26738,400,350
Breast,HCC1419,1047|1049,HCC1419@2016-04-06,2016-04-06 23:00:00,2016-04-10 23:00:00,1,14607,2762,14603,400,267
Breast,HCC1419,1050|1051,HCC1419@2017-03-09,2017-03-09 00:00:00,2017-03-13 00:00:00,1,26741,2762,26738,400,351
Breast,HCC1419,1052|1059,HCC1419@2017-02-17,2017-02-17 00:00:00,2017-02-21 00:00:00,1,25848,2762,25845,400,343
Breast,HCC1419,1053|1054,HCC1419@2016-04-06,2016-04-06 23:00:00,2016-04-10 23:00:00,1,14608,2762,14603,400,268
Breast,HCC1419,1058|1073,HCC1419@2016-04-06,2016-04-06 23:00:00,2016-04-10 23:00:00,1,14609,2762,14603,400,269
Breast,HCC1419,1080|2169,HCC1419@2017-02-17,2017-02-17 00:00:00,2017-02-21 00:00:00,1,25849,2762,25845,400,344
Breast,HCC1419,1083|1179,HCC1419@2016-05-02,2016-05-02 23:00:00,2016-05-06 23:00:00,1,15027,2762,15026,400,270
Breast,HCC1419,1085|1086,HCC1419@2017-02-17,2017-02-17 00:00:00,2017-02-21 00:00:00,1,25850,2762,25845,400,345
Breast,HCC1419,1096|1129,HCC1419@2017-02-17,2017-02-17 00:00:00,2017-02-21 00:00:00,1,25851,2762,25845,400,346
Breast,HCC1419,1190|1191,HCC1419@2016-05-02,2016-05-02 23:00:00,2016-05-06 23:00:00,1,15028,2762,15026,400,271
Breast,HCC1419,1192,HCC1419@2017-02-17,2017-02-17 00:00:00,2017-02-21 00:00:00,1,25852,2762,25845,400,347
Breast,HCC1419,1372,HCC1419@2016-05-02,2016-05-02 23:00:00,2016-05-06 23:00:00,1,15029,2762,15026,400,272
Breast,HCC1419,1373|2172,HCC1419@2017-03-09,2017-03-09 00:00:00,2017-03-13 00:00:00,1,26742,2762,26738,400,352
Breast,HCC1419,1510|1549,HCC1419@2016-05-02,2016-05-02 23:00:00,2016-05-06 23:00:00,1,15031,2762,15026,400,274
Breast,HCC1419,1553|1560,HCC1419@2017-03-09,2017-03-09 00:00:00,2017-03-13 00:00:00,1,26743,2762,26738,400,353
Breast,HCC1419,1558|1559,HCC1419@2016-05-02,2016-05-02 23:00:00,2016-05-06 23:00:00,1,15032,2762,15026,400,275
Breast,HCC1419,1561|1594,HCC1419@2016-05-02,2016-05-02 23:00:00,2016-05-06 23:00:00,1,15033,2762,15026,400,276
Breast,HCC1419,1564|1593,HCC1419@2017-03-09,2017-03-09 00:00:00,2017-03-13 00:00:00,1,26744,2762,26738,400,354
Breast,HCC1419,1632|1909,HCC1419@2017-03-09,2017-03-09 00:00:00,2017-03-13 00:00:00,1,26745,2762,26738,400,355
Breast,HCC1428,1003|1013,HCC1428@2017-05-17,2017-05-17 23:00:00,2017-05-21 23:00:00,1,29177,6657,29176,1250,341
Breast,HCC1428,1005|1007,HCC1428@2016-05-04,2016-05-04 23:00:00,2016-05-08 23:00:00,1,15003,2763,15002,1250,264
Breast,HCC1428,1011|1012,HCC1428@2016-05-04,2016-05-04 23:00:00,2016-05-08 23:00:00,1,15004,2763,15002,1250,265
Breast,HCC1428,1017|1375,HCC1428@2016-05-26,2016-05-26 23:00:00,2016-05-30 23:00:00,1,15947,2763,15944,1250,273
Breast,HCC1428,1021|1022,HCC1428@2016-05-04,2016-05-04 23:00:00,2016-05-08 23:00:00,1,15005,2763,15002,1250,266
Breast,HCC1428,1025|1030,HCC1428@2017-05-17,2017-05-17 23:00:00,2017-05-21 23:00:00,1,29178,6657,29176,1250,342
Breast,HCC1428,1032|1038,HCC1428@2017-04-24,2017-04-24 23:00:00,2017-04-28 23:00:00,1,28367,6657,28366,1250,349
Breast,HCC1428,1042|1046,HCC1428@2017-04-24,2017-04-24 23:00:00,2017-04-28 23:00:00,1,28368,6657,28366,1250,350
Breast,HCC1428,1047|1049,HCC1428@2016-05-04,2016-05-04 23:00:00,2016-05-08 23:00:00,1,15006,2763,15002,1250,267
Breast,HCC1428,1050|1051,HCC1428@2017-06-14,2017-06-14 23:00:00,2017-06-18 23:00:00,2,30192|30193,6657,30191,1250,351
Breast,HCC1428,1052|1059,HCC1428@2017-05-17,2017-05-17 23:00:00,2017-05-21 23:00:00,1,29179,6657,29176,1250,343
Breast,HCC1428,1053|1054,HCC1428@2016-05-04,2016-05-04 23:00:00,2016-05-08 23:00:00,1,15007,2763,15002,1250,268
Breast,HCC1428,1058|1073,HCC1428@2016-05-04,2016-05-04 23:00:00,2016-05-08 23:00:00,1,15008,2763,15002,1250,269
Breast,HCC1428,1080|2169,HCC1428@2017-05-17,2017-05-17 23:00:00,2017-05-21 23:00:00,1,29180,6657,29176,1250,344
Breast,HCC1428,1083|1179,HCC1428@2016-05-26,2016-05-26 23:00:00,2016-05-30 23:00:00,1,15945,2763,15944,1250,270
Breast,HCC1428,1085|1086,HCC1428@2017-05-17,2017-05-17 23:00:00,2017-05-21 23:00:00,1,29181,6657,29176,1250,345
Breast,HCC1428,1096|1129,HCC1428@2017-05-17,2017-05-17 23:00:00,2017-05-21 23:00:00,1,29182,6657,29176,1250,346
Breast,HCC1428,1190|1191,HCC1428@2016-05-26,2016-05-26 23:00:00,2016-05-30 23:00:00,1,15946,2763,15944,1250,271
Breast,HCC1428,1192,HCC1428@2017-05-17,2017-05-17 23:00:00,2017-05-21 23:00:00,1,29183,6657,29176,1250,347
Breast,HCC1428,1372,HCC1428@2016-05-09,2016-05-09 23:00:00,2016-05-13 23:00:00,1,15192,2763,15191,1250,272
Breast,HCC1428,1373|2172,HCC1428@2017-04-24,2017-04-24 23:00:00,2017-04-28 23:00:00,1,28370,6657,28366,1250,352
Breast,HCC1428,1510|1549,HCC1428@2016-05-26,2016-05-26 23:00:00,2016-05-30 23:00:00,1,15948,2763,15944,1250,274
Breast,HCC1428,1553|1560,HCC1428@2017-04-24,2017-04-24 23:00:00,2017-04-28 23:00:00,1,28371,6657,28366,1250,353
Breast,HCC1428,1558|1559,HCC1428@2016-05-26,2016-05-26 23:00:00,2016-05-30 23:00:00,1,15949,2763,15944,1250,275
Breast,HCC1428,1561|1594,HCC1428@2016-05-26,2016-05-26 23:00:00,2016-05-30 23:00:00,1,15950,2763,15944,1250,276
Breast,HCC1428,1564|1593,HCC1428@2017-04-24,2017-04-24 23:00:00,2017-04-28 23:00:00,1,28372,6657,28366,1250,354
Breast,HCC1428,1632|1909,HCC1428@2017-04-24,2017-04-24 23:00:00,2017-04-28 23:00:00,1,28373,6657,28366,1250,355
Breast,HCC1500,1003|1013,HCC1500@2017-03-23,2017-03-23 00:00:00,2017-03-26 23:00:00,1,27314,2765,27313,2000,341
Breast,HCC1500,1005|1007,HCC1500@2016-05-04,2016-05-04 23:00:00,2016-05-08 23:00:00,1,14982,2765,14981,2000,264
Breast,HCC1500,1011|1012,HCC1500@2016-05-04,2016-05-04 23:00:00,2016-05-08 23:00:00,1,14983,2765,14981,2000,265
Breast,HCC1500,1017|1375,HCC1500@2016-07-13,2016-07-13 23:00:00,2016-07-17 23:00:00,1,17723,2765,17719,2000,273
Breast,HCC1500,1021|1022,HCC1500@2016-06-06,2016-06-06 23:00:00,2016-06-10 23:00:00,1,16331,2765,16330,2000,266
Breast,HCC1500,1025|1030,HCC1500@2017-03-23,2017-03-23 00:00:00,2017-03-26 23:00:00,1,27315,2765,27313,2000,342
Breast,HCC1500,1032|1038,HCC1500@2017-03-29,2017-03-29 23:00:00,2017-04-02 23:00:00,1,27506,2765,27504,1500,349
Breast,HCC1500,1042|1046,HCC1500@2017-03-23,2017-03-23 00:00:00,2017-03-26 23:00:00,1,27322,2765,27313,2000,350
Breast,HCC1500,1047|1049,HCC1500@2016-05-04,2016-05-04 23:00:00,2016-05-08 23:00:00,1,14985,2765,14981,2000,267
Breast,HCC1500,1050|1051,HCC1500@2017-03-09,2017-03-09 00:00:00,2017-03-13 00:00:00,1,26765,2765,26762,2000,351
Breast,HCC1500,1052|1059,HCC1500@2017-03-23,2017-03-23 00:00:00,2017-03-26 23:00:00,1,27316,2765,27313,2000,343
Breast,HCC1500,1053|1054,HCC1500@2016-06-06,2016-06-06 23:00:00,2016-06-10 23:00:00,1,16332,2765,16330,2000,268
Breast,HCC1500,1058|1073,HCC1500@2016-05-04,2016-05-04 23:00:00,2016-05-08 23:00:00,1,14987,2765,14981,2000,269
Breast,HCC1500,1083|1179,HCC1500@2016-07-13,2016-07-13 23:00:00,2016-07-17 23:00:00,1,17720,2765,17719,2000,270
Breast,HCC1500,1085|1086,HCC1500@2017-03-23,2017-03-23 00:00:00,2017-03-26 23:00:00,1,27318,2765,27313,2000,345
Breast,HCC1500,1096|1129,HCC1500@2017-03-23,2017-03-23 00:00:00,2017-03-26 23:00:00,1,27319,2765,27313,2000,346
Breast,HCC1500,1190|1191,HCC1500@2016-07-13,2016-07-13 23:00:00,2016-07-17 23:00:00,1,17721,2765,17719,2000,271
Breast,HCC1500,1192,HCC1500@2017-03-23,2017-03-23 00:00:00,2017-03-26 23:00:00,1,27320,2765,27313,2000,347
Breast,HCC1500,1372,HCC1500@2016-07-13,2016-07-13 23:00:00,2016-07-17 23:00:00,1,17722,2765,17719,2000,272
Breast,HCC1500,1373|2172,HCC1500@2017-03-23,2017-03-23 00:00:00,2017-03-26 23:00:00,1,27323,2765,27313,2000,352
Breast,HCC1500,1553|1560,HCC1500@2017-03-29,2017-03-29 23:00:00,2017-04-02 23:00:00,1,27507,2765,27504,1500,353
Breast,HCC1500,1558|1559,HCC1500@2016-07-13,2016-07-13 23:00:00,2016-07-17 23:00:00,1,17725,2765,17719,2000,275
Breast,HCC1500,1561|1594,HCC1500@2016-07-13,2016-07-13 23:00:00,2016-07-17 23:00:00,1,17726,2765,17719,2000,276
Breast,HCC1500,1593,HCC1500@2017-03-23,2017-03-23 00:00:00,2017-03-26 23:00:00,1,27325,2765,27313,2000,354
Breast,HCC1500,1632|1909,HCC1500@2017-03-23,2017-03-23 00:00:00,2017-03-26 23:00:00,1,27326,2765,27313,2000,355
Breast,HCC1569,1003|1013,HCC1569@2016-12-06,2016-12-06 00:00:00,2016-12-10 00:00:00,1,23745,7116,23744,325,341
Breast,HCC1569,1005|1007,HCC1569@2016-04-11,2016-04-11 23:00:00,2016-04-15 23:00:00,1,14682,2766,14681,325,264
Breast,HCC1569,1011|1012,HCC1569@2016-04-11,2016-04-11 23:00:00,2016-04-15 23:00:00,1,14683,2766,14681,325,265
Breast,HCC1569,1017|1375,HCC1569@2016-07-31,2016-07-31 23:00:00,2016-08-04 23:00:00,1,18180,2766,18176,325,273
Breast,HCC1569,1021|1022,HCC1569@2016-04-11,2016-04-11 23:00:00,2016-04-15 23:00:00,1,14684,2766,14681,325,266
Breast,HCC1569,1025|1030,HCC1569@2016-12-06,2016-12-06 00:00:00,2016-12-10 00:00:00,1,23746,7116,23744,325,342
Breast,HCC1569,1032|1038,HCC1569@2016-12-15,2016-12-15 00:00:00,2016-12-19 00:00:00,1,24316,7116,24315,325,349
Breast,HCC1569,1042|1046,HCC1569@2016-12-15,2016-12-15 00:00:00,2016-12-19 00:00:00,1,24317,7116,24315,325,350
Breast,HCC1569,1047|1049,HCC1569@2016-04-11,2016-04-11 23:00:00,2016-04-15 23:00:00,1,14685,2766,14681,325,267
Breast,HCC1569,1050|1051,HCC1569@2016-12-15,2016-12-15 00:00:00,2016-12-19 00:00:00,1,24318,7116,24315,325,351
Breast,HCC1569,1052|1059,HCC1569@2016-12-06,2016-12-06 00:00:00,2016-12-10 00:00:00,1,23747,7116,23744,325,343
Breast,HCC1569,1053|1054,HCC1569@2016-04-11,2016-04-11 23:00:00,2016-04-15 23:00:00,1,14686,2766,14681,325,268
Breast,HCC1569,1058|1073,HCC1569@2016-04-11,2016-04-11 23:00:00,2016-04-15 23:00:00,1,14687,2766,14681,325,269
Breast,HCC1569,1080|2169,HCC1569@2016-12-06,2016-12-06 00:00:00,2016-12-10 00:00:00,1,23748,7116,23744,325,344
Breast,HCC1569,1083|1179,HCC1569@2016-07-31,2016-07-31 23:00:00,2016-08-04 23:00:00,1,18177,2766,18176,325,270
Breast,HCC1569,1085|1086,HCC1569@2016-12-06,2016-12-06 00:00:00,2016-12-10 00:00:00,1,23749,7116,23744,325,345
Breast,HCC1569,1096|1129,HCC1569@2016-12-06,2016-12-06 00:00:00,2016-12-10 00:00:00,1,23750,7116,23744,325,346
Breast,HCC1569,1190|1191,HCC1569@2016-07-31,2016-07-31 23:00:00,2016-08-04 23:00:00,1,18178,2766,18176,325,271
Breast,HCC1569,1192,HCC1569@2016-12-06,2016-12-06 00:00:00,2016-12-10 00:00:00,1,23751,7116,23744,325,347
Breast,HCC1569,1372,HCC1569@2016-07-31,2016-07-31 23:00:00,2016-08-04 23:00:00,1,18179,2766,18176,325,272
Breast,HCC1569,1373|2172,HCC1569@2016-12-15,2016-12-15 00:00:00,2016-12-19 00:00:00,1,24319,7116,24315,325,352
Breast,HCC1569,1510|1549,HCC1569@2016-07-31,2016-07-31 23:00:00,2016-08-04 23:00:00,1,18181,2766,18176,325,274
Breast,HCC1569,1553|1560,HCC1569@2016-12-15,2016-12-15 00:00:00,2016-12-19 00:00:00,1,24320,7116,24315,325,353
Breast,HCC1569,1558|1559,HCC1569@2016-07-31,2016-07-31 23:00:00,2016-08-04 23:00:00,1,18182,2766,18176,325,275
Breast,HCC1569,1561|1594,HCC1569@2016-07-31,2016-07-31 23:00:00,2016-08-04 23:00:00,1,18183,2766,18176,325,276
Breast,HCC1569,1564|1593,HCC1569@2016-12-15,2016-12-15 00:00:00,2016-12-19 00:00:00,1,24321,7116,24315,325,354
Breast,HCC1569,1632|1909,HCC1569@2016-12-15,2016-12-15 00:00:00,2016-12-19 00:00:00,1,24322,7116,24315,325,355
Breast,HCC1599,1003|1013,HCC1599@2017-04-24,2017-04-24 23:00:00,2017-04-28 23:00:00,1,28352,7309,28351,1250,341
Breast,HCC1599,1005|1007,HCC1599@2016-12-13,2016-12-13 00:00:00,2016-12-17 00:00:00,1,24165,7309,24164,1250,264
Breast,HCC1599,1011|1012,HCC1599@2016-12-13,2016-12-13 00:00:00,2016-12-17 00:00:00,1,24166,7309,24164,1250,265
Breast,HCC1599,1017|1375,HCC1599@2016-07-13,2016-07-13 23:00:00,2016-07-17 23:00:00,1,17731,4671,17727,1250,273
Breast,HCC1599,1021|1022,HCC1599@2016-12-13,2016-12-13 00:00:00,2016-12-17 00:00:00,1,24167,7309,24164,1250,266
Breast,HCC1599,1025|1030,HCC1599@2017-04-24,2017-04-24 23:00:00,2017-04-28 23:00:00,1,28353,7309,28351,1250,342
Breast,HCC1599,1032|1038,HCC1599@2017-04-03,2017-04-03 23:00:00,2017-04-07 23:00:00,1,27649,7309,,1250,349
Breast,HCC1599,1042|1046,HCC1599@2017-04-03,2017-04-03 23:00:00,2017-04-07 23:00:00,1,27650,7309,,1250,350
Breast,HCC1599,1047|1049,HCC1599@2016-12-13,2016-12-13 00:00:00,2016-12-17 00:00:00,1,24168,7309,24164,1250,267
Breast,HCC1599,1050|1051,HCC1599@2017-04-03,2017-04-03 23:00:00,2017-04-07 23:00:00,1,27651,7309,,1250,351
Breast,HCC1599,1052|1059,HCC1599@2017-04-24,2017-04-24 23:00:00,2017-04-28 23:00:00,1,28354,7309,28351,1250,343
Breast,HCC1599,1058|1073,HCC1599@2016-12-13,2016-12-13 00:00:00,2016-12-17 00:00:00,1,24170,7309,24164,1250,269
Breast,HCC1599,1080|2169,HCC1599@2017-04-24,2017-04-24 23:00:00,2017-04-28 23:00:00,1,28355,7309,28351,1250,344
Breast,HCC1599,1083|1179,HCC1599@2016-07-13,2016-07-13 23:00:00,2016-07-17 23:00:00,1,17728,4671,17727,1250,270
Breast,HCC1599,1085|1086,HCC1599@2017-04-24,2017-04-24 23:00:00,2017-04-28 23:00:00,1,28356,7309,28351,1250,345
Breast,HCC1599,1096|1129,HCC1599@2017-04-24,2017-04-24 23:00:00,2017-04-28 23:00:00,1,28357,7309,28351,1250,346
Breast,HCC1599,1190|1191,HCC1599@2016-07-13,2016-07-13 23:00:00,2016-07-17 23:00:00,1,17729,4671,17727,1250,271
Breast,HCC1599,1192,HCC1599@2017-04-24,2017-04-24 23:00:00,2017-04-28 23:00:00,1,28358,7309,28351,1250,347
Breast,HCC1599,1372,HCC1599@2016-07-13,2016-07-13 23:00:00,2016-07-17 23:00:00,1,17730,4671,17727,1250,272
Breast,HCC1599,1373|2172,HCC1599@2017-04-03,2017-04-03 23:00:00,2017-04-07 23:00:00,1,27652,7309,,1250,352
Breast,HCC1599,1510|1549,HCC1599@2016-07-13,2016-07-13 23:00:00,2016-07-17 23:00:00,1,17732,4671,17727,1250,274
Breast,HCC1599,1553|1560,HCC1599@2017-04-03,2017-04-03 23:00:00,2017-04-07 23:00:00,1,27653,7309,,1250,353
Breast,HCC1599,1558|1559,HCC1599@2016-07-13,2016-07-13 23:00:00,2016-07-17 23:00:00,1,17733,4671,17727,1250,275
Breast,HCC1599,1561|1594,HCC1599@2016-07-13,2016-07-13 23:00:00,2016-07-17 23:00:00,1,17734,4671,17727,1250,276
Breast,HCC1599,1564|1593,HCC1599@2017-04-03,2017-04-03 23:00:00,2017-04-07 23:00:00,1,27654,7309,,1250,354
Breast,HCC1599,1632|1909,HCC1599@2017-04-03,2017-04-03 23:00:00,2017-04-07 23:00:00,1,27655,7309,,1250,355
Breast,HCC1806,1003|1013,HCC1806@2016-12-02,2016-12-02 00:00:00,2016-12-06 00:00:00,1,23628,6190,23627,325,341
Breast,HCC1806,1005|1007,HCC1806@2016-03-30,2016-03-30 23:00:00,2016-04-03 23:00:00,1,14482,6190,14481,325,264
Breast,HCC1806,1011|1012,HCC1806@2016-03-30,2016-03-30 23:00:00,2016-04-03 23:00:00,1,14483,6190,14481,325,265
Breast,HCC1806,1017|1375,HCC1806@2016-04-13,2016-04-13 23:00:00,2016-04-17 23:00:00,1,14740,6190,14736,325,273
Breast,HCC1806,1021|1022,HCC1806@2016-03-30,2016-03-30 23:00:00,2016-04-03 23:00:00,1,14484,6190,14481,325,266
Breast,HCC1806,1025|1030,HCC1806@2016-12-02,2016-12-02 00:00:00,2016-12-06 00:00:00,1,23629,6190,23627,325,342
Breast,HCC1806,1032|1038,HCC1806@2016-12-08,2016-12-08 00:00:00,2016-12-12 00:00:00,1,23869,6190,23868,325,349
Breast,HCC1806,1042|1046,HCC1806@2016-12-08,2016-12-08 00:00:00,2016-12-12 00:00:00,1,23870,6190,23868,325,350
Breast,HCC1806,1047|1049,HCC1806@2016-04-06,2016-04-06 23:00:00,2016-04-10 23:00:00,1,14620,6190,14619,325,267
Breast,HCC1806,1050|1051,HCC1806@2016-12-08,2016-12-08 00:00:00,2016-12-12 00:00:00,1,23871,6190,23868,325,351
Breast,HCC1806,1052|1059,HCC1806@2016-12-02,2016-12-02 00:00:00,2016-12-06 00:00:00,1,23630,6190,23627,325,343
Breast,HCC1806,1053|1054,HCC1806@2016-03-30,2016-03-30 23:00:00,2016-04-03 23:00:00,1,14485,6190,14481,325,268
Breast,HCC1806,1058|1073,HCC1806@2016-03-30,2016-03-30 23:00:00,2016-04-03 23:00:00,1,14486,6190,14481,325,269
Breast,HCC1806,1080|2169,HCC1806@2016-12-02,2016-12-02 00:00:00,2016-12-06 00:00:00,1,23631,6190,23627,325,344
Breast,HCC1806,1083|1179,HCC1806@2016-04-13,2016-04-13 23:00:00,2016-04-17 23:00:00,1,14737,6190,14736,325,270
Breast,HCC1806,1085,HCC1806@2016-12-02,2016-12-02 00:00:00,2016-12-06 00:00:00,1,23632,6190,23627,325,345
Breast,HCC1806,1096|1129,HCC1806@2016-12-02,2016-12-02 00:00:00,2016-12-06 00:00:00,1,23633,6190,23627,325,346
Breast,HCC1806,1190|1191,HCC1806@2016-04-13,2016-04-13 23:00:00,2016-04-17 23:00:00,1,14738,6190,14736,325,271
Breast,HCC1806,1192,HCC1806@2016-12-02,2016-12-02 00:00:00,2016-12-06 00:00:00,1,23634,6190,23627,325,347
Breast,HCC1806,1372,HCC1806@2016-04-13,2016-04-13 23:00:00,2016-04-17 23:00:00,1,14739,6190,14736,325,272
Breast,HCC1806,1373|2172,HCC1806@2016-12-08,2016-12-08 00:00:00,2016-12-12 00:00:00,1,23872,6190,23868,325,352
Breast,HCC1806,1510|1549,HCC1806@2016-04-13,2016-04-13 23:00:00,2016-04-17 23:00:00,1,14741,6190,14736,325,274
Breast,HCC1806,1553|1560,HCC1806@2016-12-08,2016-12-08 00:00:00,2016-12-12 00:00:00,1,23873,6190,23868,325,353
Breast,HCC1806,1558|1559,HCC1806@2016-04-13,2016-04-13 23:00:00,2016-04-17 23:00:00,1,14742,6190,14736,325,275
Breast,HCC1806,1561|1594,HCC1806@2016-04-13,2016-04-13 23:00:00,2016-04-17 23:00:00,1,14743,6190,14736,325,276
Breast,HCC1806,1564|1593,HCC1806@2016-12-08,2016-12-08 00:00:00,2016-12-12 00:00:00,1,23874,6190,23868,325,354
Breast,HCC1806,1632|1909,HCC1806@2016-12-08,2016-12-08 00:00:00,2016-12-12 00:00:00,1,23875,6190,23868,325,355
Breast,HCC1937,1003|1013,HCC1937@2017-03-02,2017-03-02 00:00:00,2017-03-06 00:00:00,1,26431,4850,26428,400,341
Breast,HCC1937,1003|1013,HCC1937@2017-06-25,2017-06-25 23:00:00,2017-06-29 23:00:00,2,30567|30568,4850,30565,400,341
Breast,HCC1937,1005|1007,HCC1937@2016-04-06,2016-04-06 23:00:00,2016-04-10 23:00:00,1,14583,4850,14582,400,264
Breast,HCC1937,1005|1007,HCC1937@2016-05-23,2016-05-23 23:00:00,2016-05-27 23:00:00,3,15902|15903|15904,4850,15901,400,264
Breast,HCC1937,1005|1007,HCC1937@2016-07-03,2016-07-03 23:00:00,2016-07-07 23:00:00,3,17250|17251|17252,4850,17249,400,264
Breast,HCC1937,1005|1007,HCC1937@2016-07-25,2016-07-25 23:00:00,2016-07-29 23:00:00,3,18073|18074|18075,4850,18072,400,264
Breast,HCC1937,1011|1012,HCC1937@2016-04-06,2016-04-06 23:00:00,2016-04-10 23:00:00,1,14584,4850,14582,400,265
Breast,HCC1937,1011|1012,HCC1937@2016-05-23,2016-05-23 23:00:00,2016-05-27 23:00:00,1,15905,4850,15901,400,265
Breast,HCC1937,1011|1012,HCC1937@2016-07-03,2016-07-03 23:00:00,2016-07-07 23:00:00,1,17253,4850,17249,400,265
Breast,HCC1937,1011|1012,HCC1937@2016-07-25,2016-07-25 23:00:00,2016-07-29 23:00:00,1,18076,4850,18072,400,265
Breast,HCC1937,1017|1375,HCC1937@2016-05-02,2016-05-02 23:00:00,2016-05-06 23:00:00,1,14939,4850,14935,400,273
Breast,HCC1937,1017|1375,HCC1937@2016-05-30,2016-05-30 23:00:00,2016-06-03 23:00:00,1,16043,4850,16037,400,273
Breast,HCC1937,1017|1375,HCC1937@2016-07-06,2016-07-06 23:00:00,2016-07-10 23:00:00,1,17385,4850,17379,400,273
Breast,HCC1937,1017|1375,HCC1937@2016-07-31,2016-07-31 23:00:00,2016-08-04 23:00:00,1,18172,4850,18166,400,273
Breast,HCC1937,1021|1022,HCC1937@2016-04-06,2016-04-06 23:00:00,2016-04-10 23:00:00,1,14585,4850,14582,400,266
Breast,HCC1937,1021|1022,HCC1937@2016-05-23,2016-05-23 23:00:00,2016-05-27 23:00:00,1,15906,4850,15901,400,266
Breast,HCC1937,1021|1022,HCC1937@2016-07-03,2016-07-03 23:00:00,2016-07-07 23:00:00,1,17254,4850,17249,400,266
Breast,HCC1937,1021|1022,HCC1937@2016-07-25,2016-07-25 23:00:00,2016-07-29 23:00:00,1,18077,4850,18072,400,266
Breast,HCC1937,1025|1030,HCC1937@2017-03-02,2017-03-02 00:00:00,2017-03-06 00:00:00,1,26432,4850,26428,400,342
Breast,HCC1937,1025|1030,HCC1937@2017-06-25,2017-06-25 23:00:00,2017-06-29 23:00:00,1,30569,4850,30565,400,342
Breast,HCC1937,1032|1038,HCC1937@2017-02-23,2017-02-23 00:00:00,2017-02-27 00:00:00,2,26083|26084,4850,26082,400,349
Breast,HCC1937,1032|1038,HCC1937@2017-05-04,2017-05-04 23:00:00,2017-05-08 23:00:00,2,28682|28683,4850,28680,400,349
Breast,HCC1937,1032|1038,HCC1937@2017-06-26,2017-06-26 23:00:00,2017-06-30 23:00:00,2,30631|30633,4850,30630,400,349
Breast,HCC1937,1042|1046,HCC1937@2017-02-23,2017-02-23 00:00:00,2017-02-27 00:00:00,1,26086,4850,26082,400,350
Breast,HCC1937,1042|1046,HCC1937@2017-05-04,2017-05-04 23:00:00,2017-05-08 23:00:00,1,28684,4850,28680,400,350
Breast,HCC1937,1042|1046,HCC1937@2017-06-26,2017-06-26 23:00:00,2017-06-30 23:00:00,1,30634,4850,30630,400,350
Breast,HCC1937,1047|1049,HCC1937@2016-04-06,2016-04-06 23:00:00,2016-04-10 23:00:00,1,14586,4850,14582,400,267
Breast,HCC1937,1047|1049,HCC1937@2016-05-23,2016-05-23 23:00:00,2016-05-27 23:00:00,1,15907,4850,15901,400,267
Breast,HCC1937,1047|1049,HCC1937@2016-07-03,2016-07-03 23:00:00,2016-07-07 23:00:00,1,17255,4850,17249,400,267
Breast,HCC1937,1047|1049,HCC1937@2016-07-25,2016-07-25 23:00:00,2016-07-29 23:00:00,1,18078,4850,18072,400,267
Breast,HCC1937,1050|1051,HCC1937@2017-02-23,2017-02-23 00:00:00,2017-02-27 00:00:00,1,26087,4850,26082,400,351
Breast,HCC1937,1052|1059,HCC1937@2017-03-02,2017-03-02 00:00:00,2017-03-06 00:00:00,1,26433,4850,26428,400,343
Breast,HCC1937,1052|1059,HCC1937@2017-06-25,2017-06-25 23:00:00,2017-06-29 23:00:00,1,30570,4850,30565,400,343
Breast,HCC1937,1053|1054,HCC1937@2016-04-06,2016-04-06 23:00:00,2016-04-10 23:00:00,1,14587,4850,14582,400,268
Breast,HCC1937,1053|1054,HCC1937@2016-05-23,2016-05-23 23:00:00,2016-05-27 23:00:00,1,15908,4850,15901,400,268
Breast,HCC1937,1053|1054,HCC1937@2016-07-03,2016-07-03 23:00:00,2016-07-07 23:00:00,1,17256,4850,17249,400,268
Breast,HCC1937,1053|1054,HCC1937@2016-07-25,2016-07-25 23:00:00,2016-07-29 23:00:00,1,18079,4850,18072,400,268
Breast,HCC1937,1058|1073,HCC1937@2016-04-06,2016-04-06 23:00:00,2016-04-10 23:00:00,1,14588,4850,14582,400,269
Breast,HCC1937,1058|1073,HCC1937@2016-05-23,2016-05-23 23:00:00,2016-05-27 23:00:00,1,15909,4850,15901,400,269
Breast,HCC1937,1058|1073,HCC1937@2016-07-03,2016-07-03 23:00:00,2016-07-07 23:00:00,1,17257,4850,17249,400,269
Breast,HCC1937,1058|1073,HCC1937@2016-07-25,2016-07-25 23:00:00,2016-07-29 23:00:00,1,18080,4850,18072,400,269
Breast,HCC1937,1080|2169,HCC1937@2017-06-28,2017-06-28 23:00:00,2017-07-02 23:00:00,1,30673,4850,30672,400,344
Breast,HCC1937,1083|1179,HCC1937@2016-05-09,2016-05-09 23:00:00,2016-05-13 23:00:00,1,15172,4850,15171,400,270
Breast,HCC1937,1083|1179,HCC1937@2016-05-30,2016-05-30 23:00:00,2016-06-03 23:00:00,3,16038|16039|16040,4850,16037,400,270
Breast,HCC1937,1083|1179,HCC1937@2016-07-06,2016-07-06 23:00:00,2016-07-10 23:00:00,3,17380|17381|17382,4850,17379,400,270
Breast,HCC1937,1083|1179,HCC1937@2016-07-31,2016-07-31 23:00:00,2016-08-04 23:00:00,3,18167|18168|18169,4850,18166,400,270
Breast,HCC1937,1085|1086,HCC1937@2017-06-28,2017-06-28 23:00:00,2017-07-02 23:00:00,1,30674,4850,30672,400,345
Breast,HCC1937,1096|1129,HCC1937@2017-06-28,2017-06-28 23:00:00,2017-07-02 23:00:00,1,30675,4850,30672,400,346
Breast,HCC1937,1190|1191,HCC1937@2016-05-09,2016-05-09 23:00:00,2016-05-13 23:00:00,1,15173,4850,15171,400,271
Breast,HCC1937,1190|1191,HCC1937@2016-05-30,2016-05-30 23:00:00,2016-06-03 23:00:00,1,16041,4850,16037,400,271
Breast,HCC1937,1190|1191,HCC1937@2016-07-06,2016-07-06 23:00:00,2016-07-10 23:00:00,1,17383,4850,17379,400,271
Breast,HCC1937,1190|1191,HCC1937@2016-07-31,2016-07-31 23:00:00,2016-08-04 23:00:00,1,18170,4850,18166,400,271
Breast,HCC1937,1192,HCC1937@2017-06-25,2017-06-25 23:00:00,2017-06-29 23:00:00,1,30574,4850,30565,400,347
Breast,HCC1937,1192,HCC1937@2017-06-28,2017-06-28 23:00:00,2017-07-02 23:00:00,1,30676,4850,30672,400,347
Breast,HCC1937,1372,HCC1937@2016-05-02,2016-05-02 23:00:00,2016-05-06 23:00:00,1,14938,4850,14935,400,272
Breast,HCC1937,1372,HCC1937@2016-05-30,2016-05-30 23:00:00,2016-06-03 23:00:00,1,16042,4850,16037,400,272
Breast,HCC1937,1372,HCC1937@2016-07-06,2016-07-06 23:00:00,2016-07-10 23:00:00,1,17384,4850,17379,400,272
Breast,HCC1937,1372,HCC1937@2016-07-31,2016-07-31 23:00:00,2016-08-04 23:00:00,1,18171,4850,18166,400,272
Breast,HCC1937,1373|2172,HCC1937@2017-02-23,2017-02-23 00:00:00,2017-02-27 00:00:00,1,26088,4850,26082,400,352
Breast,HCC1937,1373|2172,HCC1937@2017-05-04,2017-05-04 23:00:00,2017-05-08 23:00:00,1,28686,4850,28680,400,352
Breast,HCC1937,1373|2172,HCC1937@2017-06-26,2017-06-26 23:00:00,2017-06-30 23:00:00,1,30636,4850,30630,400,352
Breast,HCC1937,1510|1549,HCC1937@2016-05-02,2016-05-02 23:00:00,2016-05-06 23:00:00,1,14940,4850,14935,400,274
Breast,HCC1937,1510|1549,HCC1937@2016-05-30,2016-05-30 23:00:00,2016-06-03 23:00:00,1,16044,4850,16037,400,274
Breast,HCC1937,1510|1549,HCC1937@2016-07-06,2016-07-06 23:00:00,2016-07-10 23:00:00,1,17386,4850,17379,400,274
Breast,HCC1937,1510|1549,HCC1937@2016-07-31,2016-07-31 23:00:00,2016-08-04 23:00:00,1,18173,4850,18166,400,274
Breast,HCC1937,1553|1560,HCC1937@2017-02-23,2017-02-23 00:00:00,2017-02-27 00:00:00,1,26089,4850,26082,400,353
Breast,HCC1937,1558|1559,HCC1937@2016-05-02,2016-05-02 23:00:00,2016-05-06 23:00:00,1,14941,4850,14935,400,275
Breast,HCC1937,1558|1559,HCC1937@2016-05-30,2016-05-30 23:00:00,2016-06-03 23:00:00,1,16045,4850,16037,400,275
Breast,HCC1937,1558|1559,HCC1937@2016-07-06,2016-07-06 23:00:00,2016-07-10 23:00:00,1,17387,4850,17379,400,275
Breast,HCC1937,1558|1559,HCC1937@2016-07-31,2016-07-31 23:00:00,2016-08-04 23:00:00,1,18174,4850,18166,400,275
Breast,HCC1937,1561|1594,HCC1937@2016-05-02,2016-05-02 23:00:00,2016-05-06 23:00:00,1,14942,4850,14935,400,276
Breast,HCC1937,1561|1594,HCC1937@2016-05-30,2016-05-30 23:00:00,2016-06-03 23:00:00,1,16046,4850,16037,400,276
Breast,HCC1937,1561|1594,HCC1937@2016-07-06,2016-07-06 23:00:00,2016-07-10 23:00:00,1,17388,4850,17379,400,276
Breast,HCC1937,1561|1594,HCC1937@2016-07-31,2016-07-31 23:00:00,2016-08-04 23:00:00,1,18175,4850,18166,400,276
Breast,HCC1937,1564|1593,HCC1937@2017-06-26,2017-06-26 23:00:00,2017-06-30 23:00:00,1,30638,4850,30630,400,354
Breast,HCC1937,1564|1593,HCC1937@2017-06-28,2017-06-28 23:00:00,2017-07-02 23:00:00,1,30677,4850,30672,400,354
Breast,HCC1954,1003|1013,HCC1954@2016-12-06,2016-12-06 00:00:00,2016-12-10 00:00:00,1,23785,6570,23784,1000,341
Breast,HCC1954,1005|1007,HCC1954@2016-05-04,2016-05-04 23:00:00,2016-05-08 23:00:00,1,15010,6570,15009,1000,264
Breast,HCC1954,1011|1012,HCC1954@2016-05-04,2016-05-04 23:00:00,2016-05-08 23:00:00,1,15011,6570,15009,1000,265
Breast,HCC1954,1017|1375,HCC1954@2016-06-08,2016-06-08 23:00:00,2016-06-12 23:00:00,1,16422,6570,16418,1000,273
Breast,HCC1954,1021|1022,HCC1954@2016-05-04,2016-05-04 23:00:00,2016-05-08 23:00:00,1,15012,6570,15009,1000,266
Breast,HCC1954,1025|1030,HCC1954@2016-12-06,2016-12-06 00:00:00,2016-12-10 00:00:00,1,23786,6570,23784,1000,342
Breast,HCC1954,1032|1038,HCC1954@2016-12-09,2016-12-09 00:00:00,2016-12-13 00:00:00,1,23941,6570,23940,1000,349
Breast,HCC1954,1042|1046,HCC1954@2016-12-09,2016-12-09 00:00:00,2016-12-13 00:00:00,1,23942,6570,23940,1000,350
Breast,HCC1954,1047|1049,HCC1954@2016-05-04,2016-05-04 23:00:00,2016-05-08 23:00:00,1,15013,6570,15009,1000,267
Breast,HCC1954,1050|1051,HCC1954@2016-12-09,2016-12-09 00:00:00,2016-12-13 00:00:00,1,23943,6570,23940,1000,351
Breast,HCC1954,1052|1059,HCC1954@2016-12-06,2016-12-06 00:00:00,2016-12-10 00:00:00,1,23787,6570,23784,1000,343
Breast,HCC1954,1053|1054,HCC1954@2016-05-04,2016-05-04 23:00:00,2016-05-08 23:00:00,1,15014,6570,15009,1000,268
Breast,HCC1954,1058|1073,HCC1954@2016-05-04,2016-05-04 23:00:00,2016-05-08 23:00:00,1,15015,6570,15009,1000,269
Breast,HCC1954,1080|2169,HCC1954@2016-12-06,2016-12-06 00:00:00,2016-12-10 00:00:00,1,23788,6570,23784,1000,344
Breast,HCC1954,1083|1179,HCC1954@2016-06-08,2016-06-08 23:00:00,2016-06-12 23:00:00,1,16419,6570,16418,1000,270
Breast,HCC1954,1085,HCC1954@2016-12-06,2016-12-06 00:00:00,2016-12-10 00:00:00,1,23789,6570,23784,1000,345
Breast,HCC1954,1096|1129,HCC1954@2016-12-06,2016-12-06 00:00:00,2016-12-10 00:00:00,1,23790,6570,23784,1000,346
Breast,HCC1954,1190|1191,HCC1954@2016-06-08,2016-06-08 23:00:00,2016-06-12 23:00:00,1,16420,6570,16418,1000,271
Breast,HCC1954,1192,HCC1954@2016-12-06,2016-12-06 00:00:00,2016-12-10 00:00:00,1,23791,6570,23784,1000,347
Breast,HCC1954,1372,HCC1954@2016-06-08,2016-06-08 23:00:00,2016-06-12 23:00:00,1,16421,6570,16418,1000,272
Breast,HCC1954,1373|2172,HCC1954@2016-12-09,2016-12-09 00:00:00,2016-12-13 00:00:00,1,23944,6570,23940,1000,352
Breast,HCC1954,1510|1549,HCC1954@2016-06-08,2016-06-08 23:00:00,2016-06-12 23:00:00,1,16423,6570,16418,1000,274
Breast,HCC1954,1553|1560,HCC1954@2016-12-09,2016-12-09 00:00:00,2016-12-13 00:00:00,1,23945,6570,23940,1000,353
Breast,HCC1954,1558|1559,HCC1954@2016-06-08,2016-06-08 23:00:00,2016-06-12 23:00:00,1,16424,6570,16418,1000,275
Breast,HCC1954,1561|1594,HCC1954@2016-06-08,2016-06-08 23:00:00,2016-06-12 23:00:00,1,16425,6570,16418,1000,276
Breast,HCC1954,1564|1593,HCC1954@2016-12-09,2016-12-09 00:00:00,2016-12-13 00:00:00,1,23946,6570,23940,1000,354
Breast,HCC1954,1632|1909,HCC1954@2016-12-09,2016-12-09 00:00:00,2016-12-13 00:00:00,1,23947,6570,23940,1000,355
Breast,HCC202,1005|1007,HCC202@2016-06-13,2016-06-13 23:00:00,2016-06-17 23:00:00,1,16630,2774,16629,1250,264
Breast,HCC202,1011|1012,HCC202@2016-07-24,2016-07-24 23:00:00,2016-07-28 23:00:00,1,18028,2774,18027,1250,265
Breast,HCC202,1021|1022,HCC202@2016-07-24,2016-07-24 23:00:00,2016-07-28 23:00:00,1,18029,2774,18027,1250,266
Breast,HCC202,1047|1049,HCC202@2016-06-13,2016-06-13 23:00:00,2016-06-17 23:00:00,1,16633,2774,16629,1250,267
Breast,HCC202,1053|1054,HCC202@2016-06-13,2016-06-13 23:00:00,2016-06-17 23:00:00,1,16634,2774,16629,1250,268
Breast,HCC202,1058|1073,HCC202@2016-06-13,2016-06-13 23:00:00,2016-06-17 23:00:00,1,16635,2774,16629,1250,269
Breast,HCC2157,1005|1007,HCC2157@2016-05-19,2016-05-19 23:00:00,2016-05-23 23:00:00,1,15783,2775,15782,625,264
Breast,HCC2157,1011|1012,HCC2157@2016-05-19,2016-05-19 23:00:00,2016-05-23 23:00:00,1,15784,2775,15782,625,265
Breast,HCC2157,1017|1375,HCC2157@2016-05-05,2016-05-05 23:00:00,2016-05-09 23:00:00,1,15054,2775,15050,625,273
Breast,HCC2157,1021|1022,HCC2157@2016-05-19,2016-05-19 23:00:00,2016-05-23 23:00:00,1,15785,2775,15782,625,266
Breast,HCC2157,1047|1049,HCC2157@2016-05-19,2016-05-19 23:00:00,2016-05-23 23:00:00,1,15786,2775,15782,625,267
Breast,HCC2157,1053|1054,HCC2157@2016-05-19,2016-05-19 23:00:00,2016-05-23 23:00:00,1,15787,2775,15782,625,268
Breast,HCC2157,1058|1073,HCC2157@2016-05-19,2016-05-19 23:00:00,2016-05-23 23:00:00,1,15788,2775,15782,625,269
Breast,HCC2157,1083|1179,HCC2157@2016-05-05,2016-05-05 23:00:00,2016-05-09 23:00:00,1,15051,2775,15050,625,270
Breast,HCC2157,1190|1191,HCC2157@2016-05-05,2016-05-05 23:00:00,2016-05-09 23:00:00,1,15052,2775,15050,625,271
Breast,HCC2157,1372,HCC2157@2016-05-05,2016-05-05 23:00:00,2016-05-09 23:00:00,1,15053,2775,15050,625,272
Breast,HCC2157,1510|1549,HCC2157@2016-05-05,2016-05-05 23:00:00,2016-05-09 23:00:00,1,15055,2775,15050,625,274
Breast,HCC2157,1558|1559,HCC2157@2016-05-05,2016-05-05 23:00:00,2016-05-09 23:00:00,1,15056,2775,15050,625,275
Breast,HCC2157,1561|1594,HCC2157@2016-05-05,2016-05-05 23:00:00,2016-05-09 23:00:00,1,15057,2775,15050,625,276
Breast,HCC2218,1003|1013,HCC2218@2017-03-23,2017-03-23 00:00:00,2017-03-26 23:00:00,1,27328,6412,27327,2000,341
Breast,HCC2218,1005|1007,HCC2218@2016-07-07,2016-07-07 23:00:00,2016-07-11 23:00:00,1,17493,6412,17492,2000,264
Breast,HCC2218,1011|1012,HCC2218@2016-07-07,2016-07-07 23:00:00,2016-07-11 23:00:00,1,17494,6412,17492,2000,265
Breast,HCC2218,1021|1022,HCC2218@2016-07-07,2016-07-07 23:00:00,2016-07-11 23:00:00,1,17495,6412,17492,2000,266
Breast,HCC2218,1025|1030,HCC2218@2017-03-23,2017-03-23 00:00:00,2017-03-26 23:00:00,1,27329,6412,27327,2000,342
Breast,HCC2218,1038,HCC2218@2017-02-09,2017-02-09 00:00:00,2017-02-13 00:00:00,1,25459,6412,25458,2000,349
Breast,HCC2218,1042|1046,HCC2218@2017-02-09,2017-02-09 00:00:00,2017-02-13 00:00:00,1,25460,6412,25458,2000,350
Breast,HCC2218,1047|1049,HCC2218@2016-07-07,2016-07-07 23:00:00,2016-07-11 23:00:00,1,17496,6412,17492,2000,267
Breast,HCC2218,1050|1051,HCC2218@2017-02-09,2017-02-09 00:00:00,2017-02-13 00:00:00,1,25461,6412,25458,2000,351
Breast,HCC2218,1052|1059,HCC2218@2017-04-03,2017-04-03 23:00:00,2017-04-07 23:00:00,1,27657,6412,,2000,343
Breast,HCC2218,1053,HCC2218@2016-07-07,2016-07-07 23:00:00,2016-07-11 23:00:00,1,17497,6412,17492,2000,268
Breast,HCC2218,1058|1073,HCC2218@2016-07-07,2016-07-07 23:00:00,2016-07-11 23:00:00,1,17498,6412,17492,2000,269
Breast,HCC2218,1080|2169,HCC2218@2017-04-03,2017-04-03 23:00:00,2017-04-07 23:00:00,1,27658,6412,,2000,344
Breast,HCC2218,1083|1179,HCC2218@2016-07-31,2016-07-31 23:00:00,2016-08-04 23:00:00,1,18185,6412,18184,2000,270
Breast,HCC2218,1086,HCC2218@2017-03-23,2017-03-23 00:00:00,2017-03-26 23:00:00,1,27332,6412,27327,2000,345
Breast,HCC2218,1096|1129,HCC2218@2017-03-23,2017-03-23 00:00:00,2017-03-26 23:00:00,1,27333,6412,27327,2000,346
Breast,HCC2218,1190|1191,HCC2218@2016-07-31,2016-07-31 23:00:00,2016-08-04 23:00:00,1,18186,6412,18184,2000,271
Breast,HCC2218,1192,HCC2218@2017-03-23,2017-03-23 00:00:00,2017-03-26 23:00:00,1,27334,6412,27327,2000,347
Breast,HCC2218,1372,HCC2218@2016-07-31,2016-07-31 23:00:00,2016-08-04 23:00:00,1,18187,6412,18184,2000,272
Breast,HCC2218,1373|2172,HCC2218@2017-02-09,2017-02-09 00:00:00,2017-02-13 00:00:00,1,25462,6412,25458,2000,352
Breast,HCC2218,1510|1549,HCC2218@2016-07-31,2016-07-31 23:00:00,2016-08-04 23:00:00,1,18189,6412,18184,2000,274
Breast,HCC2218,1553|1560,HCC2218@2017-02-09,2017-02-09 00:00:00,2017-02-13 00:00:00,1,25463,6412,25458,2000,353
Breast,HCC2218,1558|1559,HCC2218@2016-07-31,2016-07-31 23:00:00,2016-08-04 23:00:00,1,18190,6412,18184,2000,275
Breast,HCC2218,1561|1594,HCC2218@2016-07-31,2016-07-31 23:00:00,2016-08-04 23:00:00,1,18191,6412,18184,2000,276
Breast,HCC2218,1564|1593,HCC2218@2017-02-09,2017-02-09 00:00:00,2017-02-13 00:00:00,1,25464,6412,25458,2000,354
Breast,HCC2218,1632|1909,HCC2218@2017-02-09,2017-02-09 00:00:00,2017-02-13 00:00:00,1,25465,6412,25458,2000,355
Breast,HCC38,1003|1013,HCC38@2016-12-06,2016-12-06 00:00:00,2016-12-10 00:00:00,1,23753,6955,23752,625,341
Breast,HCC38,1005|1007,HCC38@2016-06-06,2016-06-06 23:00:00,2016-06-10 23:00:00,1,16334,2782,16333,625,264
Breast,HCC38,1011|1012,HCC38@2016-06-06,2016-06-06 23:00:00,2016-06-10 23:00:00,1,16335,2782,16333,625,265
Breast,HCC38,1017|1375,HCC38@2016-07-10,2016-07-10 23:00:00,2016-07-14 23:00:00,1,17525,2782,17521,625,273
Breast,HCC38,1021|1022,HCC38@2016-06-06,2016-06-06 23:00:00,2016-06-10 23:00:00,1,16336,2782,16333,625,266
Breast,HCC38,1025|1030,HCC38@2016-12-06,2016-12-06 00:00:00,2016-12-10 00:00:00,1,23754,6955,23752,625,342
Breast,HCC38,1032|1038,HCC38@2016-12-15,2016-12-15 00:00:00,2016-12-19 00:00:00,1,24308,6955,24307,625,349
Breast,HCC38,1042|1046,HCC38@2016-12-15,2016-12-15 00:00:00,2016-12-19 00:00:00,1,24309,6955,24307,625,350
Breast,HCC38,1047|1049,HCC38@2016-06-06,2016-06-06 23:00:00,2016-06-10 23:00:00,1,16337,2782,16333,625,267
Breast,HCC38,1050|1051,HCC38@2016-12-15,2016-12-15 00:00:00,2016-12-19 00:00:00,1,24310,6955,24307,625,351
Breast,HCC38,1052|1059,HCC38@2016-12-06,2016-12-06 00:00:00,2016-12-10 00:00:00,1,23755,6955,23752,625,343
Breast,HCC38,1053|1054,HCC38@2016-06-06,2016-06-06 23:00:00,2016-06-10 23:00:00,1,16338,2782,16333,625,268
Breast,HCC38,1058|1073,HCC38@2016-06-06,2016-06-06 23:00:00,2016-06-10 23:00:00,1,16339,2782,16333,625,269
Breast,HCC38,1080|2169,HCC38@2016-12-06,2016-12-06 00:00:00,2016-12-10 00:00:00,1,23756,6955,23752,625,344
Breast,HCC38,1083|1179,HCC38@2016-07-10,2016-07-10 23:00:00,2016-07-14 23:00:00,1,17522,2782,17521,625,270
Breast,HCC38,1085|1086,HCC38@2016-12-06,2016-12-06 00:00:00,2016-12-10 00:00:00,1,23757,6955,23752,625,345
Breast,HCC38,1096|1129,HCC38@2016-12-06,2016-12-06 00:00:00,2016-12-10 00:00:00,1,23758,6955,23752,625,346
Breast,HCC38,1190|1191,HCC38@2016-07-10,2016-07-10 23:00:00,2016-07-14 23:00:00,1,17523,2782,17521,625,271
Breast,HCC38,1192,HCC38@2016-12-06,2016-12-06 00:00:00,2016-12-10 00:00:00,1,23759,6955,23752,625,347
Breast,HCC38,1372,HCC38@2016-07-10,2016-07-10 23:00:00,2016-07-14 23:00:00,1,17524,2782,17521,625,272
Breast,HCC38,1373|2172,HCC38@2016-12-15,2016-12-15 00:00:00,2016-12-19 00:00:00,1,24311,6955,24307,625,352
Breast,HCC38,1510|1549,HCC38@2016-07-10,2016-07-10 23:00:00,2016-07-14 23:00:00,1,17526,2782,17521,625,274
Breast,HCC38,1553|1560,HCC38@2016-12-15,2016-12-15 00:00:00,2016-12-19 00:00:00,1,24312,6955,24307,625,353
Breast,HCC38,1558|1559,HCC38@2016-07-10,2016-07-10 23:00:00,2016-07-14 23:00:00,1,17527,2782,17521,625,275
Breast,HCC38,1561|1594,HCC38@2016-07-10,2016-07-10 23:00:00,2016-07-14 23:00:00,1,17528,2782,17521,625,276
Breast,HCC38,1564|1593,HCC38@2016-12-15,2016-12-15 00:00:00,2016-12-19 00:00:00,1,24313,6955,24307,625,354
Breast,HCC38,1632|1909,HCC38@2016-12-15,2016-12-15 00:00:00,2016-12-19 00:00:00,1,24314,6955,24307,625,355
Breast,HCC70,1003|1013,HCC70@2016-12-06,2016-12-06 00:00:00,2016-12-10 00:00:00,1,23737,7310,23736,1000,341
Breast,HCC70,1005|1007,HCC70@2016-06-13,2016-06-13 23:00:00,2016-06-17 23:00:00,1,16644,2785,16643,1000,264
Breast,HCC70,1011|1012,HCC70@2016-06-13,2016-06-13 23:00:00,2016-06-17 23:00:00,1,16645,2785,16643,1000,265
Breast,HCC70,1017|1375,HCC70@2016-06-22,2016-06-22 23:00:00,2016-06-26 23:00:00,1,16942,2785,16938,1000,273
Breast,HCC70,1021|1022,HCC70@2016-06-13,2016-06-13 23:00:00,2016-06-17 23:00:00,1,16646,2785,16643,1000,266
Breast,HCC70,1025|1030,HCC70@2016-12-06,2016-12-06 00:00:00,2016-12-10 00:00:00,1,23738,7310,23736,1000,342
Breast,HCC70,1032|1038,HCC70@2017-03-16,2017-03-16 00:00:00,2017-03-20 00:00:00,1,27072,7310,27071,1000,349
Breast,HCC70,1042|1046,HCC70@2017-03-16,2017-03-16 00:00:00,2017-03-20 00:00:00,1,27073,7310,27071,1000,350
Breast,HCC70,1047|1049,HCC70@2016-06-13,2016-06-13 23:00:00,2016-06-17 23:00:00,1,16647,2785,16643,1000,267
Breast,HCC70,1050|1051,HCC70@2017-02-09,2017-02-09 00:00:00,2017-02-13 00:00:00,1,25469,7310,25466,1000,351
Breast,HCC70,1052|1059,HCC70@2016-12-06,2016-12-06 00:00:00,2016-12-10 00:00:00,1,23739,7310,23736,1000,343
Breast,HCC70,1053|1054,HCC70@2016-06-13,2016-06-13 23:00:00,2016-06-17 23:00:00,1,16648,2785,16643,1000,268
Breast,HCC70,1058|1073,HCC70@2016-06-13,2016-06-13 23:00:00,2016-06-17 23:00:00,1,16649,2785,16643,1000,269
Breast,HCC70,1080|2169,HCC70@2016-12-06,2016-12-06 00:00:00,2016-12-10 00:00:00,1,23740,7310,23736,1000,344
Breast,HCC70,1083|1179,HCC70@2016-06-22,2016-06-22 23:00:00,2016-06-26 23:00:00,1,16939,2785,16938,1000,270
Breast,HCC70,1085|1086,HCC70@2016-12-06,2016-12-06 00:00:00,2016-12-10 00:00:00,1,23741,7310,23736,1000,345
Breast,HCC70,1096|1129,HCC70@2016-12-06,2016-12-06 00:00:00,2016-12-10 00:00:00,1,23742,7310,23736,1000,346
Breast,HCC70,1190|1191,HCC70@2016-06-22,2016-06-22 23:00:00,2016-06-26 23:00:00,1,16940,2785,16938,1000,271
Breast,HCC70,1192,HCC70@2016-12-06,2016-12-06 00:00:00,2016-12-10 00:00:00,1,23743,7310,23736,1000,347
Breast,HCC70,1372,HCC70@2016-06-22,2016-06-22 23:00:00,2016-06-26 23:00:00,1,16941,2785,16938,1000,272
Breast,HCC70,1373|2172,HCC70@2017-02-09,2017-02-09 00:00:00,2017-02-13 00:00:00,1,25470,7310,25466,1000,352
Breast,HCC70,1510|1549,HCC70@2016-06-22,2016-06-22 23:00:00,2016-06-26 23:00:00,1,16943,2785,16938,1000,274
Breast,HCC70,1553|1560,HCC70@2017-02-09,2017-02-09 00:00:00,2017-02-13 00:00:00,1,25471,7310,25466,1000,353
Breast,HCC70,1558|1559,HCC70@2016-06-22,2016-06-22 23:00:00,2016-06-26 23:00:00,1,16944,2785,16938,1000,275
Breast,HCC70,1561|1594,HCC70@2016-06-22,2016-06-22 23:00:00,2016-06-26 23:00:00,1,16945,2785,16938,1000,276
Breast,HCC70,1593,HCC70@2017-02-09,2017-02-09 00:00:00,2017-02-13 00:00:00,1,25472,7310,25466,1000,354
Breast,HCC70,1632|1909,HCC70@2017-02-09,2017-02-09 00:00:00,2017-02-13 00:00:00,1,25473,7310,25466,1000,355
Breast,HDQ-P1,1003|1013,HDQ-P1@2017-01-30,2017-01-30 00:00:00,2017-02-03 00:00:00,1,25054,2795,25053,300,341
Breast,HDQ-P1,1005|1007,HDQ-P1@2016-03-30,2016-03-30 23:00:00,2016-04-03 23:00:00,1,14494,2795,14493,300,264
Breast,HDQ-P1,1011|1012,HDQ-P1@2016-03-30,2016-03-30 23:00:00,2016-04-03 23:00:00,1,14495,2795,14493,300,265
Breast,HDQ-P1,1017|1375,HDQ-P1@2016-04-14,2016-04-14 23:00:00,2016-04-18 23:00:00,1,14772,2795,14768,300,273
Breast,HDQ-P1,1021|1022,HDQ-P1@2016-03-30,2016-03-30 23:00:00,2016-04-03 23:00:00,1,14496,2795,14493,300,266
Breast,HDQ-P1,1025|1030,HDQ-P1@2017-01-30,2017-01-30 00:00:00,2017-02-03 00:00:00,1,25055,2795,25053,300,342
Breast,HDQ-P1,1032|1038,HDQ-P1@2017-04-24,2017-04-24 23:00:00,2017-04-28 23:00:00,1,28375,2795,28374,300,349
Breast,HDQ-P1,1042|1046,HDQ-P1@2017-04-03,2017-04-03 23:00:00,2017-04-07 23:00:00,1,27661,2795,,300,350
Breast,HDQ-P1,1047|1049,HDQ-P1@2016-04-10,2016-04-10 23:00:00,2016-04-14 23:00:00,1,14638,2795,14637,300,267
Breast,HDQ-P1,1050|1051,HDQ-P1@2017-04-24,2017-04-24 23:00:00,2017-04-28 23:00:00,1,28376,2795,28374,300,351
Breast,HDQ-P1,1052|1059,HDQ-P1@2017-01-30,2017-01-30 00:00:00,2017-02-03 00:00:00,1,25056,2795,25053,300,343
Breast,HDQ-P1,1053|1054,HDQ-P1@2016-03-30,2016-03-30 23:00:00,2016-04-03 23:00:00,1,14497,2795,14493,300,268
Breast,HDQ-P1,1058|1073,HDQ-P1@2016-03-30,2016-03-30 23:00:00,2016-04-03 23:00:00,1,14498,2795,14493,300,269
Breast,HDQ-P1,1080|2169,HDQ-P1@2017-01-30,2017-01-30 00:00:00,2017-02-03 00:00:00,1,25057,2795,25053,300,344
Breast,HDQ-P1,1083|1179,HDQ-P1@2016-05-02,2016-05-02 23:00:00,2016-05-06 23:00:00,1,14970,2795,14969,300,270
Breast,HDQ-P1,1085|1086,HDQ-P1@2017-01-30,2017-01-30 00:00:00,2017-02-03 00:00:00,1,25058,2795,25053,300,345
Breast,HDQ-P1,1096|1129,HDQ-P1@2017-01-30,2017-01-30 00:00:00,2017-02-03 00:00:00,1,25059,2795,25053,300,346
Breast,HDQ-P1,1190|1191,HDQ-P1@2016-04-14,2016-04-14 23:00:00,2016-04-18 23:00:00,1,14770,2795,14768,300,271
Breast,HDQ-P1,1192,HDQ-P1@2017-03-29,2017-03-29 23:00:00,2017-04-02 23:00:00,1,27520,2795,27519,300,347
Breast,HDQ-P1,1372,HDQ-P1@2016-04-14,2016-04-14 23:00:00,2016-04-18 23:00:00,1,14771,2795,14768,300,272
Breast,HDQ-P1,1373|2172,HDQ-P1@2017-04-03,2017-04-03 23:00:00,2017-04-07 23:00:00,1,27663,2795,,300,352
Breast,HDQ-P1,1510|1549,HDQ-P1@2016-04-14,2016-04-14 23:00:00,2016-04-18 23:00:00,1,14773,2795,14768,300,274
Breast,HDQ-P1,1553|1560,HDQ-P1@2017-04-03,2017-04-03 23:00:00,2017-04-07 23:00:00,1,27664,2795,,300,353
Breast,HDQ-P1,1558|1559,HDQ-P1@2016-04-14,2016-04-14 23:00:00,2016-04-18 23:00:00,1,14774,2795,14768,300,275
Breast,HDQ-P1,1561|1594,HDQ-P1@2016-04-14,2016-04-14 23:00:00,2016-04-18 23:00:00,1,14775,2795,14768,300,276
Breast,HDQ-P1,1564|1593,HDQ-P1@2017-04-03,2017-04-03 23:00:00,2017-04-07 23:00:00,1,27665,2795,,300,354
Breast,HDQ-P1,1632|1909,HDQ-P1@2017-04-03,2017-04-03 23:00:00,2017-04-07 23:00:00,1,27666,2795,,300,355
Breast,Hs-578-T,1003,Hs-578-T@2017-03-16,2017-03-16 00:00:00,2017-03-20 00:00:00,1,27075,7249,27074,125,341
Breast,Hs-578-T,1005|1007,Hs-578-T@2016-11-07,2016-11-07 00:00:00,2016-11-11 00:00:00,1,22546,7249,22545,125,264
Breast,Hs-578-T,1011|1012,Hs-578-T@2016-11-24,2016-11-24 00:00:00,2016-11-28 00:00:00,1,23269,7249,,125,265
Breast,Hs-578-T,1017|1375,Hs-578-T@2016-11-07,2016-11-07 00:00:00,2016-11-11 00:00:00,1,22555,7249,22545,125,273
Breast,Hs-578-T,1025|1030,Hs-578-T@2017-01-30,2017-01-30 00:00:00,2017-02-03 00:00:00,1,25085,7249,25083,125,342
Breast,Hs-578-T,1032|1038,Hs-578-T@2017-03-09,2017-03-09 00:00:00,2017-03-13 00:00:00,1,26771,7249,26770,125,349
Breast,Hs-578-T,1042|1046,Hs-578-T@2017-03-09,2017-03-09 00:00:00,2017-03-13 00:00:00,1,26772,7249,26770,125,350
Breast,Hs-578-T,1047|1049,Hs-578-T@2016-11-07,2016-11-07 00:00:00,2016-11-11 00:00:00,1,22549,7249,22545,125,267
Breast,Hs-578-T,1050|1051,Hs-578-T@2017-03-09,2017-03-09 00:00:00,2017-03-13 00:00:00,1,26773,7249,26770,125,351
Breast,Hs-578-T,1052|1059,Hs-578-T@2017-03-16,2017-03-16 00:00:00,2017-03-20 00:00:00,1,27076,7249,27074,125,343
Breast,Hs-578-T,1053|1054,Hs-578-T@2016-11-07,2016-11-07 00:00:00,2016-11-11 00:00:00,1,22550,7249,22545,125,268
Breast,Hs-578-T,1058|1073,Hs-578-T@2016-11-07,2016-11-07 00:00:00,2016-11-11 00:00:00,1,22551,7249,22545,125,269
Breast,Hs-578-T,1080|2169,Hs-578-T@2017-01-30,2017-01-30 00:00:00,2017-02-03 00:00:00,1,25087,7249,25083,125,344
Breast,Hs-578-T,1085|1086,Hs-578-T@2017-02-17,2017-02-17 00:00:00,2017-02-21 00:00:00,1,25856,7249,25853,125,345
Breast,Hs-578-T,1096|1129,Hs-578-T@2017-01-30,2017-01-30 00:00:00,2017-02-03 00:00:00,1,25089,7249,25083,125,346
Breast,Hs-578-T,1190,Hs-578-T@2016-11-07,2016-11-07 00:00:00,2016-11-11 00:00:00,1,22553,7249,22545,125,271
Breast,Hs-578-T,1192,Hs-578-T@2017-03-16,2017-03-16 00:00:00,2017-03-20 00:00:00,1,27077,7249,27074,125,347
Breast,Hs-578-T,1372,Hs-578-T@2016-11-07,2016-11-07 00:00:00,2016-11-11 00:00:00,1,22554,7249,22545,125,272
Breast,Hs-578-T,1373|2172,Hs-578-T@2017-03-09,2017-03-09 00:00:00,2017-03-13 00:00:00,1,26774,7249,26770,125,352
Breast,Hs-578-T,1510|1549,Hs-578-T@2016-12-05,2016-12-05 00:00:00,2016-12-09 00:00:00,2,23683|23690,7249,23680,125,274
Breast,Hs-578-T,1553|1560,Hs-578-T@2017-03-09,2017-03-09 00:00:00,2017-03-13 00:00:00,1,26775,7249,26770,125,353
Breast,Hs-578-T,1561|1594,Hs-578-T@2016-12-05,2016-12-05 00:00:00,2016-12-09 00:00:00,1,23695,7249,23680,125,276
Breast,Hs-578-T,1564|1593,Hs-578-T@2017-03-09,2017-03-09 00:00:00,2017-03-13 00:00:00,1,26776,7249,26770,125,354
Breast,Hs-578-T,1632|1909,Hs-578-T@2017-03-16,2017-03-16 00:00:00,2017-03-20 00:00:00,1,27078,7249,27074,125,355
Breast,JIMT-1,1003|1013,JIMT-1@2016-12-15,2016-12-15 00:00:00,2016-12-19 00:00:00,1,24299,2996,24298,325,341
Breast,JIMT-1,1005|1007,JIMT-1@2016-04-06,2016-04-06 23:00:00,2016-04-10 23:00:00,1,14590,2996,14589,325,264
Breast,JIMT-1,1011|1012,JIMT-1@2016-04-06,2016-04-06 23:00:00,2016-04-10 23:00:00,1,14591,2996,14589,325,265
Breast,JIMT-1,1017|1375,JIMT-1@2016-05-02,2016-05-02 23:00:00,2016-05-06 23:00:00,1,14947,2996,14943,325,273
Breast,JIMT-1,1021|1022,JIMT-1@2016-04-06,2016-04-06 23:00:00,2016-04-10 23:00:00,1,14592,2996,14589,325,266
Breast,JIMT-1,1025|1030,JIMT-1@2016-12-15,2016-12-15 00:00:00,2016-12-19 00:00:00,1,24300,2996,24298,325,342
Breast,JIMT-1,1032|1038,JIMT-1@2016-12-09,2016-12-09 00:00:00,2016-12-13 00:00:00,1,24010,2996,24009,325,349
Breast,JIMT-1,1042|1046,JIMT-1@2016-12-09,2016-12-09 00:00:00,2016-12-13 00:00:00,1,24011,2996,24009,325,350
Breast,JIMT-1,1047|1049,JIMT-1@2016-04-06,2016-04-06 23:00:00,2016-04-10 23:00:00,1,14593,2996,14589,325,267
Breast,JIMT-1,1050|1051,JIMT-1@2016-12-09,2016-12-09 00:00:00,2016-12-13 00:00:00,1,24012,2996,24009,325,351
Breast,JIMT-1,1052|1059,JIMT-1@2016-12-15,2016-12-15 00:00:00,2016-12-19 00:00:00,1,24301,2996,24298,325,343
Breast,JIMT-1,1053|1054,JIMT-1@2016-04-06,2016-04-06 23:00:00,2016-04-10 23:00:00,1,14594,2996,14589,325,268
Breast,JIMT-1,1058|1073,JIMT-1@2016-04-06,2016-04-06 23:00:00,2016-04-10 23:00:00,1,14595,2996,14589,325,269
Breast,JIMT-1,1080|2169,JIMT-1@2016-12-15,2016-12-15 00:00:00,2016-12-19 00:00:00,1,24302,2996,24298,325,344
Breast,JIMT-1,1083|1179,JIMT-1@2016-05-02,2016-05-02 23:00:00,2016-05-06 23:00:00,1,14944,2996,14943,325,270
Breast,JIMT-1,1085|1086,JIMT-1@2017-01-30,2017-01-30 00:00:00,2017-02-03 00:00:00,1,25062,7954,25061,325,345
Breast,JIMT-1,1096|1129,JIMT-1@2016-12-15,2016-12-15 00:00:00,2016-12-19 00:00:00,1,24304,2996,24298,325,346
Breast,JIMT-1,1190|1191,JIMT-1@2016-05-02,2016-05-02 23:00:00,2016-05-06 23:00:00,1,14945,2996,14943,325,271
Breast,JIMT-1,1192,JIMT-1@2017-01-30,2017-01-30 00:00:00,2017-02-03 00:00:00,1,25063,7954,25061,325,347
Breast,JIMT-1,1372,JIMT-1@2016-05-02,2016-05-02 23:00:00,2016-05-06 23:00:00,1,14946,2996,14943,325,272
Breast,JIMT-1,1373|2172,JIMT-1@2016-12-09,2016-12-09 00:00:00,2016-12-13 00:00:00,1,24013,2996,24009,325,352
Breast,JIMT-1,1510|1549,JIMT-1@2016-05-02,2016-05-02 23:00:00,2016-05-06 23:00:00,1,14948,2996,14943,325,274
Breast,JIMT-1,1553|1560,JIMT-1@2016-12-09,2016-12-09 00:00:00,2016-12-13 00:00:00,1,24014,2996,24009,325,353
Breast,JIMT-1,1558|1559,JIMT-1@2016-05-02,2016-05-02 23:00:00,2016-05-06 23:00:00,1,14949,2996,14943,325,275
Breast,JIMT-1,1561|1594,JIMT-1@2016-05-02,2016-05-02 23:00:00,2016-05-06 23:00:00,1,14950,2996,14943,325,276
Breast,JIMT-1,1564|1593,JIMT-1@2016-12-09,2016-12-09 00:00:00,2016-12-13 00:00:00,1,24015,2996,24009,325,354
Breast,JIMT-1,1632|1909,JIMT-1@2016-12-09,2016-12-09 00:00:00,2016-12-13 00:00:00,1,24016,2996,24009,325,355
Breast,MCF7,1003|1013,MCF7@2017-05-17,2017-05-17 23:00:00,2017-05-21 23:00:00,1,29204,7073,29201,150,341
Breast,MCF7,1005|1007,MCF7@2016-08-03,2016-08-03 23:00:00,2016-08-07 23:00:00,1,18290,7073,18289,150,264
Breast,MCF7,1011|1012,MCF7@2016-08-03,2016-08-03 23:00:00,2016-08-07 23:00:00,1,18291,7073,18289,150,265
Breast,MCF7,1017|1375,MCF7@2016-07-31,2016-07-31 23:00:00,2016-08-04 23:00:00,1,18196,7073,18192,150,273
Breast,MCF7,1021|1022,MCF7@2016-08-03,2016-08-03 23:00:00,2016-08-07 23:00:00,1,18292,7073,18289,150,266
Breast,MCF7,1025|1030,MCF7@2017-04-24,2017-04-24 23:00:00,2017-04-28 23:00:00,1,28334,7073,28332,150,342
Breast,MCF7,1032|1038,MCF7@2017-05-17,2017-05-17 23:00:00,2017-05-21 23:00:00,1,29212,7073,29201,150,349
Breast,MCF7,1042|1046,MCF7@2017-05-17,2017-05-17 23:00:00,2017-05-21 23:00:00,1,29213,7073,29201,150,350
Breast,MCF7,1047|1049,MCF7@2016-08-03,2016-08-03 23:00:00,2016-08-07 23:00:00,1,18293,7073,18289,150,267
Breast,MCF7,1050|1051,MCF7@2017-05-17,2017-05-17 23:00:00,2017-05-21 23:00:00,1,29214,7073,29201,150,351
Breast,MCF7,1052|1059,MCF7@2017-04-24,2017-04-24 23:00:00,2017-04-28 23:00:00,1,28335,7073,28332,150,343
Breast,MCF7,1053|1054,MCF7@2016-08-03,2016-08-03 23:00:00,2016-08-07 23:00:00,1,18294,7073,18289,150,268
Breast,MCF7,1058|1073,MCF7@2016-09-28,2016-09-28 23:00:00,2016-10-02 23:00:00,3,20568|20569|20570,7073,20567,150,269
Breast,MCF7,1080|2169,MCF7@2017-04-24,2017-04-24 23:00:00,2017-04-28 23:00:00,1,28336,7073,28332,150,344
Breast,MCF7,1083|1179,MCF7@2016-08-18,2016-08-18 23:00:00,2016-08-22 23:00:00,1,18878,7073,18877,800,270
Breast,MCF7,1085|1086,MCF7@2017-04-24,2017-04-24 23:00:00,2017-04-28 23:00:00,1,28337,7073,28332,150,345
Breast,MCF7,1096|1129,MCF7@2017-04-24,2017-04-24 23:00:00,2017-04-28 23:00:00,1,28338,7073,28332,150,346
Breast,MCF7,1190|1191,MCF7@2016-07-31,2016-07-31 23:00:00,2016-08-04 23:00:00,1,18194,7073,18192,150,271
Breast,MCF7,1192,MCF7@2017-04-24,2017-04-24 23:00:00,2017-04-28 23:00:00,1,28339,7073,28332,150,347
Breast,MCF7,1372,MCF7@2016-07-31,2016-07-31 23:00:00,2016-08-04 23:00:00,1,18195,7073,18192,150,272
Breast,MCF7,1373|2172,MCF7@2017-05-17,2017-05-17 23:00:00,2017-05-21 23:00:00,1,29215,7073,29201,150,352
Breast,MCF7,1510|1549,MCF7@2016-07-31,2016-07-31 23:00:00,2016-08-04 23:00:00,1,18197,7073,18192,150,274
Breast,MCF7,1553|1560,MCF7@2017-04-24,2017-04-24 23:00:00,2017-04-28 23:00:00,1,28344,7073,28332,150,353
Breast,MCF7,1558|1559,MCF7@2016-07-31,2016-07-31 23:00:00,2016-08-04 23:00:00,1,18198,7073,18192,150,275
Breast,MCF7,1561|1594,MCF7@2016-07-31,2016-07-31 23:00:00,2016-08-04 23:00:00,1,18199,7073,18192,150,276
Breast,MCF7,1564|1593,MCF7@2017-04-24,2017-04-24 23:00:00,2017-04-28 23:00:00,1,28345,7073,28332,150,354
Breast,MCF7,1632|1909,MCF7@2017-04-24,2017-04-24 23:00:00,2017-04-28 23:00:00,1,28346,7073,28332,150,355
Breast,MDA-MB-157,1003|1013,MDA-MB-157@2016-12-02,2016-12-02 00:00:00,2016-12-06 00:00:00,1,23604,3152,23603,1250,341
Breast,MDA-MB-157,1005|1007,MDA-MB-157@2016-03-30,2016-03-30 23:00:00,2016-04-03 23:00:00,1,14518,3152,14517,1250,264
Breast,MDA-MB-157,1011|1012,MDA-MB-157@2016-03-30,2016-03-30 23:00:00,2016-04-03 23:00:00,1,14519,3152,14517,1250,265
Breast,MDA-MB-157,1017|1375,MDA-MB-157@2016-04-14,2016-04-14 23:00:00,2016-04-18 23:00:00,1,14780,3152,14776,1250,273
Breast,MDA-MB-157,1021|1022,MDA-MB-157@2016-03-30,2016-03-30 23:00:00,2016-04-03 23:00:00,1,14520,3152,14517,1250,266
Breast,MDA-MB-157,1025|1030,MDA-MB-157@2016-12-02,2016-12-02 00:00:00,2016-12-06 00:00:00,1,23605,3152,23603,1250,342
Breast,MDA-MB-157,1032|1038,MDA-MB-157@2016-12-08,2016-12-08 00:00:00,2016-12-12 00:00:00,1,23877,3152,23876,1250,349
Breast,MDA-MB-157,1042|1046,MDA-MB-157@2016-12-08,2016-12-08 00:00:00,2016-12-12 00:00:00,1,23878,3152,23876,1250,350
Breast,MDA-MB-157,1047|1049,MDA-MB-157@2016-04-06,2016-04-06 23:00:00,2016-04-10 23:00:00,1,14618,3152,14617,1250,267
Breast,MDA-MB-157,1050|1051,MDA-MB-157@2016-12-08,2016-12-08 00:00:00,2016-12-12 00:00:00,1,23879,3152,23876,1250,351
Breast,MDA-MB-157,1052|1059,MDA-MB-157@2016-12-02,2016-12-02 00:00:00,2016-12-06 00:00:00,1,23606,3152,23603,1250,343
Breast,MDA-MB-157,1053|1054,MDA-MB-157@2016-03-30,2016-03-30 23:00:00,2016-04-03 23:00:00,1,14521,3152,14517,1250,268
Breast,MDA-MB-157,1058|1073,MDA-MB-157@2016-03-30,2016-03-30 23:00:00,2016-04-03 23:00:00,1,14522,3152,14517,1250,269
Breast,MDA-MB-157,1080|2169,MDA-MB-157@2016-12-02,2016-12-02 00:00:00,2016-12-06 00:00:00,1,23607,3152,23603,1250,344
Breast,MDA-MB-157,1083|1179,MDA-MB-157@2016-05-02,2016-05-02 23:00:00,2016-05-06 23:00:00,1,14972,3152,14971,1250,270
Breast,MDA-MB-157,1085|1086,MDA-MB-157@2016-12-02,2016-12-02 00:00:00,2016-12-06 00:00:00,1,23608,3152,23603,1250,345
Breast,MDA-MB-157,1096|1129,MDA-MB-157@2016-12-02,2016-12-02 00:00:00,2016-12-06 00:00:00,1,23609,3152,23603,1250,346
Breast,MDA-MB-157,1190|1191,MDA-MB-157@2016-04-14,2016-04-14 23:00:00,2016-04-18 23:00:00,1,14778,3152,14776,1250,271
Breast,MDA-MB-157,1192,MDA-MB-157@2016-12-02,2016-12-02 00:00:00,2016-12-06 00:00:00,1,23610,3152,23603,1250,347
Breast,MDA-MB-157,1372,MDA-MB-157@2016-04-14,2016-04-14 23:00:00,2016-04-18 23:00:00,1,14779,3152,14776,1250,272
Breast,MDA-MB-157,1373|2172,MDA-MB-157@2016-12-08,2016-12-08 00:00:00,2016-12-12 00:00:00,1,23880,3152,23876,1250,352
Breast,MDA-MB-157,1510|1549,MDA-MB-157@2016-04-14,2016-04-14 23:00:00,2016-04-18 23:00:00,1,14781,3152,14776,1250,274
Breast,MDA-MB-157,1553|1560,MDA-MB-157@2016-12-08,2016-12-08 00:00:00,2016-12-12 00:00:00,1,23881,3152,23876,1250,353
Breast,MDA-MB-157,1558|1559,MDA-MB-157@2016-05-02,2016-05-02 23:00:00,2016-05-06 23:00:00,1,14973,3152,14971,1250,275
Breast,MDA-MB-157,1561|1594,MDA-MB-157@2016-04-14,2016-04-14 23:00:00,2016-04-18 23:00:00,1,14783,3152,14776,1250,276
Breast,MDA-MB-157,1564|1593,MDA-MB-157@2016-12-08,2016-12-08 00:00:00,2016-12-12 00:00:00,1,23882,3152,23876,1250,354
Breast,MDA-MB-157,1632|1909,MDA-MB-157@2016-12-15,2016-12-15 00:00:00,2016-12-19 00:00:00,1,24297,3152,24296,1250,355
Breast,MDA-MB-175-VII,1005|1007,MDA-MB-175-VII@2016-04-10,2016-04-10 23:00:00,2016-04-14 23:00:00,1,14640,3153,14639,325,264
Breast,MDA-MB-175-VII,1005|1007,MDA-MB-175-VII@2016-06-13,2016-06-13 23:00:00,2016-06-17 23:00:00,1,16658,3153,,625,264
Breast,MDA-MB-175-VII,1011|1012,MDA-MB-175-VII@2016-06-13,2016-06-13 23:00:00,2016-06-17 23:00:00,1,16659,3153,,625,265
Breast,MDA-MB-175-VII,1012,MDA-MB-175-VII@2016-04-10,2016-04-10 23:00:00,2016-04-14 23:00:00,1,14641,3153,14639,325,265
Breast,MDA-MB-175-VII,1017|1375,MDA-MB-175-VII@2016-05-02,2016-05-02 23:00:00,2016-05-06 23:00:00,1,14955,3153,14951,325,273
Breast,MDA-MB-175-VII,1017|1375,MDA-MB-175-VII@2016-06-22,2016-06-22 23:00:00,2016-06-26 23:00:00,2,16949|16950,3153,16946,625,273
Breast,MDA-MB-175-VII,1021|1022,MDA-MB-175-VII@2016-04-10,2016-04-10 23:00:00,2016-04-14 23:00:00,1,14642,3153,14639,325,266
Breast,MDA-MB-175-VII,1021|1022,MDA-MB-175-VII@2016-06-13,2016-06-13 23:00:00,2016-06-17 23:00:00,1,16660,3153,,625,266
Breast,MDA-MB-175-VII,1025|1030,MDA-MB-175-VII@2017-06-28,2017-06-28 23:00:00,2017-07-02 23:00:00,1,30681,7949,30679,1000,342
Breast,MDA-MB-175-VII,1032|1038,MDA-MB-175-VII@2017-06-14,2017-06-14 23:00:00,2017-06-18 23:00:00,1,30201,7949,30194,1000,349
Breast,MDA-MB-175-VII,1042|1046,MDA-MB-175-VII@2017-06-14,2017-06-14 23:00:00,2017-06-18 23:00:00,1,30202,7949,30194,1000,350
Breast,MDA-MB-175-VII,1047|1049,MDA-MB-175-VII@2016-04-10,2016-04-10 23:00:00,2016-04-14 23:00:00,1,14643,3153,14639,325,267
Breast,MDA-MB-175-VII,1047|1049,MDA-MB-175-VII@2016-06-13,2016-06-13 23:00:00,2016-06-17 23:00:00,1,16661,3153,,625,267
Breast,MDA-MB-175-VII,1050|1051,MDA-MB-175-VII@2017-05-07,2017-05-07 23:00:00,2017-05-11 23:00:00,1,28755,7949,28745,1000,351
Breast,MDA-MB-175-VII,1050|1051,MDA-MB-175-VII@2017-06-14,2017-06-14 23:00:00,2017-06-18 23:00:00,1,30203,7949,30194,1000,351
Breast,MDA-MB-175-VII,1052|1059,MDA-MB-175-VII@2017-05-07,2017-05-07 23:00:00,2017-05-11 23:00:00,1,28748,7949,28745,1000,343
Breast,MDA-MB-175-VII,1052|1059,MDA-MB-175-VII@2017-06-14,2017-06-14 23:00:00,2017-06-18 23:00:00,1,30197,7949,30194,1000,343
Breast,MDA-MB-175-VII,1053|1054,MDA-MB-175-VII@2016-04-10,2016-04-10 23:00:00,2016-04-14 23:00:00,1,14644,3153,14639,325,268
Breast,MDA-MB-175-VII,1053|1054,MDA-MB-175-VII@2016-06-13,2016-06-13 23:00:00,2016-06-17 23:00:00,1,16662,3153,,625,268
Breast,MDA-MB-175-VII,1058|1073,MDA-MB-175-VII@2016-04-10,2016-04-10 23:00:00,2016-04-14 23:00:00,1,14645,3153,14639,325,269
Breast,MDA-MB-175-VII,1058|1073,MDA-MB-175-VII@2016-06-13,2016-06-13 23:00:00,2016-06-17 23:00:00,1,16663,3153,,625,269
Breast,MDA-MB-175-VII,1080|2169,MDA-MB-175-VII@2017-05-07,2017-05-07 23:00:00,2017-05-11 23:00:00,1,28749,7949,28745,1000,344
Breast,MDA-MB-175-VII,1080|2169,MDA-MB-175-VII@2017-06-14,2017-06-14 23:00:00,2017-06-18 23:00:00,1,30198,7949,30194,1000,344
Breast,MDA-MB-175-VII,1083|1179,MDA-MB-175-VII@2016-05-02,2016-05-02 23:00:00,2016-05-06 23:00:00,1,14952,3153,14951,325,270
Breast,MDA-MB-175-VII,1083|1179,MDA-MB-175-VII@2016-06-22,2016-06-22 23:00:00,2016-06-26 23:00:00,1,16947,3153,16946,625,270
Breast,MDA-MB-175-VII,1085|1086,MDA-MB-175-VII@2017-05-07,2017-05-07 23:00:00,2017-05-11 23:00:00,1,28750,7949,28745,1000,345
Breast,MDA-MB-175-VII,1096|1129,MDA-MB-175-VII@2017-06-28,2017-06-28 23:00:00,2017-07-02 23:00:00,1,30682,7949,30679,1000,346
Breast,MDA-MB-175-VII,1191,MDA-MB-175-VII@2016-05-02,2016-05-02 23:00:00,2016-05-06 23:00:00,1,14953,3153,14951,325,271
Breast,MDA-MB-175-VII,1191,MDA-MB-175-VII@2016-06-22,2016-06-22 23:00:00,2016-06-26 23:00:00,1,16948,3153,16946,625,271
Breast,MDA-MB-175-VII,1192,MDA-MB-175-VII@2017-06-28,2017-06-28 23:00:00,2017-07-02 23:00:00,1,30683,7949,30679,1000,347
Breast,MDA-MB-175-VII,1372,MDA-MB-175-VII@2016-05-02,2016-05-02 23:00:00,2016-05-06 23:00:00,1,14954,3153,14951,325,272
Breast,MDA-MB-175-VII,1373|2172,MDA-MB-175-VII@2017-05-07,2017-05-07 23:00:00,2017-05-11 23:00:00,1,28756,7949,28745,1000,352
Breast,MDA-MB-175-VII,1510|1549,MDA-MB-175-VII@2016-05-02,2016-05-02 23:00:00,2016-05-06 23:00:00,1,14956,3153,14951,325,274
Breast,MDA-MB-175-VII,1510|1549,MDA-MB-175-VII@2016-06-22,2016-06-22 23:00:00,2016-06-26 23:00:00,1,16951,3153,16946,625,274
Breast,MDA-MB-175-VII,1553|1560,MDA-MB-175-VII@2017-06-14,2017-06-14 23:00:00,2017-06-18 23:00:00,1,30204,7949,30194,1000,353
Breast,MDA-MB-175-VII,1558|1559,MDA-MB-175-VII@2016-05-02,2016-05-02 23:00:00,2016-05-06 23:00:00,1,14957,3153,14951,325,275
Breast,MDA-MB-175-VII,1558|1559,MDA-MB-175-VII@2016-06-22,2016-06-22 23:00:00,2016-06-26 23:00:00,1,16952,3153,16946,625,275
Breast,MDA-MB-175-VII,1561|1594,MDA-MB-175-VII@2016-05-26,2016-05-26 23:00:00,2016-05-30 23:00:00,1,15960,3153,15959,325,276
Breast,MDA-MB-175-VII,1561|1594,MDA-MB-175-VII@2016-06-22,2016-06-22 23:00:00,2016-06-26 23:00:00,1,16953,3153,16946,625,276
Breast,MDA-MB-175-VII,1564|1593,MDA-MB-175-VII@2017-06-28,2017-06-28 23:00:00,2017-07-02 23:00:00,1,30684,7949,30679,1000,354
Breast,MDA-MB-175-VII,1632|1909,MDA-MB-175-VII@2017-06-14,2017-06-14 23:00:00,2017-06-18 23:00:00,1,30206,7949,30194,1000,355
Breast,MDA-MB-231,1003|1013,MDA-MB-231@2016-12-01,2016-12-01 00:00:00,2016-12-05 00:00:00,1,23563,6310,23562,100,341
Breast,MDA-MB-231,1005|1007,MDA-MB-231@2016-06-06,2016-06-06 23:00:00,2016-06-10 23:00:00,1,16341,6310,16340,100,264
Breast,MDA-MB-231,1011|1012,MDA-MB-231@2016-06-06,2016-06-06 23:00:00,2016-06-10 23:00:00,1,16342,6310,16340,100,265
Breast,MDA-MB-231,1017|1375,MDA-MB-231@2016-06-08,2016-06-08 23:00:00,2016-06-12 23:00:00,1,16430,6310,16426,100,273
Breast,MDA-MB-231,1021|1022,MDA-MB-231@2016-06-06,2016-06-06 23:00:00,2016-06-10 23:00:00,1,16343,6310,16340,100,266
Breast,MDA-MB-231,1025|1030,MDA-MB-231@2016-12-01,2016-12-01 00:00:00,2016-12-05 00:00:00,1,23564,6310,23562,100,342
Breast,MDA-MB-231,1032|1038,MDA-MB-231@2016-12-08,2016-12-08 00:00:00,2016-12-12 00:00:00,1,23885,6310,23884,100,349
Breast,MDA-MB-231,1042|1046,MDA-MB-231@2016-12-08,2016-12-08 00:00:00,2016-12-12 00:00:00,1,23886,6310,23884,100,350
Breast,MDA-MB-231,1047|1049,MDA-MB-231@2016-06-06,2016-06-06 23:00:00,2016-06-10 23:00:00,1,16344,6310,16340,100,267
Breast,MDA-MB-231,1050|1051,MDA-MB-231@2016-12-08,2016-12-08 00:00:00,2016-12-12 00:00:00,1,23887,6310,23884,100,351
Breast,MDA-MB-231,1052|1059,MDA-MB-231@2016-12-01,2016-12-01 00:00:00,2016-12-05 00:00:00,1,23565,6310,23562,100,343
Breast,MDA-MB-231,1053|1054,MDA-MB-231@2016-06-06,2016-06-06 23:00:00,2016-06-10 23:00:00,1,16345,6310,16340,100,268
Breast,MDA-MB-231,1058|1073,MDA-MB-231@2016-06-06,2016-06-06 23:00:00,2016-06-10 23:00:00,1,16346,6310,16340,100,269
Breast,MDA-MB-231,1080|2169,MDA-MB-231@2016-12-01,2016-12-01 00:00:00,2016-12-05 00:00:00,1,23566,6310,23562,100,344
Breast,MDA-MB-231,1083|1179,MDA-MB-231@2016-06-08,2016-06-08 23:00:00,2016-06-12 23:00:00,1,16427,6310,16426,100,270
Breast,MDA-MB-231,1085|1086,MDA-MB-231@2016-12-01,2016-12-01 00:00:00,2016-12-05 00:00:00,1,23567,6310,23562,100,345
Breast,MDA-MB-231,1096|1129,MDA-MB-231@2016-12-15,2016-12-15 00:00:00,2016-12-19 00:00:00,1,24219,6310,24218,100,346
Breast,MDA-MB-231,1191,MDA-MB-231@2016-06-08,2016-06-08 23:00:00,2016-06-12 23:00:00,1,16428,6310,16426,100,271
Breast,MDA-MB-231,1192,MDA-MB-231@2016-12-01,2016-12-01 00:00:00,2016-12-05 00:00:00,1,23569,6310,23562,100,347
Breast,MDA-MB-231,1372,MDA-MB-231@2016-06-08,2016-06-08 23:00:00,2016-06-12 23:00:00,1,16429,6310,16426,100,272
Breast,MDA-MB-231,1373|2172,MDA-MB-231@2016-12-08,2016-12-08 00:00:00,2016-12-12 00:00:00,1,23888,6310,23884,100,352
Breast,MDA-MB-231,1510|1549,MDA-MB-231@2016-06-08,2016-06-08 23:00:00,2016-06-12 23:00:00,1,16431,6310,16426,100,274
Breast,MDA-MB-231,1553|1560,MDA-MB-231@2016-12-08,2016-12-08 00:00:00,2016-12-12 00:00:00,1,23889,6310,23884,100,353
Breast,MDA-MB-231,1559,MDA-MB-231@2016-06-08,2016-06-08 23:00:00,2016-06-12 23:00:00,1,16432,6310,16426,100,275
Breast,MDA-MB-231,1561|1594,MDA-MB-231@2016-06-08,2016-06-08 23:00:00,2016-06-12 23:00:00,1,16433,6310,16426,100,276
Breast,MDA-MB-231,1564|1593,MDA-MB-231@2016-12-08,2016-12-08 00:00:00,2016-12-12 00:00:00,1,23890,6310,23884,100,354
Breast,MDA-MB-231,1632|1909,MDA-MB-231@2016-12-08,2016-12-08 00:00:00,2016-12-12 00:00:00,1,23891,6310,23884,100,355
Breast,MDA-MB-330,1003|1013,MDA-MB-330@2017-05-07,2017-05-07 23:00:00,2017-05-11 23:00:00,1,28761,7530,28760,1250,341
Breast,MDA-MB-330,1003|1013,MDA-MB-330@2017-06-28,2017-06-28 23:00:00,2017-07-02 23:00:00,1,30693,7530,30692,1250,341
Breast,MDA-MB-330,1005|1007,MDA-MB-330@2016-06-06,2016-06-06 23:00:00,2016-06-10 23:00:00,1,16348,3156,16347,1250,264
Breast,MDA-MB-330,1011|1012,MDA-MB-330@2016-06-06,2016-06-06 23:00:00,2016-06-10 23:00:00,1,16349,3156,16347,1250,265
Breast,MDA-MB-330,1017|1375,MDA-MB-330@2016-07-06,2016-07-06 23:00:00,2016-07-10 23:00:00,1,17413,3156,17409,1250,273
Breast,MDA-MB-330,1021|1022,MDA-MB-330@2016-06-06,2016-06-06 23:00:00,2016-06-10 23:00:00,1,16350,3156,16347,1250,266
Breast,MDA-MB-330,1025|1030,MDA-MB-330@2017-05-07,2017-05-07 23:00:00,2017-05-11 23:00:00,1,28762,7530,28760,1250,342
Breast,MDA-MB-330,1025|1030,MDA-MB-330@2017-06-28,2017-06-28 23:00:00,2017-07-02 23:00:00,1,30694,7530,30692,1250,342
Breast,MDA-MB-330,1047|1049,MDA-MB-330@2016-06-06,2016-06-06 23:00:00,2016-06-10 23:00:00,1,16351,3156,16347,1250,267
Breast,MDA-MB-330,1052|1059,MDA-MB-330@2017-05-07,2017-05-07 23:00:00,2017-05-11 23:00:00,1,28763,7530,28760,1250,343
Breast,MDA-MB-330,1052|1059,MDA-MB-330@2017-06-28,2017-06-28 23:00:00,2017-07-02 23:00:00,1,30695,7530,30692,1250,343
Breast,MDA-MB-330,1053|1054,MDA-MB-330@2016-06-06,2016-06-06 23:00:00,2016-06-10 23:00:00,1,16352,3156,16347,1250,268
Breast,MDA-MB-330,1058|1073,MDA-MB-330@2016-06-06,2016-06-06 23:00:00,2016-06-10 23:00:00,1,16353,3156,16347,1250,269
Breast,MDA-MB-330,1080|2169,MDA-MB-330@2017-06-28,2017-06-28 23:00:00,2017-07-02 23:00:00,1,30696,7530,30692,1250,344
Breast,MDA-MB-330,1083|1179,MDA-MB-330@2016-07-06,2016-07-06 23:00:00,2016-07-10 23:00:00,1,17410,3156,17409,1250,270
Breast,MDA-MB-330,1085,MDA-MB-330@2017-06-28,2017-06-28 23:00:00,2017-07-02 23:00:00,1,30697,7530,30692,1250,345
Breast,MDA-MB-330,1096|1129,MDA-MB-330@2017-06-28,2017-06-28 23:00:00,2017-07-02 23:00:00,1,30698,7530,30692,1250,346
Breast,MDA-MB-330,1190|1191,MDA-MB-330@2016-07-06,2016-07-06 23:00:00,2016-07-10 23:00:00,1,17411,3156,17409,1250,271
Breast,MDA-MB-330,1192,MDA-MB-330@2017-05-07,2017-05-07 23:00:00,2017-05-11 23:00:00,1,28767,7530,28760,1250,347
Breast,MDA-MB-330,1192,MDA-MB-330@2017-06-28,2017-06-28 23:00:00,2017-07-02 23:00:00,1,30699,7530,30692,1250,347
Breast,MDA-MB-330,1372,MDA-MB-330@2016-07-06,2016-07-06 23:00:00,2016-07-10 23:00:00,1,17412,3156,17409,1250,272
Breast,MDA-MB-330,1510|1549,MDA-MB-330@2016-07-06,2016-07-06 23:00:00,2016-07-10 23:00:00,1,17414,3156,17409,1250,274
Breast,MDA-MB-330,1558|1559,MDA-MB-330@2016-07-06,2016-07-06 23:00:00,2016-07-10 23:00:00,1,17415,3156,17409,1250,275
Breast,MDA-MB-330,1561|1594,MDA-MB-330@2016-07-06,2016-07-06 23:00:00,2016-07-10 23:00:00,1,17416,3156,17409,1250,276
Breast,MDA-MB-361,1003|1013,MDA-MB-361@2016-12-02,2016-12-02 00:00:00,2016-12-06 00:00:00,1,23596,7251,23595,1250,341
Breast,MDA-MB-361,1005|1007,MDA-MB-361@2016-03-30,2016-03-30 23:00:00,2016-04-03 23:00:00,1,14506,3157,14505,1250,264
Breast,MDA-MB-361,1012,MDA-MB-361@2016-03-30,2016-03-30 23:00:00,2016-04-03 23:00:00,1,14507,3157,14505,1250,265
Breast,MDA-MB-361,1017|1375,MDA-MB-361@2016-04-13,2016-04-13 23:00:00,2016-04-17 23:00:00,1,14748,3157,14744,1250,273
Breast,MDA-MB-361,1021|1022,MDA-MB-361@2016-03-30,2016-03-30 23:00:00,2016-04-03 23:00:00,1,14508,3157,14505,1250,266
Breast,MDA-MB-361,1025|1030,MDA-MB-361@2016-12-02,2016-12-02 00:00:00,2016-12-06 00:00:00,1,23597,7251,23595,1250,342
Breast,MDA-MB-361,1032|1038,MDA-MB-361@2017-02-09,2017-02-09 00:00:00,2017-02-13 00:00:00,1,25483,7251,25482,1250,349
Breast,MDA-MB-361,1042|1046,MDA-MB-361@2017-02-09,2017-02-09 00:00:00,2017-02-13 00:00:00,1,25484,7251,25482,1250,350
Breast,MDA-MB-361,1047|1049,MDA-MB-361@2016-04-06,2016-04-06 23:00:00,2016-04-10 23:00:00,1,14634,3157,14633,1250,267
Breast,MDA-MB-361,1050|1051,MDA-MB-361@2017-02-09,2017-02-09 00:00:00,2017-02-13 00:00:00,1,25485,7251,25482,1250,351
Breast,MDA-MB-361,1052|1059,MDA-MB-361@2016-12-02,2016-12-02 00:00:00,2016-12-06 00:00:00,1,23598,7251,23595,1250,343
Breast,MDA-MB-361,1053|1054,MDA-MB-361@2016-03-30,2016-03-30 23:00:00,2016-04-03 23:00:00,1,14509,3157,14505,1250,268
Breast,MDA-MB-361,1058|1073,MDA-MB-361@2016-03-30,2016-03-30 23:00:00,2016-04-03 23:00:00,1,14510,3157,14505,1250,269
Breast,MDA-MB-361,1080|2169,MDA-MB-361@2017-02-17,2017-02-17 00:00:00,2017-02-21 00:00:00,1,25867,7251,25866,1250,344
Breast,MDA-MB-361,1083|1179,MDA-MB-361@2016-04-13,2016-04-13 23:00:00,2016-04-17 23:00:00,1,14745,3157,14744,1250,270
Breast,MDA-MB-361,1085|1086,MDA-MB-361@2016-12-02,2016-12-02 00:00:00,2016-12-06 00:00:00,1,23600,7251,23595,1250,345
Breast,MDA-MB-361,1096|1129,MDA-MB-361@2016-12-02,2016-12-02 00:00:00,2016-12-06 00:00:00,1,23601,7251,23595,1250,346
Breast,MDA-MB-361,1190|1191,MDA-MB-361@2016-04-13,2016-04-13 23:00:00,2016-04-17 23:00:00,1,14746,3157,14744,1250,271
Breast,MDA-MB-361,1192,MDA-MB-361@2016-12-02,2016-12-02 00:00:00,2016-12-06 00:00:00,1,23602,7251,23595,1250,347
Breast,MDA-MB-361,1372,MDA-MB-361@2016-04-13,2016-04-13 23:00:00,2016-04-17 23:00:00,1,14747,3157,14744,1250,272
Breast,MDA-MB-361,1373|2172,MDA-MB-361@2017-02-23,2017-02-23 00:00:00,2017-02-27 00:00:00,1,26113,7251,26112,1250,352
Breast,MDA-MB-361,1510|1549,MDA-MB-361@2016-04-13,2016-04-13 23:00:00,2016-04-17 23:00:00,1,14749,3157,14744,1250,274
Breast,MDA-MB-361,1553|1560,MDA-MB-361@2017-02-09,2017-02-09 00:00:00,2017-02-13 00:00:00,1,25487,7251,25482,1250,353
Breast,MDA-MB-361,1558|1559,MDA-MB-361@2016-04-13,2016-04-13 23:00:00,2016-04-17 23:00:00,1,14750,3157,14744,1250,275
Breast,MDA-MB-361,1561|1594,MDA-MB-361@2016-04-13,2016-04-13 23:00:00,2016-04-17 23:00:00,1,14751,3157,14744,1250,276
Breast,MDA-MB-361,1564|1593,MDA-MB-361@2017-02-23,2017-02-23 00:00:00,2017-02-27 00:00:00,1,26114,7251,26112,1250,354
Breast,MDA-MB-361,1632|1909,MDA-MB-361@2017-02-23,2017-02-23 00:00:00,2017-02-27 00:00:00,1,26115,7251,26112,1250,355
Breast,MDA-MB-415,1003|1013,MDA-MB-415@2016-12-02,2016-12-02 00:00:00,2016-12-06 00:00:00,1,23620,3158,23619,400,341
Breast,MDA-MB-415,1005|1007,MDA-MB-415@2016-07-03,2016-07-03 23:00:00,2016-07-07 23:00:00,1,17268,3158,17267,400,264
Breast,MDA-MB-415,1005|1007,MDA-MB-415@2016-07-07,2016-07-07 23:00:00,2016-07-11 23:00:00,1,17500,3158,17499,400,264
Breast,MDA-MB-415,1011|1012,MDA-MB-415@2016-07-03,2016-07-03 23:00:00,2016-07-07 23:00:00,1,17269,3158,17267,400,265
Breast,MDA-MB-415,1011|1012,MDA-MB-415@2016-07-07,2016-07-07 23:00:00,2016-07-11 23:00:00,1,17501,3158,17499,400,265
Breast,MDA-MB-415,1017|1375,MDA-MB-415@2016-07-13,2016-07-13 23:00:00,2016-07-17 23:00:00,1,17739,3158,17735,400,273
Breast,MDA-MB-415,1021|1022,MDA-MB-415@2016-07-03,2016-07-03 23:00:00,2016-07-07 23:00:00,1,17270,3158,17267,400,266
Breast,MDA-MB-415,1021|1022,MDA-MB-415@2016-07-07,2016-07-07 23:00:00,2016-07-11 23:00:00,1,17502,3158,17499,400,266
Breast,MDA-MB-415,1025|1030,MDA-MB-415@2016-12-02,2016-12-02 00:00:00,2016-12-06 00:00:00,1,23621,3158,23619,400,342
Breast,MDA-MB-415,1032|1038,MDA-MB-415@2016-12-09,2016-12-09 00:00:00,2016-12-13 00:00:00,1,23973,3158,23972,400,349
Breast,MDA-MB-415,1042|1046,MDA-MB-415@2016-12-09,2016-12-09 00:00:00,2016-12-13 00:00:00,1,23974,3158,23972,400,350
Breast,MDA-MB-415,1047|1049,MDA-MB-415@2016-07-03,2016-07-03 23:00:00,2016-07-07 23:00:00,1,17271,3158,17267,400,267
Breast,MDA-MB-415,1047|1049,MDA-MB-415@2016-07-07,2016-07-07 23:00:00,2016-07-11 23:00:00,1,17503,3158,17499,400,267
Breast,MDA-MB-415,1050|1051,MDA-MB-415@2016-12-09,2016-12-09 00:00:00,2016-12-13 00:00:00,1,23975,3158,23972,400,351
Breast,MDA-MB-415,1052|1059,MDA-MB-415@2016-12-15,2016-12-15 00:00:00,2016-12-19 00:00:00,1,24221,3158,24220,400,343
Breast,MDA-MB-415,1053|1054,MDA-MB-415@2016-07-03,2016-07-03 23:00:00,2016-07-07 23:00:00,1,17272,3158,17267,400,268
Breast,MDA-MB-415,1053|1054,MDA-MB-415@2016-07-07,2016-07-07 23:00:00,2016-07-11 23:00:00,1,17504,3158,17499,400,268
Breast,MDA-MB-415,1058|1073,MDA-MB-415@2016-07-03,2016-07-03 23:00:00,2016-07-07 23:00:00,1,17273,3158,17267,400,269
Breast,MDA-MB-415,1058|1073,MDA-MB-415@2016-07-07,2016-07-07 23:00:00,2016-07-11 23:00:00,1,17505,3158,17499,400,269
Breast,MDA-MB-415,1080|2169,MDA-MB-415@2016-12-15,2016-12-15 00:00:00,2016-12-19 00:00:00,1,24222,3158,24220,400,344
Breast,MDA-MB-415,1083|1179,MDA-MB-415@2016-07-13,2016-07-13 23:00:00,2016-07-17 23:00:00,1,17736,3158,17735,400,270
Breast,MDA-MB-415,1085|1086,MDA-MB-415@2016-12-02,2016-12-02 00:00:00,2016-12-06 00:00:00,1,23624,3158,23619,400,345
Breast,MDA-MB-415,1096|1129,MDA-MB-415@2016-12-02,2016-12-02 00:00:00,2016-12-06 00:00:00,1,23625,3158,23619,400,346
Breast,MDA-MB-415,1190|1191,MDA-MB-415@2016-07-13,2016-07-13 23:00:00,2016-07-17 23:00:00,1,17737,3158,17735,400,271
Breast,MDA-MB-415,1192,MDA-MB-415@2016-12-15,2016-12-15 00:00:00,2016-12-19 00:00:00,1,24223,3158,24220,400,347
Breast,MDA-MB-415,1372,MDA-MB-415@2016-07-13,2016-07-13 23:00:00,2016-07-17 23:00:00,1,17738,3158,17735,400,272
Breast,MDA-MB-415,1373|2172,MDA-MB-415@2016-12-09,2016-12-09 00:00:00,2016-12-13 00:00:00,1,23976,3158,23972,400,352
Breast,MDA-MB-415,1510|1549,MDA-MB-415@2016-07-13,2016-07-13 23:00:00,2016-07-17 23:00:00,1,17740,3158,17735,400,274
Breast,MDA-MB-415,1553|1560,MDA-MB-415@2016-12-09,2016-12-09 00:00:00,2016-12-13 00:00:00,1,23977,3158,23972,400,353
Breast,MDA-MB-415,1558|1559,MDA-MB-415@2016-07-24,2016-07-24 23:00:00,2016-07-28 23:00:00,1,17986,3158,17985,400,275
Breast,MDA-MB-415,1561|1594,MDA-MB-415@2016-07-13,2016-07-13 23:00:00,2016-07-17 23:00:00,1,17742,3158,17735,400,276
Breast,MDA-MB-415,1564|1593,MDA-MB-415@2016-12-09,2016-12-09 00:00:00,2016-12-13 00:00:00,1,23978,3158,23972,400,354
Breast,MDA-MB-415,1632|1909,MDA-MB-415@2016-12-09,2016-12-09 00:00:00,2016-12-13 00:00:00,1,23979,3158,23972,400,355
Breast,MDA-MB-436,1003|1013,MDA-MB-436@2017-02-17,2017-02-17 00:00:00,2017-02-21 00:00:00,1,25869,6411,25868,400,341
Breast,MDA-MB-436,1005|1007,MDA-MB-436@2016-03-30,2016-03-30 23:00:00,2016-04-03 23:00:00,1,14488,6411,14487,400,264
Breast,MDA-MB-436,1011|1012,MDA-MB-436@2016-03-30,2016-03-30 23:00:00,2016-04-03 23:00:00,1,14489,6411,14487,400,265
Breast,MDA-MB-436,1017|1375,MDA-MB-436@2016-04-14,2016-04-14 23:00:00,2016-04-18 23:00:00,1,14788,6411,14784,400,273
Breast,MDA-MB-436,1021|1022,MDA-MB-436@2016-03-30,2016-03-30 23:00:00,2016-04-03 23:00:00,1,14490,6411,14487,400,266
Breast,MDA-MB-436,1025|1030,MDA-MB-436@2017-02-17,2017-02-17 00:00:00,2017-02-21 00:00:00,1,25870,6411,25868,400,342
Breast,MDA-MB-436,1032|1038,MDA-MB-436@2016-12-08,2016-12-08 00:00:00,2016-12-12 00:00:00,1,23893,6411,23892,400,349
Breast,MDA-MB-436,1042|1046,MDA-MB-436@2017-02-23,2017-02-23 00:00:00,2017-02-27 00:00:00,1,26117,6411,26116,400,350
Breast,MDA-MB-436,1047|1049,MDA-MB-436@2016-04-06,2016-04-06 23:00:00,2016-04-10 23:00:00,1,14630,6411,14629,400,267
Breast,MDA-MB-436,1050|1051,MDA-MB-436@2016-12-08,2016-12-08 00:00:00,2016-12-12 00:00:00,1,23895,6411,23892,400,351
Breast,MDA-MB-436,1052|1059,MDA-MB-436@2017-02-17,2017-02-17 00:00:00,2017-02-21 00:00:00,1,25871,6411,25868,400,343
Breast,MDA-MB-436,1053|1054,MDA-MB-436@2016-03-30,2016-03-30 23:00:00,2016-04-03 23:00:00,1,14491,6411,14487,400,268
Breast,MDA-MB-436,1058|1073,MDA-MB-436@2016-03-30,2016-03-30 23:00:00,2016-04-03 23:00:00,1,14492,6411,14487,400,269
Breast,MDA-MB-436,1080|2169,MDA-MB-436@2017-02-17,2017-02-17 00:00:00,2017-02-21 00:00:00,1,25872,6411,25868,400,344
Breast,MDA-MB-436,1083|1179,MDA-MB-436@2016-04-14,2016-04-14 23:00:00,2016-04-18 23:00:00,1,14785,6411,14784,400,270
Breast,MDA-MB-436,1085|1086,MDA-MB-436@2017-02-17,2017-02-17 00:00:00,2017-02-21 00:00:00,1,25873,6411,25868,400,345
Breast,MDA-MB-436,1096|1129,MDA-MB-436@2017-02-17,2017-02-17 00:00:00,2017-02-21 00:00:00,1,25874,6411,25868,400,346
Breast,MDA-MB-436,1190|1191,MDA-MB-436@2016-04-14,2016-04-14 23:00:00,2016-04-18 23:00:00,1,14786,6411,14784,400,271
Breast,MDA-MB-436,1192,MDA-MB-436@2017-02-17,2017-02-17 00:00:00,2017-02-21 00:00:00,1,25875,6411,25868,400,347
Breast,MDA-MB-436,1372,MDA-MB-436@2016-04-14,2016-04-14 23:00:00,2016-04-18 23:00:00,1,14787,6411,14784,400,272
Breast,MDA-MB-436,1373|2172,MDA-MB-436@2017-02-09,2017-02-09 00:00:00,2017-02-13 00:00:00,1,25492,6411,25490,400,352
Breast,MDA-MB-436,1510|1549,MDA-MB-436@2016-04-14,2016-04-14 23:00:00,2016-04-18 23:00:00,1,14789,6411,14784,400,274
Breast,MDA-MB-436,1553|1560,MDA-MB-436@2016-12-08,2016-12-08 00:00:00,2016-12-12 00:00:00,1,23897,6411,23892,400,353
Breast,MDA-MB-436,1558|1559,MDA-MB-436@2016-04-14,2016-04-14 23:00:00,2016-04-18 23:00:00,1,14790,6411,14784,400,275
Breast,MDA-MB-436,1561|1594,MDA-MB-436@2016-04-14,2016-04-14 23:00:00,2016-04-18 23:00:00,1,14791,6411,14784,400,276
Breast,MDA-MB-436,1564|1593,MDA-MB-436@2017-02-09,2017-02-09 00:00:00,2017-02-13 00:00:00,1,25493,6411,25490,400,354
Breast,MDA-MB-436,1632|1909,MDA-MB-436@2017-02-09,2017-02-09 00:00:00,2017-02-13 00:00:00,1,25494,6411,25490,400,355
Breast,MDA-MB-453,1003|1013,MDA-MB-453@2016-12-06,2016-12-06 00:00:00,2016-12-10 00:00:00,1,23793,6456,23792,400,341
Breast,MDA-MB-453,1005|1007,MDA-MB-453@2016-06-06,2016-06-06 23:00:00,2016-06-10 23:00:00,1,16355,6456,16354,400,264
Breast,MDA-MB-453,1011|1012,MDA-MB-453@2016-06-06,2016-06-06 23:00:00,2016-06-10 23:00:00,1,16356,6456,16354,400,265
Breast,MDA-MB-453,1017|1375,MDA-MB-453@2016-06-08,2016-06-08 23:00:00,2016-06-12 23:00:00,1,16438,6456,16434,400,273
Breast,MDA-MB-453,1021|1022,MDA-MB-453@2016-06-06,2016-06-06 23:00:00,2016-06-10 23:00:00,1,16357,6456,16354,400,266
Breast,MDA-MB-453,1025|1030,MDA-MB-453@2016-12-06,2016-12-06 00:00:00,2016-12-10 00:00:00,1,23794,6456,23792,400,342
Breast,MDA-MB-453,1032|1038,MDA-MB-453@2017-06-14,2017-06-14 23:00:00,2017-06-18 23:00:00,2,30208|30209,6456,30207,400,349
Breast,MDA-MB-453,1042|1046,MDA-MB-453@2016-12-09,2016-12-09 00:00:00,2016-12-13 00:00:00,1,23982,6456,23980,400,350
Breast,MDA-MB-453,1047|1049,MDA-MB-453@2016-06-06,2016-06-06 23:00:00,2016-06-10 23:00:00,1,16358,6456,16354,400,267
Breast,MDA-MB-453,1050|1051,MDA-MB-453@2017-06-14,2017-06-14 23:00:00,2017-06-18 23:00:00,2,30210|30211,6456,30207,400,351
Breast,MDA-MB-453,1052|1059,MDA-MB-453@2016-12-06,2016-12-06 00:00:00,2016-12-10 00:00:00,1,23795,6456,23792,400,343
Breast,MDA-MB-453,1053|1054,MDA-MB-453@2016-06-06,2016-06-06 23:00:00,2016-06-10 23:00:00,1,16359,6456,16354,400,268
Breast,MDA-MB-453,1058|1073,MDA-MB-453@2016-06-06,2016-06-06 23:00:00,2016-06-10 23:00:00,1,16360,6456,16354,400,269
Breast,MDA-MB-453,1080|2169,MDA-MB-453@2016-12-06,2016-12-06 00:00:00,2016-12-10 00:00:00,1,23796,6456,23792,400,344
Breast,MDA-MB-453,1083|1179,MDA-MB-453@2016-06-08,2016-06-08 23:00:00,2016-06-12 23:00:00,1,16435,6456,16434,400,270
Breast,MDA-MB-453,1085|1086,MDA-MB-453@2016-12-06,2016-12-06 00:00:00,2016-12-10 00:00:00,1,23797,6456,23792,400,345
Breast,MDA-MB-453,1096|1129,MDA-MB-453@2016-12-06,2016-12-06 00:00:00,2016-12-10 00:00:00,1,23798,6456,23792,400,346
Breast,MDA-MB-453,1191,MDA-MB-453@2016-06-08,2016-06-08 23:00:00,2016-06-12 23:00:00,1,16436,6456,16434,400,271
Breast,MDA-MB-453,1192,MDA-MB-453@2016-12-15,2016-12-15 00:00:00,2016-12-19 00:00:00,1,24237,6456,24236,400,347
Breast,MDA-MB-453,1372,MDA-MB-453@2016-06-08,2016-06-08 23:00:00,2016-06-12 23:00:00,1,16437,6456,16434,400,272
Breast,MDA-MB-453,1373|2172,MDA-MB-453@2017-06-14,2017-06-14 23:00:00,2017-06-18 23:00:00,1,30213,6456,30207,400,352
Breast,MDA-MB-453,1510|1549,MDA-MB-453@2016-06-08,2016-06-08 23:00:00,2016-06-12 23:00:00,1,16439,6456,16434,400,274
Breast,MDA-MB-453,1553|1560,MDA-MB-453@2016-12-15,2016-12-15 00:00:00,2016-12-19 00:00:00,1,24241,6456,24236,400,353
Breast,MDA-MB-453,1558|1559,MDA-MB-453@2016-06-08,2016-06-08 23:00:00,2016-06-12 23:00:00,1,16440,6456,16434,400,275
Breast,MDA-MB-453,1564|1593,MDA-MB-453@2016-12-09,2016-12-09 00:00:00,2016-12-13 00:00:00,1,23986,6456,23980,400,354
Breast,MDA-MB-453,1594,MDA-MB-453@2016-06-08,2016-06-08 23:00:00,2016-06-12 23:00:00,1,16441,6456,16434,400,276
Breast,MDA-MB-453,1632|1909,MDA-MB-453@2016-12-15,2016-12-15 00:00:00,2016-12-19 00:00:00,1,24242,6456,24236,400,355
Breast,MDA-MB-468,1003|1013,MDA-MB-468@2016-12-15,2016-12-15 00:00:00,2016-12-19 00:00:00,1,24244,4093,24243,400,341
Breast,MDA-MB-468,1005|1007,MDA-MB-468@2016-07-07,2016-07-07 23:00:00,2016-07-11 23:00:00,1,17507,4093,17506,400,264
Breast,MDA-MB-468,1011|1012,MDA-MB-468@2016-07-07,2016-07-07 23:00:00,2016-07-11 23:00:00,1,17508,4093,17506,400,265
Breast,MDA-MB-468,1017|1375,MDA-MB-468@2016-06-22,2016-06-22 23:00:00,2016-06-26 23:00:00,1,16958,4093,16954,400,273
Breast,MDA-MB-468,1021|1022,MDA-MB-468@2016-07-07,2016-07-07 23:00:00,2016-07-11 23:00:00,1,17509,4093,17506,400,266
Breast,MDA-MB-468,1025|1030,MDA-MB-468@2016-12-02,2016-12-02 00:00:00,2016-12-06 00:00:00,1,23653,4093,23651,400,342
Breast,MDA-MB-468,1032|1038,MDA-MB-468@2016-12-08,2016-12-08 00:00:00,2016-12-12 00:00:00,1,23901,4093,23900,400,349
Breast,MDA-MB-468,1042|1046,MDA-MB-468@2016-12-08,2016-12-08 00:00:00,2016-12-12 00:00:00,1,23902,4093,23900,400,350
Breast,MDA-MB-468,1047|1049,MDA-MB-468@2016-07-07,2016-07-07 23:00:00,2016-07-11 23:00:00,1,17510,4093,17506,400,267
Breast,MDA-MB-468,1050|1051,MDA-MB-468@2016-12-08,2016-12-08 00:00:00,2016-12-12 00:00:00,1,23903,4093,23900,400,351
Breast,MDA-MB-468,1052|1059,MDA-MB-468@2017-02-17,2017-02-17 00:00:00,2017-02-21 00:00:00,1,25877,4093,25876,400,343
Breast,MDA-MB-468,1053|1054,MDA-MB-468@2016-07-07,2016-07-07 23:00:00,2016-07-11 23:00:00,1,17511,4093,17506,400,268
Breast,MDA-MB-468,1058|1073,MDA-MB-468@2016-07-07,2016-07-07 23:00:00,2016-07-11 23:00:00,1,17512,4093,17506,400,269
Breast,MDA-MB-468,1080|2169,MDA-MB-468@2016-12-02,2016-12-02 00:00:00,2016-12-06 00:00:00,1,23655,4093,23651,400,344
Breast,MDA-MB-468,1083|1179,MDA-MB-468@2016-06-22,2016-06-22 23:00:00,2016-06-26 23:00:00,1,16955,4093,16954,400,270
Breast,MDA-MB-468,1085,MDA-MB-468@2017-02-17,2017-02-17 00:00:00,2017-02-21 00:00:00,1,25878,4093,25876,400,345
Breast,MDA-MB-468,1096|1129,MDA-MB-468@2016-12-02,2016-12-02 00:00:00,2016-12-06 00:00:00,1,23657,4093,23651,400,346
Breast,MDA-MB-468,1191,MDA-MB-468@2016-06-22,2016-06-22 23:00:00,2016-06-26 23:00:00,1,16956,4093,16954,400,271
Breast,MDA-MB-468,1192,MDA-MB-468@2016-12-02,2016-12-02 00:00:00,2016-12-06 00:00:00,1,23658,4093,23651,400,347
Breast,MDA-MB-468,1372,MDA-MB-468@2016-06-22,2016-06-22 23:00:00,2016-06-26 23:00:00,1,16957,4093,16954,400,272
Breast,MDA-MB-468,1373|2172,MDA-MB-468@2016-12-08,2016-12-08 00:00:00,2016-12-12 00:00:00,1,23904,4093,23900,400,352
Breast,MDA-MB-468,1510|1549,MDA-MB-468@2016-06-22,2016-06-22 23:00:00,2016-06-26 23:00:00,1,16959,4093,16954,400,274
Breast,MDA-MB-468,1553|1560,MDA-MB-468@2016-12-08,2016-12-08 00:00:00,2016-12-12 00:00:00,1,23905,4093,23900,400,353
Breast,MDA-MB-468,1558|1559,MDA-MB-468@2016-06-22,2016-06-22 23:00:00,2016-06-26 23:00:00,1,16960,4093,16954,400,275
Breast,MDA-MB-468,1561|1594,MDA-MB-468@2016-06-22,2016-06-22 23:00:00,2016-06-26 23:00:00,1,16961,4093,16954,400,276
Breast,MDA-MB-468,1564|1593,MDA-MB-468@2016-12-08,2016-12-08 00:00:00,2016-12-12 00:00:00,1,23906,4093,23900,400,354
Breast,MDA-MB-468,1632|1909,MDA-MB-468@2016-12-08,2016-12-08 00:00:00,2016-12-12 00:00:00,1,23907,4093,23900,400,355
Breast,MFM-223,1003|1013,MFM-223@2017-04-17,2017-04-17 23:00:00,2017-04-21 23:00:00,1,28099,7270,28096,625,341
Breast,MFM-223,1005|1007,MFM-223@2016-04-10,2016-04-10 23:00:00,2016-04-14 23:00:00,1,14668,5233,14667,625,264
Breast,MFM-223,1005|1007,MFM-223@2016-05-23,2016-05-23 23:00:00,2016-05-27 23:00:00,3,15911|15912|15913,5233,15910,625,264
Breast,MFM-223,1005|1007,MFM-223@2016-07-03,2016-07-03 23:00:00,2016-07-07 23:00:00,3,17259|17260|17261,5233,17258,625,264
Breast,MFM-223,1005|1007,MFM-223@2016-07-25,2016-07-25 23:00:00,2016-07-29 23:00:00,3,18064|18065|18066,5233,18063,625,264
Breast,MFM-223,1011|1012,MFM-223@2016-04-10,2016-04-10 23:00:00,2016-04-14 23:00:00,1,14669,5233,14667,625,265
Breast,MFM-223,1011|1012,MFM-223@2016-07-03,2016-07-03 23:00:00,2016-07-07 23:00:00,1,17262,5233,17258,625,265
Breast,MFM-223,1011|1012,MFM-223@2016-07-25,2016-07-25 23:00:00,2016-07-29 23:00:00,1,18067,5233,18063,625,265
Breast,MFM-223,1017|1375,MFM-223@2016-05-02,2016-05-02 23:00:00,2016-05-06 23:00:00,1,15038,5233,15034,625,273
Breast,MFM-223,1017|1375,MFM-223@2016-07-06,2016-07-06 23:00:00,2016-07-10 23:00:00,1,17405,5233,17399,625,273
Breast,MFM-223,1017|1375,MFM-223@2016-07-31,2016-07-31 23:00:00,2016-08-04 23:00:00,1,18162,5233,18156,625,273
Breast,MFM-223,1021|1022,MFM-223@2016-04-10,2016-04-10 23:00:00,2016-04-14 23:00:00,1,14670,5233,14667,625,266
Breast,MFM-223,1021|1022,MFM-223@2016-05-23,2016-05-23 23:00:00,2016-05-27 23:00:00,1,15915,5233,15910,625,266
Breast,MFM-223,1021|1022,MFM-223@2016-07-03,2016-07-03 23:00:00,2016-07-07 23:00:00,1,17263,5233,17258,625,266
Breast,MFM-223,1021|1022,MFM-223@2016-07-25,2016-07-25 23:00:00,2016-07-29 23:00:00,1,18068,5233,18063,625,266
Breast,MFM-223,1025|1030,MFM-223@2017-03-02,2017-03-02 00:00:00,2017-03-06 00:00:00,1,26442,7270,26438,625,342
Breast,MFM-223,1025|1030,MFM-223@2017-04-17,2017-04-17 23:00:00,2017-04-21 23:00:00,1,28100,7270,28096,625,342
Breast,MFM-223,1032|1038,MFM-223@2017-02-23,2017-02-23 00:00:00,2017-02-27 00:00:00,2,26094|26095,7270,26092,625,349
Breast,MFM-223,1042|1046,MFM-223@2017-02-23,2017-02-23 00:00:00,2017-02-27 00:00:00,1,26096,7270,26092,625,350
Breast,MFM-223,1047,MFM-223@2016-04-10,2016-04-10 23:00:00,2016-04-14 23:00:00,1,14671,5233,14667,625,267
Breast,MFM-223,1047,MFM-223@2016-05-23,2016-05-23 23:00:00,2016-05-27 23:00:00,1,15916,5233,15910,625,267
Breast,MFM-223,1047,MFM-223@2016-07-25,2016-07-25 23:00:00,2016-07-29 23:00:00,1,18069,5233,18063,625,267
Breast,MFM-223,1047|1049,MFM-223@2016-07-03,2016-07-03 23:00:00,2016-07-07 23:00:00,1,17264,5233,17258,625,267
Breast,MFM-223,1050|1051,MFM-223@2017-06-28,2017-06-28 23:00:00,2017-07-02 23:00:00,1,30690,7270,30685,450,351
Breast,MFM-223,1052|1059,MFM-223@2017-06-25,2017-06-25 23:00:00,2017-06-29 23:00:00,1,30580,7270,,625,343
Breast,MFM-223,1052|1059,MFM-223@2017-06-28,2017-06-28 23:00:00,2017-07-02 23:00:00,1,30686,7270,30685,450,343
Breast,MFM-223,1053|1054,MFM-223@2016-04-10,2016-04-10 23:00:00,2016-04-14 23:00:00,1,14672,5233,14667,625,268
Breast,MFM-223,1053|1054,MFM-223@2016-05-23,2016-05-23 23:00:00,2016-05-27 23:00:00,1,15917,5233,15910,625,268
Breast,MFM-223,1053|1054,MFM-223@2016-07-03,2016-07-03 23:00:00,2016-07-07 23:00:00,1,17265,5233,17258,625,268
Breast,MFM-223,1053|1054,MFM-223@2016-07-25,2016-07-25 23:00:00,2016-07-29 23:00:00,1,18070,5233,18063,625,268
Breast,MFM-223,1058|1073,MFM-223@2016-04-10,2016-04-10 23:00:00,2016-04-14 23:00:00,1,14673,5233,14667,625,269
Breast,MFM-223,1058|1073,MFM-223@2016-05-23,2016-05-23 23:00:00,2016-05-27 23:00:00,1,15919,5233,15910,625,269
Breast,MFM-223,1058|1073,MFM-223@2016-07-03,2016-07-03 23:00:00,2016-07-07 23:00:00,1,17266,5233,17258,625,269
Breast,MFM-223,1058|1073,MFM-223@2016-07-25,2016-07-25 23:00:00,2016-07-29 23:00:00,1,18071,5233,18063,625,269
Breast,MFM-223,1080|2169,MFM-223@2017-06-28,2017-06-28 23:00:00,2017-07-02 23:00:00,1,30687,7270,30685,450,344
Breast,MFM-223,1083|1179,MFM-223@2016-05-02,2016-05-02 23:00:00,2016-05-06 23:00:00,1,15035,5233,15034,625,270
Breast,MFM-223,1083|1179,MFM-223@2016-05-30,2016-05-30 23:00:00,2016-06-03 23:00:00,2,16049|16050,5233,16047,625,270
Breast,MFM-223,1083|1179,MFM-223@2016-07-06,2016-07-06 23:00:00,2016-07-10 23:00:00,3,17400|17401|17402,5233,17399,625,270
Breast,MFM-223,1083|1179,MFM-223@2016-07-31,2016-07-31 23:00:00,2016-08-04 23:00:00,3,18157|18158|18159,5233,18156,625,270
Breast,MFM-223,1085,MFM-223@2017-06-28,2017-06-28 23:00:00,2017-07-02 23:00:00,1,30688,7270,30685,450,345
Breast,MFM-223,1096|1129,MFM-223@2017-04-17,2017-04-17 23:00:00,2017-04-21 23:00:00,1,28104,7270,28096,625,346
Breast,MFM-223,1190|1191,MFM-223@2016-05-02,2016-05-02 23:00:00,2016-05-06 23:00:00,1,15036,5233,15034,625,271
Breast,MFM-223,1190|1191,MFM-223@2016-07-06,2016-07-06 23:00:00,2016-07-10 23:00:00,1,17403,5233,17399,625,271
Breast,MFM-223,1190|1191,MFM-223@2016-07-31,2016-07-31 23:00:00,2016-08-04 23:00:00,1,18160,5233,18156,625,271
Breast,MFM-223,1192,MFM-223@2017-06-28,2017-06-28 23:00:00,2017-07-02 23:00:00,1,30689,7270,30685,450,347
Breast,MFM-223,1372,MFM-223@2016-05-02,2016-05-02 23:00:00,2016-05-06 23:00:00,1,15037,5233,15034,625,272
Breast,MFM-223,1372,MFM-223@2016-05-30,2016-05-30 23:00:00,2016-06-03 23:00:00,1,16052,5233,16047,625,272
Breast,MFM-223,1372,MFM-223@2016-07-06,2016-07-06 23:00:00,2016-07-10 23:00:00,1,17404,5233,17399,625,272
Breast,MFM-223,1372,MFM-223@2016-07-31,2016-07-31 23:00:00,2016-08-04 23:00:00,1,18161,5233,18156,625,272
Breast,MFM-223,1373|2172,MFM-223@2017-02-23,2017-02-23 00:00:00,2017-02-27 00:00:00,1,26098,7270,26092,625,352
Breast,MFM-223,1373|2172,MFM-223@2017-05-04,2017-05-04 23:00:00,2017-05-08 23:00:00,1,28696,7270,28690,625,352
Breast,MFM-223,1510|1549,MFM-223@2016-05-02,2016-05-02 23:00:00,2016-05-06 23:00:00,1,15039,5233,15034,625,274
Breast,MFM-223,1510|1549,MFM-223@2016-07-06,2016-07-06 23:00:00,2016-07-10 23:00:00,1,17406,5233,17399,625,274
Breast,MFM-223,1510|1549,MFM-223@2016-07-31,2016-07-31 23:00:00,2016-08-04 23:00:00,1,18163,5233,18156,625,274
Breast,MFM-223,1553|1560,MFM-223@2017-02-23,2017-02-23 00:00:00,2017-02-27 00:00:00,1,26099,7270,26092,625,353
Breast,MFM-223,1558|1559,MFM-223@2016-05-02,2016-05-02 23:00:00,2016-05-06 23:00:00,1,15040,5233,15034,625,275
Breast,MFM-223,1558|1559,MFM-223@2016-05-30,2016-05-30 23:00:00,2016-06-03 23:00:00,1,16055,5233,16047,625,275
Breast,MFM-223,1558|1559,MFM-223@2016-07-06,2016-07-06 23:00:00,2016-07-10 23:00:00,1,17407,5233,17399,625,275
Breast,MFM-223,1558|1559,MFM-223@2016-07-31,2016-07-31 23:00:00,2016-08-04 23:00:00,1,18164,5233,18156,625,275
Breast,MFM-223,1561|1594,MFM-223@2016-05-02,2016-05-02 23:00:00,2016-05-06 23:00:00,1,15041,5233,15034,625,276
Breast,MFM-223,1561|1594,MFM-223@2016-05-30,2016-05-30 23:00:00,2016-06-03 23:00:00,1,16056,5233,16047,625,276
Breast,MFM-223,1561|1594,MFM-223@2016-07-06,2016-07-06 23:00:00,2016-07-10 23:00:00,1,17408,5233,17399,625,276
Breast,MFM-223,1561|1594,MFM-223@2016-07-31,2016-07-31 23:00:00,2016-08-04 23:00:00,1,18165,5233,18156,625,276
Breast,MFM-223,1564|1593,MFM-223@2017-06-28,2017-06-28 23:00:00,2017-07-02 23:00:00,1,30691,7270,30685,450,354
Breast,MFM-223,1632|1909,MFM-223@2017-02-23,2017-02-23 00:00:00,2017-02-27 00:00:00,1,26101,7270,26092,625,355
Breast,MRK-nu-1,1003|1013,MRK-nu-1@2017-01-30,2017-01-30 00:00:00,2017-02-03 00:00:00,1,25068,7012,25067,625,341
Breast,MRK-nu-1,1005|1007,MRK-nu-1@2016-06-06,2016-06-06 23:00:00,2016-06-10 23:00:00,1,16362,3230,16361,625,264
Breast,MRK-nu-1,1011|1012,MRK-nu-1@2016-06-06,2016-06-06 23:00:00,2016-06-10 23:00:00,1,16363,3230,16361,625,265
Breast,MRK-nu-1,1017|1375,MRK-nu-1@2016-06-08,2016-06-08 23:00:00,2016-06-12 23:00:00,1,16446,3230,16442,625,273
Breast,MRK-nu-1,1021|1022,MRK-nu-1@2016-06-06,2016-06-06 23:00:00,2016-06-10 23:00:00,1,16364,3230,16361,625,266
Breast,MRK-nu-1,1025|1030,MRK-nu-1@2017-01-30,2017-01-30 00:00:00,2017-02-03 00:00:00,1,25069,7012,25067,625,342
Breast,MRK-nu-1,1032|1038,MRK-nu-1@2017-02-09,2017-02-09 00:00:00,2017-02-13 00:00:00,1,25496,7012,25495,625,349
Breast,MRK-nu-1,1042|1046,MRK-nu-1@2017-02-09,2017-02-09 00:00:00,2017-02-13 00:00:00,1,25497,7012,25495,625,350
Breast,MRK-nu-1,1047|1049,MRK-nu-1@2016-06-06,2016-06-06 23:00:00,2016-06-10 23:00:00,1,16365,3230,16361,625,267
Breast,MRK-nu-1,1050,MRK-nu-1@2017-02-09,2017-02-09 00:00:00,2017-02-13 00:00:00,1,25498,7012,25495,625,351
Breast,MRK-nu-1,1052|1059,MRK-nu-1@2017-01-30,2017-01-30 00:00:00,2017-02-03 00:00:00,1,25070,7012,25067,625,343
Breast,MRK-nu-1,1053|1054,MRK-nu-1@2016-06-06,2016-06-06 23:00:00,2016-06-10 23:00:00,1,16366,3230,16361,625,268
Breast,MRK-nu-1,1058|1073,MRK-nu-1@2016-06-06,2016-06-06 23:00:00,2016-06-10 23:00:00,1,16367,3230,16361,625,269
Breast,MRK-nu-1,1080|2169,MRK-nu-1@2017-01-30,2017-01-30 00:00:00,2017-02-03 00:00:00,1,25071,7012,25067,625,344
Breast,MRK-nu-1,1083|1179,MRK-nu-1@2016-06-08,2016-06-08 23:00:00,2016-06-12 23:00:00,1,16443,3230,16442,625,270
Breast,MRK-nu-1,1085,MRK-nu-1@2017-01-30,2017-01-30 00:00:00,2017-02-03 00:00:00,1,25072,7012,25067,625,345
Breast,MRK-nu-1,1096|1129,MRK-nu-1@2017-01-30,2017-01-30 00:00:00,2017-02-03 00:00:00,1,25073,7012,25067,625,346
Breast,MRK-nu-1,1190|1191,MRK-nu-1@2016-06-08,2016-06-08 23:00:00,2016-06-12 23:00:00,1,16444,3230,16442,625,271
Breast,MRK-nu-1,1192,MRK-nu-1@2017-01-30,2017-01-30 00:00:00,2017-02-03 00:00:00,1,25074,7012,25067,625,347
Breast,MRK-nu-1,1372,MRK-nu-1@2016-06-08,2016-06-08 23:00:00,2016-06-12 23:00:00,1,16445,3230,16442,625,272
Breast,MRK-nu-1,1373|2172,MRK-nu-1@2017-02-09,2017-02-09 00:00:00,2017-02-13 00:00:00,1,25499,7012,25495,625,352
Breast,MRK-nu-1,1510|1549,MRK-nu-1@2016-06-08,2016-06-08 23:00:00,2016-06-12 23:00:00,1,16447,3230,16442,625,274
Breast,MRK-nu-1,1553|1560,MRK-nu-1@2017-02-09,2017-02-09 00:00:00,2017-02-13 00:00:00,1,25500,7012,25495,625,353
Breast,MRK-nu-1,1558|1559,MRK-nu-1@2016-06-08,2016-06-08 23:00:00,2016-06-12 23:00:00,1,16448,3230,16442,625,275
Breast,MRK-nu-1,1561|1594,MRK-nu-1@2016-06-08,2016-06-08 23:00:00,2016-06-12 23:00:00,1,16449,3230,16442,625,276
Breast,MRK-nu-1,1564|1593,MRK-nu-1@2017-02-09,2017-02-09 00:00:00,2017-02-13 00:00:00,1,25501,7012,25495,625,354
Breast,MRK-nu-1,1632|1909,MRK-nu-1@2017-02-09,2017-02-09 00:00:00,2017-02-13 00:00:00,1,25502,7012,25495,625,355
Breast,OCUB-M,1003|1013,OCUB-M@2017-01-30,2017-01-30 00:00:00,2017-02-03 00:00:00,1,25076,7950,25075,625,341
Breast,OCUB-M,1005|1007,OCUB-M@2016-06-06,2016-06-06 23:00:00,2016-06-10 23:00:00,1,16369,2504,16368,625,264
Breast,OCUB-M,1011|1012,OCUB-M@2016-06-06,2016-06-06 23:00:00,2016-06-10 23:00:00,1,16370,2504,16368,625,265
Breast,OCUB-M,1017|1375,OCUB-M@2016-05-26,2016-05-26 23:00:00,2016-05-30 23:00:00,1,15965,2504,15961,625,273
Breast,OCUB-M,1021|1022,OCUB-M@2016-06-06,2016-06-06 23:00:00,2016-06-10 23:00:00,1,16371,2504,16368,625,266
Breast,OCUB-M,1025|1030,OCUB-M@2017-01-30,2017-01-30 00:00:00,2017-02-03 00:00:00,1,25077,7950,25075,625,342
Breast,OCUB-M,1032|1038,OCUB-M@2017-03-23,2017-03-23 00:00:00,2017-03-26 23:00:00,1,27336,7950,27335,625,349
Breast,OCUB-M,1042|1046,OCUB-M@2017-02-09,2017-02-09 00:00:00,2017-02-13 00:00:00,1,25505,7950,25503,625,350
Breast,OCUB-M,1047|1049,OCUB-M@2016-06-06,2016-06-06 23:00:00,2016-06-10 23:00:00,1,16372,2504,16368,625,267
Breast,OCUB-M,1050,OCUB-M@2017-02-09,2017-02-09 00:00:00,2017-02-13 00:00:00,1,25506,7950,25503,625,351
Breast,OCUB-M,1052|1059,OCUB-M@2017-03-16,2017-03-16 00:00:00,2017-03-20 00:00:00,1,27080,7950,27079,625,343
Breast,OCUB-M,1053|1054,OCUB-M@2016-06-06,2016-06-06 23:00:00,2016-06-10 23:00:00,1,16373,2504,16368,625,268
Breast,OCUB-M,1058|1073,OCUB-M@2016-06-06,2016-06-06 23:00:00,2016-06-10 23:00:00,1,16374,2504,16368,625,269
Breast,OCUB-M,1080|2169,OCUB-M@2017-01-30,2017-01-30 00:00:00,2017-02-03 00:00:00,1,25079,7950,25075,625,344
Breast,OCUB-M,1083|1179,OCUB-M@2016-07-10,2016-07-10 23:00:00,2016-07-14 23:00:00,1,17530,2504,17529,625,270
Breast,OCUB-M,1085|1086,OCUB-M@2017-01-30,2017-01-30 00:00:00,2017-02-03 00:00:00,1,25080,7950,25075,625,345
Breast,OCUB-M,1096|1129,OCUB-M@2017-03-16,2017-03-16 00:00:00,2017-03-20 00:00:00,1,27081,7950,27079,625,346
Breast,OCUB-M,1191,OCUB-M@2016-05-26,2016-05-26 23:00:00,2016-05-30 23:00:00,1,15963,2504,15961,625,271
Breast,OCUB-M,1192,OCUB-M@2017-01-30,2017-01-30 00:00:00,2017-02-03 00:00:00,1,25082,7950,25075,625,347
Breast,OCUB-M,1372,OCUB-M@2016-05-26,2016-05-26 23:00:00,2016-05-30 23:00:00,1,15964,2504,15961,625,272
Breast,OCUB-M,1373|2172,OCUB-M@2017-02-09,2017-02-09 00:00:00,2017-02-13 00:00:00,1,25507,7950,25503,625,352
Breast,OCUB-M,1510|1549,OCUB-M@2016-05-26,2016-05-26 23:00:00,2016-05-30 23:00:00,1,15966,2504,15961,625,274
Breast,OCUB-M,1553|1560,OCUB-M@2017-02-09,2017-02-09 00:00:00,2017-02-13 00:00:00,1,25508,7950,25503,625,353
Breast,OCUB-M,1558|1559,OCUB-M@2016-05-26,2016-05-26 23:00:00,2016-05-30 23:00:00,1,15967,2504,15961,625,275
Breast,OCUB-M,1561|1594,OCUB-M@2016-05-26,2016-05-26 23:00:00,2016-05-30 23:00:00,1,15968,2504,15961,625,276
Breast,OCUB-M,1593,OCUB-M@2017-02-09,2017-02-09 00:00:00,2017-02-13 00:00:00,1,25509,7950,25503,625,354
Breast,OCUB-M,1632|1909,OCUB-M@2017-03-16,2017-03-16 00:00:00,2017-03-20 00:00:00,1,27083,7950,27079,625,355
Breast,T47D,1003|1013,T47D@2016-12-15,2016-12-15 00:00:00,2016-12-19 00:00:00,1,24248,5514,24247,500,341
Breast,T47D,1005|1007,T47D@2016-05-19,2016-05-19 23:00:00,2016-05-23 23:00:00,1,15790,5514,15789,500,264
Breast,T47D,1011|1012,T47D@2016-05-19,2016-05-19 23:00:00,2016-05-23 23:00:00,1,15791,5514,15789,500,265
Breast,T47D,1017|1375,T47D@2016-05-05,2016-05-05 23:00:00,2016-05-09 23:00:00,1,15086,5514,15082,500,273
Breast,T47D,1021|1022,T47D@2016-05-19,2016-05-19 23:00:00,2016-05-23 23:00:00,1,15792,5514,15789,500,266
Breast,T47D,1025|1030,T47D@2016-12-02,2016-12-02 00:00:00,2016-12-06 00:00:00,1,23581,5514,23579,500,342
Breast,T47D,1032|1038,T47D@2016-12-08,2016-12-08 00:00:00,2016-12-12 00:00:00,1,23909,5514,23908,500,349
Breast,T47D,1042|1046,T47D@2016-12-08,2016-12-08 00:00:00,2016-12-12 00:00:00,1,23910,5514,23908,500,350
Breast,T47D,1047|1049,T47D@2016-05-19,2016-05-19 23:00:00,2016-05-23 23:00:00,1,15793,5514,15789,500,267
Breast,T47D,1050|1051,T47D@2016-12-08,2016-12-08 00:00:00,2016-12-12 00:00:00,1,23911,5514,23908,500,351
Breast,T47D,1052|1059,T47D@2016-12-02,2016-12-02 00:00:00,2016-12-06 00:00:00,1,23582,5514,23579,500,343
Breast,T47D,1053|1054,T47D@2016-05-19,2016-05-19 23:00:00,2016-05-23 23:00:00,1,15794,5514,15789,500,268
Breast,T47D,1058|1073,T47D@2016-05-19,2016-05-19 23:00:00,2016-05-23 23:00:00,1,15795,5514,15789,500,269
Breast,T47D,1080|2169,T47D@2016-12-02,2016-12-02 00:00:00,2016-12-06 00:00:00,1,23583,5514,23579,500,344
Breast,T47D,1083|1179,T47D@2016-05-05,2016-05-05 23:00:00,2016-05-09 23:00:00,1,15083,5514,15082,500,270
Breast,T47D,1085|1086,T47D@2016-12-02,2016-12-02 00:00:00,2016-12-06 00:00:00,1,23584,5514,23579,500,345
Breast,T47D,1096|1129,T47D@2016-12-02,2016-12-02 00:00:00,2016-12-06 00:00:00,1,23585,5514,23579,500,346
Breast,T47D,1190|1191,T47D@2016-05-05,2016-05-05 23:00:00,2016-05-09 23:00:00,1,15084,5514,15082,500,271
Breast,T47D,1192,T47D@2016-12-02,2016-12-02 00:00:00,2016-12-06 00:00:00,1,23586,5514,23579,500,347
Breast,T47D,1372,T47D@2016-05-05,2016-05-05 23:00:00,2016-05-09 23:00:00,1,15085,5514,15082,500,272
Breast,T47D,1373|2172,T47D@2016-12-08,2016-12-08 00:00:00,2016-12-12 00:00:00,1,23912,5514,23908,500,352
Breast,T47D,1510|1549,T47D@2016-05-05,2016-05-05 23:00:00,2016-05-09 23:00:00,1,15087,5514,15082,500,274
Breast,T47D,1553|1560,T47D@2016-12-08,2016-12-08 00:00:00,2016-12-12 00:00:00,1,23913,5514,23908,500,353
Breast,T47D,1558|1559,T47D@2016-05-05,2016-05-05 23:00:00,2016-05-09 23:00:00,1,15088,5514,15082,500,275
Breast,T47D,1564|1593,T47D@2016-12-08,2016-12-08 00:00:00,2016-12-12 00:00:00,1,23914,5514,23908,500,354
Breast,T47D,1594,T47D@2016-05-05,2016-05-05 23:00:00,2016-05-09 23:00:00,1,15089,5514,15082,500,276
Breast,T47D,1632|1909,T47D@2016-12-08,2016-12-08 00:00:00,2016-12-12 00:00:00,1,23915,5514,23908,500,355
Breast,UACC-812,1005|1007,UACC-812@2016-07-27,2016-07-27 23:00:00,2016-07-31 23:00:00,1,18113,7070,18112,625,264
Breast,UACC-812,1011|1012,UACC-812@2016-07-27,2016-07-27 23:00:00,2016-07-31 23:00:00,1,18114,7070,18112,625,265
Breast,UACC-812,1017|1375,UACC-812@2016-07-13,2016-07-13 23:00:00,2016-07-17 23:00:00,1,17747,7070,17743,625,273
Breast,UACC-812,1021|1022,UACC-812@2016-07-27,2016-07-27 23:00:00,2016-07-31 23:00:00,1,18115,7070,18112,625,266
Breast,UACC-812,1047|1049,UACC-812@2016-07-27,2016-07-27 23:00:00,2016-07-31 23:00:00,1,18116,7070,18112,625,267
Breast,UACC-812,1053|1054,UACC-812@2016-07-27,2016-07-27 23:00:00,2016-07-31 23:00:00,1,18117,7070,18112,625,268
Breast,UACC-812,1058|1073,UACC-812@2016-07-27,2016-07-27 23:00:00,2016-07-31 23:00:00,1,18118,7070,18112,625,269
Breast,UACC-812,1083|1179,UACC-812@2016-07-13,2016-07-13 23:00:00,2016-07-17 23:00:00,1,17744,7070,17743,625,270
Breast,UACC-812,1190|1191,UACC-812@2016-07-13,2016-07-13 23:00:00,2016-07-17 23:00:00,1,17745,7070,17743,625,271
Breast,UACC-812,1372,UACC-812@2016-07-13,2016-07-13 23:00:00,2016-07-17 23:00:00,1,17746,7070,17743,625,272
Breast,UACC-812,1510|1549,UACC-812@2016-07-13,2016-07-13 23:00:00,2016-07-17 23:00:00,1,17748,7070,17743,625,274
Breast,UACC-812,1558|1559,UACC-812@2016-07-13,2016-07-13 23:00:00,2016-07-17 23:00:00,1,17749,7070,17743,625,275
Breast,UACC-812,1561|1594,UACC-812@2016-07-13,2016-07-13 23:00:00,2016-07-17 23:00:00,1,17750,7070,17743,625,276
Breast,UACC-893,1003|1013,UACC-893@2017-03-16,2017-03-16 00:00:00,2017-03-20 00:00:00,1,27093,7130,27092,800,341
Breast,UACC-893,1005|1007,UACC-893@2016-04-11,2016-04-11 23:00:00,2016-04-15 23:00:00,1,14689,2241,14688,800,264
Breast,UACC-893,1011|1012,UACC-893@2016-04-11,2016-04-11 23:00:00,2016-04-15 23:00:00,1,14690,2241,14688,800,265
Breast,UACC-893,1017|1375,UACC-893@2016-05-26,2016-05-26 23:00:00,2016-05-30 23:00:00,1,15973,2241,15969,800,273
Breast,UACC-893,1021|1022,UACC-893@2016-04-11,2016-04-11 23:00:00,2016-04-15 23:00:00,1,14691,2241,14688,800,266
Breast,UACC-893,1025|1030,UACC-893@2017-03-16,2017-03-16 00:00:00,2017-03-20 00:00:00,1,27094,7130,27092,800,342
Breast,UACC-893,1032|1038,UACC-893@2017-03-09,2017-03-09 00:00:00,2017-03-13 00:00:00,1,26755,7130,26754,800,349
Breast,UACC-893,1042|1046,UACC-893@2017-03-09,2017-03-09 00:00:00,2017-03-13 00:00:00,1,26756,7130,26754,800,350
Breast,UACC-893,1047|1049,UACC-893@2016-04-11,2016-04-11 23:00:00,2016-04-15 23:00:00,1,14692,2241,14688,800,267
Breast,UACC-893,1050|1051,UACC-893@2017-03-09,2017-03-09 00:00:00,2017-03-13 00:00:00,1,26757,7130,26754,800,351
Breast,UACC-893,1052|1059,UACC-893@2017-03-16,2017-03-16 00:00:00,2017-03-20 00:00:00,1,27095,7130,27092,800,343
Breast,UACC-893,1053|1054,UACC-893@2016-05-19,2016-05-19 23:00:00,2016-05-23 23:00:00,1,15797,2241,15796,800,268
Breast,UACC-893,1058|1073,UACC-893@2016-05-19,2016-05-19 23:00:00,2016-05-23 23:00:00,1,15798,2241,15796,800,269
Breast,UACC-893,1080|2169,UACC-893@2017-03-16,2017-03-16 00:00:00,2017-03-20 00:00:00,1,27096,7130,27092,800,344
Breast,UACC-893,1083|1179,UACC-893@2016-05-26,2016-05-26 23:00:00,2016-05-30 23:00:00,1,15970,2241,15969,800,270
Breast,UACC-893,1085|1086,UACC-893@2017-03-29,2017-03-29 23:00:00,2017-04-02 23:00:00,1,27522,7130,27521,800,345
Breast,UACC-893,1096|1129,UACC-893@2017-03-16,2017-03-16 00:00:00,2017-03-20 00:00:00,1,27098,7130,27092,800,346
Breast,UACC-893,1190|1191,UACC-893@2016-05-26,2016-05-26 23:00:00,2016-05-30 23:00:00,1,15971,2241,15969,800,271
Breast,UACC-893,1192,UACC-893@2017-03-16,2017-03-16 00:00:00,2017-03-20 00:00:00,1,27099,7130,27092,800,347
Breast,UACC-893,1372,UACC-893@2016-05-26,2016-05-26 23:00:00,2016-05-30 23:00:00,1,15972,2241,15969,800,272
Breast,UACC-893,1373|2172,UACC-893@2017-03-09,2017-03-09 00:00:00,2017-03-13 00:00:00,1,26758,7130,26754,800,352
Breast,UACC-893,1510|1549,UACC-893@2016-05-26,2016-05-26 23:00:00,2016-05-30 23:00:00,1,15974,2241,15969,800,274
Breast,UACC-893,1553|1560,UACC-893@2017-03-09,2017-03-09 00:00:00,2017-03-13 00:00:00,1,26759,7130,26754,800,353
Breast,UACC-893,1558|1559,UACC-893@2016-05-26,2016-05-26 23:00:00,2016-05-30 23:00:00,1,15975,2241,15969,800,275
Breast,UACC-893,1561|1594,UACC-893@2016-05-26,2016-05-26 23:00:00,2016-05-30 23:00:00,1,15976,2241,15969,800,276
Breast,UACC-893,1564|1593,UACC-893@2017-03-09,2017-03-09 00:00:00,2017-03-13 00:00:00,1,26760,7130,26754,800,354
Breast,UACC-893,1632|1909,UACC-893@2017-03-29,2017-03-29 23:00:00,2017-04-02 23:00:00,1,27523,7130,27521,800,355
Breast,ZR-75-30,1003|1013,ZR-75-30@2017-03-16,2017-03-16 00:00:00,2017-03-20 00:00:00,1,27108,5989,27107,625,341
Breast,ZR-75-30,1005|1007,ZR-75-30@2016-06-13,2016-06-13 23:00:00,2016-06-17 23:00:00,1,16651,5989,16650,625,264
Breast,ZR-75-30,1011|1012,ZR-75-30@2016-06-13,2016-06-13 23:00:00,2016-06-17 23:00:00,1,16652,5989,16650,625,265
Breast,ZR-75-30,1017|1375,ZR-75-30@2016-07-17,2016-07-17 23:00:00,2016-07-21 23:00:00,1,17868,5989,17864,625,273
Breast,ZR-75-30,1021|1022,ZR-75-30@2016-06-13,2016-06-13 23:00:00,2016-06-17 23:00:00,1,16653,5989,16650,625,266
Breast,ZR-75-30,1025|1030,ZR-75-30@2017-03-16,2017-03-16 00:00:00,2017-03-20 00:00:00,1,27109,5989,27107,625,342
Breast,ZR-75-30,1032|1038,ZR-75-30@2017-03-16,2017-03-16 00:00:00,2017-03-20 00:00:00,1,27115,5989,27107,625,349
Breast,ZR-75-30,1042|1046,ZR-75-30@2017-03-16,2017-03-16 00:00:00,2017-03-20 00:00:00,1,27116,5989,27107,625,350
Breast,ZR-75-30,1047|1049,ZR-75-30@2016-06-13,2016-06-13 23:00:00,2016-06-17 23:00:00,1,16654,5989,16650,625,267
Breast,ZR-75-30,1050|1051,ZR-75-30@2017-03-16,2017-03-16 00:00:00,2017-03-20 00:00:00,1,27117,5989,27107,625,351
Breast,ZR-75-30,1052|1059,ZR-75-30@2017-03-16,2017-03-16 00:00:00,2017-03-20 00:00:00,1,27110,5989,27107,625,343
Breast,ZR-75-30,1053|1054,ZR-75-30@2016-06-13,2016-06-13 23:00:00,2016-06-17 23:00:00,1,16655,5989,16650,625,268
Breast,ZR-75-30,1058|1073,ZR-75-30@2016-06-13,2016-06-13 23:00:00,2016-06-17 23:00:00,1,16656,5989,16650,625,269
Breast,ZR-75-30,1080|2169,ZR-75-30@2017-02-17,2017-02-17 00:00:00,2017-02-21 00:00:00,1,25883,5989,25879,625,344
Breast,ZR-75-30,1083|1179,ZR-75-30@2016-07-17,2016-07-17 23:00:00,2016-07-21 23:00:00,1,17865,5989,17864,625,270
Breast,ZR-75-30,1085|1086,ZR-75-30@2017-02-17,2017-02-17 00:00:00,2017-02-21 00:00:00,1,25884,5989,25879,625,345
Breast,ZR-75-30,1096|1129,ZR-75-30@2017-03-16,2017-03-16 00:00:00,2017-03-20 00:00:00,1,27111,5989,27107,625,346
Breast,ZR-75-30,1190|1191,ZR-75-30@2016-07-17,2016-07-17 23:00:00,2016-07-21 23:00:00,1,17866,5989,17864,625,271
Breast,ZR-75-30,1192,ZR-75-30@2017-02-17,2017-02-17 00:00:00,2017-02-21 00:00:00,1,25886,5989,25879,625,347
Breast,ZR-75-30,1372,ZR-75-30@2016-07-17,2016-07-17 23:00:00,2016-07-21 23:00:00,1,17867,5989,17864,625,272
Breast,ZR-75-30,1373|2172,ZR-75-30@2017-03-16,2017-03-16 00:00:00,2017-03-20 00:00:00,1,27118,5989,27107,625,352
Breast,ZR-75-30,1510|1549,ZR-75-30@2016-07-17,2016-07-17 23:00:00,2016-07-21 23:00:00,1,17869,5989,17864,625,274
Breast,ZR-75-30,1553|1560,ZR-75-30@2017-03-16,2017-03-16 00:00:00,2017-03-20 00:00:00,1,27119,5989,27107,625,353
Breast,ZR-75-30,1558|1559,ZR-75-30@2016-07-17,2016-07-17 23:00:00,2016-07-21 23:00:00,1,17870,5989,17864,625,275
Breast,ZR-75-30,1561|1594,ZR-75-30@2016-07-17,2016-07-17 23:00:00,2016-07-21 23:00:00,1,17871,5989,17864,625,276
Breast,ZR-75-30,1564|1593,ZR-75-30@2017-03-16,2017-03-16 00:00:00,2017-03-20 00:00:00,1,27120,5989,27107,625,354
Breast,ZR-75-30,1632|1909,ZR-75-30@2017-03-23,2017-03-23 00:00:00,2017-03-26 23:00:00,1,27338,5989,27337,625,355
Colon,C2BBe1,1003|1032,C2BBe1@2016-11-29,2016-11-29 00:00:00,2016-12-03 00:00:00,1,23437,5532,23436,400,309
Colon,C2BBe1,1011|1510,C2BBe1@2016-12-06,2016-12-06 00:00:00,2016-12-10 00:00:00,1,23801,5532,23800,400,312
Colon,C2BBe1,1017|1373,C2BBe1@2016-12-06,2016-12-06 00:00:00,2016-12-10 00:00:00,1,23803,5532,23800,400,316
Colon,C2BBe1,1022|1372,C2BBe1@2016-11-29,2016-11-29 00:00:00,2016-12-03 00:00:00,1,23438,5532,23436,400,310
Colon,C2BBe1,1025|1194,C2BBe1@2016-12-06,2016-12-06 00:00:00,2016-12-10 00:00:00,1,23802,5532,23800,400,315
Colon,C2BBe1,1032|1372|2048,C2BBe1@2016-12-06,2016-12-06 00:00:00,2016-12-10 00:00:00,1,23808,5532,23800,400,321
Colon,C2BBe1,1047|1054,C2BBe1@2016-11-29,2016-11-29 00:00:00,2016-12-03 00:00:00,1,23442,5532,23436,400,314
Colon,C2BBe1,1053|2171,C2BBe1@2016-11-29,2016-11-29 00:00:00,2016-12-03 00:00:00,1,23441,5532,23436,400,313
Colon,C2BBe1,1059|1083,C2BBe1@2016-11-29,2016-11-29 00:00:00,2016-12-03 00:00:00,1,23439,5532,23436,400,311
Colon,C2BBe1,1073|1089,C2BBe1@2016-12-06,2016-12-06 00:00:00,2016-12-10 00:00:00,1,23804,5532,23800,400,317
Colon,C2BBe1,1179|1549,C2BBe1@2016-12-06,2016-12-06 00:00:00,2016-12-10 00:00:00,1,23805,5532,23800,400,318
Colon,C2BBe1,1561|1564,C2BBe1@2016-12-06,2016-12-06 00:00:00,2016-12-10 00:00:00,1,23806,5532,23800,400,319
Colon,C2BBe1,1598|1786,C2BBe1@2016-12-06,2016-12-06 00:00:00,2016-12-10 00:00:00,1,23807,5532,23800,400,320
Colon,CCK-81,1003,CCK-81@2016-11-14,2016-11-14 00:00:00,2016-11-18 00:00:00,1,22883,5509,22882,300,309
Colon,CCK-81,1011|1510,CCK-81@2016-11-01,2016-11-01 00:00:00,2016-11-05 00:00:00,1,22194,5509,22190,300,312
Colon,CCK-81,1017|1373,CCK-81@2016-11-01,2016-11-01 00:00:00,2016-11-05 00:00:00,1,22197,5509,22190,300,316
Colon,CCK-81,1022|1372,CCK-81@2016-11-01,2016-11-01 00:00:00,2016-11-05 00:00:00,1,22192,5509,22190,300,310
Colon,CCK-81,1025|1194,CCK-81@2016-10-10,2016-10-10 23:00:00,2016-10-14 23:00:00,1,21293,5509,21292,300,315
Colon,CCK-81,1032|1372|2048,CCK-81@2016-10-10,2016-10-10 23:00:00,2016-10-14 23:00:00,1,21298,5509,21292,300,321
Colon,CCK-81,1047|1054,CCK-81@2016-11-01,2016-11-01 00:00:00,2016-11-05 00:00:00,1,22196,5509,22190,300,314
Colon,CCK-81,1053|2171,CCK-81@2016-11-01,2016-11-01 00:00:00,2016-11-05 00:00:00,1,22195,5509,22190,300,313
Colon,CCK-81,1059|1083,CCK-81@2016-11-14,2016-11-14 00:00:00,2016-11-18 00:00:00,1,22884,5509,22882,300,311
Colon,CCK-81,1073|1089,CCK-81@2016-10-10,2016-10-10 23:00:00,2016-10-14 23:00:00,1,21295,5509,21292,300,317
Colon,CCK-81,1179|1549,CCK-81@2016-11-14,2016-11-14 00:00:00,2016-11-18 00:00:00,1,22885,5509,22882,300,318
Colon,CCK-81,1561|1564,CCK-81@2016-11-22,2016-11-22 00:00:00,2016-11-26 00:00:00,1,23240,5509,23239,300,319
Colon,CCK-81,1598|1786,CCK-81@2016-10-10,2016-10-10 23:00:00,2016-10-14 23:00:00,1,21297,5509,21292,300,320
Colon,CL-11,1003|1032,CL-11@2016-12-13,2016-12-13 00:00:00,2016-12-17 00:00:00,2,24095|24154,6654,24094,625,309
Colon,CL-11,1011|1510,CL-11@2016-12-13,2016-12-13 00:00:00,2016-12-17 00:00:00,2,24098|24157,6654,24094,625,312
Colon,CL-11,1017|1373,CL-11@2016-12-13,2016-12-13 00:00:00,2016-12-17 00:00:00,2,24102|24161,6654,24094,625,316
Colon,CL-11,1022|1372,CL-11@2016-12-13,2016-12-13 00:00:00,2016-12-17 00:00:00,2,24096|24155,6654,24094,625,310
Colon,CL-11,1025|1194,CL-11@2016-12-13,2016-12-13 00:00:00,2016-12-17 00:00:00,2,24101|24160,6654,24094,625,315
Colon,CL-11,1032|1372|2048,CL-11@2016-08-21,2016-08-21 23:00:00,2016-08-25 23:00:00,1,19014,6654,19007,625,321
Colon,CL-11,1047|1054,CL-11@2016-12-13,2016-12-13 00:00:00,2016-12-17 00:00:00,2,24100|24159,6654,24094,625,314
Colon,CL-11,1053|2171,CL-11@2016-12-13,2016-12-13 00:00:00,2016-12-17 00:00:00,2,24099|24158,6654,24094,625,313
Colon,CL-11,1059|1083,CL-11@2016-12-13,2016-12-13 00:00:00,2016-12-17 00:00:00,2,24097|24156,6654,24094,625,311
Colon,CL-11,1073|1089,CL-11@2016-12-13,2016-12-13 00:00:00,2016-12-17 00:00:00,2,24103|24162,6654,24094,625,317
Colon,CL-11,1179|1549,CL-11@2016-08-21,2016-08-21 23:00:00,2016-08-25 23:00:00,1,19011,6654,19007,625,318
Colon,CL-11,1561|1564,CL-11@2016-08-21,2016-08-21 23:00:00,2016-08-25 23:00:00,1,19012,6654,19007,625,319
Colon,CL-11,1598|1786,CL-11@2016-12-13,2016-12-13 00:00:00,2016-12-17 00:00:00,2,24104|24163,6654,24094,625,320
Colon,COLO-205,1003|1032,COLO-205@2016-09-04,2016-09-04 23:00:00,2016-09-08 23:00:00,1,19374,5357,19373,700,309
Colon,COLO-205,1011|1510,COLO-205@2016-09-04,2016-09-04 23:00:00,2016-09-08 23:00:00,1,19377,5357,19373,700,312
Colon,COLO-205,1017|1373,COLO-205@2016-10-10,2016-10-10 23:00:00,2016-10-14 23:00:00,1,21209,5357,21207,700,316
Colon,COLO-205,1022|1372,COLO-205@2016-09-04,2016-09-04 23:00:00,2016-09-08 23:00:00,1,19375,5357,19373,700,310
Colon,COLO-205,1025|1194,COLO-205@2016-10-10,2016-10-10 23:00:00,2016-10-14 23:00:00,1,21208,5357,21207,700,315
Colon,COLO-205,1032|1372|2048,COLO-205@2016-08-21,2016-08-21 23:00:00,2016-08-25 23:00:00,1,18966,5357,18959,700,321
Colon,COLO-205,1047|1054,COLO-205@2016-09-04,2016-09-04 23:00:00,2016-09-08 23:00:00,1,19379,5357,19373,700,314
Colon,COLO-205,1053|2171,COLO-205@2016-09-04,2016-09-04 23:00:00,2016-09-08 23:00:00,1,19378,5357,19373,700,313
Colon,COLO-205,1059|1083,COLO-205@2016-11-01,2016-11-01 00:00:00,2016-11-05 00:00:00,1,22201,5357,22200,700,311
Colon,COLO-205,1073|1089,COLO-205@2016-10-10,2016-10-10 23:00:00,2016-10-14 23:00:00,1,21210,5357,21207,700,317
Colon,COLO-205,1179|1549,COLO-205@2016-08-21,2016-08-21 23:00:00,2016-08-25 23:00:00,1,18963,5357,18959,700,318
Colon,COLO-205,1561|1564,COLO-205@2016-08-21,2016-08-21 23:00:00,2016-08-25 23:00:00,1,18964,5357,18959,700,319
Colon,COLO-205,1598|1786,COLO-205@2016-08-21,2016-08-21 23:00:00,2016-08-25 23:00:00,1,18965,5357,18959,700,320
Colon,COLO-320-HSR,1003|1032,COLO-320-HSR@2016-09-07,2016-09-07 23:00:00,2016-09-11 23:00:00,1,19641,5089,19640,625,309
Colon,COLO-320-HSR,1011|1510,COLO-320-HSR@2016-09-07,2016-09-07 23:00:00,2016-09-11 23:00:00,1,19644,5089,19640,625,312
Colon,COLO-320-HSR,1017|1373,COLO-320-HSR@2016-09-05,2016-09-05 23:00:00,2016-09-09 23:00:00,1,19497,5089,19495,625,316
Colon,COLO-320-HSR,1022|1372,COLO-320-HSR@2016-09-07,2016-09-07 23:00:00,2016-09-11 23:00:00,1,19642,5089,19640,625,310
Colon,COLO-320-HSR,1025|1194,COLO-320-HSR@2016-09-05,2016-09-05 23:00:00,2016-09-09 23:00:00,1,19496,5089,19495,625,315
Colon,COLO-320-HSR,1032|1372|2048,COLO-320-HSR@2016-09-05,2016-09-05 23:00:00,2016-09-09 23:00:00,1,19502,5089,19495,625,321
Colon,COLO-320-HSR,1047|1054,COLO-320-HSR@2016-09-07,2016-09-07 23:00:00,2016-09-11 23:00:00,1,19646,5089,19640,625,314
Colon,COLO-320-HSR,1053,COLO-320-HSR@2016-09-07,2016-09-07 23:00:00,2016-09-11 23:00:00,1,19645,5089,19640,625,313
Colon,COLO-320-HSR,1059|1083,COLO-320-HSR@2016-09-07,2016-09-07 23:00:00,2016-09-11 23:00:00,1,19643,5089,19640,625,311
Colon,COLO-320-HSR,1073|1089,COLO-320-HSR@2016-09-05,2016-09-05 23:00:00,2016-09-09 23:00:00,1,19498,5089,19495,625,317
Colon,COLO-320-HSR,1179|1549,COLO-320-HSR@2016-09-05,2016-09-05 23:00:00,2016-09-09 23:00:00,1,19499,5089,19495,625,318
Colon,COLO-320-HSR,1561|1564,COLO-320-HSR@2016-09-05,2016-09-05 23:00:00,2016-09-09 23:00:00,1,19500,5089,19495,625,319
Colon,COLO-320-HSR,1598|1786,COLO-320-HSR@2016-09-05,2016-09-05 23:00:00,2016-09-09 23:00:00,1,19501,5089,19495,625,320
Colon,COLO-678,1003|1032,COLO-678@2016-11-10,2016-11-10 00:00:00,2016-11-14 00:00:00,1,22675,7269,22674,800,309
Colon,COLO-678,1011|1510,COLO-678@2016-11-10,2016-11-10 00:00:00,2016-11-14 00:00:00,1,22678,7269,22674,800,312
Colon,COLO-678,1017|1373,COLO-678@2016-11-10,2016-11-10 00:00:00,2016-11-14 00:00:00,1,22682,7269,22674,800,316
Colon,COLO-678,1022|1372,COLO-678@2016-11-10,2016-11-10 00:00:00,2016-11-14 00:00:00,1,22676,7269,22674,800,310
Colon,COLO-678,1025|1194,COLO-678@2016-11-10,2016-11-10 00:00:00,2016-11-14 00:00:00,1,22681,7269,22674,800,315
Colon,COLO-678,1032|1372|2048,COLO-678@2016-11-10,2016-11-10 00:00:00,2016-11-14 00:00:00,1,22687,7269,22674,800,321
Colon,COLO-678,1047|1054,COLO-678@2016-11-10,2016-11-10 00:00:00,2016-11-14 00:00:00,1,22680,7269,22674,800,314
Colon,COLO-678,1053|2171,COLO-678@2016-11-10,2016-11-10 00:00:00,2016-11-14 00:00:00,1,22679,7269,22674,800,313
Colon,COLO-678,1059|1083,COLO-678@2016-11-10,2016-11-10 00:00:00,2016-11-14 00:00:00,1,22677,7269,22674,800,311
Colon,COLO-678,1073|1089,COLO-678@2016-11-10,2016-11-10 00:00:00,2016-11-14 00:00:00,1,22683,7269,22674,800,317
Colon,COLO-678,1179|1549,COLO-678@2016-11-10,2016-11-10 00:00:00,2016-11-14 00:00:00,1,22684,7269,22674,800,318
Colon,COLO-678,1561|1564,COLO-678@2016-11-10,2016-11-10 00:00:00,2016-11-14 00:00:00,1,22685,7269,22674,800,319
Colon,COLO-678,1598|1786,COLO-678@2016-11-22,2016-11-22 00:00:00,2016-11-26 00:00:00,1,23257,7269,23256,800,320
Colon,COLO-678,1598|1786,COLO-678@2016-11-29,2016-11-29 00:00:00,2016-12-03 00:00:00,1,23445,7269,23444,800,320
Colon,CW-2,1003|1032,CW-2@2016-08-10,2016-08-10 23:00:00,2016-08-14 23:00:00,1,18366,4392,18365,625,309
Colon,CW-2,1011|1510,CW-2@2016-08-10,2016-08-10 23:00:00,2016-08-14 23:00:00,1,18369,4392,18365,625,312
Colon,CW-2,1017|1373,CW-2@2016-09-08,2016-09-08 23:00:00,2016-09-12 23:00:00,1,19661,4392,19659,625,316
Colon,CW-2,1022|1372,CW-2@2016-08-10,2016-08-10 23:00:00,2016-08-14 23:00:00,1,18367,4392,18365,625,310
Colon,CW-2,1025|1194,CW-2@2016-09-08,2016-09-08 23:00:00,2016-09-12 23:00:00,1,19660,4392,19659,625,315
Colon,CW-2,1032|1372|2048,CW-2@2016-08-21,2016-08-21 23:00:00,2016-08-25 23:00:00,1,18990,4392,18983,625,321
Colon,CW-2,1047|1054,CW-2@2016-08-10,2016-08-10 23:00:00,2016-08-14 23:00:00,1,18371,4392,18365,625,314
Colon,CW-2,1053|2171,CW-2@2016-08-10,2016-08-10 23:00:00,2016-08-14 23:00:00,1,18370,4392,18365,625,313
Colon,CW-2,1059|1083,CW-2@2016-08-10,2016-08-10 23:00:00,2016-08-14 23:00:00,1,18368,4392,18365,625,311
Colon,CW-2,1073|1089,CW-2@2016-09-08,2016-09-08 23:00:00,2016-09-12 23:00:00,1,19662,4392,19659,625,317
Colon,CW-2,1179|1549,CW-2@2016-08-21,2016-08-21 23:00:00,2016-08-25 23:00:00,1,18987,4392,18983,625,318
Colon,CW-2,1561|1564,CW-2@2016-08-21,2016-08-21 23:00:00,2016-08-25 23:00:00,1,18988,4392,18983,625,319
Colon,CW-2,1598|1786,CW-2@2016-08-21,2016-08-21 23:00:00,2016-08-25 23:00:00,1,18989,4392,18983,625,320
Colon,CaR-1,1003|1032,CaR-1@2016-11-22,2016-11-22 00:00:00,2016-11-26 00:00:00,1,23225,5948,23224,625,309
Colon,CaR-1,1011|1510,CaR-1@2016-11-22,2016-11-22 00:00:00,2016-11-26 00:00:00,1,23228,5948,23224,625,312
Colon,CaR-1,1017|1373,CaR-1@2016-11-08,2016-11-08 00:00:00,2016-11-12 00:00:00,1,22572,5948,22564,625,316
Colon,CaR-1,1022|1372,CaR-1@2016-11-22,2016-11-22 00:00:00,2016-11-26 00:00:00,1,23226,5948,23224,625,310
Colon,CaR-1,1025|1194,CaR-1@2016-11-08,2016-11-08 00:00:00,2016-11-12 00:00:00,1,22571,5948,22564,625,315
Colon,CaR-1,1032|1372|2048,CaR-1@2016-11-08,2016-11-08 00:00:00,2016-11-12 00:00:00,1,22577,5948,22564,625,321
Colon,CaR-1,1047|1054,CaR-1@2016-11-22,2016-11-22 00:00:00,2016-11-26 00:00:00,1,23230,5948,23224,625,314
Colon,CaR-1,1053|2171,CaR-1@2016-11-22,2016-11-22 00:00:00,2016-11-26 00:00:00,1,23229,5948,23224,625,313
Colon,CaR-1,1059|1083,CaR-1@2016-11-22,2016-11-22 00:00:00,2016-11-26 00:00:00,1,23227,5948,23224,625,311
Colon,CaR-1,1073|1089,CaR-1@2016-11-08,2016-11-08 00:00:00,2016-11-12 00:00:00,1,22573,5948,22564,625,317
Colon,CaR-1,1179|1549,CaR-1@2016-11-08,2016-11-08 00:00:00,2016-11-12 00:00:00,1,22574,5948,22564,625,318
Colon,CaR-1,1561|1564,CaR-1@2016-11-08,2016-11-08 00:00:00,2016-11-12 00:00:00,1,22575,5948,22564,625,319
Colon,CaR-1,1598|1786,CaR-1@2016-11-08,2016-11-08 00:00:00,2016-11-12 00:00:00,1,22576,5948,22564,625,320
Colon,DiFi,1003|1032,DiFi@2016-09-04,2016-09-04 23:00:00,2016-09-08 23:00:00,1,19388,6836,19387,300,309
Colon,DiFi,1011|1510,DiFi@2016-09-04,2016-09-04 23:00:00,2016-09-08 23:00:00,1,19391,6836,19387,300,312
Colon,DiFi,1017|1373,DiFi@2016-11-01,2016-11-01 00:00:00,2016-11-05 00:00:00,1,22204,6836,22202,300,316
Colon,DiFi,1022|1372,DiFi@2016-09-04,2016-09-04 23:00:00,2016-09-08 23:00:00,1,19389,6836,19387,300,310
Colon,DiFi,1025|1194,DiFi@2016-10-10,2016-10-10 23:00:00,2016-10-14 23:00:00,1,21212,6836,21211,300,315
Colon,DiFi,1032|1372|2048,DiFi@2016-08-21,2016-08-21 23:00:00,2016-08-25 23:00:00,1,18982,6836,18975,300,321
Colon,DiFi,1047|1054,DiFi@2016-09-04,2016-09-04 23:00:00,2016-09-08 23:00:00,1,19393,6836,19387,300,314
Colon,DiFi,1053|2171,DiFi@2016-09-04,2016-09-04 23:00:00,2016-09-08 23:00:00,1,19392,6836,19387,300,313
Colon,DiFi,1059|1083,DiFi@2016-11-01,2016-11-01 00:00:00,2016-11-05 00:00:00,1,22203,6836,22202,300,311
Colon,DiFi,1073|1089,DiFi@2016-11-01,2016-11-01 00:00:00,2016-11-05 00:00:00,1,22205,6836,22202,300,317
Colon,DiFi,1179|1549,DiFi@2016-08-21,2016-08-21 23:00:00,2016-08-25 23:00:00,1,18979,6836,18975,300,318
Colon,DiFi,1561|1564,DiFi@2016-08-21,2016-08-21 23:00:00,2016-08-25 23:00:00,1,18980,6836,18975,300,319
Colon,DiFi,1598|1786,DiFi@2016-08-21,2016-08-21 23:00:00,2016-08-25 23:00:00,1,18981,6836,18975,300,320
Colon,GP5d,1003|1032,GP5d@2016-08-31,2016-08-31 23:00:00,2016-09-04 23:00:00,1,19191,5360,19189,300,309
Colon,GP5d,1011|1510,GP5d@2016-08-31,2016-08-31 23:00:00,2016-09-04 23:00:00,1,19194,5360,19189,300,312
Colon,GP5d,1017|1373,GP5d@2016-08-22,2016-08-22 23:00:00,2016-08-26 23:00:00,1,19098,5360,,300,316
Colon,GP5d,1022,GP5d@2016-08-31,2016-08-31 23:00:00,2016-09-04 23:00:00,1,19192,5360,19189,300,310
Colon,GP5d,1025|1194,GP5d@2016-08-22,2016-08-22 23:00:00,2016-08-26 23:00:00,1,19097,5360,,300,315
Colon,GP5d,1032|1372|2048,GP5d@2016-08-22,2016-08-22 23:00:00,2016-08-26 23:00:00,1,19103,5360,,300,321
Colon,GP5d,1047|1054,GP5d@2016-08-31,2016-08-31 23:00:00,2016-09-04 23:00:00,1,19196,5360,19189,300,314
Colon,GP5d,1053|2171,GP5d@2016-08-31,2016-08-31 23:00:00,2016-09-04 23:00:00,1,19195,5360,19189,300,313
Colon,GP5d,1059|1083,GP5d@2016-09-08,2016-09-08 23:00:00,2016-09-12 23:00:00,1,19664,5360,19663,300,311
Colon,GP5d,1073|1089,GP5d@2016-08-22,2016-08-22 23:00:00,2016-08-26 23:00:00,1,19099,5360,,300,317
Colon,GP5d,1179|1549,GP5d@2016-08-22,2016-08-22 23:00:00,2016-08-26 23:00:00,1,19100,5360,,300,318
Colon,GP5d,1561|1564,GP5d@2016-08-22,2016-08-22 23:00:00,2016-08-26 23:00:00,1,19101,5360,,300,319
Colon,GP5d,1598|1786,GP5d@2016-08-22,2016-08-22 23:00:00,2016-08-26 23:00:00,1,19102,5360,,300,320
Colon,HCC2998,1003|1032,HCC2998@2016-09-04,2016-09-04 23:00:00,2016-09-08 23:00:00,1,19395,5356,19394,400,309
Colon,HCC2998,1011|1510,HCC2998@2016-09-04,2016-09-04 23:00:00,2016-09-08 23:00:00,1,19398,5356,19394,400,312
Colon,HCC2998,1017|1373,HCC2998@2016-09-29,2016-09-29 23:00:00,2016-10-03 23:00:00,1,20604,5356,20602,400,316
Colon,HCC2998,1022|1372,HCC2998@2016-09-04,2016-09-04 23:00:00,2016-09-08 23:00:00,1,19396,5356,19394,400,310
Colon,HCC2998,1025|1194,HCC2998@2016-09-29,2016-09-29 23:00:00,2016-10-03 23:00:00,1,20603,5356,20602,400,315
Colon,HCC2998,1032|1372|2048,HCC2998@2016-09-29,2016-09-29 23:00:00,2016-10-03 23:00:00,1,20609,5356,20602,400,321
Colon,HCC2998,1047|1054,HCC2998@2016-09-04,2016-09-04 23:00:00,2016-09-08 23:00:00,1,19400,5356,19394,400,314
Colon,HCC2998,1053,HCC2998@2016-09-04,2016-09-04 23:00:00,2016-09-08 23:00:00,1,19399,5356,19394,400,313
Colon,HCC2998,1059|1083,HCC2998@2016-09-29,2016-09-29 23:00:00,2016-10-03 23:00:00,1,20610,5356,20602,400,311
Colon,HCC2998,1073|1089,HCC2998@2016-09-29,2016-09-29 23:00:00,2016-10-03 23:00:00,1,20605,5356,20602,400,317
Colon,HCC2998,1179|1549,HCC2998@2016-09-29,2016-09-29 23:00:00,2016-10-03 23:00:00,1,20606,5356,20602,400,318
Colon,HCC2998,1561|1564,HCC2998@2016-09-29,2016-09-29 23:00:00,2016-10-03 23:00:00,1,20607,5356,20602,400,319
Colon,HCC2998,1598|1786,HCC2998@2016-09-29,2016-09-29 23:00:00,2016-10-03 23:00:00,1,20608,5356,20602,400,320
Colon,HCT-116,1003|1032,HCT-116@2016-08-10,2016-08-10 23:00:00,2016-08-14 23:00:00,1,18408,5212,18407,125,309
Colon,HCT-116,1011|1510,HCT-116@2016-08-10,2016-08-10 23:00:00,2016-08-14 23:00:00,1,18411,5212,18407,125,312
Colon,HCT-116,1017|1373,HCT-116@2016-11-01,2016-11-01 00:00:00,2016-11-05 00:00:00,1,22209,5212,22206,125,316
Colon,HCT-116,1022|1372,HCT-116@2016-08-10,2016-08-10 23:00:00,2016-08-14 23:00:00,1,18409,5212,18407,125,310
Colon,HCT-116,1025|1194,HCT-116@2016-11-01,2016-11-01 00:00:00,2016-11-05 00:00:00,1,22208,5212,22206,125,315
Colon,HCT-116,1032|1372|2048,HCT-116@2016-08-21,2016-08-21 23:00:00,2016-08-25 23:00:00,1,18998,5212,18991,125,321
Colon,HCT-116,1047|1054,HCT-116@2016-08-10,2016-08-10 23:00:00,2016-08-14 23:00:00,1,18413,5212,18407,125,314
Colon,HCT-116,1053|2171,HCT-116@2016-08-10,2016-08-10 23:00:00,2016-08-14 23:00:00,1,18412,5212,18407,125,313
Colon,HCT-116,1059|1083,HCT-116@2016-11-10,2016-11-10 00:00:00,2016-11-14 00:00:00,3,22689|22690|22691,5212,22688,125,311
Colon,HCT-116,1073|1089,HCT-116@2016-11-01,2016-11-01 00:00:00,2016-11-05 00:00:00,1,22210,5212,22206,125,317
Colon,HCT-116,1179|1549,HCT-116@2016-08-21,2016-08-21 23:00:00,2016-08-25 23:00:00,1,18995,5212,18991,125,318
Colon,HCT-116,1561|1564,HCT-116@2016-08-21,2016-08-21 23:00:00,2016-08-25 23:00:00,1,18996,5212,18991,125,319
Colon,HCT-116,1598|1786,HCT-116@2016-08-21,2016-08-21 23:00:00,2016-08-25 23:00:00,1,18997,5212,18991,125,320
Colon,HCT-15,1003|1032,HCT-15@2016-09-07,2016-09-07 23:00:00,2016-09-11 23:00:00,3,19577|19578|19579,6850,19576,150,309
Colon,HCT-15,1003|1032,HCT-15@2016-10-02,2016-10-02 23:00:00,2016-10-06 23:00:00,3,20707|20708|20709,6850,20706,150,309
Colon,HCT-15,1003|1032,HCT-15@2016-11-14,2016-11-14 00:00:00,2016-11-18 00:00:00,3,22838|22839|22840,6850,22837,150,309
Colon,HCT-15,1011|1510,HCT-15@2016-09-07,2016-09-07 23:00:00,2016-09-11 23:00:00,1,19582,6850,19576,150,312
Colon,HCT-15,1011|1510,HCT-15@2016-10-02,2016-10-02 23:00:00,2016-10-06 23:00:00,1,20712,6850,20706,150,312
Colon,HCT-15,1011|1510,HCT-15@2016-11-14,2016-11-14 00:00:00,2016-11-18 00:00:00,1,22843,6850,22837,150,312
Colon,HCT-15,1017|1373,HCT-15@2016-09-19,2016-09-19 23:00:00,2016-09-23 23:00:00,1,20031,6850,20027,150,316
Colon,HCT-15,1017|1373,HCT-15@2016-10-05,2016-10-05 23:00:00,2016-10-09 23:00:00,1,20926,6850,20922,150,316
Colon,HCT-15,1017|1373,HCT-15@2016-11-22,2016-11-22 00:00:00,2016-11-26 00:00:00,1,23188,6850,23184,150,316
Colon,HCT-15,1022|1372,HCT-15@2016-09-07,2016-09-07 23:00:00,2016-09-11 23:00:00,1,19580,6850,19576,150,310
Colon,HCT-15,1022|1372,HCT-15@2016-10-02,2016-10-02 23:00:00,2016-10-06 23:00:00,1,20710,6850,20706,150,310
Colon,HCT-15,1022|1372,HCT-15@2016-11-14,2016-11-14 00:00:00,2016-11-18 00:00:00,1,22841,6850,22837,150,310
Colon,HCT-15,1025|1194,HCT-15@2016-09-19,2016-09-19 23:00:00,2016-09-23 23:00:00,3,20028|20029|20030,6850,20027,150,315
Colon,HCT-15,1025|1194,HCT-15@2016-10-05,2016-10-05 23:00:00,2016-10-09 23:00:00,3,20923|20924|20925,6850,20922,150,315
Colon,HCT-15,1025|1194,HCT-15@2016-11-22,2016-11-22 00:00:00,2016-11-26 00:00:00,3,23185|23186|23187,6850,23184,150,315
Colon,HCT-15,1032|1372|2048,HCT-15@2016-09-19,2016-09-19 23:00:00,2016-09-23 23:00:00,1,20036,6850,20027,150,321
Colon,HCT-15,1032|1372|2048,HCT-15@2016-10-05,2016-10-05 23:00:00,2016-10-09 23:00:00,1,20931,6850,20922,150,321
Colon,HCT-15,1032|1372|2048,HCT-15@2016-11-22,2016-11-22 00:00:00,2016-11-26 00:00:00,1,23193,6850,23184,150,321
Colon,HCT-15,1047|1054,HCT-15@2016-09-07,2016-09-07 23:00:00,2016-09-11 23:00:00,1,19584,6850,19576,150,314
Colon,HCT-15,1047|1054,HCT-15@2016-10-02,2016-10-02 23:00:00,2016-10-06 23:00:00,1,20714,6850,20706,150,314
Colon,HCT-15,1047|1054,HCT-15@2016-11-14,2016-11-14 00:00:00,2016-11-18 00:00:00,1,22845,6850,22837,150,314
Colon,HCT-15,1053|2171,HCT-15@2016-09-07,2016-09-07 23:00:00,2016-09-11 23:00:00,1,19583,6850,19576,150,313
Colon,HCT-15,1053|2171,HCT-15@2016-10-02,2016-10-02 23:00:00,2016-10-06 23:00:00,1,20713,6850,20706,150,313
Colon,HCT-15,1053|2171,HCT-15@2016-11-14,2016-11-14 00:00:00,2016-11-18 00:00:00,1,22844,6850,22837,150,313
Colon,HCT-15,1059|1083,HCT-15@2016-09-07,2016-09-07 23:00:00,2016-09-11 23:00:00,1,19581,6850,19576,150,311
Colon,HCT-15,1059|1083,HCT-15@2016-10-02,2016-10-02 23:00:00,2016-10-06 23:00:00,1,20711,6850,20706,150,311
Colon,HCT-15,1059|1083,HCT-15@2016-11-14,2016-11-14 00:00:00,2016-11-18 00:00:00,1,22842,6850,22837,150,311
Colon,HCT-15,1073|1089,HCT-15@2016-10-05,2016-10-05 23:00:00,2016-10-09 23:00:00,1,20927,6850,20922,150,317
Colon,HCT-15,1073|1089,HCT-15@2016-11-22,2016-11-22 00:00:00,2016-11-26 00:00:00,1,23189,6850,23184,150,317
Colon,HCT-15,1179|1549,HCT-15@2016-10-05,2016-10-05 23:00:00,2016-10-09 23:00:00,1,20928,6850,20922,150,318
Colon,HCT-15,1179|1549,HCT-15@2016-11-22,2016-11-22 00:00:00,2016-11-26 00:00:00,1,23190,6850,23184,150,318
Colon,HCT-15,1561|1564,HCT-15@2016-09-19,2016-09-19 23:00:00,2016-09-23 23:00:00,1,20034,6850,20027,150,319
Colon,HCT-15,1561|1564,HCT-15@2016-10-05,2016-10-05 23:00:00,2016-10-09 23:00:00,1,20929,6850,20922,150,319
Colon,HCT-15,1561|1564,HCT-15@2016-11-22,2016-11-22 00:00:00,2016-11-26 00:00:00,1,23191,6850,23184,150,319
Colon,HCT-15,1598|1786,HCT-15@2016-09-19,2016-09-19 23:00:00,2016-09-23 23:00:00,1,20035,6850,20027,150,320
Colon,HCT-15,1598|1786,HCT-15@2016-10-05,2016-10-05 23:00:00,2016-10-09 23:00:00,1,20930,6850,20922,150,320
Colon,HCT-15,1598|1786,HCT-15@2016-11-22,2016-11-22 00:00:00,2016-11-26 00:00:00,1,23192,6850,23184,150,320
Colon,HT-115,1003|1032,HT-115@2016-11-01,2016-11-01 00:00:00,2016-11-05 00:00:00,1,22212,6471,22211,400,309
Colon,HT-115,1011|1510,HT-115@2016-11-01,2016-11-01 00:00:00,2016-11-05 00:00:00,1,22215,6471,22211,400,312
Colon,HT-115,1017|1373,HT-115@2016-09-08,2016-09-08 23:00:00,2016-09-12 23:00:00,1,19667,6471,19665,400,316
Colon,HT-115,1022|1372,HT-115@2016-11-01,2016-11-01 00:00:00,2016-11-05 00:00:00,1,22213,6471,22211,400,310
Colon,HT-115,1025|1194,HT-115@2016-09-08,2016-09-08 23:00:00,2016-09-12 23:00:00,1,19666,6471,19665,400,315
Colon,HT-115,1032|1372|2048,HT-115@2016-09-08,2016-09-08 23:00:00,2016-09-12 23:00:00,1,19672,6471,19665,400,321
Colon,HT-115,1047|1054,HT-115@2016-11-01,2016-11-01 00:00:00,2016-11-05 00:00:00,1,22217,6471,22211,400,314
Colon,HT-115,1053|2171,HT-115@2016-11-01,2016-11-01 00:00:00,2016-11-05 00:00:00,1,22216,6471,22211,400,313
Colon,HT-115,1059|1083,HT-115@2016-11-01,2016-11-01 00:00:00,2016-11-05 00:00:00,1,22214,6471,22211,400,311
Colon,HT-115,1073|1089,HT-115@2016-09-08,2016-09-08 23:00:00,2016-09-12 23:00:00,1,19668,6471,19665,400,317
Colon,HT-115,1179|1549,HT-115@2016-09-08,2016-09-08 23:00:00,2016-09-12 23:00:00,1,19669,6471,19665,400,318
Colon,HT-115,1561|1564,HT-115@2016-09-08,2016-09-08 23:00:00,2016-09-12 23:00:00,1,19670,6471,19665,400,319
Colon,HT-115,1598|1786,HT-115@2016-09-08,2016-09-08 23:00:00,2016-09-12 23:00:00,1,19671,6471,19665,400,320
Colon,HT-29,1003|1032,HT-29@2016-09-07,2016-09-07 23:00:00,2016-09-11 23:00:00,3,19568|19569|19570,5530,19567,200,309
Colon,HT-29,1003|1032,HT-29@2016-10-02,2016-10-02 23:00:00,2016-10-06 23:00:00,3,20716|20717|20718,5530,20715,200,309
Colon,HT-29,1003|1032,HT-29@2016-11-14,2016-11-14 00:00:00,2016-11-18 00:00:00,2,22848|22849,5530,22846,200,309
Colon,HT-29,1011|1510,HT-29@2016-09-07,2016-09-07 23:00:00,2016-09-11 23:00:00,1,19573,5530,19567,200,312
Colon,HT-29,1011|1510,HT-29@2016-10-02,2016-10-02 23:00:00,2016-10-06 23:00:00,1,20721,5530,20715,200,312
Colon,HT-29,1011|1510,HT-29@2016-11-14,2016-11-14 00:00:00,2016-11-18 00:00:00,1,22852,5530,22846,200,312
Colon,HT-29,1017,HT-29@2016-11-22,2016-11-22 00:00:00,2016-11-26 00:00:00,1,23178,7389,23174,200,316
Colon,HT-29,1017|1373,HT-29@2016-09-19,2016-09-19 23:00:00,2016-09-23 23:00:00,1,20041,5530,20037,200,316
Colon,HT-29,1017|1373,HT-29@2016-10-05,2016-10-05 23:00:00,2016-10-09 23:00:00,1,20936,5530,20932,200,316
Colon,HT-29,1022|1372,HT-29@2016-09-07,2016-09-07 23:00:00,2016-09-11 23:00:00,1,19571,5530,19567,200,310
Colon,HT-29,1022|1372,HT-29@2016-10-02,2016-10-02 23:00:00,2016-10-06 23:00:00,1,20719,5530,20715,200,310
Colon,HT-29,1022|1372,HT-29@2016-11-14,2016-11-14 00:00:00,2016-11-18 00:00:00,1,22850,5530,22846,200,310
Colon,HT-29,1025|1194,HT-29@2016-09-19,2016-09-19 23:00:00,2016-09-23 23:00:00,3,20038|20039|20040,5530,20037,200,315
Colon,HT-29,1025|1194,HT-29@2016-10-05,2016-10-05 23:00:00,2016-10-09 23:00:00,3,20933|20934|20935,5530,20932,200,315
Colon,HT-29,1025|1194,HT-29@2016-11-22,2016-11-22 00:00:00,2016-11-26 00:00:00,3,23175|23176|23177,7389,23174,200,315
Colon,HT-29,1032|1372|2048,HT-29@2016-09-19,2016-09-19 23:00:00,2016-09-23 23:00:00,1,20046,5530,20037,200,321
Colon,HT-29,1032|1372|2048,HT-29@2016-10-05,2016-10-05 23:00:00,2016-10-09 23:00:00,1,20941,5530,20932,200,321
Colon,HT-29,1032|1372|2048,HT-29@2016-11-22,2016-11-22 00:00:00,2016-11-26 00:00:00,1,23183,7389,23174,200,321
Colon,HT-29,1047|1054,HT-29@2016-09-07,2016-09-07 23:00:00,2016-09-11 23:00:00,1,19575,5530,19567,200,314
Colon,HT-29,1047|1054,HT-29@2016-10-02,2016-10-02 23:00:00,2016-10-06 23:00:00,1,20723,5530,20715,200,314
Colon,HT-29,1047|1054,HT-29@2016-11-14,2016-11-14 00:00:00,2016-11-18 00:00:00,1,22854,5530,22846,200,314
Colon,HT-29,1053|2171,HT-29@2016-09-07,2016-09-07 23:00:00,2016-09-11 23:00:00,1,19574,5530,19567,200,313
Colon,HT-29,1053|2171,HT-29@2016-10-02,2016-10-02 23:00:00,2016-10-06 23:00:00,1,20722,5530,20715,200,313
Colon,HT-29,1053|2171,HT-29@2016-11-14,2016-11-14 00:00:00,2016-11-18 00:00:00,1,22853,5530,22846,200,313
Colon,HT-29,1059|1083,HT-29@2016-09-07,2016-09-07 23:00:00,2016-09-11 23:00:00,1,19572,5530,19567,200,311
Colon,HT-29,1059|1083,HT-29@2016-11-14,2016-11-14 00:00:00,2016-11-18 00:00:00,1,22851,5530,22846,200,311
Colon,HT-29,1073|1089,HT-29@2016-09-19,2016-09-19 23:00:00,2016-09-23 23:00:00,1,20042,5530,20037,200,317
Colon,HT-29,1073|1089,HT-29@2016-10-05,2016-10-05 23:00:00,2016-10-09 23:00:00,1,20937,5530,20932,200,317
Colon,HT-29,1073|1089,HT-29@2016-11-22,2016-11-22 00:00:00,2016-11-26 00:00:00,1,23179,7389,23174,200,317
Colon,HT-29,1179|1549,HT-29@2016-09-19,2016-09-19 23:00:00,2016-09-23 23:00:00,1,20043,5530,20037,200,318
Colon,HT-29,1179|1549,HT-29@2016-10-05,2016-10-05 23:00:00,2016-10-09 23:00:00,1,20938,5530,20932,200,318
Colon,HT-29,1179|1549,HT-29@2016-11-22,2016-11-22 00:00:00,2016-11-26 00:00:00,1,23180,7389,23174,200,318
Colon,HT-29,1561|1564,HT-29@2016-09-19,2016-09-19 23:00:00,2016-09-23 23:00:00,1,20044,5530,20037,200,319
Colon,HT-29,1561|1564,HT-29@2016-10-05,2016-10-05 23:00:00,2016-10-09 23:00:00,1,20939,5530,20932,200,319
Colon,HT-29,1561|1564,HT-29@2016-11-22,2016-11-22 00:00:00,2016-11-26 00:00:00,1,23181,7389,23174,200,319
Colon,HT-29,1598|1786,HT-29@2016-09-19,2016-09-19 23:00:00,2016-09-23 23:00:00,1,20045,5530,20037,200,320
Colon,HT-29,1598|1786,HT-29@2016-10-05,2016-10-05 23:00:00,2016-10-09 23:00:00,1,20940,5530,20932,200,320
Colon,HT-29,1598|1786,HT-29@2016-11-22,2016-11-22 00:00:00,2016-11-26 00:00:00,1,23182,7389,23174,200,320
Colon,HT55,1003|1032,HT55@2016-08-10,2016-08-10 23:00:00,2016-08-14 23:00:00,1,18394,5572,18393,300,309
Colon,HT55,1011|1510,HT55@2016-08-10,2016-08-10 23:00:00,2016-08-14 23:00:00,1,18397,5572,18393,300,312
Colon,HT55,1017|1373,HT55@2016-10-10,2016-10-10 23:00:00,2016-10-14 23:00:00,1,21219,5572,21215,300,316
Colon,HT55,1022|1372,HT55@2016-08-10,2016-08-10 23:00:00,2016-08-14 23:00:00,1,18395,5572,18393,300,310
Colon,HT55,1025,HT55@2016-10-10,2016-10-10 23:00:00,2016-10-14 23:00:00,1,21218,5572,21215,300,315
Colon,HT55,1032|1372|2048,HT55@2016-11-08,2016-11-08 00:00:00,2016-11-12 00:00:00,1,22624,5572,22620,300,321
Colon,HT55,1047|1054,HT55@2016-11-08,2016-11-08 00:00:00,2016-11-12 00:00:00,1,22622,5572,22620,300,314
Colon,HT55,1053,HT55@2016-10-10,2016-10-10 23:00:00,2016-10-14 23:00:00,1,21216,5572,21215,300,313
Colon,HT55,1059|1083,HT55@2016-11-08,2016-11-08 00:00:00,2016-11-12 00:00:00,1,22621,5572,22620,300,311
Colon,HT55,1073|1089,HT55@2016-10-10,2016-10-10 23:00:00,2016-10-14 23:00:00,1,21220,5572,21215,300,317
Colon,HT55,1179|1549,HT55@2016-10-10,2016-10-10 23:00:00,2016-10-14 23:00:00,1,21221,5572,21215,300,318
Colon,HT55,1561|1564,HT55@2016-11-08,2016-11-08 00:00:00,2016-11-12 00:00:00,1,22623,5572,22620,300,319
Colon,HT55,1598|1786,HT55@2016-10-10,2016-10-10 23:00:00,2016-10-14 23:00:00,1,21222,5572,21215,300,320
Colon,KM12,1003|1032,KM12@2016-08-31,2016-08-31 23:00:00,2016-09-04 23:00:00,1,19205,5511,19204,325,309
Colon,KM12,1011|1510,KM12@2016-08-31,2016-08-31 23:00:00,2016-09-04 23:00:00,1,19208,5511,19204,325,312
Colon,KM12,1017|1373,KM12@2016-09-05,2016-09-05 23:00:00,2016-09-09 23:00:00,1,19505,5511,19503,325,316
Colon,KM12,1022|1372,KM12@2016-08-31,2016-08-31 23:00:00,2016-09-04 23:00:00,1,19206,5511,19204,325,310
Colon,KM12,1025|1194,KM12@2016-09-05,2016-09-05 23:00:00,2016-09-09 23:00:00,1,19504,5511,19503,325,315
Colon,KM12,1032|1372|2048,KM12@2016-09-05,2016-09-05 23:00:00,2016-09-09 23:00:00,1,19510,5511,19503,325,321
Colon,KM12,1047|1054,KM12@2016-08-31,2016-08-31 23:00:00,2016-09-04 23:00:00,1,19210,5511,19204,325,314
Colon,KM12,1053|2171,KM12@2016-08-31,2016-08-31 23:00:00,2016-09-04 23:00:00,1,19209,5511,19204,325,313
Colon,KM12,1059|1083,KM12@2016-11-01,2016-11-01 00:00:00,2016-11-05 00:00:00,1,22219,5511,22218,325,311
Colon,KM12,1073|1089,KM12@2016-09-05,2016-09-05 23:00:00,2016-09-09 23:00:00,1,19506,5511,19503,325,317
Colon,KM12,1179|1549,KM12@2016-09-05,2016-09-05 23:00:00,2016-09-09 23:00:00,1,19507,5511,19503,325,318
Colon,KM12,1561|1564,KM12@2016-09-05,2016-09-05 23:00:00,2016-09-09 23:00:00,1,19508,5511,19503,325,319
Colon,KM12,1598|1786,KM12@2016-09-05,2016-09-05 23:00:00,2016-09-09 23:00:00,1,19509,5511,19503,325,320
Colon,LS-1034,1003|1032,LS-1034@2016-09-07,2016-09-07 23:00:00,2016-09-11 23:00:00,1,19619,5911,19618,400,309
Colon,LS-1034,1011|1510,LS-1034@2016-09-07,2016-09-07 23:00:00,2016-09-11 23:00:00,1,19622,5911,19618,400,312
Colon,LS-1034,1017|1373,LS-1034@2016-09-25,2016-09-25 23:00:00,2016-09-29 23:00:00,1,20298,5911,20296,400,316
Colon,LS-1034,1022|1372,LS-1034@2016-09-07,2016-09-07 23:00:00,2016-09-11 23:00:00,1,19620,5911,19618,400,310
Colon,LS-1034,1025|1194,LS-1034@2016-09-25,2016-09-25 23:00:00,2016-09-29 23:00:00,1,20297,5911,20296,400,315
Colon,LS-1034,1032|1372|2048,LS-1034@2016-09-25,2016-09-25 23:00:00,2016-09-29 23:00:00,1,20303,5911,20296,400,321
Colon,LS-1034,1047|1054,LS-1034@2016-09-07,2016-09-07 23:00:00,2016-09-11 23:00:00,1,19624,5911,19618,400,314
Colon,LS-1034,1053|2171,LS-1034@2016-09-07,2016-09-07 23:00:00,2016-09-11 23:00:00,1,19623,5911,19618,400,313
Colon,LS-1034,1059|1083,LS-1034@2016-09-07,2016-09-07 23:00:00,2016-09-11 23:00:00,1,19621,5911,19618,400,311
Colon,LS-1034,1073|1089,LS-1034@2016-09-25,2016-09-25 23:00:00,2016-09-29 23:00:00,1,20299,5911,20296,400,317
Colon,LS-1034,1179|1549,LS-1034@2016-09-25,2016-09-25 23:00:00,2016-09-29 23:00:00,1,20300,5911,20296,400,318
Colon,LS-1034,1561|1564,LS-1034@2016-09-25,2016-09-25 23:00:00,2016-09-29 23:00:00,1,20301,5911,20296,400,319
Colon,LS-1034,1598|1786,LS-1034@2016-11-08,2016-11-08 00:00:00,2016-11-12 00:00:00,1,22626,5911,22625,400,320
Colon,LS-123,1003|1032,LS-123@2016-08-10,2016-08-10 23:00:00,2016-08-14 23:00:00,1,18544,5278,18543,250,309
Colon,LS-123,1011|1510,LS-123@2016-08-10,2016-08-10 23:00:00,2016-08-14 23:00:00,1,18547,5278,18543,250,312
Colon,LS-123,1017|1373,LS-123@2016-09-29,2016-09-29 23:00:00,2016-10-03 23:00:00,1,20624,5278,20621,250,316
Colon,LS-123,1022|1372,LS-123@2016-08-10,2016-08-10 23:00:00,2016-08-14 23:00:00,1,18545,5278,18543,250,310
Colon,LS-123,1025|1194,LS-123@2016-09-29,2016-09-29 23:00:00,2016-10-03 23:00:00,1,20623,5278,20621,250,315
Colon,LS-123,1032|1372|2048,LS-123@2016-11-08,2016-11-08 00:00:00,2016-11-12 00:00:00,1,22628,5278,,250,321
Colon,LS-123,1047|1054,LS-123@2016-08-10,2016-08-10 23:00:00,2016-08-14 23:00:00,1,18549,5278,18543,250,314
Colon,LS-123,1053|2171,LS-123@2016-08-10,2016-08-10 23:00:00,2016-08-14 23:00:00,1,18548,5278,18543,250,313
Colon,LS-123,1059|1083,LS-123@2016-09-29,2016-09-29 23:00:00,2016-10-03 23:00:00,1,20622,5278,20621,250,311
Colon,LS-123,1073|1089,LS-123@2016-09-29,2016-09-29 23:00:00,2016-10-03 23:00:00,1,20625,5278,20621,250,317
Colon,LS-123,1179|1549,LS-123@2016-09-29,2016-09-29 23:00:00,2016-10-03 23:00:00,1,20626,5278,20621,250,318
Colon,LS-123,1561|1564,LS-123@2016-09-29,2016-09-29 23:00:00,2016-10-03 23:00:00,1,20627,5278,20621,250,319
Colon,LS-123,1598|1786,LS-123@2016-09-29,2016-09-29 23:00:00,2016-10-03 23:00:00,1,20628,5278,20621,250,320
Colon,LS-180,1003|1032,LS-180@2016-08-10,2016-08-10 23:00:00,2016-08-14 23:00:00,1,18422,6470,18421,150,309
Colon,LS-180,1017|1373,LS-180@2016-09-08,2016-09-08 23:00:00,2016-09-12 23:00:00,1,19676,6470,19673,150,316
Colon,LS-180,1022|1372,LS-180@2016-08-10,2016-08-10 23:00:00,2016-08-14 23:00:00,1,18423,6470,18421,150,310
Colon,LS-180,1025|1194,LS-180@2016-09-08,2016-09-08 23:00:00,2016-09-12 23:00:00,1,19675,6470,19673,150,315
Colon,LS-180,1032|1372|2048,LS-180@2016-08-21,2016-08-21 23:00:00,2016-08-25 23:00:00,1,19006,6470,18999,150,321
Colon,LS-180,1047|1054,LS-180@2016-08-10,2016-08-10 23:00:00,2016-08-14 23:00:00,1,18427,6470,18421,150,314
Colon,LS-180,1053|2171,LS-180@2016-08-10,2016-08-10 23:00:00,2016-08-14 23:00:00,1,18426,6470,18421,150,313
Colon,LS-180,1059|1083,LS-180@2016-09-08,2016-09-08 23:00:00,2016-09-12 23:00:00,1,19674,6470,19673,150,311
Colon,LS-180,1073|1089,LS-180@2016-09-08,2016-09-08 23:00:00,2016-09-12 23:00:00,1,19677,6470,19673,150,317
Colon,LS-180,1179|1549,LS-180@2016-08-21,2016-08-21 23:00:00,2016-08-25 23:00:00,1,19003,6470,18999,150,318
Colon,LS-180,1510,LS-180@2016-08-10,2016-08-10 23:00:00,2016-08-14 23:00:00,1,18425,6470,18421,150,312
Colon,LS-180,1561|1564,LS-180@2016-08-21,2016-08-21 23:00:00,2016-08-25 23:00:00,1,19004,6470,18999,150,319
Colon,LS-180,1598|1786,LS-180@2016-09-08,2016-09-08 23:00:00,2016-09-12 23:00:00,1,19678,6470,19673,150,320
Colon,LS-411N,1003|1032,LS-411N@2016-08-10,2016-08-10 23:00:00,2016-08-14 23:00:00,1,18380,5229,18379,350,309
Colon,LS-411N,1011|1510,LS-411N@2016-08-10,2016-08-10 23:00:00,2016-08-14 23:00:00,1,18383,5229,18379,350,312
Colon,LS-411N,1017|1373,LS-411N@2016-09-08,2016-09-08 23:00:00,2016-09-12 23:00:00,1,19682,5229,19679,350,316
Colon,LS-411N,1022|1372,LS-411N@2016-08-10,2016-08-10 23:00:00,2016-08-14 23:00:00,1,18381,5229,18379,350,310
Colon,LS-411N,1025|1194,LS-411N@2016-09-08,2016-09-08 23:00:00,2016-09-12 23:00:00,1,19681,5229,19679,350,315
Colon,LS-411N,1032|1372|2048,LS-411N@2016-09-08,2016-09-08 23:00:00,2016-09-12 23:00:00,1,19687,5229,19679,350,321
Colon,LS-411N,1047|1054,LS-411N@2016-08-10,2016-08-10 23:00:00,2016-08-14 23:00:00,1,18385,5229,18379,350,314
Colon,LS-411N,1053|2171,LS-411N@2016-08-10,2016-08-10 23:00:00,2016-08-14 23:00:00,1,18384,5229,18379,350,313
Colon,LS-411N,1059|1083,LS-411N@2016-09-08,2016-09-08 23:00:00,2016-09-12 23:00:00,1,19680,5229,19679,350,311
Colon,LS-411N,1073|1089,LS-411N@2016-09-08,2016-09-08 23:00:00,2016-09-12 23:00:00,1,19683,5229,19679,350,317
Colon,LS-411N,1179|1549,LS-411N@2016-09-08,2016-09-08 23:00:00,2016-09-12 23:00:00,1,19684,5229,19679,350,318
Colon,LS-411N,1561|1564,LS-411N@2016-09-08,2016-09-08 23:00:00,2016-09-12 23:00:00,1,19685,5229,19679,350,319
Colon,LS-411N,1598|1786,LS-411N@2016-09-08,2016-09-08 23:00:00,2016-09-12 23:00:00,1,19686,5229,19679,350,320
Colon,LS-513,1003|1032,LS-513@2016-09-04,2016-09-04 23:00:00,2016-09-08 23:00:00,1,19402,2450,19401,625,309
Colon,LS-513,1011|1510,LS-513@2016-09-04,2016-09-04 23:00:00,2016-09-08 23:00:00,1,19405,2450,19401,625,312
Colon,LS-513,1017|1373,LS-513@2016-09-08,2016-09-08 23:00:00,2016-09-12 23:00:00,1,19722,2450,19720,625,316
Colon,LS-513,1022|1372,LS-513@2016-09-04,2016-09-04 23:00:00,2016-09-08 23:00:00,1,19403,2450,19401,625,310
Colon,LS-513,1025|1194,LS-513@2016-09-08,2016-09-08 23:00:00,2016-09-12 23:00:00,1,19721,2450,19720,625,315
Colon,LS-513,1032|1372|2048,LS-513@2016-09-08,2016-09-08 23:00:00,2016-09-12 23:00:00,1,19727,2450,19720,625,321
Colon,LS-513,1047|1054,LS-513@2016-09-04,2016-09-04 23:00:00,2016-09-08 23:00:00,1,19407,2450,19401,625,314
Colon,LS-513,1053|2171,LS-513@2016-09-04,2016-09-04 23:00:00,2016-09-08 23:00:00,1,19406,2450,19401,625,313
Colon,LS-513,1059|1083,LS-513@2016-10-02,2016-10-02 23:00:00,2016-10-06 23:00:00,1,20800,2450,20799,300,311
Colon,LS-513,1073|1089,LS-513@2016-09-08,2016-09-08 23:00:00,2016-09-12 23:00:00,1,19723,2450,19720,625,317
Colon,LS-513,1179|1549,LS-513@2016-09-08,2016-09-08 23:00:00,2016-09-12 23:00:00,1,19724,2450,19720,625,318
Colon,LS-513,1561|1564,LS-513@2016-09-08,2016-09-08 23:00:00,2016-09-12 23:00:00,1,19725,2450,19720,625,319
Colon,LS-513,1598|1786,LS-513@2016-09-08,2016-09-08 23:00:00,2016-09-12 23:00:00,1,19726,2450,19720,625,320
Colon,LoVo,1003|1032,LoVo@2016-10-10,2016-10-10 23:00:00,2016-10-14 23:00:00,1,21225,5216,21224,125,309
Colon,LoVo,1011|1510,LoVo@2016-11-01,2016-11-01 00:00:00,2016-11-05 00:00:00,1,22223,5216,22220,125,312
Colon,LoVo,1017|1373,LoVo@2016-09-05,2016-09-05 23:00:00,2016-09-09 23:00:00,1,19513,5216,19511,125,316
Colon,LoVo,1022|1372,LoVo@2016-11-01,2016-11-01 00:00:00,2016-11-05 00:00:00,1,22221,5216,22220,125,310
Colon,LoVo,1025|1194,LoVo@2016-09-05,2016-09-05 23:00:00,2016-09-09 23:00:00,1,19512,5216,19511,125,315
Colon,LoVo,1032|1372|2048,LoVo@2016-11-01,2016-11-01 00:00:00,2016-11-05 00:00:00,1,22226,5216,22220,125,321
Colon,LoVo,1047|1054,LoVo@2016-11-01,2016-11-01 00:00:00,2016-11-05 00:00:00,1,22224,5216,22220,125,314
Colon,LoVo,1053|2171,LoVo@2016-10-10,2016-10-10 23:00:00,2016-10-14 23:00:00,1,21228,5216,21224,125,313
Colon,LoVo,1059|1083,LoVo@2016-11-01,2016-11-01 00:00:00,2016-11-05 00:00:00,1,22222,5216,22220,125,311
Colon,LoVo,1073|1089,LoVo@2016-10-10,2016-10-10 23:00:00,2016-10-14 23:00:00,1,21230,5216,21224,125,317
Colon,LoVo,1179|1549,LoVo@2016-09-05,2016-09-05 23:00:00,2016-09-09 23:00:00,1,19515,5216,19511,125,318
Colon,LoVo,1561|1564,LoVo@2016-11-01,2016-11-01 00:00:00,2016-11-05 00:00:00,1,22225,5216,22220,125,319
Colon,LoVo,1598|1786,LoVo@2016-10-10,2016-10-10 23:00:00,2016-10-14 23:00:00,1,21232,5216,21224,125,320
Colon,MDST8,1003|1032,MDST8@2016-09-04,2016-09-04 23:00:00,2016-09-08 23:00:00,1,19409,5513,19408,150,309
Colon,MDST8,1011|1510,MDST8@2016-09-04,2016-09-04 23:00:00,2016-09-08 23:00:00,1,19412,5513,19408,150,312
Colon,MDST8,1017|1373,MDST8@2016-10-10,2016-10-10 23:00:00,2016-10-14 23:00:00,1,21236,5513,21234,150,316
Colon,MDST8,1022|1372,MDST8@2016-09-04,2016-09-04 23:00:00,2016-09-08 23:00:00,1,19410,5513,19408,150,310
Colon,MDST8,1025|1194,MDST8@2016-10-10,2016-10-10 23:00:00,2016-10-14 23:00:00,1,21235,5513,21234,150,315
Colon,MDST8,1032|1372|2048,MDST8@2016-08-21,2016-08-21 23:00:00,2016-08-25 23:00:00,1,18974,5513,18967,150,321
Colon,MDST8,1047|1054,MDST8@2016-09-04,2016-09-04 23:00:00,2016-09-08 23:00:00,1,19414,5513,19408,150,314
Colon,MDST8,1053|2171,MDST8@2016-09-04,2016-09-04 23:00:00,2016-09-08 23:00:00,1,19413,5513,19408,150,313
Colon,MDST8,1059|1083,MDST8@2016-11-08,2016-11-08 00:00:00,2016-11-12 00:00:00,2,22630|22632,5513,22629,150,311
Colon,MDST8,1073|1089,MDST8@2016-10-10,2016-10-10 23:00:00,2016-10-14 23:00:00,1,21237,5513,21234,150,317
Colon,MDST8,1179|1549,MDST8@2016-08-21,2016-08-21 23:00:00,2016-08-25 23:00:00,1,18971,5513,18967,150,318
Colon,MDST8,1561|1564,MDST8@2016-08-21,2016-08-21 23:00:00,2016-08-25 23:00:00,1,18972,5513,18967,150,319
Colon,MDST8,1598|1786,MDST8@2016-08-21,2016-08-21 23:00:00,2016-08-25 23:00:00,1,18973,5513,18967,150,320
Colon,NCI-H508,1003|1032,NCI-H508@2016-08-31,2016-08-31 23:00:00,2016-09-04 23:00:00,1,19220,5889,19218,325,309
Colon,NCI-H508,1011|1510,NCI-H508@2016-08-31,2016-08-31 23:00:00,2016-09-04 23:00:00,1,19223,5889,19218,325,312
Colon,NCI-H508,1017|1373,NCI-H508@2016-09-05,2016-09-05 23:00:00,2016-09-09 23:00:00,1,19521,5889,19519,325,316
Colon,NCI-H508,1022|1372,NCI-H508@2016-08-31,2016-08-31 23:00:00,2016-09-04 23:00:00,1,19221,5889,19218,325,310
Colon,NCI-H508,1025|1194,NCI-H508@2016-09-05,2016-09-05 23:00:00,2016-09-09 23:00:00,1,19520,5889,19519,325,315
Colon,NCI-H508,1032|1372|2048,NCI-H508@2016-09-05,2016-09-05 23:00:00,2016-09-09 23:00:00,1,19526,5889,19519,325,321
Colon,NCI-H508,1047|1054,NCI-H508@2016-08-31,2016-08-31 23:00:00,2016-09-04 23:00:00,1,19225,5889,19218,325,314
Colon,NCI-H508,1053|2171,NCI-H508@2016-08-31,2016-08-31 23:00:00,2016-09-04 23:00:00,1,19224,5889,19218,325,313
Colon,NCI-H508,1059|1083,NCI-H508@2016-10-02,2016-10-02 23:00:00,2016-10-06 23:00:00,1,20802,5889,20801,325,311
Colon,NCI-H508,1073|1089,NCI-H508@2016-09-05,2016-09-05 23:00:00,2016-09-09 23:00:00,1,19522,5889,19519,325,317
Colon,NCI-H508,1179|1549,NCI-H508@2016-09-05,2016-09-05 23:00:00,2016-09-09 23:00:00,1,19523,5889,19519,325,318
Colon,NCI-H508,1561|1564,NCI-H508@2016-09-05,2016-09-05 23:00:00,2016-09-09 23:00:00,1,19524,5889,19519,325,319
Colon,NCI-H508,1598|1786,NCI-H508@2016-09-05,2016-09-05 23:00:00,2016-09-09 23:00:00,1,19525,5889,19519,325,320
Colon,NCI-H716,1003|1032,NCI-H716@2016-11-14,2016-11-14 00:00:00,2016-11-18 00:00:00,1,22888,5951,22887,900,309
Colon,NCI-H716,1011|1510,NCI-H716@2016-11-14,2016-11-14 00:00:00,2016-11-18 00:00:00,1,22891,5951,22887,900,312
Colon,NCI-H716,1017|1373,NCI-H716@2016-09-29,2016-09-29 23:00:00,2016-10-03 23:00:00,1,20634,5951,20632,900,316
Colon,NCI-H716,1022|1372,NCI-H716@2016-11-14,2016-11-14 00:00:00,2016-11-18 00:00:00,1,22889,5951,22887,900,310
Colon,NCI-H716,1025|1194,NCI-H716@2016-09-29,2016-09-29 23:00:00,2016-10-03 23:00:00,1,20633,5951,20632,900,315
Colon,NCI-H716,1032|1372|2048,NCI-H716@2016-09-29,2016-09-29 23:00:00,2016-10-03 23:00:00,1,20639,5951,20632,900,321
Colon,NCI-H716,1047|1054,NCI-H716@2016-11-14,2016-11-14 00:00:00,2016-11-18 00:00:00,1,22893,5951,22887,900,314
Colon,NCI-H716,1053|2171,NCI-H716@2016-11-14,2016-11-14 00:00:00,2016-11-18 00:00:00,1,22892,5951,22887,900,313
Colon,NCI-H716,1059|1083,NCI-H716@2016-11-14,2016-11-14 00:00:00,2016-11-18 00:00:00,1,22890,5951,22887,900,311
Colon,NCI-H716,1073|1089,NCI-H716@2016-09-29,2016-09-29 23:00:00,2016-10-03 23:00:00,1,20635,5951,20632,900,317
Colon,NCI-H716,1179|1549,NCI-H716@2016-09-29,2016-09-29 23:00:00,2016-10-03 23:00:00,1,20636,5951,20632,900,318
Colon,NCI-H716,1561|1564,NCI-H716@2016-09-29,2016-09-29 23:00:00,2016-10-03 23:00:00,1,20637,5951,20632,900,319
Colon,NCI-H716,1598|1786,NCI-H716@2016-09-29,2016-09-29 23:00:00,2016-10-03 23:00:00,1,20638,5951,20632,900,320
Colon,NCI-H747,1003|1032,NCI-H747@2016-08-31,2016-08-31 23:00:00,2016-09-04 23:00:00,1,19255,6612,19254,625,309
Colon,NCI-H747,1011|1510,NCI-H747@2016-08-31,2016-08-31 23:00:00,2016-09-04 23:00:00,1,19258,6612,19254,625,312
Colon,NCI-H747,1017|1373,NCI-H747@2016-10-10,2016-10-10 23:00:00,2016-10-14 23:00:00,1,21240,6612,21238,625,316
Colon,NCI-H747,1022|1372,NCI-H747@2016-08-31,2016-08-31 23:00:00,2016-09-04 23:00:00,1,19256,6612,19254,625,310
Colon,NCI-H747,1025|1194,NCI-H747@2016-10-10,2016-10-10 23:00:00,2016-10-14 23:00:00,1,21239,6612,21238,625,315
Colon,NCI-H747,1032|1372|2048,NCI-H747@2016-10-10,2016-10-10 23:00:00,2016-10-14 23:00:00,1,21244,6612,21238,625,321
Colon,NCI-H747,1047|1054,NCI-H747@2016-08-31,2016-08-31 23:00:00,2016-09-04 23:00:00,1,19260,6612,19254,625,314
Colon,NCI-H747,1053|2171,NCI-H747@2016-08-31,2016-08-31 23:00:00,2016-09-04 23:00:00,1,19259,6612,19254,625,313
Colon,NCI-H747,1059|1083,NCI-H747@2016-11-08,2016-11-08 00:00:00,2016-11-12 00:00:00,1,22634,6612,22633,625,311
Colon,NCI-H747,1073|1089,NCI-H747@2016-10-10,2016-10-10 23:00:00,2016-10-14 23:00:00,1,21241,6612,21238,625,317
Colon,NCI-H747,1179|1549,NCI-H747@2016-10-10,2016-10-10 23:00:00,2016-10-14 23:00:00,1,21242,6612,21238,625,318
Colon,NCI-H747,1561|1564,NCI-H747@2016-11-08,2016-11-08 00:00:00,2016-11-12 00:00:00,1,22635,6612,22633,625,319
Colon,NCI-H747,1598|1786,NCI-H747@2016-10-10,2016-10-10 23:00:00,2016-10-14 23:00:00,1,21243,6612,21238,625,320
Colon,RCM-1,1003|1032,RCM-1@2016-09-04,2016-09-04 23:00:00,2016-09-08 23:00:00,1,19423,2019,19422,400,309
Colon,RCM-1,1011|1510,RCM-1@2016-11-01,2016-11-01 00:00:00,2016-11-05 00:00:00,1,22241,2019,22239,400,312
Colon,RCM-1,1017|1373,RCM-1@2016-09-29,2016-09-29 23:00:00,2016-10-03 23:00:00,1,20642,2019,20640,400,316
Colon,RCM-1,1022|1372,RCM-1@2016-09-04,2016-09-04 23:00:00,2016-09-08 23:00:00,1,19424,2019,19422,400,310
Colon,RCM-1,1025|1194,RCM-1@2016-09-29,2016-09-29 23:00:00,2016-10-03 23:00:00,1,20641,2019,20640,400,315
Colon,RCM-1,1032|1372|2048,RCM-1@2016-09-29,2016-09-29 23:00:00,2016-10-03 23:00:00,1,20647,2019,20640,400,321
Colon,RCM-1,1047|1054,RCM-1@2016-09-04,2016-09-04 23:00:00,2016-09-08 23:00:00,1,19428,2019,19422,400,314
Colon,RCM-1,1053|2171,RCM-1@2016-09-04,2016-09-04 23:00:00,2016-09-08 23:00:00,1,19427,2019,19422,400,313
Colon,RCM-1,1059|1083,RCM-1@2016-11-01,2016-11-01 00:00:00,2016-11-05 00:00:00,1,22240,2019,22239,400,311
Colon,RCM-1,1073|1089,RCM-1@2016-11-01,2016-11-01 00:00:00,2016-11-05 00:00:00,1,22242,2019,22239,400,317
Colon,RCM-1,1179|1549,RCM-1@2016-10-10,2016-10-10 23:00:00,2016-10-14 23:00:00,1,21248,2019,21245,400,318
Colon,RCM-1,1561|1564,RCM-1@2016-11-01,2016-11-01 00:00:00,2016-11-05 00:00:00,1,22243,2019,22239,400,319
Colon,RCM-1,1598|1786,RCM-1@2016-09-29,2016-09-29 23:00:00,2016-10-03 23:00:00,1,20646,2019,20640,400,320
Colon,RKO,1003|1032,RKO@2016-08-31,2016-08-31 23:00:00,2016-09-04 23:00:00,1,19198,5950,19197,200,309
Colon,RKO,1011|1510,RKO@2016-08-31,2016-08-31 23:00:00,2016-09-04 23:00:00,1,19201,5950,19197,200,312
Colon,RKO,1017|1373,RKO@2016-09-05,2016-09-05 23:00:00,2016-09-09 23:00:00,1,19529,5950,19527,200,316
Colon,RKO,1022|1372,RKO@2016-08-31,2016-08-31 23:00:00,2016-09-04 23:00:00,1,19199,5950,19197,200,310
Colon,RKO,1025|1194,RKO@2016-09-05,2016-09-05 23:00:00,2016-09-09 23:00:00,1,19528,5950,19527,200,315
Colon,RKO,1032|1372|2048,RKO@2016-09-05,2016-09-05 23:00:00,2016-09-09 23:00:00,1,19534,5950,19527,200,321
Colon,RKO,1047|1054,RKO@2016-08-31,2016-08-31 23:00:00,2016-09-04 23:00:00,1,19203,5950,19197,200,314
Colon,RKO,1053|2171,RKO@2016-08-31,2016-08-31 23:00:00,2016-09-04 23:00:00,1,19202,5950,19197,200,313
Colon,RKO,1059|1083,RKO@2016-11-01,2016-11-01 00:00:00,2016-11-05 00:00:00,1,22245,5950,22244,200,311
Colon,RKO,1073|1089,RKO@2016-10-10,2016-10-10 23:00:00,2016-10-14 23:00:00,1,21291,5950,21290,200,317
Colon,RKO,1179|1549,RKO@2016-09-05,2016-09-05 23:00:00,2016-09-09 23:00:00,1,19531,5950,19527,200,318
Colon,RKO,1561|1564,RKO@2016-09-05,2016-09-05 23:00:00,2016-09-09 23:00:00,1,19532,5950,19527,200,319
Colon,RKO,1598|1786,RKO@2016-09-05,2016-09-05 23:00:00,2016-09-09 23:00:00,1,19533,5950,19527,200,320
Colon,SK-CO-1,1003|1032,SK-CO-1@2016-08-10,2016-08-10 23:00:00,2016-08-14 23:00:00,1,18373,5531,18372,625,309
Colon,SK-CO-1,1003|1032,SK-CO-1@2016-09-07,2016-09-07 23:00:00,2016-09-11 23:00:00,3,19595|19596|19597,5531,19594,625,309
Colon,SK-CO-1,1003|1032,SK-CO-1@2016-10-02,2016-10-02 23:00:00,2016-10-06 23:00:00,3,20734|20735|20736,5531,20733,625,309
Colon,SK-CO-1,1003|1032,SK-CO-1@2016-11-14,2016-11-14 00:00:00,2016-11-18 00:00:00,3,22865|22866|22867,5531,22864,625,309
Colon,SK-CO-1,1011|1510,SK-CO-1@2016-08-10,2016-08-10 23:00:00,2016-08-14 23:00:00,1,18376,5531,18372,625,312
Colon,SK-CO-1,1011|1510,SK-CO-1@2016-09-07,2016-09-07 23:00:00,2016-09-11 23:00:00,1,19600,5531,19594,625,312
Colon,SK-CO-1,1011|1510,SK-CO-1@2016-10-02,2016-10-02 23:00:00,2016-10-06 23:00:00,1,20739,5531,20733,625,312
Colon,SK-CO-1,1011|1510,SK-CO-1@2016-11-14,2016-11-14 00:00:00,2016-11-18 00:00:00,1,22870,5531,22864,625,312
Colon,SK-CO-1,1017|1373,SK-CO-1@2016-09-19,2016-09-19 23:00:00,2016-09-23 23:00:00,1,20061,5531,20057,625,316
Colon,SK-CO-1,1017|1373,SK-CO-1@2016-10-05,2016-10-05 23:00:00,2016-10-09 23:00:00,1,20956,5531,20952,625,316
Colon,SK-CO-1,1017|1373,SK-CO-1@2016-11-22,2016-11-22 00:00:00,2016-11-26 00:00:00,1,23208,5531,23204,625,316
Colon,SK-CO-1,1022|1372,SK-CO-1@2016-08-10,2016-08-10 23:00:00,2016-08-14 23:00:00,1,18374,5531,18372,625,310
Colon,SK-CO-1,1022|1372,SK-CO-1@2016-09-07,2016-09-07 23:00:00,2016-09-11 23:00:00,1,19598,5531,19594,625,310
Colon,SK-CO-1,1022|1372,SK-CO-1@2016-10-02,2016-10-02 23:00:00,2016-10-06 23:00:00,1,20737,5531,20733,625,310
Colon,SK-CO-1,1022|1372,SK-CO-1@2016-11-14,2016-11-14 00:00:00,2016-11-18 00:00:00,1,22868,5531,22864,625,310
Colon,SK-CO-1,1025|1194,SK-CO-1@2016-09-19,2016-09-19 23:00:00,2016-09-23 23:00:00,3,20058|20059|20060,5531,20057,625,315
Colon,SK-CO-1,1025|1194,SK-CO-1@2016-10-05,2016-10-05 23:00:00,2016-10-09 23:00:00,3,20953|20954|20955,5531,20952,625,315
Colon,SK-CO-1,1025|1194,SK-CO-1@2016-11-22,2016-11-22 00:00:00,2016-11-26 00:00:00,3,23205|23206|23207,5531,23204,625,315
Colon,SK-CO-1,1032|1372|2048,SK-CO-1@2016-09-19,2016-09-19 23:00:00,2016-09-23 23:00:00,1,20066,5531,20057,625,321
Colon,SK-CO-1,1032|1372|2048,SK-CO-1@2016-10-05,2016-10-05 23:00:00,2016-10-09 23:00:00,1,20961,5531,20952,625,321
Colon,SK-CO-1,1032|1372|2048,SK-CO-1@2016-11-22,2016-11-22 00:00:00,2016-11-26 00:00:00,1,23213,5531,23204,625,321
Colon,SK-CO-1,1047|1054,SK-CO-1@2016-08-10,2016-08-10 23:00:00,2016-08-14 23:00:00,1,18378,5531,18372,625,314
Colon,SK-CO-1,1047|1054,SK-CO-1@2016-09-07,2016-09-07 23:00:00,2016-09-11 23:00:00,1,19602,5531,19594,625,314
Colon,SK-CO-1,1047|1054,SK-CO-1@2016-10-02,2016-10-02 23:00:00,2016-10-06 23:00:00,1,20741,5531,20733,625,314
Colon,SK-CO-1,1047|1054,SK-CO-1@2016-11-14,2016-11-14 00:00:00,2016-11-18 00:00:00,1,22872,5531,22864,625,314
Colon,SK-CO-1,1053|2171,SK-CO-1@2016-08-10,2016-08-10 23:00:00,2016-08-14 23:00:00,1,18377,5531,18372,625,313
Colon,SK-CO-1,1053|2171,SK-CO-1@2016-09-07,2016-09-07 23:00:00,2016-09-11 23:00:00,1,19601,5531,19594,625,313
Colon,SK-CO-1,1053|2171,SK-CO-1@2016-10-02,2016-10-02 23:00:00,2016-10-06 23:00:00,1,20740,5531,20733,625,313
Colon,SK-CO-1,1053|2171,SK-CO-1@2016-11-14,2016-11-14 00:00:00,2016-11-18 00:00:00,1,22871,5531,22864,625,313
Colon,SK-CO-1,1059|1083,SK-CO-1@2016-09-07,2016-09-07 23:00:00,2016-09-11 23:00:00,1,19599,5531,19594,625,311
Colon,SK-CO-1,1059|1083,SK-CO-1@2016-10-02,2016-10-02 23:00:00,2016-10-06 23:00:00,1,20738,5531,20733,625,311
Colon,SK-CO-1,1059|1083,SK-CO-1@2016-11-14,2016-11-14 00:00:00,2016-11-18 00:00:00,1,22869,5531,22864,625,311
Colon,SK-CO-1,1073|1089,SK-CO-1@2016-09-19,2016-09-19 23:00:00,2016-09-23 23:00:00,1,20062,5531,20057,625,317
Colon,SK-CO-1,1073|1089,SK-CO-1@2016-10-05,2016-10-05 23:00:00,2016-10-09 23:00:00,1,20957,5531,20952,625,317
Colon,SK-CO-1,1073|1089,SK-CO-1@2016-11-22,2016-11-22 00:00:00,2016-11-26 00:00:00,1,23209,5531,23204,625,317
Colon,SK-CO-1,1179|1549,SK-CO-1@2016-09-19,2016-09-19 23:00:00,2016-09-23 23:00:00,1,20063,5531,20057,625,318
Colon,SK-CO-1,1179|1549,SK-CO-1@2016-10-05,2016-10-05 23:00:00,2016-10-09 23:00:00,1,20958,5531,20952,625,318
Colon,SK-CO-1,1179|1549,SK-CO-1@2016-11-22,2016-11-22 00:00:00,2016-11-26 00:00:00,1,23210,5531,23204,625,318
Colon,SK-CO-1,1561|1564,SK-CO-1@2016-10-05,2016-10-05 23:00:00,2016-10-09 23:00:00,1,20959,5531,20952,625,319
Colon,SK-CO-1,1561|1564,SK-CO-1@2016-11-22,2016-11-22 00:00:00,2016-11-26 00:00:00,1,23211,5531,23204,625,319
Colon,SK-CO-1,1598|1786,SK-CO-1@2016-09-19,2016-09-19 23:00:00,2016-09-23 23:00:00,1,20065,5531,20057,625,320
Colon,SK-CO-1,1598|1786,SK-CO-1@2016-10-05,2016-10-05 23:00:00,2016-10-09 23:00:00,1,20960,5531,20952,625,320
Colon,SK-CO-1,1598|1786,SK-CO-1@2016-11-22,2016-11-22 00:00:00,2016-11-26 00:00:00,1,23212,5531,23204,625,320
Colon,SNU-1040,1003|1032,SNU-1040@2016-12-13,2016-12-13 00:00:00,2016-12-17 00:00:00,1,24119,6676,24118,1250,309
Colon,SNU-1040,1011|1510,SNU-1040@2016-12-13,2016-12-13 00:00:00,2016-12-17 00:00:00,1,24122,6676,24118,1250,312
Colon,SNU-1040,1017|1373,SNU-1040@2016-12-13,2016-12-13 00:00:00,2016-12-17 00:00:00,1,24126,6676,24118,1250,316
Colon,SNU-1040,1022|1372,SNU-1040@2016-12-13,2016-12-13 00:00:00,2016-12-17 00:00:00,1,24120,6676,24118,1250,310
Colon,SNU-1040,1025|1194,SNU-1040@2016-12-13,2016-12-13 00:00:00,2016-12-17 00:00:00,1,24125,6676,24118,1250,315
Colon,SNU-1040,1032|1372|2048,SNU-1040@2016-12-13,2016-12-13 00:00:00,2016-12-17 00:00:00,1,24131,6676,24118,1250,321
Colon,SNU-1040,1047|1054,SNU-1040@2016-12-13,2016-12-13 00:00:00,2016-12-17 00:00:00,1,24124,6676,24118,1250,314
Colon,SNU-1040,1053|2171,SNU-1040@2016-12-13,2016-12-13 00:00:00,2016-12-17 00:00:00,1,24123,6676,24118,1250,313
Colon,SNU-1040,1059|1083,SNU-1040@2016-12-13,2016-12-13 00:00:00,2016-12-17 00:00:00,1,24121,6676,24118,1250,311
Colon,SNU-1040,1073|1089,SNU-1040@2016-12-13,2016-12-13 00:00:00,2016-12-17 00:00:00,1,24127,6676,24118,1250,317
Colon,SNU-1040,1179|1549,SNU-1040@2016-12-13,2016-12-13 00:00:00,2016-12-17 00:00:00,1,24128,6676,24118,1250,318
Colon,SNU-1040,1561|1564,SNU-1040@2016-12-13,2016-12-13 00:00:00,2016-12-17 00:00:00,1,24129,6676,24118,1250,319
Colon,SNU-1040,1598|1786,SNU-1040@2016-12-13,2016-12-13 00:00:00,2016-12-17 00:00:00,1,24130,6676,24118,1250,320
Colon,SNU-175,1003|1032,SNU-175@2016-08-31,2016-08-31 23:00:00,2016-09-04 23:00:00,1,19261,6349,19267,600,309
Colon,SNU-175,1011|1510,SNU-175@2016-08-31,2016-08-31 23:00:00,2016-09-04 23:00:00,1,19264,6349,19267,600,312
Colon,SNU-175,1017|1373,SNU-175@2016-09-05,2016-09-05 23:00:00,2016-09-09 23:00:00,1,19537,6349,19535,600,316
Colon,SNU-175,1022|1372,SNU-175@2016-08-31,2016-08-31 23:00:00,2016-09-04 23:00:00,1,19262,6349,19267,600,310
Colon,SNU-175,1025|1194,SNU-175@2016-09-05,2016-09-05 23:00:00,2016-09-09 23:00:00,1,19536,6349,19535,600,315
Colon,SNU-175,1032|1372|2048,SNU-175@2016-09-05,2016-09-05 23:00:00,2016-09-09 23:00:00,1,19542,6349,19535,600,321
Colon,SNU-175,1047|1054,SNU-175@2016-08-31,2016-08-31 23:00:00,2016-09-04 23:00:00,1,19266,6349,19267,600,314
Colon,SNU-175,1053|2171,SNU-175@2016-08-31,2016-08-31 23:00:00,2016-09-04 23:00:00,1,19265,6349,19267,600,313
Colon,SNU-175,1059|1083,SNU-175@2016-10-02,2016-10-02 23:00:00,2016-10-06 23:00:00,1,20804,6349,20803,600,311
Colon,SNU-175,1073|1089,SNU-175@2016-09-05,2016-09-05 23:00:00,2016-09-09 23:00:00,1,19538,6349,19535,600,317
Colon,SNU-175,1179|1549,SNU-175@2016-09-05,2016-09-05 23:00:00,2016-09-09 23:00:00,1,19539,6349,19535,600,318
Colon,SNU-175,1561|1564,SNU-175@2016-09-05,2016-09-05 23:00:00,2016-09-09 23:00:00,1,19540,6349,19535,600,319
Colon,SNU-175,1598|1786,SNU-175@2016-09-05,2016-09-05 23:00:00,2016-09-09 23:00:00,1,19541,6349,19535,600,320
Colon,SNU-407,1003|1032,SNU-407@2016-08-31,2016-08-31 23:00:00,2016-09-04 23:00:00,1,19248,6271,19247,400,309
Colon,SNU-407,1011|1510,SNU-407@2016-08-31,2016-08-31 23:00:00,2016-09-04 23:00:00,1,19251,6271,19247,400,312
Colon,SNU-407,1017|1373,SNU-407@2016-09-08,2016-09-08 23:00:00,2016-09-12 23:00:00,1,19700,6271,19697,400,316
Colon,SNU-407,1022|1372,SNU-407@2016-08-31,2016-08-31 23:00:00,2016-09-04 23:00:00,1,19249,6271,19247,400,310
Colon,SNU-407,1025|1194,SNU-407@2016-09-08,2016-09-08 23:00:00,2016-09-12 23:00:00,1,19699,6271,19697,400,315
Colon,SNU-407,1032|1372|2048,SNU-407@2016-08-21,2016-08-21 23:00:00,2016-08-25 23:00:00,1,18958,6271,18951,400,321
Colon,SNU-407,1047|1054,SNU-407@2016-08-31,2016-08-31 23:00:00,2016-09-04 23:00:00,1,19253,6271,19247,400,314
Colon,SNU-407,1053|2171,SNU-407@2016-08-31,2016-08-31 23:00:00,2016-09-04 23:00:00,1,19252,6271,19247,400,313
Colon,SNU-407,1059|1083,SNU-407@2016-09-08,2016-09-08 23:00:00,2016-09-12 23:00:00,1,19698,6271,19697,400,311
Colon,SNU-407,1073|1089,SNU-407@2016-09-08,2016-09-08 23:00:00,2016-09-12 23:00:00,1,19701,6271,19697,400,317
Colon,SNU-407,1179|1549,SNU-407@2016-08-21,2016-08-21 23:00:00,2016-08-25 23:00:00,1,18955,6271,18951,400,318
Colon,SNU-407,1561|1564,SNU-407@2016-08-21,2016-08-21 23:00:00,2016-08-25 23:00:00,1,18956,6271,18951,400,319
Colon,SNU-407,1598|1786,SNU-407@2016-09-08,2016-09-08 23:00:00,2016-09-12 23:00:00,1,19702,6271,19697,400,320
Colon,SNU-81,1003|1032,SNU-81@2016-08-10,2016-08-10 23:00:00,2016-08-14 23:00:00,1,18415,5953,18414,1250,309
Colon,SNU-81,1011|1510,SNU-81@2016-08-10,2016-08-10 23:00:00,2016-08-14 23:00:00,1,18418,5953,18414,1250,312
Colon,SNU-81,1017|1373,SNU-81@2016-09-08,2016-09-08 23:00:00,2016-09-12 23:00:00,1,19705,5953,19703,1250,316
Colon,SNU-81,1022|1372,SNU-81@2016-08-10,2016-08-10 23:00:00,2016-08-14 23:00:00,1,18416,5953,18414,1250,310
Colon,SNU-81,1025|1194,SNU-81@2016-09-08,2016-09-08 23:00:00,2016-09-12 23:00:00,1,19704,5953,19703,1250,315
Colon,SNU-81,1032|1372|2048,SNU-81@2016-09-08,2016-09-08 23:00:00,2016-09-12 23:00:00,1,19710,5953,19703,1250,321
Colon,SNU-81,1047|1054,SNU-81@2016-08-10,2016-08-10 23:00:00,2016-08-14 23:00:00,1,18420,5953,18414,1250,314
Colon,SNU-81,1053|2171,SNU-81@2016-08-10,2016-08-10 23:00:00,2016-08-14 23:00:00,1,18419,5953,18414,1250,313
Colon,SNU-81,1059|1083,SNU-81@2016-08-10,2016-08-10 23:00:00,2016-08-14 23:00:00,1,18417,5953,18414,1250,311
Colon,SNU-81,1073|1089,SNU-81@2016-09-08,2016-09-08 23:00:00,2016-09-12 23:00:00,1,19706,5953,19703,1250,317
Colon,SNU-81,1179|1549,SNU-81@2016-09-08,2016-09-08 23:00:00,2016-09-12 23:00:00,1,19707,5953,19703,1250,318
Colon,SNU-81,1561|1564,SNU-81@2016-09-08,2016-09-08 23:00:00,2016-09-12 23:00:00,1,19708,5953,19703,1250,319
Colon,SNU-81,1598|1786,SNU-81@2016-09-08,2016-09-08 23:00:00,2016-09-12 23:00:00,1,19709,5953,19703,1250,320
Colon,SNU-C1,1003|1032,SNU-C1@2016-09-04,2016-09-04 23:00:00,2016-09-08 23:00:00,1,19430,4737,19429,625,309
Colon,SNU-C1,1011|1510,SNU-C1@2016-09-04,2016-09-04 23:00:00,2016-09-08 23:00:00,1,19433,4737,19429,625,312
Colon,SNU-C1,1017|1373,SNU-C1@2016-09-25,2016-09-25 23:00:00,2016-09-29 23:00:00,1,20290,4737,20288,625,316
Colon,SNU-C1,1022,SNU-C1@2016-09-04,2016-09-04 23:00:00,2016-09-08 23:00:00,1,19431,4737,19429,625,310
Colon,SNU-C1,1025|1194,SNU-C1@2016-09-25,2016-09-25 23:00:00,2016-09-29 23:00:00,1,20289,4737,20288,625,315
Colon,SNU-C1,1032|1372|2048,SNU-C1@2016-09-25,2016-09-25 23:00:00,2016-09-29 23:00:00,1,20295,4737,20288,625,321
Colon,SNU-C1,1047|1054,SNU-C1@2016-09-04,2016-09-04 23:00:00,2016-09-08 23:00:00,1,19435,4737,19429,625,314
Colon,SNU-C1,1053|2171,SNU-C1@2016-09-04,2016-09-04 23:00:00,2016-09-08 23:00:00,1,19434,4737,19429,625,313
Colon,SNU-C1,1073|1089,SNU-C1@2016-09-25,2016-09-25 23:00:00,2016-09-29 23:00:00,1,20291,4737,20288,625,317
Colon,SNU-C1,1083,SNU-C1@2016-09-25,2016-09-25 23:00:00,2016-09-29 23:00:00,1,20325,4737,20288,625,311
Colon,SNU-C1,1179|1549,SNU-C1@2016-09-25,2016-09-25 23:00:00,2016-09-29 23:00:00,1,20292,4737,20288,625,318
Colon,SNU-C1,1561|1564,SNU-C1@2016-09-25,2016-09-25 23:00:00,2016-09-29 23:00:00,1,20293,4737,20288,625,319
Colon,SNU-C1,1598|1786,SNU-C1@2016-09-25,2016-09-25 23:00:00,2016-09-29 23:00:00,1,20294,4737,20288,625,320
Colon,SNU-C2B,1003|1032,SNU-C2B@2016-09-07,2016-09-07 23:00:00,2016-09-11 23:00:00,1,19634,7110,19633,500,309
Colon,SNU-C2B,1011|1510,SNU-C2B@2016-09-07,2016-09-07 23:00:00,2016-09-11 23:00:00,1,19637,7110,19633,500,312
Colon,SNU-C2B,1017|1373,SNU-C2B@2016-09-05,2016-09-05 23:00:00,2016-09-09 23:00:00,1,19551,7110,19549,500,316
Colon,SNU-C2B,1022|1372,SNU-C2B@2016-09-07,2016-09-07 23:00:00,2016-09-11 23:00:00,1,19635,7110,19633,500,310
Colon,SNU-C2B,1025|1194,SNU-C2B@2016-09-05,2016-09-05 23:00:00,2016-09-09 23:00:00,1,19550,7110,19549,500,315
Colon,SNU-C2B,1032|1372|2048,SNU-C2B@2016-09-05,2016-09-05 23:00:00,2016-09-09 23:00:00,1,19556,7110,19549,500,321
Colon,SNU-C2B,1047|1054,SNU-C2B@2016-09-07,2016-09-07 23:00:00,2016-09-11 23:00:00,1,19639,7110,19633,500,314
Colon,SNU-C2B,1053|2171,SNU-C2B@2016-09-07,2016-09-07 23:00:00,2016-09-11 23:00:00,1,19638,7110,19633,500,313
Colon,SNU-C2B,1059|1083,SNU-C2B@2016-09-07,2016-09-07 23:00:00,2016-09-11 23:00:00,1,19636,7110,19633,500,311
Colon,SNU-C2B,1073|1089,SNU-C2B@2016-09-05,2016-09-05 23:00:00,2016-09-09 23:00:00,1,19552,7110,19549,500,317
Colon,SNU-C2B,1179|1549,SNU-C2B@2016-09-05,2016-09-05 23:00:00,2016-09-09 23:00:00,1,19553,7110,19549,500,318
Colon,SNU-C2B,1561|1564,SNU-C2B@2016-09-05,2016-09-05 23:00:00,2016-09-09 23:00:00,1,19554,7110,19549,500,319
Colon,SNU-C2B,1598|1786,SNU-C2B@2016-09-05,2016-09-05 23:00:00,2016-09-09 23:00:00,1,19555,7110,19549,500,320
Colon,SNU-C5,1003|1032,SNU-C5@2016-09-04,2016-09-04 23:00:00,2016-09-08 23:00:00,1,19437,5954,19436,325,309
Colon,SNU-C5,1011|1510,SNU-C5@2016-09-04,2016-09-04 23:00:00,2016-09-08 23:00:00,1,19440,5954,19436,325,312
Colon,SNU-C5,1017|1373,SNU-C5@2016-09-29,2016-09-29 23:00:00,2016-10-03 23:00:00,1,20651,5954,20648,325,316
Colon,SNU-C5,1022|1372,SNU-C5@2016-09-04,2016-09-04 23:00:00,2016-09-08 23:00:00,1,19438,5954,19436,325,310
Colon,SNU-C5,1025|1194,SNU-C5@2016-09-29,2016-09-29 23:00:00,2016-10-03 23:00:00,1,20650,5954,20648,325,315
Colon,SNU-C5,1032|1372|2048,SNU-C5@2016-09-29,2016-09-29 23:00:00,2016-10-03 23:00:00,1,20656,5954,20648,325,321
Colon,SNU-C5,1047|1054,SNU-C5@2016-09-04,2016-09-04 23:00:00,2016-09-08 23:00:00,1,19442,5954,19436,325,314
Colon,SNU-C5,1053|2171,SNU-C5@2016-09-04,2016-09-04 23:00:00,2016-09-08 23:00:00,1,19441,5954,19436,325,313
Colon,SNU-C5,1059|1083,SNU-C5@2016-09-29,2016-09-29 23:00:00,2016-10-03 23:00:00,1,20649,5954,20648,325,311
Colon,SNU-C5,1073|1089,SNU-C5@2016-09-29,2016-09-29 23:00:00,2016-10-03 23:00:00,1,20652,5954,20648,325,317
Colon,SNU-C5,1179|1549,SNU-C5@2016-09-29,2016-09-29 23:00:00,2016-10-03 23:00:00,1,20653,5954,20648,325,318
Colon,SNU-C5,1561|1564,SNU-C5@2016-09-29,2016-09-29 23:00:00,2016-10-03 23:00:00,1,20654,5954,20648,325,319
Colon,SNU-C5,1598|1786,SNU-C5@2016-10-05,2016-10-05 23:00:00,2016-10-09 23:00:00,1,21001,5954,21000,325,320
Colon,SW1116,1011|1510,SW1116@2016-12-13,2016-12-13 00:00:00,2016-12-17 00:00:00,1,24112,6209,24105,625,312
Colon,SW1116,1017|1373,SW1116@2016-12-06,2016-12-06 00:00:00,2016-12-10 00:00:00,1,23811,6209,23809,625,316
Colon,SW1116,1022|1372,SW1116@2016-12-13,2016-12-13 00:00:00,2016-12-17 00:00:00,1,24109,6209,24105,625,310
Colon,SW1116,1025|1194,SW1116@2016-12-06,2016-12-06 00:00:00,2016-12-10 00:00:00,1,23810,6209,23809,625,315
Colon,SW1116,1032|1372|2048,SW1116@2016-12-06,2016-12-06 00:00:00,2016-12-10 00:00:00,1,23816,6209,23809,625,321
Colon,SW1116,1047|1054,SW1116@2016-12-13,2016-12-13 00:00:00,2016-12-17 00:00:00,2,24116|24117,6209,24105,625,314
Colon,SW1116,1053|2171,SW1116@2016-12-13,2016-12-13 00:00:00,2016-12-17 00:00:00,2,24114|24115,6209,24105,625,313
Colon,SW1116,1059|1083,SW1116@2016-12-13,2016-12-13 00:00:00,2016-12-17 00:00:00,2,24110|24111,6209,24105,625,311
Colon,SW1116,1073|1089,SW1116@2016-12-06,2016-12-06 00:00:00,2016-12-10 00:00:00,1,23812,6209,23809,625,317
Colon,SW1116,1179|1549,SW1116@2016-12-06,2016-12-06 00:00:00,2016-12-10 00:00:00,1,23813,6209,23809,625,318
Colon,SW1116,1561|1564,SW1116@2016-12-06,2016-12-06 00:00:00,2016-12-10 00:00:00,1,23814,6209,23809,625,319
Colon,SW1116,1598|1786,SW1116@2016-12-06,2016-12-06 00:00:00,2016-12-10 00:00:00,1,23815,6209,23809,625,320
Colon,SW1417,1003|1032,SW1417@2016-08-10,2016-08-10 23:00:00,2016-08-14 23:00:00,1,18429,6376,18428,625,309
Colon,SW1417,1017|1373,SW1417@2016-09-29,2016-09-29 23:00:00,2016-10-03 23:00:00,1,20660,6376,20657,625,316
Colon,SW1417,1022|1372,SW1417@2016-08-10,2016-08-10 23:00:00,2016-08-14 23:00:00,1,18430,6376,18428,625,310
Colon,SW1417,1025|1194,SW1417@2016-10-05,2016-10-05 23:00:00,2016-10-09 23:00:00,1,21003,6376,21002,625,315
Colon,SW1417,1032|1372|2048,SW1417@2016-10-05,2016-10-05 23:00:00,2016-10-09 23:00:00,1,21006,6376,21002,625,321
Colon,SW1417,1047|1054,SW1417@2016-08-10,2016-08-10 23:00:00,2016-08-14 23:00:00,1,18434,6376,18428,625,314
Colon,SW1417,1053|2171,SW1417@2016-08-10,2016-08-10 23:00:00,2016-08-14 23:00:00,1,18433,6376,18428,625,313
Colon,SW1417,1059|1083,SW1417@2016-09-29,2016-09-29 23:00:00,2016-10-03 23:00:00,1,20658,6376,20657,625,311
Colon,SW1417,1073|1089,SW1417@2016-09-29,2016-09-29 23:00:00,2016-10-03 23:00:00,1,20661,6376,20657,625,317
Colon,SW1417,1179|1549,SW1417@2016-09-29,2016-09-29 23:00:00,2016-10-03 23:00:00,1,20662,6376,20657,625,318
Colon,SW1417,1510,SW1417@2016-08-10,2016-08-10 23:00:00,2016-08-14 23:00:00,1,18432,6376,18428,625,312
Colon,SW1417,1561|1564,SW1417@2016-10-05,2016-10-05 23:00:00,2016-10-09 23:00:00,1,21004,6376,21002,625,319
Colon,SW1417,1598|1786,SW1417@2016-10-05,2016-10-05 23:00:00,2016-10-09 23:00:00,1,21005,6376,21002,625,320
Colon,SW1463,1003|1032,SW1463@2016-09-04,2016-09-04 23:00:00,2016-09-08 23:00:00,1,19444,6469,19443,400,309
Colon,SW1463,1011|1510,SW1463@2016-09-04,2016-09-04 23:00:00,2016-09-08 23:00:00,1,19447,6469,19443,400,312
Colon,SW1463,1017|1373,SW1463@2016-09-29,2016-09-29 23:00:00,2016-10-03 23:00:00,1,20669,6469,20666,400,316
Colon,SW1463,1022|1372,SW1463@2016-09-04,2016-09-04 23:00:00,2016-09-08 23:00:00,1,19445,6469,19443,400,310
Colon,SW1463,1025|1194,SW1463@2016-09-29,2016-09-29 23:00:00,2016-10-03 23:00:00,1,20668,6469,20666,400,315
Colon,SW1463,1032|1372|2048,SW1463@2016-10-10,2016-10-10 23:00:00,2016-10-14 23:00:00,1,21251,6469,21250,400,321
Colon,SW1463,1047|1054,SW1463@2016-09-04,2016-09-04 23:00:00,2016-09-08 23:00:00,1,19449,6469,19443,400,314
Colon,SW1463,1053|2171,SW1463@2016-09-04,2016-09-04 23:00:00,2016-09-08 23:00:00,1,19448,6469,19443,400,313
Colon,SW1463,1059|1083,SW1463@2016-09-29,2016-09-29 23:00:00,2016-10-03 23:00:00,1,20667,6469,20666,400,311
Colon,SW1463,1073|1089,SW1463@2016-09-29,2016-09-29 23:00:00,2016-10-03 23:00:00,1,20670,6469,20666,400,317
Colon,SW1463,1179|1549,SW1463@2016-09-29,2016-09-29 23:00:00,2016-10-03 23:00:00,1,20671,6469,20666,400,318
Colon,SW1463,1561|1564,SW1463@2016-09-29,2016-09-29 23:00:00,2016-10-03 23:00:00,1,20672,6469,20666,400,319
Colon,SW1463,1598|1786,SW1463@2016-09-29,2016-09-29 23:00:00,2016-10-03 23:00:00,1,20673,6469,20666,400,320
Colon,SW48,1003|1032,SW48@2016-11-08,2016-11-08 00:00:00,2016-11-12 00:00:00,1,22637,4272,22636,250,309
Colon,SW48,1011|1510,SW48@2016-11-01,2016-11-01 00:00:00,2016-11-05 00:00:00,1,22250,4272,22246,250,312
Colon,SW48,1017|1373,SW48@2016-11-08,2016-11-08 00:00:00,2016-11-12 00:00:00,1,22639,4272,22636,250,316
Colon,SW48,1022|1372,SW48@2016-11-01,2016-11-01 00:00:00,2016-11-05 00:00:00,1,22248,4272,22246,250,310
Colon,SW48,1025|1194,SW48@2016-11-08,2016-11-08 00:00:00,2016-11-12 00:00:00,1,22638,4272,22636,250,315
Colon,SW48,1032|1372|2048,SW48@2016-11-08,2016-11-08 00:00:00,2016-11-12 00:00:00,1,22644,4272,22636,250,321
Colon,SW48,1047|1054,SW48@2016-11-01,2016-11-01 00:00:00,2016-11-05 00:00:00,1,22252,4272,22246,250,314
Colon,SW48,1053|2171,SW48@2016-11-01,2016-11-01 00:00:00,2016-11-05 00:00:00,1,22251,4272,22246,250,313
Colon,SW48,1059|1083,SW48@2016-11-01,2016-11-01 00:00:00,2016-11-05 00:00:00,1,22249,4272,22246,250,311
Colon,SW48,1073|1089,SW48@2016-11-08,2016-11-08 00:00:00,2016-11-12 00:00:00,1,22640,4272,22636,250,317
Colon,SW48,1179|1549,SW48@2016-11-08,2016-11-08 00:00:00,2016-11-12 00:00:00,1,22641,4272,22636,250,318
Colon,SW48,1561|1564,SW48@2016-11-08,2016-11-08 00:00:00,2016-11-12 00:00:00,1,22642,4272,22636,250,319
Colon,SW48,1598|1786,SW48@2016-11-08,2016-11-08 00:00:00,2016-11-12 00:00:00,1,22643,4272,22636,250,320
Colon,SW620,1003|1032,SW620@2016-09-07,2016-09-07 23:00:00,2016-09-11 23:00:00,3,19586|19587|19588,5230,19585,350,309
Colon,SW620,1003|1032,SW620@2016-10-02,2016-10-02 23:00:00,2016-10-06 23:00:00,2,20743|20744,5230,20742,350,309
Colon,SW620,1003|1032,SW620@2016-11-14,2016-11-14 00:00:00,2016-11-18 00:00:00,3,22874|22875|22876,5230,22873,350,309
Colon,SW620,1011|1510,SW620@2016-09-07,2016-09-07 23:00:00,2016-09-11 23:00:00,1,19591,5230,19585,350,312
Colon,SW620,1011|1510,SW620@2016-10-02,2016-10-02 23:00:00,2016-10-06 23:00:00,1,20748,5230,20742,350,312
Colon,SW620,1011|1510,SW620@2016-11-14,2016-11-14 00:00:00,2016-11-18 00:00:00,1,22879,5230,22873,350,312
Colon,SW620,1017|1373,SW620@2016-09-19,2016-09-19 23:00:00,2016-09-23 23:00:00,1,20071,5230,20067,350,316
Colon,SW620,1017|1373,SW620@2016-10-05,2016-10-05 23:00:00,2016-10-09 23:00:00,1,20966,5230,20962,350,316
Colon,SW620,1017|1373,SW620@2016-11-22,2016-11-22 00:00:00,2016-11-26 00:00:00,1,23218,5230,23214,350,316
Colon,SW620,1022,SW620@2016-09-07,2016-09-07 23:00:00,2016-09-11 23:00:00,1,19589,5230,19585,350,310
Colon,SW620,1022,SW620@2016-11-14,2016-11-14 00:00:00,2016-11-18 00:00:00,1,22877,5230,22873,350,310
Colon,SW620,1022|1372,SW620@2016-10-02,2016-10-02 23:00:00,2016-10-06 23:00:00,1,20746,5230,20742,350,310
Colon,SW620,1025|1194,SW620@2016-09-19,2016-09-19 23:00:00,2016-09-23 23:00:00,3,20068|20069|20070,5230,20067,350,315
Colon,SW620,1025|1194,SW620@2016-10-05,2016-10-05 23:00:00,2016-10-09 23:00:00,3,20963|20964|20965,5230,20962,350,315
Colon,SW620,1025|1194,SW620@2016-11-22,2016-11-22 00:00:00,2016-11-26 00:00:00,3,23215|23216|23217,5230,23214,350,315
Colon,SW620,1032|1372|2048,SW620@2016-09-19,2016-09-19 23:00:00,2016-09-23 23:00:00,1,20076,5230,20067,350,321
Colon,SW620,1032|1372|2048,SW620@2016-10-05,2016-10-05 23:00:00,2016-10-09 23:00:00,1,20971,5230,20962,350,321
Colon,SW620,1032|1372|2048,SW620@2016-11-22,2016-11-22 00:00:00,2016-11-26 00:00:00,1,23223,5230,23214,350,321
Colon,SW620,1047|1054,SW620@2016-09-07,2016-09-07 23:00:00,2016-09-11 23:00:00,1,19593,5230,19585,350,314
Colon,SW620,1047|1054,SW620@2016-10-02,2016-10-02 23:00:00,2016-10-06 23:00:00,1,20750,5230,20742,350,314
Colon,SW620,1047|1054,SW620@2016-11-14,2016-11-14 00:00:00,2016-11-18 00:00:00,1,22881,5230,22873,350,314
Colon,SW620,1053|2171,SW620@2016-09-07,2016-09-07 23:00:00,2016-09-11 23:00:00,1,19592,5230,19585,350,313
Colon,SW620,1053|2171,SW620@2016-10-02,2016-10-02 23:00:00,2016-10-06 23:00:00,1,20749,5230,20742,350,313
Colon,SW620,1053|2171,SW620@2016-11-14,2016-11-14 00:00:00,2016-11-18 00:00:00,1,22880,5230,22873,350,313
Colon,SW620,1059|1083,SW620@2016-09-07,2016-09-07 23:00:00,2016-09-11 23:00:00,1,19590,5230,19585,350,311
Colon,SW620,1059|1083,SW620@2016-10-02,2016-10-02 23:00:00,2016-10-06 23:00:00,1,20747,5230,20742,350,311
Colon,SW620,1059|1083,SW620@2016-11-14,2016-11-14 00:00:00,2016-11-18 00:00:00,1,22878,5230,22873,350,311
Colon,SW620,1073|1089,SW620@2016-09-19,2016-09-19 23:00:00,2016-09-23 23:00:00,1,20072,5230,20067,350,317
Colon,SW620,1073|1089,SW620@2016-10-05,2016-10-05 23:00:00,2016-10-09 23:00:00,1,20967,5230,20962,350,317
Colon,SW620,1073|1089,SW620@2016-11-22,2016-11-22 00:00:00,2016-11-26 00:00:00,1,23219,5230,23214,350,317
Colon,SW620,1179|1549,SW620@2016-09-19,2016-09-19 23:00:00,2016-09-23 23:00:00,1,20073,5230,20067,350,318
Colon,SW620,1179|1549,SW620@2016-10-05,2016-10-05 23:00:00,2016-10-09 23:00:00,1,20968,5230,20962,350,318
Colon,SW620,1179|1549,SW620@2016-11-22,2016-11-22 00:00:00,2016-11-26 00:00:00,1,23220,5230,23214,350,318
Colon,SW620,1561|1564,SW620@2016-09-19,2016-09-19 23:00:00,2016-09-23 23:00:00,1,20074,5230,20067,350,319
Colon,SW620,1561|1564,SW620@2016-10-05,2016-10-05 23:00:00,2016-10-09 23:00:00,1,20969,5230,20962,350,319
Colon,SW620,1561|1564,SW620@2016-11-22,2016-11-22 00:00:00,2016-11-26 00:00:00,1,23221,5230,23214,350,319
Colon,SW620,1598|1786,SW620@2016-09-19,2016-09-19 23:00:00,2016-09-23 23:00:00,1,20075,5230,20067,350,320
Colon,SW620,1598|1786,SW620@2016-10-05,2016-10-05 23:00:00,2016-10-09 23:00:00,1,20970,5230,20962,350,320
Colon,SW620,1598|1786,SW620@2016-11-22,2016-11-22 00:00:00,2016-11-26 00:00:00,1,23222,5230,23214,350,320
Colon,SW837,1003|1032,SW837@2016-09-07,2016-09-07 23:00:00,2016-09-11 23:00:00,1,19627,5949,19626,625,309
Colon,SW837,1011|1510,SW837@2016-09-07,2016-09-07 23:00:00,2016-09-11 23:00:00,1,19630,5949,19626,625,312
Colon,SW837,1017|1373,SW837@2016-09-25,2016-09-25 23:00:00,2016-09-29 23:00:00,1,20314,5949,20312,625,316
Colon,SW837,1022|1372,SW837@2016-09-07,2016-09-07 23:00:00,2016-09-11 23:00:00,1,19628,5949,19626,625,310
Colon,SW837,1025|1194,SW837@2016-09-25,2016-09-25 23:00:00,2016-09-29 23:00:00,1,20313,5949,20312,625,315
Colon,SW837,1032|1372|2048,SW837@2016-10-05,2016-10-05 23:00:00,2016-10-09 23:00:00,1,21009,5949,21007,625,321
Colon,SW837,1047|1054,SW837@2016-09-07,2016-09-07 23:00:00,2016-09-11 23:00:00,1,19632,5949,19626,625,314
Colon,SW837,1053|2171,SW837@2016-09-07,2016-09-07 23:00:00,2016-09-11 23:00:00,1,19631,5949,19626,625,313
Colon,SW837,1059|1083,SW837@2016-09-07,2016-09-07 23:00:00,2016-09-11 23:00:00,1,19629,5949,19626,625,311
Colon,SW837,1073|1089,SW837@2016-09-25,2016-09-25 23:00:00,2016-09-29 23:00:00,1,20315,5949,20312,625,317
Colon,SW837,1179|1549,SW837@2016-09-25,2016-09-25 23:00:00,2016-09-29 23:00:00,1,20316,5949,20312,625,318
Colon,SW837,1561|1564,SW837@2016-11-10,2016-11-10 00:00:00,2016-11-14 00:00:00,3,22700|22701|22702,5949,22699,625,319
Colon,SW837,1598|1786,SW837@2016-09-25,2016-09-25 23:00:00,2016-09-29 23:00:00,1,20318,5949,20312,625,320
Colon,SW948,1003|1032,SW948@2016-10-10,2016-10-10 23:00:00,2016-10-14 23:00:00,1,21266,5570,21265,200,309
Colon,SW948,1011|1510,SW948@2016-08-10,2016-08-10 23:00:00,2016-08-14 23:00:00,1,18390,5570,18386,200,312
Colon,SW948,1017|1373,SW948@2016-10-10,2016-10-10 23:00:00,2016-10-14 23:00:00,1,21268,5570,21265,200,316
Colon,SW948,1022|1372,SW948@2016-08-10,2016-08-10 23:00:00,2016-08-14 23:00:00,1,18388,5570,18386,200,310
Colon,SW948,1025|1194,SW948@2016-11-01,2016-11-01 00:00:00,2016-11-05 00:00:00,1,22255,5570,22253,200,315
Colon,SW948,1032|1372|2048,SW948@2016-10-10,2016-10-10 23:00:00,2016-10-14 23:00:00,1,21272,5570,21265,200,321
Colon,SW948,1047|1054,SW948@2016-08-10,2016-08-10 23:00:00,2016-08-14 23:00:00,1,18392,5570,18386,200,314
Colon,SW948,1053|2171,SW948@2016-08-10,2016-08-10 23:00:00,2016-08-14 23:00:00,1,18391,5570,18386,200,313
Colon,SW948,1059|1083,SW948@2016-11-01,2016-11-01 00:00:00,2016-11-05 00:00:00,1,22254,5570,22253,200,311
Colon,SW948,1073|1089,SW948@2016-10-10,2016-10-10 23:00:00,2016-10-14 23:00:00,1,21269,5570,21265,200,317
Colon,SW948,1179|1549,SW948@2016-10-10,2016-10-10 23:00:00,2016-10-14 23:00:00,1,21270,5570,21265,200,318
Colon,SW948,1561|1564,SW948@2016-11-01,2016-11-01 00:00:00,2016-11-05 00:00:00,1,22256,5570,22253,200,319
Colon,SW948,1598|1786,SW948@2016-10-10,2016-10-10 23:00:00,2016-10-14 23:00:00,1,21271,5570,21265,200,320
Colon,T84,1003|1032,T84@2016-11-08,2016-11-08 00:00:00,2016-11-12 00:00:00,1,22646,5571,22645,625,309
Colon,T84,1011|1510,T84@2016-11-08,2016-11-08 00:00:00,2016-11-12 00:00:00,1,22649,5571,22645,625,312
Colon,T84,1017|1373,T84@2016-11-08,2016-11-08 00:00:00,2016-11-12 00:00:00,1,22653,5571,22645,625,316
Colon,T84,1022|1372,T84@2016-11-08,2016-11-08 00:00:00,2016-11-12 00:00:00,1,22647,5571,22645,625,310
Colon,T84,1025|1194,T84@2016-11-08,2016-11-08 00:00:00,2016-11-12 00:00:00,1,22652,5571,22645,625,315
Colon,T84,1032|1372|2048,T84@2016-11-08,2016-11-08 00:00:00,2016-11-12 00:00:00,1,22658,5571,22645,625,321
Colon,T84,1047|1054,T84@2016-11-08,2016-11-08 00:00:00,2016-11-12 00:00:00,1,22651,5571,22645,625,314
Colon,T84,1053|2171,T84@2016-11-08,2016-11-08 00:00:00,2016-11-12 00:00:00,1,22650,5571,22645,625,313
Colon,T84,1059|1083,T84@2016-11-08,2016-11-08 00:00:00,2016-11-12 00:00:00,1,22648,5571,22645,625,311
Colon,T84,1073|1089,T84@2016-11-08,2016-11-08 00:00:00,2016-11-12 00:00:00,1,22654,5571,22645,625,317
Colon,T84,1179|1549,T84@2016-11-08,2016-11-08 00:00:00,2016-11-12 00:00:00,1,22655,5571,22645,625,318
Colon,T84,1561|1564,T84@2016-11-08,2016-11-08 00:00:00,2016-11-12 00:00:00,1,22656,5571,22645,625,319
Colon,T84,1598|1786,T84@2016-11-08,2016-11-08 00:00:00,2016-11-12 00:00:00,1,22657,5571,22645,625,320
Pancreas,AsPC-1,1005|1011,AsPC-1@2018-04-12,2018-04-12 23:00:00,2018-04-16 23:00:00,1,38232,8674,38231,1000,482
Pancreas,AsPC-1,1017|1022,AsPC-1@2018-04-12,2018-04-12 23:00:00,2018-04-16 23:00:00,1,38233,8674,38231,1000,483
Pancreas,AsPC-1,1053|1054,AsPC-1@2018-04-12,2018-04-12 23:00:00,2018-04-16 23:00:00,1,38234,8674,38231,1000,484
Pancreas,AsPC-1,1057|1073,AsPC-1@2018-04-12,2018-04-12 23:00:00,2018-04-16 23:00:00,1,38235,8674,38231,1000,485
Pancreas,AsPC-1,1079|1080,AsPC-1@2018-04-12,2018-04-12 23:00:00,2018-04-16 23:00:00,1,38236,8674,38231,1000,486
Pancreas,AsPC-1,1083|1085,AsPC-1@2018-04-12,2018-04-12 23:00:00,2018-04-16 23:00:00,1,38237,8674,38231,1000,487
Pancreas,AsPC-1,1088|1089,AsPC-1@2018-04-09,2018-04-09 23:00:00,2018-04-13 23:00:00,1,38169,8674,38168,1000,490
Pancreas,AsPC-1,1168|1179,AsPC-1@2018-04-09,2018-04-09 23:00:00,2018-04-13 23:00:00,1,38170,8674,38168,1000,491
Pancreas,AsPC-1,1190|1372,AsPC-1@2018-04-09,2018-04-09 23:00:00,2018-04-13 23:00:00,1,38171,8674,38168,1000,492
Pancreas,AsPC-1,1507|1510,AsPC-1@2018-04-09,2018-04-09 23:00:00,2018-04-13 23:00:00,1,38172,8674,38168,1000,493
Pancreas,AsPC-1,1558|1561,AsPC-1@2018-04-09,2018-04-09 23:00:00,2018-04-13 23:00:00,1,38173,8674,38168,1000,494
Pancreas,AsPC-1,1564|1594,AsPC-1@2018-04-09,2018-04-09 23:00:00,2018-04-13 23:00:00,1,38174,8674,38168,1000,495
Pancreas,AsPC-1,1598|2265,AsPC-1@2018-04-09,2018-04-09 23:00:00,2018-04-13 23:00:00,1,38175,8674,38168,1000,496
Pancreas,BxPC-3,1005|1011,BxPC-3@2017-12-01,2017-12-01 00:00:00,2017-12-05 00:00:00,1,35935,3477,35934,625,482
Pancreas,BxPC-3,1017|1022,BxPC-3@2017-12-01,2017-12-01 00:00:00,2017-12-05 00:00:00,1,35936,3477,35934,625,483
Pancreas,BxPC-3,1053|1054,BxPC-3@2017-12-01,2017-12-01 00:00:00,2017-12-05 00:00:00,1,35937,3477,35934,625,484
Pancreas,BxPC-3,1057|1073,BxPC-3@2017-12-01,2017-12-01 00:00:00,2017-12-05 00:00:00,1,35938,3477,35934,625,485
Pancreas,BxPC-3,1079|1080,BxPC-3@2017-12-01,2017-12-01 00:00:00,2017-12-05 00:00:00,1,35939,3477,35934,625,486
Pancreas,BxPC-3,1083|1085,BxPC-3@2017-12-01,2017-12-01 00:00:00,2017-12-05 00:00:00,1,35940,3477,35934,625,487
Pancreas,BxPC-3,1088|1089,BxPC-3@2018-03-13,2018-03-13 00:00:00,2018-03-17 00:00:00,1,37839,9331,37838,625,490
Pancreas,BxPC-3,1088|1089,BxPC-3@2018-03-20,2018-03-20 00:00:00,2018-03-24 00:00:00,1,37924,9331,37923,625,490
Pancreas,BxPC-3,1168|1179,BxPC-3@2018-03-13,2018-03-13 00:00:00,2018-03-17 00:00:00,1,37840,9331,37838,625,491
Pancreas,BxPC-3,1168|1179,BxPC-3@2018-03-20,2018-03-20 00:00:00,2018-03-24 00:00:00,1,37925,9331,37923,625,491
Pancreas,BxPC-3,1190|1372,BxPC-3@2018-01-16,2018-01-16 00:00:00,2018-01-20 00:00:00,1,36558,3477,36555,625,492
Pancreas,BxPC-3,1507|1510,BxPC-3@2018-01-16,2018-01-16 00:00:00,2018-01-20 00:00:00,1,36559,3477,36555,625,493
Pancreas,BxPC-3,1558|1561,BxPC-3@2018-03-20,2018-03-20 00:00:00,2018-03-24 00:00:00,1,37926,9331,37923,625,494
Pancreas,BxPC-3,1564|1594,BxPC-3@2017-12-14,2017-12-14 00:00:00,2017-12-18 00:00:00,1,36083,3477,36077,625,495
Pancreas,BxPC-3,1598|2265,BxPC-3@2018-03-20,2018-03-20 00:00:00,2018-03-24 00:00:00,1,37927,9331,37923,625,496
Pancreas,CAPAN-1,1005|1011,CAPAN-1@2018-04-26,2018-04-26 23:00:00,2018-04-30 23:00:00,1,38632,6589,38631,625,482
Pancreas,CAPAN-1,1017|1022,CAPAN-1@2018-04-26,2018-04-26 23:00:00,2018-04-30 23:00:00,1,38633,6589,38631,625,483
Pancreas,CAPAN-1,1053|1054,CAPAN-1@2018-04-26,2018-04-26 23:00:00,2018-04-30 23:00:00,1,38634,6589,38631,625,484
Pancreas,CAPAN-1,1057|1073,CAPAN-1@2018-04-26,2018-04-26 23:00:00,2018-04-30 23:00:00,1,38635,6589,38631,625,485
Pancreas,CAPAN-1,1079|1080,CAPAN-1@2018-04-26,2018-04-26 23:00:00,2018-04-30 23:00:00,1,38636,6589,38631,625,486
Pancreas,CAPAN-1,1083|1085,CAPAN-1@2018-04-26,2018-04-26 23:00:00,2018-04-30 23:00:00,1,38637,6589,38631,625,487
Pancreas,CAPAN-1,1088|1089,CAPAN-1@2018-04-26,2018-04-26 23:00:00,2018-04-30 23:00:00,1,38638,6589,38631,625,490
Pancreas,CAPAN-1,1168|1179,CAPAN-1@2018-04-26,2018-04-26 23:00:00,2018-04-30 23:00:00,1,38639,6589,38631,625,491
Pancreas,CAPAN-1,1190|1372,CAPAN-1@2018-04-26,2018-04-26 23:00:00,2018-04-30 23:00:00,1,38640,6589,38631,625,492
Pancreas,CAPAN-1,1507|1510,CAPAN-1@2018-04-26,2018-04-26 23:00:00,2018-04-30 23:00:00,1,38641,6589,38631,625,493
Pancreas,CAPAN-1,1558|1561,CAPAN-1@2018-04-26,2018-04-26 23:00:00,2018-04-30 23:00:00,1,38642,6589,38631,625,494
Pancreas,CAPAN-1,1564|1594,CAPAN-1@2018-05-21,2018-05-21 23:00:00,2018-05-25 23:00:00,3,39366|39367|39368,6589,39365,625,495
Pancreas,CAPAN-1,1598|2265,CAPAN-1@2018-05-21,2018-05-21 23:00:00,2018-05-25 23:00:00,3,39369|39370|39371,6589,39365,625,496
Pancreas,CAPAN-2,1005|1011,CAPAN-2@2018-03-15,2018-03-15 00:00:00,2018-03-19 00:00:00,1,37886,7672,37885,1250,482
Pancreas,CAPAN-2,1017|1022,CAPAN-2@2018-04-04,2018-04-04 23:00:00,2018-04-08 23:00:00,1,38051,7672,38050,1250,483
Pancreas,CAPAN-2,1053|1054,CAPAN-2@2018-04-04,2018-04-04 23:00:00,2018-04-08 23:00:00,1,38052,7672,38050,1250,484
Pancreas,CAPAN-2,1057|1073,CAPAN-2@2018-04-04,2018-04-04 23:00:00,2018-04-08 23:00:00,1,38053,7672,38050,1250,485
Pancreas,CAPAN-2,1079|1080,CAPAN-2@2018-04-04,2018-04-04 23:00:00,2018-04-08 23:00:00,1,38054,7672,38050,1250,486
Pancreas,CAPAN-2,1083|1085,CAPAN-2@2018-03-15,2018-03-15 00:00:00,2018-03-19 00:00:00,1,37891,7672,37885,1250,487
Pancreas,CAPAN-2,1088|1089,CAPAN-2@2018-04-16,2018-04-16 23:00:00,2018-04-20 23:00:00,1,38356,7672,38355,1250,490
Pancreas,CAPAN-2,1168|1179,CAPAN-2@2018-04-23,2018-04-23 23:00:00,2018-04-27 23:00:00,1,38547,7672,38546,1250,491
Pancreas,CAPAN-2,1190|1372,CAPAN-2@2018-04-23,2018-04-23 23:00:00,2018-04-27 23:00:00,1,38548,7672,38546,1250,492
Pancreas,CAPAN-2,1507|1510,CAPAN-2@2018-04-23,2018-04-23 23:00:00,2018-04-27 23:00:00,1,38549,7672,38546,1250,493
Pancreas,CAPAN-2,1558|1561,CAPAN-2@2018-04-16,2018-04-16 23:00:00,2018-04-20 23:00:00,1,38360,7672,38355,1250,494
Pancreas,CAPAN-2,1564|1594,CAPAN-2@2018-04-16,2018-04-16 23:00:00,2018-04-20 23:00:00,1,38361,7672,38355,1250,495
Pancreas,CAPAN-2,1598|2265,CAPAN-2@2018-04-16,2018-04-16 23:00:00,2018-04-20 23:00:00,1,38362,7672,38355,1250,496
Pancreas,CFPAC-1,1005|1011,CFPAC-1@2018-04-04,2018-04-04 23:00:00,2018-04-08 23:00:00,1,38056,6631,38055,350,482
Pancreas,CFPAC-1,1017|1022,CFPAC-1@2018-04-04,2018-04-04 23:00:00,2018-04-08 23:00:00,1,38057,6631,38055,350,483
Pancreas,CFPAC-1,1053|1054,CFPAC-1@2018-04-04,2018-04-04 23:00:00,2018-04-08 23:00:00,1,38058,6631,38055,350,484
Pancreas,CFPAC-1,1057|1073,CFPAC-1@2017-12-15,2017-12-15 00:00:00,2017-12-19 00:00:00,1,36149,6631,36145,350,485
Pancreas,CFPAC-1,1079|1080,CFPAC-1@2017-12-15,2017-12-15 00:00:00,2017-12-19 00:00:00,1,36150,6631,36145,350,486
Pancreas,CFPAC-1,1083|1085,CFPAC-1@2018-04-23,2018-04-23 23:00:00,2018-04-27 23:00:00,1,38551,6631,38550,350,487
Pancreas,CFPAC-1,1088|1089,CFPAC-1@2018-05-07,2018-05-07 23:00:00,2018-05-11 23:00:00,1,38822,6631,38810,350,490
Pancreas,CFPAC-1,1168|1179,CFPAC-1@2018-04-16,2018-04-16 23:00:00,2018-04-20 23:00:00,1,38365,6631,38363,350,491
Pancreas,CFPAC-1,1190|1372,CFPAC-1@2018-04-16,2018-04-16 23:00:00,2018-04-20 23:00:00,1,38366,6631,38363,350,492
Pancreas,CFPAC-1,1507|1510,CFPAC-1@2018-04-09,2018-04-09 23:00:00,2018-04-13 23:00:00,1,38180,6631,38176,350,493
Pancreas,CFPAC-1,1558|1561,CFPAC-1@2018-04-09,2018-04-09 23:00:00,2018-04-13 23:00:00,1,38181,6631,38176,350,494
Pancreas,CFPAC-1,1564|1594,CFPAC-1@2018-04-09,2018-04-09 23:00:00,2018-04-13 23:00:00,1,38182,6631,38176,350,495
Pancreas,CFPAC-1,1598|2265,CFPAC-1@2018-04-23,2018-04-23 23:00:00,2018-04-27 23:00:00,1,38553,6631,38550,350,496
Pancreas,DAN-G,1005|1011,DAN-G@2017-12-01,2017-12-01 00:00:00,2017-12-05 00:00:00,1,35914,2636,35913,300,482
Pancreas,DAN-G,1017|1022,DAN-G@2017-12-01,2017-12-01 00:00:00,2017-12-05 00:00:00,1,35915,2636,35913,300,483
Pancreas,DAN-G,1053|1054,DAN-G@2017-12-01,2017-12-01 00:00:00,2017-12-05 00:00:00,1,35916,2636,35913,300,484
Pancreas,DAN-G,1057|1073,DAN-G@2017-12-01,2017-12-01 00:00:00,2017-12-05 00:00:00,1,35917,2636,35913,300,485
Pancreas,DAN-G,1079|1080,DAN-G@2017-12-01,2017-12-01 00:00:00,2017-12-05 00:00:00,1,35918,2636,35913,300,486
Pancreas,DAN-G,1083|1085,DAN-G@2017-12-01,2017-12-01 00:00:00,2017-12-05 00:00:00,1,35919,2636,35913,300,487
Pancreas,DAN-G,1088|1089,DAN-G@2017-12-14,2017-12-14 00:00:00,2017-12-18 00:00:00,1,36086,2636,36085,300,490
Pancreas,DAN-G,1168|1179,DAN-G@2018-01-26,2018-01-26 00:00:00,2018-01-30 00:00:00,1,36966,2636,36965,300,491
Pancreas,DAN-G,1168|1179,DAN-G@2018-03-13,2018-03-13 00:00:00,2018-03-17 00:00:00,1,37844,2636,37843,300,491
Pancreas,DAN-G,1168|1179,DAN-G@2018-03-20,2018-03-20 00:00:00,2018-03-24 00:00:00,1,37937,2636,37936,300,491
Pancreas,DAN-G,1190|1372,DAN-G@2018-01-26,2018-01-26 00:00:00,2018-01-30 00:00:00,1,36967,2636,36965,300,492
Pancreas,DAN-G,1190|1372,DAN-G@2018-03-20,2018-03-20 00:00:00,2018-03-24 00:00:00,1,37938,2636,37936,300,492
Pancreas,DAN-G,1507|1510,DAN-G@2017-12-14,2017-12-14 00:00:00,2017-12-18 00:00:00,1,36089,2636,36085,300,493
Pancreas,DAN-G,1558|1561,DAN-G@2018-01-26,2018-01-26 00:00:00,2018-01-30 00:00:00,1,36968,2636,36965,300,494
Pancreas,DAN-G,1558|1561,DAN-G@2018-03-20,2018-03-20 00:00:00,2018-03-24 00:00:00,1,37939,2636,37936,300,494
Pancreas,DAN-G,1564|1594,DAN-G@2018-01-26,2018-01-26 00:00:00,2018-01-30 00:00:00,1,36969,2636,36965,300,495
Pancreas,DAN-G,1564|1594,DAN-G@2018-03-20,2018-03-20 00:00:00,2018-03-24 00:00:00,1,37940,2636,37936,300,495
Pancreas,DAN-G,1598|2265,DAN-G@2018-03-13,2018-03-13 00:00:00,2018-03-17 00:00:00,1,37884,2636,37843,300,496
Pancreas,DAN-G,1598|2265,DAN-G@2018-03-20,2018-03-20 00:00:00,2018-03-24 00:00:00,1,37941,2636,37936,300,496
Pancreas,HPAC,1005|1011,HPAC@2018-04-15,2018-04-15 23:00:00,2018-04-19 23:00:00,1,38327,10123,38326,325,482
Pancreas,HPAC,1017|1022,HPAC@2018-04-15,2018-04-15 23:00:00,2018-04-19 23:00:00,1,38328,10123,38326,325,483
Pancreas,HPAC,1053|1054,HPAC@2018-04-15,2018-04-15 23:00:00,2018-04-19 23:00:00,1,38329,10123,38326,325,484
Pancreas,HPAC,1057|1073,HPAC@2018-04-15,2018-04-15 23:00:00,2018-04-19 23:00:00,1,38330,10123,38326,325,485
Pancreas,HPAC,1079|1080,HPAC@2018-04-23,2018-04-23 23:00:00,2018-04-27 23:00:00,1,38555,10123,38554,325,486
Pancreas,HPAC,1083|1085,HPAC@2018-04-23,2018-04-23 23:00:00,2018-04-27 23:00:00,1,38556,10123,38554,325,487
Pancreas,HPAC,1088|1089,HPAC@2018-05-21,2018-05-21 23:00:00,2018-05-25 23:00:00,3,39373|39374|39375,10123,39372,325,490
Pancreas,HPAC,1168|1179,HPAC@2018-05-13,2018-05-13 23:00:00,2018-05-17 23:00:00,2,39089|39090,10123,,325,491
Pancreas,HPAC,1190|1372,HPAC@2018-05-21,2018-05-21 23:00:00,2018-05-25 23:00:00,3,39376|39377|39378,10123,39372,325,492
Pancreas,HPAC,1507|1510,HPAC@2018-05-21,2018-05-21 23:00:00,2018-05-25 23:00:00,3,39379|39380|39381,10123,39372,325,493
Pancreas,HPAC,1558|1561,HPAC@2018-05-21,2018-05-21 23:00:00,2018-05-25 23:00:00,3,39382|39383|39384,10123,39372,325,494
Pancreas,HPAC,1564|1594,HPAC@2018-04-12,2018-04-12 23:00:00,2018-04-16 23:00:00,1,38249,10123,38243,325,495
Pancreas,HPAC,1598|2265,HPAC@2018-04-12,2018-04-12 23:00:00,2018-04-16 23:00:00,1,38250,10123,38243,325,496
Pancreas,Hs-766T,1005|1011,Hs-766T@2017-11-03,2017-11-03 00:00:00,2017-11-07 00:00:00,1,34831,2879,34830,325,482
Pancreas,Hs-766T,1005|1011,Hs-766T@2017-11-17,2017-11-17 00:00:00,2017-11-21 00:00:00,1,35343,2879,35342,325,482
Pancreas,Hs-766T,1017|1022,Hs-766T@2017-11-03,2017-11-03 00:00:00,2017-11-07 00:00:00,1,34832,2879,34830,325,483
Pancreas,Hs-766T,1053|1054,Hs-766T@2017-11-17,2017-11-17 00:00:00,2017-11-21 00:00:00,1,35345,2879,35342,325,484
Pancreas,Hs-766T,1057|1073,Hs-766T@2017-11-17,2017-11-17 00:00:00,2017-11-21 00:00:00,1,35346,2879,35342,325,485
Pancreas,Hs-766T,1079|1080,Hs-766T@2017-11-17,2017-11-17 00:00:00,2017-11-21 00:00:00,1,35347,2879,35342,325,486
Pancreas,Hs-766T,1083|1085,Hs-766T@2018-04-16,2018-04-16 23:00:00,2018-04-20 23:00:00,1,38369,2879,38368,325,487
Pancreas,Hs-766T,1088|1089,Hs-766T@2018-04-16,2018-04-16 23:00:00,2018-04-20 23:00:00,1,38370,2879,38368,325,490
Pancreas,Hs-766T,1168|1179,Hs-766T@2018-04-16,2018-04-16 23:00:00,2018-04-20 23:00:00,1,38371,2879,38368,325,491
Pancreas,Hs-766T,1190|1372,Hs-766T@2018-04-16,2018-04-16 23:00:00,2018-04-20 23:00:00,1,38372,2879,38368,325,492
Pancreas,Hs-766T,1507|1510,Hs-766T@2018-04-16,2018-04-16 23:00:00,2018-04-20 23:00:00,1,38373,2879,38368,325,493
Pancreas,Hs-766T,1558|1561,Hs-766T@2017-11-06,2017-11-06 00:00:00,2017-11-10 00:00:00,1,34890,2879,34885,325,494
Pancreas,Hs-766T,1564|1594,Hs-766T@2017-11-23,2017-11-23 00:00:00,2017-11-27 00:00:00,1,35558,2879,,325,495
Pancreas,Hs-766T,1598|2265,Hs-766T@2018-04-23,2018-04-23 23:00:00,2018-04-27 23:00:00,2,38558|38559,2879,38557,325,496
Pancreas,HuP-T3,1005|1011,HuP-T3@2017-12-01,2017-12-01 00:00:00,2017-12-05 00:00:00,1,35907,7529,35906,625,482
Pancreas,HuP-T3,1017|1022,HuP-T3@2018-03-22,2018-03-22 00:00:00,2018-03-25 23:00:00,1,37969,7529,37968,625,483
Pancreas,HuP-T3,1053|1054,HuP-T3@2018-04-04,2018-04-04 23:00:00,2018-04-08 23:00:00,1,38065,7529,38064,625,484
Pancreas,HuP-T3,1057|1073,HuP-T3@2018-03-22,2018-03-22 00:00:00,2018-03-25 23:00:00,1,37971,7529,37968,625,485
Pancreas,HuP-T3,1079|1080,HuP-T3@2018-04-04,2018-04-04 23:00:00,2018-04-08 23:00:00,1,38066,7529,38064,625,486
Pancreas,HuP-T3,1083|1085,HuP-T3@2018-03-22,2018-03-22 00:00:00,2018-03-25 23:00:00,1,37973,7529,37968,625,487
Pancreas,HuP-T3,1088|1089,HuP-T3@2018-01-26,2018-01-26 00:00:00,2018-01-30 00:00:00,1,36974,7529,36973,625,490
Pancreas,HuP-T3,1168|1179,HuP-T3@2018-01-26,2018-01-26 00:00:00,2018-01-30 00:00:00,1,36975,7529,36973,625,491
Pancreas,HuP-T3,1190|1372,HuP-T3@2018-01-26,2018-01-26 00:00:00,2018-01-30 00:00:00,1,36976,7529,36973,625,492
Pancreas,HuP-T3,1507|1510,HuP-T3@2018-04-09,2018-04-09 23:00:00,2018-04-13 23:00:00,1,38188,7529,38187,625,493
Pancreas,HuP-T3,1558|1561,HuP-T3@2018-04-09,2018-04-09 23:00:00,2018-04-13 23:00:00,1,38189,7529,38187,625,494
Pancreas,HuP-T3,1564|1594,HuP-T3@2018-04-16,2018-04-16 23:00:00,2018-04-20 23:00:00,1,38376,7529,,625,495
Pancreas,HuP-T3,1598|2265,HuP-T3@2018-04-16,2018-04-16 23:00:00,2018-04-20 23:00:00,1,38377,7529,,625,496
Pancreas,HuP-T4,1005|1011,HuP-T4@2018-04-26,2018-04-26 23:00:00,2018-04-30 23:00:00,1,38646,7740,38645,850,482
Pancreas,HuP-T4,1017|1022,HuP-T4@2018-04-26,2018-04-26 23:00:00,2018-04-30 23:00:00,1,38647,7740,38645,850,483
Pancreas,HuP-T4,1053|1054,HuP-T4@2018-04-26,2018-04-26 23:00:00,2018-04-30 23:00:00,1,38648,7740,38645,850,484
Pancreas,HuP-T4,1057|1073,HuP-T4@2018-04-26,2018-04-26 23:00:00,2018-04-30 23:00:00,1,38649,7740,38645,850,485
Pancreas,HuP-T4,1079|1080,HuP-T4@2018-04-26,2018-04-26 23:00:00,2018-04-30 23:00:00,1,38650,7740,38645,850,486
Pancreas,HuP-T4,1083|1085,HuP-T4@2018-04-26,2018-04-26 23:00:00,2018-04-30 23:00:00,1,38651,7740,38645,850,487
Pancreas,HuP-T4,1088|1089,HuP-T4@2018-04-18,2018-04-18 23:00:00,2018-04-22 23:00:00,1,38390,7740,,850,490
Pancreas,HuP-T4,1168|1179,HuP-T4@2018-04-18,2018-04-18 23:00:00,2018-04-22 23:00:00,1,38391,7740,,850,491
Pancreas,HuP-T4,1190|1372,HuP-T4@2018-04-18,2018-04-18 23:00:00,2018-04-22 23:00:00,1,38392,7740,,850,492
Pancreas,HuP-T4,1507|1510,HuP-T4@2018-04-18,2018-04-18 23:00:00,2018-04-22 23:00:00,1,38393,7740,,850,493
Pancreas,HuP-T4,1558|1561,HuP-T4@2018-04-18,2018-04-18 23:00:00,2018-04-22 23:00:00,1,38394,7740,,850,494
Pancreas,HuP-T4,1564|1594,HuP-T4@2018-04-18,2018-04-18 23:00:00,2018-04-22 23:00:00,1,38395,7740,,850,495
Pancreas,HuP-T4,1598|2265,HuP-T4@2018-04-18,2018-04-18 23:00:00,2018-04-22 23:00:00,1,38396,7740,,850,496
Pancreas,KP-1N,1005|1011,KP-1N@2018-04-05,2018-04-05 23:00:00,2018-04-09 23:00:00,1,38086,3058,,250,482
Pancreas,KP-1N,1005|1011,KP-1N@2018-04-15,2018-04-15 23:00:00,2018-04-19 23:00:00,3,38282|38283|38284,10092,38281,250,482
Pancreas,KP-1N,1005|1011,KP-1N@2018-04-22,2018-04-22 23:00:00,2018-04-26 23:00:00,3,38488|38489|38490,10092,,250,482
Pancreas,KP-1N,1005|1011,KP-1N@2018-05-07,2018-05-07 23:00:00,2018-05-11 23:00:00,3,38766|38767|38768,3058,38765,250,482
Pancreas,KP-1N,1017|1022,KP-1N@2018-04-05,2018-04-05 23:00:00,2018-04-09 23:00:00,1,38087,3058,,250,483
Pancreas,KP-1N,1017|1022,KP-1N@2018-04-22,2018-04-22 23:00:00,2018-04-26 23:00:00,1,38491,10092,,250,483
Pancreas,KP-1N,1017|1022,KP-1N@2018-05-07,2018-05-07 23:00:00,2018-05-11 23:00:00,1,38769,3058,38765,250,483
Pancreas,KP-1N,1053|1054,KP-1N@2018-04-05,2018-04-05 23:00:00,2018-04-09 23:00:00,1,38088,3058,,250,484
Pancreas,KP-1N,1053|1054,KP-1N@2018-04-15,2018-04-15 23:00:00,2018-04-19 23:00:00,1,38286,10092,38281,250,484
Pancreas,KP-1N,1053|1054,KP-1N@2018-04-22,2018-04-22 23:00:00,2018-04-26 23:00:00,1,38492,10092,,250,484
Pancreas,KP-1N,1053|1054,KP-1N@2018-05-07,2018-05-07 23:00:00,2018-05-11 23:00:00,1,38770,3058,38765,250,484
Pancreas,KP-1N,1057|1073,KP-1N@2018-04-05,2018-04-05 23:00:00,2018-04-09 23:00:00,1,38089,3058,,250,485
Pancreas,KP-1N,1057|1073,KP-1N@2018-04-15,2018-04-15 23:00:00,2018-04-19 23:00:00,1,38287,10092,38281,250,485
Pancreas,KP-1N,1057|1073,KP-1N@2018-04-22,2018-04-22 23:00:00,2018-04-26 23:00:00,1,38493,10092,,250,485
Pancreas,KP-1N,1057|1073,KP-1N@2018-05-07,2018-05-07 23:00:00,2018-05-11 23:00:00,1,38771,3058,38765,250,485
Pancreas,KP-1N,1079|1080,KP-1N@2018-04-05,2018-04-05 23:00:00,2018-04-09 23:00:00,1,38090,3058,,250,486
Pancreas,KP-1N,1079|1080,KP-1N@2018-04-15,2018-04-15 23:00:00,2018-04-19 23:00:00,1,38288,10092,38281,250,486
Pancreas,KP-1N,1079|1080,KP-1N@2018-04-22,2018-04-22 23:00:00,2018-04-26 23:00:00,1,38494,10092,,250,486
Pancreas,KP-1N,1079|1080,KP-1N@2018-05-07,2018-05-07 23:00:00,2018-05-11 23:00:00,1,38772,3058,38765,250,486
Pancreas,KP-1N,1083|1085,KP-1N@2018-04-05,2018-04-05 23:00:00,2018-04-09 23:00:00,1,38091,3058,,250,487
Pancreas,KP-1N,1083|1085,KP-1N@2018-04-15,2018-04-15 23:00:00,2018-04-19 23:00:00,1,38289,10092,38281,250,487
Pancreas,KP-1N,1083|1085,KP-1N@2018-04-22,2018-04-22 23:00:00,2018-04-26 23:00:00,1,38495,10092,,250,487
Pancreas,KP-1N,1083|1085,KP-1N@2018-05-07,2018-05-07 23:00:00,2018-05-11 23:00:00,1,38773,3058,38765,250,487
Pancreas,KP-1N,1088|1089,KP-1N@2018-04-09,2018-04-09 23:00:00,2018-04-13 23:00:00,1,38193,3058,38192,250,490
Pancreas,KP-1N,1088|1089,KP-1N@2018-04-19,2018-04-19 23:00:00,2018-04-23 23:00:00,2,38430|38477,10092,38429,250,490
Pancreas,KP-1N,1088|1089,KP-1N@2018-04-25,2018-04-25 23:00:00,2018-04-29 23:00:00,3,38582|38583|38584,3058,38581,250,490
Pancreas,KP-1N,1088|1089,KP-1N@2018-05-13,2018-05-13 23:00:00,2018-05-17 23:00:00,3,39037|39038|39039,3058,39036,250,490
Pancreas,KP-1N,1168|1179,KP-1N@2018-04-09,2018-04-09 23:00:00,2018-04-13 23:00:00,1,38194,3058,38192,250,491
Pancreas,KP-1N,1168|1179,KP-1N@2018-04-19,2018-04-19 23:00:00,2018-04-23 23:00:00,1,38431,10092,38429,250,491
Pancreas,KP-1N,1168|1179,KP-1N@2018-05-13,2018-05-13 23:00:00,2018-05-17 23:00:00,1,39040,3058,39036,250,491
Pancreas,KP-1N,1190|1372,KP-1N@2018-04-09,2018-04-09 23:00:00,2018-04-13 23:00:00,1,38195,3058,38192,250,492
Pancreas,KP-1N,1190|1372,KP-1N@2018-04-19,2018-04-19 23:00:00,2018-04-23 23:00:00,1,38432,10092,38429,250,492
Pancreas,KP-1N,1190|1372,KP-1N@2018-04-25,2018-04-25 23:00:00,2018-04-29 23:00:00,1,38586,3058,38581,250,492
Pancreas,KP-1N,1507|1510,KP-1N@2018-04-25,2018-04-25 23:00:00,2018-04-29 23:00:00,1,38587,3058,38581,250,493
Pancreas,KP-1N,1507|1510,KP-1N@2018-05-13,2018-05-13 23:00:00,2018-05-17 23:00:00,1,39042,3058,39036,250,493
Pancreas,KP-1N,1558|1561,KP-1N@2018-04-19,2018-04-19 23:00:00,2018-04-23 23:00:00,1,38434,10092,38429,250,494
Pancreas,KP-1N,1558|1561,KP-1N@2018-04-25,2018-04-25 23:00:00,2018-04-29 23:00:00,1,38588,3058,38581,250,494
Pancreas,KP-1N,1558|1561,KP-1N@2018-05-13,2018-05-13 23:00:00,2018-05-17 23:00:00,1,39043,3058,39036,250,494
Pancreas,KP-1N,1564|1594,KP-1N@2018-04-19,2018-04-19 23:00:00,2018-04-23 23:00:00,1,38435,10092,38429,250,495
Pancreas,KP-1N,1564|1594,KP-1N@2018-04-25,2018-04-25 23:00:00,2018-04-29 23:00:00,1,38589,3058,38581,250,495
Pancreas,KP-1N,1564|1594,KP-1N@2018-05-13,2018-05-13 23:00:00,2018-05-17 23:00:00,1,39044,3058,39036,250,495
Pancreas,KP-1N,1598|2265,KP-1N@2018-04-09,2018-04-09 23:00:00,2018-04-13 23:00:00,1,38199,3058,38192,250,496
Pancreas,KP-1N,1598|2265,KP-1N@2018-04-19,2018-04-19 23:00:00,2018-04-23 23:00:00,1,38436,10092,38429,250,496
Pancreas,KP-1N,1598|2265,KP-1N@2018-04-25,2018-04-25 23:00:00,2018-04-29 23:00:00,1,38590,3058,38581,250,496
Pancreas,KP-1N,1598|2265,KP-1N@2018-05-13,2018-05-13 23:00:00,2018-05-17 23:00:00,1,39045,3058,39036,250,496
Pancreas,KP-2,1005|1011,KP-2@2018-04-15,2018-04-15 23:00:00,2018-04-19 23:00:00,1,38275,7772,38274,400,482
Pancreas,KP-2,1017|1022,KP-2@2018-04-15,2018-04-15 23:00:00,2018-04-19 23:00:00,1,38276,7772,38274,400,483
Pancreas,KP-2,1053|1054,KP-2@2018-04-15,2018-04-15 23:00:00,2018-04-19 23:00:00,1,38277,7772,38274,400,484
Pancreas,KP-2,1057|1073,KP-2@2018-04-15,2018-04-15 23:00:00,2018-04-19 23:00:00,1,38278,7772,38274,400,485
Pancreas,KP-2,1079|1080,KP-2@2018-04-15,2018-04-15 23:00:00,2018-04-19 23:00:00,1,38279,7772,38274,400,486
Pancreas,KP-2,1083|1085,KP-2@2018-04-15,2018-04-15 23:00:00,2018-04-19 23:00:00,1,38280,7772,38274,400,487
Pancreas,KP-2,1088|1089,KP-2@2018-05-07,2018-05-07 23:00:00,2018-05-11 23:00:00,3,38814|38815|38823,7772,38813,400,490
Pancreas,KP-2,1168|1179,KP-2@2018-04-23,2018-04-23 23:00:00,2018-04-27 23:00:00,1,38562,7772,38560,400,491
Pancreas,KP-2,1190|1372,KP-2@2018-04-23,2018-04-23 23:00:00,2018-04-27 23:00:00,1,38563,7772,38560,400,492
Pancreas,KP-2,1507|1510,KP-2@2018-04-23,2018-04-23 23:00:00,2018-04-27 23:00:00,1,38564,7772,38560,400,493
Pancreas,KP-2,1558|1561,KP-2@2018-04-23,2018-04-23 23:00:00,2018-04-27 23:00:00,1,38565,7772,38560,400,494
Pancreas,KP-2,1564|1594,KP-2@2018-04-23,2018-04-23 23:00:00,2018-04-27 23:00:00,1,38566,7772,38560,400,495
Pancreas,KP-2,1598|2265,KP-2@2018-04-23,2018-04-23 23:00:00,2018-04-27 23:00:00,1,38567,7772,38560,400,496
Pancreas,KP-3,1005|1011,KP-3@2018-04-26,2018-04-26 23:00:00,2018-04-30 23:00:00,1,38653,3061,38652,625,482
Pancreas,KP-3,1017|1022,KP-3@2018-04-26,2018-04-26 23:00:00,2018-04-30 23:00:00,1,38654,3061,38652,625,483
Pancreas,KP-3,1053|1054,KP-3@2018-04-26,2018-04-26 23:00:00,2018-04-30 23:00:00,1,38655,3061,38652,625,484
Pancreas,KP-3,1057|1073,KP-3@2018-04-26,2018-04-26 23:00:00,2018-04-30 23:00:00,1,38656,3061,38652,625,485
Pancreas,KP-3,1079|1080,KP-3@2018-04-26,2018-04-26 23:00:00,2018-04-30 23:00:00,1,38657,3061,38652,625,486
Pancreas,KP-3,1083|1085,KP-3@2018-04-26,2018-04-26 23:00:00,2018-04-30 23:00:00,1,38658,3061,38652,625,487
Pancreas,KP-3,1088|1089,KP-3@2018-04-26,2018-04-26 23:00:00,2018-04-30 23:00:00,1,38659,3061,38652,625,490
Pancreas,KP-3,1168|1179,KP-3@2018-04-26,2018-04-26 23:00:00,2018-04-30 23:00:00,1,38660,3061,38652,625,491
Pancreas,KP-3,1190|1372,KP-3@2018-04-26,2018-04-26 23:00:00,2018-04-30 23:00:00,1,38661,3061,38652,625,492
Pancreas,KP-3,1507|1510,KP-3@2018-04-26,2018-04-26 23:00:00,2018-04-30 23:00:00,1,38662,3061,38652,625,493
Pancreas,KP-3,1558|1561,KP-3@2018-04-18,2018-04-18 23:00:00,2018-04-22 23:00:00,1,38410,3061,,625,494
Pancreas,KP-3,1564|1594,KP-3@2018-04-18,2018-04-18 23:00:00,2018-04-22 23:00:00,1,38411,3061,,625,495
Pancreas,KP-3,1598|2265,KP-3@2018-04-26,2018-04-26 23:00:00,2018-04-30 23:00:00,1,38663,3061,38652,625,496
Pancreas,KP-4,1005|1011,KP-4@2017-12-01,2017-12-01 00:00:00,2017-12-05 00:00:00,1,35928,3063,35927,400,482
Pancreas,KP-4,1005|1011,KP-4@2018-04-15,2018-04-15 23:00:00,2018-04-19 23:00:00,2,38292|38293,3063,38290,400,482
Pancreas,KP-4,1005|1011,KP-4@2018-04-22,2018-04-22 23:00:00,2018-04-26 23:00:00,3,38497|38498|38499,3063,38496,400,482
Pancreas,KP-4,1005|1011,KP-4@2018-05-07,2018-05-07 23:00:00,2018-05-11 23:00:00,3,38775|38776|38777,3063,38774,400,482
Pancreas,KP-4,1017|1022,KP-4@2017-12-01,2017-12-01 00:00:00,2017-12-05 00:00:00,1,35929,3063,35927,400,483
Pancreas,KP-4,1017|1022,KP-4@2018-04-15,2018-04-15 23:00:00,2018-04-19 23:00:00,1,38294,3063,38290,400,483
Pancreas,KP-4,1017|1022,KP-4@2018-04-22,2018-04-22 23:00:00,2018-04-26 23:00:00,1,38500,3063,38496,400,483
Pancreas,KP-4,1017|1022,KP-4@2018-05-07,2018-05-07 23:00:00,2018-05-11 23:00:00,1,38778,3063,38774,400,483
Pancreas,KP-4,1053|1054,KP-4@2018-04-04,2018-04-04 23:00:00,2018-04-08 23:00:00,2,38068|38075,3063,38067,400,484
Pancreas,KP-4,1053|1054,KP-4@2018-04-22,2018-04-22 23:00:00,2018-04-26 23:00:00,1,38501,3063,38496,400,484
Pancreas,KP-4,1053|1054,KP-4@2018-05-07,2018-05-07 23:00:00,2018-05-11 23:00:00,1,38779,3063,38774,400,484
Pancreas,KP-4,1057|1073,KP-4@2017-12-01,2017-12-01 00:00:00,2017-12-05 00:00:00,1,35931,3063,35927,400,485
Pancreas,KP-4,1057|1073,KP-4@2018-04-15,2018-04-15 23:00:00,2018-04-19 23:00:00,1,38296,3063,38290,400,485
Pancreas,KP-4,1057|1073,KP-4@2018-04-22,2018-04-22 23:00:00,2018-04-26 23:00:00,1,38502,3063,38496,400,485
Pancreas,KP-4,1057|1073,KP-4@2018-05-07,2018-05-07 23:00:00,2018-05-11 23:00:00,1,38780,3063,38774,400,485
Pancreas,KP-4,1079|1080,KP-4@2017-12-01,2017-12-01 00:00:00,2017-12-05 00:00:00,1,35932,3063,35927,400,486
Pancreas,KP-4,1079|1080,KP-4@2018-04-15,2018-04-15 23:00:00,2018-04-19 23:00:00,1,38297,3063,38290,400,486
Pancreas,KP-4,1079|1080,KP-4@2018-05-07,2018-05-07 23:00:00,2018-05-11 23:00:00,1,38781,3063,38774,400,486
Pancreas,KP-4,1083|1085,KP-4@2018-01-16,2018-01-16 00:00:00,2018-01-20 00:00:00,1,36564,3063,36563,400,487
Pancreas,KP-4,1083|1085,KP-4@2018-04-15,2018-04-15 23:00:00,2018-04-19 23:00:00,1,38298,3063,38290,400,487
Pancreas,KP-4,1083|1085,KP-4@2018-04-22,2018-04-22 23:00:00,2018-04-26 23:00:00,1,38504,3063,38496,400,487
Pancreas,KP-4,1088|1089,KP-4@2018-01-16,2018-01-16 00:00:00,2018-01-20 00:00:00,1,36565,3063,36563,400,490
Pancreas,KP-4,1088|1089,KP-4@2018-04-19,2018-04-19 23:00:00,2018-04-23 23:00:00,3,38438|38478|38479,3063,38437,400,490
Pancreas,KP-4,1088|1089,KP-4@2018-04-25,2018-04-25 23:00:00,2018-04-29 23:00:00,3,38592|38593|38594,3063,38591,400,490
Pancreas,KP-4,1088|1089,KP-4@2018-05-13,2018-05-13 23:00:00,2018-05-17 23:00:00,3,39047|39048|39049,3063,39046,400,490
Pancreas,KP-4,1168|1179,KP-4@2018-01-16,2018-01-16 00:00:00,2018-01-20 00:00:00,1,36566,3063,36563,400,491
Pancreas,KP-4,1168|1179,KP-4@2018-04-19,2018-04-19 23:00:00,2018-04-23 23:00:00,1,38439,3063,38437,400,491
Pancreas,KP-4,1168|1179,KP-4@2018-04-25,2018-04-25 23:00:00,2018-04-29 23:00:00,1,38595,3063,38591,400,491
Pancreas,KP-4,1168|1179,KP-4@2018-05-13,2018-05-13 23:00:00,2018-05-17 23:00:00,1,39050,3063,39046,400,491
Pancreas,KP-4,1190|1372,KP-4@2018-04-09,2018-04-09 23:00:00,2018-04-13 23:00:00,1,38201,3063,38200,400,492
Pancreas,KP-4,1190|1372,KP-4@2018-04-19,2018-04-19 23:00:00,2018-04-23 23:00:00,1,38440,3063,38437,400,492
Pancreas,KP-4,1190|1372,KP-4@2018-04-25,2018-04-25 23:00:00,2018-04-29 23:00:00,1,38596,3063,38591,400,492
Pancreas,KP-4,1190|1372,KP-4@2018-05-13,2018-05-13 23:00:00,2018-05-17 23:00:00,1,39051,3063,39046,400,492
Pancreas,KP-4,1507|1510,KP-4@2018-04-09,2018-04-09 23:00:00,2018-04-13 23:00:00,1,38202,3063,38200,400,493
Pancreas,KP-4,1507|1510,KP-4@2018-04-19,2018-04-19 23:00:00,2018-04-23 23:00:00,1,38441,3063,38437,400,493
Pancreas,KP-4,1507|1510,KP-4@2018-04-25,2018-04-25 23:00:00,2018-04-29 23:00:00,1,38597,3063,38591,400,493
Pancreas,KP-4,1507|1510,KP-4@2018-05-13,2018-05-13 23:00:00,2018-05-17 23:00:00,1,39052,3063,39046,400,493
Pancreas,KP-4,1558|1561,KP-4@2018-04-09,2018-04-09 23:00:00,2018-04-13 23:00:00,1,38203,3063,38200,400,494
Pancreas,KP-4,1558|1561,KP-4@2018-04-19,2018-04-19 23:00:00,2018-04-23 23:00:00,1,38442,3063,38437,400,494
Pancreas,KP-4,1558|1561,KP-4@2018-04-25,2018-04-25 23:00:00,2018-04-29 23:00:00,1,38598,3063,38591,400,494
Pancreas,KP-4,1558|1561,KP-4@2018-05-13,2018-05-13 23:00:00,2018-05-17 23:00:00,1,39053,3063,39046,400,494
Pancreas,KP-4,1564|1594,KP-4@2018-04-09,2018-04-09 23:00:00,2018-04-13 23:00:00,1,38204,3063,38200,400,495
Pancreas,KP-4,1564|1594,KP-4@2018-04-19,2018-04-19 23:00:00,2018-04-23 23:00:00,1,38443,3063,38437,400,495
Pancreas,KP-4,1564|1594,KP-4@2018-04-25,2018-04-25 23:00:00,2018-04-29 23:00:00,1,38599,3063,38591,400,495
Pancreas,KP-4,1564|1594,KP-4@2018-05-13,2018-05-13 23:00:00,2018-05-17 23:00:00,1,39054,3063,39046,400,495
Pancreas,KP-4,1598|2265,KP-4@2018-04-09,2018-04-09 23:00:00,2018-04-13 23:00:00,1,38205,3063,38200,400,496
Pancreas,KP-4,1598|2265,KP-4@2018-04-19,2018-04-19 23:00:00,2018-04-23 23:00:00,1,38444,3063,38437,400,496
Pancreas,KP-4,1598|2265,KP-4@2018-04-25,2018-04-25 23:00:00,2018-04-29 23:00:00,1,38600,3063,38591,400,496
Pancreas,KP-4,1598|2265,KP-4@2018-05-13,2018-05-13 23:00:00,2018-05-17 23:00:00,1,39055,3063,39046,400,496
Pancreas,MIA-PaCa-2,1005|1011,MIA-PaCa-2@2017-11-17,2017-11-17 00:00:00,2017-11-21 00:00:00,1,35315,6929,35314,300,482
Pancreas,MIA-PaCa-2,1017|1022,MIA-PaCa-2@2017-11-17,2017-11-17 00:00:00,2017-11-21 00:00:00,1,35316,6929,35314,300,483
Pancreas,MIA-PaCa-2,1053|1054,MIA-PaCa-2@2017-11-17,2017-11-17 00:00:00,2017-11-21 00:00:00,1,35317,6929,35314,300,484
Pancreas,MIA-PaCa-2,1057|1073,MIA-PaCa-2@2017-11-17,2017-11-17 00:00:00,2017-11-21 00:00:00,1,35318,6929,35314,300,485
Pancreas,MIA-PaCa-2,1079|1080,MIA-PaCa-2@2017-11-17,2017-11-17 00:00:00,2017-11-21 00:00:00,1,35319,6929,35314,300,486
Pancreas,MIA-PaCa-2,1083|1085,MIA-PaCa-2@2017-11-17,2017-11-17 00:00:00,2017-11-21 00:00:00,1,35320,6929,35314,300,487
Pancreas,MIA-PaCa-2,1088|1089,MIA-PaCa-2@2017-11-23,2017-11-23 00:00:00,2017-11-27 00:00:00,1,35521,6929,,300,490
Pancreas,MIA-PaCa-2,1168|1179,MIA-PaCa-2@2017-11-23,2017-11-23 00:00:00,2017-11-27 00:00:00,1,35522,6929,,300,491
Pancreas,MIA-PaCa-2,1190|1372,MIA-PaCa-2@2017-11-23,2017-11-23 00:00:00,2017-11-27 00:00:00,1,35523,6929,,300,492
Pancreas,MIA-PaCa-2,1507|1510,MIA-PaCa-2@2018-03-20,2018-03-20 00:00:00,2018-03-24 00:00:00,1,37945,6929,37944,300,493
Pancreas,MIA-PaCa-2,1558|1561,MIA-PaCa-2@2017-11-23,2017-11-23 00:00:00,2017-11-27 00:00:00,1,35525,6929,,300,494
Pancreas,MIA-PaCa-2,1564|1594,MIA-PaCa-2@2018-03-20,2018-03-20 00:00:00,2018-03-24 00:00:00,1,37946,6929,37944,300,495
Pancreas,MIA-PaCa-2,1598|2265,MIA-PaCa-2@2017-11-23,2017-11-23 00:00:00,2017-11-27 00:00:00,1,35527,6929,,300,496
Pancreas,MZ1-PC,1005|1011,MZ1-PC@2018-03-15,2018-03-15 00:00:00,2018-03-19 00:00:00,1,37899,2467,37898,625,482
Pancreas,MZ1-PC,1005|1011,MZ1-PC@2018-04-15,2018-04-15 23:00:00,2018-04-19 23:00:00,3,38300|38301|38302,2467,38299,625,482
Pancreas,MZ1-PC,1005|1011,MZ1-PC@2018-04-22,2018-04-22 23:00:00,2018-04-26 23:00:00,2,38506|38507,2467,38505,625,482
Pancreas,MZ1-PC,1005|1011,MZ1-PC@2018-05-07,2018-05-07 23:00:00,2018-05-11 23:00:00,3,38784|38785|38786,2467,38783,625,482
Pancreas,MZ1-PC,1017|1022,MZ1-PC@2018-03-15,2018-03-15 00:00:00,2018-03-19 00:00:00,1,37900,2467,37898,625,483
Pancreas,MZ1-PC,1017|1022,MZ1-PC@2018-03-22,2018-03-22 00:00:00,2018-03-25 23:00:00,1,37976,2467,37974,625,483
Pancreas,MZ1-PC,1017|1022,MZ1-PC@2018-04-15,2018-04-15 23:00:00,2018-04-19 23:00:00,1,38303,2467,38299,625,483
Pancreas,MZ1-PC,1017|1022,MZ1-PC@2018-04-22,2018-04-22 23:00:00,2018-04-26 23:00:00,1,38509,2467,38505,625,483
Pancreas,MZ1-PC,1053|1054,MZ1-PC@2018-03-15,2018-03-15 00:00:00,2018-03-19 00:00:00,1,37901,2467,37898,625,484
Pancreas,MZ1-PC,1053|1054,MZ1-PC@2018-03-22,2018-03-22 00:00:00,2018-03-25 23:00:00,1,37977,2467,37974,625,484
Pancreas,MZ1-PC,1053|1054,MZ1-PC@2018-04-15,2018-04-15 23:00:00,2018-04-19 23:00:00,1,38304,2467,38299,625,484
Pancreas,MZ1-PC,1053|1054,MZ1-PC@2018-04-22,2018-04-22 23:00:00,2018-04-26 23:00:00,1,38510,2467,38505,625,484
Pancreas,MZ1-PC,1057|1073,MZ1-PC@2018-04-04,2018-04-04 23:00:00,2018-04-08 23:00:00,2,38070|38076,2467,38069,625,485
Pancreas,MZ1-PC,1057|1073,MZ1-PC@2018-04-15,2018-04-15 23:00:00,2018-04-19 23:00:00,1,38305,2467,38299,625,485
Pancreas,MZ1-PC,1057|1073,MZ1-PC@2018-04-22,2018-04-22 23:00:00,2018-04-26 23:00:00,1,38511,2467,38505,625,485
Pancreas,MZ1-PC,1079|1080,MZ1-PC@2018-03-15,2018-03-15 00:00:00,2018-03-19 00:00:00,1,37903,2467,37898,625,486
Pancreas,MZ1-PC,1079|1080,MZ1-PC@2018-04-15,2018-04-15 23:00:00,2018-04-19 23:00:00,1,38306,2467,38299,625,486
Pancreas,MZ1-PC,1079|1080,MZ1-PC@2018-04-22,2018-04-22 23:00:00,2018-04-26 23:00:00,1,38512,2467,38505,625,486
Pancreas,MZ1-PC,1079|1080,MZ1-PC@2018-05-07,2018-05-07 23:00:00,2018-05-11 23:00:00,1,38790,2467,38783,625,486
Pancreas,MZ1-PC,1083|1085,MZ1-PC@2018-03-22,2018-03-22 00:00:00,2018-03-25 23:00:00,1,37980,2467,37974,625,487
Pancreas,MZ1-PC,1083|1085,MZ1-PC@2018-04-15,2018-04-15 23:00:00,2018-04-19 23:00:00,1,38307,2467,38299,625,487
Pancreas,MZ1-PC,1083|1085,MZ1-PC@2018-04-22,2018-04-22 23:00:00,2018-04-26 23:00:00,1,38513,2467,38505,625,487
Pancreas,MZ1-PC,1083|1085,MZ1-PC@2018-05-07,2018-05-07 23:00:00,2018-05-11 23:00:00,1,38791,2467,38783,625,487
Pancreas,MZ1-PC,1088|1089,MZ1-PC@2018-03-20,2018-03-20 00:00:00,2018-03-24 00:00:00,1,37929,2467,37928,625,490
Pancreas,MZ1-PC,1088|1089,MZ1-PC@2018-04-19,2018-04-19 23:00:00,2018-04-23 23:00:00,3,38446|38480|38481,2467,38445,625,490
Pancreas,MZ1-PC,1088|1089,MZ1-PC@2018-04-25,2018-04-25 23:00:00,2018-04-29 23:00:00,3,38602|38603|38604,2467,38601,625,490
Pancreas,MZ1-PC,1088|1089,MZ1-PC@2018-05-13,2018-05-13 23:00:00,2018-05-17 23:00:00,1,39057,2467,39056,625,490
Pancreas,MZ1-PC,1168|1179,MZ1-PC@2018-03-20,2018-03-20 00:00:00,2018-03-24 00:00:00,1,37930,2467,37928,625,491
Pancreas,MZ1-PC,1168|1179,MZ1-PC@2018-04-19,2018-04-19 23:00:00,2018-04-23 23:00:00,1,38447,2467,38445,625,491
Pancreas,MZ1-PC,1168|1179,MZ1-PC@2018-04-25,2018-04-25 23:00:00,2018-04-29 23:00:00,1,38605,2467,38601,625,491
Pancreas,MZ1-PC,1168|1179,MZ1-PC@2018-05-13,2018-05-13 23:00:00,2018-05-17 23:00:00,1,39060,2467,39056,625,491
Pancreas,MZ1-PC,1190|1372,MZ1-PC@2018-04-19,2018-04-19 23:00:00,2018-04-23 23:00:00,1,38448,2467,38445,625,492
Pancreas,MZ1-PC,1190|1372,MZ1-PC@2018-04-25,2018-04-25 23:00:00,2018-04-29 23:00:00,1,38606,2467,38601,625,492
Pancreas,MZ1-PC,1507|1510,MZ1-PC@2018-03-20,2018-03-20 00:00:00,2018-03-24 00:00:00,1,37932,2467,37928,625,493
Pancreas,MZ1-PC,1507|1510,MZ1-PC@2018-04-19,2018-04-19 23:00:00,2018-04-23 23:00:00,1,38449,2467,38445,625,493
Pancreas,MZ1-PC,1507|1510,MZ1-PC@2018-04-25,2018-04-25 23:00:00,2018-04-29 23:00:00,1,38607,2467,38601,625,493
Pancreas,MZ1-PC,1558|1561,MZ1-PC@2018-03-20,2018-03-20 00:00:00,2018-03-24 00:00:00,1,37933,2467,37928,625,494
Pancreas,MZ1-PC,1558|1561,MZ1-PC@2018-04-19,2018-04-19 23:00:00,2018-04-23 23:00:00,1,38450,2467,38445,625,494
Pancreas,MZ1-PC,1558|1561,MZ1-PC@2018-04-25,2018-04-25 23:00:00,2018-04-29 23:00:00,1,38608,2467,38601,625,494
Pancreas,MZ1-PC,1558|1561,MZ1-PC@2018-05-13,2018-05-13 23:00:00,2018-05-17 23:00:00,1,39063,2467,39056,625,494
Pancreas,MZ1-PC,1564|1594,MZ1-PC@2018-01-16,2018-01-16 00:00:00,2018-01-20 00:00:00,1,36537,2467,36531,625,495
Pancreas,MZ1-PC,1564|1594,MZ1-PC@2018-03-20,2018-03-20 00:00:00,2018-03-24 00:00:00,1,37934,2467,37928,625,495
Pancreas,MZ1-PC,1564|1594,MZ1-PC@2018-04-19,2018-04-19 23:00:00,2018-04-23 23:00:00,1,38451,2467,38445,625,495
Pancreas,MZ1-PC,1564|1594,MZ1-PC@2018-04-25,2018-04-25 23:00:00,2018-04-29 23:00:00,1,38609,2467,38601,625,495
Pancreas,MZ1-PC,1564|1594,MZ1-PC@2018-05-13,2018-05-13 23:00:00,2018-05-17 23:00:00,1,39064,2467,39056,625,495
Pancreas,MZ1-PC,1598|2265,MZ1-PC@2018-01-16,2018-01-16 00:00:00,2018-01-20 00:00:00,1,36538,2467,36531,625,496
Pancreas,MZ1-PC,1598|2265,MZ1-PC@2018-03-20,2018-03-20 00:00:00,2018-03-24 00:00:00,1,37935,2467,37928,625,496
Pancreas,MZ1-PC,1598|2265,MZ1-PC@2018-04-19,2018-04-19 23:00:00,2018-04-23 23:00:00,1,38452,2467,38445,625,496
Pancreas,MZ1-PC,1598|2265,MZ1-PC@2018-04-25,2018-04-25 23:00:00,2018-04-29 23:00:00,1,38610,2467,38601,625,496
Pancreas,MZ1-PC,1598|2265,MZ1-PC@2018-05-13,2018-05-13 23:00:00,2018-05-17 23:00:00,1,39065,2467,39056,625,496
Pancreas,PA-TU-8902,1005|1011,PA-TU-8902@2017-11-17,2017-11-17 00:00:00,2017-11-21 00:00:00,1,35357,8736,35356,300,482
Pancreas,PA-TU-8902,1017|1022,PA-TU-8902@2017-11-17,2017-11-17 00:00:00,2017-11-21 00:00:00,1,35358,8736,35356,300,483
Pancreas,PA-TU-8902,1053|1054,PA-TU-8902@2017-11-17,2017-11-17 00:00:00,2017-11-21 00:00:00,1,35359,8736,35356,300,484
Pancreas,PA-TU-8902,1057|1073,PA-TU-8902@2017-11-17,2017-11-17 00:00:00,2017-11-21 00:00:00,1,35360,8736,35356,300,485
Pancreas,PA-TU-8902,1079|1080,PA-TU-8902@2017-11-17,2017-11-17 00:00:00,2017-11-21 00:00:00,1,35361,8736,35356,300,486
Pancreas,PA-TU-8902,1083|1085,PA-TU-8902@2017-11-17,2017-11-17 00:00:00,2017-11-21 00:00:00,1,35362,8736,35356,300,487
Pancreas,PA-TU-8902,1088|1089,PA-TU-8902@2017-11-23,2017-11-23 00:00:00,2017-11-27 00:00:00,1,35569,8736,,300,490
Pancreas,PA-TU-8902,1168|1179,PA-TU-8902@2017-11-23,2017-11-23 00:00:00,2017-11-27 00:00:00,1,35570,8736,,300,491
Pancreas,PA-TU-8902,1190|1372,PA-TU-8902@2017-11-23,2017-11-23 00:00:00,2017-11-27 00:00:00,1,35571,8736,,300,492
Pancreas,PA-TU-8902,1507|1510,PA-TU-8902@2017-11-23,2017-11-23 00:00:00,2017-11-27 00:00:00,1,35572,8736,,300,493
Pancreas,PA-TU-8902,1558|1561,PA-TU-8902@2017-11-23,2017-11-23 00:00:00,2017-11-27 00:00:00,1,35573,8736,,300,494
Pancreas,PA-TU-8902,1564|1594,PA-TU-8902@2017-11-23,2017-11-23 00:00:00,2017-11-27 00:00:00,1,35574,8736,,300,495
Pancreas,PA-TU-8902,1564|1594,PA-TU-8902@2018-03-20,2018-03-20 00:00:00,2018-03-24 00:00:00,1,37943,8736,37942,300,495
Pancreas,PA-TU-8902,1598|2265,PA-TU-8902@2018-03-13,2018-03-13 00:00:00,2018-03-17 00:00:00,1,37862,8736,37861,300,496
Pancreas,PA-TU-8988T,1005|1011,PA-TU-8988T@2018-04-05,2018-04-05 23:00:00,2018-04-09 23:00:00,1,38100,8732,,250,482
Pancreas,PA-TU-8988T,1005|1011,PA-TU-8988T@2018-04-15,2018-04-15 23:00:00,2018-04-19 23:00:00,3,38309|38310|38311,8732,38308,250,482
Pancreas,PA-TU-8988T,1005|1011,PA-TU-8988T@2018-04-22,2018-04-22 23:00:00,2018-04-26 23:00:00,3,38515|38516|38517,8732,38514,250,482
Pancreas,PA-TU-8988T,1005|1011,PA-TU-8988T@2018-05-07,2018-05-07 23:00:00,2018-05-11 23:00:00,3,38793|38794|38795,8732,38792,250,482
Pancreas,PA-TU-8988T,1017|1022,PA-TU-8988T@2018-04-05,2018-04-05 23:00:00,2018-04-09 23:00:00,1,38101,8732,,250,483
Pancreas,PA-TU-8988T,1017|1022,PA-TU-8988T@2018-04-15,2018-04-15 23:00:00,2018-04-19 23:00:00,1,38312,8732,38308,250,483
Pancreas,PA-TU-8988T,1017|1022,PA-TU-8988T@2018-05-07,2018-05-07 23:00:00,2018-05-11 23:00:00,1,38796,8732,38792,250,483
Pancreas,PA-TU-8988T,1053|1054,PA-TU-8988T@2018-04-05,2018-04-05 23:00:00,2018-04-09 23:00:00,1,38102,8732,,250,484
Pancreas,PA-TU-8988T,1053|1054,PA-TU-8988T@2018-04-15,2018-04-15 23:00:00,2018-04-19 23:00:00,1,38313,8732,38308,250,484
Pancreas,PA-TU-8988T,1053|1054,PA-TU-8988T@2018-04-22,2018-04-22 23:00:00,2018-04-26 23:00:00,1,38519,8732,38514,250,484
Pancreas,PA-TU-8988T,1053|1054,PA-TU-8988T@2018-05-07,2018-05-07 23:00:00,2018-05-11 23:00:00,1,38797,8732,38792,250,484
Pancreas,PA-TU-8988T,1057|1073,PA-TU-8988T@2018-04-05,2018-04-05 23:00:00,2018-04-09 23:00:00,1,38103,8732,,250,485
Pancreas,PA-TU-8988T,1057|1073,PA-TU-8988T@2018-04-15,2018-04-15 23:00:00,2018-04-19 23:00:00,1,38314,8732,38308,250,485
Pancreas,PA-TU-8988T,1057|1073,PA-TU-8988T@2018-04-22,2018-04-22 23:00:00,2018-04-26 23:00:00,1,38520,8732,38514,250,485
Pancreas,PA-TU-8988T,1057|1073,PA-TU-8988T@2018-05-07,2018-05-07 23:00:00,2018-05-11 23:00:00,1,38798,8732,38792,250,485
Pancreas,PA-TU-8988T,1079|1080,PA-TU-8988T@2018-04-05,2018-04-05 23:00:00,2018-04-09 23:00:00,1,38104,8732,,250,486
Pancreas,PA-TU-8988T,1079|1080,PA-TU-8988T@2018-04-15,2018-04-15 23:00:00,2018-04-19 23:00:00,1,38315,8732,38308,250,486
Pancreas,PA-TU-8988T,1079|1080,PA-TU-8988T@2018-04-22,2018-04-22 23:00:00,2018-04-26 23:00:00,1,38521,8732,38514,250,486
Pancreas,PA-TU-8988T,1079|1080,PA-TU-8988T@2018-05-07,2018-05-07 23:00:00,2018-05-11 23:00:00,1,38799,8732,38792,250,486
Pancreas,PA-TU-8988T,1083|1085,PA-TU-8988T@2018-04-15,2018-04-15 23:00:00,2018-04-19 23:00:00,1,38316,8732,38308,250,487
Pancreas,PA-TU-8988T,1083|1085,PA-TU-8988T@2018-05-07,2018-05-07 23:00:00,2018-05-11 23:00:00,1,38800,8732,38792,250,487
Pancreas,PA-TU-8988T,1088,PA-TU-8988T@2018-04-19,2018-04-19 23:00:00,2018-04-23 23:00:00,1,38483,8732,38453,250,490
Pancreas,PA-TU-8988T,1088|1089,PA-TU-8988T@2018-04-09,2018-04-09 23:00:00,2018-04-13 23:00:00,1,38218,8732,38217,250,490
Pancreas,PA-TU-8988T,1088|1089,PA-TU-8988T@2018-04-19,2018-04-19 23:00:00,2018-04-23 23:00:00,2,38454|38482,8732,38453,250,490
Pancreas,PA-TU-8988T,1088|1089,PA-TU-8988T@2018-04-25,2018-04-25 23:00:00,2018-04-29 23:00:00,2,38612|38613,8732,38611,250,490
Pancreas,PA-TU-8988T,1088|1089,PA-TU-8988T@2018-05-13,2018-05-13 23:00:00,2018-05-17 23:00:00,3,39067|39068|39069,8732,39066,250,490
Pancreas,PA-TU-8988T,1168|1179,PA-TU-8988T@2018-04-09,2018-04-09 23:00:00,2018-04-13 23:00:00,1,38219,8732,38217,250,491
Pancreas,PA-TU-8988T,1168|1179,PA-TU-8988T@2018-04-19,2018-04-19 23:00:00,2018-04-23 23:00:00,1,38455,8732,38453,250,491
Pancreas,PA-TU-8988T,1168|1179,PA-TU-8988T@2018-04-25,2018-04-25 23:00:00,2018-04-29 23:00:00,1,38615,8732,38611,250,491
Pancreas,PA-TU-8988T,1190|1372,PA-TU-8988T@2018-04-09,2018-04-09 23:00:00,2018-04-13 23:00:00,1,38220,8732,38217,250,492
Pancreas,PA-TU-8988T,1190|1372,PA-TU-8988T@2018-04-19,2018-04-19 23:00:00,2018-04-23 23:00:00,1,38456,8732,38453,250,492
Pancreas,PA-TU-8988T,1190|1372,PA-TU-8988T@2018-04-25,2018-04-25 23:00:00,2018-04-29 23:00:00,1,38616,8732,38611,250,492
Pancreas,PA-TU-8988T,1190|1372,PA-TU-8988T@2018-05-13,2018-05-13 23:00:00,2018-05-17 23:00:00,1,39071,8732,39066,250,492
Pancreas,PA-TU-8988T,1507|1510,PA-TU-8988T@2018-04-09,2018-04-09 23:00:00,2018-04-13 23:00:00,1,38221,8732,38217,250,493
Pancreas,PA-TU-8988T,1507|1510,PA-TU-8988T@2018-04-19,2018-04-19 23:00:00,2018-04-23 23:00:00,1,38457,8732,38453,250,493
Pancreas,PA-TU-8988T,1507|1510,PA-TU-8988T@2018-04-25,2018-04-25 23:00:00,2018-04-29 23:00:00,1,38617,8732,38611,250,493
Pancreas,PA-TU-8988T,1507|1510,PA-TU-8988T@2018-05-13,2018-05-13 23:00:00,2018-05-17 23:00:00,1,39072,8732,39066,250,493
Pancreas,PA-TU-8988T,1558|1561,PA-TU-8988T@2018-04-09,2018-04-09 23:00:00,2018-04-13 23:00:00,1,38222,8732,38217,250,494
Pancreas,PA-TU-8988T,1558|1561,PA-TU-8988T@2018-04-19,2018-04-19 23:00:00,2018-04-23 23:00:00,1,38458,8732,38453,250,494
Pancreas,PA-TU-8988T,1558|1561,PA-TU-8988T@2018-04-25,2018-04-25 23:00:00,2018-04-29 23:00:00,1,38618,8732,38611,250,494
Pancreas,PA-TU-8988T,1558|1561,PA-TU-8988T@2018-05-13,2018-05-13 23:00:00,2018-05-17 23:00:00,1,39073,8732,39066,250,494
Pancreas,PA-TU-8988T,1564|1594,PA-TU-8988T@2018-04-09,2018-04-09 23:00:00,2018-04-13 23:00:00,1,38223,8732,38217,250,495
Pancreas,PA-TU-8988T,1564|1594,PA-TU-8988T@2018-04-19,2018-04-19 23:00:00,2018-04-23 23:00:00,1,38459,8732,38453,250,495
Pancreas,PA-TU-8988T,1564|1594,PA-TU-8988T@2018-04-25,2018-04-25 23:00:00,2018-04-29 23:00:00,1,38619,8732,38611,250,495
Pancreas,PA-TU-8988T,1564|1594,PA-TU-8988T@2018-05-13,2018-05-13 23:00:00,2018-05-17 23:00:00,1,39074,8732,39066,250,495
Pancreas,PA-TU-8988T,1598|2265,PA-TU-8988T@2018-04-25,2018-04-25 23:00:00,2018-04-29 23:00:00,1,38620,8732,38611,250,496
Pancreas,PA-TU-8988T,1598|2265,PA-TU-8988T@2018-05-13,2018-05-13 23:00:00,2018-05-17 23:00:00,1,39075,8732,39066,250,496
Pancreas,PANC-02-03,1005|1011,PANC-02-03@2017-11-03,2017-11-03 00:00:00,2017-11-07 00:00:00,1,34789,3479,34788,300,482
Pancreas,PANC-02-03,1017|1022,PANC-02-03@2017-11-03,2017-11-03 00:00:00,2017-11-07 00:00:00,1,34790,3479,34788,300,483
Pancreas,PANC-02-03,1053|1054,PANC-02-03@2017-11-03,2017-11-03 00:00:00,2017-11-07 00:00:00,1,34791,3479,34788,300,484
Pancreas,PANC-02-03,1057|1073,PANC-02-03@2017-11-03,2017-11-03 00:00:00,2017-11-07 00:00:00,1,34792,3479,34788,300,485
Pancreas,PANC-02-03,1079|1080,PANC-02-03@2018-04-26,2018-04-26 23:00:00,2018-04-30 23:00:00,1,38665,3479,38664,300,486
Pancreas,PANC-02-03,1083|1085,PANC-02-03@2018-04-26,2018-04-26 23:00:00,2018-04-30 23:00:00,1,38666,3479,38664,300,487
Pancreas,PANC-02-03,1088|1089,PANC-02-03@2018-04-26,2018-04-26 23:00:00,2018-04-30 23:00:00,1,38667,3479,38664,300,490
Pancreas,PANC-02-03,1168|1179,PANC-02-03@2018-04-26,2018-04-26 23:00:00,2018-04-30 23:00:00,1,38668,3479,38664,300,491
Pancreas,PANC-02-03,1190|1372,PANC-02-03@2018-04-26,2018-04-26 23:00:00,2018-04-30 23:00:00,1,38669,3479,38664,300,492
Pancreas,PANC-02-03,1507|1510,PANC-02-03@2018-04-26,2018-04-26 23:00:00,2018-04-30 23:00:00,1,38670,3479,38664,300,493
Pancreas,PANC-02-03,1558|1561,PANC-02-03@2018-04-26,2018-04-26 23:00:00,2018-04-30 23:00:00,1,38671,3479,38664,300,494
Pancreas,PANC-02-03,1564|1594,PANC-02-03@2018-04-26,2018-04-26 23:00:00,2018-04-30 23:00:00,1,38672,3479,38664,300,495
Pancreas,PANC-02-03,1598|2265,PANC-02-03@2018-05-14,2018-05-14 23:00:00,2018-05-18 23:00:00,3,39159|39160|39161,3479,39158,300,496
Pancreas,PANC-03-27,1005|1011,PANC-03-27@2018-05-07,2018-05-07 23:00:00,2018-05-11 23:00:00,3,38820|38821|38825,4580,38819,900,482
Pancreas,PANC-03-27,1017|1022,PANC-03-27@2018-04-26,2018-04-26 23:00:00,2018-04-30 23:00:00,1,38676,4580,38674,900,483
Pancreas,PANC-03-27,1053|1054,PANC-03-27@2018-04-26,2018-04-26 23:00:00,2018-04-30 23:00:00,1,38677,4580,38674,900,484
Pancreas,PANC-03-27,1057|1073,PANC-03-27@2018-04-26,2018-04-26 23:00:00,2018-04-30 23:00:00,1,38678,4580,38674,900,485
Pancreas,PANC-03-27,1079|1080,PANC-03-27@2018-04-26,2018-04-26 23:00:00,2018-04-30 23:00:00,1,38679,4580,38674,900,486
Pancreas,PANC-03-27,1083|1085,PANC-03-27@2018-04-26,2018-04-26 23:00:00,2018-04-30 23:00:00,1,38680,4580,38674,900,487
Pancreas,PANC-03-27,1088|1089,PANC-03-27@2018-04-26,2018-04-26 23:00:00,2018-04-30 23:00:00,1,38681,4580,38674,900,490
Pancreas,PANC-03-27,1168|1179,PANC-03-27@2018-04-26,2018-04-26 23:00:00,2018-04-30 23:00:00,1,38682,4580,38674,900,491
Pancreas,PANC-03-27,1190|1372,PANC-03-27@2018-04-26,2018-04-26 23:00:00,2018-04-30 23:00:00,1,38683,4580,38674,900,492
Pancreas,PANC-03-27,1507|1510,PANC-03-27@2018-04-26,2018-04-26 23:00:00,2018-04-30 23:00:00,1,38684,4580,38674,900,493
Pancreas,PANC-03-27,1558|1561,PANC-03-27@2018-04-26,2018-04-26 23:00:00,2018-04-30 23:00:00,1,38685,4580,38674,900,494
Pancreas,PANC-03-27,1564|1594,PANC-03-27@2018-04-26,2018-04-26 23:00:00,2018-04-30 23:00:00,1,38686,4580,38674,900,495
Pancreas,PANC-03-27,1598|2265,PANC-03-27@2018-04-26,2018-04-26 23:00:00,2018-04-30 23:00:00,1,38687,4580,38674,900,496
Pancreas,PANC-04-03,1005|1011,PANC-04-03@2017-11-03,2017-11-03 00:00:00,2017-11-07 00:00:00,1,34803,3482,34802,625,482
Pancreas,PANC-04-03,1005|1011,PANC-04-03@2017-11-17,2017-11-17 00:00:00,2017-11-21 00:00:00,1,35336,3482,35335,625,482
Pancreas,PANC-04-03,1017|1022,PANC-04-03@2017-11-03,2017-11-03 00:00:00,2017-11-07 00:00:00,1,34804,3482,34802,625,483
Pancreas,PANC-04-03,1017|1022,PANC-04-03@2017-11-17,2017-11-17 00:00:00,2017-11-21 00:00:00,1,35337,3482,35335,625,483
Pancreas,PANC-04-03,1053|1054,PANC-04-03@2017-11-03,2017-11-03 00:00:00,2017-11-07 00:00:00,1,34805,3482,34802,625,484
Pancreas,PANC-04-03,1053|1054,PANC-04-03@2017-11-17,2017-11-17 00:00:00,2017-11-21 00:00:00,1,35338,3482,35335,625,484
Pancreas,PANC-04-03,1057|1073,PANC-04-03@2017-11-03,2017-11-03 00:00:00,2017-11-07 00:00:00,1,34806,3482,34802,625,485
Pancreas,PANC-04-03,1057|1073,PANC-04-03@2017-11-17,2017-11-17 00:00:00,2017-11-21 00:00:00,1,35339,3482,35335,625,485
Pancreas,PANC-04-03,1079|1080,PANC-04-03@2017-11-03,2017-11-03 00:00:00,2017-11-07 00:00:00,1,34807,3482,34802,625,486
Pancreas,PANC-04-03,1079|1080,PANC-04-03@2017-11-17,2017-11-17 00:00:00,2017-11-21 00:00:00,1,35340,3482,35335,625,486
Pancreas,PANC-04-03,1083|1085,PANC-04-03@2017-11-03,2017-11-03 00:00:00,2017-11-07 00:00:00,1,34808,3482,34802,625,487
Pancreas,PANC-04-03,1083|1085,PANC-04-03@2017-11-17,2017-11-17 00:00:00,2017-11-21 00:00:00,1,35341,3482,35335,625,487
Pancreas,PANC-04-03,1088|1089,PANC-04-03@2018-03-20,2018-03-20 00:00:00,2018-03-24 00:00:00,1,37948,3482,37947,625,490
Pancreas,PANC-04-03,1168|1179,PANC-04-03@2018-03-20,2018-03-20 00:00:00,2018-03-24 00:00:00,1,37949,3482,37947,625,491
Pancreas,PANC-04-03,1190|1372,PANC-04-03@2018-03-20,2018-03-20 00:00:00,2018-03-24 00:00:00,1,37950,3482,37947,625,492
Pancreas,PANC-04-03,1507|1510,PANC-04-03@2018-03-20,2018-03-20 00:00:00,2018-03-24 00:00:00,1,37951,3482,37947,625,493
Pancreas,PANC-04-03,1558|1561,PANC-04-03@2018-03-13,2018-03-13 00:00:00,2018-03-17 00:00:00,1,37859,3482,37854,625,494
Pancreas,PANC-04-03,1558|1561,PANC-04-03@2018-03-20,2018-03-20 00:00:00,2018-03-24 00:00:00,1,37952,3482,37947,625,494
Pancreas,PANC-04-03,1564|1594,PANC-04-03@2018-03-20,2018-03-20 00:00:00,2018-03-24 00:00:00,1,37953,3482,37947,625,495
Pancreas,PANC-04-03,1598|2265,PANC-04-03@2017-11-06,2017-11-06 00:00:00,2017-11-10 00:00:00,1,34852,3482,34845,625,496
Pancreas,PANC-08-13,1005|1011,PANC-08-13@2018-04-22,2018-04-22 23:00:00,2018-04-26 23:00:00,1,38533,8649,,1250,482
Pancreas,PANC-08-13,1017|1022,PANC-08-13@2018-04-22,2018-04-22 23:00:00,2018-04-26 23:00:00,1,38534,8649,,1250,483
Pancreas,PANC-08-13,1053|1054,PANC-08-13@2018-04-22,2018-04-22 23:00:00,2018-04-26 23:00:00,1,38535,8649,,1250,484
Pancreas,PANC-08-13,1057|1073,PANC-08-13@2018-04-22,2018-04-22 23:00:00,2018-04-26 23:00:00,1,38536,8649,,1250,485
Pancreas,PANC-08-13,1079|1080,PANC-08-13@2018-04-22,2018-04-22 23:00:00,2018-04-26 23:00:00,1,38537,8649,,1250,486
Pancreas,PANC-08-13,1083|1085,PANC-08-13@2018-04-22,2018-04-22 23:00:00,2018-04-26 23:00:00,1,38538,8649,,1250,487
Pancreas,PANC-08-13,1088|1089,PANC-08-13@2018-04-16,2018-04-16 23:00:00,2018-04-20 23:00:00,1,38379,8649,38378,1250,490
Pancreas,PANC-08-13,1168|1179,PANC-08-13@2018-04-16,2018-04-16 23:00:00,2018-04-20 23:00:00,1,38380,8649,38378,1250,491
Pancreas,PANC-08-13,1190|1372,PANC-08-13@2018-04-16,2018-04-16 23:00:00,2018-04-20 23:00:00,1,38381,8649,38378,1250,492
Pancreas,PANC-08-13,1507|1510,PANC-08-13@2018-04-16,2018-04-16 23:00:00,2018-04-20 23:00:00,1,38382,8649,38378,1250,493
Pancreas,PANC-08-13,1558|1561,PANC-08-13@2018-04-16,2018-04-16 23:00:00,2018-04-20 23:00:00,1,38383,8649,38378,1250,494
Pancreas,PANC-08-13,1564|1594,PANC-08-13@2018-04-16,2018-04-16 23:00:00,2018-04-20 23:00:00,1,38384,8649,38378,1250,495
Pancreas,PANC-08-13,1598|2265,PANC-08-13@2018-04-16,2018-04-16 23:00:00,2018-04-20 23:00:00,1,38385,8649,38378,1250,496
Pancreas,PANC-10-05,1005|1011,PANC-10-05@2017-11-03,2017-11-03 00:00:00,2017-11-07 00:00:00,1,34796,3484,34795,400,482
Pancreas,PANC-10-05,1017|1022,PANC-10-05@2017-11-03,2017-11-03 00:00:00,2017-11-07 00:00:00,1,34797,3484,34795,400,483
Pancreas,PANC-10-05,1053|1054,PANC-10-05@2017-12-15,2017-12-15 00:00:00,2017-12-19 00:00:00,1,36163,3484,36162,400,484
Pancreas,PANC-10-05,1057|1073,PANC-10-05@2017-11-03,2017-11-03 00:00:00,2017-11-07 00:00:00,1,34799,3484,34795,400,485
Pancreas,PANC-10-05,1057|1073,PANC-10-05@2017-11-17,2017-11-17 00:00:00,2017-11-21 00:00:00,1,35332,3484,35328,400,485
Pancreas,PANC-10-05,1079|1080,PANC-10-05@2017-11-03,2017-11-03 00:00:00,2017-11-07 00:00:00,1,34800,3484,34795,400,486
Pancreas,PANC-10-05,1083|1085,PANC-10-05@2017-11-03,2017-11-03 00:00:00,2017-11-07 00:00:00,1,34801,3484,34795,400,487
Pancreas,PANC-10-05,1083|1085,PANC-10-05@2017-11-17,2017-11-17 00:00:00,2017-11-21 00:00:00,1,35334,3484,35328,400,487
Pancreas,PANC-10-05,1088|1089,PANC-10-05@2017-11-06,2017-11-06 00:00:00,2017-11-10 00:00:00,1,34854,3484,34853,400,490
Pancreas,PANC-10-05,1088|1089,PANC-10-05@2017-11-23,2017-11-23 00:00:00,2017-11-27 00:00:00,1,35537,3484,,400,490
Pancreas,PANC-10-05,1168|1179,PANC-10-05@2017-11-06,2017-11-06 00:00:00,2017-11-10 00:00:00,1,34855,3484,34853,400,491
Pancreas,PANC-10-05,1168|1179,PANC-10-05@2017-11-23,2017-11-23 00:00:00,2017-11-27 00:00:00,1,35538,3484,,400,491
Pancreas,PANC-10-05,1190|1372,PANC-10-05@2017-11-06,2017-11-06 00:00:00,2017-11-10 00:00:00,1,34856,3484,34853,400,492
Pancreas,PANC-10-05,1190|1372,PANC-10-05@2017-11-23,2017-11-23 00:00:00,2017-11-27 00:00:00,1,35539,3484,,400,492
Pancreas,PANC-10-05,1507|1510,PANC-10-05@2017-11-06,2017-11-06 00:00:00,2017-11-10 00:00:00,1,34857,3484,34853,400,493
Pancreas,PANC-10-05,1507|1510,PANC-10-05@2017-11-23,2017-11-23 00:00:00,2017-11-27 00:00:00,1,35540,3484,,400,493
Pancreas,PANC-10-05,1558|1561,PANC-10-05@2017-11-06,2017-11-06 00:00:00,2017-11-10 00:00:00,1,34858,3484,34853,400,494
Pancreas,PANC-10-05,1558|1561,PANC-10-05@2017-11-23,2017-11-23 00:00:00,2017-11-27 00:00:00,1,35541,3484,,400,494
Pancreas,PANC-10-05,1564|1594,PANC-10-05@2017-11-06,2017-11-06 00:00:00,2017-11-10 00:00:00,1,34859,3484,34853,400,495
Pancreas,PANC-10-05,1598|2265,PANC-10-05@2017-11-06,2017-11-06 00:00:00,2017-11-10 00:00:00,1,34860,3484,34853,400,496
Pancreas,PL4,1005|1011,PL4@2018-04-05,2018-04-05 23:00:00,2018-04-09 23:00:00,1,38107,2006,,150,482
Pancreas,PL4,1083|1085,PL4@2018-04-05,2018-04-05 23:00:00,2018-04-09 23:00:00,1,38112,2006,,150,487
Pancreas,PL4,1088|1089,PL4@2018-05-21,2018-05-21 23:00:00,2018-05-25 23:00:00,3,39386|39387|39388,2006,39385,150,490
Pancreas,PL4,1168|1179,PL4@2018-04-18,2018-04-18 23:00:00,2018-04-22 23:00:00,1,38415,2006,,150,491
Pancreas,PL4,1190|1372,PL4@2018-04-18,2018-04-18 23:00:00,2018-04-22 23:00:00,1,38416,2006,,150,492
Pancreas,PL4,1507|1510,PL4@2018-04-18,2018-04-18 23:00:00,2018-04-22 23:00:00,1,38417,2006,,150,493
Pancreas,PL4,1558|1561,PL4@2018-04-18,2018-04-18 23:00:00,2018-04-22 23:00:00,1,38418,2006,,150,494
Pancreas,PL4,1564|1594,PL4@2018-04-18,2018-04-18 23:00:00,2018-04-22 23:00:00,1,38419,2006,,150,495
Pancreas,PL4,1598|2265,PL4@2018-04-18,2018-04-18 23:00:00,2018-04-22 23:00:00,1,38420,2006,,150,496
Pancreas,PSN1,1005|1011,PSN1@2018-04-23,2018-04-23 23:00:00,2018-04-27 23:00:00,1,38571,7049,38570,625,482
Pancreas,PSN1,1017|1022,PSN1@2018-04-23,2018-04-23 23:00:00,2018-04-27 23:00:00,1,38572,7049,38570,625,483
Pancreas,PSN1,1053|1054,PSN1@2018-04-23,2018-04-23 23:00:00,2018-04-27 23:00:00,1,38573,7049,38570,625,484
Pancreas,PSN1,1057|1073,PSN1@2018-04-23,2018-04-23 23:00:00,2018-04-27 23:00:00,1,38574,7049,38570,625,485
Pancreas,PSN1,1079|1080,PSN1@2018-04-23,2018-04-23 23:00:00,2018-04-27 23:00:00,1,38575,7049,38570,625,486
Pancreas,PSN1,1083|1085,PSN1@2018-04-23,2018-04-23 23:00:00,2018-04-27 23:00:00,1,38576,7049,38570,625,487
Pancreas,PSN1,1088|1089,PSN1@2018-05-07,2018-05-07 23:00:00,2018-05-11 23:00:00,3,38827|38828|38829,7049,38826,625,490
Pancreas,PSN1,1168|1179,PSN1@2018-04-23,2018-04-23 23:00:00,2018-04-27 23:00:00,1,38578,7049,38570,625,491
Pancreas,PSN1,1190|1372,PSN1@2018-04-18,2018-04-18 23:00:00,2018-04-22 23:00:00,1,38424,7049,,625,492
Pancreas,PSN1,1507|1510,PSN1@2018-04-23,2018-04-23 23:00:00,2018-04-27 23:00:00,1,38579,7049,38570,625,493
Pancreas,PSN1,1558|1561,PSN1@2018-04-18,2018-04-18 23:00:00,2018-04-22 23:00:00,1,38426,7049,,625,494
Pancreas,PSN1,1564|1594,PSN1@2018-04-18,2018-04-18 23:00:00,2018-04-22 23:00:00,1,38427,7049,,625,495
Pancreas,PSN1,1598|2265,PSN1@2018-05-21,2018-05-21 23:00:00,2018-05-25 23:00:00,3,39390|39391|39392,7049,39389,625,496
Pancreas,SU8686,1005|1011,SU8686@2017-12-15,2017-12-15 00:00:00,2017-12-19 00:00:00,1,36179,8733,36178,1250,482
Pancreas,SU8686,1017|1022,SU8686@2017-12-15,2017-12-15 00:00:00,2017-12-19 00:00:00,1,36180,8733,36178,1250,483
Pancreas,SU8686,1053|1054,SU8686@2017-12-15,2017-12-15 00:00:00,2017-12-19 00:00:00,1,36181,8733,36178,1250,484
Pancreas,SU8686,1057|1073,SU8686@2017-12-15,2017-12-15 00:00:00,2017-12-19 00:00:00,1,36182,8733,36178,1250,485
Pancreas,SU8686,1079|1080,SU8686@2017-12-15,2017-12-15 00:00:00,2017-12-19 00:00:00,1,36183,8733,36178,1250,486
Pancreas,SU8686,1083|1085,SU8686@2017-12-15,2017-12-15 00:00:00,2017-12-19 00:00:00,1,36184,8733,36178,1250,487
Pancreas,SU8686,1088|1089,SU8686@2018-01-16,2018-01-16 00:00:00,2018-01-20 00:00:00,1,36540,8733,36539,1250,490
Pancreas,SU8686,1168|1179,SU8686@2018-01-16,2018-01-16 00:00:00,2018-01-20 00:00:00,1,36541,8733,36539,1250,491
Pancreas,SU8686,1190|1372,SU8686@2018-01-16,2018-01-16 00:00:00,2018-01-20 00:00:00,1,36542,8733,36539,1250,492
Pancreas,SU8686,1507|1510,SU8686@2018-01-16,2018-01-16 00:00:00,2018-01-20 00:00:00,1,36543,8733,36539,1250,493
Pancreas,SU8686,1558|1561,SU8686@2018-03-20,2018-03-20 00:00:00,2018-03-24 00:00:00,1,37955,8733,37954,1250,494
Pancreas,SU8686,1564|1594,SU8686@2018-01-16,2018-01-16 00:00:00,2018-01-20 00:00:00,1,36545,8733,36539,1250,495
Pancreas,SU8686,1598|2265,SU8686@2018-01-16,2018-01-16 00:00:00,2018-01-20 00:00:00,1,36546,8733,36539,1250,496
Pancreas,SUIT-2,1005|1011,SUIT-2@2017-12-01,2017-12-01 00:00:00,2017-12-05 00:00:00,1,35942,2155,35941,325,482
Pancreas,SUIT-2,1005|1011,SUIT-2@2018-04-15,2018-04-15 23:00:00,2018-04-19 23:00:00,3,38318|38319|38320,2155,38317,325,482
Pancreas,SUIT-2,1005|1011,SUIT-2@2018-04-22,2018-04-22 23:00:00,2018-04-26 23:00:00,3,38524|38525|38526,2155,38523,325,482
Pancreas,SUIT-2,1005|1011,SUIT-2@2018-05-07,2018-05-07 23:00:00,2018-05-11 23:00:00,3,38802|38803|38804,2155,38801,325,482
Pancreas,SUIT-2,1017|1022,SUIT-2@2017-12-01,2017-12-01 00:00:00,2017-12-05 00:00:00,1,35943,2155,35941,325,483
Pancreas,SUIT-2,1017|1022,SUIT-2@2018-04-15,2018-04-15 23:00:00,2018-04-19 23:00:00,1,38321,2155,38317,325,483
Pancreas,SUIT-2,1017|1022,SUIT-2@2018-04-22,2018-04-22 23:00:00,2018-04-26 23:00:00,1,38527,2155,38523,325,483
Pancreas,SUIT-2,1017|1022,SUIT-2@2018-05-07,2018-05-07 23:00:00,2018-05-11 23:00:00,1,38805,2155,38801,325,483
Pancreas,SUIT-2,1053|1054,SUIT-2@2017-12-01,2017-12-01 00:00:00,2017-12-05 00:00:00,1,35944,2155,35941,325,484
Pancreas,SUIT-2,1053|1054,SUIT-2@2018-04-15,2018-04-15 23:00:00,2018-04-19 23:00:00,1,38322,2155,38317,325,484
Pancreas,SUIT-2,1053|1054,SUIT-2@2018-04-22,2018-04-22 23:00:00,2018-04-26 23:00:00,1,38528,2155,38523,325,484
Pancreas,SUIT-2,1053|1054,SUIT-2@2018-05-07,2018-05-07 23:00:00,2018-05-11 23:00:00,1,38806,2155,38801,325,484
Pancreas,SUIT-2,1057|1073,SUIT-2@2017-12-01,2017-12-01 00:00:00,2017-12-05 00:00:00,1,35945,2155,35941,325,485
Pancreas,SUIT-2,1057|1073,SUIT-2@2018-04-15,2018-04-15 23:00:00,2018-04-19 23:00:00,1,38323,2155,38317,325,485
Pancreas,SUIT-2,1057|1073,SUIT-2@2018-04-22,2018-04-22 23:00:00,2018-04-26 23:00:00,1,38529,2155,38523,325,485
Pancreas,SUIT-2,1079|1080,SUIT-2@2018-04-04,2018-04-04 23:00:00,2018-04-08 23:00:00,2,38072|38077,2155,38071,325,486
Pancreas,SUIT-2,1079|1080,SUIT-2@2018-04-15,2018-04-15 23:00:00,2018-04-19 23:00:00,1,38324,2155,38317,325,486
Pancreas,SUIT-2,1079|1080,SUIT-2@2018-04-22,2018-04-22 23:00:00,2018-04-26 23:00:00,1,38530,2155,38523,325,486
Pancreas,SUIT-2,1079|1080,SUIT-2@2018-05-07,2018-05-07 23:00:00,2018-05-11 23:00:00,1,38808,2155,38801,325,486
Pancreas,SUIT-2,1083|1085,SUIT-2@2017-12-01,2017-12-01 00:00:00,2017-12-05 00:00:00,1,35947,2155,35941,325,487
Pancreas,SUIT-2,1083|1085,SUIT-2@2018-04-15,2018-04-15 23:00:00,2018-04-19 23:00:00,1,38325,2155,38317,325,487
Pancreas,SUIT-2,1083|1085,SUIT-2@2018-04-22,2018-04-22 23:00:00,2018-04-26 23:00:00,1,38531,2155,38523,325,487
Pancreas,SUIT-2,1083|1085,SUIT-2@2018-05-07,2018-05-07 23:00:00,2018-05-11 23:00:00,1,38809,2155,38801,325,487
Pancreas,SUIT-2,1088|1089,SUIT-2@2018-03-20,2018-03-20 00:00:00,2018-03-24 00:00:00,1,37957,2155,37956,325,490
Pancreas,SUIT-2,1088|1089,SUIT-2@2018-04-19,2018-04-19 23:00:00,2018-04-23 23:00:00,3,38462|38484|38485,2155,38461,325,490
Pancreas,SUIT-2,1088|1089,SUIT-2@2018-04-25,2018-04-25 23:00:00,2018-04-29 23:00:00,3,38622|38623|38624,2155,38621,325,490
Pancreas,SUIT-2,1088|1089,SUIT-2@2018-05-13,2018-05-13 23:00:00,2018-05-17 23:00:00,3,39077|39078|39079,2155,39076,325,490
Pancreas,SUIT-2,1168|1179,SUIT-2@2018-03-20,2018-03-20 00:00:00,2018-03-24 00:00:00,1,37958,2155,37956,325,491
Pancreas,SUIT-2,1168|1179,SUIT-2@2018-04-19,2018-04-19 23:00:00,2018-04-23 23:00:00,1,38463,2155,38461,325,491
Pancreas,SUIT-2,1168|1179,SUIT-2@2018-04-25,2018-04-25 23:00:00,2018-04-29 23:00:00,1,38625,2155,38621,325,491
Pancreas,SUIT-2,1190|1372,SUIT-2@2018-04-09,2018-04-09 23:00:00,2018-04-13 23:00:00,1,38226,2155,38225,325,492
Pancreas,SUIT-2,1190|1372,SUIT-2@2018-04-19,2018-04-19 23:00:00,2018-04-23 23:00:00,1,38464,2155,38461,325,492
Pancreas,SUIT-2,1190|1372,SUIT-2@2018-04-25,2018-04-25 23:00:00,2018-04-29 23:00:00,1,38626,2155,38621,325,492
Pancreas,SUIT-2,1190|1372,SUIT-2@2018-05-13,2018-05-13 23:00:00,2018-05-17 23:00:00,1,39081,2155,39076,325,492
Pancreas,SUIT-2,1507|1510,SUIT-2@2018-03-20,2018-03-20 00:00:00,2018-03-24 00:00:00,1,37960,2155,37956,325,493
Pancreas,SUIT-2,1507|1510,SUIT-2@2018-04-19,2018-04-19 23:00:00,2018-04-23 23:00:00,1,38465,2155,38461,325,493
Pancreas,SUIT-2,1507|1510,SUIT-2@2018-04-25,2018-04-25 23:00:00,2018-04-29 23:00:00,1,38627,2155,38621,325,493
Pancreas,SUIT-2,1507|1510,SUIT-2@2018-05-13,2018-05-13 23:00:00,2018-05-17 23:00:00,1,39082,2155,39076,325,493
Pancreas,SUIT-2,1558|1561,SUIT-2@2018-03-20,2018-03-20 00:00:00,2018-03-24 00:00:00,1,37961,2155,37956,325,494
Pancreas,SUIT-2,1558|1561,SUIT-2@2018-04-19,2018-04-19 23:00:00,2018-04-23 23:00:00,1,38466,2155,38461,325,494
Pancreas,SUIT-2,1558|1561,SUIT-2@2018-04-25,2018-04-25 23:00:00,2018-04-29 23:00:00,1,38628,2155,38621,325,494
Pancreas,SUIT-2,1558|1561,SUIT-2@2018-05-13,2018-05-13 23:00:00,2018-05-17 23:00:00,1,39083,2155,39076,325,494
Pancreas,SUIT-2,1564|1594,SUIT-2@2018-04-09,2018-04-09 23:00:00,2018-04-13 23:00:00,1,38227,2155,38225,325,495
Pancreas,SUIT-2,1564|1594,SUIT-2@2018-04-19,2018-04-19 23:00:00,2018-04-23 23:00:00,1,38467,2155,38461,325,495
Pancreas,SUIT-2,1564|1594,SUIT-2@2018-04-25,2018-04-25 23:00:00,2018-04-29 23:00:00,1,38629,2155,38621,325,495
Pancreas,SUIT-2,1598|2265,SUIT-2@2018-03-20,2018-03-20 00:00:00,2018-03-24 00:00:00,1,37963,2155,37956,325,496
Pancreas,SUIT-2,1598|2265,SUIT-2@2018-04-19,2018-04-19 23:00:00,2018-04-23 23:00:00,1,38468,2155,38461,325,496
Pancreas,SUIT-2,1598|2265,SUIT-2@2018-04-25,2018-04-25 23:00:00,2018-04-29 23:00:00,1,38630,2155,38621,325,496
Pancreas,SUIT-2,1598|2265,SUIT-2@2018-05-13,2018-05-13 23:00:00,2018-05-17 23:00:00,1,39085,2155,39076,325,496
Pancreas,SW1990,1005|1011,SW1990@2018-04-05,2018-04-05 23:00:00,2018-04-09 23:00:00,1,38114,6831,,625,482
Pancreas,SW1990,1017|1022,SW1990@2018-04-05,2018-04-05 23:00:00,2018-04-09 23:00:00,1,38115,6831,,625,483
Pancreas,SW1990,1053|1054,SW1990@2018-04-05,2018-04-05 23:00:00,2018-04-09 23:00:00,1,38116,6831,,625,484
Pancreas,SW1990,1057|1073,SW1990@2018-04-05,2018-04-05 23:00:00,2018-04-09 23:00:00,1,38117,6831,,625,485
Pancreas,SW1990,1079|1080,SW1990@2018-04-05,2018-04-05 23:00:00,2018-04-09 23:00:00,1,38118,6831,,625,486
Pancreas,SW1990,1083|1085,SW1990@2018-04-05,2018-04-05 23:00:00,2018-04-09 23:00:00,1,38119,6831,,625,487
Pancreas,SW1990,1088|1089,SW1990@2018-04-12,2018-04-12 23:00:00,2018-04-16 23:00:00,1,38260,6831,38259,625,490
Pancreas,SW1990,1168|1179,SW1990@2018-04-12,2018-04-12 23:00:00,2018-04-16 23:00:00,1,38261,6831,38259,625,491
Pancreas,SW1990,1190|1372,SW1990@2018-04-12,2018-04-12 23:00:00,2018-04-16 23:00:00,1,38262,6831,38259,625,492
Pancreas,SW1990,1507|1510,SW1990@2018-04-12,2018-04-12 23:00:00,2018-04-16 23:00:00,1,38263,6831,38259,625,493
Pancreas,SW1990,1558|1561,SW1990@2018-04-12,2018-04-12 23:00:00,2018-04-16 23:00:00,1,38264,6831,38259,625,494
Pancreas,SW1990,1564|1594,SW1990@2018-04-12,2018-04-12 23:00:00,2018-04-16 23:00:00,1,38265,6831,38259,625,495
Pancreas,SW1990,1598|2265,SW1990@2018-04-12,2018-04-12 23:00:00,2018-04-16 23:00:00,1,38266,6831,38259,625,496
Pancreas,YAPC,1005|1011,YAPC@2017-11-03,2017-11-03 00:00:00,2017-11-07 00:00:00,1,34817,2292,34816,625,482
Pancreas,YAPC,1005|1011,YAPC@2017-11-17,2017-11-17 00:00:00,2017-11-21 00:00:00,1,35322,2292,35321,625,482
Pancreas,YAPC,1017|1022,YAPC@2017-11-03,2017-11-03 00:00:00,2017-11-07 00:00:00,1,34818,2292,34816,625,483
Pancreas,YAPC,1017|1022,YAPC@2017-11-17,2017-11-17 00:00:00,2017-11-21 00:00:00,1,35323,2292,35321,625,483
Pancreas,YAPC,1053|1054,YAPC@2017-11-03,2017-11-03 00:00:00,2017-11-07 00:00:00,1,34819,2292,34816,625,484
Pancreas,YAPC,1053|1054,YAPC@2017-11-17,2017-11-17 00:00:00,2017-11-21 00:00:00,1,35324,2292,35321,625,484
Pancreas,YAPC,1057|1073,YAPC@2017-11-03,2017-11-03 00:00:00,2017-11-07 00:00:00,1,34820,2292,34816,625,485
Pancreas,YAPC,1057|1073,YAPC@2017-11-17,2017-11-17 00:00:00,2017-11-21 00:00:00,1,35325,2292,35321,625,485
Pancreas,YAPC,1079|1080,YAPC@2017-11-03,2017-11-03 00:00:00,2017-11-07 00:00:00,1,34821,2292,34816,625,486
Pancreas,YAPC,1079|1080,YAPC@2017-11-17,2017-11-17 00:00:00,2017-11-21 00:00:00,1,35326,2292,35321,625,486
Pancreas,YAPC,1083|1085,YAPC@2017-11-03,2017-11-03 00:00:00,2017-11-07 00:00:00,1,34822,2292,34816,625,487
Pancreas,YAPC,1083|1085,YAPC@2017-11-17,2017-11-17 00:00:00,2017-11-21 00:00:00,1,35327,2292,35321,625,487
Pancreas,YAPC,1088|1089,YAPC@2017-11-06,2017-11-06 00:00:00,2017-11-10 00:00:00,1,34870,2292,34869,625,490
Pancreas,YAPC,1088|1089,YAPC@2017-11-23,2017-11-23 00:00:00,2017-11-27 00:00:00,1,35529,2292,,625,490
Pancreas,YAPC,1168|1179,YAPC@2017-11-06,2017-11-06 00:00:00,2017-11-10 00:00:00,1,34871,2292,34869,625,491
Pancreas,YAPC,1168|1179,YAPC@2017-11-23,2017-11-23 00:00:00,2017-11-27 00:00:00,1,35530,2292,,625,491
Pancreas,YAPC,1190|1372,YAPC@2017-11-06,2017-11-06 00:00:00,2017-11-10 00:00:00,1,34872,2292,34869,625,492
Pancreas,YAPC,1190|1372,YAPC@2017-11-23,2017-11-23 00:00:00,2017-11-27 00:00:00,1,35531,2292,,625,492
Pancreas,YAPC,1507|1510,YAPC@2017-11-06,2017-11-06 00:00:00,2017-11-10 00:00:00,1,34873,2292,34869,625,493
Pancreas,YAPC,1558|1561,YAPC@2017-11-06,2017-11-06 00:00:00,2017-11-10 00:00:00,1,34874,2292,34869,625,494
Pancreas,YAPC,1564|1594,YAPC@2017-11-06,2017-11-06 00:00:00,2017-11-10 00:00:00,1,34875,2292,34869,625,495
Pancreas,YAPC,1598|2265,YAPC@2017-11-06,2017-11-06 00:00:00,2017-11-10 00:00:00,1,34876,2292,34869,625,496
