source_row,BARCODE,DRUGSET_ID,DRUG_ID,CONC,POSITION,TAG,ASSAY,DURATION,MASTER_CELL_ID,CELL_ID,SCAN_ID,action,drug_name,DATE_CREATED,SCAN_DATE,SANGER_MODEL_ID,prior_scan,model_id,unit,tissue,growth,medium,check_complete_single_pair,check_known_annotation,check_model_identity_match,check_assay_match,check_single_agent_tag,check_no_development_parent,check_no_prior_scan,check_later_assay,qualified,exclusion_reason
1645200,12373,231,1036.0,10.0,723,L12-D1-S,Glo,4,349,2745,11730,gdsc:1036:10uM,PLX-4720,2016-01-19T00:00:00Z,2016-01-23T00:00:00Z,SIDM00798,False,SIDM00798,SIDP00051,soft_tissue,Adherent,R,True,True,True,True,True,False,True,True,False,no_development_parent
1646288,12375,231,1036.0,10.0,723,L12-D1-S,Glo,4,1395,3172,11731,gdsc:1036:10uM,PLX-4720,2016-01-19T00:00:00Z,2016-01-23T00:00:00Z,SIDM00625,False,SIDM00625,SIDP00164,urogenital_system,Adherent,R,True,True,True,True,True,False,True,True,False,no_development_parent
1647376,12379,231,1036.0,10.0,723,L12-D1-S,Glo,4,470,2006,11732,gdsc:1036:10uM,PLX-4720,2016-01-19T00:00:00Z,2016-01-23T00:00:00Z,SIDM00042,False,SIDM00042,SIDP00665,pancreas,Adherent,D/F12,True,True,True,True,True,False,True,True,False,no_development_parent
1648464,12390,231,1036.0,10.0,723,L12-D1-S,Glo,4,1674,2507,11733,gdsc:1036:10uM,PLX-4720,2016-01-19T00:00:00Z,2016-01-23T00:00:00Z,SIDM00239,False,SIDM00239,SIDP00625,kidney,Adherent,R,True,True,True,True,True,False,True,True,False,no_development_parent
1649552,12392,231,1036.0,10.0,723,L12-D1-S,Glo,4,114,2279,11734,gdsc:1036:10uM,PLX-4720,2016-01-19T00:00:00Z,2016-01-23T00:00:00Z,SIDM00973,False,SIDM00973,SIDP00372,skin,Adherent,R,True,True,True,True,True,False,True,True,False,no_development_parent
1650640,12396,231,1036.0,10.0,723,L12-D1-S,Glo,4,1939,3084,11735,gdsc:1036:10uM,PLX-4720,2016-01-19T00:00:00Z,2016-01-23T00:00:00Z,SIDM00550,False,SIDM00550,SIDP00902,aero_dig_tract,Adherent,D/F12,True,True,True,True,True,False,True,True,False,no_development_parent
1651728,12400,231,1036.0,10.0,723,L12-D1-S,Glo,4,1012,3032,11736,gdsc:1036:10uM,PLX-4720,2016-01-19T00:00:00Z,2016-01-23T00:00:00Z,SIDM01003,False,SIDM01003,SIDP00486,leukemia,Suspension,R,True,True,True,True,True,False,True,True,False,no_development_parent
1652816,12402,231,1036.0,10.0,723,L12-D1-S,Glo,4,1210,3003,11737,gdsc:1036:10uM,PLX-4720,2016-01-19T00:00:00Z,2016-01-23T00:00:00Z,SIDM01016,False,SIDM01016,SIDP00474,leukemia,Suspension,R,True,True,True,True,True,False,True,True,False,no_development_parent
1653904,12404,231,1036.0,10.0,723,L12-D1-S,Glo,4,313,3042,11738,gdsc:1036:10uM,PLX-4720,2016-01-19T00:00:00Z,2016-01-23T00:00:00Z,SIDM01018,False,SIDM01018,SIDP00488,lymphoma,Suspension,R,True,True,True,True,True,False,True,True,False,no_development_parent
1654992,12406,231,1036.0,10.0,723,L12-D1-S,Glo,4,63,2300,11739,gdsc:1036:10uM,PLX-4720,2016-01-19T00:00:00Z,2016-01-23T00:00:00Z,SIDM01076,False,SIDM01076,SIDP00379,leukemia,Suspension,R,True,True,True,True,True,False,True,True,False,no_development_parent
1656080,12408,231,1036.0,10.0,723,L12-D1-S,Glo,4,1207,2301,11740,gdsc:1036:10uM,PLX-4720,2016-01-19T00:00:00Z,2016-01-23T00:00:00Z,SIDM00998,False,SIDM00998,SIDP00384,nervous_system,Adherent,D/F12,True,True,True,True,True,False,True,True,False,no_development_parent
1657168,12410,231,1036.0,10.0,723,L12-D1-S,Glo,4,1242,3489,11741,gdsc:1036:10uM,PLX-4720,2016-01-19T00:00:00Z,2016-01-23T00:00:00Z,SIDM00453,False,SIDM00453,SIDP01026,pancreas,Adherent,D/F12,True,True,True,True,True,False,True,True,False,no_development_parent
1658256,12412,231,1036.0,10.0,723,L12-D1-S,Glo,4,1007,2694,11742,gdsc:1036:10uM,PLX-4720,2016-01-19T00:00:00Z,2016-01-23T00:00:00Z,SIDM00213,False,SIDM00213,SIDP00525,thyroid,Adherent,D/F12,True,True,True,True,True,False,True,True,False,no_development_parent
1659344,12414,231,1036.0,10.0,723,L12-D1-S,Glo,4,1515,3048,11743,gdsc:1036:10uM,PLX-4720,2016-01-19T00:00:00Z,2016-01-23T00:00:00Z,SIDM00609,False,SIDM00609,SIDP00885,kidney,Adherent,D/F12,True,True,True,True,True,False,True,True,False,no_development_parent
1660432,12416,231,1036.0,10.0,723,L12-D1-S,Glo,4,1403,5970,11744,gdsc:1036:10uM,PLX-4720,2016-01-19T00:00:00Z,2016-01-23T00:00:00Z,SIDM00759,False,SIDM00759,SIDP00214,lung_NSCLC,Adherent,R,True,True,True,True,True,False,True,True,False,no_development_parent
1661520,12348,231,1036.0,10.0,723,L12-D1-S,Glo,4,1949,3751,11764,gdsc:1036:10uM,PLX-4720,2016-01-18T00:00:00Z,2016-01-22T00:00:00Z,SIDM00967,False,SIDM00967,SIDP00377,urogenital_system,Adherent,D/F12,True,True,True,True,True,False,True,True,False,no_development_parent
1662608,12356,231,1036.0,10.0,723,L12-D1-S,Glo,4,2143,2772,11765,gdsc:1036:10uM,PLX-4720,2016-01-18T00:00:00Z,2016-01-22T00:00:00Z,SIDM00872,False,SIDM00872,SIDP00115,breast,Adherent,R,True,True,True,True,True,False,True,True,False,no_development_parent
1663696,12346,231,1036.0,10.0,723,L12-D1-S,Glo,4,891,3067,11766,gdsc:1036:10uM,PLX-4720,2016-01-18T00:00:00Z,2016-01-22T00:00:00Z,SIDM00491,False,SIDM00491,SIDP00850,thyroid,Adherent,D/F12,True,True,True,True,True,False,True,True,False,no_development_parent
1664784,12340,231,1036.0,10.0,723,L12-D1-S,Glo,4,711,3285,11767,gdsc:1036:10uM,PLX-4720,2016-01-18T00:00:00Z,2016-01-22T00:00:00Z,SIDM00750,False,SIDM00750,SIDP00188,lung_NSCLC,Adherent,R,True,True,True,True,True,False,True,True,False,no_development_parent
1665872,12358,231,1036.0,10.0,723,L12-D1-S,Glo,4,1402,3284,11768,gdsc:1036:10uM,PLX-4720,2016-01-18T00:00:00Z,2016-01-22T00:00:00Z,SIDM00751,False,SIDM00751,SIDP00187,lung_NSCLC,Adherent,R,True,True,True,True,True,False,True,True,False,no_development_parent
1666960,12330,231,1036.0,10.0,723,L12-D1-S,Glo,4,1783,2638,11769,gdsc:1036:10uM,PLX-4720,2016-01-18T00:00:00Z,2016-01-22T00:00:00Z,SIDM00845,False,SIDM00845,SIDP00016,lymphoma,Suspension,R,True,True,True,True,True,False,True,True,False,no_development_parent
1668048,12332,231,1036.0,10.0,723,L12-D1-S,Glo,4,1034,2631,11770,gdsc:1036:10uM,PLX-4720,2016-01-18T00:00:00Z,2016-01-22T00:00:00Z,SIDM00951,False,SIDM00951,SIDP00430,leukemia,Suspension,R,True,True,True,True,True,True,True,True,True,
1669136,12328,231,1036.0,10.0,723,L12-D1-S,Glo,4,901,2364,11771,gdsc:1036:10uM,PLX-4720,2016-01-18T00:00:00Z,2016-01-22T00:00:00Z,SIDM01047,False,SIDM01047,SIDP00445,leukemia,Suspension,R,True,True,True,True,True,False,True,True,False,no_development_parent
1670224,12338,231,1036.0,10.0,723,L12-D1-S,Glo,4,2155,2277,11772,gdsc:1036:10uM,PLX-4720,2016-01-18T00:00:00Z,2016-01-22T00:00:00Z,SIDM00975,False,SIDM00975,SIDP00370,skin,Adherent,R,True,True,True,True,True,False,True,True,False,no_development_parent
1671312,12336,231,1036.0,10.0,723,L12-D1-S,Glo,4,1530,2389,11773,gdsc:1036:10uM,PLX-4720,2016-01-18T00:00:00Z,2016-01-22T00:00:00Z,SIDM00227,False,SIDM00227,SIDP00526,neuroblastoma,Adherent,R,True,True,True,True,True,False,True,True,False,no_development_parent
1672400,12354,231,1036.0,10.0,723,L12-D1-S,Glo,4,567,2679,11774,gdsc:1036:10uM,PLX-4720,2016-01-18T00:00:00Z,2016-01-22T00:00:00Z,SIDM01048,False,SIDM01048,SIDP00444,myeloma,Semi-Adherent,D/F12,True,True,True,True,True,False,True,True,False,no_development_parent
1673488,12320,231,1036.0,10.0,723,L12-D1-S,Glo,4,1393,2934,11776,gdsc:1036:10uM,PLX-4720,2016-01-18T00:00:00Z,2016-01-22T00:00:00Z,SIDM00679,False,SIDM00679,SIDP00136,urogenital_system,Adherent,R,True,True,True,True,True,False,True,True,False,no_development_parent
1674576,12334,231,1036.0,10.0,723,L12-D1-S,Glo,4,1850,2875,11777,gdsc:1036:10uM,PLX-4720,2016-01-18T00:00:00Z,2016-01-22T00:00:00Z,SIDM00665,False,SIDM00665,SIDP00128,digestive_system,Adherent,D/F12,True,True,True,True,True,False,True,True,False,no_development_parent
1675664,12364,231,1036.0,10.0,723,L12-D1-S,Glo,4,612,2379,11778,gdsc:1036:10uM,PLX-4720,2016-01-18T00:00:00Z,2016-01-22T00:00:00Z,SIDM00197,False,SIDM00197,SIDP00519,bone,Suspension,R,True,True,True,True,True,False,True,True,False,no_development_parent
1676752,12316,231,1036.0,10.0,723,L12-D1-S,Glo,4,1909,4741,11779,gdsc:1036:10uM,PLX-4720,2016-01-18T00:00:00Z,2016-01-22T00:00:00Z,SIDM01087,False,SIDM01087,SIDP00292,skin,Adherent,D/F12,True,True,True,True,True,False,True,True,False,no_development_parent
1677840,12322,231,1036.0,10.0,723,L12-D1-S,Glo,4,1190,2091,11780,gdsc:1036:10uM,PLX-4720,2016-01-18T00:00:00Z,2016-01-22T00:00:00Z,SIDM00907,False,SIDM00907,SIDP00075,lymphoma,Suspension,R,True,True,True,True,True,False,True,True,False,no_development_parent
1678928,12352,231,1036.0,10.0,723,L12-D1-S,Glo,4,1640,6374,11781,gdsc:1036:10uM,PLX-4720,2016-01-18T00:00:00Z,2016-01-22T00:00:00Z,SIDM00235,False,SIDM00235,SIDP00628,kidney,Adherent,D/F12,True,True,True,True,True,False,True,True,False,no_development_parent
1680016,12350,231,1036.0,10.0,723,L12-D1-S,Glo,4,1913,2232,11782,gdsc:1036:10uM,PLX-4720,2016-01-18T00:00:00Z,2016-01-22T00:00:00Z,SIDM00111,False,SIDM00111,SIDP00772,nervous_system,Adherent,D/F12,True,True,True,True,True,False,True,True,False,no_development_parent
1681104,12362,231,1036.0,10.0,723,L12-D1-S,Glo,4,2177,3019,11783,gdsc:1036:10uM,PLX-4720,2016-01-18T00:00:00Z,2016-01-22T00:00:00Z,SIDM01017,False,SIDM01017,SIDP00479,leukemia,Suspension,R,True,True,True,True,True,False,True,True,False,no_development_parent
1682192,12324,231,1036.0,10.0,723,L12-D1-S,Glo,4,48,3122,11784,gdsc:1036:10uM,PLX-4720,2016-01-18T00:00:00Z,2016-01-22T00:00:00Z,SIDM00287,False,SIDM00287,SIDP00581,leukemia,Suspension,R,True,True,True,True,True,False,True,True,False,no_development_parent
1683280,12418,231,1036.0,10.0,723,L12-D1-S,Glo,4,1534,4742,11805,gdsc:1036:10uM,PLX-4720,2016-01-19T00:00:00Z,2016-01-23T00:00:00Z,SIDM01060,False,SIDM01060,SIDP00468,skin,Adherent,D/F12,True,True,True,True,True,False,True,True,False,no_development_parent
1684368,12422,231,1036.0,10.0,723,L12-D1-S,Glo,4,228,3058,11807,gdsc:1036:10uM,PLX-4720,2016-01-19T00:00:00Z,2016-01-23T00:00:00Z,SIDM00583,False,SIDM00583,SIDP00892,pancreas,Adherent,R,True,True,True,True,True,False,True,True,False,no_development_parent
1685456,12426,231,1036.0,10.0,723,L12-D1-S,Glo,4,2131,3462,11809,gdsc:1036:10uM,PLX-4720,2016-01-19T00:00:00Z,2016-01-23T00:00:00Z,SIDM00090,False,SIDM00090,SIDP00755,urogenital_system,Adherent,R,True,True,True,True,True,False,True,True,False,no_development_parent
1686544,12428,231,1036.0,10.0,723,L12-D1-S,Glo,4,905,2998,11810,gdsc:1036:10uM,PLX-4720,2016-01-19T00:00:00Z,2016-01-23T00:00:00Z,SIDM01036,False,SIDM01036,SIDP00473,myeloma,Suspension,D/F12,True,True,True,True,True,False,True,True,False,no_development_parent
1687632,12430,231,1036.0,10.0,723,L12-D1-S,Glo,4,2263,3011,11811,gdsc:1036:10uM,PLX-4720,2016-01-19T00:00:00Z,2016-01-23T00:00:00Z,SIDM00994,False,SIDM00994,SIDP00388,leukemia,Suspension,R,True,True,True,True,True,False,True,True,False,no_development_parent
1688720,12432,231,1036.0,10.0,723,L12-D1-S,Glo,4,1096,3737,11812,gdsc:1036:10uM,PLX-4720,2016-01-19T00:00:00Z,2016-01-23T00:00:00Z,SIDM00968,False,SIDM00968,SIDP00376,urogenital_system,Adherent,R,True,True,True,True,True,False,True,True,False,no_development_parent
1689808,12434,231,1036.0,10.0,723,L12-D1-S,Glo,4,1799,2801,11813,gdsc:1036:10uM,PLX-4720,2016-01-19T00:00:00Z,2016-01-23T00:00:00Z,SIDM00846,False,SIDM00846,SIDP00015,urogenital_system,Adherent,D/F12,True,True,True,True,True,False,True,True,False,no_development_parent
1690896,12436,231,1036.0,10.0,723,L12-D1-S,Glo,4,2053,2071,11814,gdsc:1036:10uM,PLX-4720,2016-01-19T00:00:00Z,2016-01-23T00:00:00Z,SIDM01083,False,SIDM01083,SIDP00296,aero_dig_tract,Adherent,D/F12,True,True,True,True,True,False,True,True,False,no_development_parent
1691984,12438,231,1036.0,10.0,723,L12-D1-S,Glo,4,2041,2191,11815,gdsc:1036:10uM,PLX-4720,2016-01-19T00:00:00Z,2016-01-23T00:00:00Z,SIDM00942,False,SIDM00942,SIDP00409,aero_dig_tract,Adherent,D/F12,True,True,True,True,True,False,True,True,False,no_development_parent
1693072,12440,231,1036.0,10.0,723,L12-D1-S,Glo,4,1824,2985,11816,gdsc:1036:10uM,PLX-4720,2016-01-19T00:00:00Z,2016-01-23T00:00:00Z,SIDM00615,False,SIDM00615,SIDP00879,digestive_system,Adherent,D/F12,True,True,True,True,True,False,True,True,False,no_development_parent
1694160,12442,231,1036.0,10.0,723,L12-D1-S,Glo,4,70,2367,11817,gdsc:1036:10uM,PLX-4720,2016-01-19T00:00:00Z,2016-01-23T00:00:00Z,SIDM00264,False,SIDM00264,SIDP00637,bone,Adherent,R,True,True,True,True,True,False,True,True,False,no_development_parent
1695248,12444,231,1036.0,10.0,723,L12-D1-S,Glo,4,14,2564,11818,gdsc:1036:10uM,PLX-4720,2016-01-19T00:00:00Z,2016-01-23T00:00:00Z,SIDM00108,False,SIDM00108,SIDP00773,skin,Adherent,R,True,True,True,True,True,False,True,True,False,no_development_parent
1696336,12446,231,1036.0,10.0,723,L12-D1-S,Glo,4,1513,3031,11819,gdsc:1036:10uM,PLX-4720,2016-01-19T00:00:00Z,2016-01-23T00:00:00Z,SIDM01004,False,SIDM01004,SIDP00485,leukemia,Suspension,R,True,True,True,True,True,False,True,True,False,no_development_parent
1697424,12454,231,1036.0,10.0,723,L12-D1-S,Glo,4,1562,2327,11845,gdsc:1036:10uM,PLX-4720,2016-01-21T00:00:00Z,2016-01-25T00:00:00Z,SIDM00285,False,SIDM00285,SIDP00583,neuroblastoma,Suspension,R,True,True,True,True,True,False,True,True,False,no_development_parent
1698512,12458,231,1036.0,10.0,723,L12-D1-S,Glo,4,2087,5209,11846,gdsc:1036:10uM,PLX-4720,2016-01-21T00:00:00Z,2016-01-25T00:00:00Z,SIDM01020,False,SIDM01020,SIDP00490,myeloma,Suspension,R,True,True,True,True,True,True,True,True,True,
1699600,12462,231,1036.0,10.0,723,L12-D1-S,Glo,4,1664,3445,11848,gdsc:1036:10uM,PLX-4720,2016-01-21T00:00:00Z,2016-01-25T00:00:00Z,SIDM00479,False,SIDM00479,SIDP00826,aero_dig_tract,Adherent,R,True,True,True,True,True,False,True,True,False,no_development_parent
1700688,12464,231,1036.0,10.0,723,L12-D1-S,Glo,4,928,5513,11849,gdsc:1036:10uM,PLX-4720,2016-01-21T00:00:00Z,2016-01-25T00:00:00Z,SIDM00527,False,SIDM00527,SIDP00817,large_intestine,Adherent,R,True,True,True,True,True,False,True,True,False,no_development_parent
1701776,12466,231,1036.0,10.0,723,L12-D1-S,Glo,4,43,5356,11850,gdsc:1036:10uM,PLX-4720,2016-01-21T00:00:00Z,2016-01-25T00:00:00Z,SIDM00118,False,SIDM00118,SIDP00732,large_intestine,Adherent,R,True,True,True,True,True,False,True,True,False,no_development_parent
1702864,12468,231,1036.0,10.0,723,L12-D1-S,Glo,4,962,2701,11851,gdsc:1036:10uM,PLX-4720,2016-01-21T00:00:00Z,2016-01-25T00:00:00Z,SIDM00856,False,SIDM00856,SIDP00099,kidney,Adherent,R,True,True,True,True,True,False,True,True,False,no_development_parent
1703952,12470,231,1036.0,10.0,723,L12-D1-S,Glo,4,173,3435,11852,gdsc:1036:10uM,PLX-4720,2016-01-21T00:00:00Z,2016-01-25T00:00:00Z,SIDM00481,False,SIDM00481,SIDP00824,urogenital_system,Adherent,D/F12,True,True,True,True,True,False,True,True,False,no_development_parent
1705040,12472,231,1036.0,10.0,723,L12-D1-S,Glo,4,580,2651,11853,gdsc:1036:10uM,PLX-4720,2016-01-21T00:00:00Z,2016-01-25T00:00:00Z,SIDM00523,False,SIDM00523,SIDP00803,lung_SCLC,Adherent,D/F12,True,True,True,True,True,False,True,True,False,no_development_parent
1706128,12474,231,1036.0,10.0,723,L12-D1-S,Glo,4,5,2221,11854,gdsc:1036:10uM,PLX-4720,2016-01-21T00:00:00Z,2016-01-25T00:00:00Z,SIDM01170,False,SIDM01170,SIDP00354,urogenital_system,Adherent,D/F12,True,True,True,True,True,False,True,True,False,no_development_parent
1707216,12476,231,1036.0,10.0,723,L12-D1-S,Glo,4,59,3078,11855,gdsc:1036:10uM,PLX-4720,2016-01-21T00:00:00Z,2016-01-25T00:00:00Z,SIDM00899,False,SIDM00899,SIDP00063,pancreas,Adherent,R,True,True,True,True,True,False,True,True,False,no_development_parent
1708304,12478,231,1036.0,10.0,723,L12-D1-S,Glo,4,648,2920,11856,gdsc:1036:10uM,PLX-4720,2016-01-21T00:00:00Z,2016-01-25T00:00:00Z,SIDM00589,False,SIDM00589,SIDP00867,aero_dig_tract,Adherent,D/F12,True,True,True,True,True,False,True,True,False,no_development_parent
1709392,12480,231,1036.0,10.0,723,L12-D1-S,Glo,4,1863,6250,11857,gdsc:1036:10uM,PLX-4720,2016-01-21T00:00:00Z,2016-01-25T00:00:00Z,SIDM01042,False,SIDM01042,SIDP00449,breast,Adherent,D/F12,True,True,True,True,True,False,True,True,False,no_development_parent
1710480,12482,231,1036.0,10.0,723,L12-D1-S,Glo,4,1004,2565,11858,gdsc:1036:10uM,PLX-4720,2016-01-21T00:00:00Z,2016-01-25T00:00:00Z,SIDM01179,False,SIDM01179,SIDP00365,soft_tissue,Adherent,D/F12,True,True,True,True,True,False,True,True,False,no_development_parent
1711568,12484,231,1036.0,10.0,723,L12-D1-S,Glo,4,1009,2713,11859,gdsc:1036:10uM,PLX-4720,2016-01-21T00:00:00Z,2016-01-25T00:00:00Z,SIDM00544,False,SIDM00544,SIDP00859,neuroblastoma,Adherent,R,True,True,True,True,True,False,True,True,False,no_development_parent
1712656,12486,231,1036.0,10.0,723,L12-D1-S,Glo,4,154,4313,11860,gdsc:1036:10uM,PLX-4720,2016-01-21T00:00:00Z,2016-01-25T00:00:00Z,SIDM00216,False,SIDM00216,SIDP00536,large_intestine,Suspension,R,True,True,True,True,True,False,True,True,False,no_development_parent
1713744,12488,231,1036.0,10.0,723,L12-D1-S,Glo,4,405,2962,11861,gdsc:1036:10uM,PLX-4720,2016-01-21T00:00:00Z,2016-01-25T00:00:00Z,SIDM00602,False,SIDM00602,SIDP00875,digestive_system,Adherent,R,True,True,True,True,True,False,True,True,False,no_development_parent
1714832,12490,231,1036.0,10.0,723,L12-D1-S,Glo,4,2201,3421,11862,gdsc:1036:10uM,PLX-4720,2016-01-21T00:00:00Z,2016-01-25T00:00:00Z,SIDM00105,False,SIDM00105,SIDP00752,urogenital_system,Adherent,R,True,True,True,True,True,False,True,True,False,no_development_parent
1715920,12492,231,1036.0,10.0,723,L12-D1-S,Glo,4,1175,6229,11863,gdsc:1036:10uM,PLX-4720,2016-01-21T00:00:00Z,2016-01-25T00:00:00Z,SIDM00339,False,SIDM00339,SIDP00991,lung_NSCLC,Adherent,D/F12,True,True,True,True,True,False,True,True,False,no_development_parent
1717008,12498,231,1036.0,10.0,723,L12-D1-S,Glo,4,1011,4739,11865,gdsc:1036:10uM,PLX-4720,2016-01-21T00:00:00Z,2016-01-25T00:00:00Z,SIDM00850,False,SIDM00850,SIDP00059,digestive_system,Adherent,D/F12,True,True,True,True,True,False,True,True,False,no_development_parent
1718096,12500,231,1036.0,10.0,723,L12-D1-S,Glo,4,726,3089,11866,gdsc:1036:10uM,PLX-4720,2016-01-21T00:00:00Z,2016-01-25T00:00:00Z,SIDM00898,False,SIDM00898,SIDP00064,breast,Adherent,R,True,True,True,True,True,False,True,True,False,no_development_parent
1719184,12502,231,1036.0,10.0,723,L12-D1-S,Glo,4,1505,3104,11867,gdsc:1036:10uM,PLX-4720,2016-01-21T00:00:00Z,2016-01-25T00:00:00Z,SIDM00343,False,SIDM00343,SIDP00987,nervous_system,Adherent,D/F12,True,True,True,True,True,False,True,True,False,no_development_parent
1720272,12504,231,1036.0,10.0,723,L12-D1-S,Glo,4,382,3801,11868,gdsc:1036:10uM,PLX-4720,2016-01-21T00:00:00Z,2016-01-25T00:00:00Z,SIDM00250,False,SIDM00250,SIDP00631,aero_dig_tract,Adherent,R,True,True,True,True,True,False,True,True,False,no_development_parent
1721360,12506,231,1036.0,10.0,723,L12-D1-S,Glo,4,1465,2446,11869,gdsc:1036:10uM,PLX-4720,2016-01-21T00:00:00Z,2016-01-25T00:00:00Z,SIDM00982,False,SIDM00982,SIDP00381,nervous_system,Adherent,R,True,True,True,True,True,False,True,True,False,no_development_parent
1722448,12552,231,1036.0,10.0,723,L12-D1-S,Glo,4,6,2227,11870,gdsc:1036:10uM,PLX-4720,2016-01-21T00:00:00Z,2016-01-25T00:00:00Z,SIDM01205,False,SIDM01205,SIDP00356,lymphoma,Suspension,R,True,True,True,True,True,False,True,True,False,no_development_parent
1723536,12554,231,1036.0,10.0,723,L12-D1-S,Glo,4,2232,3800,11871,gdsc:1036:10uM,PLX-4720,2016-01-21T00:00:00Z,2016-01-25T00:00:00Z,SIDM00047,False,SIDM00047,SIDP00660,lung_NSCLC,Adherent,R,True,True,True,True,True,False,True,True,False,no_development_parent
1724624,12556,231,1036.0,10.0,723,L12-D1-S,Glo,4,600,3095,11872,gdsc:1036:10uM,PLX-4720,2016-01-21T00:00:00Z,2016-01-25T00:00:00Z,SIDM00300,False,SIDM00300,SIDP00607,lung_NSCLC,Adherent,R,True,True,True,True,True,False,True,True,False,no_development_parent
1725712,12558,231,1036.0,10.0,723,L12-D1-S,Glo,4,1161,2025,11873,gdsc:1036:10uM,PLX-4720,2016-01-21T00:00:00Z,2016-01-25T00:00:00Z,SIDM01237,False,SIDM01237,SIDP00073,digestive_system,Adherent,D/F12,True,True,True,True,True,False,True,True,False,no_development_parent
1726800,12452,231,1036.0,10.0,723,L12-D1-S,Glo,4,617,3023,11874,gdsc:1036:10uM,PLX-4720,2016-01-21T00:00:00Z,2016-01-25T00:00:00Z,SIDM01007,False,SIDM01007,SIDP00482,leukemia,Suspension,R,True,True,True,True,True,False,True,True,False,no_development_parent
1727888,12510,231,1036.0,10.0,723,L12-D1-S,Glo,4,953,6231,11886,gdsc:1036:10uM,PLX-4720,2016-01-22T00:00:00Z,2016-01-26T00:00:00Z,SIDM00795,False,SIDM00795,SIDP00054,skin,Adherent,D/F12,True,True,True,True,True,False,True,True,False,no_development_parent
1728976,12516,231,1036.0,10.0,723,L12-D1-S,Glo,4,2242,4711,11890,gdsc:1036:10uM,PLX-4720,2016-01-22T00:00:00Z,2016-01-26T00:00:00Z,SIDM00890,False,SIDM00890,SIDP00071,skin,Adherent,D/F12,True,True,True,True,True,False,True,True,False,no_development_parent
1730064,12517,231,1036.0,10.0,723,L12-D1-S,Glo,4,2242,4711,11891,gdsc:1036:10uM,PLX-4720,2016-01-22T00:00:00Z,2016-01-26T00:00:00Z,SIDM00890,False,SIDM00890,SIDP00071,skin,Adherent,D/F12,True,True,True,True,True,False,True,True,False,no_development_parent
1731152,12518,231,1036.0,10.0,723,L12-D1-S,Glo,4,2242,4711,11892,gdsc:1036:10uM,PLX-4720,2016-01-22T00:00:00Z,2016-01-26T00:00:00Z,SIDM00890,False,SIDM00890,SIDP00071,skin,Adherent,D/F12,True,True,True,True,True,False,True,True,False,no_development_parent
1732240,12521,231,1036.0,10.0,723,L12-D1-S,Glo,4,1212,5530,11894,gdsc:1036:10uM,PLX-4720,2016-01-22T00:00:00Z,2016-01-26T00:00:00Z,SIDM00136,False,SIDM00136,SIDP00736,large_intestine,Adherent,R,True,True,True,True,True,False,True,True,False,no_development_parent
1733328,12522,231,1036.0,10.0,723,L12-D1-S,Glo,4,1212,5530,11895,gdsc:1036:10uM,PLX-4720,2016-01-22T00:00:00Z,2016-01-26T00:00:00Z,SIDM00136,False,SIDM00136,SIDP00736,large_intestine,Adherent,R,True,True,True,True,True,False,True,True,False,no_development_parent
1734416,12528,231,1036.0,10.0,723,L12-D1-S,Glo,4,339,5947,11896,gdsc:1036:10uM,PLX-4720,2016-01-22T00:00:00Z,2016-01-26T00:00:00Z,SIDM00386,False,SIDM00386,SIDP01001,bone,Adherent,R,True,True,True,True,True,False,True,True,False,no_development_parent
1735504,12529,231,1036.0,10.0,723,L12-D1-S,Glo,4,339,5947,11897,gdsc:1036:10uM,PLX-4720,2016-01-22T00:00:00Z,2016-01-26T00:00:00Z,SIDM00386,False,SIDM00386,SIDP01001,bone,Adherent,R,True,True,True,True,True,False,True,True,False,no_development_parent
1736592,12530,231,1036.0,10.0,723,L12-D1-S,Glo,4,339,5947,11898,gdsc:1036:10uM,PLX-4720,2016-01-22T00:00:00Z,2016-01-26T00:00:00Z,SIDM00386,False,SIDM00386,SIDP01001,bone,Adherent,R,True,True,True,True,True,False,True,True,False,no_development_parent
1737680,12532,231,1036.0,10.0,723,L12-D1-S,Glo,4,37,2536,11899,gdsc:1036:10uM,PLX-4720,2016-01-22T00:00:00Z,2016-01-26T00:00:00Z,SIDM00781,False,SIDM00781,SIDP00035,large_intestine,Adherent,R,True,True,True,True,True,False,True,True,False,no_development_parent
1738768,12533,231,1036.0,10.0,723,L12-D1-S,Glo,4,37,2536,11900,gdsc:1036:10uM,PLX-4720,2016-01-22T00:00:00Z,2016-01-26T00:00:00Z,SIDM00781,False,SIDM00781,SIDP00035,large_intestine,Adherent,R,True,True,True,True,True,False,True,True,False,no_development_parent
1739856,12534,231,1036.0,10.0,723,L12-D1-S,Glo,4,37,2536,11901,gdsc:1036:10uM,PLX-4720,2016-01-22T00:00:00Z,2016-01-26T00:00:00Z,SIDM00781,False,SIDM00781,SIDP00035,large_intestine,Adherent,R,True,True,True,True,True,False,True,True,False,no_development_parent
1740944,12536,231,1036.0,10.0,723,L12-D1-S,Glo,4,1145,5512,11902,gdsc:1036:10uM,PLX-4720,2016-01-22T00:00:00Z,2016-01-26T00:00:00Z,SIDM01191,False,SIDM01191,SIDP00358,bone,Adherent,R,True,True,True,True,True,False,True,True,False,no_development_parent
1742032,12537,231,1036.0,10.0,723,L12-D1-S,Glo,4,1145,5512,11903,gdsc:1036:10uM,PLX-4720,2016-01-22T00:00:00Z,2016-01-26T00:00:00Z,SIDM01191,False,SIDM01191,SIDP00358,bone,Adherent,R,True,True,True,True,True,False,True,True,False,no_development_parent
1743120,12538,231,1036.0,10.0,723,L12-D1-S,Glo,4,1145,5512,11904,gdsc:1036:10uM,PLX-4720,2016-01-22T00:00:00Z,2016-01-26T00:00:00Z,SIDM01191,False,SIDM01191,SIDP00358,bone,Adherent,R,True,True,True,True,True,False,True,True,False,no_development_parent
1744208,12540,231,1036.0,10.0,723,L12-D1-S,Glo,4,198,4712,11905,gdsc:1036:10uM,PLX-4720,2016-01-22T00:00:00Z,2016-01-26T00:00:00Z,SIDM00237,False,SIDM00237,SIDP00627,lung_NSCLC,Adherent,R,True,True,True,True,True,False,True,True,False,no_development_parent
1745296,12541,231,1036.0,10.0,723,L12-D1-S,Glo,4,198,4712,11906,gdsc:1036:10uM,PLX-4720,2016-01-22T00:00:00Z,2016-01-26T00:00:00Z,SIDM00237,False,SIDM00237,SIDP00627,lung_NSCLC,Adherent,R,True,True,True,True,True,False,True,True,False,no_development_parent
1746384,12542,231,1036.0,10.0,723,L12-D1-S,Glo,4,198,4712,11907,gdsc:1036:10uM,PLX-4720,2016-01-22T00:00:00Z,2016-01-26T00:00:00Z,SIDM00237,False,SIDM00237,SIDP00627,lung_NSCLC,Adherent,R,True,True,True,True,True,False,True,True,False,no_development_parent
1747472,12544,231,1036.0,10.0,723,L12-D1-S,Glo,4,3,5529,11908,gdsc:1036:10uM,PLX-4720,2016-01-22T00:00:00Z,2016-01-26T00:00:00Z,SIDM00841,False,SIDM00841,SIDP00019,large_intestine,Adherent,D/F12,True,True,True,True,True,False,True,True,False,no_development_parent
1748560,12545,231,1036.0,10.0,723,L12-D1-S,Glo,4,3,5529,11909,gdsc:1036:10uM,PLX-4720,2016-01-22T00:00:00Z,2016-01-26T00:00:00Z,SIDM00841,False,SIDM00841,SIDP00019,large_intestine,Adherent,D/F12,True,True,True,True,True,False,True,True,False,no_development_parent
1749648,12546,231,1036.0,10.0,723,L12-D1-S,Glo,4,3,5529,11910,gdsc:1036:10uM,PLX-4720,2016-01-22T00:00:00Z,2016-01-26T00:00:00Z,SIDM00841,False,SIDM00841,SIDP00019,large_intestine,Adherent,D/F12,True,True,True,True,True,False,True,True,False,no_development_parent
1645485,12373,231,1060.0,0.25,1155,R2-D1-S,Glo,4,349,2745,11730,gdsc:1060:0.25uM,PD0325901,2016-01-19T00:00:00Z,2016-01-23T00:00:00Z,SIDM00798,False,SIDM00798,SIDP00051,soft_tissue,Adherent,R,True,True,True,True,True,False,True,True,False,no_development_parent
1646573,12375,231,1060.0,0.25,1155,R2-D1-S,Glo,4,1395,3172,11731,gdsc:1060:0.25uM,PD0325901,2016-01-19T00:00:00Z,2016-01-23T00:00:00Z,SIDM00625,False,SIDM00625,SIDP00164,urogenital_system,Adherent,R,True,True,True,True,True,False,True,True,False,no_development_parent
1647661,12379,231,1060.0,0.25,1155,R2-D1-S,Glo,4,470,2006,11732,gdsc:1060:0.25uM,PD0325901,2016-01-19T00:00:00Z,2016-01-23T00:00:00Z,SIDM00042,False,SIDM00042,SIDP00665,pancreas,Adherent,D/F12,True,True,True,True,True,False,True,True,False,no_development_parent
1648749,12390,231,1060.0,0.25,1155,R2-D1-S,Glo,4,1674,2507,11733,gdsc:1060:0.25uM,PD0325901,2016-01-19T00:00:00Z,2016-01-23T00:00:00Z,SIDM00239,False,SIDM00239,SIDP00625,kidney,Adherent,R,True,True,True,True,True,False,True,True,False,no_development_parent
1649837,12392,231,1060.0,0.25,1155,R2-D1-S,Glo,4,114,2279,11734,gdsc:1060:0.25uM,PD0325901,2016-01-19T00:00:00Z,2016-01-23T00:00:00Z,SIDM00973,False,SIDM00973,SIDP00372,skin,Adherent,R,True,True,True,True,True,False,True,True,False,no_development_parent
1650925,12396,231,1060.0,0.25,1155,R2-D1-S,Glo,4,1939,3084,11735,gdsc:1060:0.25uM,PD0325901,2016-01-19T00:00:00Z,2016-01-23T00:00:00Z,SIDM00550,False,SIDM00550,SIDP00902,aero_dig_tract,Adherent,D/F12,True,True,True,True,True,False,True,True,False,no_development_parent
1652013,12400,231,1060.0,0.25,1155,R2-D1-S,Glo,4,1012,3032,11736,gdsc:1060:0.25uM,PD0325901,2016-01-19T00:00:00Z,2016-01-23T00:00:00Z,SIDM01003,False,SIDM01003,SIDP00486,leukemia,Suspension,R,True,True,True,True,True,False,True,True,False,no_development_parent
1653101,12402,231,1060.0,0.25,1155,R2-D1-S,Glo,4,1210,3003,11737,gdsc:1060:0.25uM,PD0325901,2016-01-19T00:00:00Z,2016-01-23T00:00:00Z,SIDM01016,False,SIDM01016,SIDP00474,leukemia,Suspension,R,True,True,True,True,True,False,True,True,False,no_development_parent
1654189,12404,231,1060.0,0.25,1155,R2-D1-S,Glo,4,313,3042,11738,gdsc:1060:0.25uM,PD0325901,2016-01-19T00:00:00Z,2016-01-23T00:00:00Z,SIDM01018,False,SIDM01018,SIDP00488,lymphoma,Suspension,R,True,True,True,True,True,False,True,True,False,no_development_parent
1655277,12406,231,1060.0,0.25,1155,R2-D1-S,Glo,4,63,2300,11739,gdsc:1060:0.25uM,PD0325901,2016-01-19T00:00:00Z,2016-01-23T00:00:00Z,SIDM01076,False,SIDM01076,SIDP00379,leukemia,Suspension,R,True,True,True,True,True,False,True,True,False,no_development_parent
1656365,12408,231,1060.0,0.25,1155,R2-D1-S,Glo,4,1207,2301,11740,gdsc:1060:0.25uM,PD0325901,2016-01-19T00:00:00Z,2016-01-23T00:00:00Z,SIDM00998,False,SIDM00998,SIDP00384,nervous_system,Adherent,D/F12,True,True,True,True,True,False,True,True,False,no_development_parent
1657453,12410,231,1060.0,0.25,1155,R2-D1-S,Glo,4,1242,3489,11741,gdsc:1060:0.25uM,PD0325901,2016-01-19T00:00:00Z,2016-01-23T00:00:00Z,SIDM00453,False,SIDM00453,SIDP01026,pancreas,Adherent,D/F12,True,True,True,True,True,False,True,True,False,no_development_parent
1658541,12412,231,1060.0,0.25,1155,R2-D1-S,Glo,4,1007,2694,11742,gdsc:1060:0.25uM,PD0325901,2016-01-19T00:00:00Z,2016-01-23T00:00:00Z,SIDM00213,False,SIDM00213,SIDP00525,thyroid,Adherent,D/F12,True,True,True,True,True,False,True,True,False,no_development_parent
1659629,12414,231,1060.0,0.25,1155,R2-D1-S,Glo,4,1515,3048,11743,gdsc:1060:0.25uM,PD0325901,2016-01-19T00:00:00Z,2016-01-23T00:00:00Z,SIDM00609,False,SIDM00609,SIDP00885,kidney,Adherent,D/F12,True,True,True,True,True,False,True,True,False,no_development_parent
1660717,12416,231,1060.0,0.25,1155,R2-D1-S,Glo,4,1403,5970,11744,gdsc:1060:0.25uM,PD0325901,2016-01-19T00:00:00Z,2016-01-23T00:00:00Z,SIDM00759,False,SIDM00759,SIDP00214,lung_NSCLC,Adherent,R,True,True,True,True,True,False,True,True,False,no_development_parent
1661805,12348,231,1060.0,0.25,1155,R2-D1-S,Glo,4,1949,3751,11764,gdsc:1060:0.25uM,PD0325901,2016-01-18T00:00:00Z,2016-01-22T00:00:00Z,SIDM00967,False,SIDM00967,SIDP00377,urogenital_system,Adherent,D/F12,True,True,True,True,True,False,True,True,False,no_development_parent
1662893,12356,231,1060.0,0.25,1155,R2-D1-S,Glo,4,2143,2772,11765,gdsc:1060:0.25uM,PD0325901,2016-01-18T00:00:00Z,2016-01-22T00:00:00Z,SIDM00872,False,SIDM00872,SIDP00115,breast,Adherent,R,True,True,True,True,True,False,True,True,False,no_development_parent
1663981,12346,231,1060.0,0.25,1155,R2-D1-S,Glo,4,891,3067,11766,gdsc:1060:0.25uM,PD0325901,2016-01-18T00:00:00Z,2016-01-22T00:00:00Z,SIDM00491,False,SIDM00491,SIDP00850,thyroid,Adherent,D/F12,True,True,True,True,True,False,True,True,False,no_development_parent
1665069,12340,231,1060.0,0.25,1155,R2-D1-S,Glo,4,711,3285,11767,gdsc:1060:0.25uM,PD0325901,2016-01-18T00:00:00Z,2016-01-22T00:00:00Z,SIDM00750,False,SIDM00750,SIDP00188,lung_NSCLC,Adherent,R,True,True,True,True,True,False,True,True,False,no_development_parent
1666157,12358,231,1060.0,0.25,1155,R2-D1-S,Glo,4,1402,3284,11768,gdsc:1060:0.25uM,PD0325901,2016-01-18T00:00:00Z,2016-01-22T00:00:00Z,SIDM00751,False,SIDM00751,SIDP00187,lung_NSCLC,Adherent,R,True,True,True,True,True,False,True,True,False,no_development_parent
1667245,12330,231,1060.0,0.25,1155,R2-D1-S,Glo,4,1783,2638,11769,gdsc:1060:0.25uM,PD0325901,2016-01-18T00:00:00Z,2016-01-22T00:00:00Z,SIDM00845,False,SIDM00845,SIDP00016,lymphoma,Suspension,R,True,True,True,True,True,False,True,True,False,no_development_parent
1668333,12332,231,1060.0,0.25,1155,R2-D1-S,Glo,4,1034,2631,11770,gdsc:1060:0.25uM,PD0325901,2016-01-18T00:00:00Z,2016-01-22T00:00:00Z,SIDM00951,False,SIDM00951,SIDP00430,leukemia,Suspension,R,True,True,True,True,True,True,True,True,True,
1669421,12328,231,1060.0,0.25,1155,R2-D1-S,Glo,4,901,2364,11771,gdsc:1060:0.25uM,PD0325901,2016-01-18T00:00:00Z,2016-01-22T00:00:00Z,SIDM01047,False,SIDM01047,SIDP00445,leukemia,Suspension,R,True,True,True,True,True,False,True,True,False,no_development_parent
1670509,12338,231,1060.0,0.25,1155,R2-D1-S,Glo,4,2155,2277,11772,gdsc:1060:0.25uM,PD0325901,2016-01-18T00:00:00Z,2016-01-22T00:00:00Z,SIDM00975,False,SIDM00975,SIDP00370,skin,Adherent,R,True,True,True,True,True,False,True,True,False,no_development_parent
1671597,12336,231,1060.0,0.25,1155,R2-D1-S,Glo,4,1530,2389,11773,gdsc:1060:0.25uM,PD0325901,2016-01-18T00:00:00Z,2016-01-22T00:00:00Z,SIDM00227,False,SIDM00227,SIDP00526,neuroblastoma,Adherent,R,True,True,True,True,True,False,True,True,False,no_development_parent
1672685,12354,231,1060.0,0.25,1155,R2-D1-S,Glo,4,567,2679,11774,gdsc:1060:0.25uM,PD0325901,2016-01-18T00:00:00Z,2016-01-22T00:00:00Z,SIDM01048,False,SIDM01048,SIDP00444,myeloma,Semi-Adherent,D/F12,True,True,True,True,True,False,True,True,False,no_development_parent
1673773,12320,231,1060.0,0.25,1155,R2-D1-S,Glo,4,1393,2934,11776,gdsc:1060:0.25uM,PD0325901,2016-01-18T00:00:00Z,2016-01-22T00:00:00Z,SIDM00679,False,SIDM00679,SIDP00136,urogenital_system,Adherent,R,True,True,True,True,True,False,True,True,False,no_development_parent
1674861,12334,231,1060.0,0.25,1155,R2-D1-S,Glo,4,1850,2875,11777,gdsc:1060:0.25uM,PD0325901,2016-01-18T00:00:00Z,2016-01-22T00:00:00Z,SIDM00665,False,SIDM00665,SIDP00128,digestive_system,Adherent,D/F12,True,True,True,True,True,False,True,True,False,no_development_parent
1675949,12364,231,1060.0,0.25,1155,R2-D1-S,Glo,4,612,2379,11778,gdsc:1060:0.25uM,PD0325901,2016-01-18T00:00:00Z,2016-01-22T00:00:00Z,SIDM00197,False,SIDM00197,SIDP00519,bone,Suspension,R,True,True,True,True,True,False,True,True,False,no_development_parent
1677037,12316,231,1060.0,0.25,1155,R2-D1-S,Glo,4,1909,4741,11779,gdsc:1060:0.25uM,PD0325901,2016-01-18T00:00:00Z,2016-01-22T00:00:00Z,SIDM01087,False,SIDM01087,SIDP00292,skin,Adherent,D/F12,True,True,True,True,True,False,True,True,False,no_development_parent
1678125,12322,231,1060.0,0.25,1155,R2-D1-S,Glo,4,1190,2091,11780,gdsc:1060:0.25uM,PD0325901,2016-01-18T00:00:00Z,2016-01-22T00:00:00Z,SIDM00907,False,SIDM00907,SIDP00075,lymphoma,Suspension,R,True,True,True,True,True,False,True,True,False,no_development_parent
1679213,12352,231,1060.0,0.25,1155,R2-D1-S,Glo,4,1640,6374,11781,gdsc:1060:0.25uM,PD0325901,2016-01-18T00:00:00Z,2016-01-22T00:00:00Z,SIDM00235,False,SIDM00235,SIDP00628,kidney,Adherent,D/F12,True,True,True,True,True,False,True,True,False,no_development_parent
1680301,12350,231,1060.0,0.25,1155,R2-D1-S,Glo,4,1913,2232,11782,gdsc:1060:0.25uM,PD0325901,2016-01-18T00:00:00Z,2016-01-22T00:00:00Z,SIDM00111,False,SIDM00111,SIDP00772,nervous_system,Adherent,D/F12,True,True,True,True,True,False,True,True,False,no_development_parent
1681389,12362,231,1060.0,0.25,1155,R2-D1-S,Glo,4,2177,3019,11783,gdsc:1060:0.25uM,PD0325901,2016-01-18T00:00:00Z,2016-01-22T00:00:00Z,SIDM01017,False,SIDM01017,SIDP00479,leukemia,Suspension,R,True,True,True,True,True,False,True,True,False,no_development_parent
1682477,12324,231,1060.0,0.25,1155,R2-D1-S,Glo,4,48,3122,11784,gdsc:1060:0.25uM,PD0325901,2016-01-18T00:00:00Z,2016-01-22T00:00:00Z,SIDM00287,False,SIDM00287,SIDP00581,leukemia,Suspension,R,True,True,True,True,True,False,True,True,False,no_development_parent
1683565,12418,231,1060.0,0.25,1155,R2-D1-S,Glo,4,1534,4742,11805,gdsc:1060:0.25uM,PD0325901,2016-01-19T00:00:00Z,2016-01-23T00:00:00Z,SIDM01060,False,SIDM01060,SIDP00468,skin,Adherent,D/F12,True,True,True,True,True,False,True,True,False,no_development_parent
1684653,12422,231,1060.0,0.25,1155,R2-D1-S,Glo,4,228,3058,11807,gdsc:1060:0.25uM,PD0325901,2016-01-19T00:00:00Z,2016-01-23T00:00:00Z,SIDM00583,False,SIDM00583,SIDP00892,pancreas,Adherent,R,True,True,True,True,True,False,True,True,False,no_development_parent
1685741,12426,231,1060.0,0.25,1155,R2-D1-S,Glo,4,2131,3462,11809,gdsc:1060:0.25uM,PD0325901,2016-01-19T00:00:00Z,2016-01-23T00:00:00Z,SIDM00090,False,SIDM00090,SIDP00755,urogenital_system,Adherent,R,True,True,True,True,True,False,True,True,False,no_development_parent
1686829,12428,231,1060.0,0.25,1155,R2-D1-S,Glo,4,905,2998,11810,gdsc:1060:0.25uM,PD0325901,2016-01-19T00:00:00Z,2016-01-23T00:00:00Z,SIDM01036,False,SIDM01036,SIDP00473,myeloma,Suspension,D/F12,True,True,True,True,True,False,True,True,False,no_development_parent
1687917,12430,231,1060.0,0.25,1155,R2-D1-S,Glo,4,2263,3011,11811,gdsc:1060:0.25uM,PD0325901,2016-01-19T00:00:00Z,2016-01-23T00:00:00Z,SIDM00994,False,SIDM00994,SIDP00388,leukemia,Suspension,R,True,True,True,True,True,False,True,True,False,no_development_parent
1689005,12432,231,1060.0,0.25,1155,R2-D1-S,Glo,4,1096,3737,11812,gdsc:1060:0.25uM,PD0325901,2016-01-19T00:00:00Z,2016-01-23T00:00:00Z,SIDM00968,False,SIDM00968,SIDP00376,urogenital_system,Adherent,R,True,True,True,True,True,False,True,True,False,no_development_parent
1690093,12434,231,1060.0,0.25,1155,R2-D1-S,Glo,4,1799,2801,11813,gdsc:1060:0.25uM,PD0325901,2016-01-19T00:00:00Z,2016-01-23T00:00:00Z,SIDM00846,False,SIDM00846,SIDP00015,urogenital_system,Adherent,D/F12,True,True,True,True,True,False,True,True,False,no_development_parent
1691181,12436,231,1060.0,0.25,1155,R2-D1-S,Glo,4,2053,2071,11814,gdsc:1060:0.25uM,PD0325901,2016-01-19T00:00:00Z,2016-01-23T00:00:00Z,SIDM01083,False,SIDM01083,SIDP00296,aero_dig_tract,Adherent,D/F12,True,True,True,True,True,False,True,True,False,no_development_parent
1692269,12438,231,1060.0,0.25,1155,R2-D1-S,Glo,4,2041,2191,11815,gdsc:1060:0.25uM,PD0325901,2016-01-19T00:00:00Z,2016-01-23T00:00:00Z,SIDM00942,False,SIDM00942,SIDP00409,aero_dig_tract,Adherent,D/F12,True,True,True,True,True,False,True,True,False,no_development_parent
1693357,12440,231,1060.0,0.25,1155,R2-D1-S,Glo,4,1824,2985,11816,gdsc:1060:0.25uM,PD0325901,2016-01-19T00:00:00Z,2016-01-23T00:00:00Z,SIDM00615,False,SIDM00615,SIDP00879,digestive_system,Adherent,D/F12,True,True,True,True,True,False,True,True,False,no_development_parent
1694445,12442,231,1060.0,0.25,1155,R2-D1-S,Glo,4,70,2367,11817,gdsc:1060:0.25uM,PD0325901,2016-01-19T00:00:00Z,2016-01-23T00:00:00Z,SIDM00264,False,SIDM00264,SIDP00637,bone,Adherent,R,True,True,True,True,True,False,True,True,False,no_development_parent
1695533,12444,231,1060.0,0.25,1155,R2-D1-S,Glo,4,14,2564,11818,gdsc:1060:0.25uM,PD0325901,2016-01-19T00:00:00Z,2016-01-23T00:00:00Z,SIDM00108,False,SIDM00108,SIDP00773,skin,Adherent,R,True,True,True,True,True,False,True,True,False,no_development_parent
1696621,12446,231,1060.0,0.25,1155,R2-D1-S,Glo,4,1513,3031,11819,gdsc:1060:0.25uM,PD0325901,2016-01-19T00:00:00Z,2016-01-23T00:00:00Z,SIDM01004,False,SIDM01004,SIDP00485,leukemia,Suspension,R,True,True,True,True,True,False,True,True,False,no_development_parent
1697709,12454,231,1060.0,0.25,1155,R2-D1-S,Glo,4,1562,2327,11845,gdsc:1060:0.25uM,PD0325901,2016-01-21T00:00:00Z,2016-01-25T00:00:00Z,SIDM00285,False,SIDM00285,SIDP00583,neuroblastoma,Suspension,R,True,True,True,True,True,False,True,True,False,no_development_parent
1698797,12458,231,1060.0,0.25,1155,R2-D1-S,Glo,4,2087,5209,11846,gdsc:1060:0.25uM,PD0325901,2016-01-21T00:00:00Z,2016-01-25T00:00:00Z,SIDM01020,False,SIDM01020,SIDP00490,myeloma,Suspension,R,True,True,True,True,True,True,True,True,True,
1699885,12462,231,1060.0,0.25,1155,R2-D1-S,Glo,4,1664,3445,11848,gdsc:1060:0.25uM,PD0325901,2016-01-21T00:00:00Z,2016-01-25T00:00:00Z,SIDM00479,False,SIDM00479,SIDP00826,aero_dig_tract,Adherent,R,True,True,True,True,True,False,True,True,False,no_development_parent
1700973,12464,231,1060.0,0.25,1155,R2-D1-S,Glo,4,928,5513,11849,gdsc:1060:0.25uM,PD0325901,2016-01-21T00:00:00Z,2016-01-25T00:00:00Z,SIDM00527,False,SIDM00527,SIDP00817,large_intestine,Adherent,R,True,True,True,True,True,False,True,True,False,no_development_parent
1702061,12466,231,1060.0,0.25,1155,R2-D1-S,Glo,4,43,5356,11850,gdsc:1060:0.25uM,PD0325901,2016-01-21T00:00:00Z,2016-01-25T00:00:00Z,SIDM00118,False,SIDM00118,SIDP00732,large_intestine,Adherent,R,True,True,True,True,True,False,True,True,False,no_development_parent
1703149,12468,231,1060.0,0.25,1155,R2-D1-S,Glo,4,962,2701,11851,gdsc:1060:0.25uM,PD0325901,2016-01-21T00:00:00Z,2016-01-25T00:00:00Z,SIDM00856,False,SIDM00856,SIDP00099,kidney,Adherent,R,True,True,True,True,True,False,True,True,False,no_development_parent
1704237,12470,231,1060.0,0.25,1155,R2-D1-S,Glo,4,173,3435,11852,gdsc:1060:0.25uM,PD0325901,2016-01-21T00:00:00Z,2016-01-25T00:00:00Z,SIDM00481,False,SIDM00481,SIDP00824,urogenital_system,Adherent,D/F12,True,True,True,True,True,False,True,True,False,no_development_parent
1705325,12472,231,1060.0,0.25,1155,R2-D1-S,Glo,4,580,2651,11853,gdsc:1060:0.25uM,PD0325901,2016-01-21T00:00:00Z,2016-01-25T00:00:00Z,SIDM00523,False,SIDM00523,SIDP00803,lung_SCLC,Adherent,D/F12,True,True,True,True,True,False,True,True,False,no_development_parent
1706413,12474,231,1060.0,0.25,1155,R2-D1-S,Glo,4,5,2221,11854,gdsc:1060:0.25uM,PD0325901,2016-01-21T00:00:00Z,2016-01-25T00:00:00Z,SIDM01170,False,SIDM01170,SIDP00354,urogenital_system,Adherent,D/F12,True,True,True,True,True,False,True,True,False,no_development_parent
1707501,12476,231,1060.0,0.25,1155,R2-D1-S,Glo,4,59,3078,11855,gdsc:1060:0.25uM,PD0325901,2016-01-21T00:00:00Z,2016-01-25T00:00:00Z,SIDM00899,False,SIDM00899,SIDP00063,pancreas,Adherent,R,True,True,True,True,True,False,True,True,False,no_development_parent
1708589,12478,231,1060.0,0.25,1155,R2-D1-S,Glo,4,648,2920,11856,gdsc:1060:0.25uM,PD0325901,2016-01-21T00:00:00Z,2016-01-25T00:00:00Z,SIDM00589,False,SIDM00589,SIDP00867,aero_dig_tract,Adherent,D/F12,True,True,True,True,True,False,True,True,False,no_development_parent
1709677,12480,231,1060.0,0.25,1155,R2-D1-S,Glo,4,1863,6250,11857,gdsc:1060:0.25uM,PD0325901,2016-01-21T00:00:00Z,2016-01-25T00:00:00Z,SIDM01042,False,SIDM01042,SIDP00449,breast,Adherent,D/F12,True,True,True,True,True,False,True,True,False,no_development_parent
1710765,12482,231,1060.0,0.25,1155,R2-D1-S,Glo,4,1004,2565,11858,gdsc:1060:0.25uM,PD0325901,2016-01-21T00:00:00Z,2016-01-25T00:00:00Z,SIDM01179,False,SIDM01179,SIDP00365,soft_tissue,Adherent,D/F12,True,True,True,True,True,False,True,True,False,no_development_parent
1711853,12484,231,1060.0,0.25,1155,R2-D1-S,Glo,4,1009,2713,11859,gdsc:1060:0.25uM,PD0325901,2016-01-21T00:00:00Z,2016-01-25T00:00:00Z,SIDM00544,False,SIDM00544,SIDP00859,neuroblastoma,Adherent,R,True,True,True,True,True,False,True,True,False,no_development_parent
1712941,12486,231,1060.0,0.25,1155,R2-D1-S,Glo,4,154,4313,11860,gdsc:1060:0.25uM,PD0325901,2016-01-21T00:00:00Z,2016-01-25T00:00:00Z,SIDM00216,False,SIDM00216,SIDP00536,large_intestine,Suspension,R,True,True,True,True,True,False,True,True,False,no_development_parent
1714029,12488,231,1060.0,0.25,1155,R2-D1-S,Glo,4,405,2962,11861,gdsc:1060:0.25uM,PD0325901,2016-01-21T00:00:00Z,2016-01-25T00:00:00Z,SIDM00602,False,SIDM00602,SIDP00875,digestive_system,Adherent,R,True,True,True,True,True,False,True,True,False,no_development_parent
1715117,12490,231,1060.0,0.25,1155,R2-D1-S,Glo,4,2201,3421,11862,gdsc:1060:0.25uM,PD0325901,2016-01-21T00:00:00Z,2016-01-25T00:00:00Z,SIDM00105,False,SIDM00105,SIDP00752,urogenital_system,Adherent,R,True,True,True,True,True,False,True,True,False,no_development_parent
1716205,12492,231,1060.0,0.25,1155,R2-D1-S,Glo,4,1175,6229,11863,gdsc:1060:0.25uM,PD0325901,2016-01-21T00:00:00Z,2016-01-25T00:00:00Z,SIDM00339,False,SIDM00339,SIDP00991,lung_NSCLC,Adherent,D/F12,True,True,True,True,True,False,True,True,False,no_development_parent
1717293,12498,231,1060.0,0.25,1155,R2-D1-S,Glo,4,1011,4739,11865,gdsc:1060:0.25uM,PD0325901,2016-01-21T00:00:00Z,2016-01-25T00:00:00Z,SIDM00850,False,SIDM00850,SIDP00059,digestive_system,Adherent,D/F12,True,True,True,True,True,False,True,True,False,no_development_parent
1718381,12500,231,1060.0,0.25,1155,R2-D1-S,Glo,4,726,3089,11866,gdsc:1060:0.25uM,PD0325901,2016-01-21T00:00:00Z,2016-01-25T00:00:00Z,SIDM00898,False,SIDM00898,SIDP00064,breast,Adherent,R,True,True,True,True,True,False,True,True,False,no_development_parent
1719469,12502,231,1060.0,0.25,1155,R2-D1-S,Glo,4,1505,3104,11867,gdsc:1060:0.25uM,PD0325901,2016-01-21T00:00:00Z,2016-01-25T00:00:00Z,SIDM00343,False,SIDM00343,SIDP00987,nervous_system,Adherent,D/F12,True,True,True,True,True,False,True,True,False,no_development_parent
1720557,12504,231,1060.0,0.25,1155,R2-D1-S,Glo,4,382,3801,11868,gdsc:1060:0.25uM,PD0325901,2016-01-21T00:00:00Z,2016-01-25T00:00:00Z,SIDM00250,False,SIDM00250,SIDP00631,aero_dig_tract,Adherent,R,True,True,True,True,True,False,True,True,False,no_development_parent
1721645,12506,231,1060.0,0.25,1155,R2-D1-S,Glo,4,1465,2446,11869,gdsc:1060:0.25uM,PD0325901,2016-01-21T00:00:00Z,2016-01-25T00:00:00Z,SIDM00982,False,SIDM00982,SIDP00381,nervous_system,Adherent,R,True,True,True,True,True,False,True,True,False,no_development_parent
1722733,12552,231,1060.0,0.25,1155,R2-D1-S,Glo,4,6,2227,11870,gdsc:1060:0.25uM,PD0325901,2016-01-21T00:00:00Z,2016-01-25T00:00:00Z,SIDM01205,False,SIDM01205,SIDP00356,lymphoma,Suspension,R,True,True,True,True,True,False,True,True,False,no_development_parent
1723821,12554,231,1060.0,0.25,1155,R2-D1-S,Glo,4,2232,3800,11871,gdsc:1060:0.25uM,PD0325901,2016-01-21T00:00:00Z,2016-01-25T00:00:00Z,SIDM00047,False,SIDM00047,SIDP00660,lung_NSCLC,Adherent,R,True,True,True,True,True,False,True,True,False,no_development_parent
1724909,12556,231,1060.0,0.25,1155,R2-D1-S,Glo,4,600,3095,11872,gdsc:1060:0.25uM,PD0325901,2016-01-21T00:00:00Z,2016-01-25T00:00:00Z,SIDM00300,False,SIDM00300,SIDP00607,lung_NSCLC,Adherent,R,True,True,True,True,True,False,True,True,False,no_development_parent
1725997,12558,231,1060.0,0.25,1155,R2-D1-S,Glo,4,1161,2025,11873,gdsc:1060:0.25uM,PD0325901,2016-01-21T00:00:00Z,2016-01-25T00:00:00Z,SIDM01237,False,SIDM01237,SIDP00073,digestive_system,Adherent,D/F12,True,True,True,True,True,False,True,True,False,no_development_parent
1727085,12452,231,1060.0,0.25,1155,R2-D1-S,Glo,4,617,3023,11874,gdsc:1060:0.25uM,PD0325901,2016-01-21T00:00:00Z,2016-01-25T00:00:00Z,SIDM01007,False,SIDM01007,SIDP00482,leukemia,Suspension,R,True,True,True,True,True,False,True,True,False,no_development_parent
1728173,12510,231,1060.0,0.25,1155,R2-D1-S,Glo,4,953,6231,11886,gdsc:1060:0.25uM,PD0325901,2016-01-22T00:00:00Z,2016-01-26T00:00:00Z,SIDM00795,False,SIDM00795,SIDP00054,skin,Adherent,D/F12,True,True,True,True,True,False,True,True,False,no_development_parent
1729261,12516,231,1060.0,0.25,1155,R2-D1-S,Glo,4,2242,4711,11890,gdsc:1060:0.25uM,PD0325901,2016-01-22T00:00:00Z,2016-01-26T00:00:00Z,SIDM00890,False,SIDM00890,SIDP00071,skin,Adherent,D/F12,True,True,True,True,True,False,True,True,False,no_development_parent
1730349,12517,231,1060.0,0.25,1155,R2-D1-S,Glo,4,2242,4711,11891,gdsc:1060:0.25uM,PD0325901,2016-01-22T00:00:00Z,2016-01-26T00:00:00Z,SIDM00890,False,SIDM00890,SIDP00071,skin,Adherent,D/F12,True,True,True,True,True,False,True,True,False,no_development_parent
1731437,12518,231,1060.0,0.25,1155,R2-D1-S,Glo,4,2242,4711,11892,gdsc:1060:0.25uM,PD0325901,2016-01-22T00:00:00Z,2016-01-26T00:00:00Z,SIDM00890,False,SIDM00890,SIDP00071,skin,Adherent,D/F12,True,True,True,True,True,False,True,True,False,no_development_parent
1732525,12521,231,1060.0,0.25,1155,R2-D1-S,Glo,4,1212,5530,11894,gdsc:1060:0.25uM,PD0325901,2016-01-22T00:00:00Z,2016-01-26T00:00:00Z,SIDM00136,False,SIDM00136,SIDP00736,large_intestine,Adherent,R,True,True,True,True,True,False,True,True,False,no_development_parent
1733613,12522,231,1060.0,0.25,1155,R2-D1-S,Glo,4,1212,5530,11895,gdsc:1060:0.25uM,PD0325901,2016-01-22T00:00:00Z,2016-01-26T00:00:00Z,SIDM00136,False,SIDM00136,SIDP00736,large_intestine,Adherent,R,True,True,True,True,True,False,True,True,False,no_development_parent
1734701,12528,231,1060.0,0.25,1155,R2-D1-S,Glo,4,339,5947,11896,gdsc:1060:0.25uM,PD0325901,2016-01-22T00:00:00Z,2016-01-26T00:00:00Z,SIDM00386,False,SIDM00386,SIDP01001,bone,Adherent,R,True,True,True,True,True,False,True,True,False,no_development_parent
1735789,12529,231,1060.0,0.25,1155,R2-D1-S,Glo,4,339,5947,11897,gdsc:1060:0.25uM,PD0325901,2016-01-22T00:00:00Z,2016-01-26T00:00:00Z,SIDM00386,False,SIDM00386,SIDP01001,bone,Adherent,R,True,True,True,True,True,False,True,True,False,no_development_parent
1736877,12530,231,1060.0,0.25,1155,R2-D1-S,Glo,4,339,5947,11898,gdsc:1060:0.25uM,PD0325901,2016-01-22T00:00:00Z,2016-01-26T00:00:00Z,SIDM00386,False,SIDM00386,SIDP01001,bone,Adherent,R,True,True,True,True,True,False,True,True,False,no_development_parent
1737965,12532,231,1060.0,0.25,1155,R2-D1-S,Glo,4,37,2536,11899,gdsc:1060:0.25uM,PD0325901,2016-01-22T00:00:00Z,2016-01-26T00:00:00Z,SIDM00781,False,SIDM00781,SIDP00035,large_intestine,Adherent,R,True,True,True,True,True,False,True,True,False,no_development_parent
1739053,12533,231,1060.0,0.25,1155,R2-D1-S,Glo,4,37,2536,11900,gdsc:1060:0.25uM,PD0325901,2016-01-22T00:00:00Z,2016-01-26T00:00:00Z,SIDM00781,False,SIDM00781,SIDP00035,large_intestine,Adherent,R,True,True,True,True,True,False,True,True,False,no_development_parent
1740141,12534,231,1060.0,0.25,1155,R2-D1-S,Glo,4,37,2536,11901,gdsc:1060:0.25uM,PD0325901,2016-01-22T00:00:00Z,2016-01-26T00:00:00Z,SIDM00781,False,SIDM00781,SIDP00035,large_intestine,Adherent,R,True,True,True,True,True,False,True,True,False,no_development_parent
1741229,12536,231,1060.0,0.25,1155,R2-D1-S,Glo,4,1145,5512,11902,gdsc:1060:0.25uM,PD0325901,2016-01-22T00:00:00Z,2016-01-26T00:00:00Z,SIDM01191,False,SIDM01191,SIDP00358,bone,Adherent,R,True,True,True,True,True,False,True,True,False,no_development_parent
1742317,12537,231,1060.0,0.25,1155,R2-D1-S,Glo,4,1145,5512,11903,gdsc:1060:0.25uM,PD0325901,2016-01-22T00:00:00Z,2016-01-26T00:00:00Z,SIDM01191,False,SIDM01191,SIDP00358,bone,Adherent,R,True,True,True,True,True,False,True,True,False,no_development_parent
1743405,12538,231,1060.0,0.25,1155,R2-D1-S,Glo,4,1145,5512,11904,gdsc:1060:0.25uM,PD0325901,2016-01-22T00:00:00Z,2016-01-26T00:00:00Z,SIDM01191,False,SIDM01191,SIDP00358,bone,Adherent,R,True,True,True,True,True,False,True,True,False,no_development_parent
1744493,12540,231,1060.0,0.25,1155,R2-D1-S,Glo,4,198,4712,11905,gdsc:1060:0.25uM,PD0325901,2016-01-22T00:00:00Z,2016-01-26T00:00:00Z,SIDM00237,False,SIDM00237,SIDP00627,lung_NSCLC,Adherent,R,True,True,True,True,True,False,True,True,False,no_development_parent
1745581,12541,231,1060.0,0.25,1155,R2-D1-S,Glo,4,198,4712,11906,gdsc:1060:0.25uM,PD0325901,2016-01-22T00:00:00Z,2016-01-26T00:00:00Z,SIDM00237,False,SIDM00237,SIDP00627,lung_NSCLC,Adherent,R,True,True,True,True,True,False,True,True,False,no_development_parent
1746669,12542,231,1060.0,0.25,1155,R2-D1-S,Glo,4,198,4712,11907,gdsc:1060:0.25uM,PD0325901,2016-01-22T00:00:00Z,2016-01-26T00:00:00Z,SIDM00237,False,SIDM00237,SIDP00627,lung_NSCLC,Adherent,R,True,True,True,True,True,False,True,True,False,no_development_parent
1747757,12544,231,1060.0,0.25,1155,R2-D1-S,Glo,4,3,5529,11908,gdsc:1060:0.25uM,PD0325901,2016-01-22T00:00:00Z,2016-01-26T00:00:00Z,SIDM00841,False,SIDM00841,SIDP00019,large_intestine,Adherent,D/F12,True,True,True,True,True,False,True,True,False,no_development_parent
1748845,12545,231,1060.0,0.25,1155,R2-D1-S,Glo,4,3,5529,11909,gdsc:1060:0.25uM,PD0325901,2016-01-22T00:00:00Z,2016-01-26T00:00:00Z,SIDM00841,False,SIDM00841,SIDP00019,large_intestine,Adherent,D/F12,True,True,True,True,True,False,True,True,False,no_development_parent
1749933,12546,231,1060.0,0.25,1155,R2-D1-S,Glo,4,3,5529,11910,gdsc:1060:0.25uM,PD0325901,2016-01-22T00:00:00Z,2016-01-26T00:00:00Z,SIDM00841,False,SIDM00841,SIDP00019,large_intestine,Adherent,D/F12,True,True,True,True,True,False,True,True,False,no_development_parent
1750736,12548,231,1036.0,10.0,723,L12-D1-S,Glo,4,1553,5232,11911,gdsc:1036:10uM,PLX-4720,2016-01-22T00:00:00Z,2016-01-26T00:00:00Z,SIDM00789,False,SIDM00789,SIDP00030,large_intestine,Adherent,R,True,True,True,True,True,False,True,True,False,no_development_parent
1751824,12549,231,1036.0,10.0,723,L12-D1-S,Glo,4,1553,5232,11912,gdsc:1036:10uM,PLX-4720,2016-01-22T00:00:00Z,2016-01-26T00:00:00Z,SIDM00789,False,SIDM00789,SIDP00030,large_intestine,Adherent,R,True,True,True,True,True,False,True,True,False,no_development_parent
1752912,12550,231,1036.0,10.0,723,L12-D1-S,Glo,4,1553,5232,11913,gdsc:1036:10uM,PLX-4720,2016-01-22T00:00:00Z,2016-01-26T00:00:00Z,SIDM00789,False,SIDM00789,SIDP00030,large_intestine,Adherent,R,True,True,True,True,True,False,True,True,False,no_development_parent
1754000,12508,231,1036.0,10.0,723,L12-D1-S,Glo,4,953,6231,11914,gdsc:1036:10uM,PLX-4720,2016-01-22T00:00:00Z,2016-01-26T00:00:00Z,SIDM00795,False,SIDM00795,SIDP00054,skin,Adherent,D/F12,True,True,True,True,True,False,True,True,False,no_development_parent
1755088,12562,231,1036.0,10.0,723,L12-D1-S,Glo,4,1102,2813,11985,gdsc:1036:10uM,PLX-4720,2016-01-25T00:00:00Z,2016-01-29T00:00:00Z,SIDM00290,False,SIDM00290,SIDP00597,digestive_system,Adherent,D/F12,True,True,True,True,True,False,True,True,False,no_development_parent
1756176,12564,231,1036.0,10.0,723,L12-D1-S,Glo,4,346,3166,11986,gdsc:1036:10uM,PLX-4720,2016-01-25T00:00:00Z,2016-01-29T00:00:00Z,SIDM00992,False,SIDM00992,SIDP00390,thyroid,Adherent,R,True,True,True,True,True,False,True,True,False,no_development_parent
1757264,12566,231,1036.0,10.0,723,L12-D1-S,Glo,4,578,2529,11987,gdsc:1036:10uM,PLX-4720,2016-01-25T00:00:00Z,2016-01-29T00:00:00Z,SIDM00379,False,SIDM00379,SIDP00954,nervous_system,Adherent,R,True,True,True,True,True,False,True,True,False,no_development_parent
1758352,12570,231,1036.0,10.0,723,L12-D1-S,Glo,4,1548,3293,11988,gdsc:1036:10uM,PLX-4720,2016-01-25T00:00:00Z,2016-01-29T00:00:00Z,SIDM00745,False,SIDM00745,SIDP00193,lung_NSCLC,Adherent,R,True,True,True,True,True,False,True,True,False,no_development_parent
1759440,12572,231,1036.0,10.0,723,L12-D1-S,Glo,4,301,2656,11989,gdsc:1036:10uM,PLX-4720,2016-01-25T00:00:00Z,2016-01-29T00:00:00Z,SIDM00125,False,SIDM00125,SIDP00725,kidney,Adherent,R,True,True,True,True,True,False,True,True,False,no_development_parent
1760528,12574,231,1036.0,10.0,723,L12-D1-S,Glo,4,2046,2561,11990,gdsc:1036:10uM,PLX-4720,2016-01-25T00:00:00Z,2016-01-29T00:00:00Z,SIDM00267,False,SIDM00267,SIDP00634,digestive_system,Adherent,D/F12,True,True,True,True,True,False,True,True,False,no_development_parent
1761616,12576,231,1036.0,10.0,723,L12-D1-S,Glo,4,746,3060,11991,gdsc:1036:10uM,PLX-4720,2016-01-25T00:00:00Z,2016-01-29T00:00:00Z,SIDM00582,False,SIDM00582,SIDP00893,pancreas,Adherent,D/F12,True,True,True,True,True,False,True,True,False,no_development_parent
1762704,12578,231,1036.0,10.0,723,L12-D1-S,Glo,4,743,2795,11992,gdsc:1036:10uM,PLX-4720,2016-01-25T00:00:00Z,2016-01-29T00:00:00Z,SIDM01062,False,SIDM01062,SIDP00466,breast,Adherent,D/F12,True,True,True,True,True,False,True,True,False,no_development_parent
1763792,12580,231,1036.0,10.0,723,L12-D1-S,Glo,4,649,5951,11993,gdsc:1036:10uM,PLX-4720,2016-01-25T00:00:00Z,2016-01-29T00:00:00Z,SIDM00779,False,SIDM00779,SIDP00036,large_intestine,Suspension,R,True,True,True,True,True,False,True,True,False,no_development_parent
1764880,12582,231,1036.0,10.0,723,L12-D1-S,Glo,4,788,3194,11994,gdsc:1036:10uM,PLX-4720,2016-01-25T00:00:00Z,2016-01-29T00:00:00Z,SIDM00388,False,SIDM00388,SIDP01003,leukemia,Suspension,R,True,True,True,True,True,False,True,True,False,no_development_parent
1765968,12584,231,1036.0,10.0,723,L12-D1-S,Glo,4,2125,2747,11995,gdsc:1036:10uM,PLX-4720,2016-01-25T00:00:00Z,2016-01-29T00:00:00Z,SIDM00114,False,SIDM00114,SIDP00775,lung,Semi-Adherent,R,True,True,True,True,True,False,True,True,False,no_development_parent
1767056,12592,231,1036.0,10.0,723,L12-D1-S,Glo,4,2195,2942,11998,gdsc:1036:10uM,PLX-4720,2016-01-25T00:00:00Z,2016-01-29T00:00:00Z,SIDM00585,False,SIDM00585,SIDP00871,digestive_system,Adherent,D/F12,True,True,True,True,True,False,True,True,False,no_development_parent
1768144,12615,231,1036.0,10.0,723,L12-D1-S,Glo,4,1533,2931,12008,gdsc:1036:10uM,PLX-4720,2016-01-25T00:00:00Z,2016-01-29T00:00:00Z,SIDM00676,False,SIDM00676,SIDP00133,urogenital_system,Adherent,D/F12,True,True,True,True,True,False,True,True,False,no_development_parent
1769232,12617,231,1036.0,10.0,723,L12-D1-S,Glo,4,1232,2979,12009,gdsc:1036:10uM,PLX-4720,2016-01-25T00:00:00Z,2016-01-29T00:00:00Z,SIDM00693,False,SIDM00693,SIDP00138,urogenital_system,Adherent,D/F12,True,True,True,True,True,False,True,True,False,no_development_parent
1770320,12619,231,1036.0,10.0,723,L12-D1-S,Glo,4,711,3285,12010,gdsc:1036:10uM,PLX-4720,2016-01-25T00:00:00Z,2016-01-29T00:00:00Z,SIDM00750,False,SIDM00750,SIDP00188,lung_NSCLC,Adherent,R,True,True,True,True,True,False,True,True,False,no_development_parent
1771408,12621,231,1036.0,10.0,723,L12-D1-S,Glo,4,867,2120,12011,gdsc:1036:10uM,PLX-4720,2016-01-25T00:00:00Z,2016-01-29T00:00:00Z,SIDM01100,False,SIDM01100,SIDP00316,neuroblastoma,Adherent,D/F12,True,True,True,True,True,False,True,True,False,no_development_parent
1772496,12623,231,1036.0,10.0,723,L12-D1-S,Glo,4,34,6371,12048,gdsc:1036:10uM,PLX-4720,2016-01-26T00:00:00Z,2016-01-30T00:00:00Z,SIDM00117,False,SIDM00117,SIDP00749,lung_NSCLC,Suspension,R,True,True,True,True,True,False,True,True,False,no_development_parent
1773584,12625,231,1036.0,10.0,723,L12-D1-S,Glo,4,1755,2442,12049,gdsc:1036:10uM,PLX-4720,2016-01-26T00:00:00Z,2016-01-30T00:00:00Z,SIDM00180,False,SIDM00180,SIDP00572,kidney,Adherent,D/F12,True,True,True,True,True,False,True,True,False,no_development_parent
1774672,12627,231,1036.0,10.0,723,L12-D1-S,Glo,4,183,3320,12050,gdsc:1036:10uM,PLX-4720,2016-01-26T00:00:00Z,2016-01-30T00:00:00Z,SIDM00762,False,SIDM00762,SIDP00211,lung_NSCLC,Adherent,D/F12,True,True,True,True,True,False,True,True,False,no_development_parent
1775760,12629,231,1036.0,10.0,723,L12-D1-S,Glo,4,588,5969,12051,gdsc:1036:10uM,PLX-4720,2016-01-26T00:00:00Z,2016-01-30T00:00:00Z,SIDM00148,False,SIDM00148,SIDP00740,breast,Adherent,D/F12,True,True,True,True,True,True,True,True,True,
1776848,12631,231,1036.0,10.0,723,L12-D1-S,Glo,4,599,3077,12052,gdsc:1036:10uM,PLX-4720,2016-01-26T00:00:00Z,2016-01-30T00:00:00Z,SIDM01030,False,SIDM01030,SIDP00495,aero_dig_tract,Adherent,R,True,True,True,True,True,False,True,True,False,no_development_parent
1777936,12633,231,1036.0,10.0,723,L12-D1-S,Glo,4,2108,4950,12053,gdsc:1036:10uM,PLX-4720,2016-01-26T00:00:00Z,2016-01-30T00:00:00Z,SIDM00138,False,SIDM00138,SIDP00747,lung_NSCLC,Adherent,R,True,True,True,True,True,False,True,True,False,no_development_parent
1779024,12637,231,1036.0,10.0,723,L12-D1-S,Glo,4,1804,3091,12055,gdsc:1036:10uM,PLX-4720,2016-01-26T00:00:00Z,2016-01-30T00:00:00Z,SIDM00327,False,SIDM00327,SIDP00981,lymphoma,Suspension,R,True,True,True,True,True,False,True,True,False,no_development_parent
1780112,12645,231,1036.0,10.0,723,L12-D1-S,Glo,4,1215,6270,12059,gdsc:1036:10uM,PLX-4720,2016-01-26T00:00:00Z,2016-01-30T00:00:00Z,SIDM00151,False,SIDM00151,SIDP00737,urogenital_system,Adherent,R,True,True,True,True,True,False,True,True,False,no_development_parent
1781200,12647,231,1036.0,10.0,723,L12-D1-S,Glo,4,1504,3103,12060,gdsc:1036:10uM,PLX-4720,2016-01-26T00:00:00Z,2016-01-30T00:00:00Z,SIDM00684,False,SIDM00684,SIDP00146,nervous_system,Adherent,D/F12,True,True,True,True,True,False,True,True,False,no_development_parent
1782288,12649,231,1036.0,10.0,723,L12-D1-S,Glo,4,99,2923,12061,gdsc:1036:10uM,PLX-4720,2016-01-26T00:00:00Z,2016-01-30T00:00:00Z,SIDM00588,False,SIDM00588,SIDP00868,aero_dig_tract,Adherent,D/F12,True,True,True,True,True,False,True,True,False,no_development_parent
1783376,12660,231,1036.0,10.0,723,L12-D1-S,Glo,4,626,3171,12093,gdsc:1036:10uM,PLX-4720,2016-01-28T00:00:00Z,2016-02-01T00:00:00Z,SIDM00336,False,SIDM00336,SIDP00994,skin,Adherent,R,True,True,True,True,True,False,True,True,False,no_development_parent
1784464,12662,231,1036.0,10.0,723,L12-D1-S,Glo,4,1483,2611,12094,gdsc:1036:10uM,PLX-4720,2016-01-28T00:00:00Z,2016-02-01T00:00:00Z,SIDM00999,False,SIDM00999,SIDP00382,urogenital_system,Adherent,D/F12,True,True,True,True,True,False,True,True,False,no_development_parent
1785552,12664,231,1036.0,10.0,723,L12-D1-S,Glo,4,1868,3794,12095,gdsc:1036:10uM,PLX-4720,2016-01-28T00:00:00Z,2016-02-01T00:00:00Z,SIDM00393,False,SIDM00393,SIDP01045,digestive_system,Adherent,R,True,True,True,True,True,False,True,True,False,no_development_parent
1786640,12666,231,1036.0,10.0,723,L12-D1-S,Glo,4,1797,2723,12096,gdsc:1036:10uM,PLX-4720,2016-01-28T00:00:00Z,2016-02-01T00:00:00Z,SIDM00103,False,SIDM00103,SIDP00777,lung,Adherent,R,True,True,True,True,True,False,True,True,False,no_development_parent
1787728,12668,231,1036.0,10.0,723,L12-D1-S,Glo,4,7,2229,12097,gdsc:1036:10uM,PLX-4720,2016-01-28T00:00:00Z,2016-02-01T00:00:00Z,SIDM01193,False,SIDM01193,SIDP00357,nervous_system,Adherent,D/F12,True,True,True,True,True,False,True,True,False,no_development_parent
1788816,12672,231,1036.0,10.0,723,L12-D1-S,Glo,4,1493,2545,12098,gdsc:1036:10uM,PLX-4720,2016-01-28T00:00:00Z,2016-02-01T00:00:00Z,SIDM00369,False,SIDM00369,SIDP00961,aero_dig_tract,Adherent,D/F12,True,True,True,True,True,False,True,True,False,no_development_parent
1789904,12674,231,1036.0,10.0,723,L12-D1-S,Glo,4,1910,2117,12099,gdsc:1036:10uM,PLX-4720,2016-01-28T00:00:00Z,2016-02-01T00:00:00Z,SIDM00375,False,SIDM00375,SIDP00956,aero_dig_tract,Adherent,R,True,True,True,True,True,False,True,True,False,no_development_parent
1790992,12676,231,1036.0,10.0,723,L12-D1-S,Glo,4,1498,2090,12100,gdsc:1036:10uM,PLX-4720,2016-01-28T00:00:00Z,2016-02-01T00:00:00Z,SIDM00394,False,SIDM00394,SIDP01044,urogenital_system,Adherent,R,True,True,True,True,True,False,True,True,False,no_development_parent
1792080,12678,231,1036.0,10.0,723,L12-D1-S,Glo,4,152,5954,12101,gdsc:1036:10uM,PLX-4720,2016-01-28T00:00:00Z,2016-02-01T00:00:00Z,SIDM00498,False,SIDM00498,SIDP00843,large_intestine,Adherent,R,True,True,True,True,True,False,True,True,False,no_development_parent
1793168,12680,231,1036.0,10.0,723,L12-D1-S,Glo,4,920,3176,12102,gdsc:1036:10uM,PLX-4720,2016-01-28T00:00:00Z,2016-02-01T00:00:00Z,SIDM00334,False,SIDM00334,SIDP00996,urogenital_system,Adherent,D/F12,True,True,True,True,True,False,True,True,False,no_development_parent
1794256,12682,231,1036.0,10.0,723,L12-D1-S,Glo,4,1811,3348,12103,gdsc:1036:10uM,PLX-4720,2016-01-28T00:00:00Z,2016-02-01T00:00:00Z,SIDM00716,False,SIDM00716,SIDP00231,lung_NSCLC,Adherent,R,True,True,True,True,True,False,True,True,False,no_development_parent
1795344,12690,231,1036.0,10.0,723,L12-D1-S,Glo,4,451,3299,12107,gdsc:1036:10uM,PLX-4720,2016-01-28T00:00:00Z,2016-02-01T00:00:00Z,SIDM00741,False,SIDM00741,SIDP00197,lung_SCLC,Suspension,D/F12,True,True,True,True,True,False,True,True,False,no_development_parent
1796432,12692,231,1036.0,10.0,723,L12-D1-S,Glo,4,868,2678,12108,gdsc:1036:10uM,PLX-4720,2016-01-28T00:00:00Z,2016-02-01T00:00:00Z,SIDM00996,False,SIDM00996,SIDP00386,thyroid,Adherent,R,True,True,True,True,True,False,True,True,False,no_development_parent
1797520,12694,231,1036.0,10.0,723,L12-D1-S,Glo,4,931,2984,12109,gdsc:1036:10uM,PLX-4720,2016-01-28T00:00:00Z,2016-02-01T00:00:00Z,SIDM00616,False,SIDM00616,SIDP00878,digestive_system,Adherent,D/F12,True,True,True,True,True,False,True,True,False,no_development_parent
1798608,12696,231,1036.0,10.0,723,L12-D1-S,Glo,4,1457,2226,12110,gdsc:1036:10uM,PLX-4720,2016-01-28T00:00:00Z,2016-02-01T00:00:00Z,SIDM00418,False,SIDM00418,SIDP01059,thyroid,Adherent,R,True,True,True,True,True,False,True,True,False,no_development_parent
1799696,12704,231,1036.0,10.0,723,L12-D1-S,Glo,4,849,2171,12114,gdsc:1036:10uM,PLX-4720,2016-01-28T00:00:00Z,2016-02-01T00:00:00Z,SIDM01163,False,SIDM01163,SIDP00336,lung_NSCLC,Adherent,D/F12,True,True,True,True,True,False,True,True,False,no_development_parent
1800784,12719,231,1036.0,10.0,723,L12-D1-S,Glo,4,1506,3109,12125,gdsc:1036:10uM,PLX-4720,2016-01-29T00:00:00Z,2016-02-02T00:00:00Z,SIDM00341,False,SIDM00341,SIDP00989,lung_NSCLC,Adherent,R,True,True,True,True,True,False,True,True,False,no_development_parent
1801872,12731,231,1036.0,10.0,723,L12-D1-S,Glo,4,1875,6251,12131,gdsc:1036:10uM,PLX-4720,2016-01-29T00:00:00Z,2016-02-02T00:00:00Z,SIDM00654,False,SIDM00654,SIDP00172,lung_SCLC,Adherent,D/F12,True,True,True,True,True,False,True,True,False,no_development_parent
1802960,12717,231,1036.0,10.0,723,L12-D1-S,Glo,4,561,2036,12160,gdsc:1036:10uM,PLX-4720,2016-01-29T00:00:00Z,2016-02-02T00:00:00Z,SIDM00905,False,SIDM00905,SIDP00074,urogenital_system,Adherent,D/F12,True,True,True,True,True,False,True,True,False,no_development_parent
1804048,12733,231,1036.0,10.0,723,L12-D1-S,Glo,4,1941,2997,12165,gdsc:1036:10uM,PLX-4720,2016-02-01T00:00:00Z,2016-02-05T00:00:00Z,SIDM00808,False,SIDM00808,SIDP00044,lymphoma,Suspension,R,True,True,True,True,True,False,True,True,False,no_development_parent
1805136,12735,231,1036.0,10.0,723,L12-D1-S,Glo,4,1878,2159,12166,gdsc:1036:10uM,PLX-4720,2016-02-01T00:00:00Z,2016-02-05T00:00:00Z,SIDM00421,False,SIDM00421,SIDP01056,lymphoma,Suspension,R,True,True,True,True,True,False,True,True,False,no_development_parent
1806224,12737,231,1036.0,10.0,723,L12-D1-S,Glo,4,1748,2147,12167,gdsc:1036:10uM,PLX-4720,2016-02-01T00:00:00Z,2016-02-05T00:00:00Z,SIDM00940,False,SIDM00940,SIDP00404,breast,Adherent,D/F12,True,True,True,True,True,False,True,True,False,no_development_parent
1807312,12739,231,1036.0,10.0,723,L12-D1-S,Glo,4,1984,2182,12168,gdsc:1036:10uM,PLX-4720,2016-02-01T00:00:00Z,2016-02-05T00:00:00Z,SIDM01174,False,SIDM01174,SIDP00342,urogenital_system,Adherent,D/F12,True,True,True,True,True,False,True,True,False,no_development_parent
1808400,12741,231,1036.0,10.0,723,L12-D1-S,Glo,4,1089,2702,12169,gdsc:1036:10uM,PLX-4720,2016-02-01T00:00:00Z,2016-02-05T00:00:00Z,SIDM00855,False,SIDM00855,SIDP00100,soft_tissue,Adherent,R,True,True,True,True,True,False,True,True,False,no_development_parent
1809488,12743,231,1036.0,10.0,723,L12-D1-S,Glo,4,1156,2278,12170,gdsc:1036:10uM,PLX-4720,2016-02-01T00:00:00Z,2016-02-05T00:00:00Z,SIDM00974,False,SIDM00974,SIDP00371,skin,Adherent,R,True,True,True,True,True,False,True,True,False,no_development_parent
1810576,12745,231,1036.0,10.0,723,L12-D1-S,Glo,4,1914,2248,12171,gdsc:1036:10uM,PLX-4720,2016-02-01T00:00:00Z,2016-02-05T00:00:00Z,SIDM01183,False,SIDM01183,SIDP00363,lung_NSCLC,Adherent,D/F12,True,True,True,True,True,False,True,True,False,no_development_parent
1811664,12747,231,1036.0,10.0,723,L12-D1-S,Glo,4,354,2787,12172,gdsc:1036:10uM,PLX-4720,2016-02-01T00:00:00Z,2016-02-05T00:00:00Z,SIDM01067,False,SIDM01067,SIDP00462,lung_NSCLC,Adherent,R,True,True,True,True,True,False,True,True,False,no_development_parent
1812752,12749,231,1036.0,10.0,723,L12-D1-S,Glo,4,888,2830,12173,gdsc:1036:10uM,PLX-4720,2016-02-01T00:00:00Z,2016-02-05T00:00:00Z,SIDM00134,False,SIDM00134,SIDP00734,lung_NSCLC,Adherent,D/F12,True,True,True,True,True,False,True,True,False,no_development_parent
1813840,12751,231,1036.0,10.0,723,L12-D1-S,Glo,4,2039,2176,12174,gdsc:1036:10uM,PLX-4720,2016-02-01T00:00:00Z,2016-02-05T00:00:00Z,SIDM01160,False,SIDM01160,SIDP00343,urogenital_system,Adherent,D/F12,True,True,True,True,True,False,True,True,False,no_development_parent
1814928,12753,231,1036.0,10.0,723,L12-D1-S,Glo,4,606,6330,12175,gdsc:1036:10uM,PLX-4720,2016-02-01T00:00:00Z,2016-02-05T00:00:00Z,SIDM00092,False,SIDM00092,SIDP00753,urogenital_system,Adherent,R,True,True,True,True,True,False,True,True,False,no_development_parent
1816016,12755,231,1036.0,10.0,723,L12-D1-S,Glo,4,960,2029,12176,gdsc:1036:10uM,PLX-4720,2016-02-01T00:00:00Z,2016-02-05T00:00:00Z,SIDM00356,False,SIDM00356,SIDP00939,lung_NSCLC,Adherent,R,True,True,True,True,True,False,True,True,False,no_development_parent
1817104,12761,231,1036.0,10.0,723,L12-D1-S,Glo,4,2215,2515,12177,gdsc:1036:10uM,PLX-4720,2016-02-01T00:00:00Z,2016-02-05T00:00:00Z,SIDM01088,False,SIDM01088,SIDP00291,urogenital_system,Adherent,D/F12,True,True,True,True,True,False,True,True,False,no_development_parent
1818192,12763,231,1036.0,10.0,723,L12-D1-S,Glo,4,793,2354,12178,gdsc:1036:10uM,PLX-4720,2016-02-01T00:00:00Z,2016-02-05T00:00:00Z,SIDM00949,False,SIDM00949,SIDP00432,lymphoma,Suspension,R,True,True,True,True,True,False,True,True,False,no_development_parent
1819280,12765,231,1036.0,10.0,723,L12-D1-S,Glo,4,1206,3056,12179,gdsc:1036:10uM,PLX-4720,2016-02-01T00:00:00Z,2016-02-05T00:00:00Z,SIDM01034,False,SIDM01034,SIDP00491,leukemia,Suspension,R,True,True,True,True,True,False,True,True,False,no_development_parent
1820368,12771,231,1036.0,10.0,723,L12-D1-S,Glo,4,323,2373,12182,gdsc:1036:10uM,PLX-4720,2016-02-01T00:00:00Z,2016-02-05T00:00:00Z,SIDM00276,False,SIDM00276,SIDP00592,digestive_system,Adherent,R,True,True,True,True,True,False,True,True,False,no_development_parent
1821456,12775,231,1036.0,10.0,723,L12-D1-S,Glo,4,2095,2386,12184,gdsc:1036:10uM,PLX-4720,2016-02-01T00:00:00Z,2016-02-05T00:00:00Z,SIDM00581,False,SIDM00581,SIDP00858,nervous_system,Adherent,D/F12,True,True,True,True,True,False,True,True,False,no_development_parent
1822544,12777,231,1036.0,10.0,723,L12-D1-S,Glo,4,1844,2323,12185,gdsc:1036:10uM,PLX-4720,2016-02-01T00:00:00Z,2016-02-05T00:00:00Z,SIDM00921,False,SIDM00921,SIDP00078,lung_NSCLC,Adherent,D/F12,True,True,True,True,True,False,True,True,False,no_development_parent
1823632,12779,231,1036.0,10.0,723,L12-D1-S,Glo,4,672,3266,12186,gdsc:1036:10uM,PLX-4720,2016-02-01T00:00:00Z,2016-02-05T00:00:00Z,SIDM00987,False,SIDM00987,SIDP00395,thyroid,Adherent,D/F12,True,True,True,True,True,False,True,True,False,no_development_parent
1824720,12781,231,1036.0,10.0,723,L12-D1-S,Glo,4,2150,2637,12187,gdsc:1036:10uM,PLX-4720,2016-02-01T00:00:00Z,2016-02-05T00:00:00Z,SIDM00887,False,SIDM00887,SIDP00088,nervous_system,Adherent,D/F12,True,True,True,True,True,False,True,True,False,no_development_parent
1825808,12783,231,1036.0,10.0,723,L12-D1-S,Glo,4,1523,2322,12188,gdsc:1036:10uM,PLX-4720,2016-02-01T00:00:00Z,2016-02-05T00:00:00Z,SIDM00961,False,SIDM00961,SIDP00402,bone,Suspension,R,True,True,True,True,True,False,True,True,False,no_development_parent
1826896,12785,231,1036.0,10.0,723,L12-D1-S,Glo,4,1680,3796,12189,gdsc:1036:10uM,PLX-4720,2016-02-01T00:00:00Z,2016-02-05T00:00:00Z,SIDM00539,False,SIDM00539,SIDP00806,aero_dig_tract,Adherent,R,True,True,True,True,True,False,True,True,False,no_development_parent
1827984,12789,231,1036.0,10.0,723,L12-D1-S,Glo,4,1238,3291,12190,gdsc:1036:10uM,PLX-4720,2016-02-01T00:00:00Z,2016-02-05T00:00:00Z,SIDM00747,False,SIDM00747,SIDP00191,lung_NSCLC,Adherent,D/F12,True,True,True,True,True,False,True,True,False,no_development_parent
1829072,12812,231,1036.0,10.0,723,L12-D1-S,Glo,4,329,2936,12248,gdsc:1036:10uM,PLX-4720,2016-02-04T00:00:00Z,2016-02-08T00:00:00Z,SIDM00496,False,SIDM00496,SIDP00845,thyroid,Adherent,D/F12,True,True,True,True,True,False,True,True,False,no_development_parent
1830160,12822,231,1036.0,10.0,723,L12-D1-S,Glo,4,1990,5511,12251,gdsc:1036:10uM,PLX-4720,2016-02-04T00:00:00Z,2016-02-08T00:00:00Z,SIDM00150,False,SIDM00150,SIDP00738,large_intestine,Adherent,R,True,True,True,True,True,False,True,True,False,no_development_parent
1831248,12826,231,1036.0,10.0,723,L12-D1-S,Glo,4,1506,3109,12253,gdsc:1036:10uM,PLX-4720,2016-02-04T00:00:00Z,2016-02-08T00:00:00Z,SIDM00341,False,SIDM00341,SIDP00989,lung_NSCLC,Adherent,R,True,True,True,True,True,False,True,True,False,no_development_parent
1832336,12842,231,1036.0,10.0,723,L12-D1-S,Glo,4,23,2012,12257,gdsc:1036:10uM,PLX-4720,2016-02-04T00:00:00Z,2016-02-08T00:00:00Z,SIDM01114,False,SIDM01114,SIDP00286,urogenital_system,Adherent,D/F12,True,True,True,True,True,False,True,True,False,no_development_parent
1833424,12852,231,1036.0,10.0,723,L12-D1-S,Glo,4,2169,2135,12261,gdsc:1036:10uM,PLX-4720,2016-02-04T00:00:00Z,2016-02-08T00:00:00Z,SIDM01181,False,SIDM01181,SIDP00323,digestive_system,Adherent,R,True,True,True,True,True,False,True,True,False,no_development_parent
1834512,12952,231,1036.0,10.0,723,L12-D1-S,Glo,4,13,2558,12265,gdsc:1036:10uM,PLX-4720,2016-02-04T00:00:00Z,2016-02-08T00:00:00Z,SIDM00910,False,SIDM00910,SIDP00085,neuroblastoma,Adherent,D/F12,True,True,True,True,True,False,True,True,False,no_development_parent
1835600,13012,231,1036.0,10.0,723,L12-D1-S,Glo,4,476,2228,12425,gdsc:1036:10uM,PLX-4720,2016-02-08T00:00:00Z,2016-02-12T00:00:00Z,SIDM00321,False,SIDM00321,SIDP00971,urogenital_system,Adherent,D/F12,True,True,True,True,True,False,True,True,False,no_development_parent
1836688,12966,231,1036.0,10.0,723,L12-D1-S,Glo,4,1784,2640,12426,gdsc:1036:10uM,PLX-4720,2016-02-08T00:00:00Z,2016-02-12T00:00:00Z,SIDM00867,False,SIDM00867,SIDP00090,nervous_system,Adherent,R,True,True,True,True,True,False,True,True,False,no_development_parent
1837776,12974,231,1036.0,10.0,723,L12-D1-S,Glo,4,668,3797,12427,gdsc:1036:10uM,PLX-4720,2016-02-08T00:00:00Z,2016-02-12T00:00:00Z,SIDM00538,False,SIDM00538,SIDP00807,aero_dig_tract,Semi-Adherent,R,True,True,True,True,True,False,True,True,False,no_development_parent
1838864,13006,231,1036.0,10.0,723,L12-D1-S,Glo,4,705,2516,12429,gdsc:1036:10uM,PLX-4720,2016-02-08T00:00:00Z,2016-02-12T00:00:00Z,SIDM00087,False,SIDM00087,SIDP00757,myeloma,Suspension,R,True,True,True,True,True,True,True,True,True,
1839952,12996,231,1036.0,10.0,723,L12-D1-S,Glo,4,358,3463,12430,gdsc:1036:10uM,PLX-4720,2016-02-08T00:00:00Z,2016-02-12T00:00:00Z,SIDM00564,False,SIDM00564,SIDP00927,urogenital_system,Adherent,R,True,True,True,True,True,False,True,True,False,no_development_parent
1841040,12970,231,1036.0,10.0,723,L12-D1-S,Glo,4,1625,3832,12431,gdsc:1036:10uM,PLX-4720,2016-02-08T00:00:00Z,2016-02-12T00:00:00Z,SIDM00049,False,SIDM00049,SIDP00658,large_intestine,Adherent,D/F12,True,True,True,True,True,False,True,True,False,no_development_parent
1842128,12990,231,1036.0,10.0,723,L12-D1-S,Glo,4,193,3035,12432,gdsc:1036:10uM,PLX-4720,2016-02-08T00:00:00Z,2016-02-12T00:00:00Z,SIDM00785,False,SIDM00785,SIDP00031,leukemia,Suspension,D/F12,True,True,True,True,True,False,True,True,False,no_development_parent
1843216,12958,231,1036.0,10.0,723,L12-D1-S,Glo,4,2198,3055,12433,gdsc:1036:10uM,PLX-4720,2016-02-08T00:00:00Z,2016-02-12T00:00:00Z,SIDM00900,False,SIDM00900,SIDP00062,myeloma,Suspension,R,True,True,True,True,True,False,True,True,False,no_development_parent
1844304,12972,231,1036.0,10.0,723,L12-D1-S,Glo,4,1665,2665,12434,gdsc:1036:10uM,PLX-4720,2016-02-08T00:00:00Z,2016-02-12T00:00:00Z,SIDM00486,False,SIDM00486,SIDP00855,lung_NSCLC,Adherent,D/F12,True,True,True,True,True,False,True,True,False,no_development_parent
1845392,12988,231,1036.0,10.0,723,L12-D1-S,Glo,4,330,2946,12435,gdsc:1036:10uM,PLX-4720,2016-02-08T00:00:00Z,2016-02-12T00:00:00Z,SIDM00599,False,SIDM00599,SIDP00873,bone,Adherent,R,True,True,True,True,True,False,True,True,False,no_development_parent
1846480,13000,231,1036.0,10.0,723,L12-D1-S,Glo,4,1762,2015,12436,gdsc:1036:10uM,PLX-4720,2016-02-08T00:00:00Z,2016-02-12T00:00:00Z,SIDM00844,False,SIDM00844,SIDP00017,lymphoma,Suspension,R,True,True,True,True,True,False,True,True,False,no_development_parent
1847568,12982,231,1036.0,10.0,723,L12-D1-S,Glo,4,1776,2717,12437,gdsc:1036:10uM,PLX-4720,2016-02-08T00:00:00Z,2016-02-12T00:00:00Z,SIDM01058,False,SIDM01058,SIDP00455,lymphoma,Suspension,D/F12,True,True,True,True,True,False,True,True,False,no_development_parent
1848656,13010,231,1036.0,10.0,723,L12-D1-S,Glo,4,2194,2199,12438,gdsc:1036:10uM,PLX-4720,2016-02-08T00:00:00Z,2016-02-12T00:00:00Z,SIDM00419,False,SIDM00419,SIDP01058,bone,Adherent,D/F12,True,True,True,True,True,False,True,True,False,no_development_parent
1849744,12986,231,1036.0,10.0,723,L12-D1-S,Glo,4,2101,6289,12439,gdsc:1036:10uM,PLX-4720,2016-02-08T00:00:00Z,2016-02-12T00:00:00Z,SIDM00584,False,SIDM00584,SIDP00872,bone,Adherent,R,True,True,True,True,True,False,True,True,False,no_development_parent
1850832,12960,231,1036.0,10.0,723,L12-D1-S,Glo,4,412,3411,12440,gdsc:1036:10uM,PLX-4720,2016-02-08T00:00:00Z,2016-02-12T00:00:00Z,SIDM00963,False,SIDM00963,SIDP00400,breast,Adherent,R,True,True,True,True,True,False,True,True,False,no_development_parent
1851920,13004,231,1036.0,10.0,723,L12-D1-S,Glo,4,449,2032,12441,gdsc:1036:10uM,PLX-4720,2016-02-08T00:00:00Z,2016-02-12T00:00:00Z,SIDM00354,False,SIDM00354,SIDP00941,lung_NSCLC,Adherent,R,True,True,True,True,True,False,True,True,False,no_development_parent
1853008,13002,231,1036.0,10.0,723,L12-D1-S,Glo,4,1763,2020,12442,gdsc:1036:10uM,PLX-4720,2016-02-08T00:00:00Z,2016-02-12T00:00:00Z,SIDM00847,False,SIDM00847,SIDP00013,soft_tissue,Adherent,D/F12,True,True,True,True,True,False,True,True,False,no_development_parent
1854096,12962,231,1036.0,10.0,723,L12-D1-S,Glo,4,4,2213,12443,gdsc:1036:10uM,PLX-4720,2016-02-08T00:00:00Z,2016-02-12T00:00:00Z,SIDM00933,False,SIDM00933,SIDP00411,breast,Adherent,D/F12,True,True,True,True,True,False,True,True,False,no_development_parent
1855184,13076,231,1036.0,10.0,723,L12-D1-S,Glo,4,431,2405,12469,gdsc:1036:10uM,PLX-4720,2016-02-09T00:00:00Z,2016-02-13T00:00:00Z,SIDM01206,False,SIDM01206,SIDP00527,neuroblastoma,Adherent,R,True,True,True,True,True,False,True,True,False,no_development_parent
1856272,13074,231,1036.0,10.0,723,L12-D1-S,Glo,4,1223,3377,12470,gdsc:1036:10uM,PLX-4720,2016-02-09T00:00:00Z,2016-02-13T00:00:00Z,SIDM00964,False,SIDM00964,SIDP00399,urogenital_system,Adherent,R,True,True,True,True,True,False,True,True,False,no_development_parent
1857360,13072,231,1036.0,10.0,723,L12-D1-S,Glo,4,564,6329,12471,gdsc:1036:10uM,PLX-4720,2016-02-09T00:00:00Z,2016-02-13T00:00:00Z,SIDM01146,False,SIDM01146,SIDP00273,digestive_system,Suspension,R,True,True,True,True,True,False,True,True,False,no_development_parent
1858448,13070,231,1036.0,10.0,723,L12-D1-S,Glo,4,1378,3002,12472,gdsc:1036:10uM,PLX-4720,2016-02-09T00:00:00Z,2016-02-13T00:00:00Z,SIDM00688,False,SIDM00688,SIDP00142,lymphoma,Suspension,R,True,True,True,True,True,False,True,True,False,no_development_parent
1859536,13066,231,1036.0,10.0,723,L12-D1-S,Glo,4,562,2063,12473,gdsc:1036:10uM,PLX-4720,2016-02-09T00:00:00Z,2016-02-13T00:00:00Z,SIDM00350,False,SIDM00350,SIDP00945,aero_dig_tract,Adherent,R,True,True,True,True,True,False,True,True,False,no_development_parent
1860624,13062,231,1036.0,10.0,723,L12-D1-S,Glo,4,2133,3473,12474,gdsc:1036:10uM,PLX-4720,2016-02-09T00:00:00Z,2016-02-13T00:00:00Z,SIDM00364,False,SIDM00364,SIDP00931,leukemia,Suspension,R,True,True,True,True,True,False,True,True,False,no_development_parent
1861712,13060,231,1036.0,10.0,723,L12-D1-S,Glo,4,82,3365,12475,gdsc:1036:10uM,PLX-4720,2016-02-09T00:00:00Z,2016-02-13T00:00:00Z,SIDM00724,False,SIDM00724,SIDP00240,lung_NSCLC,Adherent,D/F12,True,True,True,True,True,False,True,True,False,no_development_parent
1862800,13022,231,1036.0,10.0,723,L12-D1-S,Glo,4,2104,5532,12477,gdsc:1036:10uM,PLX-4720,2016-02-09T00:00:00Z,2016-02-13T00:00:00Z,SIDM01233,False,SIDM01233,SIDP00070,large_intestine,Adherent,D/F12,True,True,True,True,True,False,True,True,False,no_development_parent
1863888,13024,231,1036.0,10.0,723,L12-D1-S,Glo,4,275,2200,12478,gdsc:1036:10uM,PLX-4720,2016-02-09T00:00:00Z,2016-02-13T00:00:00Z,SIDM01190,False,SIDM01190,SIDP00351,urogenital_system,Adherent,D/F12,True,True,True,True,True,False,True,True,False,no_development_parent
1864976,13068,231,1036.0,10.0,723,L12-D1-S,Glo,4,618,2949,12479,gdsc:1036:10uM,PLX-4720,2016-02-09T00:00:00Z,2016-02-13T00:00:00Z,SIDM00531,False,SIDM00531,SIDP00813,pancreas,Adherent,D/F12,True,True,True,True,True,False,True,True,False,no_development_parent
1866064,13042,231,1036.0,10.0,723,L12-D1-S,Glo,4,1806,2303,12480,gdsc:1036:10uM,PLX-4720,2016-02-09T00:00:00Z,2016-02-13T00:00:00Z,SIDM00801,False,SIDM00801,SIDP00049,skin,Adherent,D/F12,True,True,True,True,True,False,True,True,False,no_development_parent
1867152,13084,231,1036.0,10.0,723,L12-D1-S,Glo,4,1008,2703,12481,gdsc:1036:10uM,PLX-4720,2016-02-09T00:00:00Z,2016-02-13T00:00:00Z,SIDM00854,False,SIDM00854,SIDP00101,lymphoma,Suspension,R,True,True,True,True,True,False,True,True,False,no_development_parent
1868240,13082,231,1036.0,10.0,723,L12-D1-S,Glo,4,185,2480,12482,gdsc:1036:10uM,PLX-4720,2016-02-09T00:00:00Z,2016-02-13T00:00:00Z,SIDM00917,False,SIDM00917,SIDP00082,leukemia,Suspension,R,True,True,True,True,True,False,True,True,False,no_development_parent
1869328,13078,231,1036.0,10.0,723,L12-D1-S,Glo,4,1309,2053,12484,gdsc:1036:10uM,PLX-4720,2016-02-09T00:00:00Z,2016-02-13T00:00:00Z,SIDM01085,False,SIDM01085,SIDP00294,urogenital_system,Adherent,D/F12,True,True,True,True,True,False,True,True,False,no_development_parent
1870416,13054,231,1036.0,10.0,723,L12-D1-S,Glo,4,801,3267,12486,gdsc:1036:10uM,PLX-4720,2016-02-09T00:00:00Z,2016-02-13T00:00:00Z,SIDM00651,False,SIDM00651,SIDP00175,lung_NSCLC,Suspension,D/F12,True,True,True,True,True,False,True,True,False,no_development_parent
1871504,13052,231,1036.0,10.0,723,L12-D1-S,Glo,4,2148,5359,12487,gdsc:1036:10uM,PLX-4720,2016-02-09T00:00:00Z,2016-02-13T00:00:00Z,SIDM00957,False,SIDM00957,SIDP00424,large_intestine,Semi-Adherent,R,True,True,True,True,True,False,True,True,False,no_development_parent
1872592,13040,231,1036.0,10.0,723,L12-D1-S,Glo,4,1777,2722,12488,gdsc:1036:10uM,PLX-4720,2016-02-09T00:00:00Z,2016-02-13T00:00:00Z,SIDM00799,False,SIDM00799,SIDP00050,nervous_system,Adherent,D/F12,True,True,True,True,True,False,True,True,False,no_development_parent
1873680,13038,231,1036.0,10.0,723,L12-D1-S,Glo,4,2061,2623,12489,gdsc:1036:10uM,PLX-4720,2016-02-09T00:00:00Z,2016-02-13T00:00:00Z,SIDM00983,False,SIDM00983,SIDP00383,urogenital_system,Adherent,D/F12,True,True,True,True,True,False,True,True,False,no_development_parent
1874768,13034,231,1036.0,10.0,723,L12-D1-S,Glo,4,2138,2362,12490,gdsc:1036:10uM,PLX-4720,2016-02-09T00:00:00Z,2016-02-13T00:00:00Z,SIDM00278,False,SIDM00278,SIDP00590,aero_dig_tract,Adherent,D/F12,True,True,True,True,True,False,True,True,False,no_development_parent
1875856,13032,231,1036.0,10.0,723,L12-D1-S,Glo,4,1503,3102,12491,gdsc:1036:10uM,PLX-4720,2016-02-09T00:00:00Z,2016-02-13T00:00:00Z,SIDM00685,False,SIDM00685,SIDP00145,nervous_system,Adherent,D/F12,True,True,True,True,True,False,True,True,False,no_development_parent
1876944,13030,231,1036.0,10.0,723,L12-D1-S,Glo,4,586,5361,12492,gdsc:1036:10uM,PLX-4720,2016-02-09T00:00:00Z,2016-02-13T00:00:00Z,SIDM00003,False,SIDM00003,SIDP00698,skin,Adherent,R,True,True,True,True,True,False,True,True,False,no_development_parent
1878032,13028,231,1036.0,10.0,723,L12-D1-S,Glo,4,951,3075,12493,gdsc:1036:10uM,PLX-4720,2016-02-09T00:00:00Z,2016-02-13T00:00:00Z,SIDM01032,False,SIDM01032,SIDP00493,aero_dig_tract,Adherent,R,True,True,True,True,True,True,True,True,True,
1879120,13160,231,1036.0,10.0,723,L12-D1-S,Glo,4,430,2330,12605,gdsc:1036:10uM,PLX-4720,2016-02-12T00:00:00Z,2016-02-16T00:00:00Z,SIDM00909,False,SIDM00909,SIDP00086,skin,Adherent,R,True,True,True,True,True,False,True,True,False,no_development_parent
1880208,13164,231,1036.0,10.0,723,L12-D1-S,Glo,4,404,2683,12606,gdsc:1036:10uM,PLX-4720,2016-02-12T00:00:00Z,2016-02-16T00:00:00Z,SIDM01044,False,SIDM01044,SIDP00447,lung_NSCLC,Adherent,R,True,True,True,True,True,False,True,True,False,no_development_parent
1881296,13166,231,1036.0,10.0,723,L12-D1-S,Glo,4,1173,2699,12607,gdsc:1036:10uM,PLX-4720,2016-02-12T00:00:00Z,2016-02-16T00:00:00Z,SIDM00857,False,SIDM00857,SIDP00098,skin,Adherent,R,True,True,True,True,True,False,True,True,False,no_development_parent
1882384,13168,231,1036.0,10.0,723,L12-D1-S,Glo,4,164,2708,12608,gdsc:1036:10uM,PLX-4720,2016-02-12T00:00:00Z,2016-02-16T00:00:00Z,SIDM01057,False,SIDM01057,SIDP00453,leukemia,Suspension,R,True,True,True,True,True,False,True,True,False,no_development_parent
1883472,13170,231,1036.0,10.0,723,L12-D1-S,Glo,4,89,2982,12609,gdsc:1036:10uM,PLX-4720,2016-02-12T00:00:00Z,2016-02-16T00:00:00Z,SIDM00618,False,SIDM00618,SIDP00876,digestive_system,Adherent,D/F12,True,True,True,True,True,False,True,True,False,no_development_parent
1884560,13172,231,1036.0,10.0,723,L12-D1-S,Glo,4,995,4308,12610,gdsc:1036:10uM,PLX-4720,2016-02-12T00:00:00Z,2016-02-16T00:00:00Z,SIDM01265,False,SIDM01265,SIDP00165,myeloma,Suspension,R,True,True,True,True,True,False,True,True,False,no_development_parent
1885648,13174,231,1036.0,10.0,723,L12-D1-S,Glo,4,1321,3221,12611,gdsc:1036:10uM,PLX-4720,2016-02-12T00:00:00Z,2016-02-16T00:00:00Z,SIDM00431,False,SIDM00431,SIDP01011,leukemia,Suspension,R,True,True,True,True,True,False,True,True,False,no_development_parent
1886736,13176,231,1036.0,10.0,723,L12-D1-S,Glo,4,634,3298,12612,gdsc:1036:10uM,PLX-4720,2016-02-12T00:00:00Z,2016-02-16T00:00:00Z,SIDM00742,False,SIDM00742,SIDP00196,lung_NSCLC,Adherent,R,True,True,True,True,True,False,True,True,False,no_development_parent
1887824,13178,231,1036.0,10.0,723,L12-D1-S,Glo,4,2228,3305,12613,gdsc:1036:10uM,PLX-4720,2016-02-12T00:00:00Z,2016-02-16T00:00:00Z,SIDM00754,False,SIDM00754,SIDP00202,lung_NSCLC,Adherent,R,True,True,True,True,True,False,True,True,False,no_development_parent
1888912,13180,231,1036.0,10.0,723,L12-D1-S,Glo,4,1537,3347,12614,gdsc:1036:10uM,PLX-4720,2016-02-12T00:00:00Z,2016-02-16T00:00:00Z,SIDM00699,False,SIDM00699,SIDP00230,lung_SCLC,Suspension,D/F12,True,True,True,True,True,False,True,True,False,no_development_parent
1890000,13182,231,1036.0,10.0,723,L12-D1-S,Glo,4,2152,3446,12615,gdsc:1036:10uM,PLX-4720,2016-02-12T00:00:00Z,2016-02-16T00:00:00Z,SIDM00478,False,SIDM00478,SIDP00827,aero_dig_tract,Adherent,R,True,True,True,True,True,False,True,True,False,no_development_parent
1891088,13186,231,1036.0,10.0,723,L12-D1-S,Glo,4,635,3483,12617,gdsc:1036:10uM,PLX-4720,2016-02-12T00:00:00Z,2016-02-16T00:00:00Z,SIDM01136,False,SIDM01136,SIDP00283,pancreas,Adherent,R,True,True,True,True,True,False,True,True,False,no_development_parent
1892176,13188,231,1036.0,10.0,723,L12-D1-S,Glo,4,864,2076,12618,gdsc:1036:10uM,PLX-4720,2016-02-12T00:00:00Z,2016-02-16T00:00:00Z,SIDM00399,False,SIDM00399,SIDP01040,aero_dig_tract,Adherent,R,True,True,True,True,True,False,True,True,False,no_development_parent
1893264,13190,231,1036.0,10.0,723,L12-D1-S,Glo,4,268,2146,12619,gdsc:1036:10uM,PLX-4720,2016-02-12T00:00:00Z,2016-02-16T00:00:00Z,SIDM01188,False,SIDM01188,SIDP00329,pancreas,Adherent,R,True,True,True,True,True,False,True,True,False,no_development_parent
1894352,13192,231,1036.0,10.0,723,L12-D1-S,Glo,4,269,2149,12620,gdsc:1036:10uM,PLX-4720,2016-02-12T00:00:00Z,2016-02-16T00:00:00Z,SIDM00389,False,SIDM00389,SIDP01049,lymphoma,Suspension,R,True,True,True,True,True,False,True,True,False,no_development_parent
1895440,13194,231,1036.0,10.0,723,L12-D1-S,Glo,4,1749,2155,12621,gdsc:1036:10uM,PLX-4720,2016-02-12T00:00:00Z,2016-02-16T00:00:00Z,SIDM00371,False,SIDM00371,SIDP00959,pancreas,Adherent,R,True,True,True,True,True,False,True,True,False,no_development_parent
1896528,13196,231,1036.0,10.0,723,L12-D1-S,Glo,4,1451,2157,12622,gdsc:1036:10uM,PLX-4720,2016-02-12T00:00:00Z,2016-02-16T00:00:00Z,SIDM00422,False,SIDM00422,SIDP01055,lymphoma,Suspension,R,True,True,True,True,True,False,True,True,False,no_development_parent
1897616,13199,231,1036.0,10.0,723,L12-D1-S,Glo,4,1398,6230,12623,gdsc:1036:10uM,PLX-4720,2016-02-12T00:00:00Z,2016-02-16T00:00:00Z,SIDM00242,False,SIDM00242,SIDP00622,bone,Adherent,R,True,True,True,True,True,False,True,True,False,no_development_parent
1898704,13158,231,1036.0,10.0,723,L12-D1-S,Glo,4,572,2491,12645,gdsc:1036:10uM,PLX-4720,2016-02-12T00:00:00Z,2016-02-16T00:00:00Z,SIDM00130,False,SIDM00130,SIDP00720,pancreas,Adherent,R,True,True,True,True,True,False,True,True,False,no_development_parent
1899792,13305,231,1036.0,10.0,723,L12-D1-S,Glo,4,652,2756,12685,gdsc:1036:10uM,PLX-4720,2016-02-15T00:00:00Z,2016-02-19T00:00:00Z,SIDM00797,False,SIDM00797,SIDP00052,skin,Adherent,D/F12,True,True,True,True,True,False,True,True,False,no_development_parent
1900880,13309,231,1036.0,10.0,723,L12-D1-S,Glo,4,1911,2136,12687,gdsc:1036:10uM,PLX-4720,2016-02-15T00:00:00Z,2016-02-19T00:00:00Z,SIDM00937,False,SIDM00937,SIDP00407,aero_dig_tract,Adherent,D/F12,True,True,True,True,True,False,True,True,False,no_development_parent
1901968,13311,231,1036.0,10.0,723,L12-D1-S,Glo,4,1687,5357,12688,gdsc:1036:10uM,PLX-4720,2016-02-15T00:00:00Z,2016-02-19T00:00:00Z,SIDM00826,False,SIDM00826,SIDP00002,large_intestine,Suspension,R,True,True,True,True,True,False,True,True,False,no_development_parent
1903056,13313,231,1036.0,10.0,723,L12-D1-S,Glo,4,1313,2610,12689,gdsc:1036:10uM,PLX-4720,2016-02-15T00:00:00Z,2016-02-19T00:00:00Z,SIDM00512,False,SIDM00512,SIDP00794,lung_NSCLC,Adherent,R,True,True,True,True,True,False,True,True,False,no_development_parent
1904144,13315,231,1036.0,10.0,723,L12-D1-S,Glo,4,871,2636,12690,gdsc:1036:10uM,PLX-4720,2016-02-15T00:00:00Z,2016-02-19T00:00:00Z,SIDM00950,False,SIDM00950,SIDP00431,pancreas,Adherent,R,True,True,True,True,True,False,True,True,False,no_development_parent
1905232,13319,231,1036.0,10.0,723,L12-D1-S,Glo,4,902,2374,12692,gdsc:1036:10uM,PLX-4720,2016-02-15T00:00:00Z,2016-02-19T00:00:00Z,SIDM00205,False,SIDM00205,SIDP00512,bone,Semi-Adherent,R,True,True,True,True,True,False,True,True,False,no_development_parent
1906320,13321,231,1036.0,10.0,723,L12-D1-S,Glo,4,741,5360,12693,gdsc:1036:10uM,PLX-4720,2016-02-15T00:00:00Z,2016-02-19T00:00:00Z,SIDM00537,False,SIDM00537,SIDP00808,large_intestine,Adherent,D/F12,True,True,True,True,True,False,True,True,False,no_development_parent
1907408,13323,231,1036.0,10.0,723,L12-D1-S,Glo,4,1798,2729,12694,gdsc:1036:10uM,PLX-4720,2016-02-15T00:00:00Z,2016-02-19T00:00:00Z,SIDM00099,False,SIDM00099,SIDP00781,lung,Adherent,R,True,True,True,True,True,False,True,True,False,no_development_parent
1908496,13325,231,1036.0,10.0,723,L12-D1-S,Glo,4,1368,2764,12695,gdsc:1036:10uM,PLX-4720,2016-02-15T00:00:00Z,2016-02-19T00:00:00Z,SIDM01072,False,SIDM01072,SIDP00457,lung_NSCLC,Adherent,D/F12,True,True,True,True,True,False,True,True,False,no_development_parent
1909584,13329,231,1036.0,10.0,723,L12-D1-S,Glo,4,1816,3179,12697,gdsc:1036:10uM,PLX-4720,2016-02-15T00:00:00Z,2016-02-19T00:00:00Z,SIDM00333,False,SIDM00333,SIDP00997,urogenital_system,Adherent,D/F12,True,True,True,True,True,False,True,True,False,no_development_parent
1910672,13331,231,1036.0,10.0,723,L12-D1-S,Glo,4,91,3315,12698,gdsc:1036:10uM,PLX-4720,2016-02-15T00:00:00Z,2016-02-19T00:00:00Z,SIDM00766,False,SIDM00766,SIDP00209,lung_SCLC,Adherent,D/F12,True,True,True,True,True,False,True,True,False,no_development_parent
1911760,13333,231,1036.0,10.0,723,L12-D1-S,Glo,4,107,3390,12699,gdsc:1036:10uM,PLX-4720,2016-02-15T00:00:00Z,2016-02-19T00:00:00Z,SIDM01122,False,SIDM01122,SIDP00259,lung_NSCLC,Adherent,R,True,True,True,True,True,False,True,True,False,no_development_parent
1912848,13337,231,1036.0,10.0,723,L12-D1-S,Glo,4,1286,5514,12701,gdsc:1036:10uM,PLX-4720,2016-02-15T00:00:00Z,2016-02-19T00:00:00Z,SIDM00097,False,SIDM00097,SIDP00769,breast,Adherent,R,True,True,True,True,True,False,True,True,False,no_development_parent
1913936,13339,231,1036.0,10.0,723,L12-D1-S,Glo,4,549,2237,12702,gdsc:1036:10uM,PLX-4720,2016-02-15T00:00:00Z,2016-02-19T00:00:00Z,SIDM01189,False,SIDM01189,SIDP00359,nervous_system,Adherent,D/F12,True,True,True,True,True,False,True,True,False,no_development_parent
1915024,13303,231,1036.0,10.0,723,L12-D1-S,Glo,4,558,2002,12704,gdsc:1036:10uM,PLX-4720,2016-02-15T00:00:00Z,2016-02-19T00:00:00Z,SIDM00980,False,SIDM00980,SIDP00380,digestive_system,Adherent,R,True,True,True,True,True,False,True,True,False,no_development_parent
1916112,13349,231,1036.0,10.0,723,L12-D1-S,Glo,4,319,2312,12845,gdsc:1036:10uM,PLX-4720,2016-02-18T00:00:00Z,2016-02-22T00:00:00Z,SIDM00233,False,SIDM00233,SIDP00580,leukemia,Suspension,R,True,True,True,True,True,False,True,True,False,no_development_parent
1917200,13351,231,1036.0,10.0,723,L12-D1-S,Glo,4,1522,2316,12846,gdsc:1036:10uM,PLX-4720,2016-02-18T00:00:00Z,2016-02-22T00:00:00Z,SIDM00174,False,SIDM00174,SIDP00559,aero_dig_tract,Adherent,D/F12,True,True,True,True,True,False,True,True,False,no_development_parent
1918288,13354,231,1036.0,10.0,723,L12-D1-S,Glo,4,1320,3200,12847,gdsc:1036:10uM,PLX-4720,2016-02-18T00:00:00Z,2016-02-22T00:00:00Z,SIDM01229,False,SIDM01229,SIDP00067,neuroblastoma,Adherent,D/F12,True,True,True,True,True,False,True,True,False,no_development_parent
1919376,13356,231,1036.0,10.0,723,L12-D1-S,Glo,4,1284,3255,12848,gdsc:1036:10uM,PLX-4720,2016-02-18T00:00:00Z,2016-02-22T00:00:00Z,SIDM00988,False,SIDM00988,SIDP00394,kidney,Adherent,D/F12,True,True,True,True,True,False,True,True,False,no_development_parent
1920464,13358,231,1036.0,10.0,723,L12-D1-S,Glo,4,1676,3300,12849,gdsc:1036:10uM,PLX-4720,2016-02-18T00:00:00Z,2016-02-22T00:00:00Z,SIDM00077,False,SIDM00077,SIDP00716,aero_dig_tract,Adherent,D/F12,True,True,True,True,True,False,True,True,False,no_development_parent
1921552,13362,231,1036.0,10.0,723,L12-D1-S,Glo,4,321,2321,12851,gdsc:1036:10uM,PLX-4720,2016-02-18T00:00:00Z,2016-02-22T00:00:00Z,SIDM00962,False,,,,,,True,False,False,True,True,True,True,True,False,known_annotation;model_identity_match
1922640,13364,231,1036.0,10.0,723,L12-D1-S,Glo,4,2040,2180,12852,gdsc:1036:10uM,PLX-4720,2016-02-18T00:00:00Z,2016-02-22T00:00:00Z,SIDM00936,False,SIDM00936,SIDP00408,urogenital_system,Adherent,D/F12,True,True,True,True,True,False,True,True,False,no_development_parent
1923728,13366,231,1036.0,10.0,723,L12-D1-S,Glo,4,2148,5359,12853,gdsc:1036:10uM,PLX-4720,2016-02-18T00:00:00Z,2016-02-22T00:00:00Z,SIDM00957,False,SIDM00957,SIDP00424,large_intestine,Semi-Adherent,R,True,True,True,True,True,False,True,True,False,no_development_parent
1924816,13368,231,1036.0,10.0,723,L12-D1-S,Glo,4,1167,2614,12854,gdsc:1036:10uM,PLX-4720,2016-02-18T00:00:00Z,2016-02-22T00:00:00Z,SIDM00509,False,SIDM00509,SIDP00797,lung_SCLC,Suspension,R,True,True,True,True,True,True,True,True,True,
1925904,13370,231,1036.0,10.0,723,L12-D1-S,Glo,4,188,2644,12855,gdsc:1036:10uM,PLX-4720,2016-02-18T00:00:00Z,2016-02-22T00:00:00Z,SIDM00948,False,SIDM00948,SIDP00433,lymphoma,Suspension,R,True,True,True,True,True,False,True,True,False,no_development_parent
1926992,13372,231,1036.0,10.0,723,L12-D1-S,Glo,4,324,2377,12856,gdsc:1036:10uM,PLX-4720,2016-02-18T00:00:00Z,2016-02-22T00:00:00Z,SIDM00621,False,SIDM00621,SIDP00517,bone,Suspension,R,True,True,True,True,True,False,True,True,False,no_development_parent
1928080,13374,231,1036.0,10.0,723,L12-D1-S,Glo,4,963,2707,12857,gdsc:1036:10uM,PLX-4720,2016-02-18T00:00:00Z,2016-02-22T00:00:00Z,SIDM00853,False,SIDM00853,SIDP00102,soft_tissue,Adherent,R,True,True,True,True,True,False,True,True,False,no_development_parent
1929168,13380,231,1036.0,10.0,723,L12-D1-S,Glo,4,207,3119,12860,gdsc:1036:10uM,PLX-4720,2016-02-18T00:00:00Z,2016-02-22T00:00:00Z,SIDM00294,False,SIDM00294,SIDP00610,lung_SCLC,Suspension,R,True,True,True,True,True,False,True,True,False,no_development_parent
1930256,13382,231,1036.0,10.0,723,L12-D1-S,Glo,4,924,3218,12861,gdsc:1036:10uM,PLX-4720,2016-02-18T00:00:00Z,2016-02-22T00:00:00Z,SIDM00434,False,SIDM00434,SIDP01009,myeloma,Suspension,R,True,True,True,True,True,False,True,True,False,no_development_parent
1931344,13386,231,1036.0,10.0,723,L12-D1-S,Glo,4,1490,2521,12862,gdsc:1036:10uM,PLX-4720,2016-02-18T00:00:00Z,2016-02-22T00:00:00Z,SIDM00085,False,SIDM00085,SIDP00759,nervous_system,Adherent,R,True,True,True,True,True,False,True,True,False,no_development_parent
1932432,13388,231,1036.0,10.0,723,L12-D1-S,Glo,4,151,4303,12863,gdsc:1036:10uM,PLX-4720,2016-02-18T00:00:00Z,2016-02-22T00:00:00Z,SIDM00194,False,SIDM00194,SIDP00539,large_intestine,Adherent,R,True,True,True,True,True,False,True,True,False,no_development_parent
1933520,13393,231,1036.0,10.0,723,L12-D1-S,Glo,4,637,2755,12864,gdsc:1036:10uM,PLX-4720,2016-02-18T00:00:00Z,2016-02-22T00:00:00Z,SIDM01073,False,SIDM01073,SIDP00456,leukemia,Suspension,R,True,True,True,True,True,False,True,True,False,no_development_parent
1934608,13343,231,1036.0,10.0,723,L12-D1-S,Glo,4,949,2308,12865,gdsc:1036:10uM,PLX-4720,2016-02-18T00:00:00Z,2016-02-22T00:00:00Z,SIDM00849,False,SIDM00849,SIDP00058,kidney,Adherent,D/F12,True,True,True,True,True,False,True,True,False,no_development_parent
1935696,13345,231,1036.0,10.0,723,L12-D1-S,Glo,4,1637,2310,12866,gdsc:1036:10uM,PLX-4720,2016-02-18T00:00:00Z,2016-02-22T00:00:00Z,SIDM00211,False,SIDM00211,SIDP00523,leukemia,Suspension,R,True,True,True,True,True,False,True,True,False,no_development_parent
1936784,13347,231,1036.0,10.0,723,L12-D1-S,Glo,4,776,2311,12867,gdsc:1036:10uM,PLX-4720,2016-02-18T00:00:00Z,2016-02-22T00:00:00Z,SIDM00492,False,SIDM00492,SIDP00849,nervous_system,Semi-Adherent,D/F12,True,True,True,True,True,False,True,True,False,no_development_parent
1937872,13526,231,1036.0,10.0,723,L12-D1-S,Glo,4,1617,3475,13005,gdsc:1036:10uM,PLX-4720,2016-02-22T00:00:00Z,2016-02-26T00:00:00Z,SIDM00362,False,SIDM00362,SIDP00933,lymphoma,Suspension,R,True,True,True,True,True,False,True,True,False,no_development_parent
1938960,13518,231,1036.0,10.0,723,L12-D1-S,Glo,4,786,2156,13006,gdsc:1036:10uM,PLX-4720,2016-02-22T00:00:00Z,2016-02-26T00:00:00Z,SIDM01176,False,SIDM01176,SIDP00330,leukemia,Suspension,D/F12,True,True,True,True,True,False,True,True,False,no_development_parent
1940048,13516,231,1036.0,10.0,723,L12-D1-S,Glo,4,1906,4151,13007,gdsc:1036:10uM,PLX-4720,2016-02-22T00:00:00Z,2016-02-26T00:00:00Z,SIDM00331,False,SIDM00331,SIDP00999,leukemia,Suspension,R,True,True,True,True,True,False,True,True,False,no_development_parent
1941136,13536,231,1036.0,10.0,723,L12-D1-S,Glo,4,869,2684,13008,gdsc:1036:10uM,PLX-4720,2016-02-22T00:00:00Z,2016-02-26T00:00:00Z,SIDM00861,False,SIDM00861,SIDP00094,urogenital_system,Adherent,R,True,True,True,True,True,False,True,True,False,no_development_parent
1942224,13512,231,1036.0,10.0,723,L12-D1-S,Glo,4,941,3432,13009,gdsc:1036:10uM,PLX-4720,2016-02-22T00:00:00Z,2016-02-26T00:00:00Z,SIDM00570,False,SIDM00570,SIDP00921,digestive_system,Adherent,R,True,True,True,True,True,False,True,True,False,no_development_parent
1943312,13528,231,1036.0,10.0,723,L12-D1-S,Glo,4,1644,6290,13010,gdsc:1036:10uM,PLX-4720,2016-02-22T00:00:00Z,2016-02-26T00:00:00Z,SIDM00885,False,SIDM00885,SIDP00106,breast,Suspension,R,True,True,True,True,True,False,True,True,False,no_development_parent
1944400,13514,231,1036.0,10.0,723,L12-D1-S,Glo,4,1394,3418,13011,gdsc:1036:10uM,PLX-4720,2016-02-22T00:00:00Z,2016-02-26T00:00:00Z,SIDM00243,False,SIDM00243,SIDP00621,urogenital_system,Adherent,R,True,True,True,True,True,False,True,True,False,no_development_parent
1945488,13534,231,1036.0,10.0,723,L12-D1-S,Glo,4,1148,2258,13012,gdsc:1036:10uM,PLX-4720,2016-02-22T00:00:00Z,2016-02-26T00:00:00Z,SIDM00929,False,SIDM00929,SIDP00415,bone,Adherent,R,True,True,True,True,True,False,True,True,False,no_development_parent
1946576,13532,231,1036.0,10.0,723,L12-D1-S,Glo,4,1294,3044,13013,gdsc:1036:10uM,PLX-4720,2016-02-22T00:00:00Z,2016-02-26T00:00:00Z,SIDM00901,False,SIDM00901,SIDP00061,urogenital_system,Adherent,D/F12,True,True,True,True,True,False,True,True,False,no_development_parent
1947664,13520,231,1036.0,10.0,723,L12-D1-S,Glo,4,302,2660,13015,gdsc:1036:10uM,PLX-4720,2016-02-22T00:00:00Z,2016-02-26T00:00:00Z,SIDM01001,False,SIDM01001,SIDP00437,breast,Suspension,R,True,True,True,True,True,False,True,True,False,no_development_parent
1948752,13502,231,1036.0,10.0,723,L12-D1-S,Glo,4,1549,3486,13016,gdsc:1036:10uM,PLX-4720,2016-02-22T00:00:00Z,2016-02-26T00:00:00Z,SIDM00455,False,SIDM00455,SIDP01025,pancreas,Adherent,D/F12,True,True,True,True,True,False,True,True,False,no_development_parent
1949840,13500,231,1036.0,10.0,723,L12-D1-S,Glo,4,1391,2926,13017,gdsc:1036:10uM,PLX-4720,2016-02-22T00:00:00Z,2016-02-26T00:00:00Z,SIDM00828,False,SIDM00828,SIDP00012,soft_tissue,Adherent,D/F12,True,True,True,True,True,False,True,True,False,no_development_parent
1950928,13504,231,1036.0,10.0,723,L12-D1-S,Glo,4,1317,6190,13018,gdsc:1036:10uM,PLX-4720,2016-02-22T00:00:00Z,2016-02-26T00:00:00Z,SIDM00875,False,SIDM00875,SIDP00113,breast,Adherent,R,True,True,True,True,True,False,True,True,False,no_development_parent
1952016,13496,231,1036.0,10.0,723,L12-D1-S,Glo,4,1500,2400,13019,gdsc:1036:10uM,PLX-4720,2016-02-22T00:00:00Z,2016-02-26T00:00:00Z,SIDM00133,False,SIDM00133,SIDP00733,lung_NSCLC,Adherent,R,True,True,True,True,True,False,True,True,False,no_development_parent
1953104,13506,231,1036.0,10.0,723,L12-D1-S,Glo,4,479,2996,13020,gdsc:1036:10uM,PLX-4720,2016-02-22T00:00:00Z,2016-02-26T00:00:00Z,SIDM01037,False,SIDM01037,SIDP00472,breast,Adherent,D/F12,True,True,True,True,True,False,True,True,False,no_development_parent
1954192,13498,231,1036.0,10.0,723,L12-D1-S,Glo,4,2193,2033,13021,gdsc:1036:10uM,PLX-4720,2016-02-22T00:00:00Z,2016-02-26T00:00:00Z,SIDM00427,False,SIDM00427,SIDP01032,soft_tissue,Adherent,R,True,True,True,True,True,False,True,True,False,no_development_parent
1955280,13508,231,1036.0,10.0,723,L12-D1-S,Glo,4,283,2018,13022,gdsc:1036:10uM,PLX-4720,2016-02-22T00:00:00Z,2016-02-26T00:00:00Z,SIDM00448,False,SIDM00448,SIDP01030,lymphoma,Suspension,R,True,True,True,True,True,False,True,True,False,no_development_parent
1956368,13510,231,1036.0,10.0,723,L12-D1-S,Glo,4,1609,2152,13023,gdsc:1036:10uM,PLX-4720,2016-02-22T00:00:00Z,2016-02-26T00:00:00Z,SIDM00406,False,SIDM00406,SIDP01052,lymphoma,Suspension,R,True,True,True,True,True,True,True,True,True,
1957456,13723,231,1036.0,10.0,723,L12-D1-S,Glo,4,1511,2811,13206,gdsc:1036:10uM,PLX-4720,2016-02-26T00:00:00Z,2016-03-01T00:00:00Z,SIDM00495,False,SIDM00495,SIDP00846,lymphoma,Suspension,R,True,True,True,True,True,False,True,True,False,no_development_parent
1958544,13724,231,1036.0,10.0,723,L12-D1-S,Glo,4,1511,2811,13207,gdsc:1036:10uM,PLX-4720,2016-02-26T00:00:00Z,2016-03-01T00:00:00Z,SIDM00495,False,SIDM00495,SIDP00846,lymphoma,Suspension,R,True,True,True,True,True,False,True,True,False,no_development_parent
1959632,13728,231,1036.0,10.0,723,L12-D1-S,Glo,4,1467,6269,13209,gdsc:1036:10uM,PLX-4720,2016-02-26T00:00:00Z,2016-03-01T00:00:00Z,SIDM00140,False,SIDM00140,SIDP00745,skin,Adherent,R,True,True,True,True,True,False,True,True,False,no_development_parent
1960720,13730,231,1036.0,10.0,723,L12-D1-S,Glo,4,858,2605,13210,gdsc:1036:10uM,PLX-4720,2016-02-26T00:00:00Z,2016-03-01T00:00:00Z,SIDM00954,False,SIDM00954,SIDP00427,breast,Adherent,R,True,True,True,True,True,False,True,True,False,no_development_parent
1961808,13734,231,1036.0,10.0,723,L12-D1-S,Glo,4,1316,4071,13211,gdsc:1036:10uM,PLX-4720,2016-02-26T00:00:00Z,2016-03-01T00:00:00Z,SIDM00866,False,SIDM00866,SIDP00105,breast,Adherent,R,True,True,True,True,True,False,True,True,False,no_development_parent
1962896,13735,231,1036.0,10.0,723,L12-D1-S,Glo,4,1316,4071,13212,gdsc:1036:10uM,PLX-4720,2016-02-26T00:00:00Z,2016-03-01T00:00:00Z,SIDM00866,False,SIDM00866,SIDP00105,breast,Adherent,R,True,True,True,True,True,False,True,True,False,no_development_parent
1963984,13736,231,1036.0,10.0,723,L12-D1-S,Glo,4,1316,4071,13213,gdsc:1036:10uM,PLX-4720,2016-02-26T00:00:00Z,2016-03-01T00:00:00Z,SIDM00866,False,SIDM00866,SIDP00105,breast,Adherent,R,True,True,True,True,True,False,True,True,False,no_development_parent
1965072,13738,231,1036.0,10.0,723,L12-D1-S,Glo,4,474,2797,13214,gdsc:1036:10uM,PLX-4720,2016-02-26T00:00:00Z,2016-03-01T00:00:00Z,SIDM00596,False,SIDM00596,SIDP00862,urogenital_system,Adherent,D/F12,True,True,True,True,True,False,True,True,False,no_development_parent
1966160,13740,231,1036.0,10.0,723,L12-D1-S,Glo,4,1243,2849,13215,gdsc:1036:10uM,PLX-4720,2016-02-26T00:00:00Z,2016-03-01T00:00:00Z,SIDM00668,False,SIDM00668,SIDP00125,lymphoma,Suspension,R,True,True,True,True,True,False,True,True,False,no_development_parent
1967248,13742,231,1036.0,10.0,723,L12-D1-S,Glo,4,1688,5572,13216,gdsc:1036:10uM,PLX-4720,2016-02-26T00:00:00Z,2016-03-01T00:00:00Z,SIDM00541,False,SIDM00541,SIDP00811,large_intestine,Adherent,D/F12,True,True,True,True,True,False,True,True,False,no_development_parent
1968336,13744,231,1036.0,10.0,723,L12-D1-S,Glo,4,109,2948,13217,gdsc:1036:10uM,PLX-4720,2016-02-26T00:00:00Z,2016-03-01T00:00:00Z,SIDM00533,False,SIDM00533,SIDP00812,pancreas,Adherent,R,True,True,True,True,True,False,True,True,False,no_development_parent
1969424,13746,231,1036.0,10.0,723,L12-D1-S,Glo,4,764,2411,13218,gdsc:1036:10uM,PLX-4720,2016-02-26T00:00:00Z,2016-03-01T00:00:00Z,SIDM01013,False,SIDM01013,SIDP00476,lymphoma,Suspension,R,True,True,True,True,True,False,True,True,False,no_development_parent
1970512,13747,231,1036.0,10.0,723,L12-D1-S,Glo,4,764,2411,13219,gdsc:1036:10uM,PLX-4720,2016-02-26T00:00:00Z,2016-03-01T00:00:00Z,SIDM01013,False,SIDM01013,SIDP00476,lymphoma,Suspension,R,True,True,True,True,True,False,True,True,False,no_development_parent
1971600,13748,231,1036.0,10.0,723,L12-D1-S,Glo,4,764,2411,13220,gdsc:1036:10uM,PLX-4720,2016-02-26T00:00:00Z,2016-03-01T00:00:00Z,SIDM01013,False,SIDM01013,SIDP00476,lymphoma,Suspension,R,True,True,True,True,True,False,True,True,False,no_development_parent
1972688,13758,231,1036.0,10.0,723,L12-D1-S,Glo,4,1812,3357,13221,gdsc:1036:10uM,PLX-4720,2016-02-26T00:00:00Z,2016-03-01T00:00:00Z,SIDM00729,False,SIDM00729,SIDP00236,lung_NSCLC,Adherent,R,True,True,True,True,True,False,True,True,False,no_development_parent
1973776,13762,231,1036.0,10.0,723,L12-D1-S,Glo,4,28,2140,13222,gdsc:1036:10uM,PLX-4720,2016-02-26T00:00:00Z,2016-03-01T00:00:00Z,SIDM01144,False,SIDM01144,SIDP00275,digestive_system,Suspension,D/F12,True,True,True,True,True,False,True,True,False,no_development_parent
1974864,13764,231,1036.0,10.0,723,L12-D1-S,Glo,4,1251,3431,13223,gdsc:1036:10uM,PLX-4720,2016-02-26T00:00:00Z,2016-03-01T00:00:00Z,SIDM00572,False,SIDM00572,SIDP00920,digestive_system,Adherent,R,True,True,True,True,True,False,True,True,False,no_development_parent
1975952,13766,231,1036.0,10.0,723,L12-D1-S,Glo,4,966,3792,13224,gdsc:1036:10uM,PLX-4720,2016-02-26T00:00:00Z,2016-03-01T00:00:00Z,SIDM00445,False,SIDM00445,SIDP01016,aero_dig_tract,Adherent,R,True,True,True,True,True,False,True,True,False,no_development_parent
1977040,13770,231,1036.0,10.0,723,L12-D1-S,Glo,4,1679,3441,13226,gdsc:1036:10uM,PLX-4720,2016-02-26T00:00:00Z,2016-03-01T00:00:00Z,SIDM00458,False,SIDM00458,SIDP01022,leukemia,Suspension,D/F12,True,True,True,True,True,False,True,True,False,no_development_parent
1978128,13771,231,1036.0,10.0,723,L12-D1-S,Glo,4,1679,3441,13227,gdsc:1036:10uM,PLX-4720,2016-02-26T00:00:00Z,2016-03-01T00:00:00Z,SIDM00458,False,SIDM00458,SIDP01022,leukemia,Suspension,D/F12,True,True,True,True,True,False,True,True,False,no_development_parent
1979216,13772,231,1036.0,10.0,723,L12-D1-S,Glo,4,1679,3441,13228,gdsc:1036:10uM,PLX-4720,2016-02-26T00:00:00Z,2016-03-01T00:00:00Z,SIDM00458,False,SIDM00458,SIDP01022,leukemia,Suspension,D/F12,True,True,True,True,True,False,True,True,False,no_development_parent
1980304,13774,231,1036.0,10.0,723,L12-D1-S,Glo,4,686,3749,13229,gdsc:1036:10uM,PLX-4720,2016-02-26T00:00:00Z,2016-03-01T00:00:00Z,SIDM00475,False,SIDM00475,SIDP00830,urogenital_system,Adherent,D/F12,True,True,True,True,True,False,True,True,False,no_development_parent
1981392,13776,231,1036.0,10.0,723,L12-D1-S,Glo,4,862,2050,13230,gdsc:1036:10uM,PLX-4720,2016-02-26T00:00:00Z,2016-03-01T00:00:00Z,SIDM01086,False,SIDM01086,SIDP00293,leukemia,Suspension,R,True,True,True,True,True,False,True,True,False,no_development_parent
1982480,13778,231,1036.0,10.0,723,L12-D1-S,Glo,4,1475,2073,13231,gdsc:1036:10uM,PLX-4720,2016-02-26T00:00:00Z,2016-03-01T00:00:00Z,SIDM00384,False,SIDM00384,SIDP00949,lymphoma,Suspension,R,True,True,True,True,True,False,True,True,False,no_development_parent
1983568,13780,231,1036.0,10.0,723,L12-D1-S,Glo,4,41,2095,13232,gdsc:1036:10uM,PLX-4720,2016-02-26T00:00:00Z,2016-03-01T00:00:00Z,SIDM01111,False,SIDM01111,SIDP00306,bone,Semi-Adherent,R,True,True,True,True,True,False,True,True,False,no_development_parent
1984656,13782,231,1036.0,10.0,723,L12-D1-S,Glo,4,1877,2154,13233,gdsc:1036:10uM,PLX-4720,2016-02-26T00:00:00Z,2016-03-01T00:00:00Z,SIDM00423,False,SIDM00423,SIDP01054,lymphoma,Suspension,R,True,True,True,True,True,False,True,True,False,no_development_parent
1985744,13784,231,1036.0,10.0,723,L12-D1-S,Glo,4,851,2216,13234,gdsc:1036:10uM,PLX-4720,2016-02-26T00:00:00Z,2016-03-01T00:00:00Z,SIDM00323,False,SIDM00323,SIDP00969,lymphoma,Suspension,R,True,True,True,True,True,False,True,True,False,no_development_parent
1986832,13722,231,1036.0,10.0,723,L12-D1-S,Glo,4,1511,2811,13235,gdsc:1036:10uM,PLX-4720,2016-02-26T00:00:00Z,2016-03-01T00:00:00Z,SIDM00495,False,SIDM00495,SIDP00846,lymphoma,Suspension,R,True,True,True,True,True,False,True,True,False,no_development_parent
1987920,14056,231,1036.0,10.0,723,L12-D1-S,Glo,4,573,2493,13536,gdsc:1036:10uM,PLX-4720,2016-03-04T00:00:00Z,2016-03-08T00:00:00Z,SIDM00778,False,SIDM00778,SIDP00037,large_intestine,Adherent,R,True,True,True,True,True,False,True,True,False,no_development_parent
1989008,14054,231,1036.0,10.0,723,L12-D1-S,Glo,4,127,3254,13538,gdsc:1036:10uM,PLX-4720,2016-03-04T00:00:00Z,2016-03-08T00:00:00Z,SIDM00578,False,,,,,,True,False,False,True,True,True,True,True,False,known_annotation;model_identity_match
1990096,14048,231,1036.0,10.0,723,L12-D1-S,Glo,4,744,2832,13539,gdsc:1036:10uM,PLX-4720,2016-03-04T00:00:00Z,2016-03-08T00:00:00Z,SIDM00670,False,SIDM00670,SIDP00123,pancreas,Adherent,D/F12,True,True,True,True,True,False,True,True,False,no_development_parent
1991184,14038,231,1036.0,10.0,723,L12-D1-S,Glo,4,1529,2378,13544,gdsc:1036:10uM,PLX-4720,2016-03-04T00:00:00Z,2016-03-08T00:00:00Z,SIDM00198,False,SIDM00198,SIDP00518,bone,Adherent,R,True,True,True,True,True,False,True,True,False,no_development_parent
1992272,14060,231,1036.0,10.0,723,L12-D1-S,Glo,4,1254,3456,13545,gdsc:1036:10uM,PLX-4720,2016-03-04T00:00:00Z,2016-03-08T00:00:00Z,SIDM00565,False,SIDM00565,SIDP00926,aero_dig_tract,Adherent,D/F12,True,True,True,True,True,False,True,True,False,no_development_parent
1993360,14062,231,1036.0,10.0,723,L12-D1-S,Glo,4,999,2067,13550,gdsc:1036:10uM,PLX-4720,2016-03-04T00:00:00Z,2016-03-08T00:00:00Z,SIDM00368,False,SIDM00368,SIDP00948,lung_SCLC,Adherent,D/F12,True,True,True,True,True,False,True,True,False,no_development_parent
1994448,14042,231,1036.0,10.0,723,L12-D1-S,Glo,4,165,2721,13553,gdsc:1036:10uM,PLX-4720,2016-03-04T00:00:00Z,2016-03-08T00:00:00Z,SIDM00104,False,SIDM00104,SIDP00776,lung,Adherent,R,True,True,True,True,True,False,True,True,False,no_development_parent
1995536,14046,231,1036.0,10.0,723,L12-D1-S,Glo,4,903,2393,13554,gdsc:1036:10uM,PLX-4720,2016-03-04T00:00:00Z,2016-03-08T00:00:00Z,SIDM01251,False,SIDM01251,SIDP00104,lymphoma,Suspension,R,True,True,True,True,True,True,True,True,True,
1996624,14058,231,1036.0,10.0,723,L12-D1-S,Glo,4,752,3793,13555,gdsc:1036:10uM,PLX-4720,2016-03-04T00:00:00Z,2016-03-08T00:00:00Z,SIDM00444,False,SIDM00444,SIDP01015,aero_dig_tract,Semi-Adherent,R,True,True,True,True,True,False,True,True,False,no_development_parent
1997712,14146,231,1036.0,10.0,723,L12-D1-S,Glo,4,1145,5512,13645,gdsc:1036:10uM,PLX-4720,2016-03-08T00:00:00Z,2016-03-12T00:00:00Z,SIDM01191,False,SIDM01191,SIDP00358,bone,Adherent,R,True,True,True,True,True,False,True,True,False,no_development_parent
1998800,14111,231,1036.0,10.0,723,L12-D1-S,Glo,4,953,6231,13670,gdsc:1036:10uM,PLX-4720,2016-03-08T00:00:00Z,2016-03-12T00:00:00Z,SIDM00795,False,SIDM00795,SIDP00054,skin,Adherent,D/F12,True,True,True,True,True,False,True,True,False,no_development_parent
1999888,14112,231,1036.0,10.0,723,L12-D1-S,Glo,4,953,6231,13671,gdsc:1036:10uM,PLX-4720,2016-03-08T00:00:00Z,2016-03-12T00:00:00Z,SIDM00795,False,SIDM00795,SIDP00054,skin,Adherent,D/F12,True,True,True,True,True,False,True,True,False,no_development_parent
1751021,12548,231,1060.0,0.25,1155,R2-D1-S,Glo,4,1553,5232,11911,gdsc:1060:0.25uM,PD0325901,2016-01-22T00:00:00Z,2016-01-26T00:00:00Z,SIDM00789,False,SIDM00789,SIDP00030,large_intestine,Adherent,R,True,True,True,True,True,False,True,True,False,no_development_parent
1752109,12549,231,1060.0,0.25,1155,R2-D1-S,Glo,4,1553,5232,11912,gdsc:1060:0.25uM,PD0325901,2016-01-22T00:00:00Z,2016-01-26T00:00:00Z,SIDM00789,False,SIDM00789,SIDP00030,large_intestine,Adherent,R,True,True,True,True,True,False,True,True,False,no_development_parent
1753197,12550,231,1060.0,0.25,1155,R2-D1-S,Glo,4,1553,5232,11913,gdsc:1060:0.25uM,PD0325901,2016-01-22T00:00:00Z,2016-01-26T00:00:00Z,SIDM00789,False,SIDM00789,SIDP00030,large_intestine,Adherent,R,True,True,True,True,True,False,True,True,False,no_development_parent
1754285,12508,231,1060.0,0.25,1155,R2-D1-S,Glo,4,953,6231,11914,gdsc:1060:0.25uM,PD0325901,2016-01-22T00:00:00Z,2016-01-26T00:00:00Z,SIDM00795,False,SIDM00795,SIDP00054,skin,Adherent,D/F12,True,True,True,True,True,False,True,True,False,no_development_parent
1755373,12562,231,1060.0,0.25,1155,R2-D1-S,Glo,4,1102,2813,11985,gdsc:1060:0.25uM,PD0325901,2016-01-25T00:00:00Z,2016-01-29T00:00:00Z,SIDM00290,False,SIDM00290,SIDP00597,digestive_system,Adherent,D/F12,True,True,True,True,True,False,True,True,False,no_development_parent
1756461,12564,231,1060.0,0.25,1155,R2-D1-S,Glo,4,346,3166,11986,gdsc:1060:0.25uM,PD0325901,2016-01-25T00:00:00Z,2016-01-29T00:00:00Z,SIDM00992,False,SIDM00992,SIDP00390,thyroid,Adherent,R,True,True,True,True,True,False,True,True,False,no_development_parent
1757549,12566,231,1060.0,0.25,1155,R2-D1-S,Glo,4,578,2529,11987,gdsc:1060:0.25uM,PD0325901,2016-01-25T00:00:00Z,2016-01-29T00:00:00Z,SIDM00379,False,SIDM00379,SIDP00954,nervous_system,Adherent,R,True,True,True,True,True,False,True,True,False,no_development_parent
1758637,12570,231,1060.0,0.25,1155,R2-D1-S,Glo,4,1548,3293,11988,gdsc:1060:0.25uM,PD0325901,2016-01-25T00:00:00Z,2016-01-29T00:00:00Z,SIDM00745,False,SIDM00745,SIDP00193,lung_NSCLC,Adherent,R,True,True,True,True,True,False,True,True,False,no_development_parent
1759725,12572,231,1060.0,0.25,1155,R2-D1-S,Glo,4,301,2656,11989,gdsc:1060:0.25uM,PD0325901,2016-01-25T00:00:00Z,2016-01-29T00:00:00Z,SIDM00125,False,SIDM00125,SIDP00725,kidney,Adherent,R,True,True,True,True,True,False,True,True,False,no_development_parent
1760813,12574,231,1060.0,0.25,1155,R2-D1-S,Glo,4,2046,2561,11990,gdsc:1060:0.25uM,PD0325901,2016-01-25T00:00:00Z,2016-01-29T00:00:00Z,SIDM00267,False,SIDM00267,SIDP00634,digestive_system,Adherent,D/F12,True,True,True,True,True,False,True,True,False,no_development_parent
1761901,12576,231,1060.0,0.25,1155,R2-D1-S,Glo,4,746,3060,11991,gdsc:1060:0.25uM,PD0325901,2016-01-25T00:00:00Z,2016-01-29T00:00:00Z,SIDM00582,False,SIDM00582,SIDP00893,pancreas,Adherent,D/F12,True,True,True,True,True,False,True,True,False,no_development_parent
1762989,12578,231,1060.0,0.25,1155,R2-D1-S,Glo,4,743,2795,11992,gdsc:1060:0.25uM,PD0325901,2016-01-25T00:00:00Z,2016-01-29T00:00:00Z,SIDM01062,False,SIDM01062,SIDP00466,breast,Adherent,D/F12,True,True,True,True,True,False,True,True,False,no_development_parent
1764077,12580,231,1060.0,0.25,1155,R2-D1-S,Glo,4,649,5951,11993,gdsc:1060:0.25uM,PD0325901,2016-01-25T00:00:00Z,2016-01-29T00:00:00Z,SIDM00779,False,SIDM00779,SIDP00036,large_intestine,Suspension,R,True,True,True,True,True,False,True,True,False,no_development_parent
1765165,12582,231,1060.0,0.25,1155,R2-D1-S,Glo,4,788,3194,11994,gdsc:1060:0.25uM,PD0325901,2016-01-25T00:00:00Z,2016-01-29T00:00:00Z,SIDM00388,False,SIDM00388,SIDP01003,leukemia,Suspension,R,True,True,True,True,True,False,True,True,False,no_development_parent
1766253,12584,231,1060.0,0.25,1155,R2-D1-S,Glo,4,2125,2747,11995,gdsc:1060:0.25uM,PD0325901,2016-01-25T00:00:00Z,2016-01-29T00:00:00Z,SIDM00114,False,SIDM00114,SIDP00775,lung,Semi-Adherent,R,True,True,True,True,True,False,True,True,False,no_development_parent
1767341,12592,231,1060.0,0.25,1155,R2-D1-S,Glo,4,2195,2942,11998,gdsc:1060:0.25uM,PD0325901,2016-01-25T00:00:00Z,2016-01-29T00:00:00Z,SIDM00585,False,SIDM00585,SIDP00871,digestive_system,Adherent,D/F12,True,True,True,True,True,False,True,True,False,no_development_parent
1768429,12615,231,1060.0,0.25,1155,R2-D1-S,Glo,4,1533,2931,12008,gdsc:1060:0.25uM,PD0325901,2016-01-25T00:00:00Z,2016-01-29T00:00:00Z,SIDM00676,False,SIDM00676,SIDP00133,urogenital_system,Adherent,D/F12,True,True,True,True,True,False,True,True,False,no_development_parent
1769517,12617,231,1060.0,0.25,1155,R2-D1-S,Glo,4,1232,2979,12009,gdsc:1060:0.25uM,PD0325901,2016-01-25T00:00:00Z,2016-01-29T00:00:00Z,SIDM00693,False,SIDM00693,SIDP00138,urogenital_system,Adherent,D/F12,True,True,True,True,True,False,True,True,False,no_development_parent
1770605,12619,231,1060.0,0.25,1155,R2-D1-S,Glo,4,711,3285,12010,gdsc:1060:0.25uM,PD0325901,2016-01-25T00:00:00Z,2016-01-29T00:00:00Z,SIDM00750,False,SIDM00750,SIDP00188,lung_NSCLC,Adherent,R,True,True,True,True,True,False,True,True,False,no_development_parent
1771693,12621,231,1060.0,0.25,1155,R2-D1-S,Glo,4,867,2120,12011,gdsc:1060:0.25uM,PD0325901,2016-01-25T00:00:00Z,2016-01-29T00:00:00Z,SIDM01100,False,SIDM01100,SIDP00316,neuroblastoma,Adherent,D/F12,True,True,True,True,True,False,True,True,False,no_development_parent
1772781,12623,231,1060.0,0.25,1155,R2-D1-S,Glo,4,34,6371,12048,gdsc:1060:0.25uM,PD0325901,2016-01-26T00:00:00Z,2016-01-30T00:00:00Z,SIDM00117,False,SIDM00117,SIDP00749,lung_NSCLC,Suspension,R,True,True,True,True,True,False,True,True,False,no_development_parent
1773869,12625,231,1060.0,0.25,1155,R2-D1-S,Glo,4,1755,2442,12049,gdsc:1060:0.25uM,PD0325901,2016-01-26T00:00:00Z,2016-01-30T00:00:00Z,SIDM00180,False,SIDM00180,SIDP00572,kidney,Adherent,D/F12,True,True,True,True,True,False,True,True,False,no_development_parent
1774957,12627,231,1060.0,0.25,1155,R2-D1-S,Glo,4,183,3320,12050,gdsc:1060:0.25uM,PD0325901,2016-01-26T00:00:00Z,2016-01-30T00:00:00Z,SIDM00762,False,SIDM00762,SIDP00211,lung_NSCLC,Adherent,D/F12,True,True,True,True,True,False,True,True,False,no_development_parent
1776045,12629,231,1060.0,0.25,1155,R2-D1-S,Glo,4,588,5969,12051,gdsc:1060:0.25uM,PD0325901,2016-01-26T00:00:00Z,2016-01-30T00:00:00Z,SIDM00148,False,SIDM00148,SIDP00740,breast,Adherent,D/F12,True,True,True,True,True,True,True,True,True,
1777133,12631,231,1060.0,0.25,1155,R2-D1-S,Glo,4,599,3077,12052,gdsc:1060:0.25uM,PD0325901,2016-01-26T00:00:00Z,2016-01-30T00:00:00Z,SIDM01030,False,SIDM01030,SIDP00495,aero_dig_tract,Adherent,R,True,True,True,True,True,False,True,True,False,no_development_parent
1778221,12633,231,1060.0,0.25,1155,R2-D1-S,Glo,4,2108,4950,12053,gdsc:1060:0.25uM,PD0325901,2016-01-26T00:00:00Z,2016-01-30T00:00:00Z,SIDM00138,False,SIDM00138,SIDP00747,lung_NSCLC,Adherent,R,True,True,True,True,True,False,True,True,False,no_development_parent
1779309,12637,231,1060.0,0.25,1155,R2-D1-S,Glo,4,1804,3091,12055,gdsc:1060:0.25uM,PD0325901,2016-01-26T00:00:00Z,2016-01-30T00:00:00Z,SIDM00327,False,SIDM00327,SIDP00981,lymphoma,Suspension,R,True,True,True,True,True,False,True,True,False,no_development_parent
1780397,12645,231,1060.0,0.25,1155,R2-D1-S,Glo,4,1215,6270,12059,gdsc:1060:0.25uM,PD0325901,2016-01-26T00:00:00Z,2016-01-30T00:00:00Z,SIDM00151,False,SIDM00151,SIDP00737,urogenital_system,Adherent,R,True,True,True,True,True,False,True,True,False,no_development_parent
1781485,12647,231,1060.0,0.25,1155,R2-D1-S,Glo,4,1504,3103,12060,gdsc:1060:0.25uM,PD0325901,2016-01-26T00:00:00Z,2016-01-30T00:00:00Z,SIDM00684,False,SIDM00684,SIDP00146,nervous_system,Adherent,D/F12,True,True,True,True,True,False,True,True,False,no_development_parent
1782573,12649,231,1060.0,0.25,1155,R2-D1-S,Glo,4,99,2923,12061,gdsc:1060:0.25uM,PD0325901,2016-01-26T00:00:00Z,2016-01-30T00:00:00Z,SIDM00588,False,SIDM00588,SIDP00868,aero_dig_tract,Adherent,D/F12,True,True,True,True,True,False,True,True,False,no_development_parent
1783661,12660,231,1060.0,0.25,1155,R2-D1-S,Glo,4,626,3171,12093,gdsc:1060:0.25uM,PD0325901,2016-01-28T00:00:00Z,2016-02-01T00:00:00Z,SIDM00336,False,SIDM00336,SIDP00994,skin,Adherent,R,True,True,True,True,True,False,True,True,False,no_development_parent
1784749,12662,231,1060.0,0.25,1155,R2-D1-S,Glo,4,1483,2611,12094,gdsc:1060:0.25uM,PD0325901,2016-01-28T00:00:00Z,2016-02-01T00:00:00Z,SIDM00999,False,SIDM00999,SIDP00382,urogenital_system,Adherent,D/F12,True,True,True,True,True,False,True,True,False,no_development_parent
1785837,12664,231,1060.0,0.25,1155,R2-D1-S,Glo,4,1868,3794,12095,gdsc:1060:0.25uM,PD0325901,2016-01-28T00:00:00Z,2016-02-01T00:00:00Z,SIDM00393,False,SIDM00393,SIDP01045,digestive_system,Adherent,R,True,True,True,True,True,False,True,True,False,no_development_parent
1786925,12666,231,1060.0,0.25,1155,R2-D1-S,Glo,4,1797,2723,12096,gdsc:1060:0.25uM,PD0325901,2016-01-28T00:00:00Z,2016-02-01T00:00:00Z,SIDM00103,False,SIDM00103,SIDP00777,lung,Adherent,R,True,True,True,True,True,False,True,True,False,no_development_parent
1788013,12668,231,1060.0,0.25,1155,R2-D1-S,Glo,4,7,2229,12097,gdsc:1060:0.25uM,PD0325901,2016-01-28T00:00:00Z,2016-02-01T00:00:00Z,SIDM01193,False,SIDM01193,SIDP00357,nervous_system,Adherent,D/F12,True,True,True,True,True,False,True,True,False,no_development_parent
1789101,12672,231,1060.0,0.25,1155,R2-D1-S,Glo,4,1493,2545,12098,gdsc:1060:0.25uM,PD0325901,2016-01-28T00:00:00Z,2016-02-01T00:00:00Z,SIDM00369,False,SIDM00369,SIDP00961,aero_dig_tract,Adherent,D/F12,True,True,True,True,True,False,True,True,False,no_development_parent
1790189,12674,231,1060.0,0.25,1155,R2-D1-S,Glo,4,1910,2117,12099,gdsc:1060:0.25uM,PD0325901,2016-01-28T00:00:00Z,2016-02-01T00:00:00Z,SIDM00375,False,SIDM00375,SIDP00956,aero_dig_tract,Adherent,R,True,True,True,True,True,False,True,True,False,no_development_parent
1791277,12676,231,1060.0,0.25,1155,R2-D1-S,Glo,4,1498,2090,12100,gdsc:1060:0.25uM,PD0325901,2016-01-28T00:00:00Z,2016-02-01T00:00:00Z,SIDM00394,False,SIDM00394,SIDP01044,urogenital_system,Adherent,R,True,True,True,True,True,False,True,True,False,no_development_parent
1792365,12678,231,1060.0,0.25,1155,R2-D1-S,Glo,4,152,5954,12101,gdsc:1060:0.25uM,PD0325901,2016-01-28T00:00:00Z,2016-02-01T00:00:00Z,SIDM00498,False,SIDM00498,SIDP00843,large_intestine,Adherent,R,True,True,True,True,True,False,True,True,False,no_development_parent
1793453,12680,231,1060.0,0.25,1155,R2-D1-S,Glo,4,920,3176,12102,gdsc:1060:0.25uM,PD0325901,2016-01-28T00:00:00Z,2016-02-01T00:00:00Z,SIDM00334,False,SIDM00334,SIDP00996,urogenital_system,Adherent,D/F12,True,True,True,True,True,False,True,True,False,no_development_parent
1794541,12682,231,1060.0,0.25,1155,R2-D1-S,Glo,4,1811,3348,12103,gdsc:1060:0.25uM,PD0325901,2016-01-28T00:00:00Z,2016-02-01T00:00:00Z,SIDM00716,False,SIDM00716,SIDP00231,lung_NSCLC,Adherent,R,True,True,True,True,True,False,True,True,False,no_development_parent
1795629,12690,231,1060.0,0.25,1155,R2-D1-S,Glo,4,451,3299,12107,gdsc:1060:0.25uM,PD0325901,2016-01-28T00:00:00Z,2016-02-01T00:00:00Z,SIDM00741,False,SIDM00741,SIDP00197,lung_SCLC,Suspension,D/F12,True,True,True,True,True,False,True,True,False,no_development_parent
1796717,12692,231,1060.0,0.25,1155,R2-D1-S,Glo,4,868,2678,12108,gdsc:1060:0.25uM,PD0325901,2016-01-28T00:00:00Z,2016-02-01T00:00:00Z,SIDM00996,False,SIDM00996,SIDP00386,thyroid,Adherent,R,True,True,True,True,True,False,True,True,False,no_development_parent
1797805,12694,231,1060.0,0.25,1155,R2-D1-S,Glo,4,931,2984,12109,gdsc:1060:0.25uM,PD0325901,2016-01-28T00:00:00Z,2016-02-01T00:00:00Z,SIDM00616,False,SIDM00616,SIDP00878,digestive_system,Adherent,D/F12,True,True,True,True,True,False,True,True,False,no_development_parent
1798893,12696,231,1060.0,0.25,1155,R2-D1-S,Glo,4,1457,2226,12110,gdsc:1060:0.25uM,PD0325901,2016-01-28T00:00:00Z,2016-02-01T00:00:00Z,SIDM00418,False,SIDM00418,SIDP01059,thyroid,Adherent,R,True,True,True,True,True,False,True,True,False,no_development_parent
1799981,12704,231,1060.0,0.25,1155,R2-D1-S,Glo,4,849,2171,12114,gdsc:1060:0.25uM,PD0325901,2016-01-28T00:00:00Z,2016-02-01T00:00:00Z,SIDM01163,False,SIDM01163,SIDP00336,lung_NSCLC,Adherent,D/F12,True,True,True,True,True,False,True,True,False,no_development_parent
1801069,12719,231,1060.0,0.25,1155,R2-D1-S,Glo,4,1506,3109,12125,gdsc:1060:0.25uM,PD0325901,2016-01-29T00:00:00Z,2016-02-02T00:00:00Z,SIDM00341,False,SIDM00341,SIDP00989,lung_NSCLC,Adherent,R,True,True,True,True,True,False,True,True,False,no_development_parent
1802157,12731,231,1060.0,0.25,1155,R2-D1-S,Glo,4,1875,6251,12131,gdsc:1060:0.25uM,PD0325901,2016-01-29T00:00:00Z,2016-02-02T00:00:00Z,SIDM00654,False,SIDM00654,SIDP00172,lung_SCLC,Adherent,D/F12,True,True,True,True,True,False,True,True,False,no_development_parent
1803245,12717,231,1060.0,0.25,1155,R2-D1-S,Glo,4,561,2036,12160,gdsc:1060:0.25uM,PD0325901,2016-01-29T00:00:00Z,2016-02-02T00:00:00Z,SIDM00905,False,SIDM00905,SIDP00074,urogenital_system,Adherent,D/F12,True,True,True,True,True,False,True,True,False,no_development_parent
1804333,12733,231,1060.0,0.25,1155,R2-D1-S,Glo,4,1941,2997,12165,gdsc:1060:0.25uM,PD0325901,2016-02-01T00:00:00Z,2016-02-05T00:00:00Z,SIDM00808,False,SIDM00808,SIDP00044,lymphoma,Suspension,R,True,True,True,True,True,False,True,True,False,no_development_parent
1805421,12735,231,1060.0,0.25,1155,R2-D1-S,Glo,4,1878,2159,12166,gdsc:1060:0.25uM,PD0325901,2016-02-01T00:00:00Z,2016-02-05T00:00:00Z,SIDM00421,False,SIDM00421,SIDP01056,lymphoma,Suspension,R,True,True,True,True,True,False,True,True,False,no_development_parent
1806509,12737,231,1060.0,0.25,1155,R2-D1-S,Glo,4,1748,2147,12167,gdsc:1060:0.25uM,PD0325901,2016-02-01T00:00:00Z,2016-02-05T00:00:00Z,SIDM00940,False,SIDM00940,SIDP00404,breast,Adherent,D/F12,True,True,True,True,True,False,True,True,False,no_development_parent
1807597,12739,231,1060.0,0.25,1155,R2-D1-S,Glo,4,1984,2182,12168,gdsc:1060:0.25uM,PD0325901,2016-02-01T00:00:00Z,2016-02-05T00:00:00Z,SIDM01174,False,SIDM01174,SIDP00342,urogenital_system,Adherent,D/F12,True,True,True,True,True,False,True,True,False,no_development_parent
1808685,12741,231,1060.0,0.25,1155,R2-D1-S,Glo,4,1089,2702,12169,gdsc:1060:0.25uM,PD0325901,2016-02-01T00:00:00Z,2016-02-05T00:00:00Z,SIDM00855,False,SIDM00855,SIDP00100,soft_tissue,Adherent,R,True,True,True,True,True,False,True,True,False,no_development_parent
1809773,12743,231,1060.0,0.25,1155,R2-D1-S,Glo,4,1156,2278,12170,gdsc:1060:0.25uM,PD0325901,2016-02-01T00:00:00Z,2016-02-05T00:00:00Z,SIDM00974,False,SIDM00974,SIDP00371,skin,Adherent,R,True,True,True,True,True,False,True,True,False,no_development_parent
1810861,12745,231,1060.0,0.25,1155,R2-D1-S,Glo,4,1914,2248,12171,gdsc:1060:0.25uM,PD0325901,2016-02-01T00:00:00Z,2016-02-05T00:00:00Z,SIDM01183,False,SIDM01183,SIDP00363,lung_NSCLC,Adherent,D/F12,True,True,True,True,True,False,True,True,False,no_development_parent
1811949,12747,231,1060.0,0.25,1155,R2-D1-S,Glo,4,354,2787,12172,gdsc:1060:0.25uM,PD0325901,2016-02-01T00:00:00Z,2016-02-05T00:00:00Z,SIDM01067,False,SIDM01067,SIDP00462,lung_NSCLC,Adherent,R,True,True,True,True,True,False,True,True,False,no_development_parent
1813037,12749,231,1060.0,0.25,1155,R2-D1-S,Glo,4,888,2830,12173,gdsc:1060:0.25uM,PD0325901,2016-02-01T00:00:00Z,2016-02-05T00:00:00Z,SIDM00134,False,SIDM00134,SIDP00734,lung_NSCLC,Adherent,D/F12,True,True,True,True,True,False,True,True,False,no_development_parent
1814125,12751,231,1060.0,0.25,1155,R2-D1-S,Glo,4,2039,2176,12174,gdsc:1060:0.25uM,PD0325901,2016-02-01T00:00:00Z,2016-02-05T00:00:00Z,SIDM01160,False,SIDM01160,SIDP00343,urogenital_system,Adherent,D/F12,True,True,True,True,True,False,True,True,False,no_development_parent
1815213,12753,231,1060.0,0.25,1155,R2-D1-S,Glo,4,606,6330,12175,gdsc:1060:0.25uM,PD0325901,2016-02-01T00:00:00Z,2016-02-05T00:00:00Z,SIDM00092,False,SIDM00092,SIDP00753,urogenital_system,Adherent,R,True,True,True,True,True,False,True,True,False,no_development_parent
1816301,12755,231,1060.0,0.25,1155,R2-D1-S,Glo,4,960,2029,12176,gdsc:1060:0.25uM,PD0325901,2016-02-01T00:00:00Z,2016-02-05T00:00:00Z,SIDM00356,False,SIDM00356,SIDP00939,lung_NSCLC,Adherent,R,True,True,True,True,True,False,True,True,False,no_development_parent
1817389,12761,231,1060.0,0.25,1155,R2-D1-S,Glo,4,2215,2515,12177,gdsc:1060:0.25uM,PD0325901,2016-02-01T00:00:00Z,2016-02-05T00:00:00Z,SIDM01088,False,SIDM01088,SIDP00291,urogenital_system,Adherent,D/F12,True,True,True,True,True,False,True,True,False,no_development_parent
1818477,12763,231,1060.0,0.25,1155,R2-D1-S,Glo,4,793,2354,12178,gdsc:1060:0.25uM,PD0325901,2016-02-01T00:00:00Z,2016-02-05T00:00:00Z,SIDM00949,False,SIDM00949,SIDP00432,lymphoma,Suspension,R,True,True,True,True,True,False,True,True,False,no_development_parent
1819565,12765,231,1060.0,0.25,1155,R2-D1-S,Glo,4,1206,3056,12179,gdsc:1060:0.25uM,PD0325901,2016-02-01T00:00:00Z,2016-02-05T00:00:00Z,SIDM01034,False,SIDM01034,SIDP00491,leukemia,Suspension,R,True,True,True,True,True,False,True,True,False,no_development_parent
1820653,12771,231,1060.0,0.25,1155,R2-D1-S,Glo,4,323,2373,12182,gdsc:1060:0.25uM,PD0325901,2016-02-01T00:00:00Z,2016-02-05T00:00:00Z,SIDM00276,False,SIDM00276,SIDP00592,digestive_system,Adherent,R,True,True,True,True,True,False,True,True,False,no_development_parent
1821741,12775,231,1060.0,0.25,1155,R2-D1-S,Glo,4,2095,2386,12184,gdsc:1060:0.25uM,PD0325901,2016-02-01T00:00:00Z,2016-02-05T00:00:00Z,SIDM00581,False,SIDM00581,SIDP00858,nervous_system,Adherent,D/F12,True,True,True,True,True,False,True,True,False,no_development_parent
1822829,12777,231,1060.0,0.25,1155,R2-D1-S,Glo,4,1844,2323,12185,gdsc:1060:0.25uM,PD0325901,2016-02-01T00:00:00Z,2016-02-05T00:00:00Z,SIDM00921,False,SIDM00921,SIDP00078,lung_NSCLC,Adherent,D/F12,True,True,True,True,True,False,True,True,False,no_development_parent
1823917,12779,231,1060.0,0.25,1155,R2-D1-S,Glo,4,672,3266,12186,gdsc:1060:0.25uM,PD0325901,2016-02-01T00:00:00Z,2016-02-05T00:00:00Z,SIDM00987,False,SIDM00987,SIDP00395,thyroid,Adherent,D/F12,True,True,True,True,True,False,True,True,False,no_development_parent
1825005,12781,231,1060.0,0.25,1155,R2-D1-S,Glo,4,2150,2637,12187,gdsc:1060:0.25uM,PD0325901,2016-02-01T00:00:00Z,2016-02-05T00:00:00Z,SIDM00887,False,SIDM00887,SIDP00088,nervous_system,Adherent,D/F12,True,True,True,True,True,False,True,True,False,no_development_parent
1826093,12783,231,1060.0,0.25,1155,R2-D1-S,Glo,4,1523,2322,12188,gdsc:1060:0.25uM,PD0325901,2016-02-01T00:00:00Z,2016-02-05T00:00:00Z,SIDM00961,False,SIDM00961,SIDP00402,bone,Suspension,R,True,True,True,True,True,False,True,True,False,no_development_parent
1827181,12785,231,1060.0,0.25,1155,R2-D1-S,Glo,4,1680,3796,12189,gdsc:1060:0.25uM,PD0325901,2016-02-01T00:00:00Z,2016-02-05T00:00:00Z,SIDM00539,False,SIDM00539,SIDP00806,aero_dig_tract,Adherent,R,True,True,True,True,True,False,True,True,False,no_development_parent
1828269,12789,231,1060.0,0.25,1155,R2-D1-S,Glo,4,1238,3291,12190,gdsc:1060:0.25uM,PD0325901,2016-02-01T00:00:00Z,2016-02-05T00:00:00Z,SIDM00747,False,SIDM00747,SIDP00191,lung_NSCLC,Adherent,D/F12,True,True,True,True,True,False,True,True,False,no_development_parent
1829357,12812,231,1060.0,0.25,1155,R2-D1-S,Glo,4,329,2936,12248,gdsc:1060:0.25uM,PD0325901,2016-02-04T00:00:00Z,2016-02-08T00:00:00Z,SIDM00496,False,SIDM00496,SIDP00845,thyroid,Adherent,D/F12,True,True,True,True,True,False,True,True,False,no_development_parent
1830445,12822,231,1060.0,0.25,1155,R2-D1-S,Glo,4,1990,5511,12251,gdsc:1060:0.25uM,PD0325901,2016-02-04T00:00:00Z,2016-02-08T00:00:00Z,SIDM00150,False,SIDM00150,SIDP00738,large_intestine,Adherent,R,True,True,True,True,True,False,True,True,False,no_development_parent
1831533,12826,231,1060.0,0.25,1155,R2-D1-S,Glo,4,1506,3109,12253,gdsc:1060:0.25uM,PD0325901,2016-02-04T00:00:00Z,2016-02-08T00:00:00Z,SIDM00341,False,SIDM00341,SIDP00989,lung_NSCLC,Adherent,R,True,True,True,True,True,False,True,True,False,no_development_parent
1832621,12842,231,1060.0,0.25,1155,R2-D1-S,Glo,4,23,2012,12257,gdsc:1060:0.25uM,PD0325901,2016-02-04T00:00:00Z,2016-02-08T00:00:00Z,SIDM01114,False,SIDM01114,SIDP00286,urogenital_system,Adherent,D/F12,True,True,True,True,True,False,True,True,False,no_development_parent
1833709,12852,231,1060.0,0.25,1155,R2-D1-S,Glo,4,2169,2135,12261,gdsc:1060:0.25uM,PD0325901,2016-02-04T00:00:00Z,2016-02-08T00:00:00Z,SIDM01181,False,SIDM01181,SIDP00323,digestive_system,Adherent,R,True,True,True,True,True,False,True,True,False,no_development_parent
1834797,12952,231,1060.0,0.25,1155,R2-D1-S,Glo,4,13,2558,12265,gdsc:1060:0.25uM,PD0325901,2016-02-04T00:00:00Z,2016-02-08T00:00:00Z,SIDM00910,False,SIDM00910,SIDP00085,neuroblastoma,Adherent,D/F12,True,True,True,True,True,False,True,True,False,no_development_parent
1835885,13012,231,1060.0,0.25,1155,R2-D1-S,Glo,4,476,2228,12425,gdsc:1060:0.25uM,PD0325901,2016-02-08T00:00:00Z,2016-02-12T00:00:00Z,SIDM00321,False,SIDM00321,SIDP00971,urogenital_system,Adherent,D/F12,True,True,True,True,True,False,True,True,False,no_development_parent
1836973,12966,231,1060.0,0.25,1155,R2-D1-S,Glo,4,1784,2640,12426,gdsc:1060:0.25uM,PD0325901,2016-02-08T00:00:00Z,2016-02-12T00:00:00Z,SIDM00867,False,SIDM00867,SIDP00090,nervous_system,Adherent,R,True,True,True,True,True,False,True,True,False,no_development_parent
1838061,12974,231,1060.0,0.25,1155,R2-D1-S,Glo,4,668,3797,12427,gdsc:1060:0.25uM,PD0325901,2016-02-08T00:00:00Z,2016-02-12T00:00:00Z,SIDM00538,False,SIDM00538,SIDP00807,aero_dig_tract,Semi-Adherent,R,True,True,True,True,True,False,True,True,False,no_development_parent
1839149,13006,231,1060.0,0.25,1155,R2-D1-S,Glo,4,705,2516,12429,gdsc:1060:0.25uM,PD0325901,2016-02-08T00:00:00Z,2016-02-12T00:00:00Z,SIDM00087,False,SIDM00087,SIDP00757,myeloma,Suspension,R,True,True,True,True,True,True,True,True,True,
1840237,12996,231,1060.0,0.25,1155,R2-D1-S,Glo,4,358,3463,12430,gdsc:1060:0.25uM,PD0325901,2016-02-08T00:00:00Z,2016-02-12T00:00:00Z,SIDM00564,False,SIDM00564,SIDP00927,urogenital_system,Adherent,R,True,True,True,True,True,False,True,True,False,no_development_parent
1841325,12970,231,1060.0,0.25,1155,R2-D1-S,Glo,4,1625,3832,12431,gdsc:1060:0.25uM,PD0325901,2016-02-08T00:00:00Z,2016-02-12T00:00:00Z,SIDM00049,False,SIDM00049,SIDP00658,large_intestine,Adherent,D/F12,True,True,True,True,True,False,True,True,False,no_development_parent
1842413,12990,231,1060.0,0.25,1155,R2-D1-S,Glo,4,193,3035,12432,gdsc:1060:0.25uM,PD0325901,2016-02-08T00:00:00Z,2016-02-12T00:00:00Z,SIDM00785,False,SIDM00785,SIDP00031,leukemia,Suspension,D/F12,True,True,True,True,True,False,True,True,False,no_development_parent
1843501,12958,231,1060.0,0.25,1155,R2-D1-S,Glo,4,2198,3055,12433,gdsc:1060:0.25uM,PD0325901,2016-02-08T00:00:00Z,2016-02-12T00:00:00Z,SIDM00900,False,SIDM00900,SIDP00062,myeloma,Suspension,R,True,True,True,True,True,False,True,True,False,no_development_parent
1844589,12972,231,1060.0,0.25,1155,R2-D1-S,Glo,4,1665,2665,12434,gdsc:1060:0.25uM,PD0325901,2016-02-08T00:00:00Z,2016-02-12T00:00:00Z,SIDM00486,False,SIDM00486,SIDP00855,lung_NSCLC,Adherent,D/F12,True,True,True,True,True,False,True,True,False,no_development_parent
1845677,12988,231,1060.0,0.25,1155,R2-D1-S,Glo,4,330,2946,12435,gdsc:1060:0.25uM,PD0325901,2016-02-08T00:00:00Z,2016-02-12T00:00:00Z,SIDM00599,False,SIDM00599,SIDP00873,bone,Adherent,R,True,True,True,True,True,False,True,True,False,no_development_parent
1846765,13000,231,1060.0,0.25,1155,R2-D1-S,Glo,4,1762,2015,12436,gdsc:1060:0.25uM,PD0325901,2016-02-08T00:00:00Z,2016-02-12T00:00:00Z,SIDM00844,False,SIDM00844,SIDP00017,lymphoma,Suspension,R,True,True,True,True,True,False,True,True,False,no_development_parent
1847853,12982,231,1060.0,0.25,1155,R2-D1-S,Glo,4,1776,2717,12437,gdsc:1060:0.25uM,PD0325901,2016-02-08T00:00:00Z,2016-02-12T00:00:00Z,SIDM01058,False,SIDM01058,SIDP00455,lymphoma,Suspension,D/F12,True,True,True,True,True,False,True,True,False,no_development_parent
1848941,13010,231,1060.0,0.25,1155,R2-D1-S,Glo,4,2194,2199,12438,gdsc:1060:0.25uM,PD0325901,2016-02-08T00:00:00Z,2016-02-12T00:00:00Z,SIDM00419,False,SIDM00419,SIDP01058,bone,Adherent,D/F12,True,True,True,True,True,False,True,True,False,no_development_parent
1850029,12986,231,1060.0,0.25,1155,R2-D1-S,Glo,4,2101,6289,12439,gdsc:1060:0.25uM,PD0325901,2016-02-08T00:00:00Z,2016-02-12T00:00:00Z,SIDM00584,False,SIDM00584,SIDP00872,bone,Adherent,R,True,True,True,True,True,False,True,True,False,no_development_parent
1851117,12960,231,1060.0,0.25,1155,R2-D1-S,Glo,4,412,3411,12440,gdsc:1060:0.25uM,PD0325901,2016-02-08T00:00:00Z,2016-02-12T00:00:00Z,SIDM00963,False,SIDM00963,SIDP00400,breast,Adherent,R,True,True,True,True,True,False,True,True,False,no_development_parent
1852205,13004,231,1060.0,0.25,1155,R2-D1-S,Glo,4,449,2032,12441,gdsc:1060:0.25uM,PD0325901,2016-02-08T00:00:00Z,2016-02-12T00:00:00Z,SIDM00354,False,SIDM00354,SIDP00941,lung_NSCLC,Adherent,R,True,True,True,True,True,False,True,True,False,no_development_parent
1853293,13002,231,1060.0,0.25,1155,R2-D1-S,Glo,4,1763,2020,12442,gdsc:1060:0.25uM,PD0325901,2016-02-08T00:00:00Z,2016-02-12T00:00:00Z,SIDM00847,False,SIDM00847,SIDP00013,soft_tissue,Adherent,D/F12,True,True,True,True,True,False,True,True,False,no_development_parent
1854381,12962,231,1060.0,0.25,1155,R2-D1-S,Glo,4,4,2213,12443,gdsc:1060:0.25uM,PD0325901,2016-02-08T00:00:00Z,2016-02-12T00:00:00Z,SIDM00933,False,SIDM00933,SIDP00411,breast,Adherent,D/F12,True,True,True,True,True,False,True,True,False,no_development_parent
1855469,13076,231,1060.0,0.25,1155,R2-D1-S,Glo,4,431,2405,12469,gdsc:1060:0.25uM,PD0325901,2016-02-09T00:00:00Z,2016-02-13T00:00:00Z,SIDM01206,False,SIDM01206,SIDP00527,neuroblastoma,Adherent,R,True,True,True,True,True,False,True,True,False,no_development_parent
1856557,13074,231,1060.0,0.25,1155,R2-D1-S,Glo,4,1223,3377,12470,gdsc:1060:0.25uM,PD0325901,2016-02-09T00:00:00Z,2016-02-13T00:00:00Z,SIDM00964,False,SIDM00964,SIDP00399,urogenital_system,Adherent,R,True,True,True,True,True,False,True,True,False,no_development_parent
1857645,13072,231,1060.0,0.25,1155,R2-D1-S,Glo,4,564,6329,12471,gdsc:1060:0.25uM,PD0325901,2016-02-09T00:00:00Z,2016-02-13T00:00:00Z,SIDM01146,False,SIDM01146,SIDP00273,digestive_system,Suspension,R,True,True,True,True,True,False,True,True,False,no_development_parent
1858733,13070,231,1060.0,0.25,1155,R2-D1-S,Glo,4,1378,3002,12472,gdsc:1060:0.25uM,PD0325901,2016-02-09T00:00:00Z,2016-02-13T00:00:00Z,SIDM00688,False,SIDM00688,SIDP00142,lymphoma,Suspension,R,True,True,True,True,True,False,True,True,False,no_development_parent
1859821,13066,231,1060.0,0.25,1155,R2-D1-S,Glo,4,562,2063,12473,gdsc:1060:0.25uM,PD0325901,2016-02-09T00:00:00Z,2016-02-13T00:00:00Z,SIDM00350,False,SIDM00350,SIDP00945,aero_dig_tract,Adherent,R,True,True,True,True,True,False,True,True,False,no_development_parent
1860909,13062,231,1060.0,0.25,1155,R2-D1-S,Glo,4,2133,3473,12474,gdsc:1060:0.25uM,PD0325901,2016-02-09T00:00:00Z,2016-02-13T00:00:00Z,SIDM00364,False,SIDM00364,SIDP00931,leukemia,Suspension,R,True,True,True,True,True,False,True,True,False,no_development_parent
1861997,13060,231,1060.0,0.25,1155,R2-D1-S,Glo,4,82,3365,12475,gdsc:1060:0.25uM,PD0325901,2016-02-09T00:00:00Z,2016-02-13T00:00:00Z,SIDM00724,False,SIDM00724,SIDP00240,lung_NSCLC,Adherent,D/F12,True,True,True,True,True,False,True,True,False,no_development_parent
1863085,13022,231,1060.0,0.25,1155,R2-D1-S,Glo,4,2104,5532,12477,gdsc:1060:0.25uM,PD0325901,2016-02-09T00:00:00Z,2016-02-13T00:00:00Z,SIDM01233,False,SIDM01233,SIDP00070,large_intestine,Adherent,D/F12,True,True,True,True,True,False,True,True,False,no_development_parent
1864173,13024,231,1060.0,0.25,1155,R2-D1-S,Glo,4,275,2200,12478,gdsc:1060:0.25uM,PD0325901,2016-02-09T00:00:00Z,2016-02-13T00:00:00Z,SIDM01190,False,SIDM01190,SIDP00351,urogenital_system,Adherent,D/F12,True,True,True,True,True,False,True,True,False,no_development_parent
1865261,13068,231,1060.0,0.25,1155,R2-D1-S,Glo,4,618,2949,12479,gdsc:1060:0.25uM,PD0325901,2016-02-09T00:00:00Z,2016-02-13T00:00:00Z,SIDM00531,False,SIDM00531,SIDP00813,pancreas,Adherent,D/F12,True,True,True,True,True,False,True,True,False,no_development_parent
1866349,13042,231,1060.0,0.25,1155,R2-D1-S,Glo,4,1806,2303,12480,gdsc:1060:0.25uM,PD0325901,2016-02-09T00:00:00Z,2016-02-13T00:00:00Z,SIDM00801,False,SIDM00801,SIDP00049,skin,Adherent,D/F12,True,True,True,True,True,False,True,True,False,no_development_parent
1867437,13084,231,1060.0,0.25,1155,R2-D1-S,Glo,4,1008,2703,12481,gdsc:1060:0.25uM,PD0325901,2016-02-09T00:00:00Z,2016-02-13T00:00:00Z,SIDM00854,False,SIDM00854,SIDP00101,lymphoma,Suspension,R,True,True,True,True,True,False,True,True,False,no_development_parent
1868525,13082,231,1060.0,0.25,1155,R2-D1-S,Glo,4,185,2480,12482,gdsc:1060:0.25uM,PD0325901,2016-02-09T00:00:00Z,2016-02-13T00:00:00Z,SIDM00917,False,SIDM00917,SIDP00082,leukemia,Suspension,R,True,True,True,True,True,False,True,True,False,no_development_parent
1869613,13078,231,1060.0,0.25,1155,R2-D1-S,Glo,4,1309,2053,12484,gdsc:1060:0.25uM,PD0325901,2016-02-09T00:00:00Z,2016-02-13T00:00:00Z,SIDM01085,False,SIDM01085,SIDP00294,urogenital_system,Adherent,D/F12,True,True,True,True,True,False,True,True,False,no_development_parent
1870701,13054,231,1060.0,0.25,1155,R2-D1-S,Glo,4,801,3267,12486,gdsc:1060:0.25uM,PD0325901,2016-02-09T00:00:00Z,2016-02-13T00:00:00Z,SIDM00651,False,SIDM00651,SIDP00175,lung_NSCLC,Suspension,D/F12,True,True,True,True,True,False,True,True,False,no_development_parent
1871789,13052,231,1060.0,0.25,1155,R2-D1-S,Glo,4,2148,5359,12487,gdsc:1060:0.25uM,PD0325901,2016-02-09T00:00:00Z,2016-02-13T00:00:00Z,SIDM00957,False,SIDM00957,SIDP00424,large_intestine,Semi-Adherent,R,True,True,True,True,True,False,True,True,False,no_development_parent
1872877,13040,231,1060.0,0.25,1155,R2-D1-S,Glo,4,1777,2722,12488,gdsc:1060:0.25uM,PD0325901,2016-02-09T00:00:00Z,2016-02-13T00:00:00Z,SIDM00799,False,SIDM00799,SIDP00050,nervous_system,Adherent,D/F12,True,True,True,True,True,False,True,True,False,no_development_parent
1873965,13038,231,1060.0,0.25,1155,R2-D1-S,Glo,4,2061,2623,12489,gdsc:1060:0.25uM,PD0325901,2016-02-09T00:00:00Z,2016-02-13T00:00:00Z,SIDM00983,False,SIDM00983,SIDP00383,urogenital_system,Adherent,D/F12,True,True,True,True,True,False,True,True,False,no_development_parent
1875053,13034,231,1060.0,0.25,1155,R2-D1-S,Glo,4,2138,2362,12490,gdsc:1060:0.25uM,PD0325901,2016-02-09T00:00:00Z,2016-02-13T00:00:00Z,SIDM00278,False,SIDM00278,SIDP00590,aero_dig_tract,Adherent,D/F12,True,True,True,True,True,False,True,True,False,no_development_parent
1876141,13032,231,1060.0,0.25,1155,R2-D1-S,Glo,4,1503,3102,12491,gdsc:1060:0.25uM,PD0325901,2016-02-09T00:00:00Z,2016-02-13T00:00:00Z,SIDM00685,False,SIDM00685,SIDP00145,nervous_system,Adherent,D/F12,True,True,True,True,True,False,True,True,False,no_development_parent
1877229,13030,231,1060.0,0.25,1155,R2-D1-S,Glo,4,586,5361,12492,gdsc:1060:0.25uM,PD0325901,2016-02-09T00:00:00Z,2016-02-13T00:00:00Z,SIDM00003,False,SIDM00003,SIDP00698,skin,Adherent,R,True,True,True,True,True,False,True,True,False,no_development_parent
1878317,13028,231,1060.0,0.25,1155,R2-D1-S,Glo,4,951,3075,12493,gdsc:1060:0.25uM,PD0325901,2016-02-09T00:00:00Z,2016-02-13T00:00:00Z,SIDM01032,False,SIDM01032,SIDP00493,aero_dig_tract,Adherent,R,True,True,True,True,True,True,True,True,True,
1879405,13160,231,1060.0,0.25,1155,R2-D1-S,Glo,4,430,2330,12605,gdsc:1060:0.25uM,PD0325901,2016-02-12T00:00:00Z,2016-02-16T00:00:00Z,SIDM00909,False,SIDM00909,SIDP00086,skin,Adherent,R,True,True,True,True,True,False,True,True,False,no_development_parent
1880493,13164,231,1060.0,0.25,1155,R2-D1-S,Glo,4,404,2683,12606,gdsc:1060:0.25uM,PD0325901,2016-02-12T00:00:00Z,2016-02-16T00:00:00Z,SIDM01044,False,SIDM01044,SIDP00447,lung_NSCLC,Adherent,R,True,True,True,True,True,False,True,True,False,no_development_parent
1881581,13166,231,1060.0,0.25,1155,R2-D1-S,Glo,4,1173,2699,12607,gdsc:1060:0.25uM,PD0325901,2016-02-12T00:00:00Z,2016-02-16T00:00:00Z,SIDM00857,False,SIDM00857,SIDP00098,skin,Adherent,R,True,True,True,True,True,False,True,True,False,no_development_parent
1882669,13168,231,1060.0,0.25,1155,R2-D1-S,Glo,4,164,2708,12608,gdsc:1060:0.25uM,PD0325901,2016-02-12T00:00:00Z,2016-02-16T00:00:00Z,SIDM01057,False,SIDM01057,SIDP00453,leukemia,Suspension,R,True,True,True,True,True,False,True,True,False,no_development_parent
1883757,13170,231,1060.0,0.25,1155,R2-D1-S,Glo,4,89,2982,12609,gdsc:1060:0.25uM,PD0325901,2016-02-12T00:00:00Z,2016-02-16T00:00:00Z,SIDM00618,False,SIDM00618,SIDP00876,digestive_system,Adherent,D/F12,True,True,True,True,True,False,True,True,False,no_development_parent
1884845,13172,231,1060.0,0.25,1155,R2-D1-S,Glo,4,995,4308,12610,gdsc:1060:0.25uM,PD0325901,2016-02-12T00:00:00Z,2016-02-16T00:00:00Z,SIDM01265,False,SIDM01265,SIDP00165,myeloma,Suspension,R,True,True,True,True,True,False,True,True,False,no_development_parent
1885933,13174,231,1060.0,0.25,1155,R2-D1-S,Glo,4,1321,3221,12611,gdsc:1060:0.25uM,PD0325901,2016-02-12T00:00:00Z,2016-02-16T00:00:00Z,SIDM00431,False,SIDM00431,SIDP01011,leukemia,Suspension,R,True,True,True,True,True,False,True,True,False,no_development_parent
1887021,13176,231,1060.0,0.25,1155,R2-D1-S,Glo,4,634,3298,12612,gdsc:1060:0.25uM,PD0325901,2016-02-12T00:00:00Z,2016-02-16T00:00:00Z,SIDM00742,False,SIDM00742,SIDP00196,lung_NSCLC,Adherent,R,True,True,True,True,True,False,True,True,False,no_development_parent
1888109,13178,231,1060.0,0.25,1155,R2-D1-S,Glo,4,2228,3305,12613,gdsc:1060:0.25uM,PD0325901,2016-02-12T00:00:00Z,2016-02-16T00:00:00Z,SIDM00754,False,SIDM00754,SIDP00202,lung_NSCLC,Adherent,R,True,True,True,True,True,False,True,True,False,no_development_parent
1889197,13180,231,1060.0,0.25,1155,R2-D1-S,Glo,4,1537,3347,12614,gdsc:1060:0.25uM,PD0325901,2016-02-12T00:00:00Z,2016-02-16T00:00:00Z,SIDM00699,False,SIDM00699,SIDP00230,lung_SCLC,Suspension,D/F12,True,True,True,True,True,False,True,True,False,no_development_parent
1890285,13182,231,1060.0,0.25,1155,R2-D1-S,Glo,4,2152,3446,12615,gdsc:1060:0.25uM,PD0325901,2016-02-12T00:00:00Z,2016-02-16T00:00:00Z,SIDM00478,False,SIDM00478,SIDP00827,aero_dig_tract,Adherent,R,True,True,True,True,True,False,True,True,False,no_development_parent
1891373,13186,231,1060.0,0.25,1155,R2-D1-S,Glo,4,635,3483,12617,gdsc:1060:0.25uM,PD0325901,2016-02-12T00:00:00Z,2016-02-16T00:00:00Z,SIDM01136,False,SIDM01136,SIDP00283,pancreas,Adherent,R,True,True,True,True,True,False,True,True,False,no_development_parent
1892461,13188,231,1060.0,0.25,1155,R2-D1-S,Glo,4,864,2076,12618,gdsc:1060:0.25uM,PD0325901,2016-02-12T00:00:00Z,2016-02-16T00:00:00Z,SIDM00399,False,SIDM00399,SIDP01040,aero_dig_tract,Adherent,R,True,True,True,True,True,False,True,True,False,no_development_parent
1893549,13190,231,1060.0,0.25,1155,R2-D1-S,Glo,4,268,2146,12619,gdsc:1060:0.25uM,PD0325901,2016-02-12T00:00:00Z,2016-02-16T00:00:00Z,SIDM01188,False,SIDM01188,SIDP00329,pancreas,Adherent,R,True,True,True,True,True,False,True,True,False,no_development_parent
1894637,13192,231,1060.0,0.25,1155,R2-D1-S,Glo,4,269,2149,12620,gdsc:1060:0.25uM,PD0325901,2016-02-12T00:00:00Z,2016-02-16T00:00:00Z,SIDM00389,False,SIDM00389,SIDP01049,lymphoma,Suspension,R,True,True,True,True,True,False,True,True,False,no_development_parent
1895725,13194,231,1060.0,0.25,1155,R2-D1-S,Glo,4,1749,2155,12621,gdsc:1060:0.25uM,PD0325901,2016-02-12T00:00:00Z,2016-02-16T00:00:00Z,SIDM00371,False,SIDM00371,SIDP00959,pancreas,Adherent,R,True,True,True,True,True,False,True,True,False,no_development_parent
1896813,13196,231,1060.0,0.25,1155,R2-D1-S,Glo,4,1451,2157,12622,gdsc:1060:0.25uM,PD0325901,2016-02-12T00:00:00Z,2016-02-16T00:00:00Z,SIDM00422,False,SIDM00422,SIDP01055,lymphoma,Suspension,R,True,True,True,True,True,False,True,True,False,no_development_parent
1897901,13199,231,1060.0,0.25,1155,R2-D1-S,Glo,4,1398,6230,12623,gdsc:1060:0.25uM,PD0325901,2016-02-12T00:00:00Z,2016-02-16T00:00:00Z,SIDM00242,False,SIDM00242,SIDP00622,bone,Adherent,R,True,True,True,True,True,False,True,True,False,no_development_parent
1898989,13158,231,1060.0,0.25,1155,R2-D1-S,Glo,4,572,2491,12645,gdsc:1060:0.25uM,PD0325901,2016-02-12T00:00:00Z,2016-02-16T00:00:00Z,SIDM00130,False,SIDM00130,SIDP00720,pancreas,Adherent,R,True,True,True,True,True,False,True,True,False,no_development_parent
1900077,13305,231,1060.0,0.25,1155,R2-D1-S,Glo,4,652,2756,12685,gdsc:1060:0.25uM,PD0325901,2016-02-15T00:00:00Z,2016-02-19T00:00:00Z,SIDM00797,False,SIDM00797,SIDP00052,skin,Adherent,D/F12,True,True,True,True,True,False,True,True,False,no_development_parent
1901165,13309,231,1060.0,0.25,1155,R2-D1-S,Glo,4,1911,2136,12687,gdsc:1060:0.25uM,PD0325901,2016-02-15T00:00:00Z,2016-02-19T00:00:00Z,SIDM00937,False,SIDM00937,SIDP00407,aero_dig_tract,Adherent,D/F12,True,True,True,True,True,False,True,True,False,no_development_parent
1902253,13311,231,1060.0,0.25,1155,R2-D1-S,Glo,4,1687,5357,12688,gdsc:1060:0.25uM,PD0325901,2016-02-15T00:00:00Z,2016-02-19T00:00:00Z,SIDM00826,False,SIDM00826,SIDP00002,large_intestine,Suspension,R,True,True,True,True,True,False,True,True,False,no_development_parent
1903341,13313,231,1060.0,0.25,1155,R2-D1-S,Glo,4,1313,2610,12689,gdsc:1060:0.25uM,PD0325901,2016-02-15T00:00:00Z,2016-02-19T00:00:00Z,SIDM00512,False,SIDM00512,SIDP00794,lung_NSCLC,Adherent,R,True,True,True,True,True,False,True,True,False,no_development_parent
1904429,13315,231,1060.0,0.25,1155,R2-D1-S,Glo,4,871,2636,12690,gdsc:1060:0.25uM,PD0325901,2016-02-15T00:00:00Z,2016-02-19T00:00:00Z,SIDM00950,False,SIDM00950,SIDP00431,pancreas,Adherent,R,True,True,True,True,True,False,True,True,False,no_development_parent
1905517,13319,231,1060.0,0.25,1155,R2-D1-S,Glo,4,902,2374,12692,gdsc:1060:0.25uM,PD0325901,2016-02-15T00:00:00Z,2016-02-19T00:00:00Z,SIDM00205,False,SIDM00205,SIDP00512,bone,Semi-Adherent,R,True,True,True,True,True,False,True,True,False,no_development_parent
1906605,13321,231,1060.0,0.25,1155,R2-D1-S,Glo,4,741,5360,12693,gdsc:1060:0.25uM,PD0325901,2016-02-15T00:00:00Z,2016-02-19T00:00:00Z,SIDM00537,False,SIDM00537,SIDP00808,large_intestine,Adherent,D/F12,True,True,True,True,True,False,True,True,False,no_development_parent
1907693,13323,231,1060.0,0.25,1155,R2-D1-S,Glo,4,1798,2729,12694,gdsc:1060:0.25uM,PD0325901,2016-02-15T00:00:00Z,2016-02-19T00:00:00Z,SIDM00099,False,SIDM00099,SIDP00781,lung,Adherent,R,True,True,True,True,True,False,True,True,False,no_development_parent
1908781,13325,231,1060.0,0.25,1155,R2-D1-S,Glo,4,1368,2764,12695,gdsc:1060:0.25uM,PD0325901,2016-02-15T00:00:00Z,2016-02-19T00:00:00Z,SIDM01072,False,SIDM01072,SIDP00457,lung_NSCLC,Adherent,D/F12,True,True,True,True,True,False,True,True,False,no_development_parent
1909869,13329,231,1060.0,0.25,1155,R2-D1-S,Glo,4,1816,3179,12697,gdsc:1060:0.25uM,PD0325901,2016-02-15T00:00:00Z,2016-02-19T00:00:00Z,SIDM00333,False,SIDM00333,SIDP00997,urogenital_system,Adherent,D/F12,True,True,True,True,True,False,True,True,False,no_development_parent
1910957,13331,231,1060.0,0.25,1155,R2-D1-S,Glo,4,91,3315,12698,gdsc:1060:0.25uM,PD0325901,2016-02-15T00:00:00Z,2016-02-19T00:00:00Z,SIDM00766,False,SIDM00766,SIDP00209,lung_SCLC,Adherent,D/F12,True,True,True,True,True,False,True,True,False,no_development_parent
1912045,13333,231,1060.0,0.25,1155,R2-D1-S,Glo,4,107,3390,12699,gdsc:1060:0.25uM,PD0325901,2016-02-15T00:00:00Z,2016-02-19T00:00:00Z,SIDM01122,False,SIDM01122,SIDP00259,lung_NSCLC,Adherent,R,True,True,True,True,True,False,True,True,False,no_development_parent
1913133,13337,231,1060.0,0.25,1155,R2-D1-S,Glo,4,1286,5514,12701,gdsc:1060:0.25uM,PD0325901,2016-02-15T00:00:00Z,2016-02-19T00:00:00Z,SIDM00097,False,SIDM00097,SIDP00769,breast,Adherent,R,True,True,True,True,True,False,True,True,False,no_development_parent
1914221,13339,231,1060.0,0.25,1155,R2-D1-S,Glo,4,549,2237,12702,gdsc:1060:0.25uM,PD0325901,2016-02-15T00:00:00Z,2016-02-19T00:00:00Z,SIDM01189,False,SIDM01189,SIDP00359,nervous_system,Adherent,D/F12,True,True,True,True,True,False,True,True,False,no_development_parent
1915309,13303,231,1060.0,0.25,1155,R2-D1-S,Glo,4,558,2002,12704,gdsc:1060:0.25uM,PD0325901,2016-02-15T00:00:00Z,2016-02-19T00:00:00Z,SIDM00980,False,SIDM00980,SIDP00380,digestive_system,Adherent,R,True,True,True,True,True,False,True,True,False,no_development_parent
1916397,13349,231,1060.0,0.25,1155,R2-D1-S,Glo,4,319,2312,12845,gdsc:1060:0.25uM,PD0325901,2016-02-18T00:00:00Z,2016-02-22T00:00:00Z,SIDM00233,False,SIDM00233,SIDP00580,leukemia,Suspension,R,True,True,True,True,True,False,True,True,False,no_development_parent
1917485,13351,231,1060.0,0.25,1155,R2-D1-S,Glo,4,1522,2316,12846,gdsc:1060:0.25uM,PD0325901,2016-02-18T00:00:00Z,2016-02-22T00:00:00Z,SIDM00174,False,SIDM00174,SIDP00559,aero_dig_tract,Adherent,D/F12,True,True,True,True,True,False,True,True,False,no_development_parent
1918573,13354,231,1060.0,0.25,1155,R2-D1-S,Glo,4,1320,3200,12847,gdsc:1060:0.25uM,PD0325901,2016-02-18T00:00:00Z,2016-02-22T00:00:00Z,SIDM01229,False,SIDM01229,SIDP00067,neuroblastoma,Adherent,D/F12,True,True,True,True,True,False,True,True,False,no_development_parent
1919661,13356,231,1060.0,0.25,1155,R2-D1-S,Glo,4,1284,3255,12848,gdsc:1060:0.25uM,PD0325901,2016-02-18T00:00:00Z,2016-02-22T00:00:00Z,SIDM00988,False,SIDM00988,SIDP00394,kidney,Adherent,D/F12,True,True,True,True,True,False,True,True,False,no_development_parent
1920749,13358,231,1060.0,0.25,1155,R2-D1-S,Glo,4,1676,3300,12849,gdsc:1060:0.25uM,PD0325901,2016-02-18T00:00:00Z,2016-02-22T00:00:00Z,SIDM00077,False,SIDM00077,SIDP00716,aero_dig_tract,Adherent,D/F12,True,True,True,True,True,False,True,True,False,no_development_parent
1921837,13362,231,1060.0,0.25,1155,R2-D1-S,Glo,4,321,2321,12851,gdsc:1060:0.25uM,PD0325901,2016-02-18T00:00:00Z,2016-02-22T00:00:00Z,SIDM00962,False,,,,,,True,False,False,True,True,True,True,True,False,known_annotation;model_identity_match
1922925,13364,231,1060.0,0.25,1155,R2-D1-S,Glo,4,2040,2180,12852,gdsc:1060:0.25uM,PD0325901,2016-02-18T00:00:00Z,2016-02-22T00:00:00Z,SIDM00936,False,SIDM00936,SIDP00408,urogenital_system,Adherent,D/F12,True,True,True,True,True,False,True,True,False,no_development_parent
1924013,13366,231,1060.0,0.25,1155,R2-D1-S,Glo,4,2148,5359,12853,gdsc:1060:0.25uM,PD0325901,2016-02-18T00:00:00Z,2016-02-22T00:00:00Z,SIDM00957,False,SIDM00957,SIDP00424,large_intestine,Semi-Adherent,R,True,True,True,True,True,False,True,True,False,no_development_parent
1925101,13368,231,1060.0,0.25,1155,R2-D1-S,Glo,4,1167,2614,12854,gdsc:1060:0.25uM,PD0325901,2016-02-18T00:00:00Z,2016-02-22T00:00:00Z,SIDM00509,False,SIDM00509,SIDP00797,lung_SCLC,Suspension,R,True,True,True,True,True,True,True,True,True,
1926189,13370,231,1060.0,0.25,1155,R2-D1-S,Glo,4,188,2644,12855,gdsc:1060:0.25uM,PD0325901,2016-02-18T00:00:00Z,2016-02-22T00:00:00Z,SIDM00948,False,SIDM00948,SIDP00433,lymphoma,Suspension,R,True,True,True,True,True,False,True,True,False,no_development_parent
1927277,13372,231,1060.0,0.25,1155,R2-D1-S,Glo,4,324,2377,12856,gdsc:1060:0.25uM,PD0325901,2016-02-18T00:00:00Z,2016-02-22T00:00:00Z,SIDM00621,False,SIDM00621,SIDP00517,bone,Suspension,R,True,True,True,True,True,False,True,True,False,no_development_parent
1928365,13374,231,1060.0,0.25,1155,R2-D1-S,Glo,4,963,2707,12857,gdsc:1060:0.25uM,PD0325901,2016-02-18T00:00:00Z,2016-02-22T00:00:00Z,SIDM00853,False,SIDM00853,SIDP00102,soft_tissue,Adherent,R,True,True,True,True,True,False,True,True,False,no_development_parent
1929453,13380,231,1060.0,0.25,1155,R2-D1-S,Glo,4,207,3119,12860,gdsc:1060:0.25uM,PD0325901,2016-02-18T00:00:00Z,2016-02-22T00:00:00Z,SIDM00294,False,SIDM00294,SIDP00610,lung_SCLC,Suspension,R,True,True,True,True,True,False,True,True,False,no_development_parent
1930541,13382,231,1060.0,0.25,1155,R2-D1-S,Glo,4,924,3218,12861,gdsc:1060:0.25uM,PD0325901,2016-02-18T00:00:00Z,2016-02-22T00:00:00Z,SIDM00434,False,SIDM00434,SIDP01009,myeloma,Suspension,R,True,True,True,True,True,False,True,True,False,no_development_parent
1931629,13386,231,1060.0,0.25,1155,R2-D1-S,Glo,4,1490,2521,12862,gdsc:1060:0.25uM,PD0325901,2016-02-18T00:00:00Z,2016-02-22T00:00:00Z,SIDM00085,False,SIDM00085,SIDP00759,nervous_system,Adherent,R,True,True,True,True,True,False,True,True,False,no_development_parent
1932717,13388,231,1060.0,0.25,1155,R2-D1-S,Glo,4,151,4303,12863,gdsc:1060:0.25uM,PD0325901,2016-02-18T00:00:00Z,2016-02-22T00:00:00Z,SIDM00194,False,SIDM00194,SIDP00539,large_intestine,Adherent,R,True,True,True,True,True,False,True,True,False,no_development_parent
1933805,13393,231,1060.0,0.25,1155,R2-D1-S,Glo,4,637,2755,12864,gdsc:1060:0.25uM,PD0325901,2016-02-18T00:00:00Z,2016-02-22T00:00:00Z,SIDM01073,False,SIDM01073,SIDP00456,leukemia,Suspension,R,True,True,True,True,True,False,True,True,False,no_development_parent
1934893,13343,231,1060.0,0.25,1155,R2-D1-S,Glo,4,949,2308,12865,gdsc:1060:0.25uM,PD0325901,2016-02-18T00:00:00Z,2016-02-22T00:00:00Z,SIDM00849,False,SIDM00849,SIDP00058,kidney,Adherent,D/F12,True,True,True,True,True,False,True,True,False,no_development_parent
1935981,13345,231,1060.0,0.25,1155,R2-D1-S,Glo,4,1637,2310,12866,gdsc:1060:0.25uM,PD0325901,2016-02-18T00:00:00Z,2016-02-22T00:00:00Z,SIDM00211,False,SIDM00211,SIDP00523,leukemia,Suspension,R,True,True,True,True,True,False,True,True,False,no_development_parent
1937069,13347,231,1060.0,0.25,1155,R2-D1-S,Glo,4,776,2311,12867,gdsc:1060:0.25uM,PD0325901,2016-02-18T00:00:00Z,2016-02-22T00:00:00Z,SIDM00492,False,SIDM00492,SIDP00849,nervous_system,Semi-Adherent,D/F12,True,True,True,True,True,False,True,True,False,no_development_parent
1938157,13526,231,1060.0,0.25,1155,R2-D1-S,Glo,4,1617,3475,13005,gdsc:1060:0.25uM,PD0325901,2016-02-22T00:00:00Z,2016-02-26T00:00:00Z,SIDM00362,False,SIDM00362,SIDP00933,lymphoma,Suspension,R,True,True,True,True,True,False,True,True,False,no_development_parent
1939245,13518,231,1060.0,0.25,1155,R2-D1-S,Glo,4,786,2156,13006,gdsc:1060:0.25uM,PD0325901,2016-02-22T00:00:00Z,2016-02-26T00:00:00Z,SIDM01176,False,SIDM01176,SIDP00330,leukemia,Suspension,D/F12,True,True,True,True,True,False,True,True,False,no_development_parent
1940333,13516,231,1060.0,0.25,1155,R2-D1-S,Glo,4,1906,4151,13007,gdsc:1060:0.25uM,PD0325901,2016-02-22T00:00:00Z,2016-02-26T00:00:00Z,SIDM00331,False,SIDM00331,SIDP00999,leukemia,Suspension,R,True,True,True,True,True,False,True,True,False,no_development_parent
1941421,13536,231,1060.0,0.25,1155,R2-D1-S,Glo,4,869,2684,13008,gdsc:1060:0.25uM,PD0325901,2016-02-22T00:00:00Z,2016-02-26T00:00:00Z,SIDM00861,False,SIDM00861,SIDP00094,urogenital_system,Adherent,R,True,True,True,True,True,False,True,True,False,no_development_parent
1942509,13512,231,1060.0,0.25,1155,R2-D1-S,Glo,4,941,3432,13009,gdsc:1060:0.25uM,PD0325901,2016-02-22T00:00:00Z,2016-02-26T00:00:00Z,SIDM00570,False,SIDM00570,SIDP00921,digestive_system,Adherent,R,True,True,True,True,True,False,True,True,False,no_development_parent
1943597,13528,231,1060.0,0.25,1155,R2-D1-S,Glo,4,1644,6290,13010,gdsc:1060:0.25uM,PD0325901,2016-02-22T00:00:00Z,2016-02-26T00:00:00Z,SIDM00885,False,SIDM00885,SIDP00106,breast,Suspension,R,True,True,True,True,True,False,True,True,False,no_development_parent
1944685,13514,231,1060.0,0.25,1155,R2-D1-S,Glo,4,1394,3418,13011,gdsc:1060:0.25uM,PD0325901,2016-02-22T00:00:00Z,2016-02-26T00:00:00Z,SIDM00243,False,SIDM00243,SIDP00621,urogenital_system,Adherent,R,True,True,True,True,True,False,True,True,False,no_development_parent
1945773,13534,231,1060.0,0.25,1155,R2-D1-S,Glo,4,1148,2258,13012,gdsc:1060:0.25uM,PD0325901,2016-02-22T00:00:00Z,2016-02-26T00:00:00Z,SIDM00929,False,SIDM00929,SIDP00415,bone,Adherent,R,True,True,True,True,True,False,True,True,False,no_development_parent
1946861,13532,231,1060.0,0.25,1155,R2-D1-S,Glo,4,1294,3044,13013,gdsc:1060:0.25uM,PD0325901,2016-02-22T00:00:00Z,2016-02-26T00:00:00Z,SIDM00901,False,SIDM00901,SIDP00061,urogenital_system,Adherent,D/F12,True,True,True,True,True,False,True,True,False,no_development_parent
1947949,13520,231,1060.0,0.25,1155,R2-D1-S,Glo,4,302,2660,13015,gdsc:1060:0.25uM,PD0325901,2016-02-22T00:00:00Z,2016-02-26T00:00:00Z,SIDM01001,False,SIDM01001,SIDP00437,breast,Suspension,R,True,True,True,True,True,False,True,True,False,no_development_parent
1949037,13502,231,1060.0,0.25,1155,R2-D1-S,Glo,4,1549,3486,13016,gdsc:1060:0.25uM,PD0325901,2016-02-22T00:00:00Z,2016-02-26T00:00:00Z,SIDM00455,False,SIDM00455,SIDP01025,pancreas,Adherent,D/F12,True,True,True,True,True,False,True,True,False,no_development_parent
1950125,13500,231,1060.0,0.25,1155,R2-D1-S,Glo,4,1391,2926,13017,gdsc:1060:0.25uM,PD0325901,2016-02-22T00:00:00Z,2016-02-26T00:00:00Z,SIDM00828,False,SIDM00828,SIDP00012,soft_tissue,Adherent,D/F12,True,True,True,True,True,False,True,True,False,no_development_parent
1951213,13504,231,1060.0,0.25,1155,R2-D1-S,Glo,4,1317,6190,13018,gdsc:1060:0.25uM,PD0325901,2016-02-22T00:00:00Z,2016-02-26T00:00:00Z,SIDM00875,False,SIDM00875,SIDP00113,breast,Adherent,R,True,True,True,True,True,False,True,True,False,no_development_parent
1952301,13496,231,1060.0,0.25,1155,R2-D1-S,Glo,4,1500,2400,13019,gdsc:1060:0.25uM,PD0325901,2016-02-22T00:00:00Z,2016-02-26T00:00:00Z,SIDM00133,False,SIDM00133,SIDP00733,lung_NSCLC,Adherent,R,True,True,True,True,True,False,True,True,False,no_development_parent
1953389,13506,231,1060.0,0.25,1155,R2-D1-S,Glo,4,479,2996,13020,gdsc:1060:0.25uM,PD0325901,2016-02-22T00:00:00Z,2016-02-26T00:00:00Z,SIDM01037,False,SIDM01037,SIDP00472,breast,Adherent,D/F12,True,True,True,True,True,False,True,True,False,no_development_parent
1954477,13498,231,1060.0,0.25,1155,R2-D1-S,Glo,4,2193,2033,13021,gdsc:1060:0.25uM,PD0325901,2016-02-22T00:00:00Z,2016-02-26T00:00:00Z,SIDM00427,False,SIDM00427,SIDP01032,soft_tissue,Adherent,R,True,True,True,True,True,False,True,True,False,no_development_parent
1955565,13508,231,1060.0,0.25,1155,R2-D1-S,Glo,4,283,2018,13022,gdsc:1060:0.25uM,PD0325901,2016-02-22T00:00:00Z,2016-02-26T00:00:00Z,SIDM00448,False,SIDM00448,SIDP01030,lymphoma,Suspension,R,True,True,True,True,True,False,True,True,False,no_development_parent
1956653,13510,231,1060.0,0.25,1155,R2-D1-S,Glo,4,1609,2152,13023,gdsc:1060:0.25uM,PD0325901,2016-02-22T00:00:00Z,2016-02-26T00:00:00Z,SIDM00406,False,SIDM00406,SIDP01052,lymphoma,Suspension,R,True,True,True,True,True,True,True,True,True,
1957741,13723,231,1060.0,0.25,1155,R2-D1-S,Glo,4,1511,2811,13206,gdsc:1060:0.25uM,PD0325901,2016-02-26T00:00:00Z,2016-03-01T00:00:00Z,SIDM00495,False,SIDM00495,SIDP00846,lymphoma,Suspension,R,True,True,True,True,True,False,True,True,False,no_development_parent
1958829,13724,231,1060.0,0.25,1155,R2-D1-S,Glo,4,1511,2811,13207,gdsc:1060:0.25uM,PD0325901,2016-02-26T00:00:00Z,2016-03-01T00:00:00Z,SIDM00495,False,SIDM00495,SIDP00846,lymphoma,Suspension,R,True,True,True,True,True,False,True,True,False,no_development_parent
1959917,13728,231,1060.0,0.25,1155,R2-D1-S,Glo,4,1467,6269,13209,gdsc:1060:0.25uM,PD0325901,2016-02-26T00:00:00Z,2016-03-01T00:00:00Z,SIDM00140,False,SIDM00140,SIDP00745,skin,Adherent,R,True,True,True,True,True,False,True,True,False,no_development_parent
1961005,13730,231,1060.0,0.25,1155,R2-D1-S,Glo,4,858,2605,13210,gdsc:1060:0.25uM,PD0325901,2016-02-26T00:00:00Z,2016-03-01T00:00:00Z,SIDM00954,False,SIDM00954,SIDP00427,breast,Adherent,R,True,True,True,True,True,False,True,True,False,no_development_parent
1962093,13734,231,1060.0,0.25,1155,R2-D1-S,Glo,4,1316,4071,13211,gdsc:1060:0.25uM,PD0325901,2016-02-26T00:00:00Z,2016-03-01T00:00:00Z,SIDM00866,False,SIDM00866,SIDP00105,breast,Adherent,R,True,True,True,True,True,False,True,True,False,no_development_parent
1963181,13735,231,1060.0,0.25,1155,R2-D1-S,Glo,4,1316,4071,13212,gdsc:1060:0.25uM,PD0325901,2016-02-26T00:00:00Z,2016-03-01T00:00:00Z,SIDM00866,False,SIDM00866,SIDP00105,breast,Adherent,R,True,True,True,True,True,False,True,True,False,no_development_parent
1964269,13736,231,1060.0,0.25,1155,R2-D1-S,Glo,4,1316,4071,13213,gdsc:1060:0.25uM,PD0325901,2016-02-26T00:00:00Z,2016-03-01T00:00:00Z,SIDM00866,False,SIDM00866,SIDP00105,breast,Adherent,R,True,True,True,True,True,False,True,True,False,no_development_parent
1965357,13738,231,1060.0,0.25,1155,R2-D1-S,Glo,4,474,2797,13214,gdsc:1060:0.25uM,PD0325901,2016-02-26T00:00:00Z,2016-03-01T00:00:00Z,SIDM00596,False,SIDM00596,SIDP00862,urogenital_system,Adherent,D/F12,True,True,True,True,True,False,True,True,False,no_development_parent
1966445,13740,231,1060.0,0.25,1155,R2-D1-S,Glo,4,1243,2849,13215,gdsc:1060:0.25uM,PD0325901,2016-02-26T00:00:00Z,2016-03-01T00:00:00Z,SIDM00668,False,SIDM00668,SIDP00125,lymphoma,Suspension,R,True,True,True,True,True,False,True,True,False,no_development_parent
1967533,13742,231,1060.0,0.25,1155,R2-D1-S,Glo,4,1688,5572,13216,gdsc:1060:0.25uM,PD0325901,2016-02-26T00:00:00Z,2016-03-01T00:00:00Z,SIDM00541,False,SIDM00541,SIDP00811,large_intestine,Adherent,D/F12,True,True,True,True,True,False,True,True,False,no_development_parent
1968621,13744,231,1060.0,0.25,1155,R2-D1-S,Glo,4,109,2948,13217,gdsc:1060:0.25uM,PD0325901,2016-02-26T00:00:00Z,2016-03-01T00:00:00Z,SIDM00533,False,SIDM00533,SIDP00812,pancreas,Adherent,R,True,True,True,True,True,False,True,True,False,no_development_parent
1969709,13746,231,1060.0,0.25,1155,R2-D1-S,Glo,4,764,2411,13218,gdsc:1060:0.25uM,PD0325901,2016-02-26T00:00:00Z,2016-03-01T00:00:00Z,SIDM01013,False,SIDM01013,SIDP00476,lymphoma,Suspension,R,True,True,True,True,True,False,True,True,False,no_development_parent
1970797,13747,231,1060.0,0.25,1155,R2-D1-S,Glo,4,764,2411,13219,gdsc:1060:0.25uM,PD0325901,2016-02-26T00:00:00Z,2016-03-01T00:00:00Z,SIDM01013,False,SIDM01013,SIDP00476,lymphoma,Suspension,R,True,True,True,True,True,False,True,True,False,no_development_parent
1971885,13748,231,1060.0,0.25,1155,R2-D1-S,Glo,4,764,2411,13220,gdsc:1060:0.25uM,PD0325901,2016-02-26T00:00:00Z,2016-03-01T00:00:00Z,SIDM01013,False,SIDM01013,SIDP00476,lymphoma,Suspension,R,True,True,True,True,True,False,True,True,False,no_development_parent
1972973,13758,231,1060.0,0.25,1155,R2-D1-S,Glo,4,1812,3357,13221,gdsc:1060:0.25uM,PD0325901,2016-02-26T00:00:00Z,2016-03-01T00:00:00Z,SIDM00729,False,SIDM00729,SIDP00236,lung_NSCLC,Adherent,R,True,True,True,True,True,False,True,True,False,no_development_parent
1974061,13762,231,1060.0,0.25,1155,R2-D1-S,Glo,4,28,2140,13222,gdsc:1060:0.25uM,PD0325901,2016-02-26T00:00:00Z,2016-03-01T00:00:00Z,SIDM01144,False,SIDM01144,SIDP00275,digestive_system,Suspension,D/F12,True,True,True,True,True,False,True,True,False,no_development_parent
1975149,13764,231,1060.0,0.25,1155,R2-D1-S,Glo,4,1251,3431,13223,gdsc:1060:0.25uM,PD0325901,2016-02-26T00:00:00Z,2016-03-01T00:00:00Z,SIDM00572,False,SIDM00572,SIDP00920,digestive_system,Adherent,R,True,True,True,True,True,False,True,True,False,no_development_parent
1976237,13766,231,1060.0,0.25,1155,R2-D1-S,Glo,4,966,3792,13224,gdsc:1060:0.25uM,PD0325901,2016-02-26T00:00:00Z,2016-03-01T00:00:00Z,SIDM00445,False,SIDM00445,SIDP01016,aero_dig_tract,Adherent,R,True,True,True,True,True,False,True,True,False,no_development_parent
1977325,13770,231,1060.0,0.25,1155,R2-D1-S,Glo,4,1679,3441,13226,gdsc:1060:0.25uM,PD0325901,2016-02-26T00:00:00Z,2016-03-01T00:00:00Z,SIDM00458,False,SIDM00458,SIDP01022,leukemia,Suspension,D/F12,True,True,True,True,True,False,True,True,False,no_development_parent
1978413,13771,231,1060.0,0.25,1155,R2-D1-S,Glo,4,1679,3441,13227,gdsc:1060:0.25uM,PD0325901,2016-02-26T00:00:00Z,2016-03-01T00:00:00Z,SIDM00458,False,SIDM00458,SIDP01022,leukemia,Suspension,D/F12,True,True,True,True,True,False,True,True,False,no_development_parent
1979501,13772,231,1060.0,0.25,1155,R2-D1-S,Glo,4,1679,3441,13228,gdsc:1060:0.25uM,PD0325901,2016-02-26T00:00:00Z,2016-03-01T00:00:00Z,SIDM00458,False,SIDM00458,SIDP01022,leukemia,Suspension,D/F12,True,True,True,True,True,False,True,True,False,no_development_parent
1980589,13774,231,1060.0,0.25,1155,R2-D1-S,Glo,4,686,3749,13229,gdsc:1060:0.25uM,PD0325901,2016-02-26T00:00:00Z,2016-03-01T00:00:00Z,SIDM00475,False,SIDM00475,SIDP00830,urogenital_system,Adherent,D/F12,True,True,True,True,True,False,True,True,False,no_development_parent
1981677,13776,231,1060.0,0.25,1155,R2-D1-S,Glo,4,862,2050,13230,gdsc:1060:0.25uM,PD0325901,2016-02-26T00:00:00Z,2016-03-01T00:00:00Z,SIDM01086,False,SIDM01086,SIDP00293,leukemia,Suspension,R,True,True,True,True,True,False,True,True,False,no_development_parent
1982765,13778,231,1060.0,0.25,1155,R2-D1-S,Glo,4,1475,2073,13231,gdsc:1060:0.25uM,PD0325901,2016-02-26T00:00:00Z,2016-03-01T00:00:00Z,SIDM00384,False,SIDM00384,SIDP00949,lymphoma,Suspension,R,True,True,True,True,True,False,True,True,False,no_development_parent
1983853,13780,231,1060.0,0.25,1155,R2-D1-S,Glo,4,41,2095,13232,gdsc:1060:0.25uM,PD0325901,2016-02-26T00:00:00Z,2016-03-01T00:00:00Z,SIDM01111,False,SIDM01111,SIDP00306,bone,Semi-Adherent,R,True,True,True,True,True,False,True,True,False,no_development_parent
1984941,13782,231,1060.0,0.25,1155,R2-D1-S,Glo,4,1877,2154,13233,gdsc:1060:0.25uM,PD0325901,2016-02-26T00:00:00Z,2016-03-01T00:00:00Z,SIDM00423,False,SIDM00423,SIDP01054,lymphoma,Suspension,R,True,True,True,True,True,False,True,True,False,no_development_parent
1986029,13784,231,1060.0,0.25,1155,R2-D1-S,Glo,4,851,2216,13234,gdsc:1060:0.25uM,PD0325901,2016-02-26T00:00:00Z,2016-03-01T00:00:00Z,SIDM00323,False,SIDM00323,SIDP00969,lymphoma,Suspension,R,True,True,True,True,True,False,True,True,False,no_development_parent
1987117,13722,231,1060.0,0.25,1155,R2-D1-S,Glo,4,1511,2811,13235,gdsc:1060:0.25uM,PD0325901,2016-02-26T00:00:00Z,2016-03-01T00:00:00Z,SIDM00495,False,SIDM00495,SIDP00846,lymphoma,Suspension,R,True,True,True,True,True,False,True,True,False,no_development_parent
1988205,14056,231,1060.0,0.25,1155,R2-D1-S,Glo,4,573,2493,13536,gdsc:1060:0.25uM,PD0325901,2016-03-04T00:00:00Z,2016-03-08T00:00:00Z,SIDM00778,False,SIDM00778,SIDP00037,large_intestine,Adherent,R,True,True,True,True,True,False,True,True,False,no_development_parent
1989293,14054,231,1060.0,0.25,1155,R2-D1-S,Glo,4,127,3254,13538,gdsc:1060:0.25uM,PD0325901,2016-03-04T00:00:00Z,2016-03-08T00:00:00Z,SIDM00578,False,,,,,,True,False,False,True,True,True,True,True,False,known_annotation;model_identity_match
1990381,14048,231,1060.0,0.25,1155,R2-D1-S,Glo,4,744,2832,13539,gdsc:1060:0.25uM,PD0325901,2016-03-04T00:00:00Z,2016-03-08T00:00:00Z,SIDM00670,False,SIDM00670,SIDP00123,pancreas,Adherent,D/F12,True,True,True,True,True,False,True,True,False,no_development_parent
1991469,14038,231,1060.0,0.25,1155,R2-D1-S,Glo,4,1529,2378,13544,gdsc:1060:0.25uM,PD0325901,2016-03-04T00:00:00Z,2016-03-08T00:00:00Z,SIDM00198,False,SIDM00198,SIDP00518,bone,Adherent,R,True,True,True,True,True,False,True,True,False,no_development_parent
1992557,14060,231,1060.0,0.25,1155,R2-D1-S,Glo,4,1254,3456,13545,gdsc:1060:0.25uM,PD0325901,2016-03-04T00:00:00Z,2016-03-08T00:00:00Z,SIDM00565,False,SIDM00565,SIDP00926,aero_dig_tract,Adherent,D/F12,True,True,True,True,True,False,True,True,False,no_development_parent
1993645,14062,231,1060.0,0.25,1155,R2-D1-S,Glo,4,999,2067,13550,gdsc:1060:0.25uM,PD0325901,2016-03-04T00:00:00Z,2016-03-08T00:00:00Z,SIDM00368,False,SIDM00368,SIDP00948,lung_SCLC,Adherent,D/F12,True,True,True,True,True,False,True,True,False,no_development_parent
1994733,14042,231,1060.0,0.25,1155,R2-D1-S,Glo,4,165,2721,13553,gdsc:1060:0.25uM,PD0325901,2016-03-04T00:00:00Z,2016-03-08T00:00:00Z,SIDM00104,False,SIDM00104,SIDP00776,lung,Adherent,R,True,True,True,True,True,False,True,True,False,no_development_parent
1995821,14046,231,1060.0,0.25,1155,R2-D1-S,Glo,4,903,2393,13554,gdsc:1060:0.25uM,PD0325901,2016-03-04T00:00:00Z,2016-03-08T00:00:00Z,SIDM01251,False,SIDM01251,SIDP00104,lymphoma,Suspension,R,True,True,True,True,True,True,True,True,True,
1996909,14058,231,1060.0,0.25,1155,R2-D1-S,Glo,4,752,3793,13555,gdsc:1060:0.25uM,PD0325901,2016-03-04T00:00:00Z,2016-03-08T00:00:00Z,SIDM00444,False,SIDM00444,SIDP01015,aero_dig_tract,Semi-Adherent,R,True,True,True,True,True,False,True,True,False,no_development_parent
1997997,14146,231,1060.0,0.25,1155,R2-D1-S,Glo,4,1145,5512,13645,gdsc:1060:0.25uM,PD0325901,2016-03-08T00:00:00Z,2016-03-12T00:00:00Z,SIDM01191,False,SIDM01191,SIDP00358,bone,Adherent,R,True,True,True,True,True,False,True,True,False,no_development_parent
1999085,14111,231,1060.0,0.25,1155,R2-D1-S,Glo,4,953,6231,13670,gdsc:1060:0.25uM,PD0325901,2016-03-08T00:00:00Z,2016-03-12T00:00:00Z,SIDM00795,False,SIDM00795,SIDP00054,skin,Adherent,D/F12,True,True,True,True,True,False,True,True,False,no_development_parent
2000976,14126,231,1036.0,10.0,723,L12-D1-S,Glo,4,1212,5530,13672,gdsc:1036:10uM,PLX-4720,2016-03-08T00:00:00Z,2016-03-12T00:00:00Z,SIDM00136,False,SIDM00136,SIDP00736,large_intestine,Adherent,R,True,True,True,True,True,False,True,True,False,no_development_parent
2002064,14127,231,1036.0,10.0,723,L12-D1-S,Glo,4,1212,5530,13673,gdsc:1036:10uM,PLX-4720,2016-03-08T00:00:00Z,2016-03-12T00:00:00Z,SIDM00136,False,SIDM00136,SIDP00736,large_intestine,Adherent,R,True,True,True,True,True,False,True,True,False,no_development_parent
2003152,14128,231,1036.0,10.0,723,L12-D1-S,Glo,4,1212,5530,13674,gdsc:1036:10uM,PLX-4720,2016-03-08T00:00:00Z,2016-03-12T00:00:00Z,SIDM00136,False,SIDM00136,SIDP00736,large_intestine,Adherent,R,True,True,True,True,True,False,True,True,False,no_development_parent
2004240,14116,231,1036.0,10.0,723,L12-D1-S,Glo,4,369,2878,13675,gdsc:1036:10uM,PLX-4720,2016-03-08T00:00:00Z,2016-03-12T00:00:00Z,SIDM00903,False,SIDM00903,SIDP00060,lung_NSCLC,Adherent,D/F12,True,True,True,True,True,False,True,True,False,no_development_parent
2005328,14122,231,1036.0,10.0,723,L12-D1-S,Glo,4,1553,5232,13676,gdsc:1036:10uM,PLX-4720,2016-03-08T00:00:00Z,2016-03-12T00:00:00Z,SIDM00789,False,SIDM00789,SIDP00030,large_intestine,Adherent,R,True,True,True,True,True,False,True,True,False,no_development_parent
2006416,14123,231,1036.0,10.0,723,L12-D1-S,Glo,4,1553,5232,13677,gdsc:1036:10uM,PLX-4720,2016-03-08T00:00:00Z,2016-03-12T00:00:00Z,SIDM00789,False,SIDM00789,SIDP00030,large_intestine,Adherent,R,True,True,True,True,True,False,True,True,False,no_development_parent
2007504,14124,231,1036.0,10.0,723,L12-D1-S,Glo,4,1553,5232,13678,gdsc:1036:10uM,PLX-4720,2016-03-08T00:00:00Z,2016-03-12T00:00:00Z,SIDM00789,False,SIDM00789,SIDP00030,large_intestine,Adherent,R,True,True,True,True,True,False,True,True,False,no_development_parent
2008592,14110,231,1036.0,10.0,723,L12-D1-S,Glo,4,953,6231,13679,gdsc:1036:10uM,PLX-4720,2016-03-08T00:00:00Z,2016-03-12T00:00:00Z,SIDM00795,False,SIDM00795,SIDP00054,skin,Adherent,D/F12,True,True,True,True,True,False,True,True,False,no_development_parent
2009680,14147,231,1036.0,10.0,723,L12-D1-S,Glo,4,1145,5512,13680,gdsc:1036:10uM,PLX-4720,2016-03-08T00:00:00Z,2016-03-12T00:00:00Z,SIDM01191,False,SIDM01191,SIDP00358,bone,Adherent,R,True,True,True,True,True,False,True,True,False,no_development_parent
2010768,14118,231,1036.0,10.0,723,L12-D1-S,Glo,4,2242,4711,13682,gdsc:1036:10uM,PLX-4720,2016-03-08T00:00:00Z,2016-03-12T00:00:00Z,SIDM00890,False,SIDM00890,SIDP00071,skin,Adherent,D/F12,True,True,True,True,True,False,True,True,False,no_development_parent
2011856,14119,231,1036.0,10.0,723,L12-D1-S,Glo,4,2242,4711,13683,gdsc:1036:10uM,PLX-4720,2016-03-08T00:00:00Z,2016-03-12T00:00:00Z,SIDM00890,False,SIDM00890,SIDP00071,skin,Adherent,D/F12,True,True,True,True,True,False,True,True,False,no_development_parent
2012944,14120,231,1036.0,10.0,723,L12-D1-S,Glo,4,2242,4711,13684,gdsc:1036:10uM,PLX-4720,2016-03-08T00:00:00Z,2016-03-12T00:00:00Z,SIDM00890,False,SIDM00890,SIDP00071,skin,Adherent,D/F12,True,True,True,True,True,False,True,True,False,no_development_parent
2014032,14134,231,1036.0,10.0,723,L12-D1-S,Glo,4,198,4712,13685,gdsc:1036:10uM,PLX-4720,2016-03-08T00:00:00Z,2016-03-12T00:00:00Z,SIDM00237,False,SIDM00237,SIDP00627,lung_NSCLC,Adherent,R,True,True,True,True,True,False,True,True,False,no_development_parent
2015120,14135,231,1036.0,10.0,723,L12-D1-S,Glo,4,198,4712,13686,gdsc:1036:10uM,PLX-4720,2016-03-08T00:00:00Z,2016-03-12T00:00:00Z,SIDM00237,False,SIDM00237,SIDP00627,lung_NSCLC,Adherent,R,True,True,True,True,True,False,True,True,False,no_development_parent
2016208,14136,231,1036.0,10.0,723,L12-D1-S,Glo,4,198,4712,13687,gdsc:1036:10uM,PLX-4720,2016-03-08T00:00:00Z,2016-03-12T00:00:00Z,SIDM00237,False,SIDM00237,SIDP00627,lung_NSCLC,Adherent,R,True,True,True,True,True,False,True,True,False,no_development_parent
2017296,14114,231,1036.0,10.0,723,L12-D1-S,Glo,4,369,2878,13688,gdsc:1036:10uM,PLX-4720,2016-03-08T00:00:00Z,2016-03-12T00:00:00Z,SIDM00903,False,SIDM00903,SIDP00060,lung_NSCLC,Adherent,D/F12,True,True,True,True,True,False,True,True,False,no_development_parent
2018384,14115,231,1036.0,10.0,723,L12-D1-S,Glo,4,369,2878,13689,gdsc:1036:10uM,PLX-4720,2016-03-08T00:00:00Z,2016-03-12T00:00:00Z,SIDM00903,False,SIDM00903,SIDP00060,lung_NSCLC,Adherent,D/F12,True,True,True,True,True,False,True,True,False,no_development_parent
2019472,14130,231,1036.0,10.0,723,L12-D1-S,Glo,4,339,5947,13690,gdsc:1036:10uM,PLX-4720,2016-03-08T00:00:00Z,2016-03-12T00:00:00Z,SIDM00386,False,SIDM00386,SIDP01001,bone,Adherent,R,True,True,True,True,True,False,True,True,False,no_development_parent
2020560,14131,231,1036.0,10.0,723,L12-D1-S,Glo,4,339,5947,13691,gdsc:1036:10uM,PLX-4720,2016-03-08T00:00:00Z,2016-03-12T00:00:00Z,SIDM00386,False,SIDM00386,SIDP01001,bone,Adherent,R,True,True,True,True,True,False,True,True,False,no_development_parent
2021648,14132,231,1036.0,10.0,723,L12-D1-S,Glo,4,339,5947,13692,gdsc:1036:10uM,PLX-4720,2016-03-08T00:00:00Z,2016-03-12T00:00:00Z,SIDM00386,False,SIDM00386,SIDP01001,bone,Adherent,R,True,True,True,True,True,False,True,True,False,no_development_parent
2022736,14138,231,1036.0,10.0,723,L12-D1-S,Glo,4,37,2536,13693,gdsc:1036:10uM,PLX-4720,2016-03-08T00:00:00Z,2016-03-12T00:00:00Z,SIDM00781,False,SIDM00781,SIDP00035,large_intestine,Adherent,R,True,True,True,True,True,False,True,True,False,no_development_parent
2023824,14139,231,1036.0,10.0,723,L12-D1-S,Glo,4,37,2536,13694,gdsc:1036:10uM,PLX-4720,2016-03-08T00:00:00Z,2016-03-12T00:00:00Z,SIDM00781,False,SIDM00781,SIDP00035,large_intestine,Adherent,R,True,True,True,True,True,False,True,True,False,no_development_parent
2024912,14140,231,1036.0,10.0,723,L12-D1-S,Glo,4,37,2536,13695,gdsc:1036:10uM,PLX-4720,2016-03-08T00:00:00Z,2016-03-12T00:00:00Z,SIDM00781,False,SIDM00781,SIDP00035,large_intestine,Adherent,R,True,True,True,True,True,False,True,True,False,no_development_parent
2026000,14142,231,1036.0,10.0,723,L12-D1-S,Glo,4,3,5529,13696,gdsc:1036:10uM,PLX-4720,2016-03-08T00:00:00Z,2016-03-12T00:00:00Z,SIDM00841,False,SIDM00841,SIDP00019,large_intestine,Adherent,D/F12,True,True,True,True,True,False,True,True,False,no_development_parent
2027088,14143,231,1036.0,10.0,723,L12-D1-S,Glo,4,3,5529,13697,gdsc:1036:10uM,PLX-4720,2016-03-08T00:00:00Z,2016-03-12T00:00:00Z,SIDM00841,False,SIDM00841,SIDP00019,large_intestine,Adherent,D/F12,True,True,True,True,True,False,True,True,False,no_development_parent
2028176,14144,231,1036.0,10.0,723,L12-D1-S,Glo,4,3,5529,13698,gdsc:1036:10uM,PLX-4720,2016-03-08T00:00:00Z,2016-03-12T00:00:00Z,SIDM00841,False,SIDM00841,SIDP00019,large_intestine,Adherent,D/F12,True,True,True,True,True,False,True,True,False,no_development_parent
2029264,14160,231,1036.0,10.0,723,L12-D1-S,Glo,4,1193,2401,13706,gdsc:1036:10uM,PLX-4720,2016-03-10T00:00:00Z,2016-03-14T00:00:00Z,SIDM00695,False,SIDM00695,SIDP00135,skin,Adherent,R,True,True,True,True,True,False,True,True,False,no_development_parent
2030352,14162,231,1036.0,10.0,723,L12-D1-S,Glo,4,1855,2939,13707,gdsc:1036:10uM,PLX-4720,2016-03-10T00:00:00Z,2016-03-14T00:00:00Z,SIDM00586,False,SIDM00586,SIDP00870,digestive_system,Adherent,D/F12,True,True,True,True,True,False,True,True,False,no_development_parent
2031440,14170,231,1036.0,10.0,723,L12-D1-S,Glo,4,12,2440,13711,gdsc:1036:10uM,PLX-4720,2016-03-10T00:00:00Z,2016-03-14T00:00:00Z,SIDM00182,False,SIDM00182,SIDP00570,aero_dig_tract,Adherent,D/F12,True,True,True,True,True,False,True,True,False,no_development_parent
2032528,14172,231,1036.0,10.0,723,L12-D1-S,Glo,4,485,3098,13712,gdsc:1036:10uM,PLX-4720,2016-03-10T00:00:00Z,2016-03-14T00:00:00Z,SIDM00344,False,SIDM00344,SIDP00986,lung_NSCLC,Adherent,R,True,True,True,True,True,False,True,True,False,no_development_parent
2033616,14178,231,1036.0,10.0,723,L12-D1-S,Glo,4,1250,3321,13714,gdsc:1036:10uM,PLX-4720,2016-03-10T00:00:00Z,2016-03-14T00:00:00Z,SIDM00761,False,SIDM00761,SIDP00212,lung_SCLC,Adherent,R,True,True,True,True,True,False,True,True,False,no_development_parent
2034704,14180,231,1036.0,10.0,723,L12-D1-S,Glo,4,1570,6332,13715,gdsc:1036:10uM,PLX-4720,2016-03-10T00:00:00Z,2016-03-14T00:00:00Z,SIDM00760,False,SIDM00760,SIDP00213,lung_SCLC,Suspension,R,True,True,True,True,True,False,True,True,False,no_development_parent
2035792,14182,231,1036.0,10.0,723,L12-D1-S,Glo,4,1546,3419,13716,gdsc:1036:10uM,PLX-4720,2016-03-10T00:00:00Z,2016-03-14T00:00:00Z,SIDM00577,False,SIDM00577,SIDP00914,neuroblastoma,Adherent,D/F12,True,True,True,True,True,False,True,True,False,no_development_parent
2036880,14184,231,1036.0,10.0,723,L12-D1-S,Glo,4,782,3436,13717,gdsc:1036:10uM,PLX-4720,2016-03-10T00:00:00Z,2016-03-14T00:00:00Z,SIDM00480,False,SIDM00480,SIDP00825,urogenital_system,Adherent,D/F12,True,True,True,True,True,False,True,True,False,no_development_parent
2037968,14186,231,1036.0,10.0,723,L12-D1-S,Glo,4,1682,3509,13718,gdsc:1036:10uM,PLX-4720,2016-03-10T00:00:00Z,2016-03-14T00:00:00Z,SIDM01132,False,SIDM01132,SIDP00285,nervous_system,Adherent,R,True,True,True,True,True,False,True,True,False,no_development_parent
2039056,14188,231,1036.0,10.0,723,L12-D1-S,Glo,4,285,2024,13719,gdsc:1036:10uM,PLX-4720,2016-03-10T00:00:00Z,2016-03-14T00:00:00Z,SIDM00358,False,SIDM00358,SIDP00937,digestive_system,Adherent,R,True,True,True,True,True,False,True,True,False,no_development_parent
2040144,14194,231,1036.0,10.0,723,L12-D1-S,Glo,4,1642,2554,13721,gdsc:1036:10uM,PLX-4720,2016-03-10T00:00:00Z,2016-03-14T00:00:00Z,SIDM00328,False,SIDM00328,SIDP00965,aero_dig_tract,Adherent,D/F12,True,True,True,True,True,False,True,True,False,no_development_parent
2041232,14196,231,1036.0,10.0,723,L12-D1-S,Glo,4,2089,2304,13722,gdsc:1036:10uM,PLX-4720,2016-03-10T00:00:00Z,2016-03-14T00:00:00Z,SIDM00796,False,SIDM00796,SIDP00053,aero_dig_tract,Adherent,D/F12,True,True,True,True,True,False,True,True,False,no_development_parent
2042320,14198,231,1036.0,10.0,723,L12-D1-S,Glo,4,1862,2650,13723,gdsc:1036:10uM,PLX-4720,2016-03-10T00:00:00Z,2016-03-14T00:00:00Z,SIDM00522,False,SIDM00522,SIDP00802,lung_SCLC,Adherent,D/F12,True,True,True,True,True,False,True,True,False,no_development_parent
2043408,14200,231,1036.0,10.0,723,L12-D1-S,Glo,4,1628,2115,13724,gdsc:1036:10uM,PLX-4720,2016-03-10T00:00:00Z,2016-03-14T00:00:00Z,SIDM01103,False,SIDM01103,SIDP00314,lung_NSCLC,Adherent,D/F12,True,True,True,True,True,True,True,True,True,
2044496,14202,231,1036.0,10.0,723,L12-D1-S,Glo,4,700,2222,13725,gdsc:1036:10uM,PLX-4720,2016-03-10T00:00:00Z,2016-03-14T00:00:00Z,SIDM01169,False,SIDM01169,SIDP00355,urogenital_system,Adherent,D/F12,True,True,True,True,True,True,True,True,True,
2045584,14204,231,1036.0,10.0,723,L12-D1-S,Glo,4,386,3232,13726,gdsc:1036:10uM,PLX-4720,2016-03-10T00:00:00Z,2016-03-14T00:00:00Z,SIDM00638,False,SIDM00638,SIDP00167,urogenital_system,Adherent,D/F12,True,True,True,True,True,True,True,True,True,
2046672,14152,231,1036.0,10.0,723,L12-D1-S,Glo,4,1386,2646,13727,gdsc:1036:10uM,PLX-4720,2016-03-10T00:00:00Z,2016-03-14T00:00:00Z,SIDM00947,False,SIDM00947,SIDP00434,nervous_system,Adherent,R,True,True,True,True,True,False,True,True,False,no_development_parent
2047760,14209,231,1036.0,10.0,723,L12-D1-S,Glo,4,554,2567,13745,gdsc:1036:10uM,PLX-4720,2016-03-11T00:00:00Z,2016-03-15T00:00:00Z,SIDM00176,False,SIDM00176,SIDP00576,bone,Adherent,R,True,True,True,True,True,True,True,True,True,
2048848,14211,231,1036.0,10.0,723,L12-D1-S,Glo,4,351,2775,13746,gdsc:1036:10uM,PLX-4720,2016-03-11T00:00:00Z,2016-03-15T00:00:00Z,SIDM00774,False,SIDM00774,SIDP00117,breast,Suspension,D/F12,True,True,True,True,True,False,True,True,False,no_development_parent
2049936,14216,231,1036.0,10.0,723,L12-D1-S,Glo,4,1631,3072,13748,gdsc:1036:10uM,PLX-4720,2016-03-11T00:00:00Z,2016-03-15T00:00:00Z,SIDM00553,False,SIDM00553,SIDP00899,leukemia,Suspension,R,True,True,True,True,True,False,True,True,False,no_development_parent
2051024,14223,231,1036.0,10.0,723,L12-D1-S,Glo,4,1928,3264,13752,gdsc:1036:10uM,PLX-4720,2016-03-11T00:00:00Z,2016-03-15T00:00:00Z,SIDM00653,False,SIDM00653,SIDP00173,lung_SCLC,Suspension,D/F12,True,True,True,True,True,False,True,True,False,no_development_parent
2052112,14227,231,1036.0,10.0,723,L12-D1-S,Glo,4,934,3307,13754,gdsc:1036:10uM,PLX-4720,2016-03-11T00:00:00Z,2016-03-15T00:00:00Z,SIDM00755,False,SIDM00755,SIDP00204,lung_NSCLC,Adherent,D/F12,True,True,True,True,True,False,True,True,False,no_development_parent
2053200,14233,231,1036.0,10.0,723,L12-D1-S,Glo,4,911,5650,13756,gdsc:1036:10uM,PLX-4720,2016-03-11T00:00:00Z,2016-03-15T00:00:00Z,SIDM00088,False,SIDM00088,SIDP00756,urogenital_system,Adherent,D/F12,True,True,True,True,True,False,True,True,False,no_development_parent
2054288,14235,231,1036.0,10.0,723,L12-D1-S,Glo,4,1823,3317,13757,gdsc:1036:10uM,PLX-4720,2016-03-11T00:00:00Z,2016-03-15T00:00:00Z,SIDM00763,False,SIDM00763,SIDP00210,lung_NSCLC,Adherent,R,True,True,True,True,True,True,True,True,True,
2055376,14237,231,1036.0,10.0,723,L12-D1-S,Glo,4,1539,3387,13758,gdsc:1036:10uM,PLX-4720,2016-03-11T00:00:00Z,2016-03-15T00:00:00Z,SIDM01124,False,SIDM01124,SIDP00257,lung_NSCLC,Adherent,D/F12,True,True,True,True,True,True,True,True,True,
2056464,14239,231,1036.0,10.0,723,L12-D1-S,Glo,4,2052,2037,13759,gdsc:1036:10uM,PLX-4720,2016-03-11T00:00:00Z,2016-03-15T00:00:00Z,SIDM00426,False,SIDM00426,SIDP01034,soft_tissue,Adherent,R,True,True,True,True,True,True,True,True,True,
2057552,14241,231,1036.0,10.0,723,L12-D1-S,Glo,4,892,3068,13760,gdsc:1036:10uM,PLX-4720,2016-03-11T00:00:00Z,2016-03-15T00:00:00Z,SIDM01033,False,SIDM01033,SIDP00492,urogenital_system,Adherent,R,True,True,True,True,True,True,True,True,True,
2058640,14207,231,1036.0,10.0,723,L12-D1-S,Glo,4,604,2325,13763,gdsc:1036:10uM,PLX-4720,2016-03-11T00:00:00Z,2016-03-15T00:00:00Z,SIDM00212,False,SIDM00212,SIDP00524,nervous_system,Adherent,D/F12,True,True,True,True,True,False,True,True,False,no_development_parent
2059728,14257,231,1036.0,10.0,723,L12-D1-S,Glo,4,744,2832,13806,gdsc:1036:10uM,PLX-4720,2016-03-14T00:00:00Z,2016-03-18T00:00:00Z,SIDM00670,False,SIDM00670,SIDP00123,pancreas,Adherent,D/F12,True,True,True,True,True,False,True,True,False,no_development_parent
2060816,14259,231,1036.0,10.0,723,L12-D1-S,Glo,4,1153,2572,13807,gdsc:1036:10uM,PLX-4720,2016-03-14T00:00:00Z,2016-03-18T00:00:00Z,SIDM00944,False,SIDM00944,SIDP00419,large_intestine,Adherent,D/F12,True,True,True,True,True,False,True,True,False,no_development_parent
2061904,14261,231,1036.0,10.0,723,L12-D1-S,Glo,4,2143,6570,13808,gdsc:1036:10uM,PLX-4720,2016-03-14T00:00:00Z,2016-03-18T00:00:00Z,SIDM00872,False,SIDM00872,SIDP00115,breast,Adherent,R,True,True,True,True,True,False,True,True,False,no_development_parent
2062992,14263,231,1036.0,10.0,723,L12-D1-S,Glo,4,936,4850,13809,gdsc:1036:10uM,PLX-4720,2016-03-14T00:00:00Z,2016-03-18T00:00:00Z,SIDM00874,False,SIDM00874,SIDP00114,breast,Adherent,R,True,True,True,True,True,True,True,True,True,
2064080,14265,231,1036.0,10.0,723,L12-D1-S,Glo,4,643,6409,13810,gdsc:1036:10uM,PLX-4720,2016-03-14T00:00:00Z,2016-03-18T00:00:00Z,SIDM01140,False,SIDM01140,SIDP00279,urogenital_system,Adherent,D/F12,True,True,True,True,True,False,True,True,False,no_development_parent
2065168,14267,231,1036.0,10.0,723,L12-D1-S,Glo,4,1187,2670,13811,gdsc:1036:10uM,PLX-4720,2016-03-14T00:00:00Z,2016-03-18T00:00:00Z,SIDM01002,False,SIDM01002,SIDP00439,breast,Adherent,R,True,True,True,True,True,False,True,True,False,no_development_parent
2066256,14253,231,1036.0,10.0,723,L12-D1-S,Glo,4,86,3219,13812,gdsc:1036:10uM,PLX-4720,2016-03-14T00:00:00Z,2016-03-18T00:00:00Z,SIDM00433,False,SIDM00433,SIDP01010,leukemia,Suspension,R,True,True,True,True,True,False,True,True,False,no_development_parent
2067344,14339,231,1036.0,10.0,723,L12-D1-S,Glo,4,339,5947,13868,gdsc:1036:10uM,PLX-4720,2016-03-17T00:00:00Z,2016-03-21T00:00:00Z,SIDM00386,False,SIDM00386,SIDP01001,bone,Adherent,R,True,True,True,True,True,False,True,True,False,no_development_parent
2068432,14343,231,1036.0,10.0,723,L12-D1-S,Glo,4,1145,5512,13871,gdsc:1036:10uM,PLX-4720,2016-03-17T00:00:00Z,2016-03-21T00:00:00Z,SIDM01191,False,SIDM01191,SIDP00358,bone,Adherent,R,True,True,True,True,True,False,True,True,False,no_development_parent
2069520,14347,231,1036.0,10.0,723,L12-D1-S,Glo,4,1212,5530,13874,gdsc:1036:10uM,PLX-4720,2016-03-17T00:00:00Z,2016-03-21T00:00:00Z,SIDM00136,False,SIDM00136,SIDP00736,large_intestine,Adherent,R,True,True,True,True,True,False,True,True,False,no_development_parent
2070608,14351,231,1036.0,10.0,723,L12-D1-S,Glo,4,953,6231,13877,gdsc:1036:10uM,PLX-4720,2016-03-17T00:00:00Z,2016-03-21T00:00:00Z,SIDM00795,False,SIDM00795,SIDP00054,skin,Adherent,D/F12,True,True,True,True,True,False,True,True,False,no_development_parent
2071696,14355,231,1036.0,10.0,723,L12-D1-S,Glo,4,198,4712,13880,gdsc:1036:10uM,PLX-4720,2016-03-17T00:00:00Z,2016-03-21T00:00:00Z,SIDM00237,False,SIDM00237,SIDP00627,lung_NSCLC,Adherent,R,True,True,True,True,True,False,True,True,False,no_development_parent
2072784,14362,231,1036.0,10.0,723,L12-D1-S,Glo,4,407,3076,13884,gdsc:1036:10uM,PLX-4720,2016-03-17T00:00:00Z,2016-03-21T00:00:00Z,SIDM01031,False,,,,,,True,False,False,True,True,True,True,True,False,known_annotation;model_identity_match
2073872,14364,231,1036.0,10.0,723,L12-D1-S,Glo,4,2076,2089,13885,gdsc:1036:10uM,PLX-4720,2016-03-17T00:00:00Z,2016-03-21T00:00:00Z,SIDM00395,False,SIDM00395,SIDP01043,neuroblastoma,Adherent,R,True,True,True,True,True,False,True,True,False,no_development_parent
2074960,14366,231,1036.0,10.0,723,L12-D1-S,Glo,4,2038,2175,13886,gdsc:1036:10uM,PLX-4720,2016-03-17T00:00:00Z,2016-03-21T00:00:00Z,SIDM01168,False,SIDM01168,SIDP00340,urogenital_system,Adherent,D/F12,True,True,True,True,True,True,True,True,True,
2076048,14378,231,1036.0,10.0,723,L12-D1-S,Glo,4,1803,3045,13945,gdsc:1036:10uM,PLX-4720,2016-03-22T00:00:00Z,2016-03-26T00:00:00Z,SIDM01019,False,SIDM01019,SIDP00489,leukemia,Suspension,R,True,True,True,True,True,False,True,True,False,no_development_parent
2077136,14380,231,1036.0,10.0,723,L12-D1-S,Glo,4,1509,2725,13946,gdsc:1036:10uM,PLX-4720,2016-03-22T00:00:00Z,2016-03-26T00:00:00Z,SIDM00101,False,SIDM00101,SIDP00779,lung,Adherent,R,True,True,True,True,True,False,True,True,False,no_development_parent
2078224,14384,231,1036.0,10.0,723,L12-D1-S,Glo,4,936,4850,13948,gdsc:1036:10uM,PLX-4720,2016-03-22T00:00:00Z,2016-03-26T00:00:00Z,SIDM00874,False,SIDM00874,SIDP00114,breast,Adherent,R,True,True,True,True,True,True,True,True,True,
2079312,14386,231,1036.0,10.0,723,L12-D1-S,Glo,4,2256,2419,13949,gdsc:1036:10uM,PLX-4720,2016-03-22T00:00:00Z,2016-03-26T00:00:00Z,SIDM00686,False,SIDM00686,SIDP00144,urogenital_system,Adherent,D/F12,True,True,True,True,True,False,True,True,False,no_development_parent
2080400,14390,231,1036.0,10.0,723,L12-D1-S,Glo,4,952,3082,13952,gdsc:1036:10uM,PLX-4720,2016-03-22T00:00:00Z,2016-03-26T00:00:00Z,SIDM01028,False,SIDM01028,SIDP00497,aero_dig_tract,Adherent,R,True,True,True,True,True,False,True,True,False,no_development_parent
2081488,14392,231,1036.0,10.0,723,L12-D1-S,Glo,4,2080,3105,13953,gdsc:1036:10uM,PLX-4720,2016-03-22T00:00:00Z,2016-03-26T00:00:00Z,SIDM00683,False,SIDM00683,SIDP00147,urogenital_system,Adherent,R,True,True,True,True,True,False,True,True,False,no_development_parent
2082576,14394,231,1036.0,10.0,723,L12-D1-S,Glo,4,730,3253,13954,gdsc:1036:10uM,PLX-4720,2016-03-22T00:00:00Z,2016-03-26T00:00:00Z,SIDM00579,False,SIDM00579,SIDP00912,neuroblastoma,Adherent,R,True,True,True,True,True,False,True,True,False,no_development_parent
2083664,14400,231,1036.0,10.0,723,L12-D1-S,Glo,4,452,6331,13955,gdsc:1036:10uM,PLX-4720,2016-03-22T00:00:00Z,2016-03-26T00:00:00Z,SIDM00706,False,SIDM00706,SIDP00225,lung_SCLC,Suspension,R,True,True,True,True,True,False,True,True,False,no_development_parent
2084752,14404,231,1036.0,10.0,723,L12-D1-S,Glo,4,172,3395,13956,gdsc:1036:10uM,PLX-4720,2016-03-22T00:00:00Z,2016-03-26T00:00:00Z,SIDM01120,False,SIDM01120,SIDP00261,lung_NSCLC,Suspension,D/F12,True,True,True,True,True,False,True,True,False,no_development_parent
2085840,14409,231,1036.0,10.0,723,L12-D1-S,Glo,4,127,3254,13958,gdsc:1036:10uM,PLX-4720,2016-03-22T00:00:00Z,2016-03-26T00:00:00Z,SIDM00578,False,,,,,,True,False,False,True,True,True,True,True,False,known_annotation;model_identity_match
2086928,14439,231,1036.0,10.0,723,L12-D1-S,Glo,4,1660,6551,13968,gdsc:1036:10uM,PLX-4720,2016-03-22T00:00:00Z,2016-03-26T00:00:00Z,SIDM01219,False,SIDM01219,SIDP00906,lung_NSCLC,Adherent,R,True,True,True,True,True,False,True,True,False,no_development_parent
2088016,14447,231,1036.0,10.0,723,L12-D1-S,Glo,4,747,5510,13974,gdsc:1036:10uM,PLX-4720,2016-03-22T00:00:00Z,2016-03-26T00:00:00Z,SIDM00437,False,SIDM00437,SIDP01007,leukemia,Suspension,R,True,True,True,True,True,False,True,True,False,no_development_parent
2089104,14448,231,1036.0,10.0,723,L12-D1-S,Glo,4,1660,6551,13975,gdsc:1036:10uM,PLX-4720,2016-03-22T00:00:00Z,2016-03-26T00:00:00Z,SIDM01219,False,SIDM01219,SIDP00906,lung_NSCLC,Adherent,R,True,True,True,True,True,False,True,True,False,no_development_parent
2090192,14449,231,1036.0,10.0,723,L12-D1-S,Glo,4,1660,6551,13976,gdsc:1036:10uM,PLX-4720,2016-03-22T00:00:00Z,2016-03-26T00:00:00Z,SIDM01219,False,SIDM01219,SIDP00906,lung_NSCLC,Adherent,R,True,True,True,True,True,False,True,True,False,no_development_parent
2091280,14479,231,1036.0,10.0,723,L12-D1-S,Glo,4,337,3364,14001,gdsc:1036:10uM,PLX-4720,2016-03-22T00:00:00Z,2016-03-26T00:00:00Z,SIDM00726,False,,,,,,True,False,False,True,True,True,True,True,False,known_annotation;model_identity_match
2135702,14558,231,1036.0,10.0,723,L12-D1-S,Glo,4,1825,3273,14105,gdsc:1036:10uM,PLX-4720,2016-04-03T23:00:00Z,2016-04-07T23:00:00Z,SIDM00646,False,,,,,,True,False,False,True,True,True,True,True,False,known_annotation;model_identity_match
2136790,14562,231,1036.0,10.0,723,L12-D1-S,Glo,4,372,3286,14107,gdsc:1036:10uM,PLX-4720,2016-04-03T23:00:00Z,2016-04-07T23:00:00Z,SIDM00749,False,,,,,,True,False,False,True,True,True,True,True,False,known_annotation;model_identity_match
2137878,14564,231,1036.0,10.0,723,L12-D1-S,Glo,4,348,3297,14108,gdsc:1036:10uM,PLX-4720,2016-04-03T23:00:00Z,2016-04-07T23:00:00Z,SIDM00792,False,,,,,,True,False,False,True,True,True,True,True,False,known_annotation;model_identity_match
2138966,14548,231,1036.0,10.0,723,L12-D1-S,Glo,4,602,2306,14130,gdsc:1036:10uM,PLX-4720,2016-04-03T23:00:00Z,2016-04-07T23:00:00Z,SIDM00124,False,SIDM00124,SIDP00726,kidney,Adherent,D/F12,True,True,True,True,True,False,True,True,False,no_development_parent
2140054,14556,231,1036.0,10.0,723,L12-D1-S,Glo,4,921,5233,14131,gdsc:1036:10uM,PLX-4720,2016-04-03T23:00:00Z,2016-04-07T23:00:00Z,SIDM00332,False,SIDM00332,SIDP00998,breast,Adherent,D/F12,True,True,True,True,True,False,True,True,False,no_development_parent
2000173,14112,231,1060.0,0.25,1155,R2-D1-S,Glo,4,953,6231,13671,gdsc:1060:0.25uM,PD0325901,2016-03-08T00:00:00Z,2016-03-12T00:00:00Z,SIDM00795,False,SIDM00795,SIDP00054,skin,Adherent,D/F12,True,True,True,True,True,False,True,True,False,no_development_parent
2001261,14126,231,1060.0,0.25,1155,R2-D1-S,Glo,4,1212,5530,13672,gdsc:1060:0.25uM,PD0325901,2016-03-08T00:00:00Z,2016-03-12T00:00:00Z,SIDM00136,False,SIDM00136,SIDP00736,large_intestine,Adherent,R,True,True,True,True,True,False,True,True,False,no_development_parent
2002349,14127,231,1060.0,0.25,1155,R2-D1-S,Glo,4,1212,5530,13673,gdsc:1060:0.25uM,PD0325901,2016-03-08T00:00:00Z,2016-03-12T00:00:00Z,SIDM00136,False,SIDM00136,SIDP00736,large_intestine,Adherent,R,True,True,True,True,True,False,True,True,False,no_development_parent
2003437,14128,231,1060.0,0.25,1155,R2-D1-S,Glo,4,1212,5530,13674,gdsc:1060:0.25uM,PD0325901,2016-03-08T00:00:00Z,2016-03-12T00:00:00Z,SIDM00136,False,SIDM00136,SIDP00736,large_intestine,Adherent,R,True,True,True,True,True,False,True,True,False,no_development_parent
2004525,14116,231,1060.0,0.25,1155,R2-D1-S,Glo,4,369,2878,13675,gdsc:1060:0.25uM,PD0325901,2016-03-08T00:00:00Z,2016-03-12T00:00:00Z,SIDM00903,False,SIDM00903,SIDP00060,lung_NSCLC,Adherent,D/F12,True,True,True,True,True,False,True,True,False,no_development_parent
2005613,14122,231,1060.0,0.25,1155,R2-D1-S,Glo,4,1553,5232,13676,gdsc:1060:0.25uM,PD0325901,2016-03-08T00:00:00Z,2016-03-12T00:00:00Z,SIDM00789,False,SIDM00789,SIDP00030,large_intestine,Adherent,R,True,True,True,True,True,False,True,True,False,no_development_parent
2006701,14123,231,1060.0,0.25,1155,R2-D1-S,Glo,4,1553,5232,13677,gdsc:1060:0.25uM,PD0325901,2016-03-08T00:00:00Z,2016-03-12T00:00:00Z,SIDM00789,False,SIDM00789,SIDP00030,large_intestine,Adherent,R,True,True,True,True,True,False,True,True,False,no_development_parent
2007789,14124,231,1060.0,0.25,1155,R2-D1-S,Glo,4,1553,5232,13678,gdsc:1060:0.25uM,PD0325901,2016-03-08T00:00:00Z,2016-03-12T00:00:00Z,SIDM00789,False,SIDM00789,SIDP00030,large_intestine,Adherent,R,True,True,True,True,True,False,True,True,False,no_development_parent
2008877,14110,231,1060.0,0.25,1155,R2-D1-S,Glo,4,953,6231,13679,gdsc:1060:0.25uM,PD0325901,2016-03-08T00:00:00Z,2016-03-12T00:00:00Z,SIDM00795,False,SIDM00795,SIDP00054,skin,Adherent,D/F12,True,True,True,True,True,False,True,True,False,no_development_parent
2009965,14147,231,1060.0,0.25,1155,R2-D1-S,Glo,4,1145,5512,13680,gdsc:1060:0.25uM,PD0325901,2016-03-08T00:00:00Z,2016-03-12T00:00:00Z,SIDM01191,False,SIDM01191,SIDP00358,bone,Adherent,R,True,True,True,True,True,False,True,True,False,no_development_parent
2011053,14118,231,1060.0,0.25,1155,R2-D1-S,Glo,4,2242,4711,13682,gdsc:1060:0.25uM,PD0325901,2016-03-08T00:00:00Z,2016-03-12T00:00:00Z,SIDM00890,False,SIDM00890,SIDP00071,skin,Adherent,D/F12,True,True,True,True,True,False,True,True,False,no_development_parent
2012141,14119,231,1060.0,0.25,1155,R2-D1-S,Glo,4,2242,4711,13683,gdsc:1060:0.25uM,PD0325901,2016-03-08T00:00:00Z,2016-03-12T00:00:00Z,SIDM00890,False,SIDM00890,SIDP00071,skin,Adherent,D/F12,True,True,True,True,True,False,True,True,False,no_development_parent
2013229,14120,231,1060.0,0.25,1155,R2-D1-S,Glo,4,2242,4711,13684,gdsc:1060:0.25uM,PD0325901,2016-03-08T00:00:00Z,2016-03-12T00:00:00Z,SIDM00890,False,SIDM00890,SIDP00071,skin,Adherent,D/F12,True,True,True,True,True,False,True,True,False,no_development_parent
2014317,14134,231,1060.0,0.25,1155,R2-D1-S,Glo,4,198,4712,13685,gdsc:1060:0.25uM,PD0325901,2016-03-08T00:00:00Z,2016-03-12T00:00:00Z,SIDM00237,False,SIDM00237,SIDP00627,lung_NSCLC,Adherent,R,True,True,True,True,True,False,True,True,False,no_development_parent
2015405,14135,231,1060.0,0.25,1155,R2-D1-S,Glo,4,198,4712,13686,gdsc:1060:0.25uM,PD0325901,2016-03-08T00:00:00Z,2016-03-12T00:00:00Z,SIDM00237,False,SIDM00237,SIDP00627,lung_NSCLC,Adherent,R,True,True,True,True,True,False,True,True,False,no_development_parent
2016493,14136,231,1060.0,0.25,1155,R2-D1-S,Glo,4,198,4712,13687,gdsc:1060:0.25uM,PD0325901,2016-03-08T00:00:00Z,2016-03-12T00:00:00Z,SIDM00237,False,SIDM00237,SIDP00627,lung_NSCLC,Adherent,R,True,True,True,True,True,False,True,True,False,no_development_parent
2017581,14114,231,1060.0,0.25,1155,R2-D1-S,Glo,4,369,2878,13688,gdsc:1060:0.25uM,PD0325901,2016-03-08T00:00:00Z,2016-03-12T00:00:00Z,SIDM00903,False,SIDM00903,SIDP00060,lung_NSCLC,Adherent,D/F12,True,True,True,True,True,False,True,True,False,no_development_parent
2018669,14115,231,1060.0,0.25,1155,R2-D1-S,Glo,4,369,2878,13689,gdsc:1060:0.25uM,PD0325901,2016-03-08T00:00:00Z,2016-03-12T00:00:00Z,SIDM00903,False,SIDM00903,SIDP00060,lung_NSCLC,Adherent,D/F12,True,True,True,True,True,False,True,True,False,no_development_parent
2019757,14130,231,1060.0,0.25,1155,R2-D1-S,Glo,4,339,5947,13690,gdsc:1060:0.25uM,PD0325901,2016-03-08T00:00:00Z,2016-03-12T00:00:00Z,SIDM00386,False,SIDM00386,SIDP01001,bone,Adherent,R,True,True,True,True,True,False,True,True,False,no_development_parent
2020845,14131,231,1060.0,0.25,1155,R2-D1-S,Glo,4,339,5947,13691,gdsc:1060:0.25uM,PD0325901,2016-03-08T00:00:00Z,2016-03-12T00:00:00Z,SIDM00386,False,SIDM00386,SIDP01001,bone,Adherent,R,True,True,True,True,True,False,True,True,False,no_development_parent
2021933,14132,231,1060.0,0.25,1155,R2-D1-S,Glo,4,339,5947,13692,gdsc:1060:0.25uM,PD0325901,2016-03-08T00:00:00Z,2016-03-12T00:00:00Z,SIDM00386,False,SIDM00386,SIDP01001,bone,Adherent,R,True,True,True,True,True,False,True,True,False,no_development_parent
2023021,14138,231,1060.0,0.25,1155,R2-D1-S,Glo,4,37,2536,13693,gdsc:1060:0.25uM,PD0325901,2016-03-08T00:00:00Z,2016-03-12T00:00:00Z,SIDM00781,False,SIDM00781,SIDP00035,large_intestine,Adherent,R,True,True,True,True,True,False,True,True,False,no_development_parent
2024109,14139,231,1060.0,0.25,1155,R2-D1-S,Glo,4,37,2536,13694,gdsc:1060:0.25uM,PD0325901,2016-03-08T00:00:00Z,2016-03-12T00:00:00Z,SIDM00781,False,SIDM00781,SIDP00035,large_intestine,Adherent,R,True,True,True,True,True,False,True,True,False,no_development_parent
2025197,14140,231,1060.0,0.25,1155,R2-D1-S,Glo,4,37,2536,13695,gdsc:1060:0.25uM,PD0325901,2016-03-08T00:00:00Z,2016-03-12T00:00:00Z,SIDM00781,False,SIDM00781,SIDP00035,large_intestine,Adherent,R,True,True,True,True,True,False,True,True,False,no_development_parent
2026285,14142,231,1060.0,0.25,1155,R2-D1-S,Glo,4,3,5529,13696,gdsc:1060:0.25uM,PD0325901,2016-03-08T00:00:00Z,2016-03-12T00:00:00Z,SIDM00841,False,SIDM00841,SIDP00019,large_intestine,Adherent,D/F12,True,True,True,True,True,False,True,True,False,no_development_parent
2027373,14143,231,1060.0,0.25,1155,R2-D1-S,Glo,4,3,5529,13697,gdsc:1060:0.25uM,PD0325901,2016-03-08T00:00:00Z,2016-03-12T00:00:00Z,SIDM00841,False,SIDM00841,SIDP00019,large_intestine,Adherent,D/F12,True,True,True,True,True,False,True,True,False,no_development_parent
2028461,14144,231,1060.0,0.25,1155,R2-D1-S,Glo,4,3,5529,13698,gdsc:1060:0.25uM,PD0325901,2016-03-08T00:00:00Z,2016-03-12T00:00:00Z,SIDM00841,False,SIDM00841,SIDP00019,large_intestine,Adherent,D/F12,True,True,True,True,True,False,True,True,False,no_development_parent
2029549,14160,231,1060.0,0.25,1155,R2-D1-S,Glo,4,1193,2401,13706,gdsc:1060:0.25uM,PD0325901,2016-03-10T00:00:00Z,2016-03-14T00:00:00Z,SIDM00695,False,SIDM00695,SIDP00135,skin,Adherent,R,True,True,True,True,True,False,True,True,False,no_development_parent
2030637,14162,231,1060.0,0.25,1155,R2-D1-S,Glo,4,1855,2939,13707,gdsc:1060:0.25uM,PD0325901,2016-03-10T00:00:00Z,2016-03-14T00:00:00Z,SIDM00586,False,SIDM00586,SIDP00870,digestive_system,Adherent,D/F12,True,True,True,True,True,False,True,True,False,no_development_parent
2031725,14170,231,1060.0,0.25,1155,R2-D1-S,Glo,4,12,2440,13711,gdsc:1060:0.25uM,PD0325901,2016-03-10T00:00:00Z,2016-03-14T00:00:00Z,SIDM00182,False,SIDM00182,SIDP00570,aero_dig_tract,Adherent,D/F12,True,True,True,True,True,False,True,True,False,no_development_parent
2032813,14172,231,1060.0,0.25,1155,R2-D1-S,Glo,4,485,3098,13712,gdsc:1060:0.25uM,PD0325901,2016-03-10T00:00:00Z,2016-03-14T00:00:00Z,SIDM00344,False,SIDM00344,SIDP00986,lung_NSCLC,Adherent,R,True,True,True,True,True,False,True,True,False,no_development_parent
2033901,14178,231,1060.0,0.25,1155,R2-D1-S,Glo,4,1250,3321,13714,gdsc:1060:0.25uM,PD0325901,2016-03-10T00:00:00Z,2016-03-14T00:00:00Z,SIDM00761,False,SIDM00761,SIDP00212,lung_SCLC,Adherent,R,True,True,True,True,True,False,True,True,False,no_development_parent
2034989,14180,231,1060.0,0.25,1155,R2-D1-S,Glo,4,1570,6332,13715,gdsc:1060:0.25uM,PD0325901,2016-03-10T00:00:00Z,2016-03-14T00:00:00Z,SIDM00760,False,SIDM00760,SIDP00213,lung_SCLC,Suspension,R,True,True,True,True,True,False,True,True,False,no_development_parent
2036077,14182,231,1060.0,0.25,1155,R2-D1-S,Glo,4,1546,3419,13716,gdsc:1060:0.25uM,PD0325901,2016-03-10T00:00:00Z,2016-03-14T00:00:00Z,SIDM00577,False,SIDM00577,SIDP00914,neuroblastoma,Adherent,D/F12,True,True,True,True,True,False,True,True,False,no_development_parent
2037165,14184,231,1060.0,0.25,1155,R2-D1-S,Glo,4,782,3436,13717,gdsc:1060:0.25uM,PD0325901,2016-03-10T00:00:00Z,2016-03-14T00:00:00Z,SIDM00480,False,SIDM00480,SIDP00825,urogenital_system,Adherent,D/F12,True,True,True,True,True,False,True,True,False,no_development_parent
2038253,14186,231,1060.0,0.25,1155,R2-D1-S,Glo,4,1682,3509,13718,gdsc:1060:0.25uM,PD0325901,2016-03-10T00:00:00Z,2016-03-14T00:00:00Z,SIDM01132,False,SIDM01132,SIDP00285,nervous_system,Adherent,R,True,True,True,True,True,False,True,True,False,no_development_parent
2039341,14188,231,1060.0,0.25,1155,R2-D1-S,Glo,4,285,2024,13719,gdsc:1060:0.25uM,PD0325901,2016-03-10T00:00:00Z,2016-03-14T00:00:00Z,SIDM00358,False,SIDM00358,SIDP00937,digestive_system,Adherent,R,True,True,True,True,True,False,True,True,False,no_development_parent
2040429,14194,231,1060.0,0.25,1155,R2-D1-S,Glo,4,1642,2554,13721,gdsc:1060:0.25uM,PD0325901,2016-03-10T00:00:00Z,2016-03-14T00:00:00Z,SIDM00328,False,SIDM00328,SIDP00965,aero_dig_tract,Adherent,D/F12,True,True,True,True,True,False,True,True,False,no_development_parent
2041517,14196,231,1060.0,0.25,1155,R2-D1-S,Glo,4,2089,2304,13722,gdsc:1060:0.25uM,PD0325901,2016-03-10T00:00:00Z,2016-03-14T00:00:00Z,SIDM00796,False,SIDM00796,SIDP00053,aero_dig_tract,Adherent,D/F12,True,True,True,True,True,False,True,True,False,no_development_parent
2042605,14198,231,1060.0,0.25,1155,R2-D1-S,Glo,4,1862,2650,13723,gdsc:1060:0.25uM,PD0325901,2016-03-10T00:00:00Z,2016-03-14T00:00:00Z,SIDM00522,False,SIDM00522,SIDP00802,lung_SCLC,Adherent,D/F12,True,True,True,True,True,False,True,True,False,no_development_parent
2043693,14200,231,1060.0,0.25,1155,R2-D1-S,Glo,4,1628,2115,13724,gdsc:1060:0.25uM,PD0325901,2016-03-10T00:00:00Z,2016-03-14T00:00:00Z,SIDM01103,False,SIDM01103,SIDP00314,lung_NSCLC,Adherent,D/F12,True,True,True,True,True,True,True,True,True,
2044781,14202,231,1060.0,0.25,1155,R2-D1-S,Glo,4,700,2222,13725,gdsc:1060:0.25uM,PD0325901,2016-03-10T00:00:00Z,2016-03-14T00:00:00Z,SIDM01169,False,SIDM01169,SIDP00355,urogenital_system,Adherent,D/F12,True,True,True,True,True,True,True,True,True,
2045869,14204,231,1060.0,0.25,1155,R2-D1-S,Glo,4,386,3232,13726,gdsc:1060:0.25uM,PD0325901,2016-03-10T00:00:00Z,2016-03-14T00:00:00Z,SIDM00638,False,SIDM00638,SIDP00167,urogenital_system,Adherent,D/F12,True,True,True,True,True,True,True,True,True,
2046957,14152,231,1060.0,0.25,1155,R2-D1-S,Glo,4,1386,2646,13727,gdsc:1060:0.25uM,PD0325901,2016-03-10T00:00:00Z,2016-03-14T00:00:00Z,SIDM00947,False,SIDM00947,SIDP00434,nervous_system,Adherent,R,True,True,True,True,True,False,True,True,False,no_development_parent
2048045,14209,231,1060.0,0.25,1155,R2-D1-S,Glo,4,554,2567,13745,gdsc:1060:0.25uM,PD0325901,2016-03-11T00:00:00Z,2016-03-15T00:00:00Z,SIDM00176,False,SIDM00176,SIDP00576,bone,Adherent,R,True,True,True,True,True,True,True,True,True,
2049133,14211,231,1060.0,0.25,1155,R2-D1-S,Glo,4,351,2775,13746,gdsc:1060:0.25uM,PD0325901,2016-03-11T00:00:00Z,2016-03-15T00:00:00Z,SIDM00774,False,SIDM00774,SIDP00117,breast,Suspension,D/F12,True,True,True,True,True,False,True,True,False,no_development_parent
2050221,14216,231,1060.0,0.25,1155,R2-D1-S,Glo,4,1631,3072,13748,gdsc:1060:0.25uM,PD0325901,2016-03-11T00:00:00Z,2016-03-15T00:00:00Z,SIDM00553,False,SIDM00553,SIDP00899,leukemia,Suspension,R,True,True,True,True,True,False,True,True,False,no_development_parent
2051309,14223,231,1060.0,0.25,1155,R2-D1-S,Glo,4,1928,3264,13752,gdsc:1060:0.25uM,PD0325901,2016-03-11T00:00:00Z,2016-03-15T00:00:00Z,SIDM00653,False,SIDM00653,SIDP00173,lung_SCLC,Suspension,D/F12,True,True,True,True,True,False,True,True,False,no_development_parent
2052397,14227,231,1060.0,0.25,1155,R2-D1-S,Glo,4,934,3307,13754,gdsc:1060:0.25uM,PD0325901,2016-03-11T00:00:00Z,2016-03-15T00:00:00Z,SIDM00755,False,SIDM00755,SIDP00204,lung_NSCLC,Adherent,D/F12,True,True,True,True,True,False,True,True,False,no_development_parent
2053485,14233,231,1060.0,0.25,1155,R2-D1-S,Glo,4,911,5650,13756,gdsc:1060:0.25uM,PD0325901,2016-03-11T00:00:00Z,2016-03-15T00:00:00Z,SIDM00088,False,SIDM00088,SIDP00756,urogenital_system,Adherent,D/F12,True,True,True,True,True,False,True,True,False,no_development_parent
2054573,14235,231,1060.0,0.25,1155,R2-D1-S,Glo,4,1823,3317,13757,gdsc:1060:0.25uM,PD0325901,2016-03-11T00:00:00Z,2016-03-15T00:00:00Z,SIDM00763,False,SIDM00763,SIDP00210,lung_NSCLC,Adherent,R,True,True,True,True,True,True,True,True,True,
2055661,14237,231,1060.0,0.25,1155,R2-D1-S,Glo,4,1539,3387,13758,gdsc:1060:0.25uM,PD0325901,2016-03-11T00:00:00Z,2016-03-15T00:00:00Z,SIDM01124,False,SIDM01124,SIDP00257,lung_NSCLC,Adherent,D/F12,True,True,True,True,True,True,True,True,True,
2056749,14239,231,1060.0,0.25,1155,R2-D1-S,Glo,4,2052,2037,13759,gdsc:1060:0.25uM,PD0325901,2016-03-11T00:00:00Z,2016-03-15T00:00:00Z,SIDM00426,False,SIDM00426,SIDP01034,soft_tissue,Adherent,R,True,True,True,True,True,True,True,True,True,
2057837,14241,231,1060.0,0.25,1155,R2-D1-S,Glo,4,892,3068,13760,gdsc:1060:0.25uM,PD0325901,2016-03-11T00:00:00Z,2016-03-15T00:00:00Z,SIDM01033,False,SIDM01033,SIDP00492,urogenital_system,Adherent,R,True,True,True,True,True,True,True,True,True,
2058925,14207,231,1060.0,0.25,1155,R2-D1-S,Glo,4,604,2325,13763,gdsc:1060:0.25uM,PD0325901,2016-03-11T00:00:00Z,2016-03-15T00:00:00Z,SIDM00212,False,SIDM00212,SIDP00524,nervous_system,Adherent,D/F12,True,True,True,True,True,False,True,True,False,no_development_parent
2060013,14257,231,1060.0,0.25,1155,R2-D1-S,Glo,4,744,2832,13806,gdsc:1060:0.25uM,PD0325901,2016-03-14T00:00:00Z,2016-03-18T00:00:00Z,SIDM00670,False,SIDM00670,SIDP00123,pancreas,Adherent,D/F12,True,True,True,True,True,False,True,True,False,no_development_parent
2061101,14259,231,1060.0,0.25,1155,R2-D1-S,Glo,4,1153,2572,13807,gdsc:1060:0.25uM,PD0325901,2016-03-14T00:00:00Z,2016-03-18T00:00:00Z,SIDM00944,False,SIDM00944,SIDP00419,large_intestine,Adherent,D/F12,True,True,True,True,True,False,True,True,False,no_development_parent
2062189,14261,231,1060.0,0.25,1155,R2-D1-S,Glo,4,2143,6570,13808,gdsc:1060:0.25uM,PD0325901,2016-03-14T00:00:00Z,2016-03-18T00:00:00Z,SIDM00872,False,SIDM00872,SIDP00115,breast,Adherent,R,True,True,True,True,True,False,True,True,False,no_development_parent
2063277,14263,231,1060.0,0.25,1155,R2-D1-S,Glo,4,936,4850,13809,gdsc:1060:0.25uM,PD0325901,2016-03-14T00:00:00Z,2016-03-18T00:00:00Z,SIDM00874,False,SIDM00874,SIDP00114,breast,Adherent,R,True,True,True,True,True,True,True,True,True,
2064365,14265,231,1060.0,0.25,1155,R2-D1-S,Glo,4,643,6409,13810,gdsc:1060:0.25uM,PD0325901,2016-03-14T00:00:00Z,2016-03-18T00:00:00Z,SIDM01140,False,SIDM01140,SIDP00279,urogenital_system,Adherent,D/F12,True,True,True,True,True,False,True,True,False,no_development_parent
2065453,14267,231,1060.0,0.25,1155,R2-D1-S,Glo,4,1187,2670,13811,gdsc:1060:0.25uM,PD0325901,2016-03-14T00:00:00Z,2016-03-18T00:00:00Z,SIDM01002,False,SIDM01002,SIDP00439,breast,Adherent,R,True,True,True,True,True,False,True,True,False,no_development_parent
2066541,14253,231,1060.0,0.25,1155,R2-D1-S,Glo,4,86,3219,13812,gdsc:1060:0.25uM,PD0325901,2016-03-14T00:00:00Z,2016-03-18T00:00:00Z,SIDM00433,False,SIDM00433,SIDP01010,leukemia,Suspension,R,True,True,True,True,True,False,True,True,False,no_development_parent
2067629,14339,231,1060.0,0.25,1155,R2-D1-S,Glo,4,339,5947,13868,gdsc:1060:0.25uM,PD0325901,2016-03-17T00:00:00Z,2016-03-21T00:00:00Z,SIDM00386,False,SIDM00386,SIDP01001,bone,Adherent,R,True,True,True,True,True,False,True,True,False,no_development_parent
2068717,14343,231,1060.0,0.25,1155,R2-D1-S,Glo,4,1145,5512,13871,gdsc:1060:0.25uM,PD0325901,2016-03-17T00:00:00Z,2016-03-21T00:00:00Z,SIDM01191,False,SIDM01191,SIDP00358,bone,Adherent,R,True,True,True,True,True,False,True,True,False,no_development_parent
2069805,14347,231,1060.0,0.25,1155,R2-D1-S,Glo,4,1212,5530,13874,gdsc:1060:0.25uM,PD0325901,2016-03-17T00:00:00Z,2016-03-21T00:00:00Z,SIDM00136,False,SIDM00136,SIDP00736,large_intestine,Adherent,R,True,True,True,True,True,False,True,True,False,no_development_parent
2070893,14351,231,1060.0,0.25,1155,R2-D1-S,Glo,4,953,6231,13877,gdsc:1060:0.25uM,PD0325901,2016-03-17T00:00:00Z,2016-03-21T00:00:00Z,SIDM00795,False,SIDM00795,SIDP00054,skin,Adherent,D/F12,True,True,True,True,True,False,True,True,False,no_development_parent
2071981,14355,231,1060.0,0.25,1155,R2-D1-S,Glo,4,198,4712,13880,gdsc:1060:0.25uM,PD0325901,2016-03-17T00:00:00Z,2016-03-21T00:00:00Z,SIDM00237,False,SIDM00237,SIDP00627,lung_NSCLC,Adherent,R,True,True,True,True,True,False,True,True,False,no_development_parent
2073069,14362,231,1060.0,0.25,1155,R2-D1-S,Glo,4,407,3076,13884,gdsc:1060:0.25uM,PD0325901,2016-03-17T00:00:00Z,2016-03-21T00:00:00Z,SIDM01031,False,,,,,,True,False,False,True,True,True,True,True,False,known_annotation;model_identity_match
2074157,14364,231,1060.0,0.25,1155,R2-D1-S,Glo,4,2076,2089,13885,gdsc:1060:0.25uM,PD0325901,2016-03-17T00:00:00Z,2016-03-21T00:00:00Z,SIDM00395,False,SIDM00395,SIDP01043,neuroblastoma,Adherent,R,True,True,True,True,True,False,True,True,False,no_development_parent
2075245,14366,231,1060.0,0.25,1155,R2-D1-S,Glo,4,2038,2175,13886,gdsc:1060:0.25uM,PD0325901,2016-03-17T00:00:00Z,2016-03-21T00:00:00Z,SIDM01168,False,SIDM01168,SIDP00340,urogenital_system,Adherent,D/F12,True,True,True,True,True,True,True,True,True,
2076333,14378,231,1060.0,0.25,1155,R2-D1-S,Glo,4,1803,3045,13945,gdsc:1060:0.25uM,PD0325901,2016-03-22T00:00:00Z,2016-03-26T00:00:00Z,SIDM01019,False,SIDM01019,SIDP00489,leukemia,Suspension,R,True,True,True,True,True,False,True,True,False,no_development_parent
2077421,14380,231,1060.0,0.25,1155,R2-D1-S,Glo,4,1509,2725,13946,gdsc:1060:0.25uM,PD0325901,2016-03-22T00:00:00Z,2016-03-26T00:00:00Z,SIDM00101,False,SIDM00101,SIDP00779,lung,Adherent,R,True,True,True,True,True,False,True,True,False,no_development_parent
2078509,14384,231,1060.0,0.25,1155,R2-D1-S,Glo,4,936,4850,13948,gdsc:1060:0.25uM,PD0325901,2016-03-22T00:00:00Z,2016-03-26T00:00:00Z,SIDM00874,False,SIDM00874,SIDP00114,breast,Adherent,R,True,True,True,True,True,True,True,True,True,
2079597,14386,231,1060.0,0.25,1155,R2-D1-S,Glo,4,2256,2419,13949,gdsc:1060:0.25uM,PD0325901,2016-03-22T00:00:00Z,2016-03-26T00:00:00Z,SIDM00686,False,SIDM00686,SIDP00144,urogenital_system,Adherent,D/F12,True,True,True,True,True,False,True,True,False,no_development_parent
2080685,14390,231,1060.0,0.25,1155,R2-D1-S,Glo,4,952,3082,13952,gdsc:1060:0.25uM,PD0325901,2016-03-22T00:00:00Z,2016-03-26T00:00:00Z,SIDM01028,False,SIDM01028,SIDP00497,aero_dig_tract,Adherent,R,True,True,True,True,True,False,True,True,False,no_development_parent
2081773,14392,231,1060.0,0.25,1155,R2-D1-S,Glo,4,2080,3105,13953,gdsc:1060:0.25uM,PD0325901,2016-03-22T00:00:00Z,2016-03-26T00:00:00Z,SIDM00683,False,SIDM00683,SIDP00147,urogenital_system,Adherent,R,True,True,True,True,True,False,True,True,False,no_development_parent
2082861,14394,231,1060.0,0.25,1155,R2-D1-S,Glo,4,730,3253,13954,gdsc:1060:0.25uM,PD0325901,2016-03-22T00:00:00Z,2016-03-26T00:00:00Z,SIDM00579,False,SIDM00579,SIDP00912,neuroblastoma,Adherent,R,True,True,True,True,True,False,True,True,False,no_development_parent
2083949,14400,231,1060.0,0.25,1155,R2-D1-S,Glo,4,452,6331,13955,gdsc:1060:0.25uM,PD0325901,2016-03-22T00:00:00Z,2016-03-26T00:00:00Z,SIDM00706,False,SIDM00706,SIDP00225,lung_SCLC,Suspension,R,True,True,True,True,True,False,True,True,False,no_development_parent
2085037,14404,231,1060.0,0.25,1155,R2-D1-S,Glo,4,172,3395,13956,gdsc:1060:0.25uM,PD0325901,2016-03-22T00:00:00Z,2016-03-26T00:00:00Z,SIDM01120,False,SIDM01120,SIDP00261,lung_NSCLC,Suspension,D/F12,True,True,True,True,True,False,True,True,False,no_development_parent
2086125,14409,231,1060.0,0.25,1155,R2-D1-S,Glo,4,127,3254,13958,gdsc:1060:0.25uM,PD0325901,2016-03-22T00:00:00Z,2016-03-26T00:00:00Z,SIDM00578,False,,,,,,True,False,False,True,True,True,True,True,False,known_annotation;model_identity_match
2087213,14439,231,1060.0,0.25,1155,R2-D1-S,Glo,4,1660,6551,13968,gdsc:1060:0.25uM,PD0325901,2016-03-22T00:00:00Z,2016-03-26T00:00:00Z,SIDM01219,False,SIDM01219,SIDP00906,lung_NSCLC,Adherent,R,True,True,True,True,True,False,True,True,False,no_development_parent
2088301,14447,231,1060.0,0.25,1155,R2-D1-S,Glo,4,747,5510,13974,gdsc:1060:0.25uM,PD0325901,2016-03-22T00:00:00Z,2016-03-26T00:00:00Z,SIDM00437,False,SIDM00437,SIDP01007,leukemia,Suspension,R,True,True,True,True,True,False,True,True,False,no_development_parent
2089389,14448,231,1060.0,0.25,1155,R2-D1-S,Glo,4,1660,6551,13975,gdsc:1060:0.25uM,PD0325901,2016-03-22T00:00:00Z,2016-03-26T00:00:00Z,SIDM01219,False,SIDM01219,SIDP00906,lung_NSCLC,Adherent,R,True,True,True,True,True,False,True,True,False,no_development_parent
2090477,14449,231,1060.0,0.25,1155,R2-D1-S,Glo,4,1660,6551,13976,gdsc:1060:0.25uM,PD0325901,2016-03-22T00:00:00Z,2016-03-26T00:00:00Z,SIDM01219,False,SIDM01219,SIDP00906,lung_NSCLC,Adherent,R,True,True,True,True,True,False,True,True,False,no_development_parent
2091565,14479,231,1060.0,0.25,1155,R2-D1-S,Glo,4,337,3364,14001,gdsc:1060:0.25uM,PD0325901,2016-03-22T00:00:00Z,2016-03-26T00:00:00Z,SIDM00726,False,,,,,,True,False,False,True,True,True,True,True,False,known_annotation;model_identity_match
2135987,14558,231,1060.0,0.25,1155,R2-D1-S,Glo,4,1825,3273,14105,gdsc:1060:0.25uM,PD0325901,2016-04-03T23:00:00Z,2016-04-07T23:00:00Z,SIDM00646,False,,,,,,True,False,False,True,True,True,True,True,False,known_annotation;model_identity_match
2137075,14562,231,1060.0,0.25,1155,R2-D1-S,Glo,4,372,3286,14107,gdsc:1060:0.25uM,PD0325901,2016-04-03T23:00:00Z,2016-04-07T23:00:00Z,SIDM00749,False,,,,,,True,False,False,True,True,True,True,True,False,known_annotation;model_identity_match
2138163,14564,231,1060.0,0.25,1155,R2-D1-S,Glo,4,348,3297,14108,gdsc:1060:0.25uM,PD0325901,2016-04-03T23:00:00Z,2016-04-07T23:00:00Z,SIDM00792,False,,,,,,True,False,False,True,True,True,True,True,False,known_annotation;model_identity_match
2139251,14548,231,1060.0,0.25,1155,R2-D1-S,Glo,4,602,2306,14130,gdsc:1060:0.25uM,PD0325901,2016-04-03T23:00:00Z,2016-04-07T23:00:00Z,SIDM00124,False,SIDM00124,SIDP00726,kidney,Adherent,D/F12,True,True,True,True,True,False,True,True,False,no_development_parent
2140339,14556,231,1060.0,0.25,1155,R2-D1-S,Glo,4,921,5233,14131,gdsc:1060:0.25uM,PD0325901,2016-04-03T23:00:00Z,2016-04-07T23:00:00Z,SIDM00332,False,SIDM00332,SIDP00998,breast,Adherent,D/F12,True,True,True,True,True,False,True,True,False,no_development_parent
2269662,14797,231,1036.0,10.0,723,L12-D1-S,Glo,4,880,3157,14426,gdsc:1036:10uM,PLX-4720,2016-04-17T23:00:00Z,2016-04-21T23:00:00Z,SIDM00528,False,SIDM00528,SIDP00816,breast,Adherent,D/F12,True,True,True,True,True,True,True,True,True,
2270750,14799,231,1036.0,10.0,723,L12-D1-S,Glo,4,724,2449,14427,gdsc:1036:10uM,PLX-4720,2016-04-17T23:00:00Z,2016-04-21T23:00:00Z,SIDM00660,False,SIDM00660,SIDP00151,large_intestine,Adherent,R,True,True,True,True,True,False,True,True,False,no_development_parent
2271838,14801,231,1036.0,10.0,723,L12-D1-S,Glo,4,55,2816,14428,gdsc:1036:10uM,PLX-4720,2016-04-17T23:00:00Z,2016-04-21T23:00:00Z,SIDM00829,False,SIDM00829,SIDP00028,leukemia,Suspension,D/F12,True,True,True,True,True,False,True,True,False,no_development_parent
2272926,14803,231,1036.0,10.0,723,L12-D1-S,Glo,4,1043,3507,14429,gdsc:1036:10uM,PLX-4720,2016-04-17T23:00:00Z,2016-04-21T23:00:00Z,SIDM00451,False,SIDM00451,SIDP01027,leukemia,Suspension,R,True,True,True,True,True,True,True,True,True,
2274014,14805,231,1036.0,10.0,723,L12-D1-S,Glo,4,1907,6271,14430,gdsc:1036:10uM,PLX-4720,2016-04-17T23:00:00Z,2016-04-21T23:00:00Z,SIDM00214,False,SIDM00214,SIDP00538,large_intestine,Adherent,R,True,True,True,True,True,False,True,True,False,no_development_parent
2275102,14811,231,1036.0,10.0,723,L12-D1-S,Glo,4,2153,3472,14434,gdsc:1036:10uM,PLX-4720,2016-04-17T23:00:00Z,2016-04-21T23:00:00Z,SIDM00463,False,SIDM00463,SIDP01024,leukemia,Suspension,R,True,True,True,True,True,False,True,True,False,no_development_parent
2276190,14812,231,1036.0,10.0,723,L12-D1-S,Glo,4,2153,3472,14435,gdsc:1036:10uM,PLX-4720,2016-04-17T23:00:00Z,2016-04-21T23:00:00Z,SIDM00463,False,SIDM00463,SIDP01024,leukemia,Suspension,R,True,True,True,True,True,False,True,True,False,no_development_parent
2277278,14813,231,1036.0,10.0,723,L12-D1-S,Glo,4,2153,3472,14436,gdsc:1036:10uM,PLX-4720,2016-04-17T23:00:00Z,2016-04-21T23:00:00Z,SIDM00463,False,SIDM00463,SIDP01024,leukemia,Suspension,R,True,True,True,True,True,False,True,True,False,no_development_parent
2278366,14815,231,1036.0,10.0,723,L12-D1-S,Glo,4,1354,2088,14437,gdsc:1036:10uM,PLX-4720,2016-04-17T23:00:00Z,2016-04-21T23:00:00Z,SIDM01093,False,SIDM01093,SIDP00302,urogenital_system,Adherent,D/F12,True,True,True,True,True,False,True,True,False,no_development_parent
2279454,14817,231,1036.0,10.0,723,L12-D1-S,Glo,4,1095,3469,14438,gdsc:1036:10uM,PLX-4720,2016-04-17T23:00:00Z,2016-04-21T23:00:00Z,SIDM00425,False,SIDM00425,SIDP00930,urogenital_system,Adherent,R,True,True,True,True,True,False,True,True,False,no_development_parent
2280542,14823,231,1036.0,10.0,723,L12-D1-S,Glo,4,1170,2688,14441,gdsc:1036:10uM,PLX-4720,2016-04-17T23:00:00Z,2016-04-21T23:00:00Z,SIDM00860,False,SIDM00860,SIDP00095,aero_dig_tract,Adherent,D/F12,True,True,True,True,True,False,True,True,False,no_development_parent
2281630,14825,231,1036.0,10.0,723,L12-D1-S,Glo,4,1157,2001,14442,gdsc:1036:10uM,PLX-4720,2016-04-17T23:00:00Z,2016-04-21T23:00:00Z,SIDM00807,False,SIDM00807,SIDP00045,urogenital_system,Adherent,R,True,True,True,True,True,False,True,True,False,no_development_parent
2282718,14827,231,1036.0,10.0,723,L12-D1-S,Glo,4,2075,2643,14443,gdsc:1036:10uM,PLX-4720,2016-04-17T23:00:00Z,2016-04-21T23:00:00Z,SIDM00831,False,SIDM00831,SIDP00014,aero_dig_tract,Adherent,D/F12,True,True,True,True,True,False,True,True,False,no_development_parent
2283806,14829,231,1036.0,10.0,723,L12-D1-S,Glo,4,1485,5215,14444,gdsc:1036:10uM,PLX-4720,2016-04-17T23:00:00Z,2016-04-21T23:00:00Z,SIDM00713,False,SIDM00713,SIDP00220,lung,Adherent,R,True,True,True,True,True,False,True,True,False,no_development_parent
2284894,14831,231,1036.0,10.0,723,L12-D1-S,Glo,4,2260,2092,14445,gdsc:1036:10uM,PLX-4720,2016-04-17T23:00:00Z,2016-04-21T23:00:00Z,SIDM01095,False,SIDM01095,SIDP00303,soft_tissue,Adherent,R,True,True,True,True,True,False,True,True,False,no_development_parent
2285982,14833,231,1036.0,10.0,723,L12-D1-S,Glo,4,1286,5514,14446,gdsc:1036:10uM,PLX-4720,2016-04-17T23:00:00Z,2016-04-21T23:00:00Z,SIDM00097,False,SIDM00097,SIDP00769,breast,Adherent,R,True,True,True,True,True,False,True,True,False,no_development_parent
2287070,14835,231,1036.0,10.0,723,L12-D1-S,Glo,4,599,3077,14447,gdsc:1036:10uM,PLX-4720,2016-04-17T23:00:00Z,2016-04-21T23:00:00Z,SIDM01030,False,SIDM01030,SIDP00495,aero_dig_tract,Adherent,R,True,True,True,True,True,False,True,True,False,no_development_parent
2288158,14837,231,1036.0,10.0,723,L12-D1-S,Glo,4,354,2787,14448,gdsc:1036:10uM,PLX-4720,2016-04-17T23:00:00Z,2016-04-21T23:00:00Z,SIDM01067,False,SIDM01067,SIDP00462,lung_NSCLC,Adherent,R,True,True,True,True,True,False,True,True,False,no_development_parent
2289246,14846,231,1036.0,10.0,723,L12-D1-S,Glo,4,953,6231,14465,gdsc:1036:10uM,PLX-4720,2016-04-20T23:00:00Z,2016-04-24T23:00:00Z,SIDM00795,False,SIDM00795,SIDP00054,skin,Adherent,D/F12,True,True,True,True,True,False,True,True,False,no_development_parent
2290334,14847,231,1036.0,10.0,723,L12-D1-S,Glo,4,953,6231,14466,gdsc:1036:10uM,PLX-4720,2016-04-20T23:00:00Z,2016-04-24T23:00:00Z,SIDM00795,False,SIDM00795,SIDP00054,skin,Adherent,D/F12,True,True,True,True,True,False,True,True,False,no_development_parent
2291422,14848,231,1036.0,10.0,723,L12-D1-S,Glo,4,953,6231,14467,gdsc:1036:10uM,PLX-4720,2016-04-20T23:00:00Z,2016-04-24T23:00:00Z,SIDM00795,False,SIDM00795,SIDP00054,skin,Adherent,D/F12,True,True,True,True,True,False,True,True,False,no_development_parent
2292510,14851,231,1036.0,10.0,723,L12-D1-S,Glo,4,369,2878,14469,gdsc:1036:10uM,PLX-4720,2016-04-20T23:00:00Z,2016-04-24T23:00:00Z,SIDM00903,False,SIDM00903,SIDP00060,lung_NSCLC,Adherent,D/F12,True,True,True,True,True,False,True,True,False,no_development_parent
2293598,14852,231,1036.0,10.0,723,L12-D1-S,Glo,4,369,2878,14470,gdsc:1036:10uM,PLX-4720,2016-04-20T23:00:00Z,2016-04-24T23:00:00Z,SIDM00903,False,SIDM00903,SIDP00060,lung_NSCLC,Adherent,D/F12,True,True,True,True,True,False,True,True,False,no_development_parent
2294686,14854,231,1036.0,10.0,723,L12-D1-S,Glo,4,2242,4711,14471,gdsc:1036:10uM,PLX-4720,2016-04-20T23:00:00Z,2016-04-24T23:00:00Z,SIDM00890,False,SIDM00890,SIDP00071,skin,Adherent,D/F12,True,True,True,True,True,False,True,True,False,no_development_parent
2295774,14855,231,1036.0,10.0,723,L12-D1-S,Glo,4,2242,4711,14472,gdsc:1036:10uM,PLX-4720,2016-04-20T23:00:00Z,2016-04-24T23:00:00Z,SIDM00890,False,SIDM00890,SIDP00071,skin,Adherent,D/F12,True,True,True,True,True,False,True,True,False,no_development_parent
2296862,14856,231,1036.0,10.0,723,L12-D1-S,Glo,4,2242,4711,14473,gdsc:1036:10uM,PLX-4720,2016-04-20T23:00:00Z,2016-04-24T23:00:00Z,SIDM00890,False,SIDM00890,SIDP00071,skin,Adherent,D/F12,True,True,True,True,True,False,True,True,False,no_development_parent
2297950,14858,231,1036.0,10.0,723,L12-D1-S,Glo,4,1212,5530,14474,gdsc:1036:10uM,PLX-4720,2016-04-20T23:00:00Z,2016-04-24T23:00:00Z,SIDM00136,False,SIDM00136,SIDP00736,large_intestine,Adherent,R,True,True,True,True,True,False,True,True,False,no_development_parent
2299038,14859,231,1036.0,10.0,723,L12-D1-S,Glo,4,1212,5530,14475,gdsc:1036:10uM,PLX-4720,2016-04-20T23:00:00Z,2016-04-24T23:00:00Z,SIDM00136,False,SIDM00136,SIDP00736,large_intestine,Adherent,R,True,True,True,True,True,False,True,True,False,no_development_parent
2300126,14860,231,1036.0,10.0,723,L12-D1-S,Glo,4,1212,5530,14476,gdsc:1036:10uM,PLX-4720,2016-04-20T23:00:00Z,2016-04-24T23:00:00Z,SIDM00136,False,SIDM00136,SIDP00736,large_intestine,Adherent,R,True,True,True,True,True,False,True,True,False,no_development_parent
2301214,14862,231,1036.0,10.0,723,L12-D1-S,Glo,4,339,5947,14477,gdsc:1036:10uM,PLX-4720,2016-04-20T23:00:00Z,2016-04-24T23:00:00Z,SIDM00386,False,SIDM00386,SIDP01001,bone,Adherent,R,True,True,True,True,True,False,True,True,False,no_development_parent
2302302,14863,231,1036.0,10.0,723,L12-D1-S,Glo,4,339,5947,14478,gdsc:1036:10uM,PLX-4720,2016-04-20T23:00:00Z,2016-04-24T23:00:00Z,SIDM00386,False,SIDM00386,SIDP01001,bone,Adherent,R,True,True,True,True,True,False,True,True,False,no_development_parent
2303390,14864,231,1036.0,10.0,723,L12-D1-S,Glo,4,339,5947,14479,gdsc:1036:10uM,PLX-4720,2016-04-20T23:00:00Z,2016-04-24T23:00:00Z,SIDM00386,False,SIDM00386,SIDP01001,bone,Adherent,R,True,True,True,True,True,False,True,True,False,no_development_parent
2304478,14866,231,1036.0,10.0,723,L12-D1-S,Glo,4,37,2536,14480,gdsc:1036:10uM,PLX-4720,2016-04-20T23:00:00Z,2016-04-24T23:00:00Z,SIDM00781,False,SIDM00781,SIDP00035,large_intestine,Adherent,R,True,True,True,True,True,False,True,True,False,no_development_parent
2305566,14867,231,1036.0,10.0,723,L12-D1-S,Glo,4,37,2536,14481,gdsc:1036:10uM,PLX-4720,2016-04-20T23:00:00Z,2016-04-24T23:00:00Z,SIDM00781,False,SIDM00781,SIDP00035,large_intestine,Adherent,R,True,True,True,True,True,False,True,True,False,no_development_parent
2306654,14868,231,1036.0,10.0,723,L12-D1-S,Glo,4,37,2536,14482,gdsc:1036:10uM,PLX-4720,2016-04-20T23:00:00Z,2016-04-24T23:00:00Z,SIDM00781,False,SIDM00781,SIDP00035,large_intestine,Adherent,R,True,True,True,True,True,False,True,True,False,no_development_parent
2307742,14870,231,1036.0,10.0,723,L12-D1-S,Glo,4,3,5529,14483,gdsc:1036:10uM,PLX-4720,2016-04-20T23:00:00Z,2016-04-24T23:00:00Z,SIDM00841,False,SIDM00841,SIDP00019,large_intestine,Adherent,D/F12,True,True,True,True,True,False,True,True,False,no_development_parent
2308830,14871,231,1036.0,10.0,723,L12-D1-S,Glo,4,3,5529,14484,gdsc:1036:10uM,PLX-4720,2016-04-20T23:00:00Z,2016-04-24T23:00:00Z,SIDM00841,False,SIDM00841,SIDP00019,large_intestine,Adherent,D/F12,True,True,True,True,True,False,True,True,False,no_development_parent
2309918,14872,231,1036.0,10.0,723,L12-D1-S,Glo,4,3,5529,14485,gdsc:1036:10uM,PLX-4720,2016-04-20T23:00:00Z,2016-04-24T23:00:00Z,SIDM00841,False,SIDM00841,SIDP00019,large_intestine,Adherent,D/F12,True,True,True,True,True,False,True,True,False,no_development_parent
2311006,14874,231,1036.0,10.0,723,L12-D1-S,Glo,4,198,4712,14486,gdsc:1036:10uM,PLX-4720,2016-04-20T23:00:00Z,2016-04-24T23:00:00Z,SIDM00237,False,SIDM00237,SIDP00627,lung_NSCLC,Adherent,R,True,True,True,True,True,False,True,True,False,no_development_parent
2312094,14875,231,1036.0,10.0,723,L12-D1-S,Glo,4,198,4712,14487,gdsc:1036:10uM,PLX-4720,2016-04-20T23:00:00Z,2016-04-24T23:00:00Z,SIDM00237,False,SIDM00237,SIDP00627,lung_NSCLC,Adherent,R,True,True,True,True,True,False,True,True,False,no_development_parent
2313182,14876,231,1036.0,10.0,723,L12-D1-S,Glo,4,198,4712,14488,gdsc:1036:10uM,PLX-4720,2016-04-20T23:00:00Z,2016-04-24T23:00:00Z,SIDM00237,False,SIDM00237,SIDP00627,lung_NSCLC,Adherent,R,True,True,True,True,True,False,True,True,False,no_development_parent
2314270,14878,231,1036.0,10.0,723,L12-D1-S,Glo,4,1553,5232,14489,gdsc:1036:10uM,PLX-4720,2016-04-20T23:00:00Z,2016-04-24T23:00:00Z,SIDM00789,False,SIDM00789,SIDP00030,large_intestine,Adherent,R,True,True,True,True,True,False,True,True,False,no_development_parent
2315358,14879,231,1036.0,10.0,723,L12-D1-S,Glo,4,1553,5232,14490,gdsc:1036:10uM,PLX-4720,2016-04-20T23:00:00Z,2016-04-24T23:00:00Z,SIDM00789,False,SIDM00789,SIDP00030,large_intestine,Adherent,R,True,True,True,True,True,False,True,True,False,no_development_parent
2316446,14880,231,1036.0,10.0,723,L12-D1-S,Glo,4,1553,5232,14491,gdsc:1036:10uM,PLX-4720,2016-04-20T23:00:00Z,2016-04-24T23:00:00Z,SIDM00789,False,SIDM00789,SIDP00030,large_intestine,Adherent,R,True,True,True,True,True,False,True,True,False,no_development_parent
2317534,14842,231,1036.0,10.0,723,L12-D1-S,Glo,4,1145,5512,14495,gdsc:1036:10uM,PLX-4720,2016-04-20T23:00:00Z,2016-04-24T23:00:00Z,SIDM01191,False,SIDM01191,SIDP00358,bone,Adherent,R,True,True,True,True,True,False,True,True,False,no_development_parent
2318622,14843,231,1036.0,10.0,723,L12-D1-S,Glo,4,1145,5512,14496,gdsc:1036:10uM,PLX-4720,2016-04-20T23:00:00Z,2016-04-24T23:00:00Z,SIDM01191,False,SIDM01191,SIDP00358,bone,Adherent,R,True,True,True,True,True,False,True,True,False,no_development_parent
2319710,14844,231,1036.0,10.0,723,L12-D1-S,Glo,4,1145,5512,14497,gdsc:1036:10uM,PLX-4720,2016-04-20T23:00:00Z,2016-04-24T23:00:00Z,SIDM01191,False,SIDM01191,SIDP00358,bone,Adherent,R,True,True,True,True,True,False,True,True,False,no_development_parent
2320798,14890,231,1036.0,10.0,723,L12-D1-S,Glo,4,1567,2763,14505,gdsc:1036:10uM,PLX-4720,2016-04-24T23:00:00Z,2016-04-28T23:00:00Z,SIDM00881,False,SIDM00881,SIDP00109,breast,Adherent,R,True,True,True,True,True,False,True,True,False,no_development_parent
2321886,14892,231,1036.0,10.0,723,L12-D1-S,Glo,4,653,2765,14506,gdsc:1036:10uM,PLX-4720,2016-04-24T23:00:00Z,2016-04-28T23:00:00Z,SIDM00879,False,SIDM00879,SIDP00110,breast,Adherent,R,True,True,True,True,True,True,True,True,True,
2322974,14900,231,1036.0,10.0,723,L12-D1-S,Glo,4,894,3086,14510,gdsc:1036:10uM,PLX-4720,2016-04-24T23:00:00Z,2016-04-28T23:00:00Z,SIDM01025,False,SIDM01025,SIDP00500,aero_dig_tract,Adherent,R,True,True,True,True,True,False,True,True,False,no_development_parent
2324062,14901,231,1036.0,10.0,723,L12-D1-S,Glo,4,894,3086,14511,gdsc:1036:10uM,PLX-4720,2016-04-24T23:00:00Z,2016-04-28T23:00:00Z,SIDM01025,False,SIDM01025,SIDP00500,aero_dig_tract,Adherent,R,True,True,True,True,True,False,True,True,False,no_development_parent
2325150,14902,231,1036.0,10.0,723,L12-D1-S,Glo,4,894,3086,14512,gdsc:1036:10uM,PLX-4720,2016-04-24T23:00:00Z,2016-04-28T23:00:00Z,SIDM01025,False,SIDM01025,SIDP00500,aero_dig_tract,Adherent,R,True,True,True,True,True,False,True,True,False,no_development_parent
2326238,14906,231,1036.0,10.0,723,L12-D1-S,Glo,4,102,3174,14513,gdsc:1036:10uM,PLX-4720,2016-04-24T23:00:00Z,2016-04-28T23:00:00Z,SIDM00545,False,,,,,,True,False,False,True,True,True,True,True,False,known_annotation;model_identity_match
2327326,14908,231,1036.0,10.0,723,L12-D1-S,Glo,4,1690,3310,14514,gdsc:1036:10uM,PLX-4720,2016-04-24T23:00:00Z,2016-04-28T23:00:00Z,SIDM00769,False,,,,,,True,False,False,True,True,True,True,True,False,known_annotation;model_identity_match
2328414,14910,231,1036.0,10.0,723,L12-D1-S,Glo,4,1222,3376,14515,gdsc:1036:10uM,PLX-4720,2016-04-24T23:00:00Z,2016-04-28T23:00:00Z,SIDM00965,False,SIDM00965,SIDP00249,lung_SCLC,Semi-Adherent,R,True,True,True,True,True,False,True,True,False,no_development_parent
2329502,14912,231,1036.0,10.0,723,L12-D1-S,Glo,4,1222,3376,14517,gdsc:1036:10uM,PLX-4720,2016-04-24T23:00:00Z,2016-04-28T23:00:00Z,SIDM00965,False,SIDM00965,SIDP00249,lung_SCLC,Semi-Adherent,R,True,True,True,True,True,False,True,True,False,no_development_parent
2330590,14914,231,1036.0,10.0,723,L12-D1-S,Glo,4,1225,3384,14518,gdsc:1036:10uM,PLX-4720,2016-04-24T23:00:00Z,2016-04-28T23:00:00Z,SIDM01127,False,SIDM01127,SIDP00254,lung_NSCLC,Adherent,R,True,True,True,True,True,False,True,True,False,no_development_parent
2331678,14918,231,1036.0,10.0,723,L12-D1-S,Glo,4,1015,3345,14519,gdsc:1036:10uM,PLX-4720,2016-04-24T23:00:00Z,2016-04-28T23:00:00Z,SIDM00702,False,SIDM00702,SIDP00228,lung_NSCLC,Adherent,R,True,True,True,True,True,False,True,True,False,no_development_parent
2332766,14886,231,1036.0,10.0,723,L12-D1-S,Glo,4,2264,3400,14520,gdsc:1036:10uM,PLX-4720,2016-04-24T23:00:00Z,2016-04-28T23:00:00Z,SIDM00893,False,SIDM00893,SIDP00068,breast,Adherent,D/F12,True,True,True,True,True,False,True,True,False,no_development_parent
2333854,14888,231,1036.0,10.0,723,L12-D1-S,Glo,4,1551,2762,14521,gdsc:1036:10uM,PLX-4720,2016-04-24T23:00:00Z,2016-04-28T23:00:00Z,SIDM00882,False,SIDM00882,SIDP00108,breast,Adherent,R,True,True,True,True,True,False,True,True,False,no_development_parent
2431157,15120,284,1036.0,10.0,627,L11-D1-S,Glo,4,1535,2957,14749,gdsc:1036:10uM,PLX-4720,2016-05-08T23:00:00Z,2016-05-12T23:00:00Z,SIDM01066,False,SIDM01066,SIDP00463,skin,Adherent,D/F12,True,True,True,True,True,True,True,True,True,
2433152,15126,284,1036.0,10.0,627,L11-D1-S,Glo,4,1244,2746,14753,gdsc:1036:10uM,PLX-4720,2016-05-08T23:00:00Z,2016-05-12T23:00:00Z,SIDM00852,False,SIDM00852,SIDP00103,nervous_system,Adherent,D/F12,True,True,True,True,True,False,True,True,False,no_development_parent
2435147,15129,284,1036.0,10.0,627,L11-D1-S,Glo,4,219,6453,14755,gdsc:1036:10uM,PLX-4720,2016-05-08T23:00:00Z,2016-05-12T23:00:00Z,SIDM00922,False,SIDM00922,SIDP00077,lung_NSCLC,Adherent,D/F12,True,True,True,True,True,False,True,True,False,no_development_parent
2437142,15132,284,1036.0,10.0,627,L11-D1-S,Glo,4,2090,2319,14757,gdsc:1036:10uM,PLX-4720,2016-05-08T23:00:00Z,2016-05-12T23:00:00Z,SIDM00490,False,SIDM00490,SIDP00851,nervous_system,Adherent,D/F12,True,True,True,True,True,False,True,True,False,no_development_parent
2439137,15135,284,1036.0,10.0,627,L11-D1-S,Glo,4,872,6373,14759,gdsc:1036:10uM,PLX-4720,2016-05-08T23:00:00Z,2016-05-12T23:00:00Z,SIDM00120,False,SIDM00120,SIDP00730,urogenital_system,Adherent,D/F12,True,True,True,True,True,True,True,True,True,
2441132,15138,284,1036.0,10.0,627,L11-D1-S,Glo,4,51,2726,14761,gdsc:1036:10uM,PLX-4720,2016-05-08T23:00:00Z,2016-05-12T23:00:00Z,SIDM00100,False,SIDM00100,SIDP00780,lung,Adherent,R,True,True,True,True,True,False,True,True,False,no_development_parent
2444034,15144,284,1036.0,10.0,627,L11-D1-S,Glo,4,162,2657,14765,gdsc:1036:10uM,PLX-4720,2016-05-08T23:00:00Z,2016-05-12T23:00:00Z,SIDM00540,False,SIDM00540,SIDP00805,aero_dig_tract,Adherent,D/F12,True,True,True,True,True,False,True,True,False,no_development_parent
2446029,15147,284,1036.0,10.0,627,L11-D1-S,Glo,4,1833,4392,14767,gdsc:1036:10uM,PLX-4720,2016-05-08T23:00:00Z,2016-05-12T23:00:00Z,SIDM00282,False,SIDM00282,SIDP00586,large_intestine,Adherent,R,True,True,True,True,True,False,True,True,False,no_development_parent
2448024,15150,284,1036.0,10.0,627,L11-D1-S,Glo,4,1027,3399,14769,gdsc:1036:10uM,PLX-4720,2016-05-08T23:00:00Z,2016-05-12T23:00:00Z,SIDM00499,False,SIDM00499,SIDP00842,urogenital_system,Adherent,R,True,True,True,True,True,False,True,True,False,no_development_parent
2450019,15153,284,1036.0,10.0,627,L11-D1-S,Glo,4,998,2202,14771,gdsc:1036:10uM,PLX-4720,2016-05-08T23:00:00Z,2016-05-12T23:00:00Z,SIDM00935,False,SIDM00935,SIDP00410,urogenital_system,Adherent,D/F12,True,True,True,True,True,False,True,True,False,no_development_parent
2452014,15156,284,1036.0,10.0,627,L11-D1-S,Glo,4,365,2415,14773,gdsc:1036:10uM,PLX-4720,2016-05-08T23:00:00Z,2016-05-12T23:00:00Z,SIDM00056,False,SIDM00056,SIDP00669,thyroid,Adherent,D/F12,True,True,True,True,True,True,True,True,True,
2454009,15159,284,1036.0,10.0,627,L11-D1-S,Glo,4,2049,2597,14775,gdsc:1036:10uM,PLX-4720,2016-05-08T23:00:00Z,2016-05-12T23:00:00Z,SIDM00284,False,SIDM00284,SIDP00584,skin,Adherent,R,True,True,True,True,True,False,True,True,False,no_development_parent
2456004,15162,284,1036.0,10.0,627,L11-D1-S,Glo,4,1186,2645,14777,gdsc:1036:10uM,PLX-4720,2016-05-08T23:00:00Z,2016-05-12T23:00:00Z,SIDM00803,False,SIDM00803,SIDP00047,kidney,Adherent,R,True,True,True,True,True,False,True,True,False,no_development_parent
2457999,15165,284,1036.0,10.0,627,L11-D1-S,Glo,4,245,2388,14779,gdsc:1036:10uM,PLX-4720,2016-05-08T23:00:00Z,2016-05-12T23:00:00Z,SIDM00273,False,SIDM00273,SIDP00594,nervous_system,Adherent,D/F12,True,True,True,True,True,False,True,True,False,no_development_parent
2459087,15168,284,1036.0,10.0,627,L11-D1-S,Glo,4,1897,3736,14781,gdsc:1036:10uM,PLX-4720,2016-05-08T23:00:00Z,2016-05-12T23:00:00Z,SIDM00969,False,SIDM00969,SIDP00375,urogenital_system,Adherent,D/F12,True,True,True,True,True,False,True,True,False,no_development_parent
2461082,15111,284,1036.0,10.0,627,L11-D1-S,Glo,4,1185,2639,14783,gdsc:1036:10uM,PLX-4720,2016-05-08T23:00:00Z,2016-05-12T23:00:00Z,SIDM00886,False,SIDM00886,SIDP00089,lymphoma,Suspension,R,True,True,True,True,True,False,True,True,False,no_development_parent
2476698,15203,284,1036.0,10.0,627,L11-D1-S,Glo,4,953,6231,14885,gdsc:1036:10uM,PLX-4720,2016-05-11T23:00:00Z,2016-05-15T23:00:00Z,SIDM00795,False,SIDM00795,SIDP00054,skin,Adherent,D/F12,True,True,True,True,True,False,True,True,False,no_development_parent
2477786,15204,284,1036.0,10.0,627,L11-D1-S,Glo,4,953,6231,14886,gdsc:1036:10uM,PLX-4720,2016-05-11T23:00:00Z,2016-05-15T23:00:00Z,SIDM00795,False,SIDM00795,SIDP00054,skin,Adherent,D/F12,True,True,True,True,True,False,True,True,False,no_development_parent
2481595,15209,284,1036.0,10.0,627,L11-D1-S,Glo,4,369,2878,14890,gdsc:1036:10uM,PLX-4720,2016-05-11T23:00:00Z,2016-05-15T23:00:00Z,SIDM00903,False,SIDM00903,SIDP00060,lung_NSCLC,Adherent,D/F12,True,True,True,True,True,False,True,True,False,no_development_parent
2482683,15210,284,1036.0,10.0,627,L11-D1-S,Glo,4,369,2878,14891,gdsc:1036:10uM,PLX-4720,2016-05-11T23:00:00Z,2016-05-15T23:00:00Z,SIDM00903,False,SIDM00903,SIDP00060,lung_NSCLC,Adherent,D/F12,True,True,True,True,True,False,True,True,False,no_development_parent
2483771,15211,284,1036.0,10.0,627,L11-D1-S,Glo,4,369,2878,14892,gdsc:1036:10uM,PLX-4720,2016-05-11T23:00:00Z,2016-05-15T23:00:00Z,SIDM00903,False,SIDM00903,SIDP00060,lung_NSCLC,Adherent,D/F12,True,True,True,True,True,False,True,True,False,no_development_parent
2487580,15216,284,1036.0,10.0,627,L11-D1-S,Glo,4,2242,4711,14896,gdsc:1036:10uM,PLX-4720,2016-05-11T23:00:00Z,2016-05-15T23:00:00Z,SIDM00890,False,SIDM00890,SIDP00071,skin,Adherent,D/F12,True,True,True,True,True,False,True,True,False,no_development_parent
2488668,15217,284,1036.0,10.0,627,L11-D1-S,Glo,4,2242,4711,14897,gdsc:1036:10uM,PLX-4720,2016-05-11T23:00:00Z,2016-05-15T23:00:00Z,SIDM00890,False,SIDM00890,SIDP00071,skin,Adherent,D/F12,True,True,True,True,True,False,True,True,False,no_development_parent
2489756,15218,284,1036.0,10.0,627,L11-D1-S,Glo,4,2242,4711,14898,gdsc:1036:10uM,PLX-4720,2016-05-11T23:00:00Z,2016-05-15T23:00:00Z,SIDM00890,False,SIDM00890,SIDP00071,skin,Adherent,D/F12,True,True,True,True,True,False,True,True,False,no_development_parent
2492658,15223,284,1036.0,10.0,627,L11-D1-S,Glo,4,1553,5232,14902,gdsc:1036:10uM,PLX-4720,2016-05-11T23:00:00Z,2016-05-15T23:00:00Z,SIDM00789,False,SIDM00789,SIDP00030,large_intestine,Adherent,R,True,True,True,True,True,False,True,True,False,no_development_parent
2493746,15224,284,1036.0,10.0,627,L11-D1-S,Glo,4,1553,5232,14903,gdsc:1036:10uM,PLX-4720,2016-05-11T23:00:00Z,2016-05-15T23:00:00Z,SIDM00789,False,SIDM00789,SIDP00030,large_intestine,Adherent,R,True,True,True,True,True,False,True,True,False,no_development_parent
2494834,15225,284,1036.0,10.0,627,L11-D1-S,Glo,4,1553,5232,14904,gdsc:1036:10uM,PLX-4720,2016-05-11T23:00:00Z,2016-05-15T23:00:00Z,SIDM00789,False,SIDM00789,SIDP00030,large_intestine,Adherent,R,True,True,True,True,True,False,True,True,False,no_development_parent
2498643,15230,284,1036.0,10.0,627,L11-D1-S,Glo,4,1212,5530,14908,gdsc:1036:10uM,PLX-4720,2016-05-11T23:00:00Z,2016-05-15T23:00:00Z,SIDM00136,False,SIDM00136,SIDP00736,large_intestine,Adherent,R,True,True,True,True,True,False,True,True,False,no_development_parent
2499731,15231,284,1036.0,10.0,627,L11-D1-S,Glo,4,1212,5530,14909,gdsc:1036:10uM,PLX-4720,2016-05-11T23:00:00Z,2016-05-15T23:00:00Z,SIDM00136,False,SIDM00136,SIDP00736,large_intestine,Adherent,R,True,True,True,True,True,False,True,True,False,no_development_parent
2269947,14797,231,1060.0,0.25,1155,R2-D1-S,Glo,4,880,3157,14426,gdsc:1060:0.25uM,PD0325901,2016-04-17T23:00:00Z,2016-04-21T23:00:00Z,SIDM00528,False,SIDM00528,SIDP00816,breast,Adherent,D/F12,True,True,True,True,True,True,True,True,True,
2271035,14799,231,1060.0,0.25,1155,R2-D1-S,Glo,4,724,2449,14427,gdsc:1060:0.25uM,PD0325901,2016-04-17T23:00:00Z,2016-04-21T23:00:00Z,SIDM00660,False,SIDM00660,SIDP00151,large_intestine,Adherent,R,True,True,True,True,True,False,True,True,False,no_development_parent
2272123,14801,231,1060.0,0.25,1155,R2-D1-S,Glo,4,55,2816,14428,gdsc:1060:0.25uM,PD0325901,2016-04-17T23:00:00Z,2016-04-21T23:00:00Z,SIDM00829,False,SIDM00829,SIDP00028,leukemia,Suspension,D/F12,True,True,True,True,True,False,True,True,False,no_development_parent
2273211,14803,231,1060.0,0.25,1155,R2-D1-S,Glo,4,1043,3507,14429,gdsc:1060:0.25uM,PD0325901,2016-04-17T23:00:00Z,2016-04-21T23:00:00Z,SIDM00451,False,SIDM00451,SIDP01027,leukemia,Suspension,R,True,True,True,True,True,True,True,True,True,
2274299,14805,231,1060.0,0.25,1155,R2-D1-S,Glo,4,1907,6271,14430,gdsc:1060:0.25uM,PD0325901,2016-04-17T23:00:00Z,2016-04-21T23:00:00Z,SIDM00214,False,SIDM00214,SIDP00538,large_intestine,Adherent,R,True,True,True,True,True,False,True,True,False,no_development_parent
2275387,14811,231,1060.0,0.25,1155,R2-D1-S,Glo,4,2153,3472,14434,gdsc:1060:0.25uM,PD0325901,2016-04-17T23:00:00Z,2016-04-21T23:00:00Z,SIDM00463,False,SIDM00463,SIDP01024,leukemia,Suspension,R,True,True,True,True,True,False,True,True,False,no_development_parent
2276475,14812,231,1060.0,0.25,1155,R2-D1-S,Glo,4,2153,3472,14435,gdsc:1060:0.25uM,PD0325901,2016-04-17T23:00:00Z,2016-04-21T23:00:00Z,SIDM00463,False,SIDM00463,SIDP01024,leukemia,Suspension,R,True,True,True,True,True,False,True,True,False,no_development_parent
2277563,14813,231,1060.0,0.25,1155,R2-D1-S,Glo,4,2153,3472,14436,gdsc:1060:0.25uM,PD0325901,2016-04-17T23:00:00Z,2016-04-21T23:00:00Z,SIDM00463,False,SIDM00463,SIDP01024,leukemia,Suspension,R,True,True,True,True,True,False,True,True,False,no_development_parent
2278651,14815,231,1060.0,0.25,1155,R2-D1-S,Glo,4,1354,2088,14437,gdsc:1060:0.25uM,PD0325901,2016-04-17T23:00:00Z,2016-04-21T23:00:00Z,SIDM01093,False,SIDM01093,SIDP00302,urogenital_system,Adherent,D/F12,True,True,True,True,True,False,True,True,False,no_development_parent
2279739,14817,231,1060.0,0.25,1155,R2-D1-S,Glo,4,1095,3469,14438,gdsc:1060:0.25uM,PD0325901,2016-04-17T23:00:00Z,2016-04-21T23:00:00Z,SIDM00425,False,SIDM00425,SIDP00930,urogenital_system,Adherent,R,True,True,True,True,True,False,True,True,False,no_development_parent
2280827,14823,231,1060.0,0.25,1155,R2-D1-S,Glo,4,1170,2688,14441,gdsc:1060:0.25uM,PD0325901,2016-04-17T23:00:00Z,2016-04-21T23:00:00Z,SIDM00860,False,SIDM00860,SIDP00095,aero_dig_tract,Adherent,D/F12,True,True,True,True,True,False,True,True,False,no_development_parent
2281915,14825,231,1060.0,0.25,1155,R2-D1-S,Glo,4,1157,2001,14442,gdsc:1060:0.25uM,PD0325901,2016-04-17T23:00:00Z,2016-04-21T23:00:00Z,SIDM00807,False,SIDM00807,SIDP00045,urogenital_system,Adherent,R,True,True,True,True,True,False,True,True,False,no_development_parent
2283003,14827,231,1060.0,0.25,1155,R2-D1-S,Glo,4,2075,2643,14443,gdsc:1060:0.25uM,PD0325901,2016-04-17T23:00:00Z,2016-04-21T23:00:00Z,SIDM00831,False,SIDM00831,SIDP00014,aero_dig_tract,Adherent,D/F12,True,True,True,True,True,False,True,True,False,no_development_parent
2284091,14829,231,1060.0,0.25,1155,R2-D1-S,Glo,4,1485,5215,14444,gdsc:1060:0.25uM,PD0325901,2016-04-17T23:00:00Z,2016-04-21T23:00:00Z,SIDM00713,False,SIDM00713,SIDP00220,lung,Adherent,R,True,True,True,True,True,False,True,True,False,no_development_parent
2285179,14831,231,1060.0,0.25,1155,R2-D1-S,Glo,4,2260,2092,14445,gdsc:1060:0.25uM,PD0325901,2016-04-17T23:00:00Z,2016-04-21T23:00:00Z,SIDM01095,False,SIDM01095,SIDP00303,soft_tissue,Adherent,R,True,True,True,True,True,False,True,True,False,no_development_parent
2286267,14833,231,1060.0,0.25,1155,R2-D1-S,Glo,4,1286,5514,14446,gdsc:1060:0.25uM,PD0325901,2016-04-17T23:00:00Z,2016-04-21T23:00:00Z,SIDM00097,False,SIDM00097,SIDP00769,breast,Adherent,R,True,True,True,True,True,False,True,True,False,no_development_parent
2287355,14835,231,1060.0,0.25,1155,R2-D1-S,Glo,4,599,3077,14447,gdsc:1060:0.25uM,PD0325901,2016-04-17T23:00:00Z,2016-04-21T23:00:00Z,SIDM01030,False,SIDM01030,SIDP00495,aero_dig_tract,Adherent,R,True,True,True,True,True,False,True,True,False,no_development_parent
2288443,14837,231,1060.0,0.25,1155,R2-D1-S,Glo,4,354,2787,14448,gdsc:1060:0.25uM,PD0325901,2016-04-17T23:00:00Z,2016-04-21T23:00:00Z,SIDM01067,False,SIDM01067,SIDP00462,lung_NSCLC,Adherent,R,True,True,True,True,True,False,True,True,False,no_development_parent
2289531,14846,231,1060.0,0.25,1155,R2-D1-S,Glo,4,953,6231,14465,gdsc:1060:0.25uM,PD0325901,2016-04-20T23:00:00Z,2016-04-24T23:00:00Z,SIDM00795,False,SIDM00795,SIDP00054,skin,Adherent,D/F12,True,True,True,True,True,False,True,True,False,no_development_parent
2290619,14847,231,1060.0,0.25,1155,R2-D1-S,Glo,4,953,6231,14466,gdsc:1060:0.25uM,PD0325901,2016-04-20T23:00:00Z,2016-04-24T23:00:00Z,SIDM00795,False,SIDM00795,SIDP00054,skin,Adherent,D/F12,True,True,True,True,True,False,True,True,False,no_development_parent
2291707,14848,231,1060.0,0.25,1155,R2-D1-S,Glo,4,953,6231,14467,gdsc:1060:0.25uM,PD0325901,2016-04-20T23:00:00Z,2016-04-24T23:00:00Z,SIDM00795,False,SIDM00795,SIDP00054,skin,Adherent,D/F12,True,True,True,True,True,False,True,True,False,no_development_parent
2292795,14851,231,1060.0,0.25,1155,R2-D1-S,Glo,4,369,2878,14469,gdsc:1060:0.25uM,PD0325901,2016-04-20T23:00:00Z,2016-04-24T23:00:00Z,SIDM00903,False,SIDM00903,SIDP00060,lung_NSCLC,Adherent,D/F12,True,True,True,True,True,False,True,True,False,no_development_parent
2293883,14852,231,1060.0,0.25,1155,R2-D1-S,Glo,4,369,2878,14470,gdsc:1060:0.25uM,PD0325901,2016-04-20T23:00:00Z,2016-04-24T23:00:00Z,SIDM00903,False,SIDM00903,SIDP00060,lung_NSCLC,Adherent,D/F12,True,True,True,True,True,False,True,True,False,no_development_parent
2294971,14854,231,1060.0,0.25,1155,R2-D1-S,Glo,4,2242,4711,14471,gdsc:1060:0.25uM,PD0325901,2016-04-20T23:00:00Z,2016-04-24T23:00:00Z,SIDM00890,False,SIDM00890,SIDP00071,skin,Adherent,D/F12,True,True,True,True,True,False,True,True,False,no_development_parent
2296059,14855,231,1060.0,0.25,1155,R2-D1-S,Glo,4,2242,4711,14472,gdsc:1060:0.25uM,PD0325901,2016-04-20T23:00:00Z,2016-04-24T23:00:00Z,SIDM00890,False,SIDM00890,SIDP00071,skin,Adherent,D/F12,True,True,True,True,True,False,True,True,False,no_development_parent
2297147,14856,231,1060.0,0.25,1155,R2-D1-S,Glo,4,2242,4711,14473,gdsc:1060:0.25uM,PD0325901,2016-04-20T23:00:00Z,2016-04-24T23:00:00Z,SIDM00890,False,SIDM00890,SIDP00071,skin,Adherent,D/F12,True,True,True,True,True,False,True,True,False,no_development_parent
2298235,14858,231,1060.0,0.25,1155,R2-D1-S,Glo,4,1212,5530,14474,gdsc:1060:0.25uM,PD0325901,2016-04-20T23:00:00Z,2016-04-24T23:00:00Z,SIDM00136,False,SIDM00136,SIDP00736,large_intestine,Adherent,R,True,True,True,True,True,False,True,True,False,no_development_parent
2299323,14859,231,1060.0,0.25,1155,R2-D1-S,Glo,4,1212,5530,14475,gdsc:1060:0.25uM,PD0325901,2016-04-20T23:00:00Z,2016-04-24T23:00:00Z,SIDM00136,False,SIDM00136,SIDP00736,large_intestine,Adherent,R,True,True,True,True,True,False,True,True,False,no_development_parent
2300411,14860,231,1060.0,0.25,1155,R2-D1-S,Glo,4,1212,5530,14476,gdsc:1060:0.25uM,PD0325901,2016-04-20T23:00:00Z,2016-04-24T23:00:00Z,SIDM00136,False,SIDM00136,SIDP00736,large_intestine,Adherent,R,True,True,True,True,True,False,True,True,False,no_development_parent
2301499,14862,231,1060.0,0.25,1155,R2-D1-S,Glo,4,339,5947,14477,gdsc:1060:0.25uM,PD0325901,2016-04-20T23:00:00Z,2016-04-24T23:00:00Z,SIDM00386,False,SIDM00386,SIDP01001,bone,Adherent,R,True,True,True,True,True,False,True,True,False,no_development_parent
2302587,14863,231,1060.0,0.25,1155,R2-D1-S,Glo,4,339,5947,14478,gdsc:1060:0.25uM,PD0325901,2016-04-20T23:00:00Z,2016-04-24T23:00:00Z,SIDM00386,False,SIDM00386,SIDP01001,bone,Adherent,R,True,True,True,True,True,False,True,True,False,no_development_parent
2303675,14864,231,1060.0,0.25,1155,R2-D1-S,Glo,4,339,5947,14479,gdsc:1060:0.25uM,PD0325901,2016-04-20T23:00:00Z,2016-04-24T23:00:00Z,SIDM00386,False,SIDM00386,SIDP01001,bone,Adherent,R,True,True,True,True,True,False,True,True,False,no_development_parent
2304763,14866,231,1060.0,0.25,1155,R2-D1-S,Glo,4,37,2536,14480,gdsc:1060:0.25uM,PD0325901,2016-04-20T23:00:00Z,2016-04-24T23:00:00Z,SIDM00781,False,SIDM00781,SIDP00035,large_intestine,Adherent,R,True,True,True,True,True,False,True,True,False,no_development_parent
2305851,14867,231,1060.0,0.25,1155,R2-D1-S,Glo,4,37,2536,14481,gdsc:1060:0.25uM,PD0325901,2016-04-20T23:00:00Z,2016-04-24T23:00:00Z,SIDM00781,False,SIDM00781,SIDP00035,large_intestine,Adherent,R,True,True,True,True,True,False,True,True,False,no_development_parent
2306939,14868,231,1060.0,0.25,1155,R2-D1-S,Glo,4,37,2536,14482,gdsc:1060:0.25uM,PD0325901,2016-04-20T23:00:00Z,2016-04-24T23:00:00Z,SIDM00781,False,SIDM00781,SIDP00035,large_intestine,Adherent,R,True,True,True,True,True,False,True,True,False,no_development_parent
2308027,14870,231,1060.0,0.25,1155,R2-D1-S,Glo,4,3,5529,14483,gdsc:1060:0.25uM,PD0325901,2016-04-20T23:00:00Z,2016-04-24T23:00:00Z,SIDM00841,False,SIDM00841,SIDP00019,large_intestine,Adherent,D/F12,True,True,True,True,True,False,True,True,False,no_development_parent
2309115,14871,231,1060.0,0.25,1155,R2-D1-S,Glo,4,3,5529,14484,gdsc:1060:0.25uM,PD0325901,2016-04-20T23:00:00Z,2016-04-24T23:00:00Z,SIDM00841,False,SIDM00841,SIDP00019,large_intestine,Adherent,D/F12,True,True,True,True,True,False,True,True,False,no_development_parent
2310203,14872,231,1060.0,0.25,1155,R2-D1-S,Glo,4,3,5529,14485,gdsc:1060:0.25uM,PD0325901,2016-04-20T23:00:00Z,2016-04-24T23:00:00Z,SIDM00841,False,SIDM00841,SIDP00019,large_intestine,Adherent,D/F12,True,True,True,True,True,False,True,True,False,no_development_parent
2311291,14874,231,1060.0,0.25,1155,R2-D1-S,Glo,4,198,4712,14486,gdsc:1060:0.25uM,PD0325901,2016-04-20T23:00:00Z,2016-04-24T23:00:00Z,SIDM00237,False,SIDM00237,SIDP00627,lung_NSCLC,Adherent,R,True,True,True,True,True,False,True,True,False,no_development_parent
2312379,14875,231,1060.0,0.25,1155,R2-D1-S,Glo,4,198,4712,14487,gdsc:1060:0.25uM,PD0325901,2016-04-20T23:00:00Z,2016-04-24T23:00:00Z,SIDM00237,False,SIDM00237,SIDP00627,lung_NSCLC,Adherent,R,True,True,True,True,True,False,True,True,False,no_development_parent
2313467,14876,231,1060.0,0.25,1155,R2-D1-S,Glo,4,198,4712,14488,gdsc:1060:0.25uM,PD0325901,2016-04-20T23:00:00Z,2016-04-24T23:00:00Z,SIDM00237,False,SIDM00237,SIDP00627,lung_NSCLC,Adherent,R,True,True,True,True,True,False,True,True,False,no_development_parent
2314555,14878,231,1060.0,0.25,1155,R2-D1-S,Glo,4,1553,5232,14489,gdsc:1060:0.25uM,PD0325901,2016-04-20T23:00:00Z,2016-04-24T23:00:00Z,SIDM00789,False,SIDM00789,SIDP00030,large_intestine,Adherent,R,True,True,True,True,True,False,True,True,False,no_development_parent
2315643,14879,231,1060.0,0.25,1155,R2-D1-S,Glo,4,1553,5232,14490,gdsc:1060:0.25uM,PD0325901,2016-04-20T23:00:00Z,2016-04-24T23:00:00Z,SIDM00789,False,SIDM00789,SIDP00030,large_intestine,Adherent,R,True,True,True,True,True,False,True,True,False,no_development_parent
2316731,14880,231,1060.0,0.25,1155,R2-D1-S,Glo,4,1553,5232,14491,gdsc:1060:0.25uM,PD0325901,2016-04-20T23:00:00Z,2016-04-24T23:00:00Z,SIDM00789,False,SIDM00789,SIDP00030,large_intestine,Adherent,R,True,True,True,True,True,False,True,True,False,no_development_parent
2317819,14842,231,1060.0,0.25,1155,R2-D1-S,Glo,4,1145,5512,14495,gdsc:1060:0.25uM,PD0325901,2016-04-20T23:00:00Z,2016-04-24T23:00:00Z,SIDM01191,False,SIDM01191,SIDP00358,bone,Adherent,R,True,True,True,True,True,False,True,True,False,no_development_parent
2318907,14843,231,1060.0,0.25,1155,R2-D1-S,Glo,4,1145,5512,14496,gdsc:1060:0.25uM,PD0325901,2016-04-20T23:00:00Z,2016-04-24T23:00:00Z,SIDM01191,False,SIDM01191,SIDP00358,bone,Adherent,R,True,True,True,True,True,False,True,True,False,no_development_parent
2319995,14844,231,1060.0,0.25,1155,R2-D1-S,Glo,4,1145,5512,14497,gdsc:1060:0.25uM,PD0325901,2016-04-20T23:00:00Z,2016-04-24T23:00:00Z,SIDM01191,False,SIDM01191,SIDP00358,bone,Adherent,R,True,True,True,True,True,False,True,True,False,no_development_parent
2321083,14890,231,1060.0,0.25,1155,R2-D1-S,Glo,4,1567,2763,14505,gdsc:1060:0.25uM,PD0325901,2016-04-24T23:00:00Z,2016-04-28T23:00:00Z,SIDM00881,False,SIDM00881,SIDP00109,breast,Adherent,R,True,True,True,True,True,False,True,True,False,no_development_parent
2322171,14892,231,1060.0,0.25,1155,R2-D1-S,Glo,4,653,2765,14506,gdsc:1060:0.25uM,PD0325901,2016-04-24T23:00:00Z,2016-04-28T23:00:00Z,SIDM00879,False,SIDM00879,SIDP00110,breast,Adherent,R,True,True,True,True,True,True,True,True,True,
2323259,14900,231,1060.0,0.25,1155,R2-D1-S,Glo,4,894,3086,14510,gdsc:1060:0.25uM,PD0325901,2016-04-24T23:00:00Z,2016-04-28T23:00:00Z,SIDM01025,False,SIDM01025,SIDP00500,aero_dig_tract,Adherent,R,True,True,True,True,True,False,True,True,False,no_development_parent
2324347,14901,231,1060.0,0.25,1155,R2-D1-S,Glo,4,894,3086,14511,gdsc:1060:0.25uM,PD0325901,2016-04-24T23:00:00Z,2016-04-28T23:00:00Z,SIDM01025,False,SIDM01025,SIDP00500,aero_dig_tract,Adherent,R,True,True,True,True,True,False,True,True,False,no_development_parent
2325435,14902,231,1060.0,0.25,1155,R2-D1-S,Glo,4,894,3086,14512,gdsc:1060:0.25uM,PD0325901,2016-04-24T23:00:00Z,2016-04-28T23:00:00Z,SIDM01025,False,SIDM01025,SIDP00500,aero_dig_tract,Adherent,R,True,True,True,True,True,False,True,True,False,no_development_parent
2326523,14906,231,1060.0,0.25,1155,R2-D1-S,Glo,4,102,3174,14513,gdsc:1060:0.25uM,PD0325901,2016-04-24T23:00:00Z,2016-04-28T23:00:00Z,SIDM00545,False,,,,,,True,False,False,True,True,True,True,True,False,known_annotation;model_identity_match
2327611,14908,231,1060.0,0.25,1155,R2-D1-S,Glo,4,1690,3310,14514,gdsc:1060:0.25uM,PD0325901,2016-04-24T23:00:00Z,2016-04-28T23:00:00Z,SIDM00769,False,,,,,,True,False,False,True,True,True,True,True,False,known_annotation;model_identity_match
2328699,14910,231,1060.0,0.25,1155,R2-D1-S,Glo,4,1222,3376,14515,gdsc:1060:0.25uM,PD0325901,2016-04-24T23:00:00Z,2016-04-28T23:00:00Z,SIDM00965,False,SIDM00965,SIDP00249,lung_SCLC,Semi-Adherent,R,True,True,True,True,True,False,True,True,False,no_development_parent
2329787,14912,231,1060.0,0.25,1155,R2-D1-S,Glo,4,1222,3376,14517,gdsc:1060:0.25uM,PD0325901,2016-04-24T23:00:00Z,2016-04-28T23:00:00Z,SIDM00965,False,SIDM00965,SIDP00249,lung_SCLC,Semi-Adherent,R,True,True,True,True,True,False,True,True,False,no_development_parent
2330875,14914,231,1060.0,0.25,1155,R2-D1-S,Glo,4,1225,3384,14518,gdsc:1060:0.25uM,PD0325901,2016-04-24T23:00:00Z,2016-04-28T23:00:00Z,SIDM01127,False,SIDM01127,SIDP00254,lung_NSCLC,Adherent,R,True,True,True,True,True,False,True,True,False,no_development_parent
2331963,14918,231,1060.0,0.25,1155,R2-D1-S,Glo,4,1015,3345,14519,gdsc:1060:0.25uM,PD0325901,2016-04-24T23:00:00Z,2016-04-28T23:00:00Z,SIDM00702,False,SIDM00702,SIDP00228,lung_NSCLC,Adherent,R,True,True,True,True,True,False,True,True,False,no_development_parent
2333051,14886,231,1060.0,0.25,1155,R2-D1-S,Glo,4,2264,3400,14520,gdsc:1060:0.25uM,PD0325901,2016-04-24T23:00:00Z,2016-04-28T23:00:00Z,SIDM00893,False,SIDM00893,SIDP00068,breast,Adherent,D/F12,True,True,True,True,True,False,True,True,False,no_development_parent
2334139,14888,231,1060.0,0.25,1155,R2-D1-S,Glo,4,1551,2762,14521,gdsc:1060:0.25uM,PD0325901,2016-04-24T23:00:00Z,2016-04-28T23:00:00Z,SIDM00882,False,SIDM00882,SIDP00108,breast,Adherent,R,True,True,True,True,True,False,True,True,False,no_development_parent
2431449,15120,284,1060.0,0.25,1108,R2-D1-S,Glo,4,1535,2957,14749,gdsc:1060:0.25uM,PD0325901,2016-05-08T23:00:00Z,2016-05-12T23:00:00Z,SIDM01066,False,SIDM01066,SIDP00463,skin,Adherent,D/F12,True,True,True,True,True,True,True,True,True,
2433444,15126,284,1060.0,0.25,1108,R2-D1-S,Glo,4,1244,2746,14753,gdsc:1060:0.25uM,PD0325901,2016-05-08T23:00:00Z,2016-05-12T23:00:00Z,SIDM00852,False,SIDM00852,SIDP00103,nervous_system,Adherent,D/F12,True,True,True,True,True,False,True,True,False,no_development_parent
2435439,15129,284,1060.0,0.25,1108,R2-D1-S,Glo,4,219,6453,14755,gdsc:1060:0.25uM,PD0325901,2016-05-08T23:00:00Z,2016-05-12T23:00:00Z,SIDM00922,False,SIDM00922,SIDP00077,lung_NSCLC,Adherent,D/F12,True,True,True,True,True,False,True,True,False,no_development_parent
2437434,15132,284,1060.0,0.25,1108,R2-D1-S,Glo,4,2090,2319,14757,gdsc:1060:0.25uM,PD0325901,2016-05-08T23:00:00Z,2016-05-12T23:00:00Z,SIDM00490,False,SIDM00490,SIDP00851,nervous_system,Adherent,D/F12,True,True,True,True,True,False,True,True,False,no_development_parent
2439429,15135,284,1060.0,0.25,1108,R2-D1-S,Glo,4,872,6373,14759,gdsc:1060:0.25uM,PD0325901,2016-05-08T23:00:00Z,2016-05-12T23:00:00Z,SIDM00120,False,SIDM00120,SIDP00730,urogenital_system,Adherent,D/F12,True,True,True,True,True,True,True,True,True,
2441424,15138,284,1060.0,0.25,1108,R2-D1-S,Glo,4,51,2726,14761,gdsc:1060:0.25uM,PD0325901,2016-05-08T23:00:00Z,2016-05-12T23:00:00Z,SIDM00100,False,SIDM00100,SIDP00780,lung,Adherent,R,True,True,True,True,True,False,True,True,False,no_development_parent
2444326,15144,284,1060.0,0.25,1108,R2-D1-S,Glo,4,162,2657,14765,gdsc:1060:0.25uM,PD0325901,2016-05-08T23:00:00Z,2016-05-12T23:00:00Z,SIDM00540,False,SIDM00540,SIDP00805,aero_dig_tract,Adherent,D/F12,True,True,True,True,True,False,True,True,False,no_development_parent
2446321,15147,284,1060.0,0.25,1108,R2-D1-S,Glo,4,1833,4392,14767,gdsc:1060:0.25uM,PD0325901,2016-05-08T23:00:00Z,2016-05-12T23:00:00Z,SIDM00282,False,SIDM00282,SIDP00586,large_intestine,Adherent,R,True,True,True,True,True,False,True,True,False,no_development_parent
2448316,15150,284,1060.0,0.25,1108,R2-D1-S,Glo,4,1027,3399,14769,gdsc:1060:0.25uM,PD0325901,2016-05-08T23:00:00Z,2016-05-12T23:00:00Z,SIDM00499,False,SIDM00499,SIDP00842,urogenital_system,Adherent,R,True,True,True,True,True,False,True,True,False,no_development_parent
2450311,15153,284,1060.0,0.25,1108,R2-D1-S,Glo,4,998,2202,14771,gdsc:1060:0.25uM,PD0325901,2016-05-08T23:00:00Z,2016-05-12T23:00:00Z,SIDM00935,False,SIDM00935,SIDP00410,urogenital_system,Adherent,D/F12,True,True,True,True,True,False,True,True,False,no_development_parent
2452306,15156,284,1060.0,0.25,1108,R2-D1-S,Glo,4,365,2415,14773,gdsc:1060:0.25uM,PD0325901,2016-05-08T23:00:00Z,2016-05-12T23:00:00Z,SIDM00056,False,SIDM00056,SIDP00669,thyroid,Adherent,D/F12,True,True,True,True,True,True,True,True,True,
2454301,15159,284,1060.0,0.25,1108,R2-D1-S,Glo,4,2049,2597,14775,gdsc:1060:0.25uM,PD0325901,2016-05-08T23:00:00Z,2016-05-12T23:00:00Z,SIDM00284,False,SIDM00284,SIDP00584,skin,Adherent,R,True,True,True,True,True,False,True,True,False,no_development_parent
2456296,15162,284,1060.0,0.25,1108,R2-D1-S,Glo,4,1186,2645,14777,gdsc:1060:0.25uM,PD0325901,2016-05-08T23:00:00Z,2016-05-12T23:00:00Z,SIDM00803,False,SIDM00803,SIDP00047,kidney,Adherent,R,True,True,True,True,True,False,True,True,False,no_development_parent
2458291,15165,284,1060.0,0.25,1108,R2-D1-S,Glo,4,245,2388,14779,gdsc:1060:0.25uM,PD0325901,2016-05-08T23:00:00Z,2016-05-12T23:00:00Z,SIDM00273,False,SIDM00273,SIDP00594,nervous_system,Adherent,D/F12,True,True,True,True,True,False,True,True,False,no_development_parent
2459379,15168,284,1060.0,0.25,1108,R2-D1-S,Glo,4,1897,3736,14781,gdsc:1060:0.25uM,PD0325901,2016-05-08T23:00:00Z,2016-05-12T23:00:00Z,SIDM00969,False,SIDM00969,SIDP00375,urogenital_system,Adherent,D/F12,True,True,True,True,True,False,True,True,False,no_development_parent
2461374,15111,284,1060.0,0.25,1108,R2-D1-S,Glo,4,1185,2639,14783,gdsc:1060:0.25uM,PD0325901,2016-05-08T23:00:00Z,2016-05-12T23:00:00Z,SIDM00886,False,SIDM00886,SIDP00089,lymphoma,Suspension,R,True,True,True,True,True,False,True,True,False,no_development_parent
2476990,15203,284,1060.0,0.25,1108,R2-D1-S,Glo,4,953,6231,14885,gdsc:1060:0.25uM,PD0325901,2016-05-11T23:00:00Z,2016-05-15T23:00:00Z,SIDM00795,False,SIDM00795,SIDP00054,skin,Adherent,D/F12,True,True,True,True,True,False,True,True,False,no_development_parent
2478078,15204,284,1060.0,0.25,1108,R2-D1-S,Glo,4,953,6231,14886,gdsc:1060:0.25uM,PD0325901,2016-05-11T23:00:00Z,2016-05-15T23:00:00Z,SIDM00795,False,SIDM00795,SIDP00054,skin,Adherent,D/F12,True,True,True,True,True,False,True,True,False,no_development_parent
2481887,15209,284,1060.0,0.25,1108,R2-D1-S,Glo,4,369,2878,14890,gdsc:1060:0.25uM,PD0325901,2016-05-11T23:00:00Z,2016-05-15T23:00:00Z,SIDM00903,False,SIDM00903,SIDP00060,lung_NSCLC,Adherent,D/F12,True,True,True,True,True,False,True,True,False,no_development_parent
2482975,15210,284,1060.0,0.25,1108,R2-D1-S,Glo,4,369,2878,14891,gdsc:1060:0.25uM,PD0325901,2016-05-11T23:00:00Z,2016-05-15T23:00:00Z,SIDM00903,False,SIDM00903,SIDP00060,lung_NSCLC,Adherent,D/F12,True,True,True,True,True,False,True,True,False,no_development_parent
2484063,15211,284,1060.0,0.25,1108,R2-D1-S,Glo,4,369,2878,14892,gdsc:1060:0.25uM,PD0325901,2016-05-11T23:00:00Z,2016-05-15T23:00:00Z,SIDM00903,False,SIDM00903,SIDP00060,lung_NSCLC,Adherent,D/F12,True,True,True,True,True,False,True,True,False,no_development_parent
2487872,15216,284,1060.0,0.25,1108,R2-D1-S,Glo,4,2242,4711,14896,gdsc:1060:0.25uM,PD0325901,2016-05-11T23:00:00Z,2016-05-15T23:00:00Z,SIDM00890,False,SIDM00890,SIDP00071,skin,Adherent,D/F12,True,True,True,True,True,False,True,True,False,no_development_parent
2488960,15217,284,1060.0,0.25,1108,R2-D1-S,Glo,4,2242,4711,14897,gdsc:1060:0.25uM,PD0325901,2016-05-11T23:00:00Z,2016-05-15T23:00:00Z,SIDM00890,False,SIDM00890,SIDP00071,skin,Adherent,D/F12,True,True,True,True,True,False,True,True,False,no_development_parent
2490048,15218,284,1060.0,0.25,1108,R2-D1-S,Glo,4,2242,4711,14898,gdsc:1060:0.25uM,PD0325901,2016-05-11T23:00:00Z,2016-05-15T23:00:00Z,SIDM00890,False,SIDM00890,SIDP00071,skin,Adherent,D/F12,True,True,True,True,True,False,True,True,False,no_development_parent
2492950,15223,284,1060.0,0.25,1108,R2-D1-S,Glo,4,1553,5232,14902,gdsc:1060:0.25uM,PD0325901,2016-05-11T23:00:00Z,2016-05-15T23:00:00Z,SIDM00789,False,SIDM00789,SIDP00030,large_intestine,Adherent,R,True,True,True,True,True,False,True,True,False,no_development_parent
2494038,15224,284,1060.0,0.25,1108,R2-D1-S,Glo,4,1553,5232,14903,gdsc:1060:0.25uM,PD0325901,2016-05-11T23:00:00Z,2016-05-15T23:00:00Z,SIDM00789,False,SIDM00789,SIDP00030,large_intestine,Adherent,R,True,True,True,True,True,False,True,True,False,no_development_parent
2495126,15225,284,1060.0,0.25,1108,R2-D1-S,Glo,4,1553,5232,14904,gdsc:1060:0.25uM,PD0325901,2016-05-11T23:00:00Z,2016-05-15T23:00:00Z,SIDM00789,False,SIDM00789,SIDP00030,large_intestine,Adherent,R,True,True,True,True,True,False,True,True,False,no_development_parent
2498935,15230,284,1060.0,0.25,1108,R2-D1-S,Glo,4,1212,5530,14908,gdsc:1060:0.25uM,PD0325901,2016-05-11T23:00:00Z,2016-05-15T23:00:00Z,SIDM00136,False,SIDM00136,SIDP00736,large_intestine,Adherent,R,True,True,True,True,True,False,True,True,False,no_development_parent
2500819,15232,284,1036.0,10.0,627,L11-D1-S,Glo,4,1212,5530,14910,gdsc:1036:10uM,PLX-4720,2016-05-11T23:00:00Z,2016-05-15T23:00:00Z,SIDM00136,False,SIDM00136,SIDP00736,large_intestine,Adherent,R,True,True,True,True,True,False,True,True,False,no_development_parent
2504628,15237,284,1036.0,10.0,627,L11-D1-S,Glo,4,339,5947,14914,gdsc:1036:10uM,PLX-4720,2016-05-11T23:00:00Z,2016-05-15T23:00:00Z,SIDM00386,False,SIDM00386,SIDP01001,bone,Adherent,R,True,True,True,True,True,False,True,True,False,no_development_parent
2505716,15238,284,1036.0,10.0,627,L11-D1-S,Glo,4,339,5947,14915,gdsc:1036:10uM,PLX-4720,2016-05-11T23:00:00Z,2016-05-15T23:00:00Z,SIDM00386,False,SIDM00386,SIDP01001,bone,Adherent,R,True,True,True,True,True,False,True,True,False,no_development_parent
2506804,15239,284,1036.0,10.0,627,L11-D1-S,Glo,4,339,5947,14916,gdsc:1036:10uM,PLX-4720,2016-05-11T23:00:00Z,2016-05-15T23:00:00Z,SIDM00386,False,SIDM00386,SIDP01001,bone,Adherent,R,True,True,True,True,True,False,True,True,False,no_development_parent
2510613,15244,284,1036.0,10.0,627,L11-D1-S,Glo,4,198,4712,14920,gdsc:1036:10uM,PLX-4720,2016-05-11T23:00:00Z,2016-05-15T23:00:00Z,SIDM00237,False,SIDM00237,SIDP00627,lung_NSCLC,Adherent,R,True,True,True,True,True,False,True,True,False,no_development_parent
2511701,15245,284,1036.0,10.0,627,L11-D1-S,Glo,4,198,4712,14921,gdsc:1036:10uM,PLX-4720,2016-05-11T23:00:00Z,2016-05-15T23:00:00Z,SIDM00237,False,SIDM00237,SIDP00627,lung_NSCLC,Adherent,R,True,True,True,True,True,False,True,True,False,no_development_parent
2512789,15246,284,1036.0,10.0,627,L11-D1-S,Glo,4,198,4712,14922,gdsc:1036:10uM,PLX-4720,2016-05-11T23:00:00Z,2016-05-15T23:00:00Z,SIDM00237,False,SIDM00237,SIDP00627,lung_NSCLC,Adherent,R,True,True,True,True,True,False,True,True,False,no_development_parent
2516598,15251,284,1036.0,10.0,627,L11-D1-S,Glo,4,37,2536,14926,gdsc:1036:10uM,PLX-4720,2016-05-11T23:00:00Z,2016-05-15T23:00:00Z,SIDM00781,False,SIDM00781,SIDP00035,large_intestine,Adherent,R,True,True,True,True,True,False,True,True,False,no_development_parent
2517686,15252,284,1036.0,10.0,627,L11-D1-S,Glo,4,37,2536,14927,gdsc:1036:10uM,PLX-4720,2016-05-11T23:00:00Z,2016-05-15T23:00:00Z,SIDM00781,False,SIDM00781,SIDP00035,large_intestine,Adherent,R,True,True,True,True,True,False,True,True,False,no_development_parent
2518774,15253,284,1036.0,10.0,627,L11-D1-S,Glo,4,37,2536,14928,gdsc:1036:10uM,PLX-4720,2016-05-11T23:00:00Z,2016-05-15T23:00:00Z,SIDM00781,False,SIDM00781,SIDP00035,large_intestine,Adherent,R,True,True,True,True,True,False,True,True,False,no_development_parent
2522583,15258,284,1036.0,10.0,627,L11-D1-S,Glo,4,3,5529,14932,gdsc:1036:10uM,PLX-4720,2016-05-11T23:00:00Z,2016-05-15T23:00:00Z,SIDM00841,False,SIDM00841,SIDP00019,large_intestine,Adherent,D/F12,True,True,True,True,True,False,True,True,False,no_development_parent
2523671,15259,284,1036.0,10.0,627,L11-D1-S,Glo,4,3,5529,14933,gdsc:1036:10uM,PLX-4720,2016-05-11T23:00:00Z,2016-05-15T23:00:00Z,SIDM00841,False,SIDM00841,SIDP00019,large_intestine,Adherent,D/F12,True,True,True,True,True,False,True,True,False,no_development_parent
2524759,15260,284,1036.0,10.0,627,L11-D1-S,Glo,4,3,5529,14934,gdsc:1036:10uM,PLX-4720,2016-05-11T23:00:00Z,2016-05-15T23:00:00Z,SIDM00841,False,SIDM00841,SIDP00019,large_intestine,Adherent,D/F12,True,True,True,True,True,False,True,True,False,no_development_parent
2528568,15265,284,1036.0,10.0,627,L11-D1-S,Glo,4,1145,5512,14938,gdsc:1036:10uM,PLX-4720,2016-05-11T23:00:00Z,2016-05-15T23:00:00Z,SIDM01191,False,SIDM01191,SIDP00358,bone,Adherent,R,True,True,True,True,True,False,True,True,False,no_development_parent
2529656,15266,284,1036.0,10.0,627,L11-D1-S,Glo,4,1145,5512,14939,gdsc:1036:10uM,PLX-4720,2016-05-11T23:00:00Z,2016-05-15T23:00:00Z,SIDM01191,False,SIDM01191,SIDP00358,bone,Adherent,R,True,True,True,True,True,False,True,True,False,no_development_parent
2530744,15267,284,1036.0,10.0,627,L11-D1-S,Glo,4,1145,5512,14940,gdsc:1036:10uM,PLX-4720,2016-05-11T23:00:00Z,2016-05-15T23:00:00Z,SIDM01191,False,SIDM01191,SIDP00358,bone,Adherent,R,True,True,True,True,True,False,True,True,False,no_development_parent
2534553,15272,284,1036.0,10.0,627,L11-D1-S,Glo,4,921,5233,14944,gdsc:1036:10uM,PLX-4720,2016-05-11T23:00:00Z,2016-05-15T23:00:00Z,SIDM00332,False,SIDM00332,SIDP00998,breast,Adherent,D/F12,True,True,True,True,True,False,True,True,False,no_development_parent
2535641,15273,284,1036.0,10.0,627,L11-D1-S,Glo,4,921,5233,14945,gdsc:1036:10uM,PLX-4720,2016-05-11T23:00:00Z,2016-05-15T23:00:00Z,SIDM00332,False,SIDM00332,SIDP00998,breast,Adherent,D/F12,True,True,True,True,True,False,True,True,False,no_development_parent
2536729,15274,284,1036.0,10.0,627,L11-D1-S,Glo,4,921,5233,14946,gdsc:1036:10uM,PLX-4720,2016-05-11T23:00:00Z,2016-05-15T23:00:00Z,SIDM00332,False,SIDM00332,SIDP00998,breast,Adherent,D/F12,True,True,True,True,True,False,True,True,False,no_development_parent
2540538,15202,284,1036.0,10.0,627,L11-D1-S,Glo,4,953,6231,14950,gdsc:1036:10uM,PLX-4720,2016-05-11T23:00:00Z,2016-05-15T23:00:00Z,SIDM00795,False,SIDM00795,SIDP00054,skin,Adherent,D/F12,True,True,True,True,True,False,True,True,False,no_development_parent
2543440,15294,284,1036.0,10.0,627,L11-D1-S,Glo,4,71,6369,14968,gdsc:1036:10uM,PLX-4720,2016-05-12T23:00:00Z,2016-05-16T23:00:00Z,SIDM00269,False,SIDM00269,SIDP00640,bone,Adherent,R,True,True,True,True,True,False,True,True,False,no_development_parent
2545435,15300,284,1036.0,10.0,627,L11-D1-S,Glo,4,311,2823,14970,gdsc:1036:10uM,PLX-4720,2016-05-12T23:00:00Z,2016-05-16T23:00:00Z,SIDM00064,False,SIDM00064,SIDP00679,digestive_system,Adherent,D/F12,True,True,True,True,True,True,True,True,True,
2547430,15303,284,1036.0,10.0,627,L11-D1-S,Glo,4,225,3034,14972,gdsc:1036:10uM,PLX-4720,2016-05-12T23:00:00Z,2016-05-16T23:00:00Z,SIDM01009,False,SIDM01009,SIDP00487,neuroblastoma,Adherent,R,True,True,True,True,True,False,True,True,False,no_development_parent
2549425,15306,284,1036.0,10.0,627,L11-D1-S,Glo,4,217,2418,14974,gdsc:1036:10uM,PLX-4720,2016-05-12T23:00:00Z,2016-05-16T23:00:00Z,SIDM00612,False,SIDM00612,SIDP00882,nervous_system,Adherent,R,True,True,True,True,True,True,True,True,True,
2551420,15309,284,1036.0,10.0,627,L11-D1-S,Glo,4,155,3061,14976,gdsc:1036:10uM,PLX-4720,2016-05-12T23:00:00Z,2016-05-16T23:00:00Z,SIDM00571,False,SIDM00571,SIDP00894,pancreas,Adherent,R,True,True,True,True,True,False,True,True,False,no_development_parent
2553415,15324,284,1036.0,10.0,627,L11-D1-S,Glo,4,1647,3199,14978,gdsc:1036:10uM,PLX-4720,2016-05-12T23:00:00Z,2016-05-16T23:00:00Z,SIDM00271,False,SIDM00271,SIDP00615,digestive_system,Adherent,R,True,True,True,True,True,True,True,True,True,
2555410,15342,284,1036.0,10.0,627,L11-D1-S,Glo,4,215,2473,14982,gdsc:1036:10uM,PLX-4720,2016-05-12T23:00:00Z,2016-05-16T23:00:00Z,SIDM00257,False,SIDM00257,SIDP00644,neuroblastoma,Adherent,D/F12,True,True,True,True,True,True,True,True,True,
2557405,15345,284,1036.0,10.0,627,L11-D1-S,Glo,4,1861,2479,14984,gdsc:1036:10uM,PLX-4720,2016-05-12T23:00:00Z,2016-05-16T23:00:00Z,SIDM00156,False,SIDM00156,SIDP00649,neuroblastoma,Adherent,D/F12,True,True,True,True,True,True,True,True,True,
2559400,15348,284,1036.0,10.0,627,L11-D1-S,Glo,4,78,3325,14986,gdsc:1036:10uM,PLX-4720,2016-05-12T23:00:00Z,2016-05-16T23:00:00Z,SIDM00758,False,SIDM00758,SIDP00215,lung_NSCLC,Adherent,R,True,True,True,True,True,True,True,True,True,
2561395,15354,284,1036.0,10.0,627,L11-D1-S,Glo,4,478,5234,14988,gdsc:1036:10uM,PLX-4720,2016-05-12T23:00:00Z,2016-05-16T23:00:00Z,SIDM00569,False,SIDM00569,SIDP00922,bone,Adherent,D/F12,True,True,True,True,True,True,True,True,True,
2562483,15288,284,1036.0,10.0,627,L11-D1-S,Glo,4,1978,3477,15085,gdsc:1036:10uM,PLX-4720,2016-05-15T23:00:00Z,2016-05-19T23:00:00Z,SIDM00132,False,SIDM00132,SIDP00718,pancreas,Adherent,R,True,True,True,True,True,False,True,True,False,no_development_parent
2564478,15291,284,1036.0,10.0,627,L11-D1-S,Glo,4,292,2621,15087,gdsc:1036:10uM,PLX-4720,2016-05-15T23:00:00Z,2016-05-19T23:00:00Z,SIDM00953,False,SIDM00953,SIDP00428,lung_SCLC,Suspension,R,True,True,True,True,True,False,True,True,False,no_development_parent
2566473,15297,284,1036.0,10.0,627,L11-D1-S,Glo,4,1174,2706,15089,gdsc:1036:10uM,PLX-4720,2016-05-15T23:00:00Z,2016-05-19T23:00:00Z,SIDM01055,False,SIDM01055,SIDP00452,nervous_system,Adherent,D/F12,True,True,True,True,True,False,True,True,False,no_development_parent
2568468,15315,284,1036.0,10.0,627,L11-D1-S,Glo,4,651,3092,15091,gdsc:1036:10uM,PLX-4720,2016-05-15T23:00:00Z,2016-05-19T23:00:00Z,SIDM00329,False,SIDM00329,SIDP00982,lymphoma,Suspension,R,True,True,True,True,True,True,True,True,True,
2570463,15318,284,1036.0,10.0,627,L11-D1-S,Glo,4,1502,3097,15093,gdsc:1036:10uM,PLX-4720,2016-05-15T23:00:00Z,2016-05-19T23:00:00Z,SIDM00345,False,SIDM00345,SIDP00985,lung_NSCLC,Adherent,R,True,True,True,True,True,True,True,True,True,
2572458,15321,284,1036.0,10.0,627,L11-D1-S,Glo,4,1645,3108,15095,gdsc:1036:10uM,PLX-4720,2016-05-15T23:00:00Z,2016-05-19T23:00:00Z,SIDM00342,False,SIDM00342,SIDP00988,leukemia,Suspension,R,True,True,True,True,True,True,True,True,True,
2574453,15327,284,1036.0,10.0,627,L11-D1-S,Glo,4,2227,3225,15097,gdsc:1036:10uM,PLX-4720,2016-05-15T23:00:00Z,2016-05-19T23:00:00Z,SIDM00145,False,SIDM00145,SIDP00742,leukemia,Suspension,R,True,True,True,True,True,True,True,True,True,
2576448,15330,284,1036.0,10.0,627,L11-D1-S,Glo,4,1032,2464,15099,gdsc:1036:10uM,PLX-4720,2016-05-15T23:00:00Z,2016-05-19T23:00:00Z,SIDM00623,False,SIDM00623,SIDP00166,leukemia,Suspension,D/F12,True,True,True,True,True,True,True,True,True,
2578443,15336,284,1036.0,10.0,627,L11-D1-S,Glo,4,973,4053,15101,gdsc:1036:10uM,PLX-4720,2016-05-15T23:00:00Z,2016-05-19T23:00:00Z,SIDM00429,False,SIDM00429,SIDP01012,leukemia,Suspension,R,True,True,True,True,True,True,True,True,True,
2580438,15339,284,1036.0,10.0,627,L11-D1-S,Glo,4,669,3248,15103,gdsc:1036:10uM,PLX-4720,2016-05-15T23:00:00Z,2016-05-19T23:00:00Z,SIDM00641,False,SIDM00641,SIDP00170,lymphoma,Suspension,R,True,True,True,True,True,True,True,True,True,
2582433,15351,284,1036.0,10.0,627,L11-D1-S,Glo,4,297,2499,15105,gdsc:1036:10uM,PLX-4720,2016-05-15T23:00:00Z,2016-05-19T23:00:00Z,SIDM00580,False,SIDM00580,SIDP00919,leukemia,Suspension,R,True,True,True,True,True,False,True,True,False,no_development_parent
2584428,15357,284,1036.0,10.0,627,L11-D1-S,Glo,4,112,3449,15107,gdsc:1036:10uM,PLX-4720,2016-05-15T23:00:00Z,2016-05-19T23:00:00Z,SIDM00457,False,SIDM00457,SIDP01023,myeloma,Suspension,R,True,True,True,True,True,True,True,True,True,
2587330,15366,284,1036.0,10.0,627,L11-D1-S,Glo,4,186,2307,15111,gdsc:1036:10uM,PLX-4720,2016-05-15T23:00:00Z,2016-05-19T23:00:00Z,SIDM00502,False,SIDM00502,SIDP00847,lymphoma,Suspension,R,True,True,True,True,True,True,True,True,True,
2589325,15369,284,1036.0,10.0,627,L11-D1-S,Glo,4,371,2978,15113,gdsc:1036:10uM,PLX-4720,2016-05-15T23:00:00Z,2016-05-19T23:00:00Z,SIDM00123,False,SIDM00123,SIDP00727,kidney,Adherent,R,True,True,True,True,True,False,True,True,False,no_development_parent
2591320,15375,284,1036.0,10.0,627,L11-D1-S,Glo,4,603,2318,15115,gdsc:1036:10uM,PLX-4720,2016-05-15T23:00:00Z,2016-05-19T23:00:00Z,SIDM01245,False,SIDM01245,SIDP00391,leukemia,Suspension,R,True,True,True,True,True,False,True,True,False,no_development_parent
2593315,15381,284,1036.0,10.0,627,L11-D1-S,Glo,4,1231,6451,15117,gdsc:1036:10uM,PLX-4720,2016-05-15T23:00:00Z,2016-05-19T23:00:00Z,SIDM00892,False,,,,,,True,False,False,True,True,True,True,True,False,known_annotation;model_identity_match
2595310,15387,284,1036.0,10.0,627,L11-D1-S,Glo,4,1753,2236,15119,gdsc:1036:10uM,PLX-4720,2016-05-15T23:00:00Z,2016-05-19T23:00:00Z,SIDM00931,False,SIDM00931,SIDP00413,thyroid,Adherent,D/F12,True,True,True,True,True,False,True,True,False,no_development_parent
2597305,15390,284,1036.0,10.0,627,L11-D1-S,Glo,4,113,2269,15121,gdsc:1036:10uM,PLX-4720,2016-05-15T23:00:00Z,2016-05-19T23:00:00Z,SIDM00928,False,SIDM00928,SIDP00416,breast,Adherent,D/F12,True,True,True,True,True,True,True,True,True,
2599300,15402,284,1036.0,10.0,627,L11-D1-S,Glo,4,739,2535,15125,gdsc:1036:10uM,PLX-4720,2016-05-15T23:00:00Z,2016-05-19T23:00:00Z,SIDM01228,False,SIDM01228,SIDP00084,skin,Adherent,D/F12,True,True,True,True,True,False,True,True,False,no_development_parent
2601295,15408,284,1036.0,10.0,627,L11-D1-S,Glo,4,1072,2329,15127,gdsc:1036:10uM,PLX-4720,2016-05-15T23:00:00Z,2016-05-19T23:00:00Z,SIDM00143,False,SIDM00143,SIDP00743,lung_SCLC,Adherent,R,True,True,True,True,True,False,True,True,False,no_development_parent
2604197,15429,284,1036.0,10.0,627,L11-D1-S,Glo,4,2139,6390,15131,gdsc:1036:10uM,PLX-4720,2016-05-15T23:00:00Z,2016-05-19T23:00:00Z,SIDM00261,False,SIDM00261,SIDP00641,bone,Adherent,R,True,True,True,True,True,False,True,True,False,no_development_parent
2607099,15613,284,1036.0,10.0,627,L11-D1-S,Glo,4,615,2992,15171,gdsc:1036:10uM,PLX-4720,2016-05-16T23:00:00Z,2016-05-20T23:00:00Z,SIDM00127,False,SIDM00127,SIDP00723,aero_dig_tract,Adherent,R,True,True,True,True,True,True,True,True,True,
2609094,15616,284,1036.0,10.0,627,L11-D1-S,Glo,4,1632,2412,15173,gdsc:1036:10uM,PLX-4720,2016-05-16T23:00:00Z,2016-05-20T23:00:00Z,SIDM01012,False,SIDM01012,SIDP00477,lymphoma,Suspension,R,True,True,True,True,True,True,True,True,True,
2611089,15619,284,1036.0,10.0,627,L11-D1-S,Glo,4,408,3088,15175,gdsc:1036:10uM,PLX-4720,2016-05-16T23:00:00Z,2016-05-20T23:00:00Z,SIDM00313,False,SIDM00313,SIDP00979,lymphoma,Suspension,R,True,True,True,True,True,True,True,True,True,
2613084,15622,284,1036.0,10.0,627,L11-D1-S,Glo,4,709,3093,15177,gdsc:1036:10uM,PLX-4720,2016-05-16T23:00:00Z,2016-05-20T23:00:00Z,SIDM00346,False,SIDM00346,SIDP00983,leukemia,Suspension,R,True,True,True,True,True,True,True,True,True,
2615079,15625,284,1036.0,10.0,627,L11-D1-S,Glo,4,583,3096,15179,gdsc:1036:10uM,PLX-4720,2016-05-16T23:00:00Z,2016-05-20T23:00:00Z,SIDM00549,False,SIDM00549,SIDP00903,leukemia,Suspension,R,True,True,True,True,True,True,True,True,True,
2617074,15628,284,1036.0,10.0,627,L11-D1-S,Glo,4,306,5549,15181,gdsc:1036:10uM,PLX-4720,2016-05-16T23:00:00Z,2016-05-20T23:00:00Z,SIDM00839,False,SIDM00839,SIDP00020,large_intestine,Adherent,D/F12,True,True,True,True,True,False,True,True,False,no_development_parent
2619976,15637,284,1036.0,10.0,627,L11-D1-S,Glo,4,2225,3131,15187,gdsc:1036:10uM,PLX-4720,2016-05-16T23:00:00Z,2016-05-20T23:00:00Z,SIDM00659,False,SIDM00659,SIDP00153,nervous_system,Adherent,D/F12,True,True,True,True,True,True,True,True,True,
2621971,15640,284,1036.0,10.0,627,L11-D1-S,Glo,4,1540,3175,15189,gdsc:1036:10uM,PLX-4720,2016-05-16T23:00:00Z,2016-05-20T23:00:00Z,SIDM00335,False,SIDM00335,SIDP00995,urogenital_system,Adherent,D/F12,True,True,True,True,True,True,True,True,True,
2623966,15643,284,1036.0,10.0,627,L11-D1-S,Glo,4,1541,3195,15191,gdsc:1036:10uM,PLX-4720,2016-05-16T23:00:00Z,2016-05-20T23:00:00Z,SIDM00505,False,SIDM00505,SIDP00820,pancreas,Adherent,D/F12,True,True,True,True,True,True,True,True,True,
2626868,15649,284,1036.0,10.0,627,L11-D1-S,Glo,4,1002,2504,15195,gdsc:1036:10uM,PLX-4720,2016-05-16T23:00:00Z,2016-05-20T23:00:00Z,SIDM00241,False,SIDM00241,SIDP00623,breast,Adherent,D/F12,True,True,True,True,True,True,True,True,True,
2628863,15658,284,1036.0,10.0,627,L11-D1-S,Glo,4,2128,5089,15201,gdsc:1036:10uM,PLX-4720,2016-05-16T23:00:00Z,2016-05-20T23:00:00Z,SIDM00842,False,SIDM00842,SIDP00018,large_intestine,Suspension,R,True,True,True,True,True,False,True,True,False,no_development_parent
2630858,15601,284,1036.0,10.0,627,L11-D1-S,Glo,4,1563,5948,15212,gdsc:1036:10uM,PLX-4720,2016-05-16T23:00:00Z,2016-05-20T23:00:00Z,SIDM00488,False,SIDM00488,SIDP00853,large_intestine,Adherent,D/F12,True,True,True,True,True,False,True,True,False,no_development_parent
2632853,15678,284,1036.0,10.0,627,L11-D1-S,Glo,4,913,3333,15265,gdsc:1036:10uM,PLX-4720,2016-05-18T23:00:00Z,2016-05-22T23:00:00Z,SIDM00501,False,SIDM00501,SIDP00840,aero_dig_tract,Adherent,D/F12,True,True,True,True,True,False,True,True,False,no_development_parent
2634848,15681,284,1036.0,10.0,627,L11-D1-S,Glo,4,2119,3279,15267,gdsc:1036:10uM,PLX-4720,2016-05-18T23:00:00Z,2016-05-22T23:00:00Z,SIDM00658,False,SIDM00658,SIDP00183,lung_NSCLC,Semi-Adherent,D/F12,True,True,True,True,True,True,True,True,True,
2635936,15684,284,1036.0,10.0,627,L11-D1-S,Glo,4,331,2960,15269,gdsc:1036:10uM,PLX-4720,2016-05-18T23:00:00Z,2016-05-22T23:00:00Z,SIDM00600,False,SIDM00600,SIDP00874,thyroid,Semi-Adherent,D/F12,True,True,True,True,True,True,True,True,True,
2637931,15687,284,1036.0,10.0,627,L11-D1-S,Glo,4,303,2673,15271,gdsc:1036:10uM,PLX-4720,2016-05-18T23:00:00Z,2016-05-22T23:00:00Z,SIDM01052,False,SIDM01052,SIDP00440,urogenital_system,Adherent,R,True,True,True,True,True,False,True,True,False,no_development_parent
2639926,15690,284,1036.0,10.0,627,L11-D1-S,Glo,4,1792,2404,15273,gdsc:1036:10uM,PLX-4720,2016-05-18T23:00:00Z,2016-05-22T23:00:00Z,SIDM00306,False,SIDM00306,SIDP00600,lung_NSCLC,Adherent,D/F12,True,True,True,True,True,False,True,True,False,no_development_parent
2641921,15693,284,1036.0,10.0,627,L11-D1-S,Glo,4,1936,2416,15275,gdsc:1036:10uM,PLX-4720,2016-05-18T23:00:00Z,2016-05-22T23:00:00Z,SIDM00613,False,SIDM00613,SIDP00881,nervous_system,Adherent,R,True,True,True,True,True,False,True,True,False,no_development_parent
2643916,15696,284,1036.0,10.0,627,L11-D1-S,Glo,4,1387,2429,15277,gdsc:1036:10uM,PLX-4720,2016-05-18T23:00:00Z,2016-05-22T23:00:00Z,SIDM00555,False,SIDM00555,SIDP00897,nervous_system,Adherent,D/F12,True,True,True,True,True,True,True,True,True,
2645911,15699,284,1036.0,10.0,627,L11-D1-S,Glo,4,2254,2738,15279,gdsc:1036:10uM,PLX-4720,2016-05-18T23:00:00Z,2016-05-22T23:00:00Z,SIDM00520,False,SIDM00520,SIDP00787,lung,Adherent,R,True,True,True,True,True,False,True,True,False,no_development_parent
2647906,15702,284,1036.0,10.0,627,L11-D1-S,Glo,4,854,2430,15281,gdsc:1036:10uM,PLX-4720,2016-05-18T23:00:00Z,2016-05-22T23:00:00Z,SIDM00554,False,SIDM00554,SIDP00898,urogenital_system,Adherent,R,True,True,True,True,True,True,True,True,True,
2650808,15708,284,1036.0,10.0,627,L11-D1-S,Glo,4,1202,2831,15285,gdsc:1036:10uM,PLX-4720,2016-05-18T23:00:00Z,2016-05-22T23:00:00Z,SIDM00806,False,SIDM00806,SIDP00046,bone,Adherent,D/F12,True,True,True,True,True,True,True,True,True,
2652803,15711,284,1036.0,10.0,627,L11-D1-S,Glo,4,1155,2274,15287,gdsc:1036:10uM,PLX-4720,2016-05-18T23:00:00Z,2016-05-22T23:00:00Z,SIDM00976,False,SIDM00976,SIDP00369,skin,Adherent,R,True,True,True,True,True,True,True,True,True,
2654798,15714,284,1036.0,10.0,627,L11-D1-S,Glo,4,347,2983,15289,gdsc:1036:10uM,PLX-4720,2016-05-18T23:00:00Z,2016-05-22T23:00:00Z,SIDM00617,False,SIDM00617,SIDP00877,digestive_system,Adherent,D/F12,True,True,True,True,True,False,True,True,False,no_development_parent
2656793,15717,284,1036.0,10.0,627,L11-D1-S,Glo,4,1508,2724,15291,gdsc:1036:10uM,PLX-4720,2016-05-18T23:00:00Z,2016-05-22T23:00:00Z,SIDM00102,False,SIDM00102,SIDP00778,lung,Adherent,R,True,True,True,True,True,True,True,True,True,
2658788,15723,284,1036.0,10.0,627,L11-D1-S,Glo,4,2221,2252,15293,gdsc:1036:10uM,PLX-4720,2016-05-18T23:00:00Z,2016-05-22T23:00:00Z,SIDM00416,False,SIDM00416,SIDP01062,lymphoma,Suspension,R,True,True,True,True,True,True,True,True,True,
2660783,15729,284,1036.0,10.0,627,L11-D1-S,Glo,4,737,3344,15295,gdsc:1036:10uM,PLX-4720,2016-05-18T23:00:00Z,2016-05-22T23:00:00Z,SIDM00985,False,SIDM00985,SIDP00397,lymphoma,Suspension,R,True,True,True,True,True,False,True,True,False,no_development_parent
2662778,15735,284,1036.0,10.0,627,L11-D1-S,Glo,4,576,2553,15297,gdsc:1036:10uM,PLX-4720,2016-05-18T23:00:00Z,2016-05-22T23:00:00Z,SIDM00347,False,SIDM00347,SIDP00964,aero_dig_tract,Adherent,D/F12,True,True,True,True,True,True,True,True,True,
2664773,15738,284,1036.0,10.0,627,L11-D1-S,Glo,4,1414,2387,15299,gdsc:1036:10uM,PLX-4720,2016-05-18T23:00:00Z,2016-05-22T23:00:00Z,SIDM00274,False,SIDM00274,SIDP00593,digestive_system,Adherent,D/F12,True,True,True,True,True,False,True,True,False,no_development_parent
2666768,15741,284,1036.0,10.0,627,L11-D1-S,Glo,4,1752,2211,15301,gdsc:1036:10uM,PLX-4720,2016-05-18T23:00:00Z,2016-05-22T23:00:00Z,SIDM00324,False,SIDM00324,SIDP00968,neuroblastoma,Adherent,D/F12,True,True,True,True,True,False,True,True,False,no_development_parent
2668763,15747,284,1036.0,10.0,627,L11-D1-S,Glo,4,1192,2395,15305,gdsc:1036:10uM,PLX-4720,2016-05-18T23:00:00Z,2016-05-22T23:00:00Z,SIDM00289,False,SIDM00289,SIDP00596,leukemia,Suspension,R,True,True,True,True,True,False,True,True,False,no_development_parent
2670758,15750,284,1036.0,10.0,627,L11-D1-S,Glo,4,2224,3090,15307,gdsc:1036:10uM,PLX-4720,2016-05-18T23:00:00Z,2016-05-22T23:00:00Z,SIDM00312,False,SIDM00312,SIDP00980,myeloma,Suspension,R,True,True,True,True,True,True,True,True,True,
2699491,15800,284,1036.0,10.0,627,L11-D1-S,Glo,4,453,2341,15405,gdsc:1036:10uM,PLX-4720,2016-05-22T23:00:00Z,2016-05-26T23:00:00Z,SIDM00732,False,SIDM00732,SIDP00505,nervous_system,Adherent,D/F12,True,True,True,True,True,False,True,True,False,no_development_parent
2700579,15806,284,1036.0,10.0,627,L11-D1-S,Glo,4,1318,2782,15406,gdsc:1036:10uM,PLX-4720,2016-05-22T23:00:00Z,2016-05-26T23:00:00Z,SIDM00675,False,SIDM00675,SIDP00119,breast,Adherent,R,True,True,True,True,True,False,True,True,False,no_development_parent
2702574,15809,284,1036.0,10.0,627,L11-D1-S,Glo,4,1510,2793,15408,gdsc:1036:10uM,PLX-4720,2016-05-22T23:00:00Z,2016-05-26T23:00:00Z,SIDM01064,False,SIDM01064,SIDP00464,lymphoma,Suspension,R,True,True,True,True,True,True,True,True,True,
2704569,15812,284,1036.0,10.0,627,L11-D1-S,Glo,4,2067,2453,15410,gdsc:1036:10uM,PLX-4720,2016-05-22T23:00:00Z,2016-05-26T23:00:00Z,SIDM00292,False,SIDM00292,SIDP00612,lung_SCLC,Suspension,R,True,True,True,True,True,True,True,True,True,
2706564,15815,284,1036.0,10.0,627,L11-D1-S,Glo,4,427,3164,15412,gdsc:1036:10uM,PLX-4720,2016-05-22T23:00:00Z,2016-05-26T23:00:00Z,SIDM00338,False,SIDM00338,SIDP00992,leukemia,Suspension,R,True,True,True,True,True,True,True,True,True,
2708559,15818,284,1036.0,10.0,627,L11-D1-S,Glo,4,1177,2463,15414,gdsc:1036:10uM,PLX-4720,2016-05-22T23:00:00Z,2016-05-26T23:00:00Z,SIDM00438,False,SIDM00438,SIDP01006,leukemia,Suspension,D/F12,True,True,True,True,True,True,True,True,True,
2710554,15821,284,1036.0,10.0,627,L11-D1-S,Glo,4,1585,3257,15416,gdsc:1036:10uM,PLX-4720,2016-05-22T23:00:00Z,2016-05-26T23:00:00Z,SIDM00244,False,SIDM00244,SIDP00620,neuroblastoma,Adherent,D/F12,True,True,True,True,True,True,True,True,True,
2712549,15824,284,1036.0,10.0,627,L11-D1-S,Glo,4,2122,3306,15418,gdsc:1036:10uM,PLX-4720,2016-05-22T23:00:00Z,2016-05-26T23:00:00Z,SIDM00771,False,SIDM00771,SIDP00203,lung_NSCLC,Adherent,R,True,True,True,True,True,True,True,True,True,
2714544,15827,284,1036.0,10.0,627,L11-D1-S,Glo,4,1266,3328,15420,gdsc:1036:10uM,PLX-4720,2016-05-22T23:00:00Z,2016-05-26T23:00:00Z,SIDM00753,False,SIDM00753,SIDP00217,lung_NSCLC,Adherent,R,True,True,True,True,True,True,True,True,True,
2716539,15830,284,1036.0,10.0,627,L11-D1-S,Glo,4,1199,2732,15422,gdsc:1036:10uM,PLX-4720,2016-05-22T23:00:00Z,2016-05-26T23:00:00Z,SIDM00720,False,SIDM00720,SIDP00244,lung,Adherent,R,True,True,True,True,True,True,True,True,True,
2718534,15833,284,1036.0,10.0,627,L11-D1-S,Glo,4,1372,3408,15424,gdsc:1036:10uM,PLX-4720,2016-05-22T23:00:00Z,2016-05-26T23:00:00Z,SIDM01134,False,SIDM01134,SIDP00269,lung_SCLC,Adherent,D/F12,True,True,True,True,True,False,True,True,False,no_development_parent
2720529,15836,284,1036.0,10.0,627,L11-D1-S,Glo,4,1327,3460,15426,gdsc:1036:10uM,PLX-4720,2016-05-22T23:00:00Z,2016-05-26T23:00:00Z,SIDM01141,False,SIDM01141,SIDP00278,urogenital_system,Adherent,D/F12,True,True,True,True,True,True,True,True,True,
2722524,15839,284,1036.0,10.0,627,L11-D1-S,Glo,4,1858,3461,15428,gdsc:1036:10uM,PLX-4720,2016-05-22T23:00:00Z,2016-05-26T23:00:00Z,SIDM00091,False,SIDM00091,SIDP00754,urogenital_system,Adherent,R,True,True,True,True,True,True,True,True,True,
2723612,15847,284,1036.0,10.0,627,L11-D1-S,Glo,4,874,2098,15431,gdsc:1036:10uM,PLX-4720,2016-05-22T23:00:00Z,2016-05-26T23:00:00Z,SIDM01110,False,SIDM01110,SIDP00307,digestive_system,Adherent,D/F12,True,True,True,True,True,False,True,True,False,no_development_parent
2724700,15850,284,1036.0,10.0,627,L11-D1-S,Glo,4,791,2116,15433,gdsc:1036:10uM,PLX-4720,2016-05-22T23:00:00Z,2016-05-26T23:00:00Z,SIDM00377,False,SIDM00377,SIDP00955,urogenital_system,Adherent,D/F12,True,True,True,True,True,False,True,True,False,no_development_parent
2726695,15853,284,1036.0,10.0,627,L11-D1-S,Glo,4,725,2532,15435,gdsc:1036:10uM,PLX-4720,2016-05-22T23:00:00Z,2016-05-26T23:00:00Z,SIDM01113,False,SIDM01113,SIDP00320,soft_tissue,Adherent,D/F12,True,True,True,True,True,True,True,True,True,
2728690,15856,284,1036.0,10.0,627,L11-D1-S,Glo,4,156,2128,15437,gdsc:1036:10uM,PLX-4720,2016-05-22T23:00:00Z,2016-05-26T23:00:00Z,SIDM00094,False,SIDM00094,SIDP00766,kidney,Adherent,D/F12,True,True,True,True,True,False,True,True,False,no_development_parent
2730685,15859,284,1036.0,10.0,627,L11-D1-S,Glo,4,2,2178,15439,gdsc:1036:10uM,PLX-4720,2016-05-22T23:00:00Z,2016-05-26T23:00:00Z,SIDM00420,False,SIDM00420,SIDP01057,urogenital_system,Adherent,D/F12,True,True,True,True,True,True,True,True,True,
2732680,15862,284,1036.0,10.0,627,L11-D1-S,Glo,4,1559,2539,15441,gdsc:1036:10uM,PLX-4720,2016-05-22T23:00:00Z,2016-05-26T23:00:00Z,SIDM01175,False,SIDM01175,SIDP00341,soft_tissue,Adherent,D/F12,True,True,True,True,True,True,True,True,True,
2734675,15865,284,1036.0,10.0,627,L11-D1-S,Glo,4,1560,2543,15443,gdsc:1036:10uM,PLX-4720,2016-05-22T23:00:00Z,2016-05-26T23:00:00Z,SIDM01161,False,SIDM01161,SIDP00348,soft_tissue,Adherent,D/F12,True,True,True,True,True,True,True,True,True,
2736670,15869,284,1036.0,10.0,627,L11-D1-S,Glo,4,2170,3181,15445,gdsc:1036:10uM,PLX-4720,2016-05-22T23:00:00Z,2016-05-26T23:00:00Z,SIDM00525,False,SIDM00525,SIDP00819,bone,Adherent,D/F12,True,True,True,True,True,True,True,True,True,
2738665,15872,284,1036.0,10.0,627,L11-D1-S,Glo,4,607,5950,15447,gdsc:1036:10uM,PLX-4720,2016-05-22T23:00:00Z,2016-05-26T23:00:00Z,SIDM01090,False,SIDM01090,SIDP00289,large_intestine,Adherent,D/F12,True,True,True,True,True,False,True,True,False,no_development_parent
2500023,15231,284,1060.0,0.25,1108,R2-D1-S,Glo,4,1212,5530,14909,gdsc:1060:0.25uM,PD0325901,2016-05-11T23:00:00Z,2016-05-15T23:00:00Z,SIDM00136,False,SIDM00136,SIDP00736,large_intestine,Adherent,R,True,True,True,True,True,False,True,True,False,no_development_parent
2501111,15232,284,1060.0,0.25,1108,R2-D1-S,Glo,4,1212,5530,14910,gdsc:1060:0.25uM,PD0325901,2016-05-11T23:00:00Z,2016-05-15T23:00:00Z,SIDM00136,False,SIDM00136,SIDP00736,large_intestine,Adherent,R,True,True,True,True,True,False,True,True,False,no_development_parent
2504920,15237,284,1060.0,0.25,1108,R2-D1-S,Glo,4,339,5947,14914,gdsc:1060:0.25uM,PD0325901,2016-05-11T23:00:00Z,2016-05-15T23:00:00Z,SIDM00386,False,SIDM00386,SIDP01001,bone,Adherent,R,True,True,True,True,True,False,True,True,False,no_development_parent
2506008,15238,284,1060.0,0.25,1108,R2-D1-S,Glo,4,339,5947,14915,gdsc:1060:0.25uM,PD0325901,2016-05-11T23:00:00Z,2016-05-15T23:00:00Z,SIDM00386,False,SIDM00386,SIDP01001,bone,Adherent,R,True,True,True,True,True,False,True,True,False,no_development_parent
2507096,15239,284,1060.0,0.25,1108,R2-D1-S,Glo,4,339,5947,14916,gdsc:1060:0.25uM,PD0325901,2016-05-11T23:00:00Z,2016-05-15T23:00:00Z,SIDM00386,False,SIDM00386,SIDP01001,bone,Adherent,R,True,True,True,True,True,False,True,True,False,no_development_parent
2510905,15244,284,1060.0,0.25,1108,R2-D1-S,Glo,4,198,4712,14920,gdsc:1060:0.25uM,PD0325901,2016-05-11T23:00:00Z,2016-05-15T23:00:00Z,SIDM00237,False,SIDM00237,SIDP00627,lung_NSCLC,Adherent,R,True,True,True,True,True,False,True,True,False,no_development_parent
2511993,15245,284,1060.0,0.25,1108,R2-D1-S,Glo,4,198,4712,14921,gdsc:1060:0.25uM,PD0325901,2016-05-11T23:00:00Z,2016-05-15T23:00:00Z,SIDM00237,False,SIDM00237,SIDP00627,lung_NSCLC,Adherent,R,True,True,True,True,True,False,True,True,False,no_development_parent
2513081,15246,284,1060.0,0.25,1108,R2-D1-S,Glo,4,198,4712,14922,gdsc:1060:0.25uM,PD0325901,2016-05-11T23:00:00Z,2016-05-15T23:00:00Z,SIDM00237,False,SIDM00237,SIDP00627,lung_NSCLC,Adherent,R,True,True,True,True,True,False,True,True,False,no_development_parent
2516890,15251,284,1060.0,0.25,1108,R2-D1-S,Glo,4,37,2536,14926,gdsc:1060:0.25uM,PD0325901,2016-05-11T23:00:00Z,2016-05-15T23:00:00Z,SIDM00781,False,SIDM00781,SIDP00035,large_intestine,Adherent,R,True,True,True,True,True,False,True,True,False,no_development_parent
2517978,15252,284,1060.0,0.25,1108,R2-D1-S,Glo,4,37,2536,14927,gdsc:1060:0.25uM,PD0325901,2016-05-11T23:00:00Z,2016-05-15T23:00:00Z,SIDM00781,False,SIDM00781,SIDP00035,large_intestine,Adherent,R,True,True,True,True,True,False,True,True,False,no_development_parent
2519066,15253,284,1060.0,0.25,1108,R2-D1-S,Glo,4,37,2536,14928,gdsc:1060:0.25uM,PD0325901,2016-05-11T23:00:00Z,2016-05-15T23:00:00Z,SIDM00781,False,SIDM00781,SIDP00035,large_intestine,Adherent,R,True,True,True,True,True,False,True,True,False,no_development_parent
2522875,15258,284,1060.0,0.25,1108,R2-D1-S,Glo,4,3,5529,14932,gdsc:1060:0.25uM,PD0325901,2016-05-11T23:00:00Z,2016-05-15T23:00:00Z,SIDM00841,False,SIDM00841,SIDP00019,large_intestine,Adherent,D/F12,True,True,True,True,True,False,True,True,False,no_development_parent
2523963,15259,284,1060.0,0.25,1108,R2-D1-S,Glo,4,3,5529,14933,gdsc:1060:0.25uM,PD0325901,2016-05-11T23:00:00Z,2016-05-15T23:00:00Z,SIDM00841,False,SIDM00841,SIDP00019,large_intestine,Adherent,D/F12,True,True,True,True,True,False,True,True,False,no_development_parent
2525051,15260,284,1060.0,0.25,1108,R2-D1-S,Glo,4,3,5529,14934,gdsc:1060:0.25uM,PD0325901,2016-05-11T23:00:00Z,2016-05-15T23:00:00Z,SIDM00841,False,SIDM00841,SIDP00019,large_intestine,Adherent,D/F12,True,True,True,True,True,False,True,True,False,no_development_parent
2528860,15265,284,1060.0,0.25,1108,R2-D1-S,Glo,4,1145,5512,14938,gdsc:1060:0.25uM,PD0325901,2016-05-11T23:00:00Z,2016-05-15T23:00:00Z,SIDM01191,False,SIDM01191,SIDP00358,bone,Adherent,R,True,True,True,True,True,False,True,True,False,no_development_parent
2529948,15266,284,1060.0,0.25,1108,R2-D1-S,Glo,4,1145,5512,14939,gdsc:1060:0.25uM,PD0325901,2016-05-11T23:00:00Z,2016-05-15T23:00:00Z,SIDM01191,False,SIDM01191,SIDP00358,bone,Adherent,R,True,True,True,True,True,False,True,True,False,no_development_parent
2531036,15267,284,1060.0,0.25,1108,R2-D1-S,Glo,4,1145,5512,14940,gdsc:1060:0.25uM,PD0325901,2016-05-11T23:00:00Z,2016-05-15T23:00:00Z,SIDM01191,False,SIDM01191,SIDP00358,bone,Adherent,R,True,True,True,True,True,False,True,True,False,no_development_parent
2534845,15272,284,1060.0,0.25,1108,R2-D1-S,Glo,4,921,5233,14944,gdsc:1060:0.25uM,PD0325901,2016-05-11T23:00:00Z,2016-05-15T23:00:00Z,SIDM00332,False,SIDM00332,SIDP00998,breast,Adherent,D/F12,True,True,True,True,True,False,True,True,False,no_development_parent
2535933,15273,284,1060.0,0.25,1108,R2-D1-S,Glo,4,921,5233,14945,gdsc:1060:0.25uM,PD0325901,2016-05-11T23:00:00Z,2016-05-15T23:00:00Z,SIDM00332,False,SIDM00332,SIDP00998,breast,Adherent,D/F12,True,True,True,True,True,False,True,True,False,no_development_parent
2537021,15274,284,1060.0,0.25,1108,R2-D1-S,Glo,4,921,5233,14946,gdsc:1060:0.25uM,PD0325901,2016-05-11T23:00:00Z,2016-05-15T23:00:00Z,SIDM00332,False,SIDM00332,SIDP00998,breast,Adherent,D/F12,True,True,True,True,True,False,True,True,False,no_development_parent
2540830,15202,284,1060.0,0.25,1108,R2-D1-S,Glo,4,953,6231,14950,gdsc:1060:0.25uM,PD0325901,2016-05-11T23:00:00Z,2016-05-15T23:00:00Z,SIDM00795,False,SIDM00795,SIDP00054,skin,Adherent,D/F12,True,True,True,True,True,False,True,True,False,no_development_parent
2543732,15294,284,1060.0,0.25,1108,R2-D1-S,Glo,4,71,6369,14968,gdsc:1060:0.25uM,PD0325901,2016-05-12T23:00:00Z,2016-05-16T23:00:00Z,SIDM00269,False,SIDM00269,SIDP00640,bone,Adherent,R,True,True,True,True,True,False,True,True,False,no_development_parent
2545727,15300,284,1060.0,0.25,1108,R2-D1-S,Glo,4,311,2823,14970,gdsc:1060:0.25uM,PD0325901,2016-05-12T23:00:00Z,2016-05-16T23:00:00Z,SIDM00064,False,SIDM00064,SIDP00679,digestive_system,Adherent,D/F12,True,True,True,True,True,True,True,True,True,
2547722,15303,284,1060.0,0.25,1108,R2-D1-S,Glo,4,225,3034,14972,gdsc:1060:0.25uM,PD0325901,2016-05-12T23:00:00Z,2016-05-16T23:00:00Z,SIDM01009,False,SIDM01009,SIDP00487,neuroblastoma,Adherent,R,True,True,True,True,True,False,True,True,False,no_development_parent
2549717,15306,284,1060.0,0.25,1108,R2-D1-S,Glo,4,217,2418,14974,gdsc:1060:0.25uM,PD0325901,2016-05-12T23:00:00Z,2016-05-16T23:00:00Z,SIDM00612,False,SIDM00612,SIDP00882,nervous_system,Adherent,R,True,True,True,True,True,True,True,True,True,
2551712,15309,284,1060.0,0.25,1108,R2-D1-S,Glo,4,155,3061,14976,gdsc:1060:0.25uM,PD0325901,2016-05-12T23:00:00Z,2016-05-16T23:00:00Z,SIDM00571,False,SIDM00571,SIDP00894,pancreas,Adherent,R,True,True,True,True,True,False,True,True,False,no_development_parent
2553707,15324,284,1060.0,0.25,1108,R2-D1-S,Glo,4,1647,3199,14978,gdsc:1060:0.25uM,PD0325901,2016-05-12T23:00:00Z,2016-05-16T23:00:00Z,SIDM00271,False,SIDM00271,SIDP00615,digestive_system,Adherent,R,True,True,True,True,True,True,True,True,True,
2555702,15342,284,1060.0,0.25,1108,R2-D1-S,Glo,4,215,2473,14982,gdsc:1060:0.25uM,PD0325901,2016-05-12T23:00:00Z,2016-05-16T23:00:00Z,SIDM00257,False,SIDM00257,SIDP00644,neuroblastoma,Adherent,D/F12,True,True,True,True,True,True,True,True,True,
2557697,15345,284,1060.0,0.25,1108,R2-D1-S,Glo,4,1861,2479,14984,gdsc:1060:0.25uM,PD0325901,2016-05-12T23:00:00Z,2016-05-16T23:00:00Z,SIDM00156,False,SIDM00156,SIDP00649,neuroblastoma,Adherent,D/F12,True,True,True,True,True,True,True,True,True,
2559692,15348,284,1060.0,0.25,1108,R2-D1-S,Glo,4,78,3325,14986,gdsc:1060:0.25uM,PD0325901,2016-05-12T23:00:00Z,2016-05-16T23:00:00Z,SIDM00758,False,SIDM00758,SIDP00215,lung_NSCLC,Adherent,R,True,True,True,True,True,True,True,True,True,
2561687,15354,284,1060.0,0.25,1108,R2-D1-S,Glo,4,478,5234,14988,gdsc:1060:0.25uM,PD0325901,2016-05-12T23:00:00Z,2016-05-16T23:00:00Z,SIDM00569,False,SIDM00569,SIDP00922,bone,Adherent,D/F12,True,True,True,True,True,True,True,True,True,
2562775,15288,284,1060.0,0.25,1108,R2-D1-S,Glo,4,1978,3477,15085,gdsc:1060:0.25uM,PD0325901,2016-05-15T23:00:00Z,2016-05-19T23:00:00Z,SIDM00132,False,SIDM00132,SIDP00718,pancreas,Adherent,R,True,True,True,True,True,False,True,True,False,no_development_parent
2564770,15291,284,1060.0,0.25,1108,R2-D1-S,Glo,4,292,2621,15087,gdsc:1060:0.25uM,PD0325901,2016-05-15T23:00:00Z,2016-05-19T23:00:00Z,SIDM00953,False,SIDM00953,SIDP00428,lung_SCLC,Suspension,R,True,True,True,True,True,False,True,True,False,no_development_parent
2566765,15297,284,1060.0,0.25,1108,R2-D1-S,Glo,4,1174,2706,15089,gdsc:1060:0.25uM,PD0325901,2016-05-15T23:00:00Z,2016-05-19T23:00:00Z,SIDM01055,False,SIDM01055,SIDP00452,nervous_system,Adherent,D/F12,True,True,True,True,True,False,True,True,False,no_development_parent
2568760,15315,284,1060.0,0.25,1108,R2-D1-S,Glo,4,651,3092,15091,gdsc:1060:0.25uM,PD0325901,2016-05-15T23:00:00Z,2016-05-19T23:00:00Z,SIDM00329,False,SIDM00329,SIDP00982,lymphoma,Suspension,R,True,True,True,True,True,True,True,True,True,
2570755,15318,284,1060.0,0.25,1108,R2-D1-S,Glo,4,1502,3097,15093,gdsc:1060:0.25uM,PD0325901,2016-05-15T23:00:00Z,2016-05-19T23:00:00Z,SIDM00345,False,SIDM00345,SIDP00985,lung_NSCLC,Adherent,R,True,True,True,True,True,True,True,True,True,
2572750,15321,284,1060.0,0.25,1108,R2-D1-S,Glo,4,1645,3108,15095,gdsc:1060:0.25uM,PD0325901,2016-05-15T23:00:00Z,2016-05-19T23:00:00Z,SIDM00342,False,SIDM00342,SIDP00988,leukemia,Suspension,R,True,True,True,True,True,True,True,True,True,
2574745,15327,284,1060.0,0.25,1108,R2-D1-S,Glo,4,2227,3225,15097,gdsc:1060:0.25uM,PD0325901,2016-05-15T23:00:00Z,2016-05-19T23:00:00Z,SIDM00145,False,SIDM00145,SIDP00742,leukemia,Suspension,R,True,True,True,True,True,True,True,True,True,
2576740,15330,284,1060.0,0.25,1108,R2-D1-S,Glo,4,1032,2464,15099,gdsc:1060:0.25uM,PD0325901,2016-05-15T23:00:00Z,2016-05-19T23:00:00Z,SIDM00623,False,SIDM00623,SIDP00166,leukemia,Suspension,D/F12,True,True,True,True,True,True,True,True,True,
2578735,15336,284,1060.0,0.25,1108,R2-D1-S,Glo,4,973,4053,15101,gdsc:1060:0.25uM,PD0325901,2016-05-15T23:00:00Z,2016-05-19T23:00:00Z,SIDM00429,False,SIDM00429,SIDP01012,leukemia,Suspension,R,True,True,True,True,True,True,True,True,True,
2580730,15339,284,1060.0,0.25,1108,R2-D1-S,Glo,4,669,3248,15103,gdsc:1060:0.25uM,PD0325901,2016-05-15T23:00:00Z,2016-05-19T23:00:00Z,SIDM00641,False,SIDM00641,SIDP00170,lymphoma,Suspension,R,True,True,True,True,True,True,True,True,True,
2582725,15351,284,1060.0,0.25,1108,R2-D1-S,Glo,4,297,2499,15105,gdsc:1060:0.25uM,PD0325901,2016-05-15T23:00:00Z,2016-05-19T23:00:00Z,SIDM00580,False,SIDM00580,SIDP00919,leukemia,Suspension,R,True,True,True,True,True,False,True,True,False,no_development_parent
2584720,15357,284,1060.0,0.25,1108,R2-D1-S,Glo,4,112,3449,15107,gdsc:1060:0.25uM,PD0325901,2016-05-15T23:00:00Z,2016-05-19T23:00:00Z,SIDM00457,False,SIDM00457,SIDP01023,myeloma,Suspension,R,True,True,True,True,True,True,True,True,True,
2587622,15366,284,1060.0,0.25,1108,R2-D1-S,Glo,4,186,2307,15111,gdsc:1060:0.25uM,PD0325901,2016-05-15T23:00:00Z,2016-05-19T23:00:00Z,SIDM00502,False,SIDM00502,SIDP00847,lymphoma,Suspension,R,True,True,True,True,True,True,True,True,True,
2589617,15369,284,1060.0,0.25,1108,R2-D1-S,Glo,4,371,2978,15113,gdsc:1060:0.25uM,PD0325901,2016-05-15T23:00:00Z,2016-05-19T23:00:00Z,SIDM00123,False,SIDM00123,SIDP00727,kidney,Adherent,R,True,True,True,True,True,False,True,True,False,no_development_parent
2591612,15375,284,1060.0,0.25,1108,R2-D1-S,Glo,4,603,2318,15115,gdsc:1060:0.25uM,PD0325901,2016-05-15T23:00:00Z,2016-05-19T23:00:00Z,SIDM01245,False,SIDM01245,SIDP00391,leukemia,Suspension,R,True,True,True,True,True,False,True,True,False,no_development_parent
2593607,15381,284,1060.0,0.25,1108,R2-D1-S,Glo,4,1231,6451,15117,gdsc:1060:0.25uM,PD0325901,2016-05-15T23:00:00Z,2016-05-19T23:00:00Z,SIDM00892,False,,,,,,True,False,False,True,True,True,True,True,False,known_annotation;model_identity_match
2595602,15387,284,1060.0,0.25,1108,R2-D1-S,Glo,4,1753,2236,15119,gdsc:1060:0.25uM,PD0325901,2016-05-15T23:00:00Z,2016-05-19T23:00:00Z,SIDM00931,False,SIDM00931,SIDP00413,thyroid,Adherent,D/F12,True,True,True,True,True,False,True,True,False,no_development_parent
2597597,15390,284,1060.0,0.25,1108,R2-D1-S,Glo,4,113,2269,15121,gdsc:1060:0.25uM,PD0325901,2016-05-15T23:00:00Z,2016-05-19T23:00:00Z,SIDM00928,False,SIDM00928,SIDP00416,breast,Adherent,D/F12,True,True,True,True,True,True,True,True,True,
2599592,15402,284,1060.0,0.25,1108,R2-D1-S,Glo,4,739,2535,15125,gdsc:1060:0.25uM,PD0325901,2016-05-15T23:00:00Z,2016-05-19T23:00:00Z,SIDM01228,False,SIDM01228,SIDP00084,skin,Adherent,D/F12,True,True,True,True,True,False,True,True,False,no_development_parent
2601587,15408,284,1060.0,0.25,1108,R2-D1-S,Glo,4,1072,2329,15127,gdsc:1060:0.25uM,PD0325901,2016-05-15T23:00:00Z,2016-05-19T23:00:00Z,SIDM00143,False,SIDM00143,SIDP00743,lung_SCLC,Adherent,R,True,True,True,True,True,False,True,True,False,no_development_parent
2604489,15429,284,1060.0,0.25,1108,R2-D1-S,Glo,4,2139,6390,15131,gdsc:1060:0.25uM,PD0325901,2016-05-15T23:00:00Z,2016-05-19T23:00:00Z,SIDM00261,False,SIDM00261,SIDP00641,bone,Adherent,R,True,True,True,True,True,False,True,True,False,no_development_parent
2607391,15613,284,1060.0,0.25,1108,R2-D1-S,Glo,4,615,2992,15171,gdsc:1060:0.25uM,PD0325901,2016-05-16T23:00:00Z,2016-05-20T23:00:00Z,SIDM00127,False,SIDM00127,SIDP00723,aero_dig_tract,Adherent,R,True,True,True,True,True,True,True,True,True,
2609386,15616,284,1060.0,0.25,1108,R2-D1-S,Glo,4,1632,2412,15173,gdsc:1060:0.25uM,PD0325901,2016-05-16T23:00:00Z,2016-05-20T23:00:00Z,SIDM01012,False,SIDM01012,SIDP00477,lymphoma,Suspension,R,True,True,True,True,True,True,True,True,True,
2611381,15619,284,1060.0,0.25,1108,R2-D1-S,Glo,4,408,3088,15175,gdsc:1060:0.25uM,PD0325901,2016-05-16T23:00:00Z,2016-05-20T23:00:00Z,SIDM00313,False,SIDM00313,SIDP00979,lymphoma,Suspension,R,True,True,True,True,True,True,True,True,True,
2613376,15622,284,1060.0,0.25,1108,R2-D1-S,Glo,4,709,3093,15177,gdsc:1060:0.25uM,PD0325901,2016-05-16T23:00:00Z,2016-05-20T23:00:00Z,SIDM00346,False,SIDM00346,SIDP00983,leukemia,Suspension,R,True,True,True,True,True,True,True,True,True,
2615371,15625,284,1060.0,0.25,1108,R2-D1-S,Glo,4,583,3096,15179,gdsc:1060:0.25uM,PD0325901,2016-05-16T23:00:00Z,2016-05-20T23:00:00Z,SIDM00549,False,SIDM00549,SIDP00903,leukemia,Suspension,R,True,True,True,True,True,True,True,True,True,
2617366,15628,284,1060.0,0.25,1108,R2-D1-S,Glo,4,306,5549,15181,gdsc:1060:0.25uM,PD0325901,2016-05-16T23:00:00Z,2016-05-20T23:00:00Z,SIDM00839,False,SIDM00839,SIDP00020,large_intestine,Adherent,D/F12,True,True,True,True,True,False,True,True,False,no_development_parent
2620268,15637,284,1060.0,0.25,1108,R2-D1-S,Glo,4,2225,3131,15187,gdsc:1060:0.25uM,PD0325901,2016-05-16T23:00:00Z,2016-05-20T23:00:00Z,SIDM00659,False,SIDM00659,SIDP00153,nervous_system,Adherent,D/F12,True,True,True,True,True,True,True,True,True,
2622263,15640,284,1060.0,0.25,1108,R2-D1-S,Glo,4,1540,3175,15189,gdsc:1060:0.25uM,PD0325901,2016-05-16T23:00:00Z,2016-05-20T23:00:00Z,SIDM00335,False,SIDM00335,SIDP00995,urogenital_system,Adherent,D/F12,True,True,True,True,True,True,True,True,True,
2624258,15643,284,1060.0,0.25,1108,R2-D1-S,Glo,4,1541,3195,15191,gdsc:1060:0.25uM,PD0325901,2016-05-16T23:00:00Z,2016-05-20T23:00:00Z,SIDM00505,False,SIDM00505,SIDP00820,pancreas,Adherent,D/F12,True,True,True,True,True,True,True,True,True,
2627160,15649,284,1060.0,0.25,1108,R2-D1-S,Glo,4,1002,2504,15195,gdsc:1060:0.25uM,PD0325901,2016-05-16T23:00:00Z,2016-05-20T23:00:00Z,SIDM00241,False,SIDM00241,SIDP00623,breast,Adherent,D/F12,True,True,True,True,True,True,True,True,True,
2629155,15658,284,1060.0,0.25,1108,R2-D1-S,Glo,4,2128,5089,15201,gdsc:1060:0.25uM,PD0325901,2016-05-16T23:00:00Z,2016-05-20T23:00:00Z,SIDM00842,False,SIDM00842,SIDP00018,large_intestine,Suspension,R,True,True,True,True,True,False,True,True,False,no_development_parent
2631150,15601,284,1060.0,0.25,1108,R2-D1-S,Glo,4,1563,5948,15212,gdsc:1060:0.25uM,PD0325901,2016-05-16T23:00:00Z,2016-05-20T23:00:00Z,SIDM00488,False,SIDM00488,SIDP00853,large_intestine,Adherent,D/F12,True,True,True,True,True,False,True,True,False,no_development_parent
2633145,15678,284,1060.0,0.25,1108,R2-D1-S,Glo,4,913,3333,15265,gdsc:1060:0.25uM,PD0325901,2016-05-18T23:00:00Z,2016-05-22T23:00:00Z,SIDM00501,False,SIDM00501,SIDP00840,aero_dig_tract,Adherent,D/F12,True,True,True,True,True,False,True,True,False,no_development_parent
2635140,15681,284,1060.0,0.25,1108,R2-D1-S,Glo,4,2119,3279,15267,gdsc:1060:0.25uM,PD0325901,2016-05-18T23:00:00Z,2016-05-22T23:00:00Z,SIDM00658,False,SIDM00658,SIDP00183,lung_NSCLC,Semi-Adherent,D/F12,True,True,True,True,True,True,True,True,True,
2636228,15684,284,1060.0,0.25,1108,R2-D1-S,Glo,4,331,2960,15269,gdsc:1060:0.25uM,PD0325901,2016-05-18T23:00:00Z,2016-05-22T23:00:00Z,SIDM00600,False,SIDM00600,SIDP00874,thyroid,Semi-Adherent,D/F12,True,True,True,True,True,True,True,True,True,
2638223,15687,284,1060.0,0.25,1108,R2-D1-S,Glo,4,303,2673,15271,gdsc:1060:0.25uM,PD0325901,2016-05-18T23:00:00Z,2016-05-22T23:00:00Z,SIDM01052,False,SIDM01052,SIDP00440,urogenital_system,Adherent,R,True,True,True,True,True,False,True,True,False,no_development_parent
2640218,15690,284,1060.0,0.25,1108,R2-D1-S,Glo,4,1792,2404,15273,gdsc:1060:0.25uM,PD0325901,2016-05-18T23:00:00Z,2016-05-22T23:00:00Z,SIDM00306,False,SIDM00306,SIDP00600,lung_NSCLC,Adherent,D/F12,True,True,True,True,True,False,True,True,False,no_development_parent
2642213,15693,284,1060.0,0.25,1108,R2-D1-S,Glo,4,1936,2416,15275,gdsc:1060:0.25uM,PD0325901,2016-05-18T23:00:00Z,2016-05-22T23:00:00Z,SIDM00613,False,SIDM00613,SIDP00881,nervous_system,Adherent,R,True,True,True,True,True,False,True,True,False,no_development_parent
2644208,15696,284,1060.0,0.25,1108,R2-D1-S,Glo,4,1387,2429,15277,gdsc:1060:0.25uM,PD0325901,2016-05-18T23:00:00Z,2016-05-22T23:00:00Z,SIDM00555,False,SIDM00555,SIDP00897,nervous_system,Adherent,D/F12,True,True,True,True,True,True,True,True,True,
2646203,15699,284,1060.0,0.25,1108,R2-D1-S,Glo,4,2254,2738,15279,gdsc:1060:0.25uM,PD0325901,2016-05-18T23:00:00Z,2016-05-22T23:00:00Z,SIDM00520,False,SIDM00520,SIDP00787,lung,Adherent,R,True,True,True,True,True,False,True,True,False,no_development_parent
2648198,15702,284,1060.0,0.25,1108,R2-D1-S,Glo,4,854,2430,15281,gdsc:1060:0.25uM,PD0325901,2016-05-18T23:00:00Z,2016-05-22T23:00:00Z,SIDM00554,False,SIDM00554,SIDP00898,urogenital_system,Adherent,R,True,True,True,True,True,True,True,True,True,
2651100,15708,284,1060.0,0.25,1108,R2-D1-S,Glo,4,1202,2831,15285,gdsc:1060:0.25uM,PD0325901,2016-05-18T23:00:00Z,2016-05-22T23:00:00Z,SIDM00806,False,SIDM00806,SIDP00046,bone,Adherent,D/F12,True,True,True,True,True,True,True,True,True,
2653095,15711,284,1060.0,0.25,1108,R2-D1-S,Glo,4,1155,2274,15287,gdsc:1060:0.25uM,PD0325901,2016-05-18T23:00:00Z,2016-05-22T23:00:00Z,SIDM00976,False,SIDM00976,SIDP00369,skin,Adherent,R,True,True,True,True,True,True,True,True,True,
2655090,15714,284,1060.0,0.25,1108,R2-D1-S,Glo,4,347,2983,15289,gdsc:1060:0.25uM,PD0325901,2016-05-18T23:00:00Z,2016-05-22T23:00:00Z,SIDM00617,False,SIDM00617,SIDP00877,digestive_system,Adherent,D/F12,True,True,True,True,True,False,True,True,False,no_development_parent
2657085,15717,284,1060.0,0.25,1108,R2-D1-S,Glo,4,1508,2724,15291,gdsc:1060:0.25uM,PD0325901,2016-05-18T23:00:00Z,2016-05-22T23:00:00Z,SIDM00102,False,SIDM00102,SIDP00778,lung,Adherent,R,True,True,True,True,True,True,True,True,True,
2659080,15723,284,1060.0,0.25,1108,R2-D1-S,Glo,4,2221,2252,15293,gdsc:1060:0.25uM,PD0325901,2016-05-18T23:00:00Z,2016-05-22T23:00:00Z,SIDM00416,False,SIDM00416,SIDP01062,lymphoma,Suspension,R,True,True,True,True,True,True,True,True,True,
2661075,15729,284,1060.0,0.25,1108,R2-D1-S,Glo,4,737,3344,15295,gdsc:1060:0.25uM,PD0325901,2016-05-18T23:00:00Z,2016-05-22T23:00:00Z,SIDM00985,False,SIDM00985,SIDP00397,lymphoma,Suspension,R,True,True,True,True,True,False,True,True,False,no_development_parent
2663070,15735,284,1060.0,0.25,1108,R2-D1-S,Glo,4,576,2553,15297,gdsc:1060:0.25uM,PD0325901,2016-05-18T23:00:00Z,2016-05-22T23:00:00Z,SIDM00347,False,SIDM00347,SIDP00964,aero_dig_tract,Adherent,D/F12,True,True,True,True,True,True,True,True,True,
2665065,15738,284,1060.0,0.25,1108,R2-D1-S,Glo,4,1414,2387,15299,gdsc:1060:0.25uM,PD0325901,2016-05-18T23:00:00Z,2016-05-22T23:00:00Z,SIDM00274,False,SIDM00274,SIDP00593,digestive_system,Adherent,D/F12,True,True,True,True,True,False,True,True,False,no_development_parent
2667060,15741,284,1060.0,0.25,1108,R2-D1-S,Glo,4,1752,2211,15301,gdsc:1060:0.25uM,PD0325901,2016-05-18T23:00:00Z,2016-05-22T23:00:00Z,SIDM00324,False,SIDM00324,SIDP00968,neuroblastoma,Adherent,D/F12,True,True,True,True,True,False,True,True,False,no_development_parent
2669055,15747,284,1060.0,0.25,1108,R2-D1-S,Glo,4,1192,2395,15305,gdsc:1060:0.25uM,PD0325901,2016-05-18T23:00:00Z,2016-05-22T23:00:00Z,SIDM00289,False,SIDM00289,SIDP00596,leukemia,Suspension,R,True,True,True,True,True,False,True,True,False,no_development_parent
2671050,15750,284,1060.0,0.25,1108,R2-D1-S,Glo,4,2224,3090,15307,gdsc:1060:0.25uM,PD0325901,2016-05-18T23:00:00Z,2016-05-22T23:00:00Z,SIDM00312,False,SIDM00312,SIDP00980,myeloma,Suspension,R,True,True,True,True,True,True,True,True,True,
2699783,15800,284,1060.0,0.25,1108,R2-D1-S,Glo,4,453,2341,15405,gdsc:1060:0.25uM,PD0325901,2016-05-22T23:00:00Z,2016-05-26T23:00:00Z,SIDM00732,False,SIDM00732,SIDP00505,nervous_system,Adherent,D/F12,True,True,True,True,True,False,True,True,False,no_development_parent
2700871,15806,284,1060.0,0.25,1108,R2-D1-S,Glo,4,1318,2782,15406,gdsc:1060:0.25uM,PD0325901,2016-05-22T23:00:00Z,2016-05-26T23:00:00Z,SIDM00675,False,SIDM00675,SIDP00119,breast,Adherent,R,True,True,True,True,True,False,True,True,False,no_development_parent
2702866,15809,284,1060.0,0.25,1108,R2-D1-S,Glo,4,1510,2793,15408,gdsc:1060:0.25uM,PD0325901,2016-05-22T23:00:00Z,2016-05-26T23:00:00Z,SIDM01064,False,SIDM01064,SIDP00464,lymphoma,Suspension,R,True,True,True,True,True,True,True,True,True,
2704861,15812,284,1060.0,0.25,1108,R2-D1-S,Glo,4,2067,2453,15410,gdsc:1060:0.25uM,PD0325901,2016-05-22T23:00:00Z,2016-05-26T23:00:00Z,SIDM00292,False,SIDM00292,SIDP00612,lung_SCLC,Suspension,R,True,True,True,True,True,True,True,True,True,
2706856,15815,284,1060.0,0.25,1108,R2-D1-S,Glo,4,427,3164,15412,gdsc:1060:0.25uM,PD0325901,2016-05-22T23:00:00Z,2016-05-26T23:00:00Z,SIDM00338,False,SIDM00338,SIDP00992,leukemia,Suspension,R,True,True,True,True,True,True,True,True,True,
2708851,15818,284,1060.0,0.25,1108,R2-D1-S,Glo,4,1177,2463,15414,gdsc:1060:0.25uM,PD0325901,2016-05-22T23:00:00Z,2016-05-26T23:00:00Z,SIDM00438,False,SIDM00438,SIDP01006,leukemia,Suspension,D/F12,True,True,True,True,True,True,True,True,True,
2710846,15821,284,1060.0,0.25,1108,R2-D1-S,Glo,4,1585,3257,15416,gdsc:1060:0.25uM,PD0325901,2016-05-22T23:00:00Z,2016-05-26T23:00:00Z,SIDM00244,False,SIDM00244,SIDP00620,neuroblastoma,Adherent,D/F12,True,True,True,True,True,True,True,True,True,
2712841,15824,284,1060.0,0.25,1108,R2-D1-S,Glo,4,2122,3306,15418,gdsc:1060:0.25uM,PD0325901,2016-05-22T23:00:00Z,2016-05-26T23:00:00Z,SIDM00771,False,SIDM00771,SIDP00203,lung_NSCLC,Adherent,R,True,True,True,True,True,True,True,True,True,
2714836,15827,284,1060.0,0.25,1108,R2-D1-S,Glo,4,1266,3328,15420,gdsc:1060:0.25uM,PD0325901,2016-05-22T23:00:00Z,2016-05-26T23:00:00Z,SIDM00753,False,SIDM00753,SIDP00217,lung_NSCLC,Adherent,R,True,True,True,True,True,True,True,True,True,
2716831,15830,284,1060.0,0.25,1108,R2-D1-S,Glo,4,1199,2732,15422,gdsc:1060:0.25uM,PD0325901,2016-05-22T23:00:00Z,2016-05-26T23:00:00Z,SIDM00720,False,SIDM00720,SIDP00244,lung,Adherent,R,True,True,True,True,True,True,True,True,True,
2718826,15833,284,1060.0,0.25,1108,R2-D1-S,Glo,4,1372,3408,15424,gdsc:1060:0.25uM,PD0325901,2016-05-22T23:00:00Z,2016-05-26T23:00:00Z,SIDM01134,False,SIDM01134,SIDP00269,lung_SCLC,Adherent,D/F12,True,True,True,True,True,False,True,True,False,no_development_parent
2720821,15836,284,1060.0,0.25,1108,R2-D1-S,Glo,4,1327,3460,15426,gdsc:1060:0.25uM,PD0325901,2016-05-22T23:00:00Z,2016-05-26T23:00:00Z,SIDM01141,False,SIDM01141,SIDP00278,urogenital_system,Adherent,D/F12,True,True,True,True,True,True,True,True,True,
2722816,15839,284,1060.0,0.25,1108,R2-D1-S,Glo,4,1858,3461,15428,gdsc:1060:0.25uM,PD0325901,2016-05-22T23:00:00Z,2016-05-26T23:00:00Z,SIDM00091,False,SIDM00091,SIDP00754,urogenital_system,Adherent,R,True,True,True,True,True,True,True,True,True,
2723904,15847,284,1060.0,0.25,1108,R2-D1-S,Glo,4,874,2098,15431,gdsc:1060:0.25uM,PD0325901,2016-05-22T23:00:00Z,2016-05-26T23:00:00Z,SIDM01110,False,SIDM01110,SIDP00307,digestive_system,Adherent,D/F12,True,True,True,True,True,False,True,True,False,no_development_parent
2724992,15850,284,1060.0,0.25,1108,R2-D1-S,Glo,4,791,2116,15433,gdsc:1060:0.25uM,PD0325901,2016-05-22T23:00:00Z,2016-05-26T23:00:00Z,SIDM00377,False,SIDM00377,SIDP00955,urogenital_system,Adherent,D/F12,True,True,True,True,True,False,True,True,False,no_development_parent
2726987,15853,284,1060.0,0.25,1108,R2-D1-S,Glo,4,725,2532,15435,gdsc:1060:0.25uM,PD0325901,2016-05-22T23:00:00Z,2016-05-26T23:00:00Z,SIDM01113,False,SIDM01113,SIDP00320,soft_tissue,Adherent,D/F12,True,True,True,True,True,True,True,True,True,
2728982,15856,284,1060.0,0.25,1108,R2-D1-S,Glo,4,156,2128,15437,gdsc:1060:0.25uM,PD0325901,2016-05-22T23:00:00Z,2016-05-26T23:00:00Z,SIDM00094,False,SIDM00094,SIDP00766,kidney,Adherent,D/F12,True,True,True,True,True,False,True,True,False,no_development_parent
2730977,15859,284,1060.0,0.25,1108,R2-D1-S,Glo,4,2,2178,15439,gdsc:1060:0.25uM,PD0325901,2016-05-22T23:00:00Z,2016-05-26T23:00:00Z,SIDM00420,False,SIDM00420,SIDP01057,urogenital_system,Adherent,D/F12,True,True,True,True,True,True,True,True,True,
2732972,15862,284,1060.0,0.25,1108,R2-D1-S,Glo,4,1559,2539,15441,gdsc:1060:0.25uM,PD0325901,2016-05-22T23:00:00Z,2016-05-26T23:00:00Z,SIDM01175,False,SIDM01175,SIDP00341,soft_tissue,Adherent,D/F12,True,True,True,True,True,True,True,True,True,
2734967,15865,284,1060.0,0.25,1108,R2-D1-S,Glo,4,1560,2543,15443,gdsc:1060:0.25uM,PD0325901,2016-05-22T23:00:00Z,2016-05-26T23:00:00Z,SIDM01161,False,SIDM01161,SIDP00348,soft_tissue,Adherent,D/F12,True,True,True,True,True,True,True,True,True,
2736962,15869,284,1060.0,0.25,1108,R2-D1-S,Glo,4,2170,3181,15445,gdsc:1060:0.25uM,PD0325901,2016-05-22T23:00:00Z,2016-05-26T23:00:00Z,SIDM00525,False,SIDM00525,SIDP00819,bone,Adherent,D/F12,True,True,True,True,True,True,True,True,True,
2738957,15872,284,1060.0,0.25,1108,R2-D1-S,Glo,4,607,5950,15447,gdsc:1060:0.25uM,PD0325901,2016-05-22T23:00:00Z,2016-05-26T23:00:00Z,SIDM01090,False,SIDM01090,SIDP00289,large_intestine,Adherent,D/F12,True,True,True,True,True,False,True,True,False,no_development_parent
2796790,15978,284,1036.0,10.0,627,L11-D1-S,Glo,4,1495,2648,15550,gdsc:1036:10uM,PLX-4720,2016-05-26T23:00:00Z,2016-05-30T23:00:00Z,SIDM00865,False,SIDM00865,SIDP00091,lung_SCLC,Adherent,D/F12,True,True,True,True,True,False,True,True,False,no_development_parent
2798785,15981,284,1036.0,10.0,627,L11-D1-S,Glo,4,1796,3152,15552,gdsc:1036:10uM,PLX-4720,2016-05-26T23:00:00Z,2016-05-30T23:00:00Z,SIDM00529,False,SIDM00529,SIDP00815,breast,Adherent,D/F12,True,True,True,True,True,True,True,True,True,
2800780,15987,284,1036.0,10.0,627,L11-D1-S,Glo,4,927,6411,15556,gdsc:1036:10uM,PLX-4720,2016-05-26T23:00:00Z,2016-05-30T23:00:00Z,SIDM00629,False,SIDM00629,SIDP00161,breast,Adherent,D/F12,True,True,True,True,True,True,True,True,True,
2802775,15990,284,1036.0,10.0,627,L11-D1-S,Glo,4,958,3295,15558,gdsc:1036:10uM,PLX-4720,2016-05-26T23:00:00Z,2016-05-30T23:00:00Z,SIDM00743,False,SIDM00743,SIDP00195,lung_NSCLC,Semi-Adherent,D/F12,True,True,True,True,True,True,True,True,True,
2804770,15993,284,1036.0,10.0,627,L11-D1-S,Glo,4,355,3438,15560,gdsc:1036:10uM,PLX-4720,2016-05-26T23:00:00Z,2016-05-30T23:00:00Z,SIDM00462,False,SIDM00462,SIDP01018,leukemia,Suspension,R,True,True,True,True,True,True,True,True,True,
2806765,15999,284,1036.0,10.0,627,L11-D1-S,Glo,4,288,2049,15564,gdsc:1036:10uM,PLX-4720,2016-05-26T23:00:00Z,2016-05-30T23:00:00Z,SIDM00403,False,,,,,,True,False,False,True,True,True,True,True,False,known_annotation;model_identity_match
2808760,16002,284,1036.0,10.0,627,L11-D1-S,Glo,4,794,2141,15566,gdsc:1036:10uM,PLX-4720,2016-05-26T23:00:00Z,2016-05-30T23:00:00Z,SIDM00096,False,SIDM00096,SIDP00768,lymphoma,Suspension,R,True,True,True,True,True,False,True,True,False,no_development_parent
2810755,16005,284,1036.0,10.0,627,L11-D1-S,Glo,4,270,2166,15568,gdsc:1036:10uM,PLX-4720,2016-05-26T23:00:00Z,2016-05-30T23:00:00Z,SIDM00814,False,SIDM00814,SIDP00010,kidney,Adherent,D/F12,True,True,True,True,True,False,True,True,False,no_development_parent
2851179,16061,284,1036.0,10.0,627,L11-D1-S,Glo,4,482,2225,15746,gdsc:1036:10uM,PLX-4720,2016-06-01T23:00:00Z,2016-06-05T23:00:00Z,SIDM00932,False,SIDM00932,SIDP00412,kidney,Adherent,D/F12,True,True,True,True,True,True,True,True,True,
2853174,16064,284,1036.0,10.0,627,L11-D1-S,Glo,4,160,2579,15748,gdsc:1036:10uM,PLX-4720,2016-06-01T23:00:00Z,2016-06-05T23:00:00Z,SIDM00958,False,SIDM00958,SIDP00423,leukemia,Suspension,D/F12,True,True,True,True,True,False,True,True,False,no_development_parent
2855169,16069,284,1036.0,10.0,627,L11-D1-S,Glo,4,72,4929,15751,gdsc:1036:10uM,PLX-4720,2016-06-01T23:00:00Z,2016-06-05T23:00:00Z,SIDM00201,False,SIDM00201,SIDP00515,bone,Semi-Adherent,R,True,True,True,True,True,True,True,True,True,
2857164,16075,284,1036.0,10.0,627,L11-D1-S,Glo,4,2084,4949,15753,gdsc:1036:10uM,PLX-4720,2016-06-01T23:00:00Z,2016-06-05T23:00:00Z,SIDM00291,False,SIDM00291,SIDP00598,skin,Adherent,R,True,True,True,True,True,False,True,True,False,no_development_parent
2859159,16081,284,1036.0,10.0,627,L11-D1-S,Glo,4,1001,2407,15757,gdsc:1036:10uM,PLX-4720,2016-06-01T23:00:00Z,2016-06-05T23:00:00Z,SIDM00224,False,SIDM00224,SIDP00529,lung,Adherent,D/F12,True,True,True,True,True,True,True,True,True,
2861154,16084,284,1036.0,10.0,627,L11-D1-S,Glo,4,708,3063,15759,gdsc:1036:10uM,PLX-4720,2016-06-01T23:00:00Z,2016-06-05T23:00:00Z,SIDM00301,False,SIDM00301,SIDP00605,pancreas,Adherent,D/F12,True,True,True,True,True,True,True,True,True,
2862242,16089,284,1036.0,10.0,627,L11-D1-S,Glo,4,1756,5911,15760,gdsc:1036:10uM,PLX-4720,2016-06-01T23:00:00Z,2016-06-05T23:00:00Z,SIDM00681,False,SIDM00681,SIDP00149,large_intestine,Adherent,R,True,True,True,True,True,False,True,True,False,no_development_parent
2863330,16091,284,1036.0,10.0,627,L11-D1-S,Glo,4,101,6456,15761,gdsc:1036:10uM,PLX-4720,2016-06-01T23:00:00Z,2016-06-05T23:00:00Z,SIDM00272,False,SIDM00272,SIDP00613,breast,Adherent,D/F12,True,True,True,True,True,True,True,True,True,
2865325,16094,284,1036.0,10.0,627,L11-D1-S,Glo,4,2112,3201,15763,gdsc:1036:10uM,PLX-4720,2016-06-01T23:00:00Z,2016-06-05T23:00:00Z,SIDM00260,False,SIDM00260,SIDP00616,digestive_system,Adherent,R,True,True,True,True,True,True,True,True,True,
2867320,16097,284,1036.0,10.0,627,L11-D1-S,Glo,4,2255,2465,15765,gdsc:1036:10uM,PLX-4720,2016-06-01T23:00:00Z,2016-06-05T23:00:00Z,SIDM00222,False,SIDM00222,SIDP00532,lung,Adherent,D/F12,True,True,True,True,True,True,True,True,True,
2869315,16100,284,1036.0,10.0,627,L11-D1-S,Glo,4,385,3230,15767,gdsc:1036:10uM,PLX-4720,2016-06-01T23:00:00Z,2016-06-05T23:00:00Z,SIDM00562,False,SIDM00562,SIDP00910,breast,Suspension,D/F12,True,True,True,True,True,False,True,True,False,no_development_parent
2871310,16103,284,1036.0,10.0,627,L11-D1-S,Glo,4,1033,2471,15769,gdsc:1036:10uM,PLX-4720,2016-06-01T23:00:00Z,2016-06-05T23:00:00Z,SIDM00259,False,SIDM00259,SIDP00642,neuroblastoma,Adherent,D/F12,True,True,True,True,True,True,True,True,True,
2873305,16108,284,1036.0,10.0,627,L11-D1-S,Glo,4,1221,3358,15772,gdsc:1036:10uM,PLX-4720,2016-06-01T23:00:00Z,2016-06-05T23:00:00Z,SIDM00139,False,SIDM00139,SIDP00746,lung_NSCLC,Adherent,R,True,True,True,True,True,True,True,True,True,
2875300,16111,284,1036.0,10.0,627,L11-D1-S,Glo,4,2200,3380,15774,gdsc:1036:10uM,PLX-4720,2016-06-01T23:00:00Z,2016-06-05T23:00:00Z,SIDM01130,False,SIDM01130,SIDP00251,lung_NSCLC,Adherent,R,True,True,True,True,True,True,True,True,True,
2877295,16114,284,1036.0,10.0,627,L11-D1-S,Glo,4,373,3467,15776,gdsc:1036:10uM,PLX-4720,2016-06-01T23:00:00Z,2016-06-05T23:00:00Z,SIDM00465,False,SIDM00465,SIDP00929,urogenital_system,Adherent,R,True,True,True,True,True,True,True,True,True,
2879290,16120,284,1036.0,10.0,627,L11-D1-S,Glo,4,177,3758,15778,gdsc:1036:10uM,PLX-4720,2016-06-01T23:00:00Z,2016-06-05T23:00:00Z,SIDM00472,False,SIDM00472,SIDP00833,urogenital_system,Adherent,R,True,True,True,True,True,False,True,True,False,no_development_parent
2881285,16126,284,1036.0,10.0,627,L11-D1-S,Glo,4,1471,2038,15782,gdsc:1036:10uM,PLX-4720,2016-06-01T23:00:00Z,2016-06-05T23:00:00Z,SIDM00353,False,SIDM00353,SIDP00942,urogenital_system,Adherent,D/F12,True,True,True,True,True,False,True,True,False,no_development_parent
2883280,16129,284,1036.0,10.0,627,L11-D1-S,Glo,4,25,2051,15784,gdsc:1036:10uM,PLX-4720,2016-06-01T23:00:00Z,2016-06-05T23:00:00Z,SIDM00402,False,SIDM00402,SIDP01037,urogenital_system,Adherent,R,True,True,True,True,True,True,True,True,True,
2886182,16134,284,1036.0,10.0,627,L11-D1-S,Glo,4,233,2099,15787,gdsc:1036:10uM,PLX-4720,2016-06-01T23:00:00Z,2016-06-05T23:00:00Z,SIDM01108,False,SIDM01108,SIDP00309,lung_NSCLC,Adherent,D/F12,True,True,True,True,True,True,True,True,True,
2888177,16143,284,1036.0,10.0,627,L11-D1-S,Glo,4,598,3069,15793,gdsc:1036:10uM,PLX-4720,2016-06-01T23:00:00Z,2016-06-05T23:00:00Z,SIDM00308,False,SIDM00308,SIDP00606,leukemia,Suspension,R,True,True,True,True,True,False,True,True,False,no_development_parent
2890172,16058,284,1036.0,10.0,627,L11-D1-S,Glo,4,585,3133,15795,gdsc:1036:10uM,PLX-4720,2016-06-01T23:00:00Z,2016-06-05T23:00:00Z,SIDM00896,False,SIDM00896,SIDP00065,lymphoma,Suspension,R,True,True,True,True,True,False,True,True,False,no_development_parent
2891260,16152,284,1036.0,10.0,627,L11-D1-S,Glo,4,1527,2344,15809,gdsc:1036:10uM,PLX-4720,2016-06-02T23:00:00Z,2016-06-06T23:00:00Z,SIDM00542,False,SIDM00542,SIDP00507,nervous_system,Adherent,D/F12,True,True,True,True,True,False,True,True,False,no_development_parent
2893255,16158,284,1036.0,10.0,627,L11-D1-S,Glo,4,581,2664,15811,gdsc:1036:10uM,PLX-4720,2016-06-02T23:00:00Z,2016-06-06T23:00:00Z,SIDM00793,False,SIDM00793,SIDP00043,lymphoma,Suspension,R,True,True,True,True,True,False,True,True,False,no_development_parent
2894343,16160,284,1036.0,10.0,627,L11-D1-S,Glo,4,325,2385,15812,gdsc:1036:10uM,PLX-4720,2016-06-02T23:00:00Z,2016-06-06T23:00:00Z,SIDM00543,False,SIDM00543,SIDP00857,skin,Adherent,D/F12,True,True,True,True,True,False,True,True,False,no_development_parent
2896338,16163,284,1036.0,10.0,627,L11-D1-S,Glo,4,1074,2730,15814,gdsc:1036:10uM,PLX-4720,2016-06-02T23:00:00Z,2016-06-06T23:00:00Z,SIDM00098,False,SIDM00098,SIDP00782,lung,Adherent,R,True,True,True,True,True,True,True,True,True,
2898333,16166,284,1036.0,10.0,627,L11-D1-S,Glo,4,350,2751,15816,gdsc:1036:10uM,PLX-4720,2016-06-02T23:00:00Z,2016-06-06T23:00:00Z,SIDM00598,False,SIDM00598,SIDP00860,lung_NSCLC,Adherent,R,True,True,True,True,True,False,True,True,False,no_development_parent
2900328,16169,284,1036.0,10.0,627,L11-D1-S,Glo,4,1247,2783,15818,gdsc:1036:10uM,PLX-4720,2016-06-02T23:00:00Z,2016-06-06T23:00:00Z,SIDM01069,False,SIDM01069,SIDP00460,lung_NSCLC,Adherent,R,True,True,True,True,True,False,True,True,False,no_development_parent
2902323,16172,284,1036.0,10.0,627,L11-D1-S,Glo,4,1921,2809,15820,gdsc:1036:10uM,PLX-4720,2016-06-02T23:00:00Z,2016-06-06T23:00:00Z,SIDM00535,False,SIDM00535,SIDP00809,bone,Adherent,D/F12,True,True,True,True,True,False,True,True,False,no_development_parent
2904318,16175,284,1036.0,10.0,627,L11-D1-S,Glo,4,944,6460,15822,gdsc:1036:10uM,PLX-4720,2016-06-02T23:00:00Z,2016-06-06T23:00:00Z,SIDM00590,False,SIDM00590,SIDP00866,aero_dig_tract,Adherent,D/F12,True,True,True,True,True,True,True,True,True,
2906313,16178,284,1036.0,10.0,627,L11-D1-S,Glo,4,1614,3079,15824,gdsc:1036:10uM,PLX-4720,2016-06-02T23:00:00Z,2016-06-06T23:00:00Z,SIDM00551,False,SIDM00551,SIDP00901,aero_dig_tract,Adherent,R,True,True,True,True,True,True,True,True,True,
2908308,16181,284,1036.0,10.0,627,L11-D1-S,Glo,4,45,3101,15826,gdsc:1036:10uM,PLX-4720,2016-06-02T23:00:00Z,2016-06-06T23:00:00Z,SIDM00548,False,SIDM00548,SIDP00904,lung_NSCLC,Adherent,R,True,True,True,True,True,True,True,True,True,
2910303,16184,284,1036.0,10.0,627,L11-D1-S,Glo,4,47,3120,15828,gdsc:1036:10uM,PLX-4720,2016-06-02T23:00:00Z,2016-06-06T23:00:00Z,SIDM00547,False,SIDM00547,SIDP00905,lung_NSCLC,Suspension,R,True,True,True,True,True,True,True,True,True,
2912298,16187,284,1036.0,10.0,627,L11-D1-S,Glo,4,1013,6310,15830,gdsc:1036:10uM,PLX-4720,2016-06-02T23:00:00Z,2016-06-06T23:00:00Z,SIDM00146,False,SIDM00146,SIDP00741,breast,Adherent,D/F12,True,True,True,True,True,False,True,True,False,no_development_parent
2914293,16193,284,1036.0,10.0,627,L11-D1-S,Glo,4,1263,3169,15832,gdsc:1036:10uM,PLX-4720,2016-06-02T23:00:00Z,2016-06-06T23:00:00Z,SIDM00526,False,SIDM00526,SIDP00818,leukemia,Suspension,R,True,True,True,True,True,True,True,True,True,
2916288,16196,284,1036.0,10.0,627,L11-D1-S,Glo,4,628,3206,15834,gdsc:1036:10uM,PLX-4720,2016-06-02T23:00:00Z,2016-06-06T23:00:00Z,SIDM00441,False,SIDM00441,SIDP01005,leukemia,Suspension,R,True,True,True,True,True,True,True,True,True,
2918283,16199,284,1036.0,10.0,627,L11-D1-S,Glo,4,1780,2484,15836,gdsc:1036:10uM,PLX-4720,2016-06-02T23:00:00Z,2016-06-06T23:00:00Z,SIDM00645,False,SIDM00645,SIDP00180,lung_NSCLC,Adherent,D/F12,True,True,True,True,True,True,True,True,True,
2920278,16202,284,1036.0,10.0,627,L11-D1-S,Glo,4,1691,6449,15838,gdsc:1036:10uM,PLX-4720,2016-06-02T23:00:00Z,2016-06-06T23:00:00Z,SIDM00718,False,SIDM00718,SIDP00246,lung_NSCLC,Adherent,R,True,True,True,True,True,True,True,True,True,
2922273,16205,284,1036.0,10.0,627,L11-D1-S,Glo,4,1488,2495,15840,gdsc:1036:10uM,PLX-4720,2016-06-02T23:00:00Z,2016-06-06T23:00:00Z,SIDM00576,False,,,,,,True,False,False,True,True,True,True,True,False,known_annotation;model_identity_match
2923361,16216,284,1036.0,10.0,627,L11-D1-S,Glo,4,481,2137,15841,gdsc:1036:10uM,PLX-4720,2016-06-02T23:00:00Z,2016-06-06T23:00:00Z,SIDM01199,False,SIDM01199,SIDP00324,digestive_system,Adherent,R,True,True,True,True,True,True,True,True,True,
2925356,16222,284,1036.0,10.0,627,L11-D1-S,Glo,4,473,2658,15905,gdsc:1036:10uM,PLX-4720,2016-06-05T23:00:00Z,2016-06-09T23:00:00Z,SIDM00864,False,SIDM00864,SIDP00092,urogenital_system,Adherent,D/F12,True,True,True,True,True,False,True,True,False,no_development_parent
2927351,16225,284,1036.0,10.0,627,L11-D1-S,Glo,4,900,2357,15907,gdsc:1036:10uM,PLX-4720,2016-06-05T23:00:00Z,2016-06-09T23:00:00Z,SIDM00970,False,SIDM00970,SIDP00374,urogenital_system,Adherent,R,True,True,True,True,True,False,True,True,False,no_development_parent
2929346,16228,284,1036.0,10.0,627,L11-D1-S,Glo,4,293,2685,15909,gdsc:1036:10uM,PLX-4720,2016-06-05T23:00:00Z,2016-06-09T23:00:00Z,SIDM01043,False,SIDM01043,SIDP00448,urogenital_system,Adherent,R,True,True,True,True,True,False,True,True,False,no_development_parent
2931341,16234,284,1036.0,10.0,627,L11-D1-S,Glo,4,310,2814,15911,gdsc:1036:10uM,PLX-4720,2016-06-05T23:00:00Z,2016-06-09T23:00:00Z,SIDM00671,False,SIDM00671,SIDP00122,leukemia,Suspension,R,True,True,True,True,True,True,True,True,True,
2933336,16237,284,1036.0,10.0,627,L11-D1-S,Glo,4,1030,3018,15913,gdsc:1036:10uM,PLX-4720,2016-06-05T23:00:00Z,2016-06-09T23:00:00Z,SIDM01011,False,SIDM01011,SIDP00478,lymphoma,Suspension,R,True,True,True,True,True,True,True,True,True,
2935331,16240,284,1036.0,10.0,627,L11-D1-S,Glo,4,184,3024,15915,gdsc:1036:10uM,PLX-4720,2016-06-05T23:00:00Z,2016-06-09T23:00:00Z,SIDM01006,False,SIDM01006,SIDP00483,myeloma,Suspension,R,True,True,True,True,True,True,True,True,True,
2937326,16243,284,1036.0,10.0,627,L11-D1-S,Glo,4,406,3030,15917,gdsc:1036:10uM,PLX-4720,2016-06-05T23:00:00Z,2016-06-09T23:00:00Z,SIDM00687,False,SIDM00687,SIDP00143,digestive_system,Semi-Adherent,D/F12,True,True,True,True,True,True,True,True,True,
2939321,16252,284,1036.0,10.0,627,L11-D1-S,Glo,4,415,4093,15919,gdsc:1036:10uM,PLX-4720,2016-06-05T23:00:00Z,2016-06-09T23:00:00Z,SIDM00628,False,SIDM00628,SIDP00162,breast,Adherent,D/F12,True,True,True,True,True,True,True,True,True,
2941316,16255,284,1036.0,10.0,627,L11-D1-S,Glo,4,674,3231,15921,gdsc:1036:10uM,PLX-4720,2016-06-05T23:00:00Z,2016-06-09T23:00:00Z,SIDM00245,False,SIDM00245,SIDP00619,lung_SCLC,Suspension,R,True,True,True,True,True,True,True,True,True,
2943311,16264,284,1036.0,10.0,627,L11-D1-S,Glo,4,1224,3381,15927,gdsc:1036:10uM,PLX-4720,2016-06-05T23:00:00Z,2016-06-09T23:00:00Z,SIDM00116,False,SIDM00116,SIDP00751,lung_NSCLC,Adherent,R,True,True,True,True,True,True,True,True,True,
2945306,16273,284,1036.0,10.0,627,L11-D1-S,Glo,4,1230,3414,15929,gdsc:1036:10uM,PLX-4720,2016-06-05T23:00:00Z,2016-06-09T23:00:00Z,SIDM01148,False,SIDM01148,SIDP00271,myeloma,Suspension,R,True,True,True,True,True,False,True,True,False,no_development_parent
2947301,16276,284,1036.0,10.0,627,L11-D1-S,Glo,4,642,3474,15931,gdsc:1036:10uM,PLX-4720,2016-06-05T23:00:00Z,2016-06-09T23:00:00Z,SIDM00363,False,,,,,,True,False,False,True,True,True,True,True,False,known_annotation;model_identity_match
2949296,16279,284,1036.0,10.0,627,L11-D1-S,Glo,4,1873,4580,15933,gdsc:1036:10uM,PLX-4720,2016-06-05T23:00:00Z,2016-06-09T23:00:00Z,SIDM01138,False,,,,,,True,False,False,True,True,True,True,True,False,known_annotation;model_identity_match
2951291,16282,284,1036.0,10.0,627,L11-D1-S,Glo,4,1905,4020,15935,gdsc:1036:10uM,PLX-4720,2016-06-05T23:00:00Z,2016-06-09T23:00:00Z,SIDM00817,False,SIDM00817,SIDP00007,kidney,Adherent,D/F12,True,True,True,True,True,False,True,True,False,no_development_parent
2953286,16285,284,1036.0,10.0,627,L11-D1-S,Glo,4,1983,2042,15937,gdsc:1036:10uM,PLX-4720,2016-06-05T23:00:00Z,2016-06-09T23:00:00Z,SIDM00218,False,SIDM00218,SIDP00534,thyroid,Adherent,D/F12,True,True,True,True,True,True,True,True,True,
2955281,16288,284,1036.0,10.0,627,L11-D1-S,Glo,4,2054,2075,15939,gdsc:1036:10uM,PLX-4720,2016-06-05T23:00:00Z,2016-06-09T23:00:00Z,SIDM01080,False,SIDM01080,SIDP00299,aero_dig_tract,Adherent,D/F12,True,True,True,True,True,True,True,True,True,
2957276,16291,284,1036.0,10.0,627,L11-D1-S,Glo,4,1066,4737,15941,gdsc:1036:10uM,PLX-4720,2016-06-05T23:00:00Z,2016-06-09T23:00:00Z,SIDM01197,False,SIDM01197,SIDP00327,large_intestine,Suspension,R,True,True,True,True,True,False,True,True,False,no_development_parent
2959271,16300,284,1036.0,10.0,627,L11-D1-S,Glo,4,1920,5212,15947,gdsc:1036:10uM,PLX-4720,2016-06-05T23:00:00Z,2016-06-09T23:00:00Z,SIDM00783,False,SIDM00783,SIDP00033,large_intestine,Adherent,R,True,True,True,True,True,False,True,True,False,no_development_parent
2961266,16303,284,1036.0,10.0,627,L11-D1-S,Glo,4,1019,3791,15949,gdsc:1036:10uM,PLX-4720,2016-06-05T23:00:00Z,2016-06-09T23:00:00Z,SIDM01041,False,SIDM01041,SIDP00450,aero_dig_tract,Adherent,R,True,True,True,True,True,False,True,True,False,no_development_parent
2963261,16306,284,1036.0,10.0,627,L11-D1-S,Glo,4,1038,2986,15951,gdsc:1036:10uM,PLX-4720,2016-06-05T23:00:00Z,2016-06-09T23:00:00Z,SIDM00614,False,SIDM00614,SIDP00880,digestive_system,Adherent,D/F12,True,True,True,True,True,True,True,True,True,
2965256,16315,284,1036.0,10.0,627,L11-D1-S,Glo,4,1270,2223,15955,gdsc:1036:10uM,PLX-4720,2016-06-05T23:00:00Z,2016-06-09T23:00:00Z,SIDM00484,False,,,,,,True,False,False,True,True,True,True,True,False,known_annotation;model_identity_match
2967251,16318,284,1036.0,10.0,627,L11-D1-S,Glo,4,915,3337,15957,gdsc:1036:10uM,PLX-4720,2016-06-05T23:00:00Z,2016-06-09T23:00:00Z,SIDM00708,False,SIDM00708,SIDP00224,lung_NSCLC,Semi-Adherent,D/F12,True,True,True,True,True,True,True,True,True,
2969246,16321,284,1036.0,10.0,627,L11-D1-S,Glo,4,1641,2526,15959,gdsc:1036:10uM,PLX-4720,2016-06-05T23:00:00Z,2016-06-09T23:00:00Z,SIDM01109,False,SIDM01109,SIDP00308,soft_tissue,Adherent,D/F12,True,True,True,True,True,True,True,True,True,
2797082,15978,284,1060.0,0.25,1108,R2-D1-S,Glo,4,1495,2648,15550,gdsc:1060:0.25uM,PD0325901,2016-05-26T23:00:00Z,2016-05-30T23:00:00Z,SIDM00865,False,SIDM00865,SIDP00091,lung_SCLC,Adherent,D/F12,True,True,True,True,True,False,True,True,False,no_development_parent
2799077,15981,284,1060.0,0.25,1108,R2-D1-S,Glo,4,1796,3152,15552,gdsc:1060:0.25uM,PD0325901,2016-05-26T23:00:00Z,2016-05-30T23:00:00Z,SIDM00529,False,SIDM00529,SIDP00815,breast,Adherent,D/F12,True,True,True,True,True,True,True,True,True,
2801072,15987,284,1060.0,0.25,1108,R2-D1-S,Glo,4,927,6411,15556,gdsc:1060:0.25uM,PD0325901,2016-05-26T23:00:00Z,2016-05-30T23:00:00Z,SIDM00629,False,SIDM00629,SIDP00161,breast,Adherent,D/F12,True,True,True,True,True,True,True,True,True,
2803067,15990,284,1060.0,0.25,1108,R2-D1-S,Glo,4,958,3295,15558,gdsc:1060:0.25uM,PD0325901,2016-05-26T23:00:00Z,2016-05-30T23:00:00Z,SIDM00743,False,SIDM00743,SIDP00195,lung_NSCLC,Semi-Adherent,D/F12,True,True,True,True,True,True,True,True,True,
2805062,15993,284,1060.0,0.25,1108,R2-D1-S,Glo,4,355,3438,15560,gdsc:1060:0.25uM,PD0325901,2016-05-26T23:00:00Z,2016-05-30T23:00:00Z,SIDM00462,False,SIDM00462,SIDP01018,leukemia,Suspension,R,True,True,True,True,True,True,True,True,True,
2807057,15999,284,1060.0,0.25,1108,R2-D1-S,Glo,4,288,2049,15564,gdsc:1060:0.25uM,PD0325901,2016-05-26T23:00:00Z,2016-05-30T23:00:00Z,SIDM00403,False,,,,,,True,False,False,True,True,True,True,True,False,known_annotation;model_identity_match
2809052,16002,284,1060.0,0.25,1108,R2-D1-S,Glo,4,794,2141,15566,gdsc:1060:0.25uM,PD0325901,2016-05-26T23:00:00Z,2016-05-30T23:00:00Z,SIDM00096,False,SIDM00096,SIDP00768,lymphoma,Suspension,R,True,True,True,True,True,False,True,True,False,no_development_parent
2811047,16005,284,1060.0,0.25,1108,R2-D1-S,Glo,4,270,2166,15568,gdsc:1060:0.25uM,PD0325901,2016-05-26T23:00:00Z,2016-05-30T23:00:00Z,SIDM00814,False,SIDM00814,SIDP00010,kidney,Adherent,D/F12,True,True,True,True,True,False,True,True,False,no_development_parent
2851471,16061,284,1060.0,0.25,1108,R2-D1-S,Glo,4,482,2225,15746,gdsc:1060:0.25uM,PD0325901,2016-06-01T23:00:00Z,2016-06-05T23:00:00Z,SIDM00932,False,SIDM00932,SIDP00412,kidney,Adherent,D/F12,True,True,True,True,True,True,True,True,True,
2853466,16064,284,1060.0,0.25,1108,R2-D1-S,Glo,4,160,2579,15748,gdsc:1060:0.25uM,PD0325901,2016-06-01T23:00:00Z,2016-06-05T23:00:00Z,SIDM00958,False,SIDM00958,SIDP00423,leukemia,Suspension,D/F12,True,True,True,True,True,False,True,True,False,no_development_parent
2855461,16069,284,1060.0,0.25,1108,R2-D1-S,Glo,4,72,4929,15751,gdsc:1060:0.25uM,PD0325901,2016-06-01T23:00:00Z,2016-06-05T23:00:00Z,SIDM00201,False,SIDM00201,SIDP00515,bone,Semi-Adherent,R,True,True,True,True,True,True,True,True,True,
2857456,16075,284,1060.0,0.25,1108,R2-D1-S,Glo,4,2084,4949,15753,gdsc:1060:0.25uM,PD0325901,2016-06-01T23:00:00Z,2016-06-05T23:00:00Z,SIDM00291,False,SIDM00291,SIDP00598,skin,Adherent,R,True,True,True,True,True,False,True,True,False,no_development_parent
2859451,16081,284,1060.0,0.25,1108,R2-D1-S,Glo,4,1001,2407,15757,gdsc:1060:0.25uM,PD0325901,2016-06-01T23:00:00Z,2016-06-05T23:00:00Z,SIDM00224,False,SIDM00224,SIDP00529,lung,Adherent,D/F12,True,True,True,True,True,True,True,True,True,
2861446,16084,284,1060.0,0.25,1108,R2-D1-S,Glo,4,708,3063,15759,gdsc:1060:0.25uM,PD0325901,2016-06-01T23:00:00Z,2016-06-05T23:00:00Z,SIDM00301,False,SIDM00301,SIDP00605,pancreas,Adherent,D/F12,True,True,True,True,True,True,True,True,True,
2862534,16089,284,1060.0,0.25,1108,R2-D1-S,Glo,4,1756,5911,15760,gdsc:1060:0.25uM,PD0325901,2016-06-01T23:00:00Z,2016-06-05T23:00:00Z,SIDM00681,False,SIDM00681,SIDP00149,large_intestine,Adherent,R,True,True,True,True,True,False,True,True,False,no_development_parent
2863622,16091,284,1060.0,0.25,1108,R2-D1-S,Glo,4,101,6456,15761,gdsc:1060:0.25uM,PD0325901,2016-06-01T23:00:00Z,2016-06-05T23:00:00Z,SIDM00272,False,SIDM00272,SIDP00613,breast,Adherent,D/F12,True,True,True,True,True,True,True,True,True,
2865617,16094,284,1060.0,0.25,1108,R2-D1-S,Glo,4,2112,3201,15763,gdsc:1060:0.25uM,PD0325901,2016-06-01T23:00:00Z,2016-06-05T23:00:00Z,SIDM00260,False,SIDM00260,SIDP00616,digestive_system,Adherent,R,True,True,True,True,True,True,True,True,True,
2867612,16097,284,1060.0,0.25,1108,R2-D1-S,Glo,4,2255,2465,15765,gdsc:1060:0.25uM,PD0325901,2016-06-01T23:00:00Z,2016-06-05T23:00:00Z,SIDM00222,False,SIDM00222,SIDP00532,lung,Adherent,D/F12,True,True,True,True,True,True,True,True,True,
2869607,16100,284,1060.0,0.25,1108,R2-D1-S,Glo,4,385,3230,15767,gdsc:1060:0.25uM,PD0325901,2016-06-01T23:00:00Z,2016-06-05T23:00:00Z,SIDM00562,False,SIDM00562,SIDP00910,breast,Suspension,D/F12,True,True,True,True,True,False,True,True,False,no_development_parent
2871602,16103,284,1060.0,0.25,1108,R2-D1-S,Glo,4,1033,2471,15769,gdsc:1060:0.25uM,PD0325901,2016-06-01T23:00:00Z,2016-06-05T23:00:00Z,SIDM00259,False,SIDM00259,SIDP00642,neuroblastoma,Adherent,D/F12,True,True,True,True,True,True,True,True,True,
2873597,16108,284,1060.0,0.25,1108,R2-D1-S,Glo,4,1221,3358,15772,gdsc:1060:0.25uM,PD0325901,2016-06-01T23:00:00Z,2016-06-05T23:00:00Z,SIDM00139,False,SIDM00139,SIDP00746,lung_NSCLC,Adherent,R,True,True,True,True,True,True,True,True,True,
2875592,16111,284,1060.0,0.25,1108,R2-D1-S,Glo,4,2200,3380,15774,gdsc:1060:0.25uM,PD0325901,2016-06-01T23:00:00Z,2016-06-05T23:00:00Z,SIDM01130,False,SIDM01130,SIDP00251,lung_NSCLC,Adherent,R,True,True,True,True,True,True,True,True,True,
2877587,16114,284,1060.0,0.25,1108,R2-D1-S,Glo,4,373,3467,15776,gdsc:1060:0.25uM,PD0325901,2016-06-01T23:00:00Z,2016-06-05T23:00:00Z,SIDM00465,False,SIDM00465,SIDP00929,urogenital_system,Adherent,R,True,True,True,True,True,True,True,True,True,
2879582,16120,284,1060.0,0.25,1108,R2-D1-S,Glo,4,177,3758,15778,gdsc:1060:0.25uM,PD0325901,2016-06-01T23:00:00Z,2016-06-05T23:00:00Z,SIDM00472,False,SIDM00472,SIDP00833,urogenital_system,Adherent,R,True,True,True,True,True,False,True,True,False,no_development_parent
2881577,16126,284,1060.0,0.25,1108,R2-D1-S,Glo,4,1471,2038,15782,gdsc:1060:0.25uM,PD0325901,2016-06-01T23:00:00Z,2016-06-05T23:00:00Z,SIDM00353,False,SIDM00353,SIDP00942,urogenital_system,Adherent,D/F12,True,True,True,True,True,False,True,True,False,no_development_parent
2883572,16129,284,1060.0,0.25,1108,R2-D1-S,Glo,4,25,2051,15784,gdsc:1060:0.25uM,PD0325901,2016-06-01T23:00:00Z,2016-06-05T23:00:00Z,SIDM00402,False,SIDM00402,SIDP01037,urogenital_system,Adherent,R,True,True,True,True,True,True,True,True,True,
2886474,16134,284,1060.0,0.25,1108,R2-D1-S,Glo,4,233,2099,15787,gdsc:1060:0.25uM,PD0325901,2016-06-01T23:00:00Z,2016-06-05T23:00:00Z,SIDM01108,False,SIDM01108,SIDP00309,lung_NSCLC,Adherent,D/F12,True,True,True,True,True,True,True,True,True,
2888469,16143,284,1060.0,0.25,1108,R2-D1-S,Glo,4,598,3069,15793,gdsc:1060:0.25uM,PD0325901,2016-06-01T23:00:00Z,2016-06-05T23:00:00Z,SIDM00308,False,SIDM00308,SIDP00606,leukemia,Suspension,R,True,True,True,True,True,False,True,True,False,no_development_parent
2890464,16058,284,1060.0,0.25,1108,R2-D1-S,Glo,4,585,3133,15795,gdsc:1060:0.25uM,PD0325901,2016-06-01T23:00:00Z,2016-06-05T23:00:00Z,SIDM00896,False,SIDM00896,SIDP00065,lymphoma,Suspension,R,True,True,True,True,True,False,True,True,False,no_development_parent
2891552,16152,284,1060.0,0.25,1108,R2-D1-S,Glo,4,1527,2344,15809,gdsc:1060:0.25uM,PD0325901,2016-06-02T23:00:00Z,2016-06-06T23:00:00Z,SIDM00542,False,SIDM00542,SIDP00507,nervous_system,Adherent,D/F12,True,True,True,True,True,False,True,True,False,no_development_parent
2893547,16158,284,1060.0,0.25,1108,R2-D1-S,Glo,4,581,2664,15811,gdsc:1060:0.25uM,PD0325901,2016-06-02T23:00:00Z,2016-06-06T23:00:00Z,SIDM00793,False,SIDM00793,SIDP00043,lymphoma,Suspension,R,True,True,True,True,True,False,True,True,False,no_development_parent
2894635,16160,284,1060.0,0.25,1108,R2-D1-S,Glo,4,325,2385,15812,gdsc:1060:0.25uM,PD0325901,2016-06-02T23:00:00Z,2016-06-06T23:00:00Z,SIDM00543,False,SIDM00543,SIDP00857,skin,Adherent,D/F12,True,True,True,True,True,False,True,True,False,no_development_parent
2896630,16163,284,1060.0,0.25,1108,R2-D1-S,Glo,4,1074,2730,15814,gdsc:1060:0.25uM,PD0325901,2016-06-02T23:00:00Z,2016-06-06T23:00:00Z,SIDM00098,False,SIDM00098,SIDP00782,lung,Adherent,R,True,True,True,True,True,True,True,True,True,
2898625,16166,284,1060.0,0.25,1108,R2-D1-S,Glo,4,350,2751,15816,gdsc:1060:0.25uM,PD0325901,2016-06-02T23:00:00Z,2016-06-06T23:00:00Z,SIDM00598,False,SIDM00598,SIDP00860,lung_NSCLC,Adherent,R,True,True,True,True,True,False,True,True,False,no_development_parent
2900620,16169,284,1060.0,0.25,1108,R2-D1-S,Glo,4,1247,2783,15818,gdsc:1060:0.25uM,PD0325901,2016-06-02T23:00:00Z,2016-06-06T23:00:00Z,SIDM01069,False,SIDM01069,SIDP00460,lung_NSCLC,Adherent,R,True,True,True,True,True,False,True,True,False,no_development_parent
2902615,16172,284,1060.0,0.25,1108,R2-D1-S,Glo,4,1921,2809,15820,gdsc:1060:0.25uM,PD0325901,2016-06-02T23:00:00Z,2016-06-06T23:00:00Z,SIDM00535,False,SIDM00535,SIDP00809,bone,Adherent,D/F12,True,True,True,True,True,False,True,True,False,no_development_parent
2904610,16175,284,1060.0,0.25,1108,R2-D1-S,Glo,4,944,6460,15822,gdsc:1060:0.25uM,PD0325901,2016-06-02T23:00:00Z,2016-06-06T23:00:00Z,SIDM00590,False,SIDM00590,SIDP00866,aero_dig_tract,Adherent,D/F12,True,True,True,True,True,True,True,True,True,
2906605,16178,284,1060.0,0.25,1108,R2-D1-S,Glo,4,1614,3079,15824,gdsc:1060:0.25uM,PD0325901,2016-06-02T23:00:00Z,2016-06-06T23:00:00Z,SIDM00551,False,SIDM00551,SIDP00901,aero_dig_tract,Adherent,R,True,True,True,True,True,True,True,True,True,
2908600,16181,284,1060.0,0.25,1108,R2-D1-S,Glo,4,45,3101,15826,gdsc:1060:0.25uM,PD0325901,2016-06-02T23:00:00Z,2016-06-06T23:00:00Z,SIDM00548,False,SIDM00548,SIDP00904,lung_NSCLC,Adherent,R,True,True,True,True,True,True,True,True,True,
2910595,16184,284,1060.0,0.25,1108,R2-D1-S,Glo,4,47,3120,15828,gdsc:1060:0.25uM,PD0325901,2016-06-02T23:00:00Z,2016-06-06T23:00:00Z,SIDM00547,False,SIDM00547,SIDP00905,lung_NSCLC,Suspension,R,True,True,True,True,True,True,True,True,True,
2912590,16187,284,1060.0,0.25,1108,R2-D1-S,Glo,4,1013,6310,15830,gdsc:1060:0.25uM,PD0325901,2016-06-02T23:00:00Z,2016-06-06T23:00:00Z,SIDM00146,False,SIDM00146,SIDP00741,breast,Adherent,D/F12,True,True,True,True,True,False,True,True,False,no_development_parent
2914585,16193,284,1060.0,0.25,1108,R2-D1-S,Glo,4,1263,3169,15832,gdsc:1060:0.25uM,PD0325901,2016-06-02T23:00:00Z,2016-06-06T23:00:00Z,SIDM00526,False,SIDM00526,SIDP00818,leukemia,Suspension,R,True,True,True,True,True,True,True,True,True,
2916580,16196,284,1060.0,0.25,1108,R2-D1-S,Glo,4,628,3206,15834,gdsc:1060:0.25uM,PD0325901,2016-06-02T23:00:00Z,2016-06-06T23:00:00Z,SIDM00441,False,SIDM00441,SIDP01005,leukemia,Suspension,R,True,True,True,True,True,True,True,True,True,
2918575,16199,284,1060.0,0.25,1108,R2-D1-S,Glo,4,1780,2484,15836,gdsc:1060:0.25uM,PD0325901,2016-06-02T23:00:00Z,2016-06-06T23:00:00Z,SIDM00645,False,SIDM00645,SIDP00180,lung_NSCLC,Adherent,D/F12,True,True,True,True,True,True,True,True,True,
2920570,16202,284,1060.0,0.25,1108,R2-D1-S,Glo,4,1691,6449,15838,gdsc:1060:0.25uM,PD0325901,2016-06-02T23:00:00Z,2016-06-06T23:00:00Z,SIDM00718,False,SIDM00718,SIDP00246,lung_NSCLC,Adherent,R,True,True,True,True,True,True,True,True,True,
2922565,16205,284,1060.0,0.25,1108,R2-D1-S,Glo,4,1488,2495,15840,gdsc:1060:0.25uM,PD0325901,2016-06-02T23:00:00Z,2016-06-06T23:00:00Z,SIDM00576,False,,,,,,True,False,False,True,True,True,True,True,False,known_annotation;model_identity_match
2923653,16216,284,1060.0,0.25,1108,R2-D1-S,Glo,4,481,2137,15841,gdsc:1060:0.25uM,PD0325901,2016-06-02T23:00:00Z,2016-06-06T23:00:00Z,SIDM01199,False,SIDM01199,SIDP00324,digestive_system,Adherent,R,True,True,True,True,True,True,True,True,True,
2925648,16222,284,1060.0,0.25,1108,R2-D1-S,Glo,4,473,2658,15905,gdsc:1060:0.25uM,PD0325901,2016-06-05T23:00:00Z,2016-06-09T23:00:00Z,SIDM00864,False,SIDM00864,SIDP00092,urogenital_system,Adherent,D/F12,True,True,True,True,True,False,True,True,False,no_development_parent
2927643,16225,284,1060.0,0.25,1108,R2-D1-S,Glo,4,900,2357,15907,gdsc:1060:0.25uM,PD0325901,2016-06-05T23:00:00Z,2016-06-09T23:00:00Z,SIDM00970,False,SIDM00970,SIDP00374,urogenital_system,Adherent,R,True,True,True,True,True,False,True,True,False,no_development_parent
2929638,16228,284,1060.0,0.25,1108,R2-D1-S,Glo,4,293,2685,15909,gdsc:1060:0.25uM,PD0325901,2016-06-05T23:00:00Z,2016-06-09T23:00:00Z,SIDM01043,False,SIDM01043,SIDP00448,urogenital_system,Adherent,R,True,True,True,True,True,False,True,True,False,no_development_parent
2931633,16234,284,1060.0,0.25,1108,R2-D1-S,Glo,4,310,2814,15911,gdsc:1060:0.25uM,PD0325901,2016-06-05T23:00:00Z,2016-06-09T23:00:00Z,SIDM00671,False,SIDM00671,SIDP00122,leukemia,Suspension,R,True,True,True,True,True,True,True,True,True,
2933628,16237,284,1060.0,0.25,1108,R2-D1-S,Glo,4,1030,3018,15913,gdsc:1060:0.25uM,PD0325901,2016-06-05T23:00:00Z,2016-06-09T23:00:00Z,SIDM01011,False,SIDM01011,SIDP00478,lymphoma,Suspension,R,True,True,True,True,True,True,True,True,True,
2935623,16240,284,1060.0,0.25,1108,R2-D1-S,Glo,4,184,3024,15915,gdsc:1060:0.25uM,PD0325901,2016-06-05T23:00:00Z,2016-06-09T23:00:00Z,SIDM01006,False,SIDM01006,SIDP00483,myeloma,Suspension,R,True,True,True,True,True,True,True,True,True,
2937618,16243,284,1060.0,0.25,1108,R2-D1-S,Glo,4,406,3030,15917,gdsc:1060:0.25uM,PD0325901,2016-06-05T23:00:00Z,2016-06-09T23:00:00Z,SIDM00687,False,SIDM00687,SIDP00143,digestive_system,Semi-Adherent,D/F12,True,True,True,True,True,True,True,True,True,
2939613,16252,284,1060.0,0.25,1108,R2-D1-S,Glo,4,415,4093,15919,gdsc:1060:0.25uM,PD0325901,2016-06-05T23:00:00Z,2016-06-09T23:00:00Z,SIDM00628,False,SIDM00628,SIDP00162,breast,Adherent,D/F12,True,True,True,True,True,True,True,True,True,
2941608,16255,284,1060.0,0.25,1108,R2-D1-S,Glo,4,674,3231,15921,gdsc:1060:0.25uM,PD0325901,2016-06-05T23:00:00Z,2016-06-09T23:00:00Z,SIDM00245,False,SIDM00245,SIDP00619,lung_SCLC,Suspension,R,True,True,True,True,True,True,True,True,True,
2943603,16264,284,1060.0,0.25,1108,R2-D1-S,Glo,4,1224,3381,15927,gdsc:1060:0.25uM,PD0325901,2016-06-05T23:00:00Z,2016-06-09T23:00:00Z,SIDM00116,False,SIDM00116,SIDP00751,lung_NSCLC,Adherent,R,True,True,True,True,True,True,True,True,True,
2945598,16273,284,1060.0,0.25,1108,R2-D1-S,Glo,4,1230,3414,15929,gdsc:1060:0.25uM,PD0325901,2016-06-05T23:00:00Z,2016-06-09T23:00:00Z,SIDM01148,False,SIDM01148,SIDP00271,myeloma,Suspension,R,True,True,True,True,True,False,True,True,False,no_development_parent
2947593,16276,284,1060.0,0.25,1108,R2-D1-S,Glo,4,642,3474,15931,gdsc:1060:0.25uM,PD0325901,2016-06-05T23:00:00Z,2016-06-09T23:00:00Z,SIDM00363,False,,,,,,True,False,False,True,True,True,True,True,False,known_annotation;model_identity_match
2949588,16279,284,1060.0,0.25,1108,R2-D1-S,Glo,4,1873,4580,15933,gdsc:1060:0.25uM,PD0325901,2016-06-05T23:00:00Z,2016-06-09T23:00:00Z,SIDM01138,False,,,,,,True,False,False,True,True,True,True,True,False,known_annotation;model_identity_match
2951583,16282,284,1060.0,0.25,1108,R2-D1-S,Glo,4,1905,4020,15935,gdsc:1060:0.25uM,PD0325901,2016-06-05T23:00:00Z,2016-06-09T23:00:00Z,SIDM00817,False,SIDM00817,SIDP00007,kidney,Adherent,D/F12,True,True,True,True,True,False,True,True,False,no_development_parent
2953578,16285,284,1060.0,0.25,1108,R2-D1-S,Glo,4,1983,2042,15937,gdsc:1060:0.25uM,PD0325901,2016-06-05T23:00:00Z,2016-06-09T23:00:00Z,SIDM00218,False,SIDM00218,SIDP00534,thyroid,Adherent,D/F12,True,True,True,True,True,True,True,True,True,
2955573,16288,284,1060.0,0.25,1108,R2-D1-S,Glo,4,2054,2075,15939,gdsc:1060:0.25uM,PD0325901,2016-06-05T23:00:00Z,2016-06-09T23:00:00Z,SIDM01080,False,SIDM01080,SIDP00299,aero_dig_tract,Adherent,D/F12,True,True,True,True,True,True,True,True,True,
2957568,16291,284,1060.0,0.25,1108,R2-D1-S,Glo,4,1066,4737,15941,gdsc:1060:0.25uM,PD0325901,2016-06-05T23:00:00Z,2016-06-09T23:00:00Z,SIDM01197,False,SIDM01197,SIDP00327,large_intestine,Suspension,R,True,True,True,True,True,False,True,True,False,no_development_parent
2959563,16300,284,1060.0,0.25,1108,R2-D1-S,Glo,4,1920,5212,15947,gdsc:1060:0.25uM,PD0325901,2016-06-05T23:00:00Z,2016-06-09T23:00:00Z,SIDM00783,False,SIDM00783,SIDP00033,large_intestine,Adherent,R,True,True,True,True,True,False,True,True,False,no_development_parent
2961558,16303,284,1060.0,0.25,1108,R2-D1-S,Glo,4,1019,3791,15949,gdsc:1060:0.25uM,PD0325901,2016-06-05T23:00:00Z,2016-06-09T23:00:00Z,SIDM01041,False,SIDM01041,SIDP00450,aero_dig_tract,Adherent,R,True,True,True,True,True,False,True,True,False,no_development_parent
2963553,16306,284,1060.0,0.25,1108,R2-D1-S,Glo,4,1038,2986,15951,gdsc:1060:0.25uM,PD0325901,2016-06-05T23:00:00Z,2016-06-09T23:00:00Z,SIDM00614,False,SIDM00614,SIDP00880,digestive_system,Adherent,D/F12,True,True,True,True,True,True,True,True,True,
2965548,16315,284,1060.0,0.25,1108,R2-D1-S,Glo,4,1270,2223,15955,gdsc:1060:0.25uM,PD0325901,2016-06-05T23:00:00Z,2016-06-09T23:00:00Z,SIDM00484,False,,,,,,True,False,False,True,True,True,True,True,False,known_annotation;model_identity_match
2967543,16318,284,1060.0,0.25,1108,R2-D1-S,Glo,4,915,3337,15957,gdsc:1060:0.25uM,PD0325901,2016-06-05T23:00:00Z,2016-06-09T23:00:00Z,SIDM00708,False,SIDM00708,SIDP00224,lung_NSCLC,Semi-Adherent,D/F12,True,True,True,True,True,True,True,True,True,
2969538,16321,284,1060.0,0.25,1108,R2-D1-S,Glo,4,1641,2526,15959,gdsc:1060:0.25uM,PD0325901,2016-06-05T23:00:00Z,2016-06-09T23:00:00Z,SIDM01109,False,SIDM01109,SIDP00308,soft_tissue,Adherent,D/F12,True,True,True,True,True,True,True,True,True,
3006277,16219,284,1036.0,10.0,627,L11-D1-S,Glo,4,218,2584,16044,gdsc:1036:10uM,PLX-4720,2016-06-05T23:00:00Z,2016-06-09T23:00:00Z,SIDM00142,False,SIDM00142,SIDP00744,urogenital_system,Suspension,R,True,True,True,True,True,True,True,True,True,
3049388,16514,284,1036.0,10.0,627,L11-D1-S,Glo,4,1204,3033,16205,gdsc:1036:10uM,PLX-4720,2016-06-12T23:00:00Z,2016-06-16T23:00:00Z,SIDM00993,False,SIDM00993,SIDP00389,myeloma,Suspension,R,True,True,True,True,True,False,True,True,False,no_development_parent
3051383,16517,284,1036.0,10.0,627,L11-D1-S,Glo,4,1583,3244,16207,gdsc:1036:10uM,PLX-4720,2016-06-12T23:00:00Z,2016-06-16T23:00:00Z,SIDM00989,False,SIDM00989,SIDP00393,urogenital_system,Adherent,D/F12,True,True,True,True,True,False,True,True,False,no_development_parent
3053378,16520,284,1036.0,10.0,627,L11-D1-S,Glo,4,1575,3311,16209,gdsc:1036:10uM,PLX-4720,2016-06-12T23:00:00Z,2016-06-16T23:00:00Z,SIDM00485,False,SIDM00485,SIDP00839,aero_dig_tract,Adherent,D/F12,True,True,True,True,True,True,True,True,True,
3055373,16523,284,1036.0,10.0,627,L11-D1-S,Glo,4,641,6589,16211,gdsc:1036:10uM,PLX-4720,2016-06-12T23:00:00Z,2016-06-16T23:00:00Z,SIDM00934,False,SIDM00934,SIDP00417,pancreas,Adherent,D/F12,True,True,True,True,True,True,True,True,True,
3057368,16528,284,1036.0,10.0,627,L11-D1-S,Glo,4,1035,2655,16213,gdsc:1036:10uM,PLX-4720,2016-06-12T23:00:00Z,2016-06-16T23:00:00Z,SIDM00946,False,SIDM00946,SIDP00435,leukemia,Suspension,R,True,True,True,True,True,False,True,True,False,no_development_parent
3059363,16531,284,1036.0,10.0,627,L11-D1-S,Glo,4,613,2381,16215,gdsc:1036:10uM,PLX-4720,2016-06-12T23:00:00Z,2016-06-16T23:00:00Z,SIDM00196,False,SIDM00196,SIDP00520,bone,Adherent,R,True,True,True,True,True,False,True,True,False,no_development_parent
3061358,16534,284,1036.0,10.0,627,L11-D1-S,Glo,4,889,2834,16217,gdsc:1036:10uM,PLX-4720,2016-06-12T23:00:00Z,2016-06-16T23:00:00Z,SIDM00669,False,SIDM00669,SIDP00124,pancreas,Adherent,D/F12,True,True,True,True,True,False,True,True,False,no_development_parent
3063353,16537,284,1036.0,10.0,627,L11-D1-S,Glo,4,1574,2961,16219,gdsc:1036:10uM,PLX-4720,2016-06-12T23:00:00Z,2016-06-16T23:00:00Z,SIDM00632,False,SIDM00632,SIDP00158,myeloma,Suspension,R,True,True,True,True,True,False,True,True,False,no_development_parent
3065348,16540,284,1036.0,10.0,627,L11-D1-S,Glo,4,1973,3021,16221,gdsc:1036:10uM,PLX-4720,2016-06-12T23:00:00Z,2016-06-16T23:00:00Z,SIDM01008,False,SIDM01008,SIDP00481,lymphoma,Suspension,R,True,True,True,True,True,False,True,True,False,no_development_parent
3067343,16546,284,1036.0,10.0,627,L11-D1-S,Glo,4,918,3370,16225,gdsc:1036:10uM,PLX-4720,2016-06-12T23:00:00Z,2016-06-16T23:00:00Z,SIDM00137,False,SIDM00137,SIDP00748,lung_NSCLC,Adherent,R,True,True,True,True,True,True,True,True,True,
3069338,16549,284,1036.0,10.0,627,L11-D1-S,Glo,4,1815,3375,16227,gdsc:1036:10uM,PLX-4720,2016-06-12T23:00:00Z,2016-06-16T23:00:00Z,SIDM00925,False,SIDM00925,SIDP00248,lung_NSCLC,Adherent,R,True,True,True,True,True,True,True,True,True,
3071333,16558,284,1036.0,10.0,627,L11-D1-S,Glo,4,1545,6457,16231,gdsc:1036:10uM,PLX-4720,2016-06-12T23:00:00Z,2016-06-16T23:00:00Z,SIDM01131,False,SIDM01131,SIDP00266,lung_SCLC,Suspension,R,True,True,True,True,True,True,True,True,True,
3073328,16561,284,1036.0,10.0,627,L11-D1-S,Glo,4,749,3437,16233,gdsc:1036:10uM,PLX-4720,2016-06-12T23:00:00Z,2016-06-16T23:00:00Z,SIDM00446,False,SIDM00446,SIDP01017,leukemia,Suspension,D/F12,True,True,True,True,True,False,True,True,False,no_development_parent
3075323,16570,284,1036.0,10.0,627,L11-D1-S,Glo,4,1272,2023,16239,gdsc:1036:10uM,PLX-4720,2016-06-12T23:00:00Z,2016-06-16T23:00:00Z,SIDM00447,False,SIDM00447,SIDP01031,leukemia,Suspension,R,True,True,True,True,True,False,True,True,False,no_development_parent
3077318,16576,284,1036.0,10.0,627,L11-D1-S,Glo,4,399,6459,16243,gdsc:1036:10uM,PLX-4720,2016-06-12T23:00:00Z,2016-06-16T23:00:00Z,SIDM01084,False,SIDM01084,SIDP00295,bone,Adherent,R,True,True,True,True,True,True,True,True,True,
3079313,16579,284,1036.0,10.0,627,L11-D1-S,Glo,4,1765,2066,16245,gdsc:1036:10uM,PLX-4720,2016-06-12T23:00:00Z,2016-06-16T23:00:00Z,SIDM00367,False,SIDM00367,SIDP00947,lung_SCLC,Adherent,D/F12,True,True,True,True,True,True,True,True,True,
3082215,16585,284,1036.0,10.0,627,L11-D1-S,Glo,4,945,2527,16249,gdsc:1036:10uM,PLX-4720,2016-06-12T23:00:00Z,2016-06-16T23:00:00Z,SIDM01106,False,SIDM01106,SIDP00311,skin,Adherent,D/F12,True,True,True,True,True,True,True,True,True,
3084210,16588,284,1036.0,10.0,627,L11-D1-S,Glo,4,946,2531,16251,gdsc:1036:10uM,PLX-4720,2016-06-12T23:00:00Z,2016-06-16T23:00:00Z,SIDM01097,False,SIDM01097,SIDP00319,bone,Adherent,D/F12,True,True,True,True,True,True,True,True,True,
3086205,16591,284,1036.0,10.0,627,L11-D1-S,Glo,4,1452,2160,16253,gdsc:1036:10uM,PLX-4720,2016-06-12T23:00:00Z,2016-06-16T23:00:00Z,SIDM01154,False,SIDM01154,SIDP00332,leukemia,Suspension,R,True,True,True,True,True,True,True,True,True,
3088200,16594,284,1036.0,10.0,627,L11-D1-S,Glo,4,1470,2267,16255,gdsc:1036:10uM,PLX-4720,2016-06-12T23:00:00Z,2016-06-16T23:00:00Z,SIDM01102,False,SIDM01102,SIDP00367,lymphoma,Suspension,R,True,True,True,True,True,True,True,True,True,
3089288,16511,284,1036.0,10.0,627,L11-D1-S,Glo,4,1245,2767,16257,gdsc:1036:10uM,PLX-4720,2016-06-12T23:00:00Z,2016-06-16T23:00:00Z,SIDM00210,False,SIDM00210,SIDP00522,urogenital_system,Semi-Adherent,R,True,True,True,True,True,False,True,True,False,no_development_parent
3117099,16669,284,1036.0,10.0,627,L11-D1-S,Glo,4,1761,2014,16365,gdsc:1036:10uM,PLX-4720,2016-06-15T23:00:00Z,2016-06-19T23:00:00Z,SIDM00889,False,SIDM00889,SIDP00072,urogenital_system,Adherent,D/F12,True,True,True,True,True,False,True,True,False,no_development_parent
3120001,16675,284,1036.0,10.0,627,L11-D1-S,Glo,4,1151,2424,16369,gdsc:1036:10uM,PLX-4720,2016-06-15T23:00:00Z,2016-06-19T23:00:00Z,SIDM00121,False,SIDM00121,SIDP00729,leukemia,Suspension,R,True,True,True,True,True,False,True,True,False,no_development_parent
3122903,16680,284,1036.0,10.0,627,L11-D1-S,Glo,4,799,2359,16372,gdsc:1036:10uM,PLX-4720,2016-06-15T23:00:00Z,2016-06-19T23:00:00Z,SIDM00280,False,SIDM00280,SIDP00588,digestive_system,Suspension,R,True,True,True,True,True,True,True,True,True,
3124898,16683,284,1036.0,10.0,627,L11-D1-S,Glo,4,1971,2731,16374,gdsc:1036:10uM,PLX-4720,2016-06-15T23:00:00Z,2016-06-19T23:00:00Z,SIDM00154,False,SIDM00154,SIDP00783,lung,Adherent,R,True,True,True,True,True,False,True,True,False,no_development_parent
3126893,16686,284,1036.0,10.0,627,L11-D1-S,Glo,4,93,2742,16376,gdsc:1036:10uM,PLX-4720,2016-06-15T23:00:00Z,2016-06-19T23:00:00Z,SIDM00517,False,SIDM00517,SIDP00790,aero_dig_tract,Adherent,R,True,True,True,True,True,False,True,True,False,no_development_parent
3128888,16689,284,1036.0,10.0,627,L11-D1-S,Glo,4,1977,2427,16378,gdsc:1036:10uM,PLX-4720,2016-06-15T23:00:00Z,2016-06-19T23:00:00Z,SIDM00556,False,SIDM00556,SIDP00896,neuroblastoma,Adherent,R,True,True,True,True,True,True,True,True,True,
3130883,16695,284,1036.0,10.0,627,L11-D1-S,Glo,4,401,4581,16382,gdsc:1036:10uM,PLX-4720,2016-06-15T23:00:00Z,2016-06-19T23:00:00Z,SIDM00149,False,SIDM00149,SIDP00739,skin,Semi-Adherent,R,True,True,True,True,True,True,True,True,True,
3132878,16698,284,1036.0,10.0,627,L11-D1-S,Glo,4,1542,3202,16384,gdsc:1036:10uM,PLX-4720,2016-06-15T23:00:00Z,2016-06-19T23:00:00Z,SIDM00247,False,SIDM00247,SIDP00617,digestive_system,Adherent,R,True,True,True,True,True,True,True,True,True,
3134873,16701,284,1036.0,10.0,627,L11-D1-S,Glo,4,32,2474,16386,gdsc:1036:10uM,PLX-4720,2016-06-15T23:00:00Z,2016-06-19T23:00:00Z,SIDM00256,False,SIDM00256,SIDP00645,neuroblastoma,Adherent,D/F12,True,True,True,True,True,True,True,True,True,
3136868,16704,284,1036.0,10.0,627,L11-D1-S,Glo,4,1235,3271,16388,gdsc:1036:10uM,PLX-4720,2016-06-15T23:00:00Z,2016-06-19T23:00:00Z,SIDM00649,False,SIDM00649,SIDP00177,lung_NSCLC,Adherent,R,True,True,True,True,True,True,True,True,True,
3138863,16707,284,1036.0,10.0,627,L11-D1-S,Glo,4,1828,3294,16390,gdsc:1036:10uM,PLX-4720,2016-06-15T23:00:00Z,2016-06-19T23:00:00Z,SIDM00744,False,SIDM00744,SIDP00194,lung_NSCLC,Adherent,D/F12,True,True,True,True,True,True,True,True,True,
3140858,16719,284,1036.0,10.0,627,L11-D1-S,Glo,4,68,2510,16392,gdsc:1036:10uM,PLX-4720,2016-06-15T23:00:00Z,2016-06-19T23:00:00Z,SIDM01247,False,SIDM01247,SIDP00287,lymphoma,Suspension,R,True,True,True,True,True,False,True,True,False,no_development_parent
3142853,16722,284,1036.0,10.0,627,L11-D1-S,Glo,4,1179,2523,16394,gdsc:1036:10uM,PLX-4720,2016-06-15T23:00:00Z,2016-06-19T23:00:00Z,SIDM01079,False,SIDM01079,SIDP00300,skin,Adherent,D/F12,True,True,True,True,True,True,True,True,True,
3144848,16725,284,1036.0,10.0,627,L11-D1-S,Glo,4,2058,2130,16396,gdsc:1036:10uM,PLX-4720,2016-06-15T23:00:00Z,2016-06-19T23:00:00Z,SIDM00373,False,SIDM00373,SIDP00958,urogenital_system,Adherent,D/F12,True,True,True,True,True,True,True,True,True,
3146843,16728,284,1036.0,10.0,627,L11-D1-S,Glo,4,1912,6831,16398,gdsc:1036:10uM,PLX-4720,2016-06-15T23:00:00Z,2016-06-19T23:00:00Z,SIDM01165,False,,,,,,True,False,False,True,True,True,True,True,False,known_annotation;model_identity_match
3148838,16731,284,1036.0,10.0,627,L11-D1-S,Glo,4,131,2193,16400,gdsc:1036:10uM,PLX-4720,2016-06-15T23:00:00Z,2016-06-19T23:00:00Z,SIDM01171,False,SIDM01171,SIDP00350,nervous_system,Adherent,D/F12,True,True,True,True,True,True,True,True,True,
3150833,16734,284,1036.0,10.0,627,L11-D1-S,Glo,4,2253,2555,16402,gdsc:1036:10uM,PLX-4720,2016-06-15T23:00:00Z,2016-06-19T23:00:00Z,SIDM00326,False,SIDM00326,SIDP00966,aero_dig_tract,Adherent,D/F12,True,True,True,True,True,True,True,True,True,
3152828,16737,284,1036.0,10.0,627,L11-D1-S,Glo,4,1401,2563,16404,gdsc:1036:10uM,PLX-4720,2016-06-15T23:00:00Z,2016-06-19T23:00:00Z,SIDM00113,False,SIDM00113,SIDP00770,kidney,Adherent,R,True,True,True,True,True,True,True,True,True,
3154823,16666,284,1036.0,10.0,627,L11-D1-S,Glo,4,1168,6454,16406,gdsc:1036:10uM,PLX-4720,2016-06-15T23:00:00Z,2016-06-19T23:00:00Z,SIDM00508,False,,,,,,True,False,False,True,True,True,True,True,False,known_annotation;model_identity_match
3156818,16743,284,1036.0,10.0,627,L11-D1-S,Glo,4,1469,2598,16426,gdsc:1036:10uM,PLX-4720,2016-06-16T23:00:00Z,2016-06-20T23:00:00Z,SIDM00956,False,SIDM00956,SIDP00425,aero_dig_tract,Adherent,R,True,True,True,True,True,True,True,True,True,
3157906,16746,284,1036.0,10.0,627,L11-D1-S,Glo,4,426,2681,16427,gdsc:1036:10uM,PLX-4720,2016-06-16T23:00:00Z,2016-06-20T23:00:00Z,SIDM00277,False,SIDM00277,SIDP00591,leukemia,Suspension,R,True,True,True,True,True,False,True,True,False,no_development_parent
3160808,16754,284,1036.0,10.0,627,L11-D1-S,Glo,4,1267,2441,16449,gdsc:1036:10uM,PLX-4720,2016-06-16T23:00:00Z,2016-06-20T23:00:00Z,SIDM00181,False,SIDM00181,SIDP00571,urogenital_system,Adherent,D/F12,True,True,True,True,True,True,True,True,True,
3161896,16765,284,1036.0,10.0,627,L11-D1-S,Glo,4,67,2506,16454,gdsc:1036:10uM,PLX-4720,2016-06-16T23:00:00Z,2016-06-20T23:00:00Z,SIDM00567,False,SIDM00567,SIDP00924,nervous_system,Adherent,R,True,True,True,True,True,True,True,True,True,
3162984,16767,284,1036.0,10.0,627,L11-D1-S,Glo,4,197,3484,16455,gdsc:1036:10uM,PLX-4720,2016-06-16T23:00:00Z,2016-06-20T23:00:00Z,SIDM01135,False,SIDM01135,SIDP00284,pancreas,Adherent,R,True,True,True,True,True,True,True,True,True,
3164979,16772,284,1036.0,10.0,627,L11-D1-S,Glo,4,1781,2522,16458,gdsc:1036:10uM,PLX-4720,2016-06-16T23:00:00Z,2016-06-20T23:00:00Z,SIDM00083,False,SIDM00083,SIDP00761,nervous_system,Adherent,R,True,True,True,True,True,True,True,True,True,
3166067,16778,284,1036.0,10.0,627,L11-D1-S,Glo,4,1482,2134,16461,gdsc:1036:10uM,PLX-4720,2016-06-16T23:00:00Z,2016-06-20T23:00:00Z,SIDM01180,False,SIDM01180,SIDP00322,digestive_system,Adherent,R,True,True,True,True,True,True,True,True,True,
3168062,16781,284,1036.0,10.0,627,L11-D1-S,Glo,4,2037,2165,16463,gdsc:1036:10uM,PLX-4720,2016-06-16T23:00:00Z,2016-06-20T23:00:00Z,SIDM01156,False,SIDM01156,SIDP00334,lung_SCLC,Adherent,D/F12,True,True,True,True,True,True,True,True,True,
3169150,16792,284,1036.0,10.0,627,L11-D1-S,Glo,4,1919,2680,16545,gdsc:1036:10uM,PLX-4720,2016-06-20T23:00:00Z,2016-06-24T23:00:00Z,SIDM01045,False,SIDM01045,SIDP00446,urogenital_system,Adherent,R,True,True,True,True,True,False,True,True,False,no_development_parent
3171145,16795,284,1036.0,10.0,627,L11-D1-S,Glo,4,1709,2390,16547,gdsc:1036:10uM,PLX-4720,2016-06-20T23:00:00Z,2016-06-24T23:00:00Z,SIDM01259,False,SIDM01259,SIDP00595,leukemia,Suspension,R,True,True,True,True,True,False,True,True,False,no_development_parent
3173140,16804,284,1036.0,10.0,627,L11-D1-S,Glo,4,1624,3798,16551,gdsc:1036:10uM,PLX-4720,2016-06-20T23:00:00Z,2016-06-24T23:00:00Z,SIDM00530,False,SIDM00530,SIDP00814,aero_dig_tract,Suspension,R,True,True,True,True,True,True,True,True,True,
3174228,16809,284,1036.0,10.0,627,L11-D1-S,Glo,4,1237,3287,16552,gdsc:1036:10uM,PLX-4720,2016-06-20T23:00:00Z,2016-06-24T23:00:00Z,SIDM00748,False,SIDM00748,SIDP00190,lung_NSCLC,Semi-Adherent,D/F12,True,True,True,True,True,True,True,True,True,
3176223,16818,284,1036.0,10.0,627,L11-D1-S,Glo,4,1712,3443,16554,gdsc:1036:10uM,PLX-4720,2016-06-20T23:00:00Z,2016-06-24T23:00:00Z,SIDM00568,False,SIDM00568,SIDP00923,digestive_system,Adherent,D/F12,True,True,True,True,True,True,True,True,True,
3178218,16824,284,1036.0,10.0,627,L11-D1-S,Glo,4,69,2512,16556,gdsc:1036:10uM,PLX-4720,2016-06-20T23:00:00Z,2016-06-24T23:00:00Z,SIDM01092,False,SIDM01092,SIDP00288,digestive_system,Adherent,D/F12,True,True,True,True,True,False,True,True,False,no_development_parent
3179306,16827,284,1036.0,10.0,627,L11-D1-S,Glo,4,1473,2062,16558,gdsc:1036:10uM,PLX-4720,2016-06-20T23:00:00Z,2016-06-24T23:00:00Z,SIDM00351,False,SIDM00351,SIDP00944,aero_dig_tract,Adherent,D/F12,True,True,True,True,True,True,True,True,True,
3181301,16830,284,1036.0,10.0,627,L11-D1-S,Glo,4,1476,2074,16560,gdsc:1036:10uM,PLX-4720,2016-06-20T23:00:00Z,2016-06-24T23:00:00Z,SIDM01081,False,SIDM01081,SIDP00298,aero_dig_tract,Adherent,D/F12,True,True,True,True,True,True,True,True,True,
3183296,16836,284,1036.0,10.0,627,L11-D1-S,Glo,4,290,2127,16564,gdsc:1036:10uM,PLX-4720,2016-06-20T23:00:00Z,2016-06-24T23:00:00Z,SIDM00374,False,SIDM00374,SIDP00957,lymphoma,Suspension,R,True,True,True,True,True,True,True,True,True,
3186198,16860,284,1036.0,10.0,627,L11-D1-S,Glo,4,2081,6470,16570,gdsc:1036:10uM,PLX-4720,2016-06-20T23:00:00Z,2016-06-24T23:00:00Z,SIDM00680,False,SIDM00680,SIDP00150,large_intestine,Adherent,D/F12,True,True,True,True,True,False,True,True,False,no_development_parent
3188193,16863,284,1036.0,10.0,627,L11-D1-S,Glo,4,88,3416,16572,gdsc:1036:10uM,PLX-4720,2016-06-20T23:00:00Z,2016-06-24T23:00:00Z,SIDM01147,False,SIDM01147,SIDP00272,digestive_system,Adherent,R,True,True,True,True,True,True,True,True,True,
3191095,16869,284,1036.0,10.0,627,L11-D1-S,Glo,4,2063,2697,16576,gdsc:1036:10uM,PLX-4720,2016-06-20T23:00:00Z,2016-06-24T23:00:00Z,SIDM01040,False,,,,,,True,False,False,True,True,True,True,True,False,known_annotation;model_identity_match
3193090,16872,284,1036.0,10.0,627,L11-D1-S,Glo,4,2176,2383,16578,gdsc:1036:10uM,PLX-4720,2016-06-20T23:00:00Z,2016-06-24T23:00:00Z,SIDM00202,False,SIDM00202,SIDP00514,bone,Adherent,R,True,True,True,True,True,False,True,True,False,no_development_parent
3195085,16875,284,1036.0,10.0,627,L11-D1-S,Glo,4,8,2239,16580,gdsc:1036:10uM,PLX-4720,2016-06-20T23:00:00Z,2016-06-24T23:00:00Z,SIDM00107,False,SIDM00107,SIDP00774,skin,Adherent,D/F12,True,True,True,True,True,True,True,True,True,
3197080,16878,284,1036.0,10.0,627,L11-D1-S,Glo,4,1470,2267,16582,gdsc:1036:10uM,PLX-4720,2016-06-20T23:00:00Z,2016-06-24T23:00:00Z,SIDM01102,False,SIDM01102,SIDP00367,lymphoma,Suspension,R,True,True,True,True,True,True,True,True,True,
3199075,16789,284,1036.0,10.0,627,L11-D1-S,Glo,4,660,6370,16604,gdsc:1036:10uM,PLX-4720,2016-06-20T23:00:00Z,2016-06-24T23:00:00Z,SIDM00848,False,SIDM00848,SIDP00057,soft_tissue,Adherent,D/F12,True,True,True,True,True,False,True,True,False,no_development_parent
3234038,16294,284,1036.0,10.0,627,L11-D1-S,Glo,4,2154,6429,16665,gdsc:1036:10uM,PLX-4720,2016-06-05T23:00:00Z,2016-06-09T23:00:00Z,SIDM01077,False,SIDM01077,SIDP00366,urogenital_system,Adherent,D/F12,True,True,True,True,True,True,True,True,True,
3236940,16246,284,1036.0,10.0,627,L11-D1-S,Glo,4,2266,5278,16668,gdsc:1036:10uM,PLX-4720,2016-06-05T23:00:00Z,2016-06-09T23:00:00Z,SIDM00776,False,SIDM00776,SIDP00039,large_intestine,Adherent,D/F12,True,True,True,True,True,False,True,True,False,no_development_parent
3238935,17031,284,1036.0,10.0,627,L11-D1-S,Glo,4,560,2011,16672,gdsc:1036:10uM,PLX-4720,2016-06-23T23:00:00Z,2016-06-27T23:00:00Z,SIDM00469,False,SIDM00469,SIDP00834,pancreas,Adherent,R,True,True,True,True,True,True,True,True,True,
3240930,16965,284,1036.0,10.0,627,L11-D1-S,Glo,4,550,6389,16685,gdsc:1036:10uM,PLX-4720,2016-06-23T23:00:00Z,2016-06-27T23:00:00Z,SIDM00930,False,SIDM00930,SIDP00414,bone,Adherent,D/F12,True,True,True,True,True,False,True,True,False,no_development_parent
3243832,16971,284,1036.0,10.0,627,L11-D1-S,Glo,4,1184,2633,16688,gdsc:1036:10uM,PLX-4720,2016-06-23T23:00:00Z,2016-06-27T23:00:00Z,SIDM00888,False,SIDM00888,SIDP00087,nervous_system,Adherent,D/F12,True,True,True,True,True,False,True,True,False,no_development_parent
3245827,16977,284,1036.0,10.0,627,L11-D1-S,Glo,4,94,6590,16690,gdsc:1036:10uM,PLX-4720,2016-06-23T23:00:00Z,2016-06-27T23:00:00Z,SIDM00884,False,,,,,,True,False,False,True,True,True,True,True,False,known_annotation;model_identity_match
3247822,16980,284,1036.0,10.0,627,L11-D1-S,Glo,4,706,2828,16692,gdsc:1036:10uM,PLX-4720,2016-06-23T23:00:00Z,2016-06-27T23:00:00Z,SIDM00592,False,SIDM00592,SIDP00864,aero_dig_tract,Adherent,D/F12,True,True,True,True,True,False,True,True,False,no_development_parent
3249817,16983,284,1036.0,10.0,627,L11-D1-S,Glo,4,906,3020,16694,gdsc:1036:10uM,PLX-4720,2016-06-23T23:00:00Z,2016-06-27T23:00:00Z,SIDM01010,False,SIDM01010,SIDP00480,lymphoma,Suspension,R,True,True,True,True,True,True,True,True,True,
3006569,16219,284,1060.0,0.25,1108,R2-D1-S,Glo,4,218,2584,16044,gdsc:1060:0.25uM,PD0325901,2016-06-05T23:00:00Z,2016-06-09T23:00:00Z,SIDM00142,False,SIDM00142,SIDP00744,urogenital_system,Suspension,R,True,True,True,True,True,True,True,True,True,
3049680,16514,284,1060.0,0.25,1108,R2-D1-S,Glo,4,1204,3033,16205,gdsc:1060:0.25uM,PD0325901,2016-06-12T23:00:00Z,2016-06-16T23:00:00Z,SIDM00993,False,SIDM00993,SIDP00389,myeloma,Suspension,R,True,True,True,True,True,False,True,True,False,no_development_parent
3051675,16517,284,1060.0,0.25,1108,R2-D1-S,Glo,4,1583,3244,16207,gdsc:1060:0.25uM,PD0325901,2016-06-12T23:00:00Z,2016-06-16T23:00:00Z,SIDM00989,False,SIDM00989,SIDP00393,urogenital_system,Adherent,D/F12,True,True,True,True,True,False,True,True,False,no_development_parent
3053670,16520,284,1060.0,0.25,1108,R2-D1-S,Glo,4,1575,3311,16209,gdsc:1060:0.25uM,PD0325901,2016-06-12T23:00:00Z,2016-06-16T23:00:00Z,SIDM00485,False,SIDM00485,SIDP00839,aero_dig_tract,Adherent,D/F12,True,True,True,True,True,True,True,True,True,
3055665,16523,284,1060.0,0.25,1108,R2-D1-S,Glo,4,641,6589,16211,gdsc:1060:0.25uM,PD0325901,2016-06-12T23:00:00Z,2016-06-16T23:00:00Z,SIDM00934,False,SIDM00934,SIDP00417,pancreas,Adherent,D/F12,True,True,True,True,True,True,True,True,True,
3057660,16528,284,1060.0,0.25,1108,R2-D1-S,Glo,4,1035,2655,16213,gdsc:1060:0.25uM,PD0325901,2016-06-12T23:00:00Z,2016-06-16T23:00:00Z,SIDM00946,False,SIDM00946,SIDP00435,leukemia,Suspension,R,True,True,True,True,True,False,True,True,False,no_development_parent
3059655,16531,284,1060.0,0.25,1108,R2-D1-S,Glo,4,613,2381,16215,gdsc:1060:0.25uM,PD0325901,2016-06-12T23:00:00Z,2016-06-16T23:00:00Z,SIDM00196,False,SIDM00196,SIDP00520,bone,Adherent,R,True,True,True,True,True,False,True,True,False,no_development_parent
3061650,16534,284,1060.0,0.25,1108,R2-D1-S,Glo,4,889,2834,16217,gdsc:1060:0.25uM,PD0325901,2016-06-12T23:00:00Z,2016-06-16T23:00:00Z,SIDM00669,False,SIDM00669,SIDP00124,pancreas,Adherent,D/F12,True,True,True,True,True,False,True,True,False,no_development_parent
3063645,16537,284,1060.0,0.25,1108,R2-D1-S,Glo,4,1574,2961,16219,gdsc:1060:0.25uM,PD0325901,2016-06-12T23:00:00Z,2016-06-16T23:00:00Z,SIDM00632,False,SIDM00632,SIDP00158,myeloma,Suspension,R,True,True,True,True,True,False,True,True,False,no_development_parent
3065640,16540,284,1060.0,0.25,1108,R2-D1-S,Glo,4,1973,3021,16221,gdsc:1060:0.25uM,PD0325901,2016-06-12T23:00:00Z,2016-06-16T23:00:00Z,SIDM01008,False,SIDM01008,SIDP00481,lymphoma,Suspension,R,True,True,True,True,True,False,True,True,False,no_development_parent
3067635,16546,284,1060.0,0.25,1108,R2-D1-S,Glo,4,918,3370,16225,gdsc:1060:0.25uM,PD0325901,2016-06-12T23:00:00Z,2016-06-16T23:00:00Z,SIDM00137,False,SIDM00137,SIDP00748,lung_NSCLC,Adherent,R,True,True,True,True,True,True,True,True,True,
3069630,16549,284,1060.0,0.25,1108,R2-D1-S,Glo,4,1815,3375,16227,gdsc:1060:0.25uM,PD0325901,2016-06-12T23:00:00Z,2016-06-16T23:00:00Z,SIDM00925,False,SIDM00925,SIDP00248,lung_NSCLC,Adherent,R,True,True,True,True,True,True,True,True,True,
3071625,16558,284,1060.0,0.25,1108,R2-D1-S,Glo,4,1545,6457,16231,gdsc:1060:0.25uM,PD0325901,2016-06-12T23:00:00Z,2016-06-16T23:00:00Z,SIDM01131,False,SIDM01131,SIDP00266,lung_SCLC,Suspension,R,True,True,True,True,True,True,True,True,True,
3073620,16561,284,1060.0,0.25,1108,R2-D1-S,Glo,4,749,3437,16233,gdsc:1060:0.25uM,PD0325901,2016-06-12T23:00:00Z,2016-06-16T23:00:00Z,SIDM00446,False,SIDM00446,SIDP01017,leukemia,Suspension,D/F12,True,True,True,True,True,False,True,True,False,no_development_parent
3075615,16570,284,1060.0,0.25,1108,R2-D1-S,Glo,4,1272,2023,16239,gdsc:1060:0.25uM,PD0325901,2016-06-12T23:00:00Z,2016-06-16T23:00:00Z,SIDM00447,False,SIDM00447,SIDP01031,leukemia,Suspension,R,True,True,True,True,True,False,True,True,False,no_development_parent
3077610,16576,284,1060.0,0.25,1108,R2-D1-S,Glo,4,399,6459,16243,gdsc:1060:0.25uM,PD0325901,2016-06-12T23:00:00Z,2016-06-16T23:00:00Z,SIDM01084,False,SIDM01084,SIDP00295,bone,Adherent,R,True,True,True,True,True,True,True,True,True,
3079605,16579,284,1060.0,0.25,1108,R2-D1-S,Glo,4,1765,2066,16245,gdsc:1060:0.25uM,PD0325901,2016-06-12T23:00:00Z,2016-06-16T23:00:00Z,SIDM00367,False,SIDM00367,SIDP00947,lung_SCLC,Adherent,D/F12,True,True,True,True,True,True,True,True,True,
3082507,16585,284,1060.0,0.25,1108,R2-D1-S,Glo,4,945,2527,16249,gdsc:1060:0.25uM,PD0325901,2016-06-12T23:00:00Z,2016-06-16T23:00:00Z,SIDM01106,False,SIDM01106,SIDP00311,skin,Adherent,D/F12,True,True,True,True,True,True,True,True,True,
3084502,16588,284,1060.0,0.25,1108,R2-D1-S,Glo,4,946,2531,16251,gdsc:1060:0.25uM,PD0325901,2016-06-12T23:00:00Z,2016-06-16T23:00:00Z,SIDM01097,False,SIDM01097,SIDP00319,bone,Adherent,D/F12,True,True,True,True,True,True,True,True,True,
3086497,16591,284,1060.0,0.25,1108,R2-D1-S,Glo,4,1452,2160,16253,gdsc:1060:0.25uM,PD0325901,2016-06-12T23:00:00Z,2016-06-16T23:00:00Z,SIDM01154,False,SIDM01154,SIDP00332,leukemia,Suspension,R,True,True,True,True,True,True,True,True,True,
3088492,16594,284,1060.0,0.25,1108,R2-D1-S,Glo,4,1470,2267,16255,gdsc:1060:0.25uM,PD0325901,2016-06-12T23:00:00Z,2016-06-16T23:00:00Z,SIDM01102,False,SIDM01102,SIDP00367,lymphoma,Suspension,R,True,True,True,True,True,True,True,True,True,
3089580,16511,284,1060.0,0.25,1108,R2-D1-S,Glo,4,1245,2767,16257,gdsc:1060:0.25uM,PD0325901,2016-06-12T23:00:00Z,2016-06-16T23:00:00Z,SIDM00210,False,SIDM00210,SIDP00522,urogenital_system,Semi-Adherent,R,True,True,True,True,True,False,True,True,False,no_development_parent
3117391,16669,284,1060.0,0.25,1108,R2-D1-S,Glo,4,1761,2014,16365,gdsc:1060:0.25uM,PD0325901,2016-06-15T23:00:00Z,2016-06-19T23:00:00Z,SIDM00889,False,SIDM00889,SIDP00072,urogenital_system,Adherent,D/F12,True,True,True,True,True,False,True,True,False,no_development_parent
3120293,16675,284,1060.0,0.25,1108,R2-D1-S,Glo,4,1151,2424,16369,gdsc:1060:0.25uM,PD0325901,2016-06-15T23:00:00Z,2016-06-19T23:00:00Z,SIDM00121,False,SIDM00121,SIDP00729,leukemia,Suspension,R,True,True,True,True,True,False,True,True,False,no_development_parent
3123195,16680,284,1060.0,0.25,1108,R2-D1-S,Glo,4,799,2359,16372,gdsc:1060:0.25uM,PD0325901,2016-06-15T23:00:00Z,2016-06-19T23:00:00Z,SIDM00280,False,SIDM00280,SIDP00588,digestive_system,Suspension,R,True,True,True,True,True,True,True,True,True,
3125190,16683,284,1060.0,0.25,1108,R2-D1-S,Glo,4,1971,2731,16374,gdsc:1060:0.25uM,PD0325901,2016-06-15T23:00:00Z,2016-06-19T23:00:00Z,SIDM00154,False,SIDM00154,SIDP00783,lung,Adherent,R,True,True,True,True,True,False,True,True,False,no_development_parent
3127185,16686,284,1060.0,0.25,1108,R2-D1-S,Glo,4,93,2742,16376,gdsc:1060:0.25uM,PD0325901,2016-06-15T23:00:00Z,2016-06-19T23:00:00Z,SIDM00517,False,SIDM00517,SIDP00790,aero_dig_tract,Adherent,R,True,True,True,True,True,False,True,True,False,no_development_parent
3129180,16689,284,1060.0,0.25,1108,R2-D1-S,Glo,4,1977,2427,16378,gdsc:1060:0.25uM,PD0325901,2016-06-15T23:00:00Z,2016-06-19T23:00:00Z,SIDM00556,False,SIDM00556,SIDP00896,neuroblastoma,Adherent,R,True,True,True,True,True,True,True,True,True,
3131175,16695,284,1060.0,0.25,1108,R2-D1-S,Glo,4,401,4581,16382,gdsc:1060:0.25uM,PD0325901,2016-06-15T23:00:00Z,2016-06-19T23:00:00Z,SIDM00149,False,SIDM00149,SIDP00739,skin,Semi-Adherent,R,True,True,True,True,True,True,True,True,True,
3133170,16698,284,1060.0,0.25,1108,R2-D1-S,Glo,4,1542,3202,16384,gdsc:1060:0.25uM,PD0325901,2016-06-15T23:00:00Z,2016-06-19T23:00:00Z,SIDM00247,False,SIDM00247,SIDP00617,digestive_system,Adherent,R,True,True,True,True,True,True,True,True,True,
3135165,16701,284,1060.0,0.25,1108,R2-D1-S,Glo,4,32,2474,16386,gdsc:1060:0.25uM,PD0325901,2016-06-15T23:00:00Z,2016-06-19T23:00:00Z,SIDM00256,False,SIDM00256,SIDP00645,neuroblastoma,Adherent,D/F12,True,True,True,True,True,True,True,True,True,
3137160,16704,284,1060.0,0.25,1108,R2-D1-S,Glo,4,1235,3271,16388,gdsc:1060:0.25uM,PD0325901,2016-06-15T23:00:00Z,2016-06-19T23:00:00Z,SIDM00649,False,SIDM00649,SIDP00177,lung_NSCLC,Adherent,R,True,True,True,True,True,True,True,True,True,
3139155,16707,284,1060.0,0.25,1108,R2-D1-S,Glo,4,1828,3294,16390,gdsc:1060:0.25uM,PD0325901,2016-06-15T23:00:00Z,2016-06-19T23:00:00Z,SIDM00744,False,SIDM00744,SIDP00194,lung_NSCLC,Adherent,D/F12,True,True,True,True,True,True,True,True,True,
3141150,16719,284,1060.0,0.25,1108,R2-D1-S,Glo,4,68,2510,16392,gdsc:1060:0.25uM,PD0325901,2016-06-15T23:00:00Z,2016-06-19T23:00:00Z,SIDM01247,False,SIDM01247,SIDP00287,lymphoma,Suspension,R,True,True,True,True,True,False,True,True,False,no_development_parent
3143145,16722,284,1060.0,0.25,1108,R2-D1-S,Glo,4,1179,2523,16394,gdsc:1060:0.25uM,PD0325901,2016-06-15T23:00:00Z,2016-06-19T23:00:00Z,SIDM01079,False,SIDM01079,SIDP00300,skin,Adherent,D/F12,True,True,True,True,True,True,True,True,True,
3145140,16725,284,1060.0,0.25,1108,R2-D1-S,Glo,4,2058,2130,16396,gdsc:1060:0.25uM,PD0325901,2016-06-15T23:00:00Z,2016-06-19T23:00:00Z,SIDM00373,False,SIDM00373,SIDP00958,urogenital_system,Adherent,D/F12,True,True,True,True,True,True,True,True,True,
3147135,16728,284,1060.0,0.25,1108,R2-D1-S,Glo,4,1912,6831,16398,gdsc:1060:0.25uM,PD0325901,2016-06-15T23:00:00Z,2016-06-19T23:00:00Z,SIDM01165,False,,,,,,True,False,False,True,True,True,True,True,False,known_annotation;model_identity_match
3149130,16731,284,1060.0,0.25,1108,R2-D1-S,Glo,4,131,2193,16400,gdsc:1060:0.25uM,PD0325901,2016-06-15T23:00:00Z,2016-06-19T23:00:00Z,SIDM01171,False,SIDM01171,SIDP00350,nervous_system,Adherent,D/F12,True,True,True,True,True,True,True,True,True,
3151125,16734,284,1060.0,0.25,1108,R2-D1-S,Glo,4,2253,2555,16402,gdsc:1060:0.25uM,PD0325901,2016-06-15T23:00:00Z,2016-06-19T23:00:00Z,SIDM00326,False,SIDM00326,SIDP00966,aero_dig_tract,Adherent,D/F12,True,True,True,True,True,True,True,True,True,
3153120,16737,284,1060.0,0.25,1108,R2-D1-S,Glo,4,1401,2563,16404,gdsc:1060:0.25uM,PD0325901,2016-06-15T23:00:00Z,2016-06-19T23:00:00Z,SIDM00113,False,SIDM00113,SIDP00770,kidney,Adherent,R,True,True,True,True,True,True,True,True,True,
3155115,16666,284,1060.0,0.25,1108,R2-D1-S,Glo,4,1168,6454,16406,gdsc:1060:0.25uM,PD0325901,2016-06-15T23:00:00Z,2016-06-19T23:00:00Z,SIDM00508,False,,,,,,True,False,False,True,True,True,True,True,False,known_annotation;model_identity_match
3157110,16743,284,1060.0,0.25,1108,R2-D1-S,Glo,4,1469,2598,16426,gdsc:1060:0.25uM,PD0325901,2016-06-16T23:00:00Z,2016-06-20T23:00:00Z,SIDM00956,False,SIDM00956,SIDP00425,aero_dig_tract,Adherent,R,True,True,True,True,True,True,True,True,True,
3158198,16746,284,1060.0,0.25,1108,R2-D1-S,Glo,4,426,2681,16427,gdsc:1060:0.25uM,PD0325901,2016-06-16T23:00:00Z,2016-06-20T23:00:00Z,SIDM00277,False,SIDM00277,SIDP00591,leukemia,Suspension,R,True,True,True,True,True,False,True,True,False,no_development_parent
3161100,16754,284,1060.0,0.25,1108,R2-D1-S,Glo,4,1267,2441,16449,gdsc:1060:0.25uM,PD0325901,2016-06-16T23:00:00Z,2016-06-20T23:00:00Z,SIDM00181,False,SIDM00181,SIDP00571,urogenital_system,Adherent,D/F12,True,True,True,True,True,True,True,True,True,
3162188,16765,284,1060.0,0.25,1108,R2-D1-S,Glo,4,67,2506,16454,gdsc:1060:0.25uM,PD0325901,2016-06-16T23:00:00Z,2016-06-20T23:00:00Z,SIDM00567,False,SIDM00567,SIDP00924,nervous_system,Adherent,R,True,True,True,True,True,True,True,True,True,
3163276,16767,284,1060.0,0.25,1108,R2-D1-S,Glo,4,197,3484,16455,gdsc:1060:0.25uM,PD0325901,2016-06-16T23:00:00Z,2016-06-20T23:00:00Z,SIDM01135,False,SIDM01135,SIDP00284,pancreas,Adherent,R,True,True,True,True,True,True,True,True,True,
3165271,16772,284,1060.0,0.25,1108,R2-D1-S,Glo,4,1781,2522,16458,gdsc:1060:0.25uM,PD0325901,2016-06-16T23:00:00Z,2016-06-20T23:00:00Z,SIDM00083,False,SIDM00083,SIDP00761,nervous_system,Adherent,R,True,True,True,True,True,True,True,True,True,
3166359,16778,284,1060.0,0.25,1108,R2-D1-S,Glo,4,1482,2134,16461,gdsc:1060:0.25uM,PD0325901,2016-06-16T23:00:00Z,2016-06-20T23:00:00Z,SIDM01180,False,SIDM01180,SIDP00322,digestive_system,Adherent,R,True,True,True,True,True,True,True,True,True,
3168354,16781,284,1060.0,0.25,1108,R2-D1-S,Glo,4,2037,2165,16463,gdsc:1060:0.25uM,PD0325901,2016-06-16T23:00:00Z,2016-06-20T23:00:00Z,SIDM01156,False,SIDM01156,SIDP00334,lung_SCLC,Adherent,D/F12,True,True,True,True,True,True,True,True,True,
3169442,16792,284,1060.0,0.25,1108,R2-D1-S,Glo,4,1919,2680,16545,gdsc:1060:0.25uM,PD0325901,2016-06-20T23:00:00Z,2016-06-24T23:00:00Z,SIDM01045,False,SIDM01045,SIDP00446,urogenital_system,Adherent,R,True,True,True,True,True,False,True,True,False,no_development_parent
3171437,16795,284,1060.0,0.25,1108,R2-D1-S,Glo,4,1709,2390,16547,gdsc:1060:0.25uM,PD0325901,2016-06-20T23:00:00Z,2016-06-24T23:00:00Z,SIDM01259,False,SIDM01259,SIDP00595,leukemia,Suspension,R,True,True,True,True,True,False,True,True,False,no_development_parent
3173432,16804,284,1060.0,0.25,1108,R2-D1-S,Glo,4,1624,3798,16551,gdsc:1060:0.25uM,PD0325901,2016-06-20T23:00:00Z,2016-06-24T23:00:00Z,SIDM00530,False,SIDM00530,SIDP00814,aero_dig_tract,Suspension,R,True,True,True,True,True,True,True,True,True,
3174520,16809,284,1060.0,0.25,1108,R2-D1-S,Glo,4,1237,3287,16552,gdsc:1060:0.25uM,PD0325901,2016-06-20T23:00:00Z,2016-06-24T23:00:00Z,SIDM00748,False,SIDM00748,SIDP00190,lung_NSCLC,Semi-Adherent,D/F12,True,True,True,True,True,True,True,True,True,
3176515,16818,284,1060.0,0.25,1108,R2-D1-S,Glo,4,1712,3443,16554,gdsc:1060:0.25uM,PD0325901,2016-06-20T23:00:00Z,2016-06-24T23:00:00Z,SIDM00568,False,SIDM00568,SIDP00923,digestive_system,Adherent,D/F12,True,True,True,True,True,True,True,True,True,
3178510,16824,284,1060.0,0.25,1108,R2-D1-S,Glo,4,69,2512,16556,gdsc:1060:0.25uM,PD0325901,2016-06-20T23:00:00Z,2016-06-24T23:00:00Z,SIDM01092,False,SIDM01092,SIDP00288,digestive_system,Adherent,D/F12,True,True,True,True,True,False,True,True,False,no_development_parent
3179598,16827,284,1060.0,0.25,1108,R2-D1-S,Glo,4,1473,2062,16558,gdsc:1060:0.25uM,PD0325901,2016-06-20T23:00:00Z,2016-06-24T23:00:00Z,SIDM00351,False,SIDM00351,SIDP00944,aero_dig_tract,Adherent,D/F12,True,True,True,True,True,True,True,True,True,
3181593,16830,284,1060.0,0.25,1108,R2-D1-S,Glo,4,1476,2074,16560,gdsc:1060:0.25uM,PD0325901,2016-06-20T23:00:00Z,2016-06-24T23:00:00Z,SIDM01081,False,SIDM01081,SIDP00298,aero_dig_tract,Adherent,D/F12,True,True,True,True,True,True,True,True,True,
3183588,16836,284,1060.0,0.25,1108,R2-D1-S,Glo,4,290,2127,16564,gdsc:1060:0.25uM,PD0325901,2016-06-20T23:00:00Z,2016-06-24T23:00:00Z,SIDM00374,False,SIDM00374,SIDP00957,lymphoma,Suspension,R,True,True,True,True,True,True,True,True,True,
3186490,16860,284,1060.0,0.25,1108,R2-D1-S,Glo,4,2081,6470,16570,gdsc:1060:0.25uM,PD0325901,2016-06-20T23:00:00Z,2016-06-24T23:00:00Z,SIDM00680,False,SIDM00680,SIDP00150,large_intestine,Adherent,D/F12,True,True,True,True,True,False,True,True,False,no_development_parent
3188485,16863,284,1060.0,0.25,1108,R2-D1-S,Glo,4,88,3416,16572,gdsc:1060:0.25uM,PD0325901,2016-06-20T23:00:00Z,2016-06-24T23:00:00Z,SIDM01147,False,SIDM01147,SIDP00272,digestive_system,Adherent,R,True,True,True,True,True,True,True,True,True,
3191387,16869,284,1060.0,0.25,1108,R2-D1-S,Glo,4,2063,2697,16576,gdsc:1060:0.25uM,PD0325901,2016-06-20T23:00:00Z,2016-06-24T23:00:00Z,SIDM01040,False,,,,,,True,False,False,True,True,True,True,True,False,known_annotation;model_identity_match
3193382,16872,284,1060.0,0.25,1108,R2-D1-S,Glo,4,2176,2383,16578,gdsc:1060:0.25uM,PD0325901,2016-06-20T23:00:00Z,2016-06-24T23:00:00Z,SIDM00202,False,SIDM00202,SIDP00514,bone,Adherent,R,True,True,True,True,True,False,True,True,False,no_development_parent
3195377,16875,284,1060.0,0.25,1108,R2-D1-S,Glo,4,8,2239,16580,gdsc:1060:0.25uM,PD0325901,2016-06-20T23:00:00Z,2016-06-24T23:00:00Z,SIDM00107,False,SIDM00107,SIDP00774,skin,Adherent,D/F12,True,True,True,True,True,True,True,True,True,
3197372,16878,284,1060.0,0.25,1108,R2-D1-S,Glo,4,1470,2267,16582,gdsc:1060:0.25uM,PD0325901,2016-06-20T23:00:00Z,2016-06-24T23:00:00Z,SIDM01102,False,SIDM01102,SIDP00367,lymphoma,Suspension,R,True,True,True,True,True,True,True,True,True,
3199367,16789,284,1060.0,0.25,1108,R2-D1-S,Glo,4,660,6370,16604,gdsc:1060:0.25uM,PD0325901,2016-06-20T23:00:00Z,2016-06-24T23:00:00Z,SIDM00848,False,SIDM00848,SIDP00057,soft_tissue,Adherent,D/F12,True,True,True,True,True,False,True,True,False,no_development_parent
3234330,16294,284,1060.0,0.25,1108,R2-D1-S,Glo,4,2154,6429,16665,gdsc:1060:0.25uM,PD0325901,2016-06-05T23:00:00Z,2016-06-09T23:00:00Z,SIDM01077,False,SIDM01077,SIDP00366,urogenital_system,Adherent,D/F12,True,True,True,True,True,True,True,True,True,
3237232,16246,284,1060.0,0.25,1108,R2-D1-S,Glo,4,2266,5278,16668,gdsc:1060:0.25uM,PD0325901,2016-06-05T23:00:00Z,2016-06-09T23:00:00Z,SIDM00776,False,SIDM00776,SIDP00039,large_intestine,Adherent,D/F12,True,True,True,True,True,False,True,True,False,no_development_parent
3239227,17031,284,1060.0,0.25,1108,R2-D1-S,Glo,4,560,2011,16672,gdsc:1060:0.25uM,PD0325901,2016-06-23T23:00:00Z,2016-06-27T23:00:00Z,SIDM00469,False,SIDM00469,SIDP00834,pancreas,Adherent,R,True,True,True,True,True,True,True,True,True,
3241222,16965,284,1060.0,0.25,1108,R2-D1-S,Glo,4,550,6389,16685,gdsc:1060:0.25uM,PD0325901,2016-06-23T23:00:00Z,2016-06-27T23:00:00Z,SIDM00930,False,SIDM00930,SIDP00414,bone,Adherent,D/F12,True,True,True,True,True,False,True,True,False,no_development_parent
3244124,16971,284,1060.0,0.25,1108,R2-D1-S,Glo,4,1184,2633,16688,gdsc:1060:0.25uM,PD0325901,2016-06-23T23:00:00Z,2016-06-27T23:00:00Z,SIDM00888,False,SIDM00888,SIDP00087,nervous_system,Adherent,D/F12,True,True,True,True,True,False,True,True,False,no_development_parent
3246119,16977,284,1060.0,0.25,1108,R2-D1-S,Glo,4,94,6590,16690,gdsc:1060:0.25uM,PD0325901,2016-06-23T23:00:00Z,2016-06-27T23:00:00Z,SIDM00884,False,,,,,,True,False,False,True,True,True,True,True,False,known_annotation;model_identity_match
3248114,16980,284,1060.0,0.25,1108,R2-D1-S,Glo,4,706,2828,16692,gdsc:1060:0.25uM,PD0325901,2016-06-23T23:00:00Z,2016-06-27T23:00:00Z,SIDM00592,False,SIDM00592,SIDP00864,aero_dig_tract,Adherent,D/F12,True,True,True,True,True,False,True,True,False,no_development_parent
3251812,16986,284,1036.0,10.0,627,L11-D1-S,Glo,4,1228,3207,16696,gdsc:1036:10uM,PLX-4720,2016-06-23T23:00:00Z,2016-06-27T23:00:00Z,SIDM00561,False,SIDM00561,SIDP00909,leukemia,Semi-Adherent,R,True,True,True,True,True,True,True,True,True,
3253807,16998,284,1036.0,10.0,627,L11-D1-S,Glo,4,291,6549,16702,gdsc:1036:10uM,PLX-4720,2016-06-23T23:00:00Z,2016-06-27T23:00:00Z,SIDM01145,False,,,,,,True,False,False,True,True,True,True,True,False,known_annotation;model_identity_match
3255802,17001,284,1036.0,10.0,627,L11-D1-S,Glo,4,1042,3497,16704,gdsc:1036:10uM,PLX-4720,2016-06-23T23:00:00Z,2016-06-27T23:00:00Z,SIDM00044,False,,,,,,True,False,False,True,True,True,True,True,False,known_annotation;model_identity_match
3257797,17007,284,1036.0,10.0,627,L11-D1-S,Glo,4,1271,2019,16708,gdsc:1036:10uM,PLX-4720,2016-06-23T23:00:00Z,2016-06-27T23:00:00Z,SIDM00359,False,SIDM00359,SIDP00936,large_intestine,Adherent,R,True,True,True,True,True,True,True,True,True,
3259792,17010,284,1036.0,10.0,627,L11-D1-S,Glo,4,1480,2118,16710,gdsc:1036:10uM,PLX-4720,2016-06-23T23:00:00Z,2016-06-27T23:00:00Z,SIDM01101,False,SIDM01101,SIDP00315,neuroblastoma,Adherent,D/F12,True,True,True,True,True,True,True,True,True,
3261787,17019,284,1036.0,10.0,627,L11-D1-S,Glo,4,480,6209,16714,gdsc:1036:10uM,PLX-4720,2016-06-23T23:00:00Z,2016-06-27T23:00:00Z,SIDM00835,False,SIDM00835,SIDP00023,large_intestine,Adherent,D/F12,True,True,True,True,True,False,True,True,False,no_development_parent
3262875,17022,284,1036.0,10.0,627,L11-D1-S,Glo,4,974,6376,16716,gdsc:1036:10uM,PLX-4720,2016-06-23T23:00:00Z,2016-06-27T23:00:00Z,SIDM00812,False,SIDM00812,SIDP00027,large_intestine,Adherent,D/F12,True,True,True,True,True,False,True,True,False,no_development_parent
3264870,17025,284,1036.0,10.0,627,L11-D1-S,Glo,4,738,2260,16718,gdsc:1036:10uM,PLX-4720,2016-06-23T23:00:00Z,2016-06-27T23:00:00Z,SIDM00317,False,SIDM00317,SIDP00975,kidney,Adherent,D/F12,True,True,True,True,True,False,True,True,False,no_development_parent
3314768,17283,284,1036.0,10.0,627,L11-D1-S,Glo,4,953,6231,17066,gdsc:1036:10uM,PLX-4720,2016-07-04T23:00:00Z,2016-07-08T23:00:00Z,SIDM00795,False,SIDM00795,SIDP00054,skin,Adherent,D/F12,True,True,True,True,True,False,True,True,False,no_development_parent
3315856,17285,284,1036.0,10.0,627,L11-D1-S,Glo,4,953,6231,17068,gdsc:1036:10uM,PLX-4720,2016-07-04T23:00:00Z,2016-07-08T23:00:00Z,SIDM00795,False,SIDM00795,SIDP00054,skin,Adherent,D/F12,True,True,True,True,True,False,True,True,False,no_development_parent
3317851,17290,284,1036.0,10.0,627,L11-D1-S,Glo,4,369,6849,17072,gdsc:1036:10uM,PLX-4720,2016-07-04T23:00:00Z,2016-07-08T23:00:00Z,SIDM00903,False,SIDM00903,SIDP00060,lung_NSCLC,Adherent,D/F12,True,True,True,True,True,False,True,True,False,no_development_parent
3318939,17291,284,1036.0,10.0,627,L11-D1-S,Glo,4,369,6849,17073,gdsc:1036:10uM,PLX-4720,2016-07-04T23:00:00Z,2016-07-08T23:00:00Z,SIDM00903,False,SIDM00903,SIDP00060,lung_NSCLC,Adherent,D/F12,True,True,True,True,True,False,True,True,False,no_development_parent
3320027,17292,284,1036.0,10.0,627,L11-D1-S,Glo,4,369,6849,17074,gdsc:1036:10uM,PLX-4720,2016-07-04T23:00:00Z,2016-07-08T23:00:00Z,SIDM00903,False,SIDM00903,SIDP00060,lung_NSCLC,Adherent,D/F12,True,True,True,True,True,False,True,True,False,no_development_parent
3324743,17304,284,1036.0,10.0,627,L11-D1-S,Glo,4,1553,6850,17084,gdsc:1036:10uM,PLX-4720,2016-07-04T23:00:00Z,2016-07-08T23:00:00Z,SIDM00789,False,SIDM00789,SIDP00030,large_intestine,Adherent,R,True,True,True,True,True,False,True,True,False,no_development_parent
3325831,17305,284,1036.0,10.0,627,L11-D1-S,Glo,4,1553,6850,17085,gdsc:1036:10uM,PLX-4720,2016-07-04T23:00:00Z,2016-07-08T23:00:00Z,SIDM00789,False,SIDM00789,SIDP00030,large_intestine,Adherent,R,True,True,True,True,True,False,True,True,False,no_development_parent
3326919,17306,284,1036.0,10.0,627,L11-D1-S,Glo,4,1553,6850,17086,gdsc:1036:10uM,PLX-4720,2016-07-04T23:00:00Z,2016-07-08T23:00:00Z,SIDM00789,False,SIDM00789,SIDP00030,large_intestine,Adherent,R,True,True,True,True,True,False,True,True,False,no_development_parent
3330728,17311,284,1036.0,10.0,627,L11-D1-S,Glo,4,1212,5530,17090,gdsc:1036:10uM,PLX-4720,2016-07-04T23:00:00Z,2016-07-08T23:00:00Z,SIDM00136,False,SIDM00136,SIDP00736,large_intestine,Adherent,R,True,True,True,True,True,False,True,True,False,no_development_parent
3331816,17312,284,1036.0,10.0,627,L11-D1-S,Glo,4,1212,5530,17091,gdsc:1036:10uM,PLX-4720,2016-07-04T23:00:00Z,2016-07-08T23:00:00Z,SIDM00136,False,SIDM00136,SIDP00736,large_intestine,Adherent,R,True,True,True,True,True,False,True,True,False,no_development_parent
3332904,17313,284,1036.0,10.0,627,L11-D1-S,Glo,4,1212,5530,17092,gdsc:1036:10uM,PLX-4720,2016-07-04T23:00:00Z,2016-07-08T23:00:00Z,SIDM00136,False,SIDM00136,SIDP00736,large_intestine,Adherent,R,True,True,True,True,True,False,True,True,False,no_development_parent
3342155,17332,284,1036.0,10.0,627,L11-D1-S,Glo,4,198,4712,17108,gdsc:1036:10uM,PLX-4720,2016-07-04T23:00:00Z,2016-07-08T23:00:00Z,SIDM00237,False,SIDM00237,SIDP00627,lung_NSCLC,Adherent,R,True,True,True,True,True,False,True,True,False,no_development_parent
3343243,17333,284,1036.0,10.0,627,L11-D1-S,Glo,4,198,4712,17109,gdsc:1036:10uM,PLX-4720,2016-07-04T23:00:00Z,2016-07-08T23:00:00Z,SIDM00237,False,SIDM00237,SIDP00627,lung_NSCLC,Adherent,R,True,True,True,True,True,False,True,True,False,no_development_parent
3344331,17334,284,1036.0,10.0,627,L11-D1-S,Glo,4,198,4712,17110,gdsc:1036:10uM,PLX-4720,2016-07-04T23:00:00Z,2016-07-08T23:00:00Z,SIDM00237,False,SIDM00237,SIDP00627,lung_NSCLC,Adherent,R,True,True,True,True,True,False,True,True,False,no_development_parent
3348140,17339,284,1036.0,10.0,627,L11-D1-S,Glo,4,37,2536,17114,gdsc:1036:10uM,PLX-4720,2016-07-04T23:00:00Z,2016-07-08T23:00:00Z,SIDM00781,False,SIDM00781,SIDP00035,large_intestine,Adherent,R,True,True,True,True,True,False,True,True,False,no_development_parent
3349228,17340,284,1036.0,10.0,627,L11-D1-S,Glo,4,37,2536,17115,gdsc:1036:10uM,PLX-4720,2016-07-04T23:00:00Z,2016-07-08T23:00:00Z,SIDM00781,False,SIDM00781,SIDP00035,large_intestine,Adherent,R,True,True,True,True,True,False,True,True,False,no_development_parent
3350316,17341,284,1036.0,10.0,627,L11-D1-S,Glo,4,37,2536,17116,gdsc:1036:10uM,PLX-4720,2016-07-04T23:00:00Z,2016-07-08T23:00:00Z,SIDM00781,False,SIDM00781,SIDP00035,large_intestine,Adherent,R,True,True,True,True,True,False,True,True,False,no_development_parent
3354125,17346,284,1036.0,10.0,627,L11-D1-S,Glo,4,3,5529,17120,gdsc:1036:10uM,PLX-4720,2016-07-04T23:00:00Z,2016-07-08T23:00:00Z,SIDM00841,False,SIDM00841,SIDP00019,large_intestine,Adherent,D/F12,True,True,True,True,True,False,True,True,False,no_development_parent
3355213,17347,284,1036.0,10.0,627,L11-D1-S,Glo,4,3,5529,17121,gdsc:1036:10uM,PLX-4720,2016-07-04T23:00:00Z,2016-07-08T23:00:00Z,SIDM00841,False,SIDM00841,SIDP00019,large_intestine,Adherent,D/F12,True,True,True,True,True,False,True,True,False,no_development_parent
3356301,17348,284,1036.0,10.0,627,L11-D1-S,Glo,4,3,5529,17122,gdsc:1036:10uM,PLX-4720,2016-07-04T23:00:00Z,2016-07-08T23:00:00Z,SIDM00841,False,SIDM00841,SIDP00019,large_intestine,Adherent,D/F12,True,True,True,True,True,False,True,True,False,no_development_parent
3360110,17353,284,1036.0,10.0,627,L11-D1-S,Glo,4,1145,5512,17126,gdsc:1036:10uM,PLX-4720,2016-07-04T23:00:00Z,2016-07-08T23:00:00Z,SIDM01191,False,SIDM01191,SIDP00358,bone,Adherent,R,True,True,True,True,True,False,True,True,False,no_development_parent
3361198,17354,284,1036.0,10.0,627,L11-D1-S,Glo,4,1145,5512,17127,gdsc:1036:10uM,PLX-4720,2016-07-04T23:00:00Z,2016-07-08T23:00:00Z,SIDM01191,False,SIDM01191,SIDP00358,bone,Adherent,R,True,True,True,True,True,False,True,True,False,no_development_parent
3362286,17355,284,1036.0,10.0,627,L11-D1-S,Glo,4,1145,5512,17128,gdsc:1036:10uM,PLX-4720,2016-07-04T23:00:00Z,2016-07-08T23:00:00Z,SIDM01191,False,SIDM01191,SIDP00358,bone,Adherent,R,True,True,True,True,True,False,True,True,False,no_development_parent
3412781,17432,284,1036.0,10.0,627,L11-D1-S,Glo,4,1786,2669,17207,gdsc:1036:10uM,PLX-4720,2016-07-07T23:00:00Z,2016-07-11T23:00:00Z,SIDM01056,False,SIDM01056,SIDP00438,breast,Adherent,R,True,True,True,True,True,False,True,True,False,no_development_parent
3414776,17438,284,1036.0,10.0,627,L11-D1-S,Glo,4,1501,6550,17209,gdsc:1036:10uM,PLX-4720,2016-07-07T23:00:00Z,2016-07-11T23:00:00Z,SIDM00225,False,,,,,,True,False,False,True,True,True,True,True,False,known_annotation;model_identity_match
3416771,17441,284,1036.0,10.0,627,L11-D1-S,Glo,4,450,2409,17211,gdsc:1036:10uM,PLX-4720,2016-07-07T23:00:00Z,2016-07-11T23:00:00Z,SIDM00230,False,SIDM00230,SIDP00531,lung_SCLC,Suspension,R,True,True,True,True,True,True,True,True,True,
3418766,17459,284,1036.0,10.0,627,L11-D1-S,Glo,4,1104,3403,17213,gdsc:1036:10uM,PLX-4720,2016-07-07T23:00:00Z,2016-07-11T23:00:00Z,SIDM01116,False,SIDM01116,SIDP00265,lung_NSCLC,Adherent,D/F12,True,True,True,True,True,True,True,True,True,
3420761,17468,284,1036.0,10.0,627,L11-D1-S,Glo,4,1310,2163,17215,gdsc:1036:10uM,PLX-4720,2016-07-07T23:00:00Z,2016-07-11T23:00:00Z,SIDM01155,False,SIDM01155,SIDP00333,nervous_system,Adherent,D/F12,True,True,True,True,True,True,True,True,True,
3422756,17471,284,1036.0,10.0,627,L11-D1-S,Glo,4,480,6209,17217,gdsc:1036:10uM,PLX-4720,2016-07-07T23:00:00Z,2016-07-11T23:00:00Z,SIDM00835,False,SIDM00835,SIDP00023,large_intestine,Adherent,D/F12,True,True,True,True,True,False,True,True,False,no_development_parent
3424751,17474,284,1036.0,10.0,627,L11-D1-S,Glo,4,1141,5949,17219,gdsc:1036:10uM,PLX-4720,2016-07-07T23:00:00Z,2016-07-11T23:00:00Z,SIDM00833,False,SIDM00833,SIDP00025,large_intestine,Adherent,D/F12,True,True,True,True,True,False,True,True,False,no_development_parent
3426746,17477,284,1036.0,10.0,627,L11-D1-S,Glo,4,579,2544,17221,gdsc:1036:10uM,PLX-4720,2016-07-07T23:00:00Z,2016-07-11T23:00:00Z,SIDM00234,False,SIDM00234,SIDP00629,urogenital_system,Suspension,R,True,True,True,True,True,True,True,True,True,
3428741,17480,284,1036.0,10.0,627,L11-D1-S,Glo,4,1312,2556,17223,gdsc:1036:10uM,PLX-4720,2016-07-07T23:00:00Z,2016-07-11T23:00:00Z,SIDM00325,False,SIDM00325,SIDP00967,aero_dig_tract,Adherent,D/F12,True,True,True,True,True,True,True,True,True,
3430736,17483,284,1036.0,10.0,627,L11-D1-S,Glo,4,895,2292,17225,gdsc:1036:10uM,PLX-4720,2016-07-07T23:00:00Z,2016-07-11T23:00:00Z,SIDM00411,False,SIDM00411,SIDP01066,pancreas,Adherent,R,True,True,True,True,True,False,True,True,False,no_development_parent
3468562,17543,284,1036.0,10.0,627,L11-D1-S,Glo,4,65,6489,17321,gdsc:1036:10uM,PLX-4720,2016-07-10T23:00:00Z,2016-07-14T23:00:00Z,SIDM01248,False,,,,,,True,False,False,True,True,True,True,True,False,known_annotation;model_identity_match
3470557,17546,284,1036.0,10.0,627,L11-D1-S,Glo,4,873,2663,17323,gdsc:1036:10uM,PLX-4720,2016-07-10T23:00:00Z,2016-07-14T23:00:00Z,SIDM00863,False,SIDM00863,SIDP00093,lymphoma,Suspension,R,True,True,True,True,True,False,True,True,False,no_development_parent
3474366,17558,284,1036.0,10.0,627,L11-D1-S,Glo,4,1240,3303,17329,gdsc:1036:10uM,PLX-4720,2016-07-10T23:00:00Z,2016-07-14T23:00:00Z,SIDM00738,False,SIDM00738,SIDP00200,lung_NSCLC,Adherent,R,True,True,True,True,True,True,True,True,True,
3476361,17564,284,1036.0,10.0,627,L11-D1-S,Glo,4,961,2046,17331,gdsc:1036:10uM,PLX-4720,2016-07-10T23:00:00Z,2016-07-14T23:00:00Z,SIDM00813,False,SIDM00813,SIDP00011,lymphoma,Suspension,R,True,True,True,True,True,True,True,True,True,
3478356,17570,284,1036.0,10.0,627,L11-D1-S,Glo,4,2164,3795,17335,gdsc:1036:10uM,PLX-4720,2016-07-10T23:00:00Z,2016-07-14T23:00:00Z,SIDM00483,False,SIDM00483,SIDP00837,aero_dig_tract,Adherent,R,True,True,True,True,True,False,True,True,False,no_development_parent
3481258,17576,284,1036.0,10.0,627,L11-D1-S,Glo,4,130,2143,17339,gdsc:1036:10uM,PLX-4720,2016-07-10T23:00:00Z,2016-07-14T23:00:00Z,SIDM01198,False,SIDM01198,SIDP00328,lymphoma,Suspension,R,True,True,True,True,True,True,True,True,True,
3483253,17579,284,1036.0,10.0,627,L11-D1-S,Glo,4,2036,2153,17341,gdsc:1036:10uM,PLX-4720,2016-07-10T23:00:00Z,2016-07-14T23:00:00Z,SIDM00407,False,SIDM00407,SIDP01053,lymphoma,Suspension,R,True,True,True,True,True,True,True,True,True,
3487062,17588,284,1036.0,10.0,627,L11-D1-S,Glo,4,601,2287,17347,gdsc:1036:10uM,PLX-4720,2016-07-10T23:00:00Z,2016-07-14T23:00:00Z,SIDM00412,False,SIDM00412,SIDP01065,lymphoma,Suspension,R,True,True,True,True,True,True,True,True,True,
3489057,17591,284,1036.0,10.0,627,L11-D1-S,Glo,4,468,2566,17349,gdsc:1036:10uM,PLX-4720,2016-07-10T23:00:00Z,2016-07-14T23:00:00Z,SIDM00316,False,SIDM00316,SIDP00976,nervous_system,Adherent,D/F12,True,True,True,True,True,True,True,True,True,
3493788,17611,284,1036.0,10.0,627,L11-D1-S,Glo,4,953,6231,17385,gdsc:1036:10uM,PLX-4720,2016-07-11T23:00:00Z,2016-07-15T23:00:00Z,SIDM00795,False,SIDM00795,SIDP00054,skin,Adherent,D/F12,True,True,True,True,True,False,True,True,False,no_development_parent
3497597,17616,284,1036.0,10.0,627,L11-D1-S,Glo,4,369,6849,17389,gdsc:1036:10uM,PLX-4720,2016-07-11T23:00:00Z,2016-07-15T23:00:00Z,SIDM00903,False,SIDM00903,SIDP00060,lung_NSCLC,Adherent,D/F12,True,True,True,True,True,False,True,True,False,no_development_parent
3498685,17617,284,1036.0,10.0,627,L11-D1-S,Glo,4,369,6849,17390,gdsc:1036:10uM,PLX-4720,2016-07-11T23:00:00Z,2016-07-15T23:00:00Z,SIDM00903,False,SIDM00903,SIDP00060,lung_NSCLC,Adherent,D/F12,True,True,True,True,True,False,True,True,False,no_development_parent
3499773,17618,284,1036.0,10.0,627,L11-D1-S,Glo,4,369,6849,17391,gdsc:1036:10uM,PLX-4720,2016-07-11T23:00:00Z,2016-07-15T23:00:00Z,SIDM00903,False,SIDM00903,SIDP00060,lung_NSCLC,Adherent,D/F12,True,True,True,True,True,False,True,True,False,no_development_parent
3250109,16983,284,1060.0,0.25,1108,R2-D1-S,Glo,4,906,3020,16694,gdsc:1060:0.25uM,PD0325901,2016-06-23T23:00:00Z,2016-06-27T23:00:00Z,SIDM01010,False,SIDM01010,SIDP00480,lymphoma,Suspension,R,True,True,True,True,True,True,True,True,True,
3252104,16986,284,1060.0,0.25,1108,R2-D1-S,Glo,4,1228,3207,16696,gdsc:1060:0.25uM,PD0325901,2016-06-23T23:00:00Z,2016-06-27T23:00:00Z,SIDM00561,False,SIDM00561,SIDP00909,leukemia,Semi-Adherent,R,True,True,True,True,True,True,True,True,True,
3254099,16998,284,1060.0,0.25,1108,R2-D1-S,Glo,4,291,6549,16702,gdsc:1060:0.25uM,PD0325901,2016-06-23T23:00:00Z,2016-06-27T23:00:00Z,SIDM01145,False,,,,,,True,False,False,True,True,True,True,True,False,known_annotation;model_identity_match
3256094,17001,284,1060.0,0.25,1108,R2-D1-S,Glo,4,1042,3497,16704,gdsc:1060:0.25uM,PD0325901,2016-06-23T23:00:00Z,2016-06-27T23:00:00Z,SIDM00044,False,,,,,,True,False,False,True,True,True,True,True,False,known_annotation;model_identity_match
3258089,17007,284,1060.0,0.25,1108,R2-D1-S,Glo,4,1271,2019,16708,gdsc:1060:0.25uM,PD0325901,2016-06-23T23:00:00Z,2016-06-27T23:00:00Z,SIDM00359,False,SIDM00359,SIDP00936,large_intestine,Adherent,R,True,True,True,True,True,True,True,True,True,
3260084,17010,284,1060.0,0.25,1108,R2-D1-S,Glo,4,1480,2118,16710,gdsc:1060:0.25uM,PD0325901,2016-06-23T23:00:00Z,2016-06-27T23:00:00Z,SIDM01101,False,SIDM01101,SIDP00315,neuroblastoma,Adherent,D/F12,True,True,True,True,True,True,True,True,True,
3262079,17019,284,1060.0,0.25,1108,R2-D1-S,Glo,4,480,6209,16714,gdsc:1060:0.25uM,PD0325901,2016-06-23T23:00:00Z,2016-06-27T23:00:00Z,SIDM00835,False,SIDM00835,SIDP00023,large_intestine,Adherent,D/F12,True,True,True,True,True,False,True,True,False,no_development_parent
3263167,17022,284,1060.0,0.25,1108,R2-D1-S,Glo,4,974,6376,16716,gdsc:1060:0.25uM,PD0325901,2016-06-23T23:00:00Z,2016-06-27T23:00:00Z,SIDM00812,False,SIDM00812,SIDP00027,large_intestine,Adherent,D/F12,True,True,True,True,True,False,True,True,False,no_development_parent
3265162,17025,284,1060.0,0.25,1108,R2-D1-S,Glo,4,738,2260,16718,gdsc:1060:0.25uM,PD0325901,2016-06-23T23:00:00Z,2016-06-27T23:00:00Z,SIDM00317,False,SIDM00317,SIDP00975,kidney,Adherent,D/F12,True,True,True,True,True,False,True,True,False,no_development_parent
3315060,17283,284,1060.0,0.25,1108,R2-D1-S,Glo,4,953,6231,17066,gdsc:1060:0.25uM,PD0325901,2016-07-04T23:00:00Z,2016-07-08T23:00:00Z,SIDM00795,False,SIDM00795,SIDP00054,skin,Adherent,D/F12,True,True,True,True,True,False,True,True,False,no_development_parent
3316148,17285,284,1060.0,0.25,1108,R2-D1-S,Glo,4,953,6231,17068,gdsc:1060:0.25uM,PD0325901,2016-07-04T23:00:00Z,2016-07-08T23:00:00Z,SIDM00795,False,SIDM00795,SIDP00054,skin,Adherent,D/F12,True,True,True,True,True,False,True,True,False,no_development_parent
3318143,17290,284,1060.0,0.25,1108,R2-D1-S,Glo,4,369,6849,17072,gdsc:1060:0.25uM,PD0325901,2016-07-04T23:00:00Z,2016-07-08T23:00:00Z,SIDM00903,False,SIDM00903,SIDP00060,lung_NSCLC,Adherent,D/F12,True,True,True,True,True,False,True,True,False,no_development_parent
3319231,17291,284,1060.0,0.25,1108,R2-D1-S,Glo,4,369,6849,17073,gdsc:1060:0.25uM,PD0325901,2016-07-04T23:00:00Z,2016-07-08T23:00:00Z,SIDM00903,False,SIDM00903,SIDP00060,lung_NSCLC,Adherent,D/F12,True,True,True,True,True,False,True,True,False,no_development_parent
3320319,17292,284,1060.0,0.25,1108,R2-D1-S,Glo,4,369,6849,17074,gdsc:1060:0.25uM,PD0325901,2016-07-04T23:00:00Z,2016-07-08T23:00:00Z,SIDM00903,False,SIDM00903,SIDP00060,lung_NSCLC,Adherent,D/F12,True,True,True,True,True,False,True,True,False,no_development_parent
3325035,17304,284,1060.0,0.25,1108,R2-D1-S,Glo,4,1553,6850,17084,gdsc:1060:0.25uM,PD0325901,2016-07-04T23:00:00Z,2016-07-08T23:00:00Z,SIDM00789,False,SIDM00789,SIDP00030,large_intestine,Adherent,R,True,True,True,True,True,False,True,True,False,no_development_parent
3326123,17305,284,1060.0,0.25,1108,R2-D1-S,Glo,4,1553,6850,17085,gdsc:1060:0.25uM,PD0325901,2016-07-04T23:00:00Z,2016-07-08T23:00:00Z,SIDM00789,False,SIDM00789,SIDP00030,large_intestine,Adherent,R,True,True,True,True,True,False,True,True,False,no_development_parent
3327211,17306,284,1060.0,0.25,1108,R2-D1-S,Glo,4,1553,6850,17086,gdsc:1060:0.25uM,PD0325901,2016-07-04T23:00:00Z,2016-07-08T23:00:00Z,SIDM00789,False,SIDM00789,SIDP00030,large_intestine,Adherent,R,True,True,True,True,True,False,True,True,False,no_development_parent
3331020,17311,284,1060.0,0.25,1108,R2-D1-S,Glo,4,1212,5530,17090,gdsc:1060:0.25uM,PD0325901,2016-07-04T23:00:00Z,2016-07-08T23:00:00Z,SIDM00136,False,SIDM00136,SIDP00736,large_intestine,Adherent,R,True,True,True,True,True,False,True,True,False,no_development_parent
3332108,17312,284,1060.0,0.25,1108,R2-D1-S,Glo,4,1212,5530,17091,gdsc:1060:0.25uM,PD0325901,2016-07-04T23:00:00Z,2016-07-08T23:00:00Z,SIDM00136,False,SIDM00136,SIDP00736,large_intestine,Adherent,R,True,True,True,True,True,False,True,True,False,no_development_parent
3333196,17313,284,1060.0,0.25,1108,R2-D1-S,Glo,4,1212,5530,17092,gdsc:1060:0.25uM,PD0325901,2016-07-04T23:00:00Z,2016-07-08T23:00:00Z,SIDM00136,False,SIDM00136,SIDP00736,large_intestine,Adherent,R,True,True,True,True,True,False,True,True,False,no_development_parent
3342447,17332,284,1060.0,0.25,1108,R2-D1-S,Glo,4,198,4712,17108,gdsc:1060:0.25uM,PD0325901,2016-07-04T23:00:00Z,2016-07-08T23:00:00Z,SIDM00237,False,SIDM00237,SIDP00627,lung_NSCLC,Adherent,R,True,True,True,True,True,False,True,True,False,no_development_parent
3343535,17333,284,1060.0,0.25,1108,R2-D1-S,Glo,4,198,4712,17109,gdsc:1060:0.25uM,PD0325901,2016-07-04T23:00:00Z,2016-07-08T23:00:00Z,SIDM00237,False,SIDM00237,SIDP00627,lung_NSCLC,Adherent,R,True,True,True,True,True,False,True,True,False,no_development_parent
3344623,17334,284,1060.0,0.25,1108,R2-D1-S,Glo,4,198,4712,17110,gdsc:1060:0.25uM,PD0325901,2016-07-04T23:00:00Z,2016-07-08T23:00:00Z,SIDM00237,False,SIDM00237,SIDP00627,lung_NSCLC,Adherent,R,True,True,True,True,True,False,True,True,False,no_development_parent
3348432,17339,284,1060.0,0.25,1108,R2-D1-S,Glo,4,37,2536,17114,gdsc:1060:0.25uM,PD0325901,2016-07-04T23:00:00Z,2016-07-08T23:00:00Z,SIDM00781,False,SIDM00781,SIDP00035,large_intestine,Adherent,R,True,True,True,True,True,False,True,True,False,no_development_parent
3349520,17340,284,1060.0,0.25,1108,R2-D1-S,Glo,4,37,2536,17115,gdsc:1060:0.25uM,PD0325901,2016-07-04T23:00:00Z,2016-07-08T23:00:00Z,SIDM00781,False,SIDM00781,SIDP00035,large_intestine,Adherent,R,True,True,True,True,True,False,True,True,False,no_development_parent
3350608,17341,284,1060.0,0.25,1108,R2-D1-S,Glo,4,37,2536,17116,gdsc:1060:0.25uM,PD0325901,2016-07-04T23:00:00Z,2016-07-08T23:00:00Z,SIDM00781,False,SIDM00781,SIDP00035,large_intestine,Adherent,R,True,True,True,True,True,False,True,True,False,no_development_parent
3354417,17346,284,1060.0,0.25,1108,R2-D1-S,Glo,4,3,5529,17120,gdsc:1060:0.25uM,PD0325901,2016-07-04T23:00:00Z,2016-07-08T23:00:00Z,SIDM00841,False,SIDM00841,SIDP00019,large_intestine,Adherent,D/F12,True,True,True,True,True,False,True,True,False,no_development_parent
3355505,17347,284,1060.0,0.25,1108,R2-D1-S,Glo,4,3,5529,17121,gdsc:1060:0.25uM,PD0325901,2016-07-04T23:00:00Z,2016-07-08T23:00:00Z,SIDM00841,False,SIDM00841,SIDP00019,large_intestine,Adherent,D/F12,True,True,True,True,True,False,True,True,False,no_development_parent
3356593,17348,284,1060.0,0.25,1108,R2-D1-S,Glo,4,3,5529,17122,gdsc:1060:0.25uM,PD0325901,2016-07-04T23:00:00Z,2016-07-08T23:00:00Z,SIDM00841,False,SIDM00841,SIDP00019,large_intestine,Adherent,D/F12,True,True,True,True,True,False,True,True,False,no_development_parent
3360402,17353,284,1060.0,0.25,1108,R2-D1-S,Glo,4,1145,5512,17126,gdsc:1060:0.25uM,PD0325901,2016-07-04T23:00:00Z,2016-07-08T23:00:00Z,SIDM01191,False,SIDM01191,SIDP00358,bone,Adherent,R,True,True,True,True,True,False,True,True,False,no_development_parent
3361490,17354,284,1060.0,0.25,1108,R2-D1-S,Glo,4,1145,5512,17127,gdsc:1060:0.25uM,PD0325901,2016-07-04T23:00:00Z,2016-07-08T23:00:00Z,SIDM01191,False,SIDM01191,SIDP00358,bone,Adherent,R,True,True,True,True,True,False,True,True,False,no_development_parent
3362578,17355,284,1060.0,0.25,1108,R2-D1-S,Glo,4,1145,5512,17128,gdsc:1060:0.25uM,PD0325901,2016-07-04T23:00:00Z,2016-07-08T23:00:00Z,SIDM01191,False,SIDM01191,SIDP00358,bone,Adherent,R,True,True,True,True,True,False,True,True,False,no_development_parent
3413073,17432,284,1060.0,0.25,1108,R2-D1-S,Glo,4,1786,2669,17207,gdsc:1060:0.25uM,PD0325901,2016-07-07T23:00:00Z,2016-07-11T23:00:00Z,SIDM01056,False,SIDM01056,SIDP00438,breast,Adherent,R,True,True,True,True,True,False,True,True,False,no_development_parent
3415068,17438,284,1060.0,0.25,1108,R2-D1-S,Glo,4,1501,6550,17209,gdsc:1060:0.25uM,PD0325901,2016-07-07T23:00:00Z,2016-07-11T23:00:00Z,SIDM00225,False,,,,,,True,False,False,True,True,True,True,True,False,known_annotation;model_identity_match
3417063,17441,284,1060.0,0.25,1108,R2-D1-S,Glo,4,450,2409,17211,gdsc:1060:0.25uM,PD0325901,2016-07-07T23:00:00Z,2016-07-11T23:00:00Z,SIDM00230,False,SIDM00230,SIDP00531,lung_SCLC,Suspension,R,True,True,True,True,True,True,True,True,True,
3419058,17459,284,1060.0,0.25,1108,R2-D1-S,Glo,4,1104,3403,17213,gdsc:1060:0.25uM,PD0325901,2016-07-07T23:00:00Z,2016-07-11T23:00:00Z,SIDM01116,False,SIDM01116,SIDP00265,lung_NSCLC,Adherent,D/F12,True,True,True,True,True,True,True,True,True,
3421053,17468,284,1060.0,0.25,1108,R2-D1-S,Glo,4,1310,2163,17215,gdsc:1060:0.25uM,PD0325901,2016-07-07T23:00:00Z,2016-07-11T23:00:00Z,SIDM01155,False,SIDM01155,SIDP00333,nervous_system,Adherent,D/F12,True,True,True,True,True,True,True,True,True,
3423048,17471,284,1060.0,0.25,1108,R2-D1-S,Glo,4,480,6209,17217,gdsc:1060:0.25uM,PD0325901,2016-07-07T23:00:00Z,2016-07-11T23:00:00Z,SIDM00835,False,SIDM00835,SIDP00023,large_intestine,Adherent,D/F12,True,True,True,True,True,False,True,True,False,no_development_parent
3425043,17474,284,1060.0,0.25,1108,R2-D1-S,Glo,4,1141,5949,17219,gdsc:1060:0.25uM,PD0325901,2016-07-07T23:00:00Z,2016-07-11T23:00:00Z,SIDM00833,False,SIDM00833,SIDP00025,large_intestine,Adherent,D/F12,True,True,True,True,True,False,True,True,False,no_development_parent
3427038,17477,284,1060.0,0.25,1108,R2-D1-S,Glo,4,579,2544,17221,gdsc:1060:0.25uM,PD0325901,2016-07-07T23:00:00Z,2016-07-11T23:00:00Z,SIDM00234,False,SIDM00234,SIDP00629,urogenital_system,Suspension,R,True,True,True,True,True,True,True,True,True,
3429033,17480,284,1060.0,0.25,1108,R2-D1-S,Glo,4,1312,2556,17223,gdsc:1060:0.25uM,PD0325901,2016-07-07T23:00:00Z,2016-07-11T23:00:00Z,SIDM00325,False,SIDM00325,SIDP00967,aero_dig_tract,Adherent,D/F12,True,True,True,True,True,True,True,True,True,
3431028,17483,284,1060.0,0.25,1108,R2-D1-S,Glo,4,895,2292,17225,gdsc:1060:0.25uM,PD0325901,2016-07-07T23:00:00Z,2016-07-11T23:00:00Z,SIDM00411,False,SIDM00411,SIDP01066,pancreas,Adherent,R,True,True,True,True,True,False,True,True,False,no_development_parent
3468854,17543,284,1060.0,0.25,1108,R2-D1-S,Glo,4,65,6489,17321,gdsc:1060:0.25uM,PD0325901,2016-07-10T23:00:00Z,2016-07-14T23:00:00Z,SIDM01248,False,,,,,,True,False,False,True,True,True,True,True,False,known_annotation;model_identity_match
3470849,17546,284,1060.0,0.25,1108,R2-D1-S,Glo,4,873,2663,17323,gdsc:1060:0.25uM,PD0325901,2016-07-10T23:00:00Z,2016-07-14T23:00:00Z,SIDM00863,False,SIDM00863,SIDP00093,lymphoma,Suspension,R,True,True,True,True,True,False,True,True,False,no_development_parent
3474658,17558,284,1060.0,0.25,1108,R2-D1-S,Glo,4,1240,3303,17329,gdsc:1060:0.25uM,PD0325901,2016-07-10T23:00:00Z,2016-07-14T23:00:00Z,SIDM00738,False,SIDM00738,SIDP00200,lung_NSCLC,Adherent,R,True,True,True,True,True,True,True,True,True,
3476653,17564,284,1060.0,0.25,1108,R2-D1-S,Glo,4,961,2046,17331,gdsc:1060:0.25uM,PD0325901,2016-07-10T23:00:00Z,2016-07-14T23:00:00Z,SIDM00813,False,SIDM00813,SIDP00011,lymphoma,Suspension,R,True,True,True,True,True,True,True,True,True,
3478648,17570,284,1060.0,0.25,1108,R2-D1-S,Glo,4,2164,3795,17335,gdsc:1060:0.25uM,PD0325901,2016-07-10T23:00:00Z,2016-07-14T23:00:00Z,SIDM00483,False,SIDM00483,SIDP00837,aero_dig_tract,Adherent,R,True,True,True,True,True,False,True,True,False,no_development_parent
3481550,17576,284,1060.0,0.25,1108,R2-D1-S,Glo,4,130,2143,17339,gdsc:1060:0.25uM,PD0325901,2016-07-10T23:00:00Z,2016-07-14T23:00:00Z,SIDM01198,False,SIDM01198,SIDP00328,lymphoma,Suspension,R,True,True,True,True,True,True,True,True,True,
3483545,17579,284,1060.0,0.25,1108,R2-D1-S,Glo,4,2036,2153,17341,gdsc:1060:0.25uM,PD0325901,2016-07-10T23:00:00Z,2016-07-14T23:00:00Z,SIDM00407,False,SIDM00407,SIDP01053,lymphoma,Suspension,R,True,True,True,True,True,True,True,True,True,
3487354,17588,284,1060.0,0.25,1108,R2-D1-S,Glo,4,601,2287,17347,gdsc:1060:0.25uM,PD0325901,2016-07-10T23:00:00Z,2016-07-14T23:00:00Z,SIDM00412,False,SIDM00412,SIDP01065,lymphoma,Suspension,R,True,True,True,True,True,True,True,True,True,
3489349,17591,284,1060.0,0.25,1108,R2-D1-S,Glo,4,468,2566,17349,gdsc:1060:0.25uM,PD0325901,2016-07-10T23:00:00Z,2016-07-14T23:00:00Z,SIDM00316,False,SIDM00316,SIDP00976,nervous_system,Adherent,D/F12,True,True,True,True,True,True,True,True,True,
3494080,17611,284,1060.0,0.25,1108,R2-D1-S,Glo,4,953,6231,17385,gdsc:1060:0.25uM,PD0325901,2016-07-11T23:00:00Z,2016-07-15T23:00:00Z,SIDM00795,False,SIDM00795,SIDP00054,skin,Adherent,D/F12,True,True,True,True,True,False,True,True,False,no_development_parent
3497889,17616,284,1060.0,0.25,1108,R2-D1-S,Glo,4,369,6849,17389,gdsc:1060:0.25uM,PD0325901,2016-07-11T23:00:00Z,2016-07-15T23:00:00Z,SIDM00903,False,SIDM00903,SIDP00060,lung_NSCLC,Adherent,D/F12,True,True,True,True,True,False,True,True,False,no_development_parent
3498977,17617,284,1060.0,0.25,1108,R2-D1-S,Glo,4,369,6849,17390,gdsc:1060:0.25uM,PD0325901,2016-07-11T23:00:00Z,2016-07-15T23:00:00Z,SIDM00903,False,SIDM00903,SIDP00060,lung_NSCLC,Adherent,D/F12,True,True,True,True,True,False,True,True,False,no_development_parent
3503582,17623,284,1036.0,10.0,627,L11-D1-S,Glo,4,2242,4711,17395,gdsc:1036:10uM,PLX-4720,2016-07-11T23:00:00Z,2016-07-15T23:00:00Z,SIDM00890,False,SIDM00890,SIDP00071,skin,Adherent,D/F12,True,True,True,True,True,False,True,True,False,no_development_parent
3504670,17624,284,1036.0,10.0,627,L11-D1-S,Glo,4,2242,4711,17396,gdsc:1036:10uM,PLX-4720,2016-07-11T23:00:00Z,2016-07-15T23:00:00Z,SIDM00890,False,SIDM00890,SIDP00071,skin,Adherent,D/F12,True,True,True,True,True,False,True,True,False,no_development_parent
3505758,17625,284,1036.0,10.0,627,L11-D1-S,Glo,4,2242,4711,17397,gdsc:1036:10uM,PLX-4720,2016-07-11T23:00:00Z,2016-07-15T23:00:00Z,SIDM00890,False,SIDM00890,SIDP00071,skin,Adherent,D/F12,True,True,True,True,True,False,True,True,False,no_development_parent
3508660,17637,284,1036.0,10.0,627,L11-D1-S,Glo,4,1212,5530,17407,gdsc:1036:10uM,PLX-4720,2016-07-11T23:00:00Z,2016-07-15T23:00:00Z,SIDM00136,False,SIDM00136,SIDP00736,large_intestine,Adherent,R,True,True,True,True,True,False,True,True,False,no_development_parent
3509748,17638,284,1036.0,10.0,627,L11-D1-S,Glo,4,1212,5530,17408,gdsc:1036:10uM,PLX-4720,2016-07-11T23:00:00Z,2016-07-15T23:00:00Z,SIDM00136,False,SIDM00136,SIDP00736,large_intestine,Adherent,R,True,True,True,True,True,False,True,True,False,no_development_parent
3510836,17639,284,1036.0,10.0,627,L11-D1-S,Glo,4,1212,5530,17409,gdsc:1036:10uM,PLX-4720,2016-07-11T23:00:00Z,2016-07-15T23:00:00Z,SIDM00136,False,SIDM00136,SIDP00736,large_intestine,Adherent,R,True,True,True,True,True,False,True,True,False,no_development_parent
3514645,17644,284,1036.0,10.0,627,L11-D1-S,Glo,4,921,5233,17413,gdsc:1036:10uM,PLX-4720,2016-07-11T23:00:00Z,2016-07-15T23:00:00Z,SIDM00332,False,SIDM00332,SIDP00998,breast,Adherent,D/F12,True,True,True,True,True,False,True,True,False,no_development_parent
3515733,17645,284,1036.0,10.0,627,L11-D1-S,Glo,4,921,5233,17414,gdsc:1036:10uM,PLX-4720,2016-07-11T23:00:00Z,2016-07-15T23:00:00Z,SIDM00332,False,SIDM00332,SIDP00998,breast,Adherent,D/F12,True,True,True,True,True,False,True,True,False,no_development_parent
3516821,17646,284,1036.0,10.0,627,L11-D1-S,Glo,4,921,5233,17415,gdsc:1036:10uM,PLX-4720,2016-07-11T23:00:00Z,2016-07-15T23:00:00Z,SIDM00332,False,SIDM00332,SIDP00998,breast,Adherent,D/F12,True,True,True,True,True,False,True,True,False,no_development_parent
3520630,17651,284,1036.0,10.0,627,L11-D1-S,Glo,4,339,5947,17419,gdsc:1036:10uM,PLX-4720,2016-07-11T23:00:00Z,2016-07-15T23:00:00Z,SIDM00386,False,SIDM00386,SIDP01001,bone,Adherent,R,True,True,True,True,True,False,True,True,False,no_development_parent
3521718,17652,284,1036.0,10.0,627,L11-D1-S,Glo,4,339,5947,17420,gdsc:1036:10uM,PLX-4720,2016-07-11T23:00:00Z,2016-07-15T23:00:00Z,SIDM00386,False,SIDM00386,SIDP01001,bone,Adherent,R,True,True,True,True,True,False,True,True,False,no_development_parent
3522806,17653,284,1036.0,10.0,627,L11-D1-S,Glo,4,339,5947,17421,gdsc:1036:10uM,PLX-4720,2016-07-11T23:00:00Z,2016-07-15T23:00:00Z,SIDM00386,False,SIDM00386,SIDP01001,bone,Adherent,R,True,True,True,True,True,False,True,True,False,no_development_parent
3526615,17658,284,1036.0,10.0,627,L11-D1-S,Glo,4,198,4712,17425,gdsc:1036:10uM,PLX-4720,2016-07-11T23:00:00Z,2016-07-15T23:00:00Z,SIDM00237,False,SIDM00237,SIDP00627,lung_NSCLC,Adherent,R,True,True,True,True,True,False,True,True,False,no_development_parent
3527703,17659,284,1036.0,10.0,627,L11-D1-S,Glo,4,198,4712,17426,gdsc:1036:10uM,PLX-4720,2016-07-11T23:00:00Z,2016-07-15T23:00:00Z,SIDM00237,False,SIDM00237,SIDP00627,lung_NSCLC,Adherent,R,True,True,True,True,True,False,True,True,False,no_development_parent
3528791,17660,284,1036.0,10.0,627,L11-D1-S,Glo,4,198,4712,17427,gdsc:1036:10uM,PLX-4720,2016-07-11T23:00:00Z,2016-07-15T23:00:00Z,SIDM00237,False,SIDM00237,SIDP00627,lung_NSCLC,Adherent,R,True,True,True,True,True,False,True,True,False,no_development_parent
3532600,17665,284,1036.0,10.0,627,L11-D1-S,Glo,4,37,2536,17431,gdsc:1036:10uM,PLX-4720,2016-07-11T23:00:00Z,2016-07-15T23:00:00Z,SIDM00781,False,SIDM00781,SIDP00035,large_intestine,Adherent,R,True,True,True,True,True,False,True,True,False,no_development_parent
3533688,17666,284,1036.0,10.0,627,L11-D1-S,Glo,4,37,2536,17432,gdsc:1036:10uM,PLX-4720,2016-07-11T23:00:00Z,2016-07-15T23:00:00Z,SIDM00781,False,SIDM00781,SIDP00035,large_intestine,Adherent,R,True,True,True,True,True,False,True,True,False,no_development_parent
3534776,17667,284,1036.0,10.0,627,L11-D1-S,Glo,4,37,2536,17433,gdsc:1036:10uM,PLX-4720,2016-07-11T23:00:00Z,2016-07-15T23:00:00Z,SIDM00781,False,SIDM00781,SIDP00035,large_intestine,Adherent,R,True,True,True,True,True,False,True,True,False,no_development_parent
3538585,17672,284,1036.0,10.0,627,L11-D1-S,Glo,4,3,5529,17437,gdsc:1036:10uM,PLX-4720,2016-07-11T23:00:00Z,2016-07-15T23:00:00Z,SIDM00841,False,SIDM00841,SIDP00019,large_intestine,Adherent,D/F12,True,True,True,True,True,False,True,True,False,no_development_parent
3539673,17673,284,1036.0,10.0,627,L11-D1-S,Glo,4,3,5529,17438,gdsc:1036:10uM,PLX-4720,2016-07-11T23:00:00Z,2016-07-15T23:00:00Z,SIDM00841,False,SIDM00841,SIDP00019,large_intestine,Adherent,D/F12,True,True,True,True,True,False,True,True,False,no_development_parent
3540761,17674,284,1036.0,10.0,627,L11-D1-S,Glo,4,3,5529,17439,gdsc:1036:10uM,PLX-4720,2016-07-11T23:00:00Z,2016-07-15T23:00:00Z,SIDM00841,False,SIDM00841,SIDP00019,large_intestine,Adherent,D/F12,True,True,True,True,True,False,True,True,False,no_development_parent
3544570,17679,284,1036.0,10.0,627,L11-D1-S,Glo,4,1145,5512,17443,gdsc:1036:10uM,PLX-4720,2016-07-11T23:00:00Z,2016-07-15T23:00:00Z,SIDM01191,False,SIDM01191,SIDP00358,bone,Adherent,R,True,True,True,True,True,False,True,True,False,no_development_parent
3545658,17680,284,1036.0,10.0,627,L11-D1-S,Glo,4,1145,5512,17444,gdsc:1036:10uM,PLX-4720,2016-07-11T23:00:00Z,2016-07-15T23:00:00Z,SIDM01191,False,SIDM01191,SIDP00358,bone,Adherent,R,True,True,True,True,True,False,True,True,False,no_development_parent
3546746,17681,284,1036.0,10.0,627,L11-D1-S,Glo,4,1145,5512,17445,gdsc:1036:10uM,PLX-4720,2016-07-11T23:00:00Z,2016-07-15T23:00:00Z,SIDM01191,False,SIDM01191,SIDP00358,bone,Adherent,R,True,True,True,True,True,False,True,True,False,no_development_parent
3550555,17609,284,1036.0,10.0,627,L11-D1-S,Glo,4,953,6231,17449,gdsc:1036:10uM,PLX-4720,2016-07-11T23:00:00Z,2016-07-15T23:00:00Z,SIDM00795,False,SIDM00795,SIDP00054,skin,Adherent,D/F12,True,True,True,True,True,False,True,True,False,no_development_parent
3551643,17610,284,1036.0,10.0,627,L11-D1-S,Glo,4,953,6231,17450,gdsc:1036:10uM,PLX-4720,2016-07-11T23:00:00Z,2016-07-15T23:00:00Z,SIDM00795,False,SIDM00795,SIDP00054,skin,Adherent,D/F12,True,True,True,True,True,False,True,True,False,no_development_parent
3589275,17832,284,1036.0,10.0,627,L11-D1-S,Glo,4,704,6391,17626,gdsc:1036:10uM,PLX-4720,2016-07-17T23:00:00Z,2016-07-21T23:00:00Z,SIDM00195,False,SIDM00195,SIDP00521,bone,Semi-Adherent,R,True,True,True,True,True,False,True,True,False,no_development_parent
3590363,17829,284,1036.0,10.0,627,L11-D1-S,Glo,4,774,2619,17628,gdsc:1036:10uM,PLX-4720,2016-07-17T23:00:00Z,2016-07-21T23:00:00Z,SIDM00506,False,,,,,,True,False,False,True,True,True,True,True,False,known_annotation;model_identity_match
3592358,17826,284,1036.0,10.0,627,L11-D1-S,Glo,4,703,2347,17630,gdsc:1036:10uM,PLX-4720,2016-07-17T23:00:00Z,2016-07-21T23:00:00Z,SIDM00943,False,SIDM00943,SIDP00418,pancreas,Adherent,R,True,True,True,True,True,False,True,True,False,no_development_parent
3594353,17894,284,1036.0,10.0,627,L11-D1-S,Glo,4,1166,2126,17632,gdsc:1036:10uM,PLX-4720,2016-07-17T23:00:00Z,2016-07-21T23:00:00Z,SIDM00079,False,SIDM00079,SIDP00765,urogenital_system,Adherent,R,True,True,True,True,True,True,True,True,True,
3596348,17891,284,1036.0,10.0,627,L11-D1-S,Glo,4,1000,2272,17634,gdsc:1036:10uM,PLX-4720,2016-07-17T23:00:00Z,2016-07-21T23:00:00Z,SIDM01000,False,SIDM01000,SIDP00368,skin,Adherent,D/F12,True,True,True,True,True,True,True,True,True,
3598343,17888,284,1036.0,10.0,627,L11-D1-S,Glo,4,1521,2296,17636,gdsc:1036:10uM,PLX-4720,2016-07-17T23:00:00Z,2016-07-21T23:00:00Z,SIDM00410,False,,,,,,True,False,False,True,True,True,True,True,False,known_annotation;model_identity_match
3600338,17885,284,1036.0,10.0,627,L11-D1-S,Glo,4,277,2255,17638,gdsc:1036:10uM,PLX-4720,2016-07-17T23:00:00Z,2016-07-21T23:00:00Z,SIDM00320,False,SIDM00320,SIDP00972,lung_NSCLC,Adherent,D/F12,True,True,True,True,True,True,True,True,True,
3602333,17882,284,1036.0,10.0,627,L11-D1-S,Glo,4,9,2249,17640,gdsc:1036:10uM,PLX-4720,2016-07-17T23:00:00Z,2016-07-21T23:00:00Z,SIDM01182,False,,,,,,True,False,False,True,True,True,True,True,False,known_annotation;model_identity_match
3604328,17879,284,1036.0,10.0,627,L11-D1-S,Glo,4,1369,2422,17642,gdsc:1036:10uM,PLX-4720,2016-07-17T23:00:00Z,2016-07-21T23:00:00Z,SIDM00606,False,SIDM00606,SIDP00888,lung_NSCLC,Adherent,D/F12,True,True,True,True,True,True,True,True,True,
3606323,17876,284,1036.0,10.0,627,L11-D1-S,Glo,4,937,2785,17644,gdsc:1036:10uM,PLX-4720,2016-07-17T23:00:00Z,2016-07-21T23:00:00Z,SIDM00673,False,SIDM00673,SIDP00120,breast,Adherent,R,True,True,True,True,True,False,True,True,False,no_development_parent
3608318,17873,284,1036.0,10.0,627,L11-D1-S,Glo,4,363,6414,17646,gdsc:1036:10uM,PLX-4720,2016-07-17T23:00:00Z,2016-07-21T23:00:00Z,SIDM00920,False,SIDM00920,SIDP00079,breast,Adherent,D/F12,True,True,True,True,True,False,True,True,False,no_development_parent
3616711,17856,284,1036.0,10.0,627,L11-D1-S,Glo,4,1643,2560,17655,gdsc:1036:10uM,PLX-4720,2016-07-17T23:00:00Z,2016-07-21T23:00:00Z,SIDM00252,False,,,,,,True,False,False,True,True,True,True,True,False,known_annotation;model_identity_match
3618706,17853,284,1036.0,10.0,627,L11-D1-S,Glo,4,1554,7169,17657,gdsc:1036:10uM,PLX-4720,2016-07-17T23:00:00Z,2016-07-21T23:00:00Z,SIDM00477,False,SIDM00477,SIDP00828,aero_dig_tract,Adherent,R,True,True,True,True,True,True,True,True,True,
3620701,17844,284,1036.0,10.0,627,L11-D1-S,Glo,4,1814,3363,17661,gdsc:1036:10uM,PLX-4720,2016-07-17T23:00:00Z,2016-07-21T23:00:00Z,SIDM00727,False,,,,,,True,False,False,True,True,True,True,True,False,known_annotation;model_identity_match
3622696,17841,284,1036.0,10.0,627,L11-D1-S,Glo,4,1344,7170,17663,gdsc:1036:10uM,PLX-4720,2016-07-17T23:00:00Z,2016-07-21T23:00:00Z,SIDM00552,False,SIDM00552,SIDP00900,soft_tissue,Adherent,D/F12,True,True,True,True,True,True,True,True,True,
3625598,17906,284,1036.0,10.0,627,L11-D1-S,Glo,4,133,3239,17689,gdsc:1036:10uM,PLX-4720,2016-07-20T23:00:00Z,2016-07-24T23:00:00Z,SIDM00657,False,,,,,,True,False,False,True,True,True,True,True,False,known_annotation;model_identity_match
3627593,17909,284,1036.0,10.0,627,L11-D1-S,Glo,4,712,3292,17691,gdsc:1036:10uM,PLX-4720,2016-07-20T23:00:00Z,2016-07-24T23:00:00Z,SIDM00746,False,,,,,,True,False,False,True,True,True,True,True,False,known_annotation;model_identity_match
3629588,17912,284,1036.0,10.0,627,L11-D1-S,Glo,4,2107,3342,17693,gdsc:1036:10uM,PLX-4720,2016-07-20T23:00:00Z,2016-07-24T23:00:00Z,SIDM00704,False,SIDM00704,SIDP00226,lung_SCLC,Adherent,R,True,True,True,True,True,True,True,True,True,
3631583,17915,284,1036.0,10.0,627,L11-D1-S,Glo,4,1838,3479,17695,gdsc:1036:10uM,PLX-4720,2016-07-20T23:00:00Z,2016-07-24T23:00:00Z,SIDM01139,False,SIDM01139,SIDP00280,pancreas,Adherent,R,True,True,True,True,True,False,True,True,False,no_development_parent
3633578,17918,284,1036.0,10.0,627,L11-D1-S,Glo,4,1191,5235,17697,gdsc:1036:10uM,PLX-4720,2016-07-20T23:00:00Z,2016-07-24T23:00:00Z,SIDM00082,False,SIDM00082,SIDP00762,skin,Adherent,R,True,True,True,True,True,True,True,True,True,
3635573,17921,284,1036.0,10.0,627,L11-D1-S,Glo,4,1003,2530,17699,gdsc:1036:10uM,PLX-4720,2016-07-20T23:00:00Z,2016-07-24T23:00:00Z,SIDM00391,False,SIDM00391,SIDP01047,myeloma,Suspension,R,True,True,True,True,True,False,True,True,False,no_development_parent
3637568,17927,284,1036.0,10.0,627,L11-D1-S,Glo,4,548,2235,17703,gdsc:1036:10uM,PLX-4720,2016-07-20T23:00:00Z,2016-07-24T23:00:00Z,SIDM00424,False,SIDM00424,SIDP01061,leukemia,Suspension,R,True,True,True,True,True,True,True,True,True,
3639563,17930,284,1036.0,10.0,627,L11-D1-S,Glo,4,80,3336,17705,gdsc:1036:10uM,PLX-4720,2016-07-20T23:00:00Z,2016-07-24T23:00:00Z,SIDM00709,False,SIDM00709,SIDP00223,lung_NSCLC,Adherent,D/F12,True,True,True,True,True,True,True,True,True,
3641558,17933,284,1036.0,10.0,627,L11-D1-S,Glo,4,129,2138,17707,gdsc:1036:10uM,PLX-4720,2016-07-20T23:00:00Z,2016-07-24T23:00:00Z,SIDM01194,False,SIDM01194,SIDP00325,digestive_system,Adherent,R,True,True,True,True,True,True,True,True,True,
3643553,17944,284,1036.0,10.0,627,L11-D1-S,Glo,4,42,5214,17709,gdsc:1036:10uM,PLX-4720,2016-07-20T23:00:00Z,2016-07-24T23:00:00Z,SIDM01107,False,,,,,,True,False,False,True,True,True,True,True,False,known_annotation;model_identity_match
3645548,17947,284,1036.0,10.0,627,L11-D1-S,Glo,4,1211,2927,17711,gdsc:1036:10uM,PLX-4720,2016-07-20T23:00:00Z,2016-07-24T23:00:00Z,SIDM00678,False,,,,,,True,False,False,True,True,True,True,True,False,known_annotation;model_identity_match
3648450,17953,284,1036.0,10.0,627,L11-D1-S,Glo,4,344,7071,17715,gdsc:1036:10uM,PLX-4720,2016-07-20T23:00:00Z,2016-07-24T23:00:00Z,SIDM00630,False,SIDM00630,SIDP00160,breast,Adherent,D/F12,True,True,True,True,True,True,True,True,True,
3650445,17959,284,1036.0,10.0,627,L11-D1-S,Glo,4,1073,3332,17717,gdsc:1036:10uM,PLX-4720,2016-07-20T23:00:00Z,2016-07-24T23:00:00Z,SIDM00711,False,,,,,,True,False,False,True,True,True,True,True,False,known_annotation;model_identity_match
3652440,17962,284,1036.0,10.0,627,L11-D1-S,Glo,4,40,5531,17719,gdsc:1036:10uM,PLX-4720,2016-07-20T23:00:00Z,2016-07-24T23:00:00Z,SIDM01096,False,SIDM01096,SIDP00305,large_intestine,Adherent,R,True,True,True,True,True,False,True,True,False,no_development_parent
3654435,17965,284,1036.0,10.0,627,L11-D1-S,Glo,4,271,6469,17721,gdsc:1036:10uM,PLX-4720,2016-07-20T23:00:00Z,2016-07-24T23:00:00Z,SIDM00834,False,SIDM00834,SIDP00024,large_intestine,Adherent,D/F12,True,True,True,True,True,False,True,True,False,no_development_parent
3656430,17897,284,1036.0,10.0,627,L11-D1-S,Glo,4,22,2608,17723,gdsc:1036:10uM,PLX-4720,2016-07-20T23:00:00Z,2016-07-24T23:00:00Z,SIDM00513,False,SIDM00513,SIDP00793,lung_NSCLC,Adherent,R,True,True,True,True,True,False,True,True,False,no_development_parent
3658425,17900,284,1036.0,10.0,627,L11-D1-S,Glo,4,231,2375,17725,gdsc:1036:10uM,PLX-4720,2016-07-20T23:00:00Z,2016-07-24T23:00:00Z,SIDM00203,False,SIDM00203,SIDP00513,bone,Adherent,R,True,True,True,True,True,False,True,True,False,no_development_parent
3662249,18013,284,1036.0,10.0,627,L11-D1-S,Glo,4,1,4272,17818,gdsc:1036:10uM,PLX-4720,2016-07-24T23:00:00Z,2016-07-28T23:00:00Z,SIDM00837,False,SIDM00837,SIDP00021,large_intestine,Adherent,D/F12,True,True,True,True,True,False,True,True,False,no_development_parent
3664244,18022,284,1036.0,10.0,627,L11-D1-S,Glo,4,429,5989,17820,gdsc:1036:10uM,PLX-4720,2016-07-24T23:00:00Z,2016-07-28T23:00:00Z,SIDM00971,False,SIDM00971,SIDP00373,breast,Adherent,R,True,True,True,True,True,False,True,True,False,no_development_parent
3704963,18088,284,1036.0,10.0,627,L11-D1-S,Glo,4,1040,6661,17885,gdsc:1036:10uM,PLX-4720,2016-07-27T23:00:00Z,2016-07-31T23:00:00Z,SIDM00627,False,SIDM00627,SIDP00163,urogenital_system,Adherent,D/F12,True,True,True,True,True,False,True,True,False,no_development_parent
3706958,18091,284,1036.0,10.0,627,L11-D1-S,Glo,4,209,6577,17887,gdsc:1036:10uM,PLX-4720,2016-07-27T23:00:00Z,2016-07-31T23:00:00Z,SIDM00640,False,SIDM00640,SIDP00168,lung,Adherent,R,True,True,True,True,True,False,True,True,False,no_development_parent
3708953,18097,284,1036.0,10.0,627,L11-D1-S,Glo,4,926,3406,17889,gdsc:1036:10uM,PLX-4720,2016-07-27T23:00:00Z,2016-07-31T23:00:00Z,SIDM01133,False,,,,,,True,False,False,True,True,True,True,True,False,known_annotation;model_identity_match
3710948,18100,284,1036.0,10.0,627,L11-D1-S,Glo,4,1916,6834,17891,gdsc:1036:10uM,PLX-4720,2016-07-27T23:00:00Z,2016-07-31T23:00:00Z,SIDM01159,False,SIDM01159,SIDP00344,soft_tissue,Adherent,D/F12,True,True,True,True,True,False,True,True,False,no_development_parent
3718475,18120,284,1036.0,10.0,627,L11-D1-S,Glo,4,639,6673,17905,gdsc:1036:10uM,PLX-4720,2016-07-27T23:00:00Z,2016-07-31T23:00:00Z,SIDM01068,False,SIDM01068,SIDP00461,lung_NSCLC,Adherent,R,True,True,True,True,True,False,True,True,False,no_development_parent
3720470,18082,284,1036.0,10.0,627,L11-D1-S,Glo,4,1213,2938,17907,gdsc:1036:10uM,PLX-4720,2016-07-27T23:00:00Z,2016-07-31T23:00:00Z,SIDM00587,False,SIDM00587,SIDP00869,digestive_system,Adherent,R,True,True,True,True,True,True,True,True,True,
3500065,17618,284,1060.0,0.25,1108,R2-D1-S,Glo,4,369,6849,17391,gdsc:1060:0.25uM,PD0325901,2016-07-11T23:00:00Z,2016-07-15T23:00:00Z,SIDM00903,False,SIDM00903,SIDP00060,lung_NSCLC,Adherent,D/F12,True,True,True,True,True,False,True,True,False,no_development_parent
3503874,17623,284,1060.0,0.25,1108,R2-D1-S,Glo,4,2242,4711,17395,gdsc:1060:0.25uM,PD0325901,2016-07-11T23:00:00Z,2016-07-15T23:00:00Z,SIDM00890,False,SIDM00890,SIDP00071,skin,Adherent,D/F12,True,True,True,True,True,False,True,True,False,no_development_parent
3504962,17624,284,1060.0,0.25,1108,R2-D1-S,Glo,4,2242,4711,17396,gdsc:1060:0.25uM,PD0325901,2016-07-11T23:00:00Z,2016-07-15T23:00:00Z,SIDM00890,False,SIDM00890,SIDP00071,skin,Adherent,D/F12,True,True,True,True,True,False,True,True,False,no_development_parent
3506050,17625,284,1060.0,0.25,1108,R2-D1-S,Glo,4,2242,4711,17397,gdsc:1060:0.25uM,PD0325901,2016-07-11T23:00:00Z,2016-07-15T23:00:00Z,SIDM00890,False,SIDM00890,SIDP00071,skin,Adherent,D/F12,True,True,True,True,True,False,True,True,False,no_development_parent
3508952,17637,284,1060.0,0.25,1108,R2-D1-S,Glo,4,1212,5530,17407,gdsc:1060:0.25uM,PD0325901,2016-07-11T23:00:00Z,2016-07-15T23:00:00Z,SIDM00136,False,SIDM00136,SIDP00736,large_intestine,Adherent,R,True,True,True,True,True,False,True,True,False,no_development_parent
3510040,17638,284,1060.0,0.25,1108,R2-D1-S,Glo,4,1212,5530,17408,gdsc:1060:0.25uM,PD0325901,2016-07-11T23:00:00Z,2016-07-15T23:00:00Z,SIDM00136,False,SIDM00136,SIDP00736,large_intestine,Adherent,R,True,True,True,True,True,False,True,True,False,no_development_parent
3511128,17639,284,1060.0,0.25,1108,R2-D1-S,Glo,4,1212,5530,17409,gdsc:1060:0.25uM,PD0325901,2016-07-11T23:00:00Z,2016-07-15T23:00:00Z,SIDM00136,False,SIDM00136,SIDP00736,large_intestine,Adherent,R,True,True,True,True,True,False,True,True,False,no_development_parent
3514937,17644,284,1060.0,0.25,1108,R2-D1-S,Glo,4,921,5233,17413,gdsc:1060:0.25uM,PD0325901,2016-07-11T23:00:00Z,2016-07-15T23:00:00Z,SIDM00332,False,SIDM00332,SIDP00998,breast,Adherent,D/F12,True,True,True,True,True,False,True,True,False,no_development_parent
3516025,17645,284,1060.0,0.25,1108,R2-D1-S,Glo,4,921,5233,17414,gdsc:1060:0.25uM,PD0325901,2016-07-11T23:00:00Z,2016-07-15T23:00:00Z,SIDM00332,False,SIDM00332,SIDP00998,breast,Adherent,D/F12,True,True,True,True,True,False,True,True,False,no_development_parent
3517113,17646,284,1060.0,0.25,1108,R2-D1-S,Glo,4,921,5233,17415,gdsc:1060:0.25uM,PD0325901,2016-07-11T23:00:00Z,2016-07-15T23:00:00Z,SIDM00332,False,SIDM00332,SIDP00998,breast,Adherent,D/F12,True,True,True,True,True,False,True,True,False,no_development_parent
3520922,17651,284,1060.0,0.25,1108,R2-D1-S,Glo,4,339,5947,17419,gdsc:1060:0.25uM,PD0325901,2016-07-11T23:00:00Z,2016-07-15T23:00:00Z,SIDM00386,False,SIDM00386,SIDP01001,bone,Adherent,R,True,True,True,True,True,False,True,True,False,no_development_parent
3522010,17652,284,1060.0,0.25,1108,R2-D1-S,Glo,4,339,5947,17420,gdsc:1060:0.25uM,PD0325901,2016-07-11T23:00:00Z,2016-07-15T23:00:00Z,SIDM00386,False,SIDM00386,SIDP01001,bone,Adherent,R,True,True,True,True,True,False,True,True,False,no_development_parent
3523098,17653,284,1060.0,0.25,1108,R2-D1-S,Glo,4,339,5947,17421,gdsc:1060:0.25uM,PD0325901,2016-07-11T23:00:00Z,2016-07-15T23:00:00Z,SIDM00386,False,SIDM00386,SIDP01001,bone,Adherent,R,True,True,True,True,True,False,True,True,False,no_development_parent
3526907,17658,284,1060.0,0.25,1108,R2-D1-S,Glo,4,198,4712,17425,gdsc:1060:0.25uM,PD0325901,2016-07-11T23:00:00Z,2016-07-15T23:00:00Z,SIDM00237,False,SIDM00237,SIDP00627,lung_NSCLC,Adherent,R,True,True,True,True,True,False,True,True,False,no_development_parent
3527995,17659,284,1060.0,0.25,1108,R2-D1-S,Glo,4,198,4712,17426,gdsc:1060:0.25uM,PD0325901,2016-07-11T23:00:00Z,2016-07-15T23:00:00Z,SIDM00237,False,SIDM00237,SIDP00627,lung_NSCLC,Adherent,R,True,True,True,True,True,False,True,True,False,no_development_parent
3529083,17660,284,1060.0,0.25,1108,R2-D1-S,Glo,4,198,4712,17427,gdsc:1060:0.25uM,PD0325901,2016-07-11T23:00:00Z,2016-07-15T23:00:00Z,SIDM00237,False,SIDM00237,SIDP00627,lung_NSCLC,Adherent,R,True,True,True,True,True,False,True,True,False,no_development_parent
3532892,17665,284,1060.0,0.25,1108,R2-D1-S,Glo,4,37,2536,17431,gdsc:1060:0.25uM,PD0325901,2016-07-11T23:00:00Z,2016-07-15T23:00:00Z,SIDM00781,False,SIDM00781,SIDP00035,large_intestine,Adherent,R,True,True,True,True,True,False,True,True,False,no_development_parent
3533980,17666,284,1060.0,0.25,1108,R2-D1-S,Glo,4,37,2536,17432,gdsc:1060:0.25uM,PD0325901,2016-07-11T23:00:00Z,2016-07-15T23:00:00Z,SIDM00781,False,SIDM00781,SIDP00035,large_intestine,Adherent,R,True,True,True,True,True,False,True,True,False,no_development_parent
3535068,17667,284,1060.0,0.25,1108,R2-D1-S,Glo,4,37,2536,17433,gdsc:1060:0.25uM,PD0325901,2016-07-11T23:00:00Z,2016-07-15T23:00:00Z,SIDM00781,False,SIDM00781,SIDP00035,large_intestine,Adherent,R,True,True,True,True,True,False,True,True,False,no_development_parent
3538877,17672,284,1060.0,0.25,1108,R2-D1-S,Glo,4,3,5529,17437,gdsc:1060:0.25uM,PD0325901,2016-07-11T23:00:00Z,2016-07-15T23:00:00Z,SIDM00841,False,SIDM00841,SIDP00019,large_intestine,Adherent,D/F12,True,True,True,True,True,False,True,True,False,no_development_parent
3539965,17673,284,1060.0,0.25,1108,R2-D1-S,Glo,4,3,5529,17438,gdsc:1060:0.25uM,PD0325901,2016-07-11T23:00:00Z,2016-07-15T23:00:00Z,SIDM00841,False,SIDM00841,SIDP00019,large_intestine,Adherent,D/F12,True,True,True,True,True,False,True,True,False,no_development_parent
3541053,17674,284,1060.0,0.25,1108,R2-D1-S,Glo,4,3,5529,17439,gdsc:1060:0.25uM,PD0325901,2016-07-11T23:00:00Z,2016-07-15T23:00:00Z,SIDM00841,False,SIDM00841,SIDP00019,large_intestine,Adherent,D/F12,True,True,True,True,True,False,True,True,False,no_development_parent
3544862,17679,284,1060.0,0.25,1108,R2-D1-S,Glo,4,1145,5512,17443,gdsc:1060:0.25uM,PD0325901,2016-07-11T23:00:00Z,2016-07-15T23:00:00Z,SIDM01191,False,SIDM01191,SIDP00358,bone,Adherent,R,True,True,True,True,True,False,True,True,False,no_development_parent
3545950,17680,284,1060.0,0.25,1108,R2-D1-S,Glo,4,1145,5512,17444,gdsc:1060:0.25uM,PD0325901,2016-07-11T23:00:00Z,2016-07-15T23:00:00Z,SIDM01191,False,SIDM01191,SIDP00358,bone,Adherent,R,True,True,True,True,True,False,True,True,False,no_development_parent
3547038,17681,284,1060.0,0.25,1108,R2-D1-S,Glo,4,1145,5512,17445,gdsc:1060:0.25uM,PD0325901,2016-07-11T23:00:00Z,2016-07-15T23:00:00Z,SIDM01191,False,SIDM01191,SIDP00358,bone,Adherent,R,True,True,True,True,True,False,True,True,False,no_development_parent
3550847,17609,284,1060.0,0.25,1108,R2-D1-S,Glo,4,953,6231,17449,gdsc:1060:0.25uM,PD0325901,2016-07-11T23:00:00Z,2016-07-15T23:00:00Z,SIDM00795,False,SIDM00795,SIDP00054,skin,Adherent,D/F12,True,True,True,True,True,False,True,True,False,no_development_parent
3551935,17610,284,1060.0,0.25,1108,R2-D1-S,Glo,4,953,6231,17450,gdsc:1060:0.25uM,PD0325901,2016-07-11T23:00:00Z,2016-07-15T23:00:00Z,SIDM00795,False,SIDM00795,SIDP00054,skin,Adherent,D/F12,True,True,True,True,True,False,True,True,False,no_development_parent
3589567,17832,284,1060.0,0.25,1108,R2-D1-S,Glo,4,704,6391,17626,gdsc:1060:0.25uM,PD0325901,2016-07-17T23:00:00Z,2016-07-21T23:00:00Z,SIDM00195,False,SIDM00195,SIDP00521,bone,Semi-Adherent,R,True,True,True,True,True,False,True,True,False,no_development_parent
3590655,17829,284,1060.0,0.25,1108,R2-D1-S,Glo,4,774,2619,17628,gdsc:1060:0.25uM,PD0325901,2016-07-17T23:00:00Z,2016-07-21T23:00:00Z,SIDM00506,False,,,,,,True,False,False,True,True,True,True,True,False,known_annotation;model_identity_match
3592650,17826,284,1060.0,0.25,1108,R2-D1-S,Glo,4,703,2347,17630,gdsc:1060:0.25uM,PD0325901,2016-07-17T23:00:00Z,2016-07-21T23:00:00Z,SIDM00943,False,SIDM00943,SIDP00418,pancreas,Adherent,R,True,True,True,True,True,False,True,True,False,no_development_parent
3594645,17894,284,1060.0,0.25,1108,R2-D1-S,Glo,4,1166,2126,17632,gdsc:1060:0.25uM,PD0325901,2016-07-17T23:00:00Z,2016-07-21T23:00:00Z,SIDM00079,False,SIDM00079,SIDP00765,urogenital_system,Adherent,R,True,True,True,True,True,True,True,True,True,
3596640,17891,284,1060.0,0.25,1108,R2-D1-S,Glo,4,1000,2272,17634,gdsc:1060:0.25uM,PD0325901,2016-07-17T23:00:00Z,2016-07-21T23:00:00Z,SIDM01000,False,SIDM01000,SIDP00368,skin,Adherent,D/F12,True,True,True,True,True,True,True,True,True,
3598635,17888,284,1060.0,0.25,1108,R2-D1-S,Glo,4,1521,2296,17636,gdsc:1060:0.25uM,PD0325901,2016-07-17T23:00:00Z,2016-07-21T23:00:00Z,SIDM00410,False,,,,,,True,False,False,True,True,True,True,True,False,known_annotation;model_identity_match
3600630,17885,284,1060.0,0.25,1108,R2-D1-S,Glo,4,277,2255,17638,gdsc:1060:0.25uM,PD0325901,2016-07-17T23:00:00Z,2016-07-21T23:00:00Z,SIDM00320,False,SIDM00320,SIDP00972,lung_NSCLC,Adherent,D/F12,True,True,True,True,True,True,True,True,True,
3602625,17882,284,1060.0,0.25,1108,R2-D1-S,Glo,4,9,2249,17640,gdsc:1060:0.25uM,PD0325901,2016-07-17T23:00:00Z,2016-07-21T23:00:00Z,SIDM01182,False,,,,,,True,False,False,True,True,True,True,True,False,known_annotation;model_identity_match
3604620,17879,284,1060.0,0.25,1108,R2-D1-S,Glo,4,1369,2422,17642,gdsc:1060:0.25uM,PD0325901,2016-07-17T23:00:00Z,2016-07-21T23:00:00Z,SIDM00606,False,SIDM00606,SIDP00888,lung_NSCLC,Adherent,D/F12,True,True,True,True,True,True,True,True,True,
3606615,17876,284,1060.0,0.25,1108,R2-D1-S,Glo,4,937,2785,17644,gdsc:1060:0.25uM,PD0325901,2016-07-17T23:00:00Z,2016-07-21T23:00:00Z,SIDM00673,False,SIDM00673,SIDP00120,breast,Adherent,R,True,True,True,True,True,False,True,True,False,no_development_parent
3608610,17873,284,1060.0,0.25,1108,R2-D1-S,Glo,4,363,6414,17646,gdsc:1060:0.25uM,PD0325901,2016-07-17T23:00:00Z,2016-07-21T23:00:00Z,SIDM00920,False,SIDM00920,SIDP00079,breast,Adherent,D/F12,True,True,True,True,True,False,True,True,False,no_development_parent
3617003,17856,284,1060.0,0.25,1108,R2-D1-S,Glo,4,1643,2560,17655,gdsc:1060:0.25uM,PD0325901,2016-07-17T23:00:00Z,2016-07-21T23:00:00Z,SIDM00252,False,,,,,,True,False,False,True,True,True,True,True,False,known_annotation;model_identity_match
3618998,17853,284,1060.0,0.25,1108,R2-D1-S,Glo,4,1554,7169,17657,gdsc:1060:0.25uM,PD0325901,2016-07-17T23:00:00Z,2016-07-21T23:00:00Z,SIDM00477,False,SIDM00477,SIDP00828,aero_dig_tract,Adherent,R,True,True,True,True,True,True,True,True,True,
3620993,17844,284,1060.0,0.25,1108,R2-D1-S,Glo,4,1814,3363,17661,gdsc:1060:0.25uM,PD0325901,2016-07-17T23:00:00Z,2016-07-21T23:00:00Z,SIDM00727,False,,,,,,True,False,False,True,True,True,True,True,False,known_annotation;model_identity_match
3622988,17841,284,1060.0,0.25,1108,R2-D1-S,Glo,4,1344,7170,17663,gdsc:1060:0.25uM,PD0325901,2016-07-17T23:00:00Z,2016-07-21T23:00:00Z,SIDM00552,False,SIDM00552,SIDP00900,soft_tissue,Adherent,D/F12,True,True,True,True,True,True,True,True,True,
3625890,17906,284,1060.0,0.25,1108,R2-D1-S,Glo,4,133,3239,17689,gdsc:1060:0.25uM,PD0325901,2016-07-20T23:00:00Z,2016-07-24T23:00:00Z,SIDM00657,False,,,,,,True,False,False,True,True,True,True,True,False,known_annotation;model_identity_match
3627885,17909,284,1060.0,0.25,1108,R2-D1-S,Glo,4,712,3292,17691,gdsc:1060:0.25uM,PD0325901,2016-07-20T23:00:00Z,2016-07-24T23:00:00Z,SIDM00746,False,,,,,,True,False,False,True,True,True,True,True,False,known_annotation;model_identity_match
3629880,17912,284,1060.0,0.25,1108,R2-D1-S,Glo,4,2107,3342,17693,gdsc:1060:0.25uM,PD0325901,2016-07-20T23:00:00Z,2016-07-24T23:00:00Z,SIDM00704,False,SIDM00704,SIDP00226,lung_SCLC,Adherent,R,True,True,True,True,True,True,True,True,True,
3631875,17915,284,1060.0,0.25,1108,R2-D1-S,Glo,4,1838,3479,17695,gdsc:1060:0.25uM,PD0325901,2016-07-20T23:00:00Z,2016-07-24T23:00:00Z,SIDM01139,False,SIDM01139,SIDP00280,pancreas,Adherent,R,True,True,True,True,True,False,True,True,False,no_development_parent
3633870,17918,284,1060.0,0.25,1108,R2-D1-S,Glo,4,1191,5235,17697,gdsc:1060:0.25uM,PD0325901,2016-07-20T23:00:00Z,2016-07-24T23:00:00Z,SIDM00082,False,SIDM00082,SIDP00762,skin,Adherent,R,True,True,True,True,True,True,True,True,True,
3635865,17921,284,1060.0,0.25,1108,R2-D1-S,Glo,4,1003,2530,17699,gdsc:1060:0.25uM,PD0325901,2016-07-20T23:00:00Z,2016-07-24T23:00:00Z,SIDM00391,False,SIDM00391,SIDP01047,myeloma,Suspension,R,True,True,True,True,True,False,True,True,False,no_development_parent
3637860,17927,284,1060.0,0.25,1108,R2-D1-S,Glo,4,548,2235,17703,gdsc:1060:0.25uM,PD0325901,2016-07-20T23:00:00Z,2016-07-24T23:00:00Z,SIDM00424,False,SIDM00424,SIDP01061,leukemia,Suspension,R,True,True,True,True,True,True,True,True,True,
3639855,17930,284,1060.0,0.25,1108,R2-D1-S,Glo,4,80,3336,17705,gdsc:1060:0.25uM,PD0325901,2016-07-20T23:00:00Z,2016-07-24T23:00:00Z,SIDM00709,False,SIDM00709,SIDP00223,lung_NSCLC,Adherent,D/F12,True,True,True,True,True,True,True,True,True,
3641850,17933,284,1060.0,0.25,1108,R2-D1-S,Glo,4,129,2138,17707,gdsc:1060:0.25uM,PD0325901,2016-07-20T23:00:00Z,2016-07-24T23:00:00Z,SIDM01194,False,SIDM01194,SIDP00325,digestive_system,Adherent,R,True,True,True,True,True,True,True,True,True,
3643845,17944,284,1060.0,0.25,1108,R2-D1-S,Glo,4,42,5214,17709,gdsc:1060:0.25uM,PD0325901,2016-07-20T23:00:00Z,2016-07-24T23:00:00Z,SIDM01107,False,,,,,,True,False,False,True,True,True,True,True,False,known_annotation;model_identity_match
3645840,17947,284,1060.0,0.25,1108,R2-D1-S,Glo,4,1211,2927,17711,gdsc:1060:0.25uM,PD0325901,2016-07-20T23:00:00Z,2016-07-24T23:00:00Z,SIDM00678,False,,,,,,True,False,False,True,True,True,True,True,False,known_annotation;model_identity_match
3648742,17953,284,1060.0,0.25,1108,R2-D1-S,Glo,4,344,7071,17715,gdsc:1060:0.25uM,PD0325901,2016-07-20T23:00:00Z,2016-07-24T23:00:00Z,SIDM00630,False,SIDM00630,SIDP00160,breast,Adherent,D/F12,True,True,True,True,True,True,True,True,True,
3650737,17959,284,1060.0,0.25,1108,R2-D1-S,Glo,4,1073,3332,17717,gdsc:1060:0.25uM,PD0325901,2016-07-20T23:00:00Z,2016-07-24T23:00:00Z,SIDM00711,False,,,,,,True,False,False,True,True,True,True,True,False,known_annotation;model_identity_match
3652732,17962,284,1060.0,0.25,1108,R2-D1-S,Glo,4,40,5531,17719,gdsc:1060:0.25uM,PD0325901,2016-07-20T23:00:00Z,2016-07-24T23:00:00Z,SIDM01096,False,SIDM01096,SIDP00305,large_intestine,Adherent,R,True,True,True,True,True,False,True,True,False,no_development_parent
3654727,17965,284,1060.0,0.25,1108,R2-D1-S,Glo,4,271,6469,17721,gdsc:1060:0.25uM,PD0325901,2016-07-20T23:00:00Z,2016-07-24T23:00:00Z,SIDM00834,False,SIDM00834,SIDP00024,large_intestine,Adherent,D/F12,True,True,True,True,True,False,True,True,False,no_development_parent
3656722,17897,284,1060.0,0.25,1108,R2-D1-S,Glo,4,22,2608,17723,gdsc:1060:0.25uM,PD0325901,2016-07-20T23:00:00Z,2016-07-24T23:00:00Z,SIDM00513,False,SIDM00513,SIDP00793,lung_NSCLC,Adherent,R,True,True,True,True,True,False,True,True,False,no_development_parent
3658717,17900,284,1060.0,0.25,1108,R2-D1-S,Glo,4,231,2375,17725,gdsc:1060:0.25uM,PD0325901,2016-07-20T23:00:00Z,2016-07-24T23:00:00Z,SIDM00203,False,SIDM00203,SIDP00513,bone,Adherent,R,True,True,True,True,True,False,True,True,False,no_development_parent
3662541,18013,284,1060.0,0.25,1108,R2-D1-S,Glo,4,1,4272,17818,gdsc:1060:0.25uM,PD0325901,2016-07-24T23:00:00Z,2016-07-28T23:00:00Z,SIDM00837,False,SIDM00837,SIDP00021,large_intestine,Adherent,D/F12,True,True,True,True,True,False,True,True,False,no_development_parent
3664536,18022,284,1060.0,0.25,1108,R2-D1-S,Glo,4,429,5989,17820,gdsc:1060:0.25uM,PD0325901,2016-07-24T23:00:00Z,2016-07-28T23:00:00Z,SIDM00971,False,SIDM00971,SIDP00373,breast,Adherent,R,True,True,True,True,True,False,True,True,False,no_development_parent
3705255,18088,284,1060.0,0.25,1108,R2-D1-S,Glo,4,1040,6661,17885,gdsc:1060:0.25uM,PD0325901,2016-07-27T23:00:00Z,2016-07-31T23:00:00Z,SIDM00627,False,SIDM00627,SIDP00163,urogenital_system,Adherent,D/F12,True,True,True,True,True,False,True,True,False,no_development_parent
3707250,18091,284,1060.0,0.25,1108,R2-D1-S,Glo,4,209,6577,17887,gdsc:1060:0.25uM,PD0325901,2016-07-27T23:00:00Z,2016-07-31T23:00:00Z,SIDM00640,False,SIDM00640,SIDP00168,lung,Adherent,R,True,True,True,True,True,False,True,True,False,no_development_parent
3709245,18097,284,1060.0,0.25,1108,R2-D1-S,Glo,4,926,3406,17889,gdsc:1060:0.25uM,PD0325901,2016-07-27T23:00:00Z,2016-07-31T23:00:00Z,SIDM01133,False,,,,,,True,False,False,True,True,True,True,True,False,known_annotation;model_identity_match
3711240,18100,284,1060.0,0.25,1108,R2-D1-S,Glo,4,1916,6834,17891,gdsc:1060:0.25uM,PD0325901,2016-07-27T23:00:00Z,2016-07-31T23:00:00Z,SIDM01159,False,SIDM01159,SIDP00344,soft_tissue,Adherent,D/F12,True,True,True,True,True,False,True,True,False,no_development_parent
3718767,18120,284,1060.0,0.25,1108,R2-D1-S,Glo,4,639,6673,17905,gdsc:1060:0.25uM,PD0325901,2016-07-27T23:00:00Z,2016-07-31T23:00:00Z,SIDM01068,False,SIDM01068,SIDP00461,lung_NSCLC,Adherent,R,True,True,True,True,True,False,True,True,False,no_development_parent
3720762,18082,284,1060.0,0.25,1108,R2-D1-S,Glo,4,1213,2938,17907,gdsc:1060:0.25uM,PD0325901,2016-07-27T23:00:00Z,2016-07-31T23:00:00Z,SIDM00587,False,SIDM00587,SIDP00869,digestive_system,Adherent,R,True,True,True,True,True,True,True,True,True,
3781025,18251,284,1036.0,10.0,627,L11-D1-S,Glo,4,1767,7189,18005,gdsc:1036:10uM,PLX-4720,2016-08-03T23:00:00Z,2016-08-07T23:00:00Z,SIDM00923,False,SIDM00923,SIDP00076,urogenital_system,Adherent,R,True,True,True,True,True,False,True,True,False,no_development_parent
3783020,18254,284,1036.0,10.0,627,L11-D1-S,Glo,4,1915,5509,18007,gdsc:1036:10uM,PLX-4720,2016-08-03T23:00:00Z,2016-08-07T23:00:00Z,SIDM00487,False,SIDM00487,SIDP00854,large_intestine,Adherent,R,True,True,True,True,True,False,True,True,False,no_development_parent
3785015,18257,284,1036.0,10.0,627,L11-D1-S,Glo,4,774,2619,18009,gdsc:1036:10uM,PLX-4720,2016-08-03T23:00:00Z,2016-08-07T23:00:00Z,SIDM00506,False,,,,,,True,False,False,True,True,True,True,True,False,known_annotation;model_identity_match
3787010,18260,284,1036.0,10.0,627,L11-D1-S,Glo,4,1006,2627,18011,gdsc:1036:10uM,PLX-4720,2016-08-03T23:00:00Z,2016-08-07T23:00:00Z,SIDM00199,False,SIDM00199,SIDP01070,bone,Adherent,R,True,True,True,True,True,False,True,True,False,no_development_parent
3789005,18263,284,1036.0,10.0,627,L11-D1-S,Glo,4,661,6309,18013,gdsc:1036:10uM,PLX-4720,2016-08-03T23:00:00Z,2016-08-07T23:00:00Z,SIDM00858,False,SIDM00858,SIDP00097,bone,Adherent,R,True,True,True,True,True,True,True,True,True,
3791000,18272,284,1036.0,10.0,627,L11-D1-S,Glo,4,2098,3015,18017,gdsc:1036:10uM,PLX-4720,2016-08-03T23:00:00Z,2016-08-07T23:00:00Z,SIDM00791,False,SIDM00791,SIDP00029,leukemia,Suspension,D/F12,True,True,True,True,True,True,True,True,True,
3792995,18275,284,1036.0,10.0,627,L11-D1-S,Glo,4,1518,7190,18019,gdsc:1036:10uM,PLX-4720,2016-08-03T23:00:00Z,2016-08-07T23:00:00Z,SIDM01029,False,SIDM01029,SIDP00496,aero_dig_tract,Adherent,R,True,True,True,True,True,True,True,True,True,
3794990,18278,284,1036.0,10.0,627,L11-D1-S,Glo,4,2147,3382,18021,gdsc:1036:10uM,PLX-4720,2016-08-03T23:00:00Z,2016-08-07T23:00:00Z,SIDM01129,False,SIDM01129,SIDP00252,lung_SCLC,Suspension,R,True,True,True,True,True,True,True,True,True,
3796985,18287,284,1036.0,10.0,627,L11-D1-S,Glo,4,1635,6410,18025,gdsc:1036:10uM,PLX-4720,2016-08-03T23:00:00Z,2016-08-07T23:00:00Z,SIDM00417,False,SIDM00417,SIDP01060,myeloma,Semi-Adherent,R,True,True,True,True,True,True,True,True,True,
3803590,18248,284,1036.0,10.0,627,L11-D1-S,Glo,4,699,2102,18033,gdsc:1036:10uM,PLX-4720,2016-08-03T23:00:00Z,2016-08-07T23:00:00Z,SIDM00489,False,SIDM00489,SIDP00852,aero_dig_tract,Adherent,D/F12,True,True,True,True,True,False,True,True,False,no_development_parent
3859416,18551,284,1036.0,10.0,627,L11-D1-S,Glo,4,1610,2169,18266,gdsc:1036:10uM,PLX-4720,2016-08-11T23:00:00Z,2016-08-15T23:00:00Z,SIDM00938,False,,,,,,True,False,False,True,True,True,True,True,False,known_annotation;model_identity_match
3861411,18729,284,1036.0,10.0,627,L11-D1-S,Glo,4,1779,2472,18325,gdsc:1036:10uM,PLX-4720,2016-08-15T23:00:00Z,2016-08-19T23:00:00Z,SIDM00258,False,,,,,,True,False,False,True,True,True,True,True,False,known_annotation;model_identity_match
3863406,18735,284,1036.0,10.0,627,L11-D1-S,Glo,4,1479,2085,18327,gdsc:1036:10uM,PLX-4720,2016-08-15T23:00:00Z,2016-08-19T23:00:00Z,SIDM01078,False,SIDM01078,SIDP00301,lung_SCLC,Semi-Adherent,R,True,True,True,True,True,True,True,True,True,
3865401,18744,284,1036.0,10.0,627,L11-D1-S,Glo,4,1165,2124,18331,gdsc:1036:10uM,PLX-4720,2016-08-15T23:00:00Z,2016-08-19T23:00:00Z,SIDM01098,False,,,,,,True,False,False,True,True,True,True,True,False,known_annotation;model_identity_match
3867396,18749,284,1036.0,10.0,627,L11-D1-S,Glo,4,997,5571,18333,gdsc:1036:10uM,PLX-4720,2016-08-15T23:00:00Z,2016-08-19T23:00:00Z,SIDM00782,False,SIDM00782,SIDP00034,large_intestine,Adherent,D/F12,True,True,True,True,True,False,True,True,False,no_development_parent
3869391,18726,284,1036.0,10.0,627,L11-D1-S,Glo,4,2219,3087,18349,gdsc:1036:10uM,PLX-4720,2016-08-15T23:00:00Z,2016-08-19T23:00:00Z,SIDM01024,False,SIDM01024,SIDP00501,aero_dig_tract,Adherent,R,True,True,True,True,True,True,True,True,True,
3904095,19029,284,1036.0,10.0,627,L11-D1-S,Glo,4,1843,2879,18608,gdsc:1036:10uM,PLX-4720,2016-08-22T23:00:00Z,2016-08-26T23:00:00Z,SIDM00664,False,,,,,,True,False,False,True,True,True,True,True,False,known_annotation;model_identity_match
3906090,19032,284,1036.0,10.0,627,L11-D1-S,Glo,4,1180,2525,18610,gdsc:1036:10uM,PLX-4720,2016-08-22T23:00:00Z,2016-08-26T23:00:00Z,SIDM01112,False,,,,,,True,False,False,True,True,True,True,True,False,known_annotation;model_identity_match
3908085,19035,284,1036.0,10.0,627,L11-D1-S,Glo,4,2113,3203,18612,gdsc:1036:10uM,PLX-4720,2016-08-22T23:00:00Z,2016-08-26T23:00:00Z,SIDM00560,False,,,,,,True,False,False,True,True,True,True,True,False,known_annotation;model_identity_match
3909173,19038,284,1036.0,10.0,627,L11-D1-S,Glo,4,60,7253,18614,gdsc:1036:10uM,PLX-4720,2016-08-22T23:00:00Z,2016-08-26T23:00:00Z,SIDM01027,False,SIDM01027,SIDP00498,aero_dig_tract,Adherent,R,True,True,True,True,True,True,True,True,True,
3911168,19044,284,1036.0,10.0,627,L11-D1-S,Glo,4,1835,7229,18618,gdsc:1036:10uM,PLX-4720,2016-08-22T23:00:00Z,2016-08-26T23:00:00Z,SIDM00122,False,SIDM00122,SIDP00728,breast,Adherent,R,True,True,True,True,True,False,True,True,False,no_development_parent
3914070,19050,284,1036.0,10.0,627,L11-D1-S,Glo,4,2069,2459,18622,gdsc:1036:10uM,PLX-4720,2016-08-22T23:00:00Z,2016-08-26T23:00:00Z,SIDM00299,False,,,,,,True,False,False,True,True,True,True,True,False,known_annotation;model_identity_match
3916065,19062,284,1036.0,10.0,627,L11-D1-S,Glo,4,1991,2921,18624,gdsc:1036:10uM,PLX-4720,2016-08-22T23:00:00Z,2016-08-26T23:00:00Z,SIDM00045,False,,,,,,True,False,False,True,True,True,True,True,False,known_annotation;model_identity_match
3918060,19065,284,1036.0,10.0,627,L11-D1-S,Glo,4,1239,3301,18626,gdsc:1036:10uM,PLX-4720,2016-08-22T23:00:00Z,2016-08-26T23:00:00Z,SIDM00740,False,,,,,,True,False,False,True,True,True,True,True,False,known_annotation;model_identity_match
3920055,19068,284,1036.0,10.0,627,L11-D1-S,Glo,4,1453,2172,18628,gdsc:1036:10uM,PLX-4720,2016-08-22T23:00:00Z,2016-08-26T23:00:00Z,SIDM01164,False,,,,,,True,False,False,True,True,True,True,True,False,known_annotation;model_identity_match
3922050,19071,284,1036.0,10.0,627,L11-D1-S,Glo,4,11,2417,18630,gdsc:1036:10uM,PLX-4720,2016-08-22T23:00:00Z,2016-08-26T23:00:00Z,SIDM00302,False,,,,,,True,False,False,True,True,True,True,True,False,known_annotation;model_identity_match
3924045,19074,284,1036.0,10.0,627,L11-D1-S,Glo,4,102,3174,18632,gdsc:1036:10uM,PLX-4720,2016-08-22T23:00:00Z,2016-08-26T23:00:00Z,SIDM00545,False,,,,,,True,False,False,True,True,True,True,True,False,known_annotation;model_identity_match
3932592,19116,284,1036.0,10.0,627,L11-D1-S,Glo,4,433,2667,18657,gdsc:1036:10uM,PLX-4720,2016-08-22T23:00:00Z,2016-08-26T23:00:00Z,SIDM00997,False,SIDM00997,SIDP00385,thyroid,Adherent,R,True,True,True,True,True,False,True,True,False,no_development_parent
3934587,19124,284,1036.0,10.0,627,L11-D1-S,Glo,4,2219,3087,18705,gdsc:1036:10uM,PLX-4720,2016-08-29T23:00:00Z,2016-09-02T23:00:00Z,SIDM01024,False,SIDM01024,SIDP00501,aero_dig_tract,Adherent,R,True,True,True,True,True,True,True,True,True,
3936582,19127,284,1036.0,10.0,627,L11-D1-S,Glo,4,1479,2085,18707,gdsc:1036:10uM,PLX-4720,2016-08-29T23:00:00Z,2016-09-02T23:00:00Z,SIDM01078,False,SIDM01078,SIDP00301,lung_SCLC,Semi-Adherent,R,True,True,True,True,True,True,True,True,True,
3938577,19139,284,1036.0,10.0,627,L11-D1-S,Glo,4,1787,2096,18709,gdsc:1036:10uM,PLX-4720,2016-08-29T23:00:00Z,2016-09-02T23:00:00Z,SIDM00381,False,SIDM00381,SIDP00952,urogenital_system,Adherent,D/F12,True,True,True,True,True,True,True,True,True,
3940572,19145,284,1036.0,10.0,627,L11-D1-S,Glo,4,227,2122,18711,gdsc:1036:10uM,PLX-4720,2016-08-29T23:00:00Z,2016-09-02T23:00:00Z,SIDM01099,False,,,,,,True,False,False,True,True,True,True,True,False,known_annotation;model_identity_match
3942567,19148,284,1036.0,10.0,627,L11-D1-S,Glo,4,1371,6889,18713,gdsc:1036:10uM,PLX-4720,2016-08-29T23:00:00Z,2016-09-02T23:00:00Z,SIDM01126,False,,,,,,True,False,False,True,True,True,True,True,False,known_annotation;model_identity_match
3944562,19154,284,1036.0,10.0,627,L11-D1-S,Glo,4,1380,3383,18717,gdsc:1036:10uM,PLX-4720,2016-08-29T23:00:00Z,2016-09-02T23:00:00Z,SIDM01128,False,SIDM01128,SIDP00253,lung_SCLC,Suspension,R,True,True,True,True,True,True,True,True,True,
3946557,19163,284,1036.0,10.0,627,L11-D1-S,Glo,4,1917,2559,18719,gdsc:1036:10uM,PLX-4720,2016-08-29T23:00:00Z,2016-09-02T23:00:00Z,SIDM00251,False,,,,,,True,False,False,True,True,True,True,True,False,known_annotation;model_identity_match
3947645,19166,284,1036.0,10.0,627,L11-D1-S,Glo,4,2062,6450,18721,gdsc:1036:10uM,PLX-4720,2016-08-29T23:00:00Z,2016-09-02T23:00:00Z,SIDM00503,False,,,,,,True,False,False,True,True,True,True,True,False,known_annotation;model_identity_match
3949640,19169,284,1036.0,10.0,627,L11-D1-S,Glo,4,655,7249,18723,gdsc:1036:10uM,PLX-4720,2016-08-29T23:00:00Z,2016-09-02T23:00:00Z,SIDM00135,False,SIDM00135,SIDP00735,breast,Adherent,D/F12,True,True,True,True,True,True,True,True,True,
3951635,19178,284,1036.0,10.0,627,L11-D1-S,Glo,4,102,3174,18725,gdsc:1036:10uM,PLX-4720,2016-08-29T23:00:00Z,2016-09-02T23:00:00Z,SIDM00545,False,,,,,,True,False,False,True,True,True,True,True,False,known_annotation;model_identity_match
3988064,19297,284,1036.0,10.0,627,L11-D1-S,Glo,4,369,6849,18828,gdsc:1036:10uM,PLX-4720,2016-09-01T23:00:00Z,2016-09-05T23:00:00Z,SIDM00903,False,SIDM00903,SIDP00060,lung_NSCLC,Adherent,D/F12,True,True,True,True,True,False,True,True,False,no_development_parent
3989152,19298,284,1036.0,10.0,627,L11-D1-S,Glo,4,369,6849,18829,gdsc:1036:10uM,PLX-4720,2016-09-01T23:00:00Z,2016-09-05T23:00:00Z,SIDM00903,False,SIDM00903,SIDP00060,lung_NSCLC,Adherent,D/F12,True,True,True,True,True,False,True,True,False,no_development_parent
3990240,19299,284,1036.0,10.0,627,L11-D1-S,Glo,4,369,6849,18830,gdsc:1036:10uM,PLX-4720,2016-09-01T23:00:00Z,2016-09-05T23:00:00Z,SIDM00903,False,SIDM00903,SIDP00060,lung_NSCLC,Adherent,D/F12,True,True,True,True,True,False,True,True,False,no_development_parent
3994049,19304,284,1036.0,10.0,627,L11-D1-S,Glo,4,2242,6576,18834,gdsc:1036:10uM,PLX-4720,2016-09-01T23:00:00Z,2016-09-05T23:00:00Z,SIDM00890,False,SIDM00890,SIDP00071,skin,Adherent,D/F12,True,True,True,True,True,False,True,True,False,no_development_parent
3995137,19305,284,1036.0,10.0,627,L11-D1-S,Glo,4,2242,6576,18835,gdsc:1036:10uM,PLX-4720,2016-09-01T23:00:00Z,2016-09-05T23:00:00Z,SIDM00890,False,SIDM00890,SIDP00071,skin,Adherent,D/F12,True,True,True,True,True,False,True,True,False,no_development_parent
3996225,19306,284,1036.0,10.0,627,L11-D1-S,Glo,4,2242,6576,18836,gdsc:1036:10uM,PLX-4720,2016-09-01T23:00:00Z,2016-09-05T23:00:00Z,SIDM00890,False,SIDM00890,SIDP00071,skin,Adherent,D/F12,True,True,True,True,True,False,True,True,False,no_development_parent
3781317,18251,284,1060.0,0.25,1108,R2-D1-S,Glo,4,1767,7189,18005,gdsc:1060:0.25uM,PD0325901,2016-08-03T23:00:00Z,2016-08-07T23:00:00Z,SIDM00923,False,SIDM00923,SIDP00076,urogenital_system,Adherent,R,True,True,True,True,True,False,True,True,False,no_development_parent
3783312,18254,284,1060.0,0.25,1108,R2-D1-S,Glo,4,1915,5509,18007,gdsc:1060:0.25uM,PD0325901,2016-08-03T23:00:00Z,2016-08-07T23:00:00Z,SIDM00487,False,SIDM00487,SIDP00854,large_intestine,Adherent,R,True,True,True,True,True,False,True,True,False,no_development_parent
3785307,18257,284,1060.0,0.25,1108,R2-D1-S,Glo,4,774,2619,18009,gdsc:1060:0.25uM,PD0325901,2016-08-03T23:00:00Z,2016-08-07T23:00:00Z,SIDM00506,False,,,,,,True,False,False,True,True,True,True,True,False,known_annotation;model_identity_match
3787302,18260,284,1060.0,0.25,1108,R2-D1-S,Glo,4,1006,2627,18011,gdsc:1060:0.25uM,PD0325901,2016-08-03T23:00:00Z,2016-08-07T23:00:00Z,SIDM00199,False,SIDM00199,SIDP01070,bone,Adherent,R,True,True,True,True,True,False,True,True,False,no_development_parent
3789297,18263,284,1060.0,0.25,1108,R2-D1-S,Glo,4,661,6309,18013,gdsc:1060:0.25uM,PD0325901,2016-08-03T23:00:00Z,2016-08-07T23:00:00Z,SIDM00858,False,SIDM00858,SIDP00097,bone,Adherent,R,True,True,True,True,True,True,True,True,True,
3791292,18272,284,1060.0,0.25,1108,R2-D1-S,Glo,4,2098,3015,18017,gdsc:1060:0.25uM,PD0325901,2016-08-03T23:00:00Z,2016-08-07T23:00:00Z,SIDM00791,False,SIDM00791,SIDP00029,leukemia,Suspension,D/F12,True,True,True,True,True,True,True,True,True,
3793287,18275,284,1060.0,0.25,1108,R2-D1-S,Glo,4,1518,7190,18019,gdsc:1060:0.25uM,PD0325901,2016-08-03T23:00:00Z,2016-08-07T23:00:00Z,SIDM01029,False,SIDM01029,SIDP00496,aero_dig_tract,Adherent,R,True,True,True,True,True,True,True,True,True,
3795282,18278,284,1060.0,0.25,1108,R2-D1-S,Glo,4,2147,3382,18021,gdsc:1060:0.25uM,PD0325901,2016-08-03T23:00:00Z,2016-08-07T23:00:00Z,SIDM01129,False,SIDM01129,SIDP00252,lung_SCLC,Suspension,R,True,True,True,True,True,True,True,True,True,
3797277,18287,284,1060.0,0.25,1108,R2-D1-S,Glo,4,1635,6410,18025,gdsc:1060:0.25uM,PD0325901,2016-08-03T23:00:00Z,2016-08-07T23:00:00Z,SIDM00417,False,SIDM00417,SIDP01060,myeloma,Semi-Adherent,R,True,True,True,True,True,True,True,True,True,
3803882,18248,284,1060.0,0.25,1108,R2-D1-S,Glo,4,699,2102,18033,gdsc:1060:0.25uM,PD0325901,2016-08-03T23:00:00Z,2016-08-07T23:00:00Z,SIDM00489,False,SIDM00489,SIDP00852,aero_dig_tract,Adherent,D/F12,True,True,True,True,True,False,True,True,False,no_development_parent
3859708,18551,284,1060.0,0.25,1108,R2-D1-S,Glo,4,1610,2169,18266,gdsc:1060:0.25uM,PD0325901,2016-08-11T23:00:00Z,2016-08-15T23:00:00Z,SIDM00938,False,,,,,,True,False,False,True,True,True,True,True,False,known_annotation;model_identity_match
3861703,18729,284,1060.0,0.25,1108,R2-D1-S,Glo,4,1779,2472,18325,gdsc:1060:0.25uM,PD0325901,2016-08-15T23:00:00Z,2016-08-19T23:00:00Z,SIDM00258,False,,,,,,True,False,False,True,True,True,True,True,False,known_annotation;model_identity_match
3863698,18735,284,1060.0,0.25,1108,R2-D1-S,Glo,4,1479,2085,18327,gdsc:1060:0.25uM,PD0325901,2016-08-15T23:00:00Z,2016-08-19T23:00:00Z,SIDM01078,False,SIDM01078,SIDP00301,lung_SCLC,Semi-Adherent,R,True,True,True,True,True,True,True,True,True,
3865693,18744,284,1060.0,0.25,1108,R2-D1-S,Glo,4,1165,2124,18331,gdsc:1060:0.25uM,PD0325901,2016-08-15T23:00:00Z,2016-08-19T23:00:00Z,SIDM01098,False,,,,,,True,False,False,True,True,True,True,True,False,known_annotation;model_identity_match
3867688,18749,284,1060.0,0.25,1108,R2-D1-S,Glo,4,997,5571,18333,gdsc:1060:0.25uM,PD0325901,2016-08-15T23:00:00Z,2016-08-19T23:00:00Z,SIDM00782,False,SIDM00782,SIDP00034,large_intestine,Adherent,D/F12,True,True,True,True,True,False,True,True,False,no_development_parent
3869683,18726,284,1060.0,0.25,1108,R2-D1-S,Glo,4,2219,3087,18349,gdsc:1060:0.25uM,PD0325901,2016-08-15T23:00:00Z,2016-08-19T23:00:00Z,SIDM01024,False,SIDM01024,SIDP00501,aero_dig_tract,Adherent,R,True,True,True,True,True,True,True,True,True,
3904387,19029,284,1060.0,0.25,1108,R2-D1-S,Glo,4,1843,2879,18608,gdsc:1060:0.25uM,PD0325901,2016-08-22T23:00:00Z,2016-08-26T23:00:00Z,SIDM00664,False,,,,,,True,False,False,True,True,True,True,True,False,known_annotation;model_identity_match
3906382,19032,284,1060.0,0.25,1108,R2-D1-S,Glo,4,1180,2525,18610,gdsc:1060:0.25uM,PD0325901,2016-08-22T23:00:00Z,2016-08-26T23:00:00Z,SIDM01112,False,,,,,,True,False,False,True,True,True,True,True,False,known_annotation;model_identity_match
3908377,19035,284,1060.0,0.25,1108,R2-D1-S,Glo,4,2113,3203,18612,gdsc:1060:0.25uM,PD0325901,2016-08-22T23:00:00Z,2016-08-26T23:00:00Z,SIDM00560,False,,,,,,True,False,False,True,True,True,True,True,False,known_annotation;model_identity_match
3909465,19038,284,1060.0,0.25,1108,R2-D1-S,Glo,4,60,7253,18614,gdsc:1060:0.25uM,PD0325901,2016-08-22T23:00:00Z,2016-08-26T23:00:00Z,SIDM01027,False,SIDM01027,SIDP00498,aero_dig_tract,Adherent,R,True,True,True,True,True,True,True,True,True,
3911460,19044,284,1060.0,0.25,1108,R2-D1-S,Glo,4,1835,7229,18618,gdsc:1060:0.25uM,PD0325901,2016-08-22T23:00:00Z,2016-08-26T23:00:00Z,SIDM00122,False,SIDM00122,SIDP00728,breast,Adherent,R,True,True,True,True,True,False,True,True,False,no_development_parent
3914362,19050,284,1060.0,0.25,1108,R2-D1-S,Glo,4,2069,2459,18622,gdsc:1060:0.25uM,PD0325901,2016-08-22T23:00:00Z,2016-08-26T23:00:00Z,SIDM00299,False,,,,,,True,False,False,True,True,True,True,True,False,known_annotation;model_identity_match
3916357,19062,284,1060.0,0.25,1108,R2-D1-S,Glo,4,1991,2921,18624,gdsc:1060:0.25uM,PD0325901,2016-08-22T23:00:00Z,2016-08-26T23:00:00Z,SIDM00045,False,,,,,,True,False,False,True,True,True,True,True,False,known_annotation;model_identity_match
3918352,19065,284,1060.0,0.25,1108,R2-D1-S,Glo,4,1239,3301,18626,gdsc:1060:0.25uM,PD0325901,2016-08-22T23:00:00Z,2016-08-26T23:00:00Z,SIDM00740,False,,,,,,True,False,False,True,True,True,True,True,False,known_annotation;model_identity_match
3920347,19068,284,1060.0,0.25,1108,R2-D1-S,Glo,4,1453,2172,18628,gdsc:1060:0.25uM,PD0325901,2016-08-22T23:00:00Z,2016-08-26T23:00:00Z,SIDM01164,False,,,,,,True,False,False,True,True,True,True,True,False,known_annotation;model_identity_match
3922342,19071,284,1060.0,0.25,1108,R2-D1-S,Glo,4,11,2417,18630,gdsc:1060:0.25uM,PD0325901,2016-08-22T23:00:00Z,2016-08-26T23:00:00Z,SIDM00302,False,,,,,,True,False,False,True,True,True,True,True,False,known_annotation;model_identity_match
3924337,19074,284,1060.0,0.25,1108,R2-D1-S,Glo,4,102,3174,18632,gdsc:1060:0.25uM,PD0325901,2016-08-22T23:00:00Z,2016-08-26T23:00:00Z,SIDM00545,False,,,,,,True,False,False,True,True,True,True,True,False,known_annotation;model_identity_match
3932884,19116,284,1060.0,0.25,1108,R2-D1-S,Glo,4,433,2667,18657,gdsc:1060:0.25uM,PD0325901,2016-08-22T23:00:00Z,2016-08-26T23:00:00Z,SIDM00997,False,SIDM00997,SIDP00385,thyroid,Adherent,R,True,True,True,True,True,False,True,True,False,no_development_parent
3934879,19124,284,1060.0,0.25,1108,R2-D1-S,Glo,4,2219,3087,18705,gdsc:1060:0.25uM,PD0325901,2016-08-29T23:00:00Z,2016-09-02T23:00:00Z,SIDM01024,False,SIDM01024,SIDP00501,aero_dig_tract,Adherent,R,True,True,True,True,True,True,True,True,True,
3936874,19127,284,1060.0,0.25,1108,R2-D1-S,Glo,4,1479,2085,18707,gdsc:1060:0.25uM,PD0325901,2016-08-29T23:00:00Z,2016-09-02T23:00:00Z,SIDM01078,False,SIDM01078,SIDP00301,lung_SCLC,Semi-Adherent,R,True,True,True,True,True,True,True,True,True,
3938869,19139,284,1060.0,0.25,1108,R2-D1-S,Glo,4,1787,2096,18709,gdsc:1060:0.25uM,PD0325901,2016-08-29T23:00:00Z,2016-09-02T23:00:00Z,SIDM00381,False,SIDM00381,SIDP00952,urogenital_system,Adherent,D/F12,True,True,True,True,True,True,True,True,True,
3940864,19145,284,1060.0,0.25,1108,R2-D1-S,Glo,4,227,2122,18711,gdsc:1060:0.25uM,PD0325901,2016-08-29T23:00:00Z,2016-09-02T23:00:00Z,SIDM01099,False,,,,,,True,False,False,True,True,True,True,True,False,known_annotation;model_identity_match
3942859,19148,284,1060.0,0.25,1108,R2-D1-S,Glo,4,1371,6889,18713,gdsc:1060:0.25uM,PD0325901,2016-08-29T23:00:00Z,2016-09-02T23:00:00Z,SIDM01126,False,,,,,,True,False,False,True,True,True,True,True,False,known_annotation;model_identity_match
3944854,19154,284,1060.0,0.25,1108,R2-D1-S,Glo,4,1380,3383,18717,gdsc:1060:0.25uM,PD0325901,2016-08-29T23:00:00Z,2016-09-02T23:00:00Z,SIDM01128,False,SIDM01128,SIDP00253,lung_SCLC,Suspension,R,True,True,True,True,True,True,True,True,True,
3946849,19163,284,1060.0,0.25,1108,R2-D1-S,Glo,4,1917,2559,18719,gdsc:1060:0.25uM,PD0325901,2016-08-29T23:00:00Z,2016-09-02T23:00:00Z,SIDM00251,False,,,,,,True,False,False,True,True,True,True,True,False,known_annotation;model_identity_match
3947937,19166,284,1060.0,0.25,1108,R2-D1-S,Glo,4,2062,6450,18721,gdsc:1060:0.25uM,PD0325901,2016-08-29T23:00:00Z,2016-09-02T23:00:00Z,SIDM00503,False,,,,,,True,False,False,True,True,True,True,True,False,known_annotation;model_identity_match
3949932,19169,284,1060.0,0.25,1108,R2-D1-S,Glo,4,655,7249,18723,gdsc:1060:0.25uM,PD0325901,2016-08-29T23:00:00Z,2016-09-02T23:00:00Z,SIDM00135,False,SIDM00135,SIDP00735,breast,Adherent,D/F12,True,True,True,True,True,True,True,True,True,
3951927,19178,284,1060.0,0.25,1108,R2-D1-S,Glo,4,102,3174,18725,gdsc:1060:0.25uM,PD0325901,2016-08-29T23:00:00Z,2016-09-02T23:00:00Z,SIDM00545,False,,,,,,True,False,False,True,True,True,True,True,False,known_annotation;model_identity_match
3988356,19297,284,1060.0,0.25,1108,R2-D1-S,Glo,4,369,6849,18828,gdsc:1060:0.25uM,PD0325901,2016-09-01T23:00:00Z,2016-09-05T23:00:00Z,SIDM00903,False,SIDM00903,SIDP00060,lung_NSCLC,Adherent,D/F12,True,True,True,True,True,False,True,True,False,no_development_parent
3989444,19298,284,1060.0,0.25,1108,R2-D1-S,Glo,4,369,6849,18829,gdsc:1060:0.25uM,PD0325901,2016-09-01T23:00:00Z,2016-09-05T23:00:00Z,SIDM00903,False,SIDM00903,SIDP00060,lung_NSCLC,Adherent,D/F12,True,True,True,True,True,False,True,True,False,no_development_parent
3990532,19299,284,1060.0,0.25,1108,R2-D1-S,Glo,4,369,6849,18830,gdsc:1060:0.25uM,PD0325901,2016-09-01T23:00:00Z,2016-09-05T23:00:00Z,SIDM00903,False,SIDM00903,SIDP00060,lung_NSCLC,Adherent,D/F12,True,True,True,True,True,False,True,True,False,no_development_parent
3994341,19304,284,1060.0,0.25,1108,R2-D1-S,Glo,4,2242,6576,18834,gdsc:1060:0.25uM,PD0325901,2016-09-01T23:00:00Z,2016-09-05T23:00:00Z,SIDM00890,False,SIDM00890,SIDP00071,skin,Adherent,D/F12,True,True,True,True,True,False,True,True,False,no_development_parent
3995429,19305,284,1060.0,0.25,1108,R2-D1-S,Glo,4,2242,6576,18835,gdsc:1060:0.25uM,PD0325901,2016-09-01T23:00:00Z,2016-09-05T23:00:00Z,SIDM00890,False,SIDM00890,SIDP00071,skin,Adherent,D/F12,True,True,True,True,True,False,True,True,False,no_development_parent
3996517,19306,284,1060.0,0.25,1108,R2-D1-S,Glo,4,2242,6576,18836,gdsc:1060:0.25uM,PD0325901,2016-09-01T23:00:00Z,2016-09-05T23:00:00Z,SIDM00890,False,SIDM00890,SIDP00071,skin,Adherent,D/F12,True,True,True,True,True,False,True,True,False,no_development_parent
4000034,19311,284,1036.0,10.0,627,L11-D1-S,Glo,4,1553,6850,18840,gdsc:1036:10uM,PLX-4720,2016-09-01T23:00:00Z,2016-09-05T23:00:00Z,SIDM00789,False,SIDM00789,SIDP00030,large_intestine,Adherent,R,True,True,True,True,True,False,True,True,False,no_development_parent
4001122,19312,284,1036.0,10.0,627,L11-D1-S,Glo,4,1553,6850,18841,gdsc:1036:10uM,PLX-4720,2016-09-01T23:00:00Z,2016-09-05T23:00:00Z,SIDM00789,False,SIDM00789,SIDP00030,large_intestine,Adherent,R,True,True,True,True,True,False,True,True,False,no_development_parent
4002210,19313,284,1036.0,10.0,627,L11-D1-S,Glo,4,1553,6850,18842,gdsc:1036:10uM,PLX-4720,2016-09-01T23:00:00Z,2016-09-05T23:00:00Z,SIDM00789,False,SIDM00789,SIDP00030,large_intestine,Adherent,R,True,True,True,True,True,False,True,True,False,no_development_parent
4006019,19318,284,1036.0,10.0,627,L11-D1-S,Glo,4,1212,5530,18846,gdsc:1036:10uM,PLX-4720,2016-09-01T23:00:00Z,2016-09-05T23:00:00Z,SIDM00136,False,SIDM00136,SIDP00736,large_intestine,Adherent,R,True,True,True,True,True,False,True,True,False,no_development_parent
4007107,19319,284,1036.0,10.0,627,L11-D1-S,Glo,4,1212,5530,18847,gdsc:1036:10uM,PLX-4720,2016-09-01T23:00:00Z,2016-09-05T23:00:00Z,SIDM00136,False,SIDM00136,SIDP00736,large_intestine,Adherent,R,True,True,True,True,True,False,True,True,False,no_development_parent
4008195,19320,284,1036.0,10.0,627,L11-D1-S,Glo,4,1212,5530,18848,gdsc:1036:10uM,PLX-4720,2016-09-01T23:00:00Z,2016-09-05T23:00:00Z,SIDM00136,False,SIDM00136,SIDP00736,large_intestine,Adherent,R,True,True,True,True,True,False,True,True,False,no_development_parent
4011097,19325,284,1036.0,10.0,627,L11-D1-S,Glo,4,339,5947,18852,gdsc:1036:10uM,PLX-4720,2016-09-01T23:00:00Z,2016-09-05T23:00:00Z,SIDM00386,False,SIDM00386,SIDP01001,bone,Adherent,R,True,True,True,True,True,False,True,True,False,no_development_parent
4012185,19326,284,1036.0,10.0,627,L11-D1-S,Glo,4,339,5947,18853,gdsc:1036:10uM,PLX-4720,2016-09-01T23:00:00Z,2016-09-05T23:00:00Z,SIDM00386,False,SIDM00386,SIDP01001,bone,Adherent,R,True,True,True,True,True,False,True,True,False,no_development_parent
4013273,19327,284,1036.0,10.0,627,L11-D1-S,Glo,4,339,5947,18854,gdsc:1036:10uM,PLX-4720,2016-09-01T23:00:00Z,2016-09-05T23:00:00Z,SIDM00386,False,SIDM00386,SIDP01001,bone,Adherent,R,True,True,True,True,True,False,True,True,False,no_development_parent
4017082,19332,284,1036.0,10.0,627,L11-D1-S,Glo,4,198,6573,18858,gdsc:1036:10uM,PLX-4720,2016-09-01T23:00:00Z,2016-09-05T23:00:00Z,SIDM00237,False,SIDM00237,SIDP00627,lung_NSCLC,Adherent,R,True,True,True,True,True,False,True,True,False,no_development_parent
4018170,19333,284,1036.0,10.0,627,L11-D1-S,Glo,4,198,6573,18859,gdsc:1036:10uM,PLX-4720,2016-09-01T23:00:00Z,2016-09-05T23:00:00Z,SIDM00237,False,SIDM00237,SIDP00627,lung_NSCLC,Adherent,R,True,True,True,True,True,False,True,True,False,no_development_parent
4019258,19334,284,1036.0,10.0,627,L11-D1-S,Glo,4,198,6573,18860,gdsc:1036:10uM,PLX-4720,2016-09-01T23:00:00Z,2016-09-05T23:00:00Z,SIDM00237,False,SIDM00237,SIDP00627,lung_NSCLC,Adherent,R,True,True,True,True,True,False,True,True,False,no_development_parent
4023067,19339,284,1036.0,10.0,627,L11-D1-S,Glo,4,37,7110,18864,gdsc:1036:10uM,PLX-4720,2016-09-01T23:00:00Z,2016-09-05T23:00:00Z,SIDM00781,False,SIDM00781,SIDP00035,large_intestine,Adherent,R,True,True,True,True,True,False,True,True,False,no_development_parent
4024155,19340,284,1036.0,10.0,627,L11-D1-S,Glo,4,37,7110,18865,gdsc:1036:10uM,PLX-4720,2016-09-01T23:00:00Z,2016-09-05T23:00:00Z,SIDM00781,False,SIDM00781,SIDP00035,large_intestine,Adherent,R,True,True,True,True,True,False,True,True,False,no_development_parent
4025243,19341,284,1036.0,10.0,627,L11-D1-S,Glo,4,37,7110,18866,gdsc:1036:10uM,PLX-4720,2016-09-01T23:00:00Z,2016-09-05T23:00:00Z,SIDM00781,False,SIDM00781,SIDP00035,large_intestine,Adherent,R,True,True,True,True,True,False,True,True,False,no_development_parent
4028145,19346,284,1036.0,10.0,627,L11-D1-S,Glo,4,3,5230,18870,gdsc:1036:10uM,PLX-4720,2016-09-01T23:00:00Z,2016-09-05T23:00:00Z,SIDM00841,False,SIDM00841,SIDP00019,large_intestine,Adherent,D/F12,True,True,True,True,True,False,True,True,False,no_development_parent
4029233,19347,284,1036.0,10.0,627,L11-D1-S,Glo,4,3,5230,18871,gdsc:1036:10uM,PLX-4720,2016-09-01T23:00:00Z,2016-09-05T23:00:00Z,SIDM00841,False,SIDM00841,SIDP00019,large_intestine,Adherent,D/F12,True,True,True,True,True,False,True,True,False,no_development_parent
4030321,19348,284,1036.0,10.0,627,L11-D1-S,Glo,4,3,5230,18872,gdsc:1036:10uM,PLX-4720,2016-09-01T23:00:00Z,2016-09-05T23:00:00Z,SIDM00841,False,SIDM00841,SIDP00019,large_intestine,Adherent,D/F12,True,True,True,True,True,False,True,True,False,no_development_parent
4033223,19353,284,1036.0,10.0,627,L11-D1-S,Glo,4,1145,7109,18876,gdsc:1036:10uM,PLX-4720,2016-09-01T23:00:00Z,2016-09-05T23:00:00Z,SIDM01191,False,SIDM01191,SIDP00358,bone,Adherent,R,True,True,True,True,True,False,True,True,False,no_development_parent
4034311,19355,284,1036.0,10.0,627,L11-D1-S,Glo,4,1145,7109,18878,gdsc:1036:10uM,PLX-4720,2016-09-01T23:00:00Z,2016-09-05T23:00:00Z,SIDM01191,False,SIDM01191,SIDP00358,bone,Adherent,R,True,True,True,True,True,False,True,True,False,no_development_parent
4037213,19361,284,1036.0,10.0,627,L11-D1-S,Glo,4,921,5233,18883,gdsc:1036:10uM,PLX-4720,2016-09-01T23:00:00Z,2016-09-05T23:00:00Z,SIDM00332,False,SIDM00332,SIDP00998,breast,Adherent,D/F12,True,True,True,True,True,False,True,True,False,no_development_parent
4040115,19290,284,1036.0,10.0,627,L11-D1-S,Glo,4,953,6231,18900,gdsc:1036:10uM,PLX-4720,2016-09-01T23:00:00Z,2016-09-05T23:00:00Z,SIDM00795,False,SIDM00795,SIDP00054,skin,Adherent,D/F12,True,True,True,True,True,False,True,True,False,no_development_parent
4041203,19291,284,1036.0,10.0,627,L11-D1-S,Glo,4,953,6231,18901,gdsc:1036:10uM,PLX-4720,2016-09-01T23:00:00Z,2016-09-05T23:00:00Z,SIDM00795,False,SIDM00795,SIDP00054,skin,Adherent,D/F12,True,True,True,True,True,False,True,True,False,no_development_parent
4042291,19292,284,1036.0,10.0,627,L11-D1-S,Glo,4,953,6231,18902,gdsc:1036:10uM,PLX-4720,2016-09-01T23:00:00Z,2016-09-05T23:00:00Z,SIDM00795,False,SIDM00795,SIDP00054,skin,Adherent,D/F12,True,True,True,True,True,False,True,True,False,no_development_parent
4063808,19464,284,1036.0,10.0,627,L11-D1-S,Glo,4,2167,3228,18948,gdsc:1036:10uM,PLX-4720,2016-09-05T23:00:00Z,2016-09-09T23:00:00Z,SIDM01023,False,,,,,,True,False,False,True,True,True,True,True,False,known_annotation;model_identity_match
4065803,19479,284,1036.0,10.0,627,L11-D1-S,Glo,4,229,2501,18950,gdsc:1036:10uM,PLX-4720,2016-09-05T23:00:00Z,2016-09-09T23:00:00Z,SIDM01203,False,,,,,,True,False,False,True,True,True,True,True,False,known_annotation;model_identity_match
4066891,19480,284,1036.0,10.0,627,L11-D1-S,Glo,4,229,2501,18951,gdsc:1036:10uM,PLX-4720,2016-09-05T23:00:00Z,2016-09-09T23:00:00Z,SIDM01203,False,,,,,,True,False,False,True,True,True,True,True,False,known_annotation;model_identity_match
4067979,19484,284,1036.0,10.0,627,L11-D1-S,Glo,4,1754,7070,18952,gdsc:1036:10uM,PLX-4720,2016-09-05T23:00:00Z,2016-09-09T23:00:00Z,SIDM01187,False,,,,,,True,False,False,True,True,True,True,True,False,known_annotation;model_identity_match
4069067,19485,284,1036.0,10.0,627,L11-D1-S,Glo,4,1754,7070,18953,gdsc:1036:10uM,PLX-4720,2016-09-05T23:00:00Z,2016-09-09T23:00:00Z,SIDM01187,False,,,,,,True,False,False,True,True,True,True,True,False,known_annotation;model_identity_match
4000326,19311,284,1060.0,0.25,1108,R2-D1-S,Glo,4,1553,6850,18840,gdsc:1060:0.25uM,PD0325901,2016-09-01T23:00:00Z,2016-09-05T23:00:00Z,SIDM00789,False,SIDM00789,SIDP00030,large_intestine,Adherent,R,True,True,True,True,True,False,True,True,False,no_development_parent
4001414,19312,284,1060.0,0.25,1108,R2-D1-S,Glo,4,1553,6850,18841,gdsc:1060:0.25uM,PD0325901,2016-09-01T23:00:00Z,2016-09-05T23:00:00Z,SIDM00789,False,SIDM00789,SIDP00030,large_intestine,Adherent,R,True,True,True,True,True,False,True,True,False,no_development_parent
4002502,19313,284,1060.0,0.25,1108,R2-D1-S,Glo,4,1553,6850,18842,gdsc:1060:0.25uM,PD0325901,2016-09-01T23:00:00Z,2016-09-05T23:00:00Z,SIDM00789,False,SIDM00789,SIDP00030,large_intestine,Adherent,R,True,True,True,True,True,False,True,True,False,no_development_parent
4006311,19318,284,1060.0,0.25,1108,R2-D1-S,Glo,4,1212,5530,18846,gdsc:1060:0.25uM,PD0325901,2016-09-01T23:00:00Z,2016-09-05T23:00:00Z,SIDM00136,False,SIDM00136,SIDP00736,large_intestine,Adherent,R,True,True,True,True,True,False,True,True,False,no_development_parent
4007399,19319,284,1060.0,0.25,1108,R2-D1-S,Glo,4,1212,5530,18847,gdsc:1060:0.25uM,PD0325901,2016-09-01T23:00:00Z,2016-09-05T23:00:00Z,SIDM00136,False,SIDM00136,SIDP00736,large_intestine,Adherent,R,True,True,True,True,True,False,True,True,False,no_development_parent
4008487,19320,284,1060.0,0.25,1108,R2-D1-S,Glo,4,1212,5530,18848,gdsc:1060:0.25uM,PD0325901,2016-09-01T23:00:00Z,2016-09-05T23:00:00Z,SIDM00136,False,SIDM00136,SIDP00736,large_intestine,Adherent,R,True,True,True,True,True,False,True,True,False,no_development_parent
4011389,19325,284,1060.0,0.25,1108,R2-D1-S,Glo,4,339,5947,18852,gdsc:1060:0.25uM,PD0325901,2016-09-01T23:00:00Z,2016-09-05T23:00:00Z,SIDM00386,False,SIDM00386,SIDP01001,bone,Adherent,R,True,True,True,True,True,False,True,True,False,no_development_parent
4012477,19326,284,1060.0,0.25,1108,R2-D1-S,Glo,4,339,5947,18853,gdsc:1060:0.25uM,PD0325901,2016-09-01T23:00:00Z,2016-09-05T23:00:00Z,SIDM00386,False,SIDM00386,SIDP01001,bone,Adherent,R,True,True,True,True,True,False,True,True,False,no_development_parent
4013565,19327,284,1060.0,0.25,1108,R2-D1-S,Glo,4,339,5947,18854,gdsc:1060:0.25uM,PD0325901,2016-09-01T23:00:00Z,2016-09-05T23:00:00Z,SIDM00386,False,SIDM00386,SIDP01001,bone,Adherent,R,True,True,True,True,True,False,True,True,False,no_development_parent
4017374,19332,284,1060.0,0.25,1108,R2-D1-S,Glo,4,198,6573,18858,gdsc:1060:0.25uM,PD0325901,2016-09-01T23:00:00Z,2016-09-05T23:00:00Z,SIDM00237,False,SIDM00237,SIDP00627,lung_NSCLC,Adherent,R,True,True,True,True,True,False,True,True,False,no_development_parent
4018462,19333,284,1060.0,0.25,1108,R2-D1-S,Glo,4,198,6573,18859,gdsc:1060:0.25uM,PD0325901,2016-09-01T23:00:00Z,2016-09-05T23:00:00Z,SIDM00237,False,SIDM00237,SIDP00627,lung_NSCLC,Adherent,R,True,True,True,True,True,False,True,True,False,no_development_parent
4019550,19334,284,1060.0,0.25,1108,R2-D1-S,Glo,4,198,6573,18860,gdsc:1060:0.25uM,PD0325901,2016-09-01T23:00:00Z,2016-09-05T23:00:00Z,SIDM00237,False,SIDM00237,SIDP00627,lung_NSCLC,Adherent,R,True,True,True,True,True,False,True,True,False,no_development_parent
4023359,19339,284,1060.0,0.25,1108,R2-D1-S,Glo,4,37,7110,18864,gdsc:1060:0.25uM,PD0325901,2016-09-01T23:00:00Z,2016-09-05T23:00:00Z,SIDM00781,False,SIDM00781,SIDP00035,large_intestine,Adherent,R,True,True,True,True,True,False,True,True,False,no_development_parent
4024447,19340,284,1060.0,0.25,1108,R2-D1-S,Glo,4,37,7110,18865,gdsc:1060:0.25uM,PD0325901,2016-09-01T23:00:00Z,2016-09-05T23:00:00Z,SIDM00781,False,SIDM00781,SIDP00035,large_intestine,Adherent,R,True,True,True,True,True,False,True,True,False,no_development_parent
4025535,19341,284,1060.0,0.25,1108,R2-D1-S,Glo,4,37,7110,18866,gdsc:1060:0.25uM,PD0325901,2016-09-01T23:00:00Z,2016-09-05T23:00:00Z,SIDM00781,False,SIDM00781,SIDP00035,large_intestine,Adherent,R,True,True,True,True,True,False,True,True,False,no_development_parent
4028437,19346,284,1060.0,0.25,1108,R2-D1-S,Glo,4,3,5230,18870,gdsc:1060:0.25uM,PD0325901,2016-09-01T23:00:00Z,2016-09-05T23:00:00Z,SIDM00841,False,SIDM00841,SIDP00019,large_intestine,Adherent,D/F12,True,True,True,True,True,False,True,True,False,no_development_parent
4029525,19347,284,1060.0,0.25,1108,R2-D1-S,Glo,4,3,5230,18871,gdsc:1060:0.25uM,PD0325901,2016-09-01T23:00:00Z,2016-09-05T23:00:00Z,SIDM00841,False,SIDM00841,SIDP00019,large_intestine,Adherent,D/F12,True,True,True,True,True,False,True,True,False,no_development_parent
4030613,19348,284,1060.0,0.25,1108,R2-D1-S,Glo,4,3,5230,18872,gdsc:1060:0.25uM,PD0325901,2016-09-01T23:00:00Z,2016-09-05T23:00:00Z,SIDM00841,False,SIDM00841,SIDP00019,large_intestine,Adherent,D/F12,True,True,True,True,True,False,True,True,False,no_development_parent
4033515,19353,284,1060.0,0.25,1108,R2-D1-S,Glo,4,1145,7109,18876,gdsc:1060:0.25uM,PD0325901,2016-09-01T23:00:00Z,2016-09-05T23:00:00Z,SIDM01191,False,SIDM01191,SIDP00358,bone,Adherent,R,True,True,True,True,True,False,True,True,False,no_development_parent
4034603,19355,284,1060.0,0.25,1108,R2-D1-S,Glo,4,1145,7109,18878,gdsc:1060:0.25uM,PD0325901,2016-09-01T23:00:00Z,2016-09-05T23:00:00Z,SIDM01191,False,SIDM01191,SIDP00358,bone,Adherent,R,True,True,True,True,True,False,True,True,False,no_development_parent
4037505,19361,284,1060.0,0.25,1108,R2-D1-S,Glo,4,921,5233,18883,gdsc:1060:0.25uM,PD0325901,2016-09-01T23:00:00Z,2016-09-05T23:00:00Z,SIDM00332,False,SIDM00332,SIDP00998,breast,Adherent,D/F12,True,True,True,True,True,False,True,True,False,no_development_parent
4040407,19290,284,1060.0,0.25,1108,R2-D1-S,Glo,4,953,6231,18900,gdsc:1060:0.25uM,PD0325901,2016-09-01T23:00:00Z,2016-09-05T23:00:00Z,SIDM00795,False,SIDM00795,SIDP00054,skin,Adherent,D/F12,True,True,True,True,True,False,True,True,False,no_development_parent
4041495,19291,284,1060.0,0.25,1108,R2-D1-S,Glo,4,953,6231,18901,gdsc:1060:0.25uM,PD0325901,2016-09-01T23:00:00Z,2016-09-05T23:00:00Z,SIDM00795,False,SIDM00795,SIDP00054,skin,Adherent,D/F12,True,True,True,True,True,False,True,True,False,no_development_parent
4042583,19292,284,1060.0,0.25,1108,R2-D1-S,Glo,4,953,6231,18902,gdsc:1060:0.25uM,PD0325901,2016-09-01T23:00:00Z,2016-09-05T23:00:00Z,SIDM00795,False,SIDM00795,SIDP00054,skin,Adherent,D/F12,True,True,True,True,True,False,True,True,False,no_development_parent
4064100,19464,284,1060.0,0.25,1108,R2-D1-S,Glo,4,2167,3228,18948,gdsc:1060:0.25uM,PD0325901,2016-09-05T23:00:00Z,2016-09-09T23:00:00Z,SIDM01023,False,,,,,,True,False,False,True,True,True,True,True,False,known_annotation;model_identity_match
4066095,19479,284,1060.0,0.25,1108,R2-D1-S,Glo,4,229,2501,18950,gdsc:1060:0.25uM,PD0325901,2016-09-05T23:00:00Z,2016-09-09T23:00:00Z,SIDM01203,False,,,,,,True,False,False,True,True,True,True,True,False,known_annotation;model_identity_match
4067183,19480,284,1060.0,0.25,1108,R2-D1-S,Glo,4,229,2501,18951,gdsc:1060:0.25uM,PD0325901,2016-09-05T23:00:00Z,2016-09-09T23:00:00Z,SIDM01203,False,,,,,,True,False,False,True,True,True,True,True,False,known_annotation;model_identity_match
4068271,19484,284,1060.0,0.25,1108,R2-D1-S,Glo,4,1754,7070,18952,gdsc:1060:0.25uM,PD0325901,2016-09-05T23:00:00Z,2016-09-09T23:00:00Z,SIDM01187,False,,,,,,True,False,False,True,True,True,True,True,False,known_annotation;model_identity_match
4069359,19485,284,1060.0,0.25,1108,R2-D1-S,Glo,4,1754,7070,18953,gdsc:1060:0.25uM,PD0325901,2016-09-05T23:00:00Z,2016-09-09T23:00:00Z,SIDM01187,False,,,,,,True,False,False,True,True,True,True,True,False,known_annotation;model_identity_match
4327232,19475,284,1036.0,10.0,627,L11-D1-S,Glo,4,341,3396,19422,gdsc:1036:10uM,PLX-4720,2016-09-05T23:00:00Z,2016-09-09T23:00:00Z,SIDM01119,False,SIDM01119,SIDP00262,lung_NSCLC,Adherent,R,True,True,True,True,True,True,True,True,True,
4328320,19470,284,1036.0,10.0,627,L11-D1-S,Glo,4,79,3327,19423,gdsc:1036:10uM,PLX-4720,2016-09-05T23:00:00Z,2016-09-09T23:00:00Z,SIDM00756,False,,,,,,True,False,False,True,True,True,True,True,False,known_annotation;model_identity_match
4435336,20237,284,1036.0,10.0,627,L11-D1-S,Glo,4,50,3153,19671,gdsc:1036:10uM,PLX-4720,2016-09-25T23:00:00Z,2016-09-29T23:00:00Z,SIDM00633,False,,,,,,True,False,False,True,True,True,True,True,False,known_annotation;model_identity_match
4437331,20240,284,1036.0,10.0,627,L11-D1-S,Glo,4,1098,3260,19673,gdsc:1036:10uM,PLX-4720,2016-09-25T23:00:00Z,2016-09-29T23:00:00Z,SIDM00655,False,,,,,,True,False,False,True,True,True,True,True,False,known_annotation;model_identity_match
4439326,20243,284,1036.0,10.0,627,L11-D1-S,Glo,4,90,3312,19675,gdsc:1036:10uM,PLX-4720,2016-09-25T23:00:00Z,2016-09-29T23:00:00Z,SIDM00768,False,SIDM00768,SIDP00207,lung_NSCLC,Adherent,D/F12,True,True,True,True,True,True,True,True,True,
4442228,20249,284,1036.0,10.0,627,L11-D1-S,Glo,4,1016,3392,19679,gdsc:1036:10uM,PLX-4720,2016-09-25T23:00:00Z,2016-09-29T23:00:00Z,SIDM01121,False,,,,,,True,False,False,True,True,True,True,True,False,known_annotation;model_identity_match
4444223,20252,284,1036.0,10.0,627,L11-D1-S,Glo,4,630,3409,19681,gdsc:1036:10uM,PLX-4720,2016-09-25T23:00:00Z,2016-09-29T23:00:00Z,SIDM01149,False,,,,,,True,False,False,True,True,True,True,True,False,known_annotation;model_identity_match
4447125,20275,284,1036.0,10.0,627,L11-D1-S,Glo,4,50,3153,19691,gdsc:1036:10uM,PLX-4720,2016-09-25T23:00:00Z,2016-09-29T23:00:00Z,SIDM00633,False,,,,,,True,False,False,True,True,True,True,True,False,known_annotation;model_identity_match
4449120,20279,284,1036.0,10.0,627,L11-D1-S,Glo,4,1016,3392,19695,gdsc:1036:10uM,PLX-4720,2016-09-25T23:00:00Z,2016-09-29T23:00:00Z,SIDM01121,False,,,,,,True,False,False,True,True,True,True,True,False,known_annotation;model_identity_match
4451115,20284,284,1036.0,10.0,627,L11-D1-S,Glo,4,630,3409,19699,gdsc:1036:10uM,PLX-4720,2016-09-25T23:00:00Z,2016-09-29T23:00:00Z,SIDM01149,False,,,,,,True,False,False,True,True,True,True,True,False,known_annotation;model_identity_match
4494342,20431,284,1036.0,10.0,627,L11-D1-S,Glo,4,557,2286,19780,gdsc:1036:10uM,PLX-4720,2016-09-26T23:00:00Z,2016-09-30T23:00:00Z,SIDM00413,False,,,,,,True,False,False,True,True,True,True,True,False,known_annotation;model_identity_match
4496337,20434,284,1036.0,10.0,627,L11-D1-S,Glo,4,1568,2866,19782,gdsc:1036:10uM,PLX-4720,2016-09-26T23:00:00Z,2016-09-30T23:00:00Z,SIDM00667,False,,,,,,True,False,False,True,True,True,True,True,False,known_annotation;model_identity_match
4498332,20437,284,1036.0,10.0,627,L11-D1-S,Glo,4,1564,6350,19784,gdsc:1036:10uM,PLX-4720,2016-09-26T23:00:00Z,2016-09-30T23:00:00Z,SIDM00266,False,,,,,,True,False,False,True,True,True,True,True,False,known_annotation;model_identity_match
4327524,19475,284,1060.0,0.25,1108,R2-D1-S,Glo,4,341,3396,19422,gdsc:1060:0.25uM,PD0325901,2016-09-05T23:00:00Z,2016-09-09T23:00:00Z,SIDM01119,False,SIDM01119,SIDP00262,lung_NSCLC,Adherent,R,True,True,True,True,True,True,True,True,True,
4328612,19470,284,1060.0,0.25,1108,R2-D1-S,Glo,4,79,3327,19423,gdsc:1060:0.25uM,PD0325901,2016-09-05T23:00:00Z,2016-09-09T23:00:00Z,SIDM00756,False,,,,,,True,False,False,True,True,True,True,True,False,known_annotation;model_identity_match
4435628,20237,284,1060.0,0.25,1108,R2-D1-S,Glo,4,50,3153,19671,gdsc:1060:0.25uM,PD0325901,2016-09-25T23:00:00Z,2016-09-29T23:00:00Z,SIDM00633,False,,,,,,True,False,False,True,True,True,True,True,False,known_annotation;model_identity_match
4437623,20240,284,1060.0,0.25,1108,R2-D1-S,Glo,4,1098,3260,19673,gdsc:1060:0.25uM,PD0325901,2016-09-25T23:00:00Z,2016-09-29T23:00:00Z,SIDM00655,False,,,,,,True,False,False,True,True,True,True,True,False,known_annotation;model_identity_match
4439618,20243,284,1060.0,0.25,1108,R2-D1-S,Glo,4,90,3312,19675,gdsc:1060:0.25uM,PD0325901,2016-09-25T23:00:00Z,2016-09-29T23:00:00Z,SIDM00768,False,SIDM00768,SIDP00207,lung_NSCLC,Adherent,D/F12,True,True,True,True,True,True,True,True,True,
4442520,20249,284,1060.0,0.25,1108,R2-D1-S,Glo,4,1016,3392,19679,gdsc:1060:0.25uM,PD0325901,2016-09-25T23:00:00Z,2016-09-29T23:00:00Z,SIDM01121,False,,,,,,True,False,False,True,True,True,True,True,False,known_annotation;model_identity_match
4444515,20252,284,1060.0,0.25,1108,R2-D1-S,Glo,4,630,3409,19681,gdsc:1060:0.25uM,PD0325901,2016-09-25T23:00:00Z,2016-09-29T23:00:00Z,SIDM01149,False,,,,,,True,False,False,True,True,True,True,True,False,known_annotation;model_identity_match
4447417,20275,284,1060.0,0.25,1108,R2-D1-S,Glo,4,50,3153,19691,gdsc:1060:0.25uM,PD0325901,2016-09-25T23:00:00Z,2016-09-29T23:00:00Z,SIDM00633,False,,,,,,True,False,False,True,True,True,True,True,False,known_annotation;model_identity_match
4449412,20279,284,1060.0,0.25,1108,R2-D1-S,Glo,4,1016,3392,19695,gdsc:1060:0.25uM,PD0325901,2016-09-25T23:00:00Z,2016-09-29T23:00:00Z,SIDM01121,False,,,,,,True,False,False,True,True,True,True,True,False,known_annotation;model_identity_match
4451407,20284,284,1060.0,0.25,1108,R2-D1-S,Glo,4,630,3409,19699,gdsc:1060:0.25uM,PD0325901,2016-09-25T23:00:00Z,2016-09-29T23:00:00Z,SIDM01149,False,,,,,,True,False,False,True,True,True,True,True,False,known_annotation;model_identity_match
4494634,20431,284,1060.0,0.25,1108,R2-D1-S,Glo,4,557,2286,19780,gdsc:1060:0.25uM,PD0325901,2016-09-26T23:00:00Z,2016-09-30T23:00:00Z,SIDM00413,False,,,,,,True,False,False,True,True,True,True,True,False,known_annotation;model_identity_match
4496629,20434,284,1060.0,0.25,1108,R2-D1-S,Glo,4,1568,2866,19782,gdsc:1060:0.25uM,PD0325901,2016-09-26T23:00:00Z,2016-09-30T23:00:00Z,SIDM00667,False,,,,,,True,False,False,True,True,True,True,True,False,known_annotation;model_identity_match
4498624,20437,284,1060.0,0.25,1108,R2-D1-S,Glo,4,1564,6350,19784,gdsc:1060:0.25uM,PD0325901,2016-09-26T23:00:00Z,2016-09-30T23:00:00Z,SIDM00266,False,,,,,,True,False,False,True,True,True,True,True,False,known_annotation;model_identity_match
4500327,20440,284,1036.0,10.0,627,L11-D1-S,Glo,4,1383,3213,19786,gdsc:1036:10uM,PLX-4720,2016-09-26T23:00:00Z,2016-09-30T23:00:00Z,SIDM00532,False,,,,,,True,False,False,True,True,True,True,True,False,known_annotation;model_identity_match
4502322,20443,284,1036.0,10.0,627,L11-D1-S,Glo,4,1543,3214,19788,gdsc:1036:10uM,PLX-4720,2016-09-26T23:00:00Z,2016-09-30T23:00:00Z,SIDM00504,False,,,,,,True,False,False,True,True,True,True,True,False,known_annotation;model_identity_match
4504317,20446,284,1036.0,10.0,627,L11-D1-S,Glo,4,896,2503,19790,gdsc:1036:10uM,PLX-4720,2016-09-26T23:00:00Z,2016-09-30T23:00:00Z,SIDM00220,False,,,,,,True,False,False,True,True,True,True,True,False,known_annotation;model_identity_match
4506312,20451,284,1036.0,10.0,627,L11-D1-S,Glo,4,1564,6350,19794,gdsc:1036:10uM,PLX-4720,2016-09-26T23:00:00Z,2016-09-30T23:00:00Z,SIDM00266,False,,,,,,True,False,False,True,True,True,True,True,False,known_annotation;model_identity_match
4508307,20453,284,1036.0,10.0,627,L11-D1-S,Glo,4,1568,2866,19796,gdsc:1036:10uM,PLX-4720,2016-09-26T23:00:00Z,2016-09-30T23:00:00Z,SIDM00667,False,,,,,,True,False,False,True,True,True,True,True,False,known_annotation;model_identity_match
4510302,20455,284,1036.0,10.0,627,L11-D1-S,Glo,4,1383,3213,19798,gdsc:1036:10uM,PLX-4720,2016-09-26T23:00:00Z,2016-09-30T23:00:00Z,SIDM00532,False,,,,,,True,False,False,True,True,True,True,True,False,known_annotation;model_identity_match
4512297,20457,284,1036.0,10.0,627,L11-D1-S,Glo,4,1543,3214,19800,gdsc:1036:10uM,PLX-4720,2016-09-26T23:00:00Z,2016-09-30T23:00:00Z,SIDM00504,False,,,,,,True,False,False,True,True,True,True,True,False,known_annotation;model_identity_match
4515199,20461,284,1036.0,10.0,627,L11-D1-S,Glo,4,896,2503,19804,gdsc:1036:10uM,PLX-4720,2016-09-26T23:00:00Z,2016-09-30T23:00:00Z,SIDM00220,False,,,,,,True,False,False,True,True,True,True,True,False,known_annotation;model_identity_match
4517194,20463,284,1036.0,10.0,627,L11-D1-S,Glo,4,557,2286,19806,gdsc:1036:10uM,PLX-4720,2016-09-26T23:00:00Z,2016-09-30T23:00:00Z,SIDM00413,False,,,,,,True,False,False,True,True,True,True,True,False,known_annotation;model_identity_match
4605974,20682,284,1036.0,10.0,627,L11-D1-S,Glo,4,544,2185,19956,gdsc:1036:10uM,PLX-4720,2016-09-29T23:00:00Z,2016-10-03T23:00:00Z,SIDM00322,False,,,,,,True,False,False,True,True,True,True,True,False,known_annotation;model_identity_match
4607062,20683,284,1036.0,10.0,627,L11-D1-S,Glo,4,544,2185,19957,gdsc:1036:10uM,PLX-4720,2016-09-29T23:00:00Z,2016-10-03T23:00:00Z,SIDM00322,False,,,,,,True,False,False,True,True,True,True,True,False,known_annotation;model_identity_match
4609964,20687,284,1036.0,10.0,627,L11-D1-S,Glo,4,1809,3492,19960,gdsc:1036:10uM,PLX-4720,2016-09-29T23:00:00Z,2016-10-03T23:00:00Z,SIDM00361,False,,,,,,True,False,False,True,True,True,True,True,False,known_annotation;model_identity_match
4611052,20688,284,1036.0,10.0,627,L11-D1-S,Glo,4,1809,3492,19961,gdsc:1036:10uM,PLX-4720,2016-09-29T23:00:00Z,2016-10-03T23:00:00Z,SIDM00361,False,,,,,,True,False,False,True,True,True,True,True,False,known_annotation;model_identity_match
4612140,20697,284,1036.0,10.0,627,L11-D1-S,Glo,4,1162,2040,19968,gdsc:1036:10uM,PLX-4720,2016-09-29T23:00:00Z,2016-10-03T23:00:00Z,SIDM00352,False,,,,,,True,False,False,True,True,True,True,True,False,known_annotation;model_identity_match
4613228,20698,284,1036.0,10.0,627,L11-D1-S,Glo,4,1162,2040,19969,gdsc:1036:10uM,PLX-4720,2016-09-29T23:00:00Z,2016-10-03T23:00:00Z,SIDM00352,False,,,,,,True,False,False,True,True,True,True,True,False,known_annotation;model_identity_match
4644997,20812,284,1036.0,10.0,627,L11-D1-S,Glo,4,1524,7289,20125,gdsc:1036:10uM,PLX-4720,2016-10-03T23:00:00Z,2016-10-07T23:00:00Z,SIDM00918,False,,,,,,True,False,False,True,True,True,True,True,False,known_annotation;model_identity_match
4646085,20823,284,1036.0,10.0,627,L11-D1-S,Glo,4,624,6952,20130,gdsc:1036:10uM,PLX-4720,2016-10-03T23:00:00Z,2016-10-07T23:00:00Z,SIDM00722,False,,,,,,True,False,False,True,True,True,True,True,False,known_annotation;model_identity_match
4647173,20824,284,1036.0,10.0,627,L11-D1-S,Glo,4,624,6952,20131,gdsc:1036:10uM,PLX-4720,2016-10-03T23:00:00Z,2016-10-07T23:00:00Z,SIDM00722,False,,,,,,True,False,False,True,True,True,True,True,False,known_annotation;model_identity_match
4648261,20825,284,1036.0,10.0,627,L11-D1-S,Glo,4,624,6952,20132,gdsc:1036:10uM,PLX-4720,2016-10-03T23:00:00Z,2016-10-07T23:00:00Z,SIDM00722,False,,,,,,True,False,False,True,True,True,True,True,False,known_annotation;model_identity_match
4649349,20828,284,1036.0,10.0,627,L11-D1-S,Glo,4,1094,3464,20134,gdsc:1036:10uM,PLX-4720,2016-10-03T23:00:00Z,2016-10-07T23:00:00Z,SIDM00466,False,,,,,,True,False,False,True,True,True,True,True,False,known_annotation;model_identity_match
4650437,20829,284,1036.0,10.0,627,L11-D1-S,Glo,4,1094,3464,20135,gdsc:1036:10uM,PLX-4720,2016-10-03T23:00:00Z,2016-10-07T23:00:00Z,SIDM00466,False,,,,,,True,False,False,True,True,True,True,True,False,known_annotation;model_identity_match
4685153,20980,284,1036.0,10.0,627,L11-D1-S,Glo,4,611,2370,20191,gdsc:1036:10uM,PLX-4720,2016-10-05T23:00:00Z,2016-10-09T23:00:00Z,SIDM00262,False,SIDM00262,SIDP00639,bone,Adherent,R,True,True,True,True,True,False,True,True,False,no_development_parent
4686241,20981,284,1036.0,10.0,627,L11-D1-S,Glo,4,611,2370,20192,gdsc:1036:10uM,PLX-4720,2016-10-05T23:00:00Z,2016-10-09T23:00:00Z,SIDM00262,False,SIDM00262,SIDP00639,bone,Adherent,R,True,True,True,True,True,False,True,True,False,no_development_parent
4687329,20988,284,1036.0,10.0,627,L11-D1-S,Glo,4,887,2829,20193,gdsc:1036:10uM,PLX-4720,2016-10-05T23:00:00Z,2016-10-09T23:00:00Z,SIDM00591,False,,,,,,True,False,False,True,True,True,True,True,False,known_annotation;model_identity_match
4723013,20916,284,1036.0,10.0,627,L11-D1-S,Glo,4,1689,5570,20297,gdsc:1036:10uM,PLX-4720,2016-10-03T23:00:00Z,2016-10-07T23:00:00Z,SIDM00832,False,SIDM00832,SIDP00026,large_intestine,Adherent,D/F12,True,True,True,True,True,False,True,True,False,no_development_parent
4725008,20918,284,1036.0,10.0,627,L11-D1-S,Glo,4,1689,5570,20299,gdsc:1036:10uM,PLX-4720,2016-10-03T23:00:00Z,2016-10-07T23:00:00Z,SIDM00832,False,SIDM00832,SIDP00026,large_intestine,Adherent,D/F12,True,True,True,True,True,False,True,True,False,no_development_parent
4727003,20811,284,1036.0,10.0,627,L11-D1-S,Glo,4,1524,7289,20329,gdsc:1036:10uM,PLX-4720,2016-10-03T23:00:00Z,2016-10-07T23:00:00Z,SIDM00918,False,,,,,,True,False,False,True,True,True,True,True,False,known_annotation;model_identity_match
4500619,20440,284,1060.0,0.25,1108,R2-D1-S,Glo,4,1383,3213,19786,gdsc:1060:0.25uM,PD0325901,2016-09-26T23:00:00Z,2016-09-30T23:00:00Z,SIDM00532,False,,,,,,True,False,False,True,True,True,True,True,False,known_annotation;model_identity_match
4502614,20443,284,1060.0,0.25,1108,R2-D1-S,Glo,4,1543,3214,19788,gdsc:1060:0.25uM,PD0325901,2016-09-26T23:00:00Z,2016-09-30T23:00:00Z,SIDM00504,False,,,,,,True,False,False,True,True,True,True,True,False,known_annotation;model_identity_match
4504609,20446,284,1060.0,0.25,1108,R2-D1-S,Glo,4,896,2503,19790,gdsc:1060:0.25uM,PD0325901,2016-09-26T23:00:00Z,2016-09-30T23:00:00Z,SIDM00220,False,,,,,,True,False,False,True,True,True,True,True,False,known_annotation;model_identity_match
4506604,20451,284,1060.0,0.25,1108,R2-D1-S,Glo,4,1564,6350,19794,gdsc:1060:0.25uM,PD0325901,2016-09-26T23:00:00Z,2016-09-30T23:00:00Z,SIDM00266,False,,,,,,True,False,False,True,True,True,True,True,False,known_annotation;model_identity_match
4508599,20453,284,1060.0,0.25,1108,R2-D1-S,Glo,4,1568,2866,19796,gdsc:1060:0.25uM,PD0325901,2016-09-26T23:00:00Z,2016-09-30T23:00:00Z,SIDM00667,False,,,,,,True,False,False,True,True,True,True,True,False,known_annotation;model_identity_match
4510594,20455,284,1060.0,0.25,1108,R2-D1-S,Glo,4,1383,3213,19798,gdsc:1060:0.25uM,PD0325901,2016-09-26T23:00:00Z,2016-09-30T23:00:00Z,SIDM00532,False,,,,,,True,False,False,True,True,True,True,True,False,known_annotation;model_identity_match
4512589,20457,284,1060.0,0.25,1108,R2-D1-S,Glo,4,1543,3214,19800,gdsc:1060:0.25uM,PD0325901,2016-09-26T23:00:00Z,2016-09-30T23:00:00Z,SIDM00504,False,,,,,,True,False,False,True,True,True,True,True,False,known_annotation;model_identity_match
4515491,20461,284,1060.0,0.25,1108,R2-D1-S,Glo,4,896,2503,19804,gdsc:1060:0.25uM,PD0325901,2016-09-26T23:00:00Z,2016-09-30T23:00:00Z,SIDM00220,False,,,,,,True,False,False,True,True,True,True,True,False,known_annotation;model_identity_match
4517486,20463,284,1060.0,0.25,1108,R2-D1-S,Glo,4,557,2286,19806,gdsc:1060:0.25uM,PD0325901,2016-09-26T23:00:00Z,2016-09-30T23:00:00Z,SIDM00413,False,,,,,,True,False,False,True,True,True,True,True,False,known_annotation;model_identity_match
4606266,20682,284,1060.0,0.25,1108,R2-D1-S,Glo,4,544,2185,19956,gdsc:1060:0.25uM,PD0325901,2016-09-29T23:00:00Z,2016-10-03T23:00:00Z,SIDM00322,False,,,,,,True,False,False,True,True,True,True,True,False,known_annotation;model_identity_match
4607354,20683,284,1060.0,0.25,1108,R2-D1-S,Glo,4,544,2185,19957,gdsc:1060:0.25uM,PD0325901,2016-09-29T23:00:00Z,2016-10-03T23:00:00Z,SIDM00322,False,,,,,,True,False,False,True,True,True,True,True,False,known_annotation;model_identity_match
4610256,20687,284,1060.0,0.25,1108,R2-D1-S,Glo,4,1809,3492,19960,gdsc:1060:0.25uM,PD0325901,2016-09-29T23:00:00Z,2016-10-03T23:00:00Z,SIDM00361,False,,,,,,True,False,False,True,True,True,True,True,False,known_annotation;model_identity_match
4611344,20688,284,1060.0,0.25,1108,R2-D1-S,Glo,4,1809,3492,19961,gdsc:1060:0.25uM,PD0325901,2016-09-29T23:00:00Z,2016-10-03T23:00:00Z,SIDM00361,False,,,,,,True,False,False,True,True,True,True,True,False,known_annotation;model_identity_match
4612432,20697,284,1060.0,0.25,1108,R2-D1-S,Glo,4,1162,2040,19968,gdsc:1060:0.25uM,PD0325901,2016-09-29T23:00:00Z,2016-10-03T23:00:00Z,SIDM00352,False,,,,,,True,False,False,True,True,True,True,True,False,known_annotation;model_identity_match
4613520,20698,284,1060.0,0.25,1108,R2-D1-S,Glo,4,1162,2040,19969,gdsc:1060:0.25uM,PD0325901,2016-09-29T23:00:00Z,2016-10-03T23:00:00Z,SIDM00352,False,,,,,,True,False,False,True,True,True,True,True,False,known_annotation;model_identity_match
4645289,20812,284,1060.0,0.25,1108,R2-D1-S,Glo,4,1524,7289,20125,gdsc:1060:0.25uM,PD0325901,2016-10-03T23:00:00Z,2016-10-07T23:00:00Z,SIDM00918,False,,,,,,True,False,False,True,True,True,True,True,False,known_annotation;model_identity_match
4646377,20823,284,1060.0,0.25,1108,R2-D1-S,Glo,4,624,6952,20130,gdsc:1060:0.25uM,PD0325901,2016-10-03T23:00:00Z,2016-10-07T23:00:00Z,SIDM00722,False,,,,,,True,False,False,True,True,True,True,True,False,known_annotation;model_identity_match
4647465,20824,284,1060.0,0.25,1108,R2-D1-S,Glo,4,624,6952,20131,gdsc:1060:0.25uM,PD0325901,2016-10-03T23:00:00Z,2016-10-07T23:00:00Z,SIDM00722,False,,,,,,True,False,False,True,True,True,True,True,False,known_annotation;model_identity_match
4648553,20825,284,1060.0,0.25,1108,R2-D1-S,Glo,4,624,6952,20132,gdsc:1060:0.25uM,PD0325901,2016-10-03T23:00:00Z,2016-10-07T23:00:00Z,SIDM00722,False,,,,,,True,False,False,True,True,True,True,True,False,known_annotation;model_identity_match
4649641,20828,284,1060.0,0.25,1108,R2-D1-S,Glo,4,1094,3464,20134,gdsc:1060:0.25uM,PD0325901,2016-10-03T23:00:00Z,2016-10-07T23:00:00Z,SIDM00466,False,,,,,,True,False,False,True,True,True,True,True,False,known_annotation;model_identity_match
4650729,20829,284,1060.0,0.25,1108,R2-D1-S,Glo,4,1094,3464,20135,gdsc:1060:0.25uM,PD0325901,2016-10-03T23:00:00Z,2016-10-07T23:00:00Z,SIDM00466,False,,,,,,True,False,False,True,True,True,True,True,False,known_annotation;model_identity_match
4685445,20980,284,1060.0,0.25,1108,R2-D1-S,Glo,4,611,2370,20191,gdsc:1060:0.25uM,PD0325901,2016-10-05T23:00:00Z,2016-10-09T23:00:00Z,SIDM00262,False,SIDM00262,SIDP00639,bone,Adherent,R,True,True,True,True,True,False,True,True,False,no_development_parent
4686533,20981,284,1060.0,0.25,1108,R2-D1-S,Glo,4,611,2370,20192,gdsc:1060:0.25uM,PD0325901,2016-10-05T23:00:00Z,2016-10-09T23:00:00Z,SIDM00262,False,SIDM00262,SIDP00639,bone,Adherent,R,True,True,True,True,True,False,True,True,False,no_development_parent
4687621,20988,284,1060.0,0.25,1108,R2-D1-S,Glo,4,887,2829,20193,gdsc:1060:0.25uM,PD0325901,2016-10-05T23:00:00Z,2016-10-09T23:00:00Z,SIDM00591,False,,,,,,True,False,False,True,True,True,True,True,False,known_annotation;model_identity_match
4723305,20916,284,1060.0,0.25,1108,R2-D1-S,Glo,4,1689,5570,20297,gdsc:1060:0.25uM,PD0325901,2016-10-03T23:00:00Z,2016-10-07T23:00:00Z,SIDM00832,False,SIDM00832,SIDP00026,large_intestine,Adherent,D/F12,True,True,True,True,True,False,True,True,False,no_development_parent
4725300,20918,284,1060.0,0.25,1108,R2-D1-S,Glo,4,1689,5570,20299,gdsc:1060:0.25uM,PD0325901,2016-10-03T23:00:00Z,2016-10-07T23:00:00Z,SIDM00832,False,SIDM00832,SIDP00026,large_intestine,Adherent,D/F12,True,True,True,True,True,False,True,True,False,no_development_parent
4727295,20811,284,1060.0,0.25,1108,R2-D1-S,Glo,4,1524,7289,20329,gdsc:1060:0.25uM,PD0325901,2016-10-03T23:00:00Z,2016-10-07T23:00:00Z,SIDM00918,False,,,,,,True,False,False,True,True,True,True,True,False,known_annotation;model_identity_match
4773164,21100,284,1036.0,10.0,627,L11-D1-S,Glo,4,2123,3482,20392,gdsc:1036:10uM,PLX-4720,2016-10-06T23:00:00Z,2016-10-10T23:00:00Z,SIDM01137,False,,,,,,True,False,False,True,True,True,True,True,False,known_annotation;model_identity_match
4774252,21101,284,1036.0,10.0,627,L11-D1-S,Glo,4,2123,3482,20393,gdsc:1036:10uM,PLX-4720,2016-10-06T23:00:00Z,2016-10-10T23:00:00Z,SIDM01137,False,,,,,,True,False,False,True,True,True,True,True,False,known_annotation;model_identity_match
4777154,21105,284,1036.0,10.0,627,L11-D1-S,Glo,4,1514,3046,20396,gdsc:1036:10uM,PLX-4720,2016-10-06T23:00:00Z,2016-10-10T23:00:00Z,SIDM00611,False,,,,,,True,False,False,True,True,True,True,True,False,known_annotation;model_identity_match
4778242,21106,284,1036.0,10.0,627,L11-D1-S,Glo,4,1514,3046,20397,gdsc:1036:10uM,PLX-4720,2016-10-06T23:00:00Z,2016-10-10T23:00:00Z,SIDM00611,False,,,,,,True,False,False,True,True,True,True,True,False,known_annotation;model_identity_match
4781144,21110,284,1036.0,10.0,627,L11-D1-S,Glo,4,1768,4141,20400,gdsc:1036:10uM,PLX-4720,2016-10-06T23:00:00Z,2016-10-10T23:00:00Z,SIDM00511,False,,,,,,True,False,False,True,True,True,True,True,False,known_annotation;model_identity_match
4782232,21111,284,1036.0,10.0,627,L11-D1-S,Glo,4,1768,4141,20401,gdsc:1036:10uM,PLX-4720,2016-10-06T23:00:00Z,2016-10-10T23:00:00Z,SIDM00511,False,,,,,,True,False,False,True,True,True,True,True,False,known_annotation;model_identity_match
4773456,21100,284,1060.0,0.25,1108,R2-D1-S,Glo,4,2123,3482,20392,gdsc:1060:0.25uM,PD0325901,2016-10-06T23:00:00Z,2016-10-10T23:00:00Z,SIDM01137,False,,,,,,True,False,False,True,True,True,True,True,False,known_annotation;model_identity_match
4774544,21101,284,1060.0,0.25,1108,R2-D1-S,Glo,4,2123,3482,20393,gdsc:1060:0.25uM,PD0325901,2016-10-06T23:00:00Z,2016-10-10T23:00:00Z,SIDM01137,False,,,,,,True,False,False,True,True,True,True,True,False,known_annotation;model_identity_match
4777446,21105,284,1060.0,0.25,1108,R2-D1-S,Glo,4,1514,3046,20396,gdsc:1060:0.25uM,PD0325901,2016-10-06T23:00:00Z,2016-10-10T23:00:00Z,SIDM00611,False,,,,,,True,False,False,True,True,True,True,True,False,known_annotation;model_identity_match
4778534,21106,284,1060.0,0.25,1108,R2-D1-S,Glo,4,1514,3046,20397,gdsc:1060:0.25uM,PD0325901,2016-10-06T23:00:00Z,2016-10-10T23:00:00Z,SIDM00611,False,,,,,,True,False,False,True,True,True,True,True,False,known_annotation;model_identity_match
4781436,21110,284,1060.0,0.25,1108,R2-D1-S,Glo,4,1768,4141,20400,gdsc:1060:0.25uM,PD0325901,2016-10-06T23:00:00Z,2016-10-10T23:00:00Z,SIDM00511,False,,,,,,True,False,False,True,True,True,True,True,False,known_annotation;model_identity_match
4782524,21111,284,1060.0,0.25,1108,R2-D1-S,Glo,4,1768,4141,20401,gdsc:1060:0.25uM,PD0325901,2016-10-06T23:00:00Z,2016-10-10T23:00:00Z,SIDM00511,False,,,,,,True,False,False,True,True,True,True,True,False,known_annotation;model_identity_match
