native_observation_id,source_row_zero_based,sample,plate,drugname_drugconc,cell_name,pass_filter,sublibrary,EGR1,source_file_sha256,EGR1_coordinate_zero_based
35_174_117-lib_847,2287,smp_1529,plate1,"[('Trametinib', 0.05, 'uM')]",NCI-H596,full,lib_847,0.0,5a5c9aab50be5118b1dfe949e9f0d3bca75f74944e7993bd77dc5b377e5d1f25,546
35_192_037-lib_852,2288,smp_1529,plate1,"[('Trametinib', 0.05, 'uM')]",NCI-H596,full,lib_852,0.0,5a5c9aab50be5118b1dfe949e9f0d3bca75f74944e7993bd77dc5b377e5d1f25,546
35_065_136-lib_861,2289,smp_1529,plate1,"[('Trametinib', 0.05, 'uM')]",NCI-H596,full,lib_861,0.0,5a5c9aab50be5118b1dfe949e9f0d3bca75f74944e7993bd77dc5b377e5d1f25,546
35_184_119-lib_863,2290,smp_1529,plate1,"[('Trametinib', 0.05, 'uM')]",NCI-H596,full,lib_863,0.0,5a5c9aab50be5118b1dfe949e9f0d3bca75f74944e7993bd77dc5b377e5d1f25,546
35_060_003-lib_884,2291,smp_1529,plate1,"[('Trametinib', 0.05, 'uM')]",NCI-H596,full,lib_884,0.0,5a5c9aab50be5118b1dfe949e9f0d3bca75f74944e7993bd77dc5b377e5d1f25,546
35_022_044-lib_899,2292,smp_1529,plate1,"[('Trametinib', 0.05, 'uM')]",NCI-H596,minimal,lib_899,0.0,5a5c9aab50be5118b1dfe949e9f0d3bca75f74944e7993bd77dc5b377e5d1f25,546
95_086_188-lib_1012,3237,smp_1781,plate3,"[('DMSO_TF', 0.0, 'uM')]",NCI-H596,full,lib_1012,0.0,5a5c9aab50be5118b1dfe949e9f0d3bca75f74944e7993bd77dc5b377e5d1f25,546
96_051_156-lib_1013,3238,smp_1782,plate3,"[('DMSO_TF', 0.0, 'uM')]",NCI-H596,minimal,lib_1013,0.0,5a5c9aab50be5118b1dfe949e9f0d3bca75f74944e7993bd77dc5b377e5d1f25,546
96_120_177-lib_1015,3239,smp_1782,plate3,"[('DMSO_TF', 0.0, 'uM')]",NCI-H596,minimal,lib_1015,2.207963,5a5c9aab50be5118b1dfe949e9f0d3bca75f74944e7993bd77dc5b377e5d1f25,546
95_002_085-lib_1020,3240,smp_1781,plate3,"[('DMSO_TF', 0.0, 'uM')]",NCI-H596,minimal,lib_1020,0.0,5a5c9aab50be5118b1dfe949e9f0d3bca75f74944e7993bd77dc5b377e5d1f25,546
96_042_163-lib_1020,3241,smp_1782,plate3,"[('DMSO_TF', 0.0, 'uM')]",NCI-H596,minimal,lib_1020,0.0,5a5c9aab50be5118b1dfe949e9f0d3bca75f74944e7993bd77dc5b377e5d1f25,546
96_124_056-lib_1020,3242,smp_1782,plate3,"[('DMSO_TF', 0.0, 'uM')]",NCI-H596,full,lib_1020,0.0,5a5c9aab50be5118b1dfe949e9f0d3bca75f74944e7993bd77dc5b377e5d1f25,546
95_004_136-lib_1025,3243,smp_1781,plate3,"[('DMSO_TF', 0.0, 'uM')]",NCI-H596,full,lib_1025,0.0,5a5c9aab50be5118b1dfe949e9f0d3bca75f74944e7993bd77dc5b377e5d1f25,546
95_127_114-lib_1027,3244,smp_1781,plate3,"[('DMSO_TF', 0.0, 'uM')]",NCI-H596,full,lib_1027,0.0,5a5c9aab50be5118b1dfe949e9f0d3bca75f74944e7993bd77dc5b377e5d1f25,546
96_122_141-lib_1027,3245,smp_1782,plate3,"[('DMSO_TF', 0.0, 'uM')]",NCI-H596,full,lib_1027,0.0,5a5c9aab50be5118b1dfe949e9f0d3bca75f74944e7993bd77dc5b377e5d1f25,546
95_143_126-lib_1030,3246,smp_1781,plate3,"[('DMSO_TF', 0.0, 'uM')]",NCI-H596,full,lib_1030,0.0,5a5c9aab50be5118b1dfe949e9f0d3bca75f74944e7993bd77dc5b377e5d1f25,546
96_037_090-lib_1030,3247,smp_1782,plate3,"[('DMSO_TF', 0.0, 'uM')]",NCI-H596,minimal,lib_1030,0.0,5a5c9aab50be5118b1dfe949e9f0d3bca75f74944e7993bd77dc5b377e5d1f25,546
96_181_029-lib_1030,3248,smp_1782,plate3,"[('DMSO_TF', 0.0, 'uM')]",NCI-H596,minimal,lib_1030,0.0,5a5c9aab50be5118b1dfe949e9f0d3bca75f74944e7993bd77dc5b377e5d1f25,546
95_108_057-lib_1035,3249,smp_1781,plate3,"[('DMSO_TF', 0.0, 'uM')]",NCI-H596,minimal,lib_1035,0.0,5a5c9aab50be5118b1dfe949e9f0d3bca75f74944e7993bd77dc5b377e5d1f25,546
95_162_038-lib_1036,3250,smp_1781,plate3,"[('DMSO_TF', 0.0, 'uM')]",NCI-H596,minimal,lib_1036,0.0,5a5c9aab50be5118b1dfe949e9f0d3bca75f74944e7993bd77dc5b377e5d1f25,546
95_012_147-lib_1042,3251,smp_1781,plate3,"[('DMSO_TF', 0.0, 'uM')]",NCI-H596,minimal,lib_1042,0.0,5a5c9aab50be5118b1dfe949e9f0d3bca75f74944e7993bd77dc5b377e5d1f25,546
96_095_010-lib_1043,3252,smp_1782,plate3,"[('DMSO_TF', 0.0, 'uM')]",NCI-H596,full,lib_1043,0.0,5a5c9aab50be5118b1dfe949e9f0d3bca75f74944e7993bd77dc5b377e5d1f25,546
96_097_066-lib_1043,3253,smp_1782,plate3,"[('DMSO_TF', 0.0, 'uM')]",NCI-H596,minimal,lib_1043,0.0,5a5c9aab50be5118b1dfe949e9f0d3bca75f74944e7993bd77dc5b377e5d1f25,546
95_085_103-lib_1044,3254,smp_1781,plate3,"[('DMSO_TF', 0.0, 'uM')]",NCI-H596,full,lib_1044,0.0,5a5c9aab50be5118b1dfe949e9f0d3bca75f74944e7993bd77dc5b377e5d1f25,546
96_105_160-lib_1044,3255,smp_1782,plate3,"[('DMSO_TF', 0.0, 'uM')]",NCI-H596,minimal,lib_1044,0.0,5a5c9aab50be5118b1dfe949e9f0d3bca75f74944e7993bd77dc5b377e5d1f25,546
95_052_001-lib_1045,3256,smp_1781,plate3,"[('DMSO_TF', 0.0, 'uM')]",NCI-H596,minimal,lib_1045,0.0,5a5c9aab50be5118b1dfe949e9f0d3bca75f74944e7993bd77dc5b377e5d1f25,546
95_074_141-lib_1045,3257,smp_1781,plate3,"[('DMSO_TF', 0.0, 'uM')]",NCI-H596,minimal,lib_1045,0.0,5a5c9aab50be5118b1dfe949e9f0d3bca75f74944e7993bd77dc5b377e5d1f25,546
96_091_084-lib_1047,3258,smp_1782,plate3,"[('DMSO_TF', 0.0, 'uM')]",NCI-H596,minimal,lib_1047,0.0,5a5c9aab50be5118b1dfe949e9f0d3bca75f74944e7993bd77dc5b377e5d1f25,546
96_102_182-lib_1047,3259,smp_1782,plate3,"[('DMSO_TF', 0.0, 'uM')]",NCI-H596,minimal,lib_1047,2.1113675,5a5c9aab50be5118b1dfe949e9f0d3bca75f74944e7993bd77dc5b377e5d1f25,546
95_064_078-lib_1049,3260,smp_1781,plate3,"[('DMSO_TF', 0.0, 'uM')]",NCI-H596,minimal,lib_1049,0.0,5a5c9aab50be5118b1dfe949e9f0d3bca75f74944e7993bd77dc5b377e5d1f25,546
95_114_165-lib_1050,3261,smp_1781,plate3,"[('DMSO_TF', 0.0, 'uM')]",NCI-H596,minimal,lib_1050,0.0,5a5c9aab50be5118b1dfe949e9f0d3bca75f74944e7993bd77dc5b377e5d1f25,546
96_170_048-lib_1050,3262,smp_1782,plate3,"[('DMSO_TF', 0.0, 'uM')]",NCI-H596,full,lib_1050,0.0,5a5c9aab50be5118b1dfe949e9f0d3bca75f74944e7993bd77dc5b377e5d1f25,546
95_142_032-lib_1051,3263,smp_1781,plate3,"[('DMSO_TF', 0.0, 'uM')]",NCI-H596,full,lib_1051,1.7309049,5a5c9aab50be5118b1dfe949e9f0d3bca75f74944e7993bd77dc5b377e5d1f25,546
95_123_044-lib_1052,3264,smp_1781,plate3,"[('DMSO_TF', 0.0, 'uM')]",NCI-H596,full,lib_1052,0.0,5a5c9aab50be5118b1dfe949e9f0d3bca75f74944e7993bd77dc5b377e5d1f25,546
96_184_163-lib_1052,3265,smp_1782,plate3,"[('DMSO_TF', 0.0, 'uM')]",NCI-H596,minimal,lib_1052,0.0,5a5c9aab50be5118b1dfe949e9f0d3bca75f74944e7993bd77dc5b377e5d1f25,546
95_059_075-lib_1054,3266,smp_1781,plate3,"[('DMSO_TF', 0.0, 'uM')]",NCI-H596,full,lib_1054,1.8134385,5a5c9aab50be5118b1dfe949e9f0d3bca75f74944e7993bd77dc5b377e5d1f25,546
96_078_116-lib_1054,3267,smp_1782,plate3,"[('DMSO_TF', 0.0, 'uM')]",NCI-H596,minimal,lib_1054,0.0,5a5c9aab50be5118b1dfe949e9f0d3bca75f74944e7993bd77dc5b377e5d1f25,546
96_157_175-lib_1054,3268,smp_1782,plate3,"[('DMSO_TF', 0.0, 'uM')]",NCI-H596,minimal,lib_1054,0.0,5a5c9aab50be5118b1dfe949e9f0d3bca75f74944e7993bd77dc5b377e5d1f25,546
95_030_174-lib_1055,3269,smp_1781,plate3,"[('DMSO_TF', 0.0, 'uM')]",NCI-H596,full,lib_1055,0.0,5a5c9aab50be5118b1dfe949e9f0d3bca75f74944e7993bd77dc5b377e5d1f25,546
95_050_076-lib_1057,3270,smp_1781,plate3,"[('DMSO_TF', 0.0, 'uM')]",NCI-H596,minimal,lib_1057,0.0,5a5c9aab50be5118b1dfe949e9f0d3bca75f74944e7993bd77dc5b377e5d1f25,546
96_027_027-lib_1057,3271,smp_1782,plate3,"[('DMSO_TF', 0.0, 'uM')]",NCI-H596,full,lib_1057,0.0,5a5c9aab50be5118b1dfe949e9f0d3bca75f74944e7993bd77dc5b377e5d1f25,546
96_135_080-lib_1057,3272,smp_1782,plate3,"[('DMSO_TF', 0.0, 'uM')]",NCI-H596,minimal,lib_1057,0.0,5a5c9aab50be5118b1dfe949e9f0d3bca75f74944e7993bd77dc5b377e5d1f25,546
95_028_183-lib_1058,3273,smp_1781,plate3,"[('DMSO_TF', 0.0, 'uM')]",NCI-H596,full,lib_1058,0.0,5a5c9aab50be5118b1dfe949e9f0d3bca75f74944e7993bd77dc5b377e5d1f25,546
95_155_172-lib_1059,3274,smp_1781,plate3,"[('DMSO_TF', 0.0, 'uM')]",NCI-H596,minimal,lib_1059,0.0,5a5c9aab50be5118b1dfe949e9f0d3bca75f74944e7993bd77dc5b377e5d1f25,546
96_170_104-lib_1060,3275,smp_1782,plate3,"[('DMSO_TF', 0.0, 'uM')]",NCI-H596,full,lib_1060,0.0,5a5c9aab50be5118b1dfe949e9f0d3bca75f74944e7993bd77dc5b377e5d1f25,546
95_011_011-lib_1062,3276,smp_1781,plate3,"[('DMSO_TF', 0.0, 'uM')]",NCI-H596,full,lib_1062,1.7886413,5a5c9aab50be5118b1dfe949e9f0d3bca75f74944e7993bd77dc5b377e5d1f25,546
95_010_081-lib_1070,3277,smp_1781,plate3,"[('DMSO_TF', 0.0, 'uM')]",NCI-H596,minimal,lib_1070,0.0,5a5c9aab50be5118b1dfe949e9f0d3bca75f74944e7993bd77dc5b377e5d1f25,546
96_163_045-lib_1070,3278,smp_1782,plate3,"[('DMSO_TF', 0.0, 'uM')]",NCI-H596,full,lib_1070,1.7055668,5a5c9aab50be5118b1dfe949e9f0d3bca75f74944e7993bd77dc5b377e5d1f25,546
96_037_126-lib_1073,3279,smp_1782,plate3,"[('DMSO_TF', 0.0, 'uM')]",NCI-H596,minimal,lib_1073,0.0,5a5c9aab50be5118b1dfe949e9f0d3bca75f74944e7993bd77dc5b377e5d1f25,546
95_015_051-lib_1074,3280,smp_1781,plate3,"[('DMSO_TF', 0.0, 'uM')]",NCI-H596,minimal,lib_1074,0.0,5a5c9aab50be5118b1dfe949e9f0d3bca75f74944e7993bd77dc5b377e5d1f25,546
95_158_025-lib_1074,3281,smp_1781,plate3,"[('DMSO_TF', 0.0, 'uM')]",NCI-H596,full,lib_1074,0.0,5a5c9aab50be5118b1dfe949e9f0d3bca75f74944e7993bd77dc5b377e5d1f25,546
96_032_188-lib_1075,3282,smp_1782,plate3,"[('DMSO_TF', 0.0, 'uM')]",NCI-H596,full,lib_1075,1.8663228,5a5c9aab50be5118b1dfe949e9f0d3bca75f74944e7993bd77dc5b377e5d1f25,546
96_079_150-lib_1075,3283,smp_1782,plate3,"[('DMSO_TF', 0.0, 'uM')]",NCI-H596,full,lib_1075,1.6837964,5a5c9aab50be5118b1dfe949e9f0d3bca75f74944e7993bd77dc5b377e5d1f25,546
95_158_030-lib_1076,3284,smp_1781,plate3,"[('DMSO_TF', 0.0, 'uM')]",NCI-H596,minimal,lib_1076,0.0,5a5c9aab50be5118b1dfe949e9f0d3bca75f74944e7993bd77dc5b377e5d1f25,546
95_160_171-lib_1078,3285,smp_1781,plate3,"[('DMSO_TF', 0.0, 'uM')]",NCI-H596,minimal,lib_1078,0.0,5a5c9aab50be5118b1dfe949e9f0d3bca75f74944e7993bd77dc5b377e5d1f25,546
96_094_032-lib_1079,3286,smp_1782,plate3,"[('DMSO_TF', 0.0, 'uM')]",NCI-H596,minimal,lib_1079,0.0,5a5c9aab50be5118b1dfe949e9f0d3bca75f74944e7993bd77dc5b377e5d1f25,546
95_067_142-lib_1080,3287,smp_1781,plate3,"[('DMSO_TF', 0.0, 'uM')]",NCI-H596,minimal,lib_1080,0.0,5a5c9aab50be5118b1dfe949e9f0d3bca75f74944e7993bd77dc5b377e5d1f25,546
95_043_058-lib_1085,3288,smp_1781,plate3,"[('DMSO_TF', 0.0, 'uM')]",NCI-H596,minimal,lib_1085,0.0,5a5c9aab50be5118b1dfe949e9f0d3bca75f74944e7993bd77dc5b377e5d1f25,546
95_004_104-lib_1086,3289,smp_1781,plate3,"[('DMSO_TF', 0.0, 'uM')]",NCI-H596,minimal,lib_1086,0.0,5a5c9aab50be5118b1dfe949e9f0d3bca75f74944e7993bd77dc5b377e5d1f25,546
96_053_100-lib_1086,3290,smp_1782,plate3,"[('DMSO_TF', 0.0, 'uM')]",NCI-H596,minimal,lib_1086,0.0,5a5c9aab50be5118b1dfe949e9f0d3bca75f74944e7993bd77dc5b377e5d1f25,546
96_175_058-lib_1088,3291,smp_1782,plate3,"[('DMSO_TF', 0.0, 'uM')]",NCI-H596,full,lib_1088,1.9378113,5a5c9aab50be5118b1dfe949e9f0d3bca75f74944e7993bd77dc5b377e5d1f25,546
95_021_156-lib_1090,3292,smp_1781,plate3,"[('DMSO_TF', 0.0, 'uM')]",NCI-H596,full,lib_1090,0.0,5a5c9aab50be5118b1dfe949e9f0d3bca75f74944e7993bd77dc5b377e5d1f25,546
95_150_019-lib_1090,3293,smp_1781,plate3,"[('DMSO_TF', 0.0, 'uM')]",NCI-H596,minimal,lib_1090,0.0,5a5c9aab50be5118b1dfe949e9f0d3bca75f74944e7993bd77dc5b377e5d1f25,546
96_087_032-lib_1090,3294,smp_1782,plate3,"[('DMSO_TF', 0.0, 'uM')]",NCI-H596,minimal,lib_1090,0.0,5a5c9aab50be5118b1dfe949e9f0d3bca75f74944e7993bd77dc5b377e5d1f25,546
96_108_048-lib_1090,3295,smp_1782,plate3,"[('DMSO_TF', 0.0, 'uM')]",NCI-H596,minimal,lib_1090,0.0,5a5c9aab50be5118b1dfe949e9f0d3bca75f74944e7993bd77dc5b377e5d1f25,546
95_038_182-lib_1092,3296,smp_1781,plate3,"[('DMSO_TF', 0.0, 'uM')]",NCI-H596,minimal,lib_1092,0.0,5a5c9aab50be5118b1dfe949e9f0d3bca75f74944e7993bd77dc5b377e5d1f25,546
95_088_111-lib_1097,3297,smp_1781,plate3,"[('DMSO_TF', 0.0, 'uM')]",NCI-H596,full,lib_1097,1.8582835,5a5c9aab50be5118b1dfe949e9f0d3bca75f74944e7993bd77dc5b377e5d1f25,546
95_164_179-lib_1100,3298,smp_1781,plate3,"[('DMSO_TF', 0.0, 'uM')]",NCI-H596,minimal,lib_1100,0.0,5a5c9aab50be5118b1dfe949e9f0d3bca75f74944e7993bd77dc5b377e5d1f25,546
95_129_143-lib_1104,3299,smp_1781,plate3,"[('DMSO_TF', 0.0, 'uM')]",NCI-H596,full,lib_1104,0.0,5a5c9aab50be5118b1dfe949e9f0d3bca75f74944e7993bd77dc5b377e5d1f25,546
96_110_183-lib_1104,3300,smp_1782,plate3,"[('DMSO_TF', 0.0, 'uM')]",NCI-H596,minimal,lib_1104,0.0,5a5c9aab50be5118b1dfe949e9f0d3bca75f74944e7993bd77dc5b377e5d1f25,546
95_125_030-lib_2529,3301,smp_1781,plate3,"[('DMSO_TF', 0.0, 'uM')]",NCI-H596,full,lib_2529,2.0679336,5a5c9aab50be5118b1dfe949e9f0d3bca75f74944e7993bd77dc5b377e5d1f25,546
96_095_078-lib_2530,3302,smp_1782,plate3,"[('DMSO_TF', 0.0, 'uM')]",NCI-H596,minimal,lib_2530,1.9823496,5a5c9aab50be5118b1dfe949e9f0d3bca75f74944e7993bd77dc5b377e5d1f25,546
96_131_099-lib_2604,3303,smp_1782,plate3,"[('DMSO_TF', 0.0, 'uM')]",NCI-H596,full,lib_2604,0.0,5a5c9aab50be5118b1dfe949e9f0d3bca75f74944e7993bd77dc5b377e5d1f25,546
69_128_051-lib_1781,5485,smp_2523,plate11,"[('Trametinib', 0.5, 'uM')]",NCI-H596,minimal,lib_1781,0.0,5a5c9aab50be5118b1dfe949e9f0d3bca75f74944e7993bd77dc5b377e5d1f25,546
69_044_078-lib_1786,5486,smp_2523,plate11,"[('Trametinib', 0.5, 'uM')]",NCI-H596,full,lib_1786,0.0,5a5c9aab50be5118b1dfe949e9f0d3bca75f74944e7993bd77dc5b377e5d1f25,546
69_074_074-lib_1791,5487,smp_2523,plate11,"[('Trametinib', 0.5, 'uM')]",NCI-H596,minimal,lib_1791,0.0,5a5c9aab50be5118b1dfe949e9f0d3bca75f74944e7993bd77dc5b377e5d1f25,546
69_065_069-lib_1796,5488,smp_2523,plate11,"[('Trametinib', 0.5, 'uM')]",NCI-H596,full,lib_1796,0.0,5a5c9aab50be5118b1dfe949e9f0d3bca75f74944e7993bd77dc5b377e5d1f25,546
69_145_103-lib_1798,5489,smp_2523,plate11,"[('Trametinib', 0.5, 'uM')]",NCI-H596,full,lib_1798,0.0,5a5c9aab50be5118b1dfe949e9f0d3bca75f74944e7993bd77dc5b377e5d1f25,546
69_068_109-lib_1799,5490,smp_2523,plate11,"[('Trametinib', 0.5, 'uM')]",NCI-H596,minimal,lib_1799,0.0,5a5c9aab50be5118b1dfe949e9f0d3bca75f74944e7993bd77dc5b377e5d1f25,546
69_095_039-lib_1800,5491,smp_2523,plate11,"[('Trametinib', 0.5, 'uM')]",NCI-H596,full,lib_1800,0.0,5a5c9aab50be5118b1dfe949e9f0d3bca75f74944e7993bd77dc5b377e5d1f25,546
69_126_003-lib_1833,5492,smp_2523,plate11,"[('Trametinib', 0.5, 'uM')]",NCI-H596,minimal,lib_1833,0.0,5a5c9aab50be5118b1dfe949e9f0d3bca75f74944e7993bd77dc5b377e5d1f25,546
69_069_080-lib_1858,5493,smp_2523,plate11,"[('Trametinib', 0.5, 'uM')]",NCI-H596,minimal,lib_1858,0.0,5a5c9aab50be5118b1dfe949e9f0d3bca75f74944e7993bd77dc5b377e5d1f25,546
69_099_093-lib_1860,5494,smp_2523,plate11,"[('Trametinib', 0.5, 'uM')]",NCI-H596,full,lib_1860,0.0,5a5c9aab50be5118b1dfe949e9f0d3bca75f74944e7993bd77dc5b377e5d1f25,546
69_163_149-lib_2617,5495,smp_2523,plate11,"[('Trametinib', 0.5, 'uM')]",NCI-H596,minimal,lib_2617,0.0,5a5c9aab50be5118b1dfe949e9f0d3bca75f74944e7993bd77dc5b377e5d1f25,546
69_069_107-lib_2619,5496,smp_2523,plate11,"[('Trametinib', 0.5, 'uM')]",NCI-H596,minimal,lib_2619,0.0,5a5c9aab50be5118b1dfe949e9f0d3bca75f74944e7993bd77dc5b377e5d1f25,546
69_086_118-lib_2619,5497,smp_2523,plate11,"[('Trametinib', 0.5, 'uM')]",NCI-H596,minimal,lib_2619,0.0,5a5c9aab50be5118b1dfe949e9f0d3bca75f74944e7993bd77dc5b377e5d1f25,546
69_140_039-lib_2622,5498,smp_2523,plate11,"[('Trametinib', 0.5, 'uM')]",NCI-H596,full,lib_2622,0.0,5a5c9aab50be5118b1dfe949e9f0d3bca75f74944e7993bd77dc5b377e5d1f25,546
69_152_154-lib_2627,5499,smp_2523,plate11,"[('Trametinib', 0.5, 'uM')]",NCI-H596,minimal,lib_2627,2.073992,5a5c9aab50be5118b1dfe949e9f0d3bca75f74944e7993bd77dc5b377e5d1f25,546
69_022_029-lib_2628,5500,smp_2523,plate11,"[('Trametinib', 0.5, 'uM')]",NCI-H596,minimal,lib_2628,0.0,5a5c9aab50be5118b1dfe949e9f0d3bca75f74944e7993bd77dc5b377e5d1f25,546
69_068_027-lib_2628,5501,smp_2523,plate11,"[('Trametinib', 0.5, 'uM')]",NCI-H596,minimal,lib_2628,0.0,5a5c9aab50be5118b1dfe949e9f0d3bca75f74944e7993bd77dc5b377e5d1f25,546
95_029_108-lib_1781,6512,smp_2549,plate11,"[('DMSO_TF', 0.0, 'uM')]",NCI-H596,full,lib_1781,0.0,5a5c9aab50be5118b1dfe949e9f0d3bca75f74944e7993bd77dc5b377e5d1f25,546
95_065_006-lib_1782,6513,smp_2549,plate11,"[('DMSO_TF', 0.0, 'uM')]",NCI-H596,minimal,lib_1782,0.0,5a5c9aab50be5118b1dfe949e9f0d3bca75f74944e7993bd77dc5b377e5d1f25,546
95_081_125-lib_1782,6514,smp_2549,plate11,"[('DMSO_TF', 0.0, 'uM')]",NCI-H596,full,lib_1782,0.0,5a5c9aab50be5118b1dfe949e9f0d3bca75f74944e7993bd77dc5b377e5d1f25,546
95_152_102-lib_1788,6515,smp_2549,plate11,"[('DMSO_TF', 0.0, 'uM')]",NCI-H596,minimal,lib_1788,0.0,5a5c9aab50be5118b1dfe949e9f0d3bca75f74944e7993bd77dc5b377e5d1f25,546
95_064_046-lib_1790,6516,smp_2549,plate11,"[('DMSO_TF', 0.0, 'uM')]",NCI-H596,minimal,lib_1790,0.0,5a5c9aab50be5118b1dfe949e9f0d3bca75f74944e7993bd77dc5b377e5d1f25,546
95_166_007-lib_1792,6517,smp_2549,plate11,"[('DMSO_TF', 0.0, 'uM')]",NCI-H596,full,lib_1792,2.7180629,5a5c9aab50be5118b1dfe949e9f0d3bca75f74944e7993bd77dc5b377e5d1f25,546
95_176_121-lib_1797,6518,smp_2549,plate11,"[('DMSO_TF', 0.0, 'uM')]",NCI-H596,full,lib_1797,0.0,5a5c9aab50be5118b1dfe949e9f0d3bca75f74944e7993bd77dc5b377e5d1f25,546
95_070_179-lib_1806,6519,smp_2549,plate11,"[('DMSO_TF', 0.0, 'uM')]",NCI-H596,full,lib_1806,0.0,5a5c9aab50be5118b1dfe949e9f0d3bca75f74944e7993bd77dc5b377e5d1f25,546
96_034_101-lib_1810,6520,smp_2550,plate11,"[('DMSO_TF', 0.0, 'uM')]",NCI-H596,full,lib_1810,0.0,5a5c9aab50be5118b1dfe949e9f0d3bca75f74944e7993bd77dc5b377e5d1f25,546
96_145_041-lib_1811,6521,smp_2550,plate11,"[('DMSO_TF', 0.0, 'uM')]",NCI-H596,minimal,lib_1811,2.6075258,5a5c9aab50be5118b1dfe949e9f0d3bca75f74944e7993bd77dc5b377e5d1f25,546
96_007_108-lib_1812,6522,smp_2550,plate11,"[('DMSO_TF', 0.0, 'uM')]",NCI-H596,full,lib_1812,0.0,5a5c9aab50be5118b1dfe949e9f0d3bca75f74944e7993bd77dc5b377e5d1f25,546
96_047_060-lib_1816,6523,smp_2550,plate11,"[('DMSO_TF', 0.0, 'uM')]",NCI-H596,full,lib_1816,0.0,5a5c9aab50be5118b1dfe949e9f0d3bca75f74944e7993bd77dc5b377e5d1f25,546
96_049_082-lib_1820,6524,smp_2550,plate11,"[('DMSO_TF', 0.0, 'uM')]",NCI-H596,full,lib_1820,2.0522516,5a5c9aab50be5118b1dfe949e9f0d3bca75f74944e7993bd77dc5b377e5d1f25,546
96_070_138-lib_1822,6525,smp_2550,plate11,"[('DMSO_TF', 0.0, 'uM')]",NCI-H596,full,lib_1822,0.0,5a5c9aab50be5118b1dfe949e9f0d3bca75f74944e7993bd77dc5b377e5d1f25,546
96_112_136-lib_1824,6526,smp_2550,plate11,"[('DMSO_TF', 0.0, 'uM')]",NCI-H596,full,lib_1824,0.0,5a5c9aab50be5118b1dfe949e9f0d3bca75f74944e7993bd77dc5b377e5d1f25,546
96_170_016-lib_1833,6527,smp_2550,plate11,"[('DMSO_TF', 0.0, 'uM')]",NCI-H596,full,lib_1833,1.839121,5a5c9aab50be5118b1dfe949e9f0d3bca75f74944e7993bd77dc5b377e5d1f25,546
95_120_079-lib_1834,6528,smp_2549,plate11,"[('DMSO_TF', 0.0, 'uM')]",NCI-H596,full,lib_1834,0.0,5a5c9aab50be5118b1dfe949e9f0d3bca75f74944e7993bd77dc5b377e5d1f25,546
96_032_134-lib_1839,6529,smp_2550,plate11,"[('DMSO_TF', 0.0, 'uM')]",NCI-H596,full,lib_1839,1.5490797,5a5c9aab50be5118b1dfe949e9f0d3bca75f74944e7993bd77dc5b377e5d1f25,546
95_117_015-lib_1840,6530,smp_2549,plate11,"[('DMSO_TF', 0.0, 'uM')]",NCI-H596,full,lib_1840,0.0,5a5c9aab50be5118b1dfe949e9f0d3bca75f74944e7993bd77dc5b377e5d1f25,546
96_018_028-lib_1843,6531,smp_2550,plate11,"[('DMSO_TF', 0.0, 'uM')]",NCI-H596,full,lib_1843,0.0,5a5c9aab50be5118b1dfe949e9f0d3bca75f74944e7993bd77dc5b377e5d1f25,546
96_152_050-lib_1846,6532,smp_2550,plate11,"[('DMSO_TF', 0.0, 'uM')]",NCI-H596,full,lib_1846,0.0,5a5c9aab50be5118b1dfe949e9f0d3bca75f74944e7993bd77dc5b377e5d1f25,546
95_086_173-lib_1847,6533,smp_2549,plate11,"[('DMSO_TF', 0.0, 'uM')]",NCI-H596,full,lib_1847,0.0,5a5c9aab50be5118b1dfe949e9f0d3bca75f74944e7993bd77dc5b377e5d1f25,546
96_027_038-lib_1849,6534,smp_2550,plate11,"[('DMSO_TF', 0.0, 'uM')]",NCI-H596,full,lib_1849,0.0,5a5c9aab50be5118b1dfe949e9f0d3bca75f74944e7993bd77dc5b377e5d1f25,546
96_086_084-lib_1849,6535,smp_2550,plate11,"[('DMSO_TF', 0.0, 'uM')]",NCI-H596,full,lib_1849,0.0,5a5c9aab50be5118b1dfe949e9f0d3bca75f74944e7993bd77dc5b377e5d1f25,546
96_162_123-lib_1853,6536,smp_2550,plate11,"[('DMSO_TF', 0.0, 'uM')]",NCI-H596,full,lib_1853,0.0,5a5c9aab50be5118b1dfe949e9f0d3bca75f74944e7993bd77dc5b377e5d1f25,546
95_010_174-lib_1855,6537,smp_2549,plate11,"[('DMSO_TF', 0.0, 'uM')]",NCI-H596,full,lib_1855,0.0,5a5c9aab50be5118b1dfe949e9f0d3bca75f74944e7993bd77dc5b377e5d1f25,546
95_097_004-lib_1866,6538,smp_2549,plate11,"[('DMSO_TF', 0.0, 'uM')]",NCI-H596,full,lib_1866,0.0,5a5c9aab50be5118b1dfe949e9f0d3bca75f74944e7993bd77dc5b377e5d1f25,546
96_035_022-lib_1870,6539,smp_2550,plate11,"[('DMSO_TF', 0.0, 'uM')]",NCI-H596,full,lib_1870,0.0,5a5c9aab50be5118b1dfe949e9f0d3bca75f74944e7993bd77dc5b377e5d1f25,546
96_177_188-lib_1871,6540,smp_2550,plate11,"[('DMSO_TF', 0.0, 'uM')]",NCI-H596,full,lib_1871,0.0,5a5c9aab50be5118b1dfe949e9f0d3bca75f74944e7993bd77dc5b377e5d1f25,546
95_099_185-lib_2614,6541,smp_2549,plate11,"[('DMSO_TF', 0.0, 'uM')]",NCI-H596,full,lib_2614,2.1307464,5a5c9aab50be5118b1dfe949e9f0d3bca75f74944e7993bd77dc5b377e5d1f25,546
95_174_191-lib_2618,6542,smp_2549,plate11,"[('DMSO_TF', 0.0, 'uM')]",NCI-H596,full,lib_2618,0.0,5a5c9aab50be5118b1dfe949e9f0d3bca75f74944e7993bd77dc5b377e5d1f25,546
95_093_134-lib_2621,6543,smp_2549,plate11,"[('DMSO_TF', 0.0, 'uM')]",NCI-H596,minimal,lib_2621,0.0,5a5c9aab50be5118b1dfe949e9f0d3bca75f74944e7993bd77dc5b377e5d1f25,546
96_101_190-lib_2621,6544,smp_2550,plate11,"[('DMSO_TF', 0.0, 'uM')]",NCI-H596,minimal,lib_2621,0.0,5a5c9aab50be5118b1dfe949e9f0d3bca75f74944e7993bd77dc5b377e5d1f25,546
96_012_076-lib_2622,6545,smp_2550,plate11,"[('DMSO_TF', 0.0, 'uM')]",NCI-H596,minimal,lib_2622,0.0,5a5c9aab50be5118b1dfe949e9f0d3bca75f74944e7993bd77dc5b377e5d1f25,546
96_010_022-lib_2623,6546,smp_2550,plate11,"[('DMSO_TF', 0.0, 'uM')]",NCI-H596,full,lib_2623,0.0,5a5c9aab50be5118b1dfe949e9f0d3bca75f74944e7993bd77dc5b377e5d1f25,546
96_037_144-lib_2627,6547,smp_2550,plate11,"[('DMSO_TF', 0.0, 'uM')]",NCI-H596,minimal,lib_2627,0.0,5a5c9aab50be5118b1dfe949e9f0d3bca75f74944e7993bd77dc5b377e5d1f25,546
96_105_181-lib_2627,6548,smp_2550,plate11,"[('DMSO_TF', 0.0, 'uM')]",NCI-H596,full,lib_2627,0.0,5a5c9aab50be5118b1dfe949e9f0d3bca75f74944e7993bd77dc5b377e5d1f25,546
96_125_014-lib_2627,6549,smp_2550,plate11,"[('DMSO_TF', 0.0, 'uM')]",NCI-H596,minimal,lib_2627,0.0,5a5c9aab50be5118b1dfe949e9f0d3bca75f74944e7993bd77dc5b377e5d1f25,546
96_031_114-lib_2628,6550,smp_2550,plate11,"[('DMSO_TF', 0.0, 'uM')]",NCI-H596,full,lib_2628,0.0,5a5c9aab50be5118b1dfe949e9f0d3bca75f74944e7993bd77dc5b377e5d1f25,546
95_084_181-lib_1489,8649,smp_2261,plate8,"[('DMSO_TF', 0.0, 'uM')]",NCI-H596,full,lib_1489,0.0,5a5c9aab50be5118b1dfe949e9f0d3bca75f74944e7993bd77dc5b377e5d1f25,546
96_064_063-lib_1489,8650,smp_2262,plate8,"[('DMSO_TF', 0.0, 'uM')]",NCI-H596,minimal,lib_1489,0.0,5a5c9aab50be5118b1dfe949e9f0d3bca75f74944e7993bd77dc5b377e5d1f25,546
96_047_034-lib_1491,8651,smp_2262,plate8,"[('DMSO_TF', 0.0, 'uM')]",NCI-H596,full,lib_1491,0.0,5a5c9aab50be5118b1dfe949e9f0d3bca75f74944e7993bd77dc5b377e5d1f25,546
95_135_018-lib_1493,8652,smp_2261,plate8,"[('DMSO_TF', 0.0, 'uM')]",NCI-H596,minimal,lib_1493,0.0,5a5c9aab50be5118b1dfe949e9f0d3bca75f74944e7993bd77dc5b377e5d1f25,546
96_066_080-lib_1500,8653,smp_2262,plate8,"[('DMSO_TF', 0.0, 'uM')]",NCI-H596,minimal,lib_1500,0.0,5a5c9aab50be5118b1dfe949e9f0d3bca75f74944e7993bd77dc5b377e5d1f25,546
95_157_179-lib_1502,8654,smp_2261,plate8,"[('DMSO_TF', 0.0, 'uM')]",NCI-H596,full,lib_1502,0.0,5a5c9aab50be5118b1dfe949e9f0d3bca75f74944e7993bd77dc5b377e5d1f25,546
96_071_175-lib_1502,8655,smp_2262,plate8,"[('DMSO_TF', 0.0, 'uM')]",NCI-H596,full,lib_1502,0.0,5a5c9aab50be5118b1dfe949e9f0d3bca75f74944e7993bd77dc5b377e5d1f25,546
96_075_052-lib_1502,8656,smp_2262,plate8,"[('DMSO_TF', 0.0, 'uM')]",NCI-H596,full,lib_1502,0.0,5a5c9aab50be5118b1dfe949e9f0d3bca75f74944e7993bd77dc5b377e5d1f25,546
95_136_015-lib_1504,8657,smp_2261,plate8,"[('DMSO_TF', 0.0, 'uM')]",NCI-H596,full,lib_1504,1.428416,5a5c9aab50be5118b1dfe949e9f0d3bca75f74944e7993bd77dc5b377e5d1f25,546
96_041_029-lib_1509,8658,smp_2262,plate8,"[('DMSO_TF', 0.0, 'uM')]",NCI-H596,full,lib_1509,0.0,5a5c9aab50be5118b1dfe949e9f0d3bca75f74944e7993bd77dc5b377e5d1f25,546
96_019_150-lib_1511,8659,smp_2262,plate8,"[('DMSO_TF', 0.0, 'uM')]",NCI-H596,full,lib_1511,0.0,5a5c9aab50be5118b1dfe949e9f0d3bca75f74944e7993bd77dc5b377e5d1f25,546
96_069_188-lib_1513,8660,smp_2262,plate8,"[('DMSO_TF', 0.0, 'uM')]",NCI-H596,minimal,lib_1513,0.0,5a5c9aab50be5118b1dfe949e9f0d3bca75f74944e7993bd77dc5b377e5d1f25,546
95_067_104-lib_1514,8661,smp_2261,plate8,"[('DMSO_TF', 0.0, 'uM')]",NCI-H596,minimal,lib_1514,0.0,5a5c9aab50be5118b1dfe949e9f0d3bca75f74944e7993bd77dc5b377e5d1f25,546
96_159_035-lib_1516,8662,smp_2262,plate8,"[('DMSO_TF', 0.0, 'uM')]",NCI-H596,minimal,lib_1516,0.0,5a5c9aab50be5118b1dfe949e9f0d3bca75f74944e7993bd77dc5b377e5d1f25,546
95_035_077-lib_1520,8663,smp_2261,plate8,"[('DMSO_TF', 0.0, 'uM')]",NCI-H596,minimal,lib_1520,0.0,5a5c9aab50be5118b1dfe949e9f0d3bca75f74944e7993bd77dc5b377e5d1f25,546
96_131_159-lib_1523,8664,smp_2262,plate8,"[('DMSO_TF', 0.0, 'uM')]",NCI-H596,full,lib_1523,0.0,5a5c9aab50be5118b1dfe949e9f0d3bca75f74944e7993bd77dc5b377e5d1f25,546
95_052_118-lib_1524,8665,smp_2261,plate8,"[('DMSO_TF', 0.0, 'uM')]",NCI-H596,full,lib_1524,0.0,5a5c9aab50be5118b1dfe949e9f0d3bca75f74944e7993bd77dc5b377e5d1f25,546
96_126_052-lib_1526,8666,smp_2262,plate8,"[('DMSO_TF', 0.0, 'uM')]",NCI-H596,full,lib_1526,1.6272738,5a5c9aab50be5118b1dfe949e9f0d3bca75f74944e7993bd77dc5b377e5d1f25,546
95_127_005-lib_1529,8667,smp_2261,plate8,"[('DMSO_TF', 0.0, 'uM')]",NCI-H596,minimal,lib_1529,0.0,5a5c9aab50be5118b1dfe949e9f0d3bca75f74944e7993bd77dc5b377e5d1f25,546
96_054_095-lib_1529,8668,smp_2262,plate8,"[('DMSO_TF', 0.0, 'uM')]",NCI-H596,full,lib_1529,0.0,5a5c9aab50be5118b1dfe949e9f0d3bca75f74944e7993bd77dc5b377e5d1f25,546
96_149_054-lib_1532,8669,smp_2262,plate8,"[('DMSO_TF', 0.0, 'uM')]",NCI-H596,full,lib_1532,1.8525949,5a5c9aab50be5118b1dfe949e9f0d3bca75f74944e7993bd77dc5b377e5d1f25,546
95_101_092-lib_1534,8670,smp_2261,plate8,"[('DMSO_TF', 0.0, 'uM')]",NCI-H596,full,lib_1534,0.0,5a5c9aab50be5118b1dfe949e9f0d3bca75f74944e7993bd77dc5b377e5d1f25,546
95_128_138-lib_1534,8671,smp_2261,plate8,"[('DMSO_TF', 0.0, 'uM')]",NCI-H596,full,lib_1534,0.0,5a5c9aab50be5118b1dfe949e9f0d3bca75f74944e7993bd77dc5b377e5d1f25,546
95_183_098-lib_1534,8672,smp_2261,plate8,"[('DMSO_TF', 0.0, 'uM')]",NCI-H596,full,lib_1534,0.0,5a5c9aab50be5118b1dfe949e9f0d3bca75f74944e7993bd77dc5b377e5d1f25,546
96_105_126-lib_1534,8673,smp_2262,plate8,"[('DMSO_TF', 0.0, 'uM')]",NCI-H596,full,lib_1534,1.5991184,5a5c9aab50be5118b1dfe949e9f0d3bca75f74944e7993bd77dc5b377e5d1f25,546
96_060_040-lib_1537,8674,smp_2262,plate8,"[('DMSO_TF', 0.0, 'uM')]",NCI-H596,full,lib_1537,0.0,5a5c9aab50be5118b1dfe949e9f0d3bca75f74944e7993bd77dc5b377e5d1f25,546
96_110_008-lib_1546,8675,smp_2262,plate8,"[('DMSO_TF', 0.0, 'uM')]",NCI-H596,full,lib_1546,0.0,5a5c9aab50be5118b1dfe949e9f0d3bca75f74944e7993bd77dc5b377e5d1f25,546
95_139_105-lib_1550,8676,smp_2261,plate8,"[('DMSO_TF', 0.0, 'uM')]",NCI-H596,full,lib_1550,0.0,5a5c9aab50be5118b1dfe949e9f0d3bca75f74944e7993bd77dc5b377e5d1f25,546
96_154_035-lib_1550,8677,smp_2262,plate8,"[('DMSO_TF', 0.0, 'uM')]",NCI-H596,full,lib_1550,1.7270925,5a5c9aab50be5118b1dfe949e9f0d3bca75f74944e7993bd77dc5b377e5d1f25,546
96_157_176-lib_1555,8678,smp_2262,plate8,"[('DMSO_TF', 0.0, 'uM')]",NCI-H596,full,lib_1555,1.6464411,5a5c9aab50be5118b1dfe949e9f0d3bca75f74944e7993bd77dc5b377e5d1f25,546
95_063_158-lib_1559,8679,smp_2261,plate8,"[('DMSO_TF', 0.0, 'uM')]",NCI-H596,full,lib_1559,0.0,5a5c9aab50be5118b1dfe949e9f0d3bca75f74944e7993bd77dc5b377e5d1f25,546
96_049_047-lib_1564,8680,smp_2262,plate8,"[('DMSO_TF', 0.0, 'uM')]",NCI-H596,full,lib_1564,0.0,5a5c9aab50be5118b1dfe949e9f0d3bca75f74944e7993bd77dc5b377e5d1f25,546
96_094_118-lib_1565,8681,smp_2262,plate8,"[('DMSO_TF', 0.0, 'uM')]",NCI-H596,full,lib_1565,0.0,5a5c9aab50be5118b1dfe949e9f0d3bca75f74944e7993bd77dc5b377e5d1f25,546
95_057_130-lib_1571,8682,smp_2261,plate8,"[('DMSO_TF', 0.0, 'uM')]",NCI-H596,full,lib_1571,0.0,5a5c9aab50be5118b1dfe949e9f0d3bca75f74944e7993bd77dc5b377e5d1f25,546
95_043_090-lib_1574,8683,smp_2261,plate8,"[('DMSO_TF', 0.0, 'uM')]",NCI-H596,full,lib_1574,0.0,5a5c9aab50be5118b1dfe949e9f0d3bca75f74944e7993bd77dc5b377e5d1f25,546
96_048_109-lib_1574,8684,smp_2262,plate8,"[('DMSO_TF', 0.0, 'uM')]",NCI-H596,full,lib_1574,0.0,5a5c9aab50be5118b1dfe949e9f0d3bca75f74944e7993bd77dc5b377e5d1f25,546
96_070_058-lib_1579,8685,smp_2262,plate8,"[('DMSO_TF', 0.0, 'uM')]",NCI-H596,full,lib_1579,0.0,5a5c9aab50be5118b1dfe949e9f0d3bca75f74944e7993bd77dc5b377e5d1f25,546
95_044_126-lib_1581,8686,smp_2261,plate8,"[('DMSO_TF', 0.0, 'uM')]",NCI-H596,full,lib_1581,0.0,5a5c9aab50be5118b1dfe949e9f0d3bca75f74944e7993bd77dc5b377e5d1f25,546
96_006_180-lib_1582,8687,smp_2262,plate8,"[('DMSO_TF', 0.0, 'uM')]",NCI-H596,minimal,lib_1582,0.0,5a5c9aab50be5118b1dfe949e9f0d3bca75f74944e7993bd77dc5b377e5d1f25,546
96_110_041-lib_1582,8688,smp_2262,plate8,"[('DMSO_TF', 0.0, 'uM')]",NCI-H596,full,lib_1582,1.4871929,5a5c9aab50be5118b1dfe949e9f0d3bca75f74944e7993bd77dc5b377e5d1f25,546
95_186_148-lib_1583,8689,smp_2261,plate8,"[('DMSO_TF', 0.0, 'uM')]",NCI-H596,full,lib_1583,0.0,5a5c9aab50be5118b1dfe949e9f0d3bca75f74944e7993bd77dc5b377e5d1f25,546
96_175_011-lib_2343,8690,smp_2262,plate8,"[('DMSO_TF', 0.0, 'uM')]",NCI-H596,full,lib_2343,0.0,5a5c9aab50be5118b1dfe949e9f0d3bca75f74944e7993bd77dc5b377e5d1f25,546
96_039_121-lib_2346,8691,smp_2262,plate8,"[('DMSO_TF', 0.0, 'uM')]",NCI-H596,minimal,lib_2346,0.0,5a5c9aab50be5118b1dfe949e9f0d3bca75f74944e7993bd77dc5b377e5d1f25,546
95_142_166-lib_2349,8692,smp_2261,plate8,"[('DMSO_TF', 0.0, 'uM')]",NCI-H596,full,lib_2349,1.6014856,5a5c9aab50be5118b1dfe949e9f0d3bca75f74944e7993bd77dc5b377e5d1f25,546
96_086_053-lib_2350,8693,smp_2262,plate8,"[('DMSO_TF', 0.0, 'uM')]",NCI-H596,minimal,lib_2350,0.0,5a5c9aab50be5118b1dfe949e9f0d3bca75f74944e7993bd77dc5b377e5d1f25,546
95_004_134-lib_2353,8694,smp_2261,plate8,"[('DMSO_TF', 0.0, 'uM')]",NCI-H596,full,lib_2353,0.0,5a5c9aab50be5118b1dfe949e9f0d3bca75f74944e7993bd77dc5b377e5d1f25,546
95_128_036-lib_2362,8695,smp_2261,plate8,"[('DMSO_TF', 0.0, 'uM')]",NCI-H596,full,lib_2362,0.0,5a5c9aab50be5118b1dfe949e9f0d3bca75f74944e7993bd77dc5b377e5d1f25,546
96_071_144-lib_2362,8696,smp_2262,plate8,"[('DMSO_TF', 0.0, 'uM')]",NCI-H596,minimal,lib_2362,0.0,5a5c9aab50be5118b1dfe949e9f0d3bca75f74944e7993bd77dc5b377e5d1f25,546
95_161_070-lib_2366,8697,smp_2261,plate8,"[('DMSO_TF', 0.0, 'uM')]",NCI-H596,full,lib_2366,0.0,5a5c9aab50be5118b1dfe949e9f0d3bca75f74944e7993bd77dc5b377e5d1f25,546
95_056_172-lib_2369,8698,smp_2261,plate8,"[('DMSO_TF', 0.0, 'uM')]",NCI-H596,full,lib_2369,0.0,5a5c9aab50be5118b1dfe949e9f0d3bca75f74944e7993bd77dc5b377e5d1f25,546
95_124_033-lib_2370,8699,smp_2261,plate8,"[('DMSO_TF', 0.0, 'uM')]",NCI-H596,minimal,lib_2370,0.0,5a5c9aab50be5118b1dfe949e9f0d3bca75f74944e7993bd77dc5b377e5d1f25,546
96_114_095-lib_2377,8700,smp_2262,plate8,"[('DMSO_TF', 0.0, 'uM')]",NCI-H596,full,lib_2377,0.0,5a5c9aab50be5118b1dfe949e9f0d3bca75f74944e7993bd77dc5b377e5d1f25,546
95_124_180-lib_2389,8701,smp_2261,plate8,"[('DMSO_TF', 0.0, 'uM')]",NCI-H596,full,lib_2389,0.0,5a5c9aab50be5118b1dfe949e9f0d3bca75f74944e7993bd77dc5b377e5d1f25,546
96_083_060-lib_2393,8702,smp_2262,plate8,"[('DMSO_TF', 0.0, 'uM')]",NCI-H596,minimal,lib_2393,0.0,5a5c9aab50be5118b1dfe949e9f0d3bca75f74944e7993bd77dc5b377e5d1f25,546
96_099_128-lib_2394,8703,smp_2262,plate8,"[('DMSO_TF', 0.0, 'uM')]",NCI-H596,minimal,lib_2394,2.147268,5a5c9aab50be5118b1dfe949e9f0d3bca75f74944e7993bd77dc5b377e5d1f25,546
96_019_077-lib_2398,8704,smp_2262,plate8,"[('DMSO_TF', 0.0, 'uM')]",NCI-H596,full,lib_2398,1.733778,5a5c9aab50be5118b1dfe949e9f0d3bca75f74944e7993bd77dc5b377e5d1f25,546
95_166_139-lib_2399,8705,smp_2261,plate8,"[('DMSO_TF', 0.0, 'uM')]",NCI-H596,full,lib_2399,0.0,5a5c9aab50be5118b1dfe949e9f0d3bca75f74944e7993bd77dc5b377e5d1f25,546
96_039_173-lib_2401,8706,smp_2262,plate8,"[('DMSO_TF', 0.0, 'uM')]",NCI-H596,full,lib_2401,1.7581891,5a5c9aab50be5118b1dfe949e9f0d3bca75f74944e7993bd77dc5b377e5d1f25,546
96_166_128-lib_1886,9424,smp_2646,plate12,"[('DMSO_TF', 0.0, 'uM')]",NCI-H596,minimal,lib_1886,0.0,5a5c9aab50be5118b1dfe949e9f0d3bca75f74944e7993bd77dc5b377e5d1f25,546
96_172_136-lib_1886,9425,smp_2646,plate12,"[('DMSO_TF', 0.0, 'uM')]",NCI-H596,minimal,lib_1886,0.0,5a5c9aab50be5118b1dfe949e9f0d3bca75f74944e7993bd77dc5b377e5d1f25,546
96_125_059-lib_1887,9426,smp_2646,plate12,"[('DMSO_TF', 0.0, 'uM')]",NCI-H596,full,lib_1887,0.0,5a5c9aab50be5118b1dfe949e9f0d3bca75f74944e7993bd77dc5b377e5d1f25,546
96_169_146-lib_1887,9427,smp_2646,plate12,"[('DMSO_TF', 0.0, 'uM')]",NCI-H596,full,lib_1887,0.0,5a5c9aab50be5118b1dfe949e9f0d3bca75f74944e7993bd77dc5b377e5d1f25,546
95_130_081-lib_1890,9428,smp_2645,plate12,"[('DMSO_TF', 0.0, 'uM')]",NCI-H596,minimal,lib_1890,0.0,5a5c9aab50be5118b1dfe949e9f0d3bca75f74944e7993bd77dc5b377e5d1f25,546
95_028_107-lib_1899,9429,smp_2645,plate12,"[('DMSO_TF', 0.0, 'uM')]",NCI-H596,minimal,lib_1899,0.0,5a5c9aab50be5118b1dfe949e9f0d3bca75f74944e7993bd77dc5b377e5d1f25,546
95_064_028-lib_1904,9430,smp_2645,plate12,"[('DMSO_TF', 0.0, 'uM')]",NCI-H596,minimal,lib_1904,0.0,5a5c9aab50be5118b1dfe949e9f0d3bca75f74944e7993bd77dc5b377e5d1f25,546
96_023_029-lib_1908,9431,smp_2646,plate12,"[('DMSO_TF', 0.0, 'uM')]",NCI-H596,minimal,lib_1908,0.0,5a5c9aab50be5118b1dfe949e9f0d3bca75f74944e7993bd77dc5b377e5d1f25,546
96_006_164-lib_1910,9432,smp_2646,plate12,"[('DMSO_TF', 0.0, 'uM')]",NCI-H596,full,lib_1910,0.0,5a5c9aab50be5118b1dfe949e9f0d3bca75f74944e7993bd77dc5b377e5d1f25,546
96_025_123-lib_1911,9433,smp_2646,plate12,"[('DMSO_TF', 0.0, 'uM')]",NCI-H596,full,lib_1911,0.0,5a5c9aab50be5118b1dfe949e9f0d3bca75f74944e7993bd77dc5b377e5d1f25,546
95_018_067-lib_1912,9434,smp_2645,plate12,"[('DMSO_TF', 0.0, 'uM')]",NCI-H596,minimal,lib_1912,0.0,5a5c9aab50be5118b1dfe949e9f0d3bca75f74944e7993bd77dc5b377e5d1f25,546
96_133_060-lib_1912,9435,smp_2646,plate12,"[('DMSO_TF', 0.0, 'uM')]",NCI-H596,full,lib_1912,0.0,5a5c9aab50be5118b1dfe949e9f0d3bca75f74944e7993bd77dc5b377e5d1f25,546
95_050_096-lib_1914,9436,smp_2645,plate12,"[('DMSO_TF', 0.0, 'uM')]",NCI-H596,full,lib_1914,1.7512681,5a5c9aab50be5118b1dfe949e9f0d3bca75f74944e7993bd77dc5b377e5d1f25,546
95_066_029-lib_1928,9437,smp_2645,plate12,"[('DMSO_TF', 0.0, 'uM')]",NCI-H596,full,lib_1928,0.0,5a5c9aab50be5118b1dfe949e9f0d3bca75f74944e7993bd77dc5b377e5d1f25,546
95_050_178-lib_1930,9438,smp_2645,plate12,"[('DMSO_TF', 0.0, 'uM')]",NCI-H596,full,lib_1930,0.0,5a5c9aab50be5118b1dfe949e9f0d3bca75f74944e7993bd77dc5b377e5d1f25,546
95_005_034-lib_1931,9439,smp_2645,plate12,"[('DMSO_TF', 0.0, 'uM')]",NCI-H596,full,lib_1931,0.0,5a5c9aab50be5118b1dfe949e9f0d3bca75f74944e7993bd77dc5b377e5d1f25,546
95_084_032-lib_1944,9440,smp_2645,plate12,"[('DMSO_TF', 0.0, 'uM')]",NCI-H596,full,lib_1944,1.7886413,5a5c9aab50be5118b1dfe949e9f0d3bca75f74944e7993bd77dc5b377e5d1f25,546
95_048_007-lib_1947,9441,smp_2645,plate12,"[('DMSO_TF', 0.0, 'uM')]",NCI-H596,full,lib_1947,0.0,5a5c9aab50be5118b1dfe949e9f0d3bca75f74944e7993bd77dc5b377e5d1f25,546
96_120_146-lib_1952,9442,smp_2646,plate12,"[('DMSO_TF', 0.0, 'uM')]",NCI-H596,full,lib_1952,0.0,5a5c9aab50be5118b1dfe949e9f0d3bca75f74944e7993bd77dc5b377e5d1f25,546
96_158_108-lib_1967,9443,smp_2646,plate12,"[('DMSO_TF', 0.0, 'uM')]",NCI-H596,full,lib_1967,0.0,5a5c9aab50be5118b1dfe949e9f0d3bca75f74944e7993bd77dc5b377e5d1f25,546
96_085_036-lib_2452,9444,smp_2646,plate12,"[('DMSO_TF', 0.0, 'uM')]",NCI-H596,full,lib_2452,0.0,5a5c9aab50be5118b1dfe949e9f0d3bca75f74944e7993bd77dc5b377e5d1f25,546
95_148_187-lib_2455,9445,smp_2645,plate12,"[('DMSO_TF', 0.0, 'uM')]",NCI-H596,minimal,lib_2455,0.0,5a5c9aab50be5118b1dfe949e9f0d3bca75f74944e7993bd77dc5b377e5d1f25,546
96_101_018-lib_2455,9446,smp_2646,plate12,"[('DMSO_TF', 0.0, 'uM')]",NCI-H596,minimal,lib_2455,2.1274834,5a5c9aab50be5118b1dfe949e9f0d3bca75f74944e7993bd77dc5b377e5d1f25,546
96_090_099-lib_2458,9447,smp_2646,plate12,"[('DMSO_TF', 0.0, 'uM')]",NCI-H596,full,lib_2458,0.0,5a5c9aab50be5118b1dfe949e9f0d3bca75f74944e7993bd77dc5b377e5d1f25,546
96_089_171-lib_2460,9448,smp_2646,plate12,"[('DMSO_TF', 0.0, 'uM')]",NCI-H596,full,lib_2460,0.0,5a5c9aab50be5118b1dfe949e9f0d3bca75f74944e7993bd77dc5b377e5d1f25,546
95_093_102-lib_2461,9449,smp_2645,plate12,"[('DMSO_TF', 0.0, 'uM')]",NCI-H596,minimal,lib_2461,0.0,5a5c9aab50be5118b1dfe949e9f0d3bca75f74944e7993bd77dc5b377e5d1f25,546
96_089_072-lib_2461,9450,smp_2646,plate12,"[('DMSO_TF', 0.0, 'uM')]",NCI-H596,full,lib_2461,0.0,5a5c9aab50be5118b1dfe949e9f0d3bca75f74944e7993bd77dc5b377e5d1f25,546
96_126_019-lib_2466,9451,smp_2646,plate12,"[('DMSO_TF', 0.0, 'uM')]",NCI-H596,full,lib_2466,0.0,5a5c9aab50be5118b1dfe949e9f0d3bca75f74944e7993bd77dc5b377e5d1f25,546
95_127_071-lib_2477,9452,smp_2645,plate12,"[('DMSO_TF', 0.0, 'uM')]",NCI-H596,full,lib_2477,0.0,5a5c9aab50be5118b1dfe949e9f0d3bca75f74944e7993bd77dc5b377e5d1f25,546
96_088_192-lib_2481,9453,smp_2646,plate12,"[('DMSO_TF', 0.0, 'uM')]",NCI-H596,minimal,lib_2481,0.0,5a5c9aab50be5118b1dfe949e9f0d3bca75f74944e7993bd77dc5b377e5d1f25,546
95_060_064-lib_2485,9454,smp_2645,plate12,"[('DMSO_TF', 0.0, 'uM')]",NCI-H596,minimal,lib_2485,2.023948,5a5c9aab50be5118b1dfe949e9f0d3bca75f74944e7993bd77dc5b377e5d1f25,546
96_148_007-lib_2489,9455,smp_2646,plate12,"[('DMSO_TF', 0.0, 'uM')]",NCI-H596,full,lib_2489,0.0,5a5c9aab50be5118b1dfe949e9f0d3bca75f74944e7993bd77dc5b377e5d1f25,546
95_097_024-lib_2490,9456,smp_2645,plate12,"[('DMSO_TF', 0.0, 'uM')]",NCI-H596,full,lib_2490,2.2613451,5a5c9aab50be5118b1dfe949e9f0d3bca75f74944e7993bd77dc5b377e5d1f25,546
69_001_188-lib_1681,10241,smp_2427,plate10,"[('Trametinib', 0.05, 'uM')]",NCI-H596,full,lib_1681,0.0,5a5c9aab50be5118b1dfe949e9f0d3bca75f74944e7993bd77dc5b377e5d1f25,546
69_136_162-lib_1681,10242,smp_2427,plate10,"[('Trametinib', 0.05, 'uM')]",NCI-H596,full,lib_1681,0.0,5a5c9aab50be5118b1dfe949e9f0d3bca75f74944e7993bd77dc5b377e5d1f25,546
69_157_023-lib_1694,10243,smp_2427,plate10,"[('Trametinib', 0.05, 'uM')]",NCI-H596,full,lib_1694,0.0,5a5c9aab50be5118b1dfe949e9f0d3bca75f74944e7993bd77dc5b377e5d1f25,546
69_181_145-lib_1695,10244,smp_2427,plate10,"[('Trametinib', 0.05, 'uM')]",NCI-H596,full,lib_1695,0.0,5a5c9aab50be5118b1dfe949e9f0d3bca75f74944e7993bd77dc5b377e5d1f25,546
69_023_114-lib_1709,10245,smp_2427,plate10,"[('Trametinib', 0.05, 'uM')]",NCI-H596,full,lib_1709,0.0,5a5c9aab50be5118b1dfe949e9f0d3bca75f74944e7993bd77dc5b377e5d1f25,546
69_018_052-lib_1710,10246,smp_2427,plate10,"[('Trametinib', 0.05, 'uM')]",NCI-H596,minimal,lib_1710,0.0,5a5c9aab50be5118b1dfe949e9f0d3bca75f74944e7993bd77dc5b377e5d1f25,546
69_182_147-lib_1713,10247,smp_2427,plate10,"[('Trametinib', 0.05, 'uM')]",NCI-H596,minimal,lib_1713,0.0,5a5c9aab50be5118b1dfe949e9f0d3bca75f74944e7993bd77dc5b377e5d1f25,546
69_103_156-lib_1744,10248,smp_2427,plate10,"[('Trametinib', 0.05, 'uM')]",NCI-H596,full,lib_1744,0.0,5a5c9aab50be5118b1dfe949e9f0d3bca75f74944e7993bd77dc5b377e5d1f25,546
69_125_029-lib_1745,10249,smp_2427,plate10,"[('Trametinib', 0.05, 'uM')]",NCI-H596,full,lib_1745,0.0,5a5c9aab50be5118b1dfe949e9f0d3bca75f74944e7993bd77dc5b377e5d1f25,546
69_060_171-lib_1751,10250,smp_2427,plate10,"[('Trametinib', 0.05, 'uM')]",NCI-H596,full,lib_1751,0.0,5a5c9aab50be5118b1dfe949e9f0d3bca75f74944e7993bd77dc5b377e5d1f25,546
69_094_058-lib_2210,10251,smp_2427,plate10,"[('Trametinib', 0.05, 'uM')]",NCI-H596,full,lib_2210,0.0,5a5c9aab50be5118b1dfe949e9f0d3bca75f74944e7993bd77dc5b377e5d1f25,546
69_003_190-lib_2229,10252,smp_2427,plate10,"[('Trametinib', 0.05, 'uM')]",NCI-H596,full,lib_2229,0.0,5a5c9aab50be5118b1dfe949e9f0d3bca75f74944e7993bd77dc5b377e5d1f25,546
69_120_172-lib_2232,10253,smp_2427,plate10,"[('Trametinib', 0.05, 'uM')]",NCI-H596,full,lib_2232,0.0,5a5c9aab50be5118b1dfe949e9f0d3bca75f74944e7993bd77dc5b377e5d1f25,546
69_060_076-lib_2252,10254,smp_2427,plate10,"[('Trametinib', 0.05, 'uM')]",NCI-H596,full,lib_2252,0.0,5a5c9aab50be5118b1dfe949e9f0d3bca75f74944e7993bd77dc5b377e5d1f25,546
35_174_064-lib_1004,12708,smp_1625,plate2,"[('Trametinib', 0.5, 'uM')]",NCI-H596,full,lib_1004,0.0,5a5c9aab50be5118b1dfe949e9f0d3bca75f74944e7993bd77dc5b377e5d1f25,546
35_102_076-lib_2313,12709,smp_1625,plate2,"[('Trametinib', 0.5, 'uM')]",NCI-H596,full,lib_2313,0.0,5a5c9aab50be5118b1dfe949e9f0d3bca75f74944e7993bd77dc5b377e5d1f25,546
35_152_176-lib_2322,12710,smp_1625,plate2,"[('Trametinib', 0.5, 'uM')]",NCI-H596,full,lib_2322,0.0,5a5c9aab50be5118b1dfe949e9f0d3bca75f74944e7993bd77dc5b377e5d1f25,546
35_089_014-lib_2323,12711,smp_1625,plate2,"[('Trametinib', 0.5, 'uM')]",NCI-H596,full,lib_2323,0.0,5a5c9aab50be5118b1dfe949e9f0d3bca75f74944e7993bd77dc5b377e5d1f25,546
35_091_102-lib_2323,12712,smp_1625,plate2,"[('Trametinib', 0.5, 'uM')]",NCI-H596,minimal,lib_2323,0.0,5a5c9aab50be5118b1dfe949e9f0d3bca75f74944e7993bd77dc5b377e5d1f25,546
35_157_105-lib_2334,12713,smp_1625,plate2,"[('Trametinib', 0.5, 'uM')]",NCI-H596,minimal,lib_2334,0.0,5a5c9aab50be5118b1dfe949e9f0d3bca75f74944e7993bd77dc5b377e5d1f25,546
35_045_099-lib_2337,12714,smp_1625,plate2,"[('Trametinib', 0.5, 'uM')]",NCI-H596,full,lib_2337,0.0,5a5c9aab50be5118b1dfe949e9f0d3bca75f74944e7993bd77dc5b377e5d1f25,546
35_014_179-lib_917,12715,smp_1625,plate2,"[('Trametinib', 0.5, 'uM')]",NCI-H596,minimal,lib_917,0.0,5a5c9aab50be5118b1dfe949e9f0d3bca75f74944e7993bd77dc5b377e5d1f25,546
35_079_023-lib_919,12716,smp_1625,plate2,"[('Trametinib', 0.5, 'uM')]",NCI-H596,full,lib_919,0.0,5a5c9aab50be5118b1dfe949e9f0d3bca75f74944e7993bd77dc5b377e5d1f25,546
35_111_162-lib_927,12717,smp_1625,plate2,"[('Trametinib', 0.5, 'uM')]",NCI-H596,minimal,lib_927,0.0,5a5c9aab50be5118b1dfe949e9f0d3bca75f74944e7993bd77dc5b377e5d1f25,546
35_053_166-lib_935,12718,smp_1625,plate2,"[('Trametinib', 0.5, 'uM')]",NCI-H596,full,lib_935,1.4455345,5a5c9aab50be5118b1dfe949e9f0d3bca75f74944e7993bd77dc5b377e5d1f25,546
35_126_008-lib_941,12719,smp_1625,plate2,"[('Trametinib', 0.5, 'uM')]",NCI-H596,full,lib_941,0.0,5a5c9aab50be5118b1dfe949e9f0d3bca75f74944e7993bd77dc5b377e5d1f25,546
35_091_032-lib_945,12720,smp_1625,plate2,"[('Trametinib', 0.5, 'uM')]",NCI-H596,minimal,lib_945,0.0,5a5c9aab50be5118b1dfe949e9f0d3bca75f74944e7993bd77dc5b377e5d1f25,546
35_011_080-lib_946,12721,smp_1625,plate2,"[('Trametinib', 0.5, 'uM')]",NCI-H596,full,lib_946,0.0,5a5c9aab50be5118b1dfe949e9f0d3bca75f74944e7993bd77dc5b377e5d1f25,546
35_010_057-lib_951,12722,smp_1625,plate2,"[('Trametinib', 0.5, 'uM')]",NCI-H596,minimal,lib_951,0.0,5a5c9aab50be5118b1dfe949e9f0d3bca75f74944e7993bd77dc5b377e5d1f25,546
35_071_011-lib_962,12723,smp_1625,plate2,"[('Trametinib', 0.5, 'uM')]",NCI-H596,full,lib_962,0.0,5a5c9aab50be5118b1dfe949e9f0d3bca75f74944e7993bd77dc5b377e5d1f25,546
35_003_137-lib_972,12724,smp_1625,plate2,"[('Trametinib', 0.5, 'uM')]",NCI-H596,full,lib_972,0.0,5a5c9aab50be5118b1dfe949e9f0d3bca75f74944e7993bd77dc5b377e5d1f25,546
35_082_140-lib_977,12725,smp_1625,plate2,"[('Trametinib', 0.5, 'uM')]",NCI-H596,full,lib_977,0.0,5a5c9aab50be5118b1dfe949e9f0d3bca75f74944e7993bd77dc5b377e5d1f25,546
35_056_005-lib_983,12726,smp_1625,plate2,"[('Trametinib', 0.5, 'uM')]",NCI-H596,minimal,lib_983,0.0,5a5c9aab50be5118b1dfe949e9f0d3bca75f74944e7993bd77dc5b377e5d1f25,546
35_081_022-lib_983,12727,smp_1625,plate2,"[('Trametinib', 0.5, 'uM')]",NCI-H596,minimal,lib_983,0.0,5a5c9aab50be5118b1dfe949e9f0d3bca75f74944e7993bd77dc5b377e5d1f25,546
35_130_143-lib_983,12728,smp_1625,plate2,"[('Trametinib', 0.5, 'uM')]",NCI-H596,minimal,lib_983,0.0,5a5c9aab50be5118b1dfe949e9f0d3bca75f74944e7993bd77dc5b377e5d1f25,546
35_168_106-lib_983,12729,smp_1625,plate2,"[('Trametinib', 0.5, 'uM')]",NCI-H596,minimal,lib_983,0.0,5a5c9aab50be5118b1dfe949e9f0d3bca75f74944e7993bd77dc5b377e5d1f25,546
35_186_020-lib_983,12730,smp_1625,plate2,"[('Trametinib', 0.5, 'uM')]",NCI-H596,minimal,lib_983,0.0,5a5c9aab50be5118b1dfe949e9f0d3bca75f74944e7993bd77dc5b377e5d1f25,546
35_095_101-lib_984,12731,smp_1625,plate2,"[('Trametinib', 0.5, 'uM')]",NCI-H596,minimal,lib_984,0.0,5a5c9aab50be5118b1dfe949e9f0d3bca75f74944e7993bd77dc5b377e5d1f25,546
35_160_019-lib_988,12732,smp_1625,plate2,"[('Trametinib', 0.5, 'uM')]",NCI-H596,minimal,lib_988,0.0,5a5c9aab50be5118b1dfe949e9f0d3bca75f74944e7993bd77dc5b377e5d1f25,546
35_080_117-lib_990,12733,smp_1625,plate2,"[('Trametinib', 0.5, 'uM')]",NCI-H596,minimal,lib_990,0.0,5a5c9aab50be5118b1dfe949e9f0d3bca75f74944e7993bd77dc5b377e5d1f25,546
35_170_143-lib_992,12734,smp_1625,plate2,"[('Trametinib', 0.5, 'uM')]",NCI-H596,minimal,lib_992,0.0,5a5c9aab50be5118b1dfe949e9f0d3bca75f74944e7993bd77dc5b377e5d1f25,546
35_073_171-lib_993,12735,smp_1625,plate2,"[('Trametinib', 0.5, 'uM')]",NCI-H596,full,lib_993,0.0,5a5c9aab50be5118b1dfe949e9f0d3bca75f74944e7993bd77dc5b377e5d1f25,546
35_074_066-lib_997,12736,smp_1625,plate2,"[('Trametinib', 0.5, 'uM')]",NCI-H596,full,lib_997,1.5999064,5a5c9aab50be5118b1dfe949e9f0d3bca75f74944e7993bd77dc5b377e5d1f25,546
35_139_014-lib_999,12737,smp_1625,plate2,"[('Trametinib', 0.5, 'uM')]",NCI-H596,minimal,lib_999,0.0,5a5c9aab50be5118b1dfe949e9f0d3bca75f74944e7993bd77dc5b377e5d1f25,546
96_146_065-lib_2067,13154,smp_2838,plate14,"[('DMSO_TF', 0.0, 'uM')]",NCI-H596,full,lib_2067,0.0,5a5c9aab50be5118b1dfe949e9f0d3bca75f74944e7993bd77dc5b377e5d1f25,546
96_119_011-lib_2073,13155,smp_2838,plate14,"[('DMSO_TF', 0.0, 'uM')]",NCI-H596,full,lib_2073,0.0,5a5c9aab50be5118b1dfe949e9f0d3bca75f74944e7993bd77dc5b377e5d1f25,546
96_059_186-lib_2080,13156,smp_2838,plate14,"[('DMSO_TF', 0.0, 'uM')]",NCI-H596,minimal,lib_2080,0.0,5a5c9aab50be5118b1dfe949e9f0d3bca75f74944e7993bd77dc5b377e5d1f25,546
95_181_166-lib_2085,13157,smp_2837,plate14,"[('DMSO_TF', 0.0, 'uM')]",NCI-H596,full,lib_2085,0.0,5a5c9aab50be5118b1dfe949e9f0d3bca75f74944e7993bd77dc5b377e5d1f25,546
95_069_192-lib_2092,13158,smp_2837,plate14,"[('DMSO_TF', 0.0, 'uM')]",NCI-H596,full,lib_2092,2.1050127,5a5c9aab50be5118b1dfe949e9f0d3bca75f74944e7993bd77dc5b377e5d1f25,546
96_108_093-lib_2092,13159,smp_2838,plate14,"[('DMSO_TF', 0.0, 'uM')]",NCI-H596,minimal,lib_2092,2.311635,5a5c9aab50be5118b1dfe949e9f0d3bca75f74944e7993bd77dc5b377e5d1f25,546
96_030_062-lib_2097,13160,smp_2838,plate14,"[('DMSO_TF', 0.0, 'uM')]",NCI-H596,minimal,lib_2097,0.0,5a5c9aab50be5118b1dfe949e9f0d3bca75f74944e7993bd77dc5b377e5d1f25,546
96_036_145-lib_2101,13161,smp_2838,plate14,"[('DMSO_TF', 0.0, 'uM')]",NCI-H596,full,lib_2101,0.0,5a5c9aab50be5118b1dfe949e9f0d3bca75f74944e7993bd77dc5b377e5d1f25,546
95_008_087-lib_2105,13162,smp_2837,plate14,"[('DMSO_TF', 0.0, 'uM')]",NCI-H596,full,lib_2105,0.0,5a5c9aab50be5118b1dfe949e9f0d3bca75f74944e7993bd77dc5b377e5d1f25,546
96_060_005-lib_2111,13163,smp_2838,plate14,"[('DMSO_TF', 0.0, 'uM')]",NCI-H596,minimal,lib_2111,0.0,5a5c9aab50be5118b1dfe949e9f0d3bca75f74944e7993bd77dc5b377e5d1f25,546
96_129_029-lib_2111,13164,smp_2838,plate14,"[('DMSO_TF', 0.0, 'uM')]",NCI-H596,minimal,lib_2111,0.0,5a5c9aab50be5118b1dfe949e9f0d3bca75f74944e7993bd77dc5b377e5d1f25,546
95_178_184-lib_2124,13165,smp_2837,plate14,"[('DMSO_TF', 0.0, 'uM')]",NCI-H596,full,lib_2124,0.0,5a5c9aab50be5118b1dfe949e9f0d3bca75f74944e7993bd77dc5b377e5d1f25,546
96_114_022-lib_2127,13166,smp_2838,plate14,"[('DMSO_TF', 0.0, 'uM')]",NCI-H596,full,lib_2127,0.0,5a5c9aab50be5118b1dfe949e9f0d3bca75f74944e7993bd77dc5b377e5d1f25,546
96_126_030-lib_2129,13167,smp_2838,plate14,"[('DMSO_TF', 0.0, 'uM')]",NCI-H596,minimal,lib_2129,0.0,5a5c9aab50be5118b1dfe949e9f0d3bca75f74944e7993bd77dc5b377e5d1f25,546
96_019_112-lib_2133,13168,smp_2838,plate14,"[('DMSO_TF', 0.0, 'uM')]",NCI-H596,full,lib_2133,0.0,5a5c9aab50be5118b1dfe949e9f0d3bca75f74944e7993bd77dc5b377e5d1f25,546
95_027_093-lib_2142,13169,smp_2837,plate14,"[('DMSO_TF', 0.0, 'uM')]",NCI-H596,full,lib_2142,0.0,5a5c9aab50be5118b1dfe949e9f0d3bca75f74944e7993bd77dc5b377e5d1f25,546
96_045_036-lib_2158,13170,smp_2838,plate14,"[('DMSO_TF', 0.0, 'uM')]",NCI-H596,minimal,lib_2158,0.0,5a5c9aab50be5118b1dfe949e9f0d3bca75f74944e7993bd77dc5b377e5d1f25,546
95_055_024-lib_2610,13171,smp_2837,plate14,"[('DMSO_TF', 0.0, 'uM')]",NCI-H596,full,lib_2610,0.0,5a5c9aab50be5118b1dfe949e9f0d3bca75f74944e7993bd77dc5b377e5d1f25,546
95_041_178-lib_2611,13172,smp_2837,plate14,"[('DMSO_TF', 0.0, 'uM')]",NCI-H596,full,lib_2611,0.0,5a5c9aab50be5118b1dfe949e9f0d3bca75f74944e7993bd77dc5b377e5d1f25,546
95_058_091-lib_2611,13173,smp_2837,plate14,"[('DMSO_TF', 0.0, 'uM')]",NCI-H596,full,lib_2611,1.472133,5a5c9aab50be5118b1dfe949e9f0d3bca75f74944e7993bd77dc5b377e5d1f25,546
95_171_038-lib_1106,14063,smp_1877,plate4,"[('DMSO_TF', 0.0, 'uM')]",NCI-H596,full,lib_1106,0.0,5a5c9aab50be5118b1dfe949e9f0d3bca75f74944e7993bd77dc5b377e5d1f25,546
95_178_064-lib_1106,14064,smp_1877,plate4,"[('DMSO_TF', 0.0, 'uM')]",NCI-H596,minimal,lib_1106,0.0,5a5c9aab50be5118b1dfe949e9f0d3bca75f74944e7993bd77dc5b377e5d1f25,546
96_025_025-lib_1111,14065,smp_1878,plate4,"[('DMSO_TF', 0.0, 'uM')]",NCI-H596,full,lib_1111,1.7917595,5a5c9aab50be5118b1dfe949e9f0d3bca75f74944e7993bd77dc5b377e5d1f25,546
95_107_108-lib_1112,14066,smp_1877,plate4,"[('DMSO_TF', 0.0, 'uM')]",NCI-H596,minimal,lib_1112,0.0,5a5c9aab50be5118b1dfe949e9f0d3bca75f74944e7993bd77dc5b377e5d1f25,546
95_095_033-lib_1113,14067,smp_1877,plate4,"[('DMSO_TF', 0.0, 'uM')]",NCI-H596,full,lib_1113,0.0,5a5c9aab50be5118b1dfe949e9f0d3bca75f74944e7993bd77dc5b377e5d1f25,546
95_166_147-lib_1119,14068,smp_1877,plate4,"[('DMSO_TF', 0.0, 'uM')]",NCI-H596,minimal,lib_1119,0.0,5a5c9aab50be5118b1dfe949e9f0d3bca75f74944e7993bd77dc5b377e5d1f25,546
95_082_046-lib_1120,14069,smp_1877,plate4,"[('DMSO_TF', 0.0, 'uM')]",NCI-H596,minimal,lib_1120,0.0,5a5c9aab50be5118b1dfe949e9f0d3bca75f74944e7993bd77dc5b377e5d1f25,546
96_098_063-lib_1120,14070,smp_1878,plate4,"[('DMSO_TF', 0.0, 'uM')]",NCI-H596,minimal,lib_1120,0.0,5a5c9aab50be5118b1dfe949e9f0d3bca75f74944e7993bd77dc5b377e5d1f25,546
95_148_157-lib_1122,14071,smp_1877,plate4,"[('DMSO_TF', 0.0, 'uM')]",NCI-H596,minimal,lib_1122,0.0,5a5c9aab50be5118b1dfe949e9f0d3bca75f74944e7993bd77dc5b377e5d1f25,546
96_120_088-lib_1123,14072,smp_1878,plate4,"[('DMSO_TF', 0.0, 'uM')]",NCI-H596,full,lib_1123,0.0,5a5c9aab50be5118b1dfe949e9f0d3bca75f74944e7993bd77dc5b377e5d1f25,546
95_168_127-lib_1129,14073,smp_1877,plate4,"[('DMSO_TF', 0.0, 'uM')]",NCI-H596,full,lib_1129,0.0,5a5c9aab50be5118b1dfe949e9f0d3bca75f74944e7993bd77dc5b377e5d1f25,546
96_039_040-lib_1130,14074,smp_1878,plate4,"[('DMSO_TF', 0.0, 'uM')]",NCI-H596,minimal,lib_1130,0.0,5a5c9aab50be5118b1dfe949e9f0d3bca75f74944e7993bd77dc5b377e5d1f25,546
95_174_027-lib_1132,14075,smp_1877,plate4,"[('DMSO_TF', 0.0, 'uM')]",NCI-H596,minimal,lib_1132,0.0,5a5c9aab50be5118b1dfe949e9f0d3bca75f74944e7993bd77dc5b377e5d1f25,546
96_178_095-lib_1134,14076,smp_1878,plate4,"[('DMSO_TF', 0.0, 'uM')]",NCI-H596,full,lib_1134,0.0,5a5c9aab50be5118b1dfe949e9f0d3bca75f74944e7993bd77dc5b377e5d1f25,546
95_173_142-lib_1138,14077,smp_1877,plate4,"[('DMSO_TF', 0.0, 'uM')]",NCI-H596,full,lib_1138,0.0,5a5c9aab50be5118b1dfe949e9f0d3bca75f74944e7993bd77dc5b377e5d1f25,546
96_148_022-lib_1140,14078,smp_1878,plate4,"[('DMSO_TF', 0.0, 'uM')]",NCI-H596,minimal,lib_1140,0.0,5a5c9aab50be5118b1dfe949e9f0d3bca75f74944e7993bd77dc5b377e5d1f25,546
96_179_091-lib_1140,14079,smp_1878,plate4,"[('DMSO_TF', 0.0, 'uM')]",NCI-H596,full,lib_1140,2.349342,5a5c9aab50be5118b1dfe949e9f0d3bca75f74944e7993bd77dc5b377e5d1f25,546
96_071_062-lib_1142,14080,smp_1878,plate4,"[('DMSO_TF', 0.0, 'uM')]",NCI-H596,minimal,lib_1142,0.0,5a5c9aab50be5118b1dfe949e9f0d3bca75f74944e7993bd77dc5b377e5d1f25,546
96_057_036-lib_1151,14081,smp_1878,plate4,"[('DMSO_TF', 0.0, 'uM')]",NCI-H596,full,lib_1151,0.0,5a5c9aab50be5118b1dfe949e9f0d3bca75f74944e7993bd77dc5b377e5d1f25,546
96_065_149-lib_1153,14082,smp_1878,plate4,"[('DMSO_TF', 0.0, 'uM')]",NCI-H596,full,lib_1153,0.0,5a5c9aab50be5118b1dfe949e9f0d3bca75f74944e7993bd77dc5b377e5d1f25,546
96_028_029-lib_1154,14083,smp_1878,plate4,"[('DMSO_TF', 0.0, 'uM')]",NCI-H596,minimal,lib_1154,0.0,5a5c9aab50be5118b1dfe949e9f0d3bca75f74944e7993bd77dc5b377e5d1f25,546
95_108_022-lib_1157,14084,smp_1877,plate4,"[('DMSO_TF', 0.0, 'uM')]",NCI-H596,full,lib_1157,0.0,5a5c9aab50be5118b1dfe949e9f0d3bca75f74944e7993bd77dc5b377e5d1f25,546
95_128_121-lib_1161,14085,smp_1877,plate4,"[('DMSO_TF', 0.0, 'uM')]",NCI-H596,minimal,lib_1161,0.0,5a5c9aab50be5118b1dfe949e9f0d3bca75f74944e7993bd77dc5b377e5d1f25,546
96_076_106-lib_1163,14086,smp_1878,plate4,"[('DMSO_TF', 0.0, 'uM')]",NCI-H596,full,lib_1163,0.0,5a5c9aab50be5118b1dfe949e9f0d3bca75f74944e7993bd77dc5b377e5d1f25,546
95_056_052-lib_1164,14087,smp_1877,plate4,"[('DMSO_TF', 0.0, 'uM')]",NCI-H596,minimal,lib_1164,0.0,5a5c9aab50be5118b1dfe949e9f0d3bca75f74944e7993bd77dc5b377e5d1f25,546
95_187_037-lib_1164,14088,smp_1877,plate4,"[('DMSO_TF', 0.0, 'uM')]",NCI-H596,full,lib_1164,0.0,5a5c9aab50be5118b1dfe949e9f0d3bca75f74944e7993bd77dc5b377e5d1f25,546
95_079_047-lib_1165,14089,smp_1877,plate4,"[('DMSO_TF', 0.0, 'uM')]",NCI-H596,full,lib_1165,2.5191226,5a5c9aab50be5118b1dfe949e9f0d3bca75f74944e7993bd77dc5b377e5d1f25,546
96_059_083-lib_1165,14090,smp_1878,plate4,"[('DMSO_TF', 0.0, 'uM')]",NCI-H596,minimal,lib_1165,0.0,5a5c9aab50be5118b1dfe949e9f0d3bca75f74944e7993bd77dc5b377e5d1f25,546
96_154_009-lib_1169,14091,smp_1878,plate4,"[('DMSO_TF', 0.0, 'uM')]",NCI-H596,minimal,lib_1169,0.0,5a5c9aab50be5118b1dfe949e9f0d3bca75f74944e7993bd77dc5b377e5d1f25,546
96_133_128-lib_1170,14092,smp_1878,plate4,"[('DMSO_TF', 0.0, 'uM')]",NCI-H596,full,lib_1170,0.0,5a5c9aab50be5118b1dfe949e9f0d3bca75f74944e7993bd77dc5b377e5d1f25,546
96_148_069-lib_1170,14093,smp_1878,plate4,"[('DMSO_TF', 0.0, 'uM')]",NCI-H596,full,lib_1170,0.0,5a5c9aab50be5118b1dfe949e9f0d3bca75f74944e7993bd77dc5b377e5d1f25,546
96_089_091-lib_1173,14094,smp_1878,plate4,"[('DMSO_TF', 0.0, 'uM')]",NCI-H596,full,lib_1173,0.0,5a5c9aab50be5118b1dfe949e9f0d3bca75f74944e7993bd77dc5b377e5d1f25,546
95_080_176-lib_1174,14095,smp_1877,plate4,"[('DMSO_TF', 0.0, 'uM')]",NCI-H596,full,lib_1174,0.0,5a5c9aab50be5118b1dfe949e9f0d3bca75f74944e7993bd77dc5b377e5d1f25,546
96_023_049-lib_1174,14096,smp_1878,plate4,"[('DMSO_TF', 0.0, 'uM')]",NCI-H596,full,lib_1174,0.0,5a5c9aab50be5118b1dfe949e9f0d3bca75f74944e7993bd77dc5b377e5d1f25,546
95_168_032-lib_1182,14097,smp_1877,plate4,"[('DMSO_TF', 0.0, 'uM')]",NCI-H596,full,lib_1182,0.0,5a5c9aab50be5118b1dfe949e9f0d3bca75f74944e7993bd77dc5b377e5d1f25,546
95_116_180-lib_1183,14098,smp_1877,plate4,"[('DMSO_TF', 0.0, 'uM')]",NCI-H596,full,lib_1183,0.0,5a5c9aab50be5118b1dfe949e9f0d3bca75f74944e7993bd77dc5b377e5d1f25,546
95_051_120-lib_1191,14099,smp_1877,plate4,"[('DMSO_TF', 0.0, 'uM')]",NCI-H596,full,lib_1191,0.0,5a5c9aab50be5118b1dfe949e9f0d3bca75f74944e7993bd77dc5b377e5d1f25,546
95_075_148-lib_1191,14100,smp_1877,plate4,"[('DMSO_TF', 0.0, 'uM')]",NCI-H596,minimal,lib_1191,0.0,5a5c9aab50be5118b1dfe949e9f0d3bca75f74944e7993bd77dc5b377e5d1f25,546
95_137_188-lib_1194,14101,smp_1877,plate4,"[('DMSO_TF', 0.0, 'uM')]",NCI-H596,full,lib_1194,0.0,5a5c9aab50be5118b1dfe949e9f0d3bca75f74944e7993bd77dc5b377e5d1f25,546
95_066_032-lib_1196,14102,smp_1877,plate4,"[('DMSO_TF', 0.0, 'uM')]",NCI-H596,full,lib_1196,0.0,5a5c9aab50be5118b1dfe949e9f0d3bca75f74944e7993bd77dc5b377e5d1f25,546
95_088_132-lib_1200,14103,smp_1877,plate4,"[('DMSO_TF', 0.0, 'uM')]",NCI-H596,minimal,lib_1200,0.0,5a5c9aab50be5118b1dfe949e9f0d3bca75f74944e7993bd77dc5b377e5d1f25,546
96_111_085-lib_1200,14104,smp_1878,plate4,"[('DMSO_TF', 0.0, 'uM')]",NCI-H596,full,lib_1200,1.8086233,5a5c9aab50be5118b1dfe949e9f0d3bca75f74944e7993bd77dc5b377e5d1f25,546
96_152_120-lib_1200,14105,smp_1878,plate4,"[('DMSO_TF', 0.0, 'uM')]",NCI-H596,minimal,lib_1200,0.0,5a5c9aab50be5118b1dfe949e9f0d3bca75f74944e7993bd77dc5b377e5d1f25,546
95_087_124-lib_2514,14106,smp_1877,plate4,"[('DMSO_TF', 0.0, 'uM')]",NCI-H596,full,lib_2514,0.0,5a5c9aab50be5118b1dfe949e9f0d3bca75f74944e7993bd77dc5b377e5d1f25,546
95_118_086-lib_2514,14107,smp_1877,plate4,"[('DMSO_TF', 0.0, 'uM')]",NCI-H596,minimal,lib_2514,0.0,5a5c9aab50be5118b1dfe949e9f0d3bca75f74944e7993bd77dc5b377e5d1f25,546
96_080_008-lib_2514,14108,smp_1878,plate4,"[('DMSO_TF', 0.0, 'uM')]",NCI-H596,full,lib_2514,0.0,5a5c9aab50be5118b1dfe949e9f0d3bca75f74944e7993bd77dc5b377e5d1f25,546
95_168_080-lib_2522,14109,smp_1877,plate4,"[('DMSO_TF', 0.0, 'uM')]",NCI-H596,full,lib_2522,0.0,5a5c9aab50be5118b1dfe949e9f0d3bca75f74944e7993bd77dc5b377e5d1f25,546
35_033_056-lib_1009,14222,smp_1721,plate3,"[('Trametinib', 5.0, 'uM')]",NCI-H596,full,lib_1009,0.0,5a5c9aab50be5118b1dfe949e9f0d3bca75f74944e7993bd77dc5b377e5d1f25,546
35_045_170-lib_1009,14223,smp_1721,plate3,"[('Trametinib', 5.0, 'uM')]",NCI-H596,minimal,lib_1009,0.0,5a5c9aab50be5118b1dfe949e9f0d3bca75f74944e7993bd77dc5b377e5d1f25,546
35_168_163-lib_1013,14224,smp_1721,plate3,"[('Trametinib', 5.0, 'uM')]",NCI-H596,minimal,lib_1013,0.0,5a5c9aab50be5118b1dfe949e9f0d3bca75f74944e7993bd77dc5b377e5d1f25,546
35_165_143-lib_1014,14225,smp_1721,plate3,"[('Trametinib', 5.0, 'uM')]",NCI-H596,minimal,lib_1014,0.0,5a5c9aab50be5118b1dfe949e9f0d3bca75f74944e7993bd77dc5b377e5d1f25,546
35_046_155-lib_1016,14226,smp_1721,plate3,"[('Trametinib', 5.0, 'uM')]",NCI-H596,full,lib_1016,0.0,5a5c9aab50be5118b1dfe949e9f0d3bca75f74944e7993bd77dc5b377e5d1f25,546
35_053_050-lib_1017,14227,smp_1721,plate3,"[('Trametinib', 5.0, 'uM')]",NCI-H596,minimal,lib_1017,0.0,5a5c9aab50be5118b1dfe949e9f0d3bca75f74944e7993bd77dc5b377e5d1f25,546
35_043_051-lib_1019,14228,smp_1721,plate3,"[('Trametinib', 5.0, 'uM')]",NCI-H596,minimal,lib_1019,0.0,5a5c9aab50be5118b1dfe949e9f0d3bca75f74944e7993bd77dc5b377e5d1f25,546
35_177_131-lib_1019,14229,smp_1721,plate3,"[('Trametinib', 5.0, 'uM')]",NCI-H596,minimal,lib_1019,0.0,5a5c9aab50be5118b1dfe949e9f0d3bca75f74944e7993bd77dc5b377e5d1f25,546
35_050_119-lib_1021,14230,smp_1721,plate3,"[('Trametinib', 5.0, 'uM')]",NCI-H596,minimal,lib_1021,0.0,5a5c9aab50be5118b1dfe949e9f0d3bca75f74944e7993bd77dc5b377e5d1f25,546
35_099_133-lib_1021,14231,smp_1721,plate3,"[('Trametinib', 5.0, 'uM')]",NCI-H596,full,lib_1021,0.0,5a5c9aab50be5118b1dfe949e9f0d3bca75f74944e7993bd77dc5b377e5d1f25,546
35_152_085-lib_1023,14232,smp_1721,plate3,"[('Trametinib', 5.0, 'uM')]",NCI-H596,minimal,lib_1023,0.0,5a5c9aab50be5118b1dfe949e9f0d3bca75f74944e7993bd77dc5b377e5d1f25,546
35_047_022-lib_1030,14233,smp_1721,plate3,"[('Trametinib', 5.0, 'uM')]",NCI-H596,minimal,lib_1030,0.0,5a5c9aab50be5118b1dfe949e9f0d3bca75f74944e7993bd77dc5b377e5d1f25,546
35_106_077-lib_1030,14234,smp_1721,plate3,"[('Trametinib', 5.0, 'uM')]",NCI-H596,full,lib_1030,0.0,5a5c9aab50be5118b1dfe949e9f0d3bca75f74944e7993bd77dc5b377e5d1f25,546
35_169_103-lib_1031,14235,smp_1721,plate3,"[('Trametinib', 5.0, 'uM')]",NCI-H596,full,lib_1031,0.0,5a5c9aab50be5118b1dfe949e9f0d3bca75f74944e7993bd77dc5b377e5d1f25,546
35_172_097-lib_1032,14236,smp_1721,plate3,"[('Trametinib', 5.0, 'uM')]",NCI-H596,full,lib_1032,0.0,5a5c9aab50be5118b1dfe949e9f0d3bca75f74944e7993bd77dc5b377e5d1f25,546
35_070_120-lib_1034,14237,smp_1721,plate3,"[('Trametinib', 5.0, 'uM')]",NCI-H596,minimal,lib_1034,0.0,5a5c9aab50be5118b1dfe949e9f0d3bca75f74944e7993bd77dc5b377e5d1f25,546
35_141_037-lib_1039,14238,smp_1721,plate3,"[('Trametinib', 5.0, 'uM')]",NCI-H596,full,lib_1039,0.0,5a5c9aab50be5118b1dfe949e9f0d3bca75f74944e7993bd77dc5b377e5d1f25,546
35_162_143-lib_1040,14239,smp_1721,plate3,"[('Trametinib', 5.0, 'uM')]",NCI-H596,full,lib_1040,0.0,5a5c9aab50be5118b1dfe949e9f0d3bca75f74944e7993bd77dc5b377e5d1f25,546
35_022_097-lib_1041,14240,smp_1721,plate3,"[('Trametinib', 5.0, 'uM')]",NCI-H596,full,lib_1041,0.0,5a5c9aab50be5118b1dfe949e9f0d3bca75f74944e7993bd77dc5b377e5d1f25,546
35_041_067-lib_1046,14241,smp_1721,plate3,"[('Trametinib', 5.0, 'uM')]",NCI-H596,full,lib_1046,0.0,5a5c9aab50be5118b1dfe949e9f0d3bca75f74944e7993bd77dc5b377e5d1f25,546
35_099_191-lib_1050,14242,smp_1721,plate3,"[('Trametinib', 5.0, 'uM')]",NCI-H596,full,lib_1050,0.0,5a5c9aab50be5118b1dfe949e9f0d3bca75f74944e7993bd77dc5b377e5d1f25,546
35_106_192-lib_1050,14243,smp_1721,plate3,"[('Trametinib', 5.0, 'uM')]",NCI-H596,full,lib_1050,1.8838525,5a5c9aab50be5118b1dfe949e9f0d3bca75f74944e7993bd77dc5b377e5d1f25,546
35_102_070-lib_1051,14244,smp_1721,plate3,"[('Trametinib', 5.0, 'uM')]",NCI-H596,full,lib_1051,0.0,5a5c9aab50be5118b1dfe949e9f0d3bca75f74944e7993bd77dc5b377e5d1f25,546
35_186_064-lib_1054,14245,smp_1721,plate3,"[('Trametinib', 5.0, 'uM')]",NCI-H596,minimal,lib_1054,0.0,5a5c9aab50be5118b1dfe949e9f0d3bca75f74944e7993bd77dc5b377e5d1f25,546
35_032_098-lib_1056,14246,smp_1721,plate3,"[('Trametinib', 5.0, 'uM')]",NCI-H596,minimal,lib_1056,0.0,5a5c9aab50be5118b1dfe949e9f0d3bca75f74944e7993bd77dc5b377e5d1f25,546
35_082_151-lib_1067,14247,smp_1721,plate3,"[('Trametinib', 5.0, 'uM')]",NCI-H596,minimal,lib_1067,0.0,5a5c9aab50be5118b1dfe949e9f0d3bca75f74944e7993bd77dc5b377e5d1f25,546
35_076_084-lib_1068,14248,smp_1721,plate3,"[('Trametinib', 5.0, 'uM')]",NCI-H596,full,lib_1068,0.0,5a5c9aab50be5118b1dfe949e9f0d3bca75f74944e7993bd77dc5b377e5d1f25,546
35_149_038-lib_1068,14249,smp_1721,plate3,"[('Trametinib', 5.0, 'uM')]",NCI-H596,minimal,lib_1068,0.0,5a5c9aab50be5118b1dfe949e9f0d3bca75f74944e7993bd77dc5b377e5d1f25,546
35_026_179-lib_1070,14250,smp_1721,plate3,"[('Trametinib', 5.0, 'uM')]",NCI-H596,minimal,lib_1070,0.0,5a5c9aab50be5118b1dfe949e9f0d3bca75f74944e7993bd77dc5b377e5d1f25,546
35_091_161-lib_1072,14251,smp_1721,plate3,"[('Trametinib', 5.0, 'uM')]",NCI-H596,minimal,lib_1072,2.1972246,5a5c9aab50be5118b1dfe949e9f0d3bca75f74944e7993bd77dc5b377e5d1f25,546
35_142_032-lib_1074,14252,smp_1721,plate3,"[('Trametinib', 5.0, 'uM')]",NCI-H596,minimal,lib_1074,0.0,5a5c9aab50be5118b1dfe949e9f0d3bca75f74944e7993bd77dc5b377e5d1f25,546
35_111_145-lib_1076,14253,smp_1721,plate3,"[('Trametinib', 5.0, 'uM')]",NCI-H596,full,lib_1076,0.0,5a5c9aab50be5118b1dfe949e9f0d3bca75f74944e7993bd77dc5b377e5d1f25,546
35_028_061-lib_1079,14254,smp_1721,plate3,"[('Trametinib', 5.0, 'uM')]",NCI-H596,full,lib_1079,0.0,5a5c9aab50be5118b1dfe949e9f0d3bca75f74944e7993bd77dc5b377e5d1f25,546
35_179_163-lib_1086,14255,smp_1721,plate3,"[('Trametinib', 5.0, 'uM')]",NCI-H596,full,lib_1086,0.0,5a5c9aab50be5118b1dfe949e9f0d3bca75f74944e7993bd77dc5b377e5d1f25,546
35_028_005-lib_1087,14256,smp_1721,plate3,"[('Trametinib', 5.0, 'uM')]",NCI-H596,full,lib_1087,0.0,5a5c9aab50be5118b1dfe949e9f0d3bca75f74944e7993bd77dc5b377e5d1f25,546
35_028_187-lib_1087,14257,smp_1721,plate3,"[('Trametinib', 5.0, 'uM')]",NCI-H596,minimal,lib_1087,0.0,5a5c9aab50be5118b1dfe949e9f0d3bca75f74944e7993bd77dc5b377e5d1f25,546
35_138_172-lib_1091,14258,smp_1721,plate3,"[('Trametinib', 5.0, 'uM')]",NCI-H596,full,lib_1091,0.0,5a5c9aab50be5118b1dfe949e9f0d3bca75f74944e7993bd77dc5b377e5d1f25,546
35_072_037-lib_1104,14259,smp_1721,plate3,"[('Trametinib', 5.0, 'uM')]",NCI-H596,full,lib_1104,0.0,5a5c9aab50be5118b1dfe949e9f0d3bca75f74944e7993bd77dc5b377e5d1f25,546
35_071_007-lib_2604,14260,smp_1721,plate3,"[('Trametinib', 5.0, 'uM')]",NCI-H596,minimal,lib_2604,0.0,5a5c9aab50be5118b1dfe949e9f0d3bca75f74944e7993bd77dc5b377e5d1f25,546
96_088_102-lib_1587,14487,smp_2358,plate9,"[('DMSO_TF', 0.0, 'uM')]",NCI-H596,minimal,lib_1587,0.0,5a5c9aab50be5118b1dfe949e9f0d3bca75f74944e7993bd77dc5b377e5d1f25,546
95_060_038-lib_1588,14488,smp_2357,plate9,"[('DMSO_TF', 0.0, 'uM')]",NCI-H596,minimal,lib_1588,0.0,5a5c9aab50be5118b1dfe949e9f0d3bca75f74944e7993bd77dc5b377e5d1f25,546
95_013_104-lib_1590,14489,smp_2357,plate9,"[('DMSO_TF', 0.0, 'uM')]",NCI-H596,minimal,lib_1590,2.075514,5a5c9aab50be5118b1dfe949e9f0d3bca75f74944e7993bd77dc5b377e5d1f25,546
96_007_142-lib_1591,14490,smp_2358,plate9,"[('DMSO_TF', 0.0, 'uM')]",NCI-H596,full,lib_1591,0.0,5a5c9aab50be5118b1dfe949e9f0d3bca75f74944e7993bd77dc5b377e5d1f25,546
96_170_142-lib_1593,14491,smp_2358,plate9,"[('DMSO_TF', 0.0, 'uM')]",NCI-H596,full,lib_1593,0.0,5a5c9aab50be5118b1dfe949e9f0d3bca75f74944e7993bd77dc5b377e5d1f25,546
95_066_151-lib_1597,14492,smp_2357,plate9,"[('DMSO_TF', 0.0, 'uM')]",NCI-H596,full,lib_1597,0.0,5a5c9aab50be5118b1dfe949e9f0d3bca75f74944e7993bd77dc5b377e5d1f25,546
95_079_066-lib_1602,14493,smp_2357,plate9,"[('DMSO_TF', 0.0, 'uM')]",NCI-H596,minimal,lib_1602,2.1675603,5a5c9aab50be5118b1dfe949e9f0d3bca75f74944e7993bd77dc5b377e5d1f25,546
95_084_093-lib_1602,14494,smp_2357,plate9,"[('DMSO_TF', 0.0, 'uM')]",NCI-H596,full,lib_1602,0.0,5a5c9aab50be5118b1dfe949e9f0d3bca75f74944e7993bd77dc5b377e5d1f25,546
96_188_175-lib_1604,14495,smp_2358,plate9,"[('DMSO_TF', 0.0, 'uM')]",NCI-H596,full,lib_1604,0.0,5a5c9aab50be5118b1dfe949e9f0d3bca75f74944e7993bd77dc5b377e5d1f25,546
96_146_138-lib_1605,14496,smp_2358,plate9,"[('DMSO_TF', 0.0, 'uM')]",NCI-H596,full,lib_1605,1.5820122,5a5c9aab50be5118b1dfe949e9f0d3bca75f74944e7993bd77dc5b377e5d1f25,546
95_027_153-lib_1606,14497,smp_2357,plate9,"[('DMSO_TF', 0.0, 'uM')]",NCI-H596,minimal,lib_1606,0.0,5a5c9aab50be5118b1dfe949e9f0d3bca75f74944e7993bd77dc5b377e5d1f25,546
96_055_111-lib_1606,14498,smp_2358,plate9,"[('DMSO_TF', 0.0, 'uM')]",NCI-H596,minimal,lib_1606,0.0,5a5c9aab50be5118b1dfe949e9f0d3bca75f74944e7993bd77dc5b377e5d1f25,546
95_174_078-lib_1608,14499,smp_2357,plate9,"[('DMSO_TF', 0.0, 'uM')]",NCI-H596,minimal,lib_1608,2.6456988,5a5c9aab50be5118b1dfe949e9f0d3bca75f74944e7993bd77dc5b377e5d1f25,546
96_159_069-lib_1608,14500,smp_2358,plate9,"[('DMSO_TF', 0.0, 'uM')]",NCI-H596,full,lib_1608,1.8022528,5a5c9aab50be5118b1dfe949e9f0d3bca75f74944e7993bd77dc5b377e5d1f25,546
95_041_153-lib_1609,14501,smp_2357,plate9,"[('DMSO_TF', 0.0, 'uM')]",NCI-H596,minimal,lib_1609,0.0,5a5c9aab50be5118b1dfe949e9f0d3bca75f74944e7993bd77dc5b377e5d1f25,546
96_099_064-lib_1610,14502,smp_2358,plate9,"[('DMSO_TF', 0.0, 'uM')]",NCI-H596,minimal,lib_1610,0.0,5a5c9aab50be5118b1dfe949e9f0d3bca75f74944e7993bd77dc5b377e5d1f25,546
95_152_125-lib_1614,14503,smp_2357,plate9,"[('DMSO_TF', 0.0, 'uM')]",NCI-H596,minimal,lib_1614,0.0,5a5c9aab50be5118b1dfe949e9f0d3bca75f74944e7993bd77dc5b377e5d1f25,546
95_129_136-lib_1616,14504,smp_2357,plate9,"[('DMSO_TF', 0.0, 'uM')]",NCI-H596,minimal,lib_1616,2.5742302,5a5c9aab50be5118b1dfe949e9f0d3bca75f74944e7993bd77dc5b377e5d1f25,546
96_057_150-lib_1616,14505,smp_2358,plate9,"[('DMSO_TF', 0.0, 'uM')]",NCI-H596,minimal,lib_1616,0.0,5a5c9aab50be5118b1dfe949e9f0d3bca75f74944e7993bd77dc5b377e5d1f25,546
96_027_129-lib_1621,14506,smp_2358,plate9,"[('DMSO_TF', 0.0, 'uM')]",NCI-H596,full,lib_1621,0.0,5a5c9aab50be5118b1dfe949e9f0d3bca75f74944e7993bd77dc5b377e5d1f25,546
95_062_125-lib_1625,14507,smp_2357,plate9,"[('DMSO_TF', 0.0, 'uM')]",NCI-H596,minimal,lib_1625,0.0,5a5c9aab50be5118b1dfe949e9f0d3bca75f74944e7993bd77dc5b377e5d1f25,546
96_104_042-lib_1625,14508,smp_2358,plate9,"[('DMSO_TF', 0.0, 'uM')]",NCI-H596,full,lib_1625,0.0,5a5c9aab50be5118b1dfe949e9f0d3bca75f74944e7993bd77dc5b377e5d1f25,546
95_077_192-lib_1628,14509,smp_2357,plate9,"[('DMSO_TF', 0.0, 'uM')]",NCI-H596,full,lib_1628,0.0,5a5c9aab50be5118b1dfe949e9f0d3bca75f74944e7993bd77dc5b377e5d1f25,546
95_173_180-lib_1631,14510,smp_2357,plate9,"[('DMSO_TF', 0.0, 'uM')]",NCI-H596,minimal,lib_1631,0.0,5a5c9aab50be5118b1dfe949e9f0d3bca75f74944e7993bd77dc5b377e5d1f25,546
95_174_102-lib_1632,14511,smp_2357,plate9,"[('DMSO_TF', 0.0, 'uM')]",NCI-H596,full,lib_1632,0.0,5a5c9aab50be5118b1dfe949e9f0d3bca75f74944e7993bd77dc5b377e5d1f25,546
96_080_035-lib_1632,14512,smp_2358,plate9,"[('DMSO_TF', 0.0, 'uM')]",NCI-H596,full,lib_1632,0.0,5a5c9aab50be5118b1dfe949e9f0d3bca75f74944e7993bd77dc5b377e5d1f25,546
95_036_092-lib_1636,14513,smp_2357,plate9,"[('DMSO_TF', 0.0, 'uM')]",NCI-H596,full,lib_1636,0.0,5a5c9aab50be5118b1dfe949e9f0d3bca75f74944e7993bd77dc5b377e5d1f25,546
95_192_097-lib_1636,14514,smp_2357,plate9,"[('DMSO_TF', 0.0, 'uM')]",NCI-H596,minimal,lib_1636,0.0,5a5c9aab50be5118b1dfe949e9f0d3bca75f74944e7993bd77dc5b377e5d1f25,546
96_083_107-lib_1638,14515,smp_2358,plate9,"[('DMSO_TF', 0.0, 'uM')]",NCI-H596,full,lib_1638,0.0,5a5c9aab50be5118b1dfe949e9f0d3bca75f74944e7993bd77dc5b377e5d1f25,546
95_191_013-lib_1643,14516,smp_2357,plate9,"[('DMSO_TF', 0.0, 'uM')]",NCI-H596,full,lib_1643,0.0,5a5c9aab50be5118b1dfe949e9f0d3bca75f74944e7993bd77dc5b377e5d1f25,546
96_049_029-lib_1644,14517,smp_2358,plate9,"[('DMSO_TF', 0.0, 'uM')]",NCI-H596,minimal,lib_1644,0.0,5a5c9aab50be5118b1dfe949e9f0d3bca75f74944e7993bd77dc5b377e5d1f25,546
95_036_124-lib_1646,14518,smp_2357,plate9,"[('DMSO_TF', 0.0, 'uM')]",NCI-H596,full,lib_1646,0.0,5a5c9aab50be5118b1dfe949e9f0d3bca75f74944e7993bd77dc5b377e5d1f25,546
95_013_136-lib_1648,14519,smp_2357,plate9,"[('DMSO_TF', 0.0, 'uM')]",NCI-H596,full,lib_1648,0.0,5a5c9aab50be5118b1dfe949e9f0d3bca75f74944e7993bd77dc5b377e5d1f25,546
96_054_144-lib_1648,14520,smp_2358,plate9,"[('DMSO_TF', 0.0, 'uM')]",NCI-H596,minimal,lib_1648,0.0,5a5c9aab50be5118b1dfe949e9f0d3bca75f74944e7993bd77dc5b377e5d1f25,546
95_098_060-lib_1650,14521,smp_2357,plate9,"[('DMSO_TF', 0.0, 'uM')]",NCI-H596,minimal,lib_1650,0.0,5a5c9aab50be5118b1dfe949e9f0d3bca75f74944e7993bd77dc5b377e5d1f25,546
95_058_171-lib_1651,14522,smp_2357,plate9,"[('DMSO_TF', 0.0, 'uM')]",NCI-H596,minimal,lib_1651,0.0,5a5c9aab50be5118b1dfe949e9f0d3bca75f74944e7993bd77dc5b377e5d1f25,546
96_031_115-lib_1651,14523,smp_2358,plate9,"[('DMSO_TF', 0.0, 'uM')]",NCI-H596,full,lib_1651,0.0,5a5c9aab50be5118b1dfe949e9f0d3bca75f74944e7993bd77dc5b377e5d1f25,546
96_085_076-lib_1651,14524,smp_2358,plate9,"[('DMSO_TF', 0.0, 'uM')]",NCI-H596,minimal,lib_1651,0.0,5a5c9aab50be5118b1dfe949e9f0d3bca75f74944e7993bd77dc5b377e5d1f25,546
96_036_157-lib_1652,14525,smp_2358,plate9,"[('DMSO_TF', 0.0, 'uM')]",NCI-H596,minimal,lib_1652,0.0,5a5c9aab50be5118b1dfe949e9f0d3bca75f74944e7993bd77dc5b377e5d1f25,546
95_102_091-lib_1655,14526,smp_2357,plate9,"[('DMSO_TF', 0.0, 'uM')]",NCI-H596,minimal,lib_1655,0.0,5a5c9aab50be5118b1dfe949e9f0d3bca75f74944e7993bd77dc5b377e5d1f25,546
95_187_172-lib_1655,14527,smp_2357,plate9,"[('DMSO_TF', 0.0, 'uM')]",NCI-H596,minimal,lib_1655,0.0,5a5c9aab50be5118b1dfe949e9f0d3bca75f74944e7993bd77dc5b377e5d1f25,546
96_066_027-lib_1656,14528,smp_2358,plate9,"[('DMSO_TF', 0.0, 'uM')]",NCI-H596,full,lib_1656,0.0,5a5c9aab50be5118b1dfe949e9f0d3bca75f74944e7993bd77dc5b377e5d1f25,546
95_192_144-lib_1657,14529,smp_2357,plate9,"[('DMSO_TF', 0.0, 'uM')]",NCI-H596,minimal,lib_1657,0.0,5a5c9aab50be5118b1dfe949e9f0d3bca75f74944e7993bd77dc5b377e5d1f25,546
95_057_030-lib_1659,14530,smp_2357,plate9,"[('DMSO_TF', 0.0, 'uM')]",NCI-H596,minimal,lib_1659,0.0,5a5c9aab50be5118b1dfe949e9f0d3bca75f74944e7993bd77dc5b377e5d1f25,546
96_119_121-lib_1659,14531,smp_2358,plate9,"[('DMSO_TF', 0.0, 'uM')]",NCI-H596,minimal,lib_1659,0.0,5a5c9aab50be5118b1dfe949e9f0d3bca75f74944e7993bd77dc5b377e5d1f25,546
96_188_173-lib_1660,14532,smp_2358,plate9,"[('DMSO_TF', 0.0, 'uM')]",NCI-H596,full,lib_1660,1.062309,5a5c9aab50be5118b1dfe949e9f0d3bca75f74944e7993bd77dc5b377e5d1f25,546
95_015_189-lib_1662,14533,smp_2357,plate9,"[('DMSO_TF', 0.0, 'uM')]",NCI-H596,full,lib_1662,0.0,5a5c9aab50be5118b1dfe949e9f0d3bca75f74944e7993bd77dc5b377e5d1f25,546
95_020_089-lib_1662,14534,smp_2357,plate9,"[('DMSO_TF', 0.0, 'uM')]",NCI-H596,minimal,lib_1662,2.6246686,5a5c9aab50be5118b1dfe949e9f0d3bca75f74944e7993bd77dc5b377e5d1f25,546
96_116_134-lib_1662,14535,smp_2358,plate9,"[('DMSO_TF', 0.0, 'uM')]",NCI-H596,full,lib_1662,0.0,5a5c9aab50be5118b1dfe949e9f0d3bca75f74944e7993bd77dc5b377e5d1f25,546
96_168_038-lib_1662,14536,smp_2358,plate9,"[('DMSO_TF', 0.0, 'uM')]",NCI-H596,minimal,lib_1662,0.0,5a5c9aab50be5118b1dfe949e9f0d3bca75f74944e7993bd77dc5b377e5d1f25,546
96_015_002-lib_1665,14537,smp_2358,plate9,"[('DMSO_TF', 0.0, 'uM')]",NCI-H596,minimal,lib_1665,0.0,5a5c9aab50be5118b1dfe949e9f0d3bca75f74944e7993bd77dc5b377e5d1f25,546
96_027_121-lib_1665,14538,smp_2358,plate9,"[('DMSO_TF', 0.0, 'uM')]",NCI-H596,full,lib_1665,0.0,5a5c9aab50be5118b1dfe949e9f0d3bca75f74944e7993bd77dc5b377e5d1f25,546
95_012_011-lib_1671,14539,smp_2357,plate9,"[('DMSO_TF', 0.0, 'uM')]",NCI-H596,full,lib_1671,0.0,5a5c9aab50be5118b1dfe949e9f0d3bca75f74944e7993bd77dc5b377e5d1f25,546
96_107_020-lib_1672,14540,smp_2358,plate9,"[('DMSO_TF', 0.0, 'uM')]",NCI-H596,minimal,lib_1672,1.9454818,5a5c9aab50be5118b1dfe949e9f0d3bca75f74944e7993bd77dc5b377e5d1f25,546
95_060_039-lib_1674,14541,smp_2357,plate9,"[('DMSO_TF', 0.0, 'uM')]",NCI-H596,full,lib_1674,1.5630976,5a5c9aab50be5118b1dfe949e9f0d3bca75f74944e7993bd77dc5b377e5d1f25,546
96_179_119-lib_1674,14542,smp_2358,plate9,"[('DMSO_TF', 0.0, 'uM')]",NCI-H596,minimal,lib_1674,0.0,5a5c9aab50be5118b1dfe949e9f0d3bca75f74944e7993bd77dc5b377e5d1f25,546
95_036_154-lib_2500,14543,smp_2357,plate9,"[('DMSO_TF', 0.0, 'uM')]",NCI-H596,full,lib_2500,0.0,5a5c9aab50be5118b1dfe949e9f0d3bca75f74944e7993bd77dc5b377e5d1f25,546
95_188_008-lib_2503,14544,smp_2357,plate9,"[('DMSO_TF', 0.0, 'uM')]",NCI-H596,full,lib_2503,1.5367887,5a5c9aab50be5118b1dfe949e9f0d3bca75f74944e7993bd77dc5b377e5d1f25,546
96_059_113-lib_2503,14545,smp_2358,plate9,"[('DMSO_TF', 0.0, 'uM')]",NCI-H596,full,lib_2503,0.0,5a5c9aab50be5118b1dfe949e9f0d3bca75f74944e7993bd77dc5b377e5d1f25,546
95_126_044-lib_2507,14546,smp_2357,plate9,"[('DMSO_TF', 0.0, 'uM')]",NCI-H596,full,lib_2507,0.0,5a5c9aab50be5118b1dfe949e9f0d3bca75f74944e7993bd77dc5b377e5d1f25,546
96_171_126-lib_2508,14547,smp_2358,plate9,"[('DMSO_TF', 0.0, 'uM')]",NCI-H596,minimal,lib_2508,0.0,5a5c9aab50be5118b1dfe949e9f0d3bca75f74944e7993bd77dc5b377e5d1f25,546
95_149_035-lib_2605,14548,smp_2357,plate9,"[('DMSO_TF', 0.0, 'uM')]",NCI-H596,full,lib_2605,0.0,5a5c9aab50be5118b1dfe949e9f0d3bca75f74944e7993bd77dc5b377e5d1f25,546
96_135_064-lib_2606,14549,smp_2358,plate9,"[('DMSO_TF', 0.0, 'uM')]",NCI-H596,minimal,lib_2606,0.0,5a5c9aab50be5118b1dfe949e9f0d3bca75f74944e7993bd77dc5b377e5d1f25,546
96_056_071-lib_1303,14828,smp_2070,plate6,"[('DMSO_TF', 0.0, 'uM')]",NCI-H596,full,lib_1303,0.0,5a5c9aab50be5118b1dfe949e9f0d3bca75f74944e7993bd77dc5b377e5d1f25,546
95_070_119-lib_1306,14829,smp_2069,plate6,"[('DMSO_TF', 0.0, 'uM')]",NCI-H596,full,lib_1306,1.501942,5a5c9aab50be5118b1dfe949e9f0d3bca75f74944e7993bd77dc5b377e5d1f25,546
95_168_158-lib_1310,14830,smp_2069,plate6,"[('DMSO_TF', 0.0, 'uM')]",NCI-H596,minimal,lib_1310,0.0,5a5c9aab50be5118b1dfe949e9f0d3bca75f74944e7993bd77dc5b377e5d1f25,546
95_083_177-lib_1318,14831,smp_2069,plate6,"[('DMSO_TF', 0.0, 'uM')]",NCI-H596,full,lib_1318,0.0,5a5c9aab50be5118b1dfe949e9f0d3bca75f74944e7993bd77dc5b377e5d1f25,546
95_009_060-lib_1320,14832,smp_2069,plate6,"[('DMSO_TF', 0.0, 'uM')]",NCI-H596,minimal,lib_1320,0.0,5a5c9aab50be5118b1dfe949e9f0d3bca75f74944e7993bd77dc5b377e5d1f25,546
95_149_042-lib_1321,14833,smp_2069,plate6,"[('DMSO_TF', 0.0, 'uM')]",NCI-H596,full,lib_1321,0.0,5a5c9aab50be5118b1dfe949e9f0d3bca75f74944e7993bd77dc5b377e5d1f25,546
95_062_085-lib_1322,14834,smp_2069,plate6,"[('DMSO_TF', 0.0, 'uM')]",NCI-H596,full,lib_1322,0.0,5a5c9aab50be5118b1dfe949e9f0d3bca75f74944e7993bd77dc5b377e5d1f25,546
96_086_007-lib_1327,14835,smp_2070,plate6,"[('DMSO_TF', 0.0, 'uM')]",NCI-H596,full,lib_1327,0.0,5a5c9aab50be5118b1dfe949e9f0d3bca75f74944e7993bd77dc5b377e5d1f25,546
95_067_103-lib_1331,14836,smp_2069,plate6,"[('DMSO_TF', 0.0, 'uM')]",NCI-H596,full,lib_1331,0.0,5a5c9aab50be5118b1dfe949e9f0d3bca75f74944e7993bd77dc5b377e5d1f25,546
95_022_180-lib_1333,14837,smp_2069,plate6,"[('DMSO_TF', 0.0, 'uM')]",NCI-H596,minimal,lib_1333,0.0,5a5c9aab50be5118b1dfe949e9f0d3bca75f74944e7993bd77dc5b377e5d1f25,546
95_022_045-lib_1335,14838,smp_2069,plate6,"[('DMSO_TF', 0.0, 'uM')]",NCI-H596,full,lib_1335,0.0,5a5c9aab50be5118b1dfe949e9f0d3bca75f74944e7993bd77dc5b377e5d1f25,546
95_147_053-lib_1338,14839,smp_2069,plate6,"[('DMSO_TF', 0.0, 'uM')]",NCI-H596,minimal,lib_1338,2.9347804,5a5c9aab50be5118b1dfe949e9f0d3bca75f74944e7993bd77dc5b377e5d1f25,546
95_039_120-lib_1340,14840,smp_2069,plate6,"[('DMSO_TF', 0.0, 'uM')]",NCI-H596,minimal,lib_1340,0.0,5a5c9aab50be5118b1dfe949e9f0d3bca75f74944e7993bd77dc5b377e5d1f25,546
95_146_101-lib_1345,14841,smp_2069,plate6,"[('DMSO_TF', 0.0, 'uM')]",NCI-H596,full,lib_1345,2.407036,5a5c9aab50be5118b1dfe949e9f0d3bca75f74944e7993bd77dc5b377e5d1f25,546
96_184_022-lib_1354,14842,smp_2070,plate6,"[('DMSO_TF', 0.0, 'uM')]",NCI-H596,full,lib_1354,0.0,5a5c9aab50be5118b1dfe949e9f0d3bca75f74944e7993bd77dc5b377e5d1f25,546
95_068_132-lib_1356,14843,smp_2069,plate6,"[('DMSO_TF', 0.0, 'uM')]",NCI-H596,full,lib_1356,0.0,5a5c9aab50be5118b1dfe949e9f0d3bca75f74944e7993bd77dc5b377e5d1f25,546
95_189_087-lib_1361,14844,smp_2069,plate6,"[('DMSO_TF', 0.0, 'uM')]",NCI-H596,minimal,lib_1361,0.0,5a5c9aab50be5118b1dfe949e9f0d3bca75f74944e7993bd77dc5b377e5d1f25,546
96_013_021-lib_1361,14845,smp_2070,plate6,"[('DMSO_TF', 0.0, 'uM')]",NCI-H596,full,lib_1361,0.0,5a5c9aab50be5118b1dfe949e9f0d3bca75f74944e7993bd77dc5b377e5d1f25,546
95_078_183-lib_1368,14846,smp_2069,plate6,"[('DMSO_TF', 0.0, 'uM')]",NCI-H596,minimal,lib_1368,0.0,5a5c9aab50be5118b1dfe949e9f0d3bca75f74944e7993bd77dc5b377e5d1f25,546
95_004_131-lib_1374,14847,smp_2069,plate6,"[('DMSO_TF', 0.0, 'uM')]",NCI-H596,minimal,lib_1374,0.0,5a5c9aab50be5118b1dfe949e9f0d3bca75f74944e7993bd77dc5b377e5d1f25,546
95_180_154-lib_1379,14848,smp_2069,plate6,"[('DMSO_TF', 0.0, 'uM')]",NCI-H596,full,lib_1379,0.0,5a5c9aab50be5118b1dfe949e9f0d3bca75f74944e7993bd77dc5b377e5d1f25,546
95_074_037-lib_1388,14849,smp_2069,plate6,"[('DMSO_TF', 0.0, 'uM')]",NCI-H596,full,lib_1388,0.0,5a5c9aab50be5118b1dfe949e9f0d3bca75f74944e7993bd77dc5b377e5d1f25,546
95_137_085-lib_1392,14850,smp_2069,plate6,"[('DMSO_TF', 0.0, 'uM')]",NCI-H596,full,lib_1392,0.0,5a5c9aab50be5118b1dfe949e9f0d3bca75f74944e7993bd77dc5b377e5d1f25,546
96_046_094-lib_2256,14851,smp_2070,plate6,"[('DMSO_TF', 0.0, 'uM')]",NCI-H596,full,lib_2256,0.0,5a5c9aab50be5118b1dfe949e9f0d3bca75f74944e7993bd77dc5b377e5d1f25,546
95_173_140-lib_2257,14852,smp_2069,plate6,"[('DMSO_TF', 0.0, 'uM')]",NCI-H596,full,lib_2257,0.0,5a5c9aab50be5118b1dfe949e9f0d3bca75f74944e7993bd77dc5b377e5d1f25,546
95_088_184-lib_2258,14853,smp_2069,plate6,"[('DMSO_TF', 0.0, 'uM')]",NCI-H596,full,lib_2258,0.0,5a5c9aab50be5118b1dfe949e9f0d3bca75f74944e7993bd77dc5b377e5d1f25,546
95_091_018-lib_2263,14854,smp_2069,plate6,"[('DMSO_TF', 0.0, 'uM')]",NCI-H596,full,lib_2263,0.0,5a5c9aab50be5118b1dfe949e9f0d3bca75f74944e7993bd77dc5b377e5d1f25,546
95_168_039-lib_2270,14855,smp_2069,plate6,"[('DMSO_TF', 0.0, 'uM')]",NCI-H596,full,lib_2270,0.0,5a5c9aab50be5118b1dfe949e9f0d3bca75f74944e7993bd77dc5b377e5d1f25,546
95_141_087-lib_2271,14856,smp_2069,plate6,"[('DMSO_TF', 0.0, 'uM')]",NCI-H596,full,lib_2271,0.0,5a5c9aab50be5118b1dfe949e9f0d3bca75f74944e7993bd77dc5b377e5d1f25,546
95_185_133-lib_2279,14857,smp_2069,plate6,"[('DMSO_TF', 0.0, 'uM')]",NCI-H596,full,lib_2279,0.0,5a5c9aab50be5118b1dfe949e9f0d3bca75f74944e7993bd77dc5b377e5d1f25,546
95_151_158-lib_2282,14858,smp_2069,plate6,"[('DMSO_TF', 0.0, 'uM')]",NCI-H596,full,lib_2282,0.0,5a5c9aab50be5118b1dfe949e9f0d3bca75f74944e7993bd77dc5b377e5d1f25,546
95_075_109-lib_2284,14859,smp_2069,plate6,"[('DMSO_TF', 0.0, 'uM')]",NCI-H596,minimal,lib_2284,0.0,5a5c9aab50be5118b1dfe949e9f0d3bca75f74944e7993bd77dc5b377e5d1f25,546
96_079_113-lib_2286,14860,smp_2070,plate6,"[('DMSO_TF', 0.0, 'uM')]",NCI-H596,full,lib_2286,0.0,5a5c9aab50be5118b1dfe949e9f0d3bca75f74944e7993bd77dc5b377e5d1f25,546
96_060_048-lib_2292,14861,smp_2070,plate6,"[('DMSO_TF', 0.0, 'uM')]",NCI-H596,full,lib_2292,0.0,5a5c9aab50be5118b1dfe949e9f0d3bca75f74944e7993bd77dc5b377e5d1f25,546
95_128_014-lib_2297,14862,smp_2069,plate6,"[('DMSO_TF', 0.0, 'uM')]",NCI-H596,full,lib_2297,0.0,5a5c9aab50be5118b1dfe949e9f0d3bca75f74944e7993bd77dc5b377e5d1f25,546
95_028_004-lib_2299,14863,smp_2069,plate6,"[('DMSO_TF', 0.0, 'uM')]",NCI-H596,minimal,lib_2299,0.0,5a5c9aab50be5118b1dfe949e9f0d3bca75f74944e7993bd77dc5b377e5d1f25,546
96_050_077-lib_2306,14864,smp_2070,plate6,"[('DMSO_TF', 0.0, 'uM')]",NCI-H596,minimal,lib_2306,0.0,5a5c9aab50be5118b1dfe949e9f0d3bca75f74944e7993bd77dc5b377e5d1f25,546
95_028_160-lib_841,17295,smp_1589,plate1,"[('DMSO_TF', 0.0, 'uM')]",NCI-H596,minimal,lib_841,1.9597511,5a5c9aab50be5118b1dfe949e9f0d3bca75f74944e7993bd77dc5b377e5d1f25,546
95_181_156-lib_852,17296,smp_1589,plate1,"[('DMSO_TF', 0.0, 'uM')]",NCI-H596,full,lib_852,0.0,5a5c9aab50be5118b1dfe949e9f0d3bca75f74944e7993bd77dc5b377e5d1f25,546
96_072_116-lib_854,17297,smp_1590,plate1,"[('DMSO_TF', 0.0, 'uM')]",NCI-H596,full,lib_854,0.0,5a5c9aab50be5118b1dfe949e9f0d3bca75f74944e7993bd77dc5b377e5d1f25,546
96_011_048-lib_857,17298,smp_1590,plate1,"[('DMSO_TF', 0.0, 'uM')]",NCI-H596,minimal,lib_857,0.0,5a5c9aab50be5118b1dfe949e9f0d3bca75f74944e7993bd77dc5b377e5d1f25,546
95_170_043-lib_860,17299,smp_1589,plate1,"[('DMSO_TF', 0.0, 'uM')]",NCI-H596,minimal,lib_860,0.0,5a5c9aab50be5118b1dfe949e9f0d3bca75f74944e7993bd77dc5b377e5d1f25,546
95_062_107-lib_864,17300,smp_1589,plate1,"[('DMSO_TF', 0.0, 'uM')]",NCI-H596,full,lib_864,0.0,5a5c9aab50be5118b1dfe949e9f0d3bca75f74944e7993bd77dc5b377e5d1f25,546
95_170_014-lib_865,17301,smp_1589,plate1,"[('DMSO_TF', 0.0, 'uM')]",NCI-H596,full,lib_865,0.0,5a5c9aab50be5118b1dfe949e9f0d3bca75f74944e7993bd77dc5b377e5d1f25,546
95_126_127-lib_870,17302,smp_1589,plate1,"[('DMSO_TF', 0.0, 'uM')]",NCI-H596,minimal,lib_870,0.0,5a5c9aab50be5118b1dfe949e9f0d3bca75f74944e7993bd77dc5b377e5d1f25,546
96_161_090-lib_874,17303,smp_1590,plate1,"[('DMSO_TF', 0.0, 'uM')]",NCI-H596,minimal,lib_874,0.0,5a5c9aab50be5118b1dfe949e9f0d3bca75f74944e7993bd77dc5b377e5d1f25,546
95_051_053-lib_876,17304,smp_1589,plate1,"[('DMSO_TF', 0.0, 'uM')]",NCI-H596,full,lib_876,0.0,5a5c9aab50be5118b1dfe949e9f0d3bca75f74944e7993bd77dc5b377e5d1f25,546
96_056_031-lib_876,17305,smp_1590,plate1,"[('DMSO_TF', 0.0, 'uM')]",NCI-H596,minimal,lib_876,0.0,5a5c9aab50be5118b1dfe949e9f0d3bca75f74944e7993bd77dc5b377e5d1f25,546
96_090_060-lib_876,17306,smp_1590,plate1,"[('DMSO_TF', 0.0, 'uM')]",NCI-H596,full,lib_876,0.0,5a5c9aab50be5118b1dfe949e9f0d3bca75f74944e7993bd77dc5b377e5d1f25,546
96_080_041-lib_877,17307,smp_1590,plate1,"[('DMSO_TF', 0.0, 'uM')]",NCI-H596,minimal,lib_877,1.9676502,5a5c9aab50be5118b1dfe949e9f0d3bca75f74944e7993bd77dc5b377e5d1f25,546
96_058_065-lib_879,17308,smp_1590,plate1,"[('DMSO_TF', 0.0, 'uM')]",NCI-H596,full,lib_879,0.0,5a5c9aab50be5118b1dfe949e9f0d3bca75f74944e7993bd77dc5b377e5d1f25,546
95_179_129-lib_884,17309,smp_1589,plate1,"[('DMSO_TF', 0.0, 'uM')]",NCI-H596,full,lib_884,1.6086384,5a5c9aab50be5118b1dfe949e9f0d3bca75f74944e7993bd77dc5b377e5d1f25,546
95_007_005-lib_888,17310,smp_1589,plate1,"[('DMSO_TF', 0.0, 'uM')]",NCI-H596,minimal,lib_888,0.0,5a5c9aab50be5118b1dfe949e9f0d3bca75f74944e7993bd77dc5b377e5d1f25,546
96_183_019-lib_888,17311,smp_1590,plate1,"[('DMSO_TF', 0.0, 'uM')]",NCI-H596,minimal,lib_888,0.0,5a5c9aab50be5118b1dfe949e9f0d3bca75f74944e7993bd77dc5b377e5d1f25,546
96_161_101-lib_889,17312,smp_1590,plate1,"[('DMSO_TF', 0.0, 'uM')]",NCI-H596,full,lib_889,0.0,5a5c9aab50be5118b1dfe949e9f0d3bca75f74944e7993bd77dc5b377e5d1f25,546
95_002_052-lib_890,17313,smp_1589,plate1,"[('DMSO_TF', 0.0, 'uM')]",NCI-H596,full,lib_890,1.8139756,5a5c9aab50be5118b1dfe949e9f0d3bca75f74944e7993bd77dc5b377e5d1f25,546
95_017_018-lib_894,17314,smp_1589,plate1,"[('DMSO_TF', 0.0, 'uM')]",NCI-H596,full,lib_894,2.3198662,5a5c9aab50be5118b1dfe949e9f0d3bca75f74944e7993bd77dc5b377e5d1f25,546
95_139_022-lib_894,17315,smp_1589,plate1,"[('DMSO_TF', 0.0, 'uM')]",NCI-H596,full,lib_894,0.0,5a5c9aab50be5118b1dfe949e9f0d3bca75f74944e7993bd77dc5b377e5d1f25,546
95_117_155-lib_896,17316,smp_1589,plate1,"[('DMSO_TF', 0.0, 'uM')]",NCI-H596,full,lib_896,0.0,5a5c9aab50be5118b1dfe949e9f0d3bca75f74944e7993bd77dc5b377e5d1f25,546
96_183_105-lib_896,17317,smp_1590,plate1,"[('DMSO_TF', 0.0, 'uM')]",NCI-H596,full,lib_896,1.419438,5a5c9aab50be5118b1dfe949e9f0d3bca75f74944e7993bd77dc5b377e5d1f25,546
96_091_064-lib_899,17318,smp_1590,plate1,"[('DMSO_TF', 0.0, 'uM')]",NCI-H596,minimal,lib_899,0.0,5a5c9aab50be5118b1dfe949e9f0d3bca75f74944e7993bd77dc5b377e5d1f25,546
95_001_130-lib_901,17319,smp_1589,plate1,"[('DMSO_TF', 0.0, 'uM')]",NCI-H596,full,lib_901,1.6231784,5a5c9aab50be5118b1dfe949e9f0d3bca75f74944e7993bd77dc5b377e5d1f25,546
95_096_066-lib_902,17320,smp_1589,plate1,"[('DMSO_TF', 0.0, 'uM')]",NCI-H596,full,lib_902,0.0,5a5c9aab50be5118b1dfe949e9f0d3bca75f74944e7993bd77dc5b377e5d1f25,546
95_095_004-lib_903,17321,smp_1589,plate1,"[('DMSO_TF', 0.0, 'uM')]",NCI-H596,minimal,lib_903,1.9454818,5a5c9aab50be5118b1dfe949e9f0d3bca75f74944e7993bd77dc5b377e5d1f25,546
95_166_170-lib_903,17322,smp_1589,plate1,"[('DMSO_TF', 0.0, 'uM')]",NCI-H596,full,lib_903,0.0,5a5c9aab50be5118b1dfe949e9f0d3bca75f74944e7993bd77dc5b377e5d1f25,546
96_173_180-lib_905,17323,smp_1590,plate1,"[('DMSO_TF', 0.0, 'uM')]",NCI-H596,full,lib_905,1.5660875,5a5c9aab50be5118b1dfe949e9f0d3bca75f74944e7993bd77dc5b377e5d1f25,546
96_148_055-lib_906,17324,smp_1590,plate1,"[('DMSO_TF', 0.0, 'uM')]",NCI-H596,minimal,lib_906,0.0,5a5c9aab50be5118b1dfe949e9f0d3bca75f74944e7993bd77dc5b377e5d1f25,546
95_039_164-lib_1008,18006,smp_1685,plate2,"[('DMSO_TF', 0.0, 'uM')]",NCI-H596,full,lib_1008,0.0,5a5c9aab50be5118b1dfe949e9f0d3bca75f74944e7993bd77dc5b377e5d1f25,546
96_061_046-lib_2321,18007,smp_1686,plate2,"[('DMSO_TF', 0.0, 'uM')]",NCI-H596,full,lib_2321,0.0,5a5c9aab50be5118b1dfe949e9f0d3bca75f74944e7993bd77dc5b377e5d1f25,546
95_182_134-lib_2322,18008,smp_1685,plate2,"[('DMSO_TF', 0.0, 'uM')]",NCI-H596,minimal,lib_2322,0.0,5a5c9aab50be5118b1dfe949e9f0d3bca75f74944e7993bd77dc5b377e5d1f25,546
95_044_122-lib_2331,18009,smp_1685,plate2,"[('DMSO_TF', 0.0, 'uM')]",NCI-H596,minimal,lib_2331,0.0,5a5c9aab50be5118b1dfe949e9f0d3bca75f74944e7993bd77dc5b377e5d1f25,546
95_085_085-lib_2338,18010,smp_1685,plate2,"[('DMSO_TF', 0.0, 'uM')]",NCI-H596,minimal,lib_2338,0.0,5a5c9aab50be5118b1dfe949e9f0d3bca75f74944e7993bd77dc5b377e5d1f25,546
96_192_018-lib_2339,18011,smp_1686,plate2,"[('DMSO_TF', 0.0, 'uM')]",NCI-H596,full,lib_2339,0.0,5a5c9aab50be5118b1dfe949e9f0d3bca75f74944e7993bd77dc5b377e5d1f25,546
96_074_169-lib_2340,18012,smp_1686,plate2,"[('DMSO_TF', 0.0, 'uM')]",NCI-H596,full,lib_2340,1.7552146,5a5c9aab50be5118b1dfe949e9f0d3bca75f74944e7993bd77dc5b377e5d1f25,546
95_186_171-lib_915,18013,smp_1685,plate2,"[('DMSO_TF', 0.0, 'uM')]",NCI-H596,minimal,lib_915,0.0,5a5c9aab50be5118b1dfe949e9f0d3bca75f74944e7993bd77dc5b377e5d1f25,546
95_131_047-lib_917,18014,smp_1685,plate2,"[('DMSO_TF', 0.0, 'uM')]",NCI-H596,full,lib_917,1.6062456,5a5c9aab50be5118b1dfe949e9f0d3bca75f74944e7993bd77dc5b377e5d1f25,546
96_094_109-lib_919,18015,smp_1686,plate2,"[('DMSO_TF', 0.0, 'uM')]",NCI-H596,full,lib_919,1.8172061,5a5c9aab50be5118b1dfe949e9f0d3bca75f74944e7993bd77dc5b377e5d1f25,546
96_076_080-lib_920,18016,smp_1686,plate2,"[('DMSO_TF', 0.0, 'uM')]",NCI-H596,minimal,lib_920,0.0,5a5c9aab50be5118b1dfe949e9f0d3bca75f74944e7993bd77dc5b377e5d1f25,546
95_082_179-lib_922,18017,smp_1685,plate2,"[('DMSO_TF', 0.0, 'uM')]",NCI-H596,full,lib_922,0.0,5a5c9aab50be5118b1dfe949e9f0d3bca75f74944e7993bd77dc5b377e5d1f25,546
95_093_125-lib_922,18018,smp_1685,plate2,"[('DMSO_TF', 0.0, 'uM')]",NCI-H596,full,lib_922,1.6532375,5a5c9aab50be5118b1dfe949e9f0d3bca75f74944e7993bd77dc5b377e5d1f25,546
96_075_022-lib_930,18019,smp_1686,plate2,"[('DMSO_TF', 0.0, 'uM')]",NCI-H596,minimal,lib_930,0.0,5a5c9aab50be5118b1dfe949e9f0d3bca75f74944e7993bd77dc5b377e5d1f25,546
96_093_091-lib_934,18020,smp_1686,plate2,"[('DMSO_TF', 0.0, 'uM')]",NCI-H596,full,lib_934,0.0,5a5c9aab50be5118b1dfe949e9f0d3bca75f74944e7993bd77dc5b377e5d1f25,546
96_192_141-lib_935,18021,smp_1686,plate2,"[('DMSO_TF', 0.0, 'uM')]",NCI-H596,full,lib_935,0.0,5a5c9aab50be5118b1dfe949e9f0d3bca75f74944e7993bd77dc5b377e5d1f25,546
95_152_132-lib_936,18022,smp_1685,plate2,"[('DMSO_TF', 0.0, 'uM')]",NCI-H596,full,lib_936,1.8011965,5a5c9aab50be5118b1dfe949e9f0d3bca75f74944e7993bd77dc5b377e5d1f25,546
95_127_137-lib_943,18023,smp_1685,plate2,"[('DMSO_TF', 0.0, 'uM')]",NCI-H596,full,lib_943,1.7783448,5a5c9aab50be5118b1dfe949e9f0d3bca75f74944e7993bd77dc5b377e5d1f25,546
95_025_150-lib_947,18024,smp_1685,plate2,"[('DMSO_TF', 0.0, 'uM')]",NCI-H596,full,lib_947,0.0,5a5c9aab50be5118b1dfe949e9f0d3bca75f74944e7993bd77dc5b377e5d1f25,546
96_182_180-lib_951,18025,smp_1686,plate2,"[('DMSO_TF', 0.0, 'uM')]",NCI-H596,minimal,lib_951,0.0,5a5c9aab50be5118b1dfe949e9f0d3bca75f74944e7993bd77dc5b377e5d1f25,546
96_062_175-lib_953,18026,smp_1686,plate2,"[('DMSO_TF', 0.0, 'uM')]",NCI-H596,full,lib_953,2.219456,5a5c9aab50be5118b1dfe949e9f0d3bca75f74944e7993bd77dc5b377e5d1f25,546
95_027_191-lib_960,18027,smp_1685,plate2,"[('DMSO_TF', 0.0, 'uM')]",NCI-H596,full,lib_960,2.4350743,5a5c9aab50be5118b1dfe949e9f0d3bca75f74944e7993bd77dc5b377e5d1f25,546
95_136_056-lib_961,18028,smp_1685,plate2,"[('DMSO_TF', 0.0, 'uM')]",NCI-H596,full,lib_961,2.4382484,5a5c9aab50be5118b1dfe949e9f0d3bca75f74944e7993bd77dc5b377e5d1f25,546
96_148_152-lib_961,18029,smp_1686,plate2,"[('DMSO_TF', 0.0, 'uM')]",NCI-H596,full,lib_961,1.5827801,5a5c9aab50be5118b1dfe949e9f0d3bca75f74944e7993bd77dc5b377e5d1f25,546
95_117_154-lib_969,18030,smp_1685,plate2,"[('DMSO_TF', 0.0, 'uM')]",NCI-H596,full,lib_969,0.0,5a5c9aab50be5118b1dfe949e9f0d3bca75f74944e7993bd77dc5b377e5d1f25,546
96_054_166-lib_980,18031,smp_1686,plate2,"[('DMSO_TF', 0.0, 'uM')]",NCI-H596,full,lib_980,0.0,5a5c9aab50be5118b1dfe949e9f0d3bca75f74944e7993bd77dc5b377e5d1f25,546
96_133_037-lib_982,18032,smp_1686,plate2,"[('DMSO_TF', 0.0, 'uM')]",NCI-H596,minimal,lib_982,0.0,5a5c9aab50be5118b1dfe949e9f0d3bca75f74944e7993bd77dc5b377e5d1f25,546
95_024_017-lib_983,18033,smp_1685,plate2,"[('DMSO_TF', 0.0, 'uM')]",NCI-H596,minimal,lib_983,0.0,5a5c9aab50be5118b1dfe949e9f0d3bca75f74944e7993bd77dc5b377e5d1f25,546
96_122_039-lib_983,18034,smp_1686,plate2,"[('DMSO_TF', 0.0, 'uM')]",NCI-H596,minimal,lib_983,0.0,5a5c9aab50be5118b1dfe949e9f0d3bca75f74944e7993bd77dc5b377e5d1f25,546
95_055_131-lib_984,18035,smp_1685,plate2,"[('DMSO_TF', 0.0, 'uM')]",NCI-H596,minimal,lib_984,2.3710601,5a5c9aab50be5118b1dfe949e9f0d3bca75f74944e7993bd77dc5b377e5d1f25,546
96_012_078-lib_985,18036,smp_1686,plate2,"[('DMSO_TF', 0.0, 'uM')]",NCI-H596,minimal,lib_985,0.0,5a5c9aab50be5118b1dfe949e9f0d3bca75f74944e7993bd77dc5b377e5d1f25,546
95_029_040-lib_989,18037,smp_1685,plate2,"[('DMSO_TF', 0.0, 'uM')]",NCI-H596,full,lib_989,1.8921782,5a5c9aab50be5118b1dfe949e9f0d3bca75f74944e7993bd77dc5b377e5d1f25,546
69_021_131-lib_1875,19920,smp_2619,plate12,"[('Trametinib', 5.0, 'uM')]",NCI-H596,full,lib_1875,0.0,5a5c9aab50be5118b1dfe949e9f0d3bca75f74944e7993bd77dc5b377e5d1f25,546
69_095_024-lib_1875,19921,smp_2619,plate12,"[('Trametinib', 5.0, 'uM')]",NCI-H596,minimal,lib_1875,0.0,5a5c9aab50be5118b1dfe949e9f0d3bca75f74944e7993bd77dc5b377e5d1f25,546
69_046_004-lib_1876,19922,smp_2619,plate12,"[('Trametinib', 5.0, 'uM')]",NCI-H596,full,lib_1876,0.0,5a5c9aab50be5118b1dfe949e9f0d3bca75f74944e7993bd77dc5b377e5d1f25,546
69_162_120-lib_1876,19923,smp_2619,plate12,"[('Trametinib', 5.0, 'uM')]",NCI-H596,full,lib_1876,0.0,5a5c9aab50be5118b1dfe949e9f0d3bca75f74944e7993bd77dc5b377e5d1f25,546
69_093_096-lib_1879,19924,smp_2619,plate12,"[('Trametinib', 5.0, 'uM')]",NCI-H596,full,lib_1879,0.0,5a5c9aab50be5118b1dfe949e9f0d3bca75f74944e7993bd77dc5b377e5d1f25,546
69_179_046-lib_1884,19925,smp_2619,plate12,"[('Trametinib', 5.0, 'uM')]",NCI-H596,minimal,lib_1884,0.0,5a5c9aab50be5118b1dfe949e9f0d3bca75f74944e7993bd77dc5b377e5d1f25,546
69_120_073-lib_1885,19926,smp_2619,plate12,"[('Trametinib', 5.0, 'uM')]",NCI-H596,full,lib_1885,0.0,5a5c9aab50be5118b1dfe949e9f0d3bca75f74944e7993bd77dc5b377e5d1f25,546
69_020_040-lib_1887,19927,smp_2619,plate12,"[('Trametinib', 5.0, 'uM')]",NCI-H596,full,lib_1887,0.0,5a5c9aab50be5118b1dfe949e9f0d3bca75f74944e7993bd77dc5b377e5d1f25,546
69_116_082-lib_1887,19928,smp_2619,plate12,"[('Trametinib', 5.0, 'uM')]",NCI-H596,full,lib_1887,0.0,5a5c9aab50be5118b1dfe949e9f0d3bca75f74944e7993bd77dc5b377e5d1f25,546
69_039_173-lib_1897,19929,smp_2619,plate12,"[('Trametinib', 5.0, 'uM')]",NCI-H596,full,lib_1897,0.0,5a5c9aab50be5118b1dfe949e9f0d3bca75f74944e7993bd77dc5b377e5d1f25,546
69_126_026-lib_1897,19930,smp_2619,plate12,"[('Trametinib', 5.0, 'uM')]",NCI-H596,minimal,lib_1897,0.0,5a5c9aab50be5118b1dfe949e9f0d3bca75f74944e7993bd77dc5b377e5d1f25,546
69_085_030-lib_1898,19931,smp_2619,plate12,"[('Trametinib', 5.0, 'uM')]",NCI-H596,full,lib_1898,0.0,5a5c9aab50be5118b1dfe949e9f0d3bca75f74944e7993bd77dc5b377e5d1f25,546
69_180_187-lib_1905,19932,smp_2619,plate12,"[('Trametinib', 5.0, 'uM')]",NCI-H596,full,lib_1905,0.0,5a5c9aab50be5118b1dfe949e9f0d3bca75f74944e7993bd77dc5b377e5d1f25,546
69_110_100-lib_1915,19933,smp_2619,plate12,"[('Trametinib', 5.0, 'uM')]",NCI-H596,minimal,lib_1915,0.0,5a5c9aab50be5118b1dfe949e9f0d3bca75f74944e7993bd77dc5b377e5d1f25,546
69_062_177-lib_1916,19934,smp_2619,plate12,"[('Trametinib', 5.0, 'uM')]",NCI-H596,full,lib_1916,0.0,5a5c9aab50be5118b1dfe949e9f0d3bca75f74944e7993bd77dc5b377e5d1f25,546
69_177_022-lib_1917,19935,smp_2619,plate12,"[('Trametinib', 5.0, 'uM')]",NCI-H596,full,lib_1917,0.0,5a5c9aab50be5118b1dfe949e9f0d3bca75f74944e7993bd77dc5b377e5d1f25,546
69_084_191-lib_1920,19936,smp_2619,plate12,"[('Trametinib', 5.0, 'uM')]",NCI-H596,full,lib_1920,0.0,5a5c9aab50be5118b1dfe949e9f0d3bca75f74944e7993bd77dc5b377e5d1f25,546
69_089_064-lib_1924,19937,smp_2619,plate12,"[('Trametinib', 5.0, 'uM')]",NCI-H596,full,lib_1924,0.0,5a5c9aab50be5118b1dfe949e9f0d3bca75f74944e7993bd77dc5b377e5d1f25,546
69_192_109-lib_1936,19938,smp_2619,plate12,"[('Trametinib', 5.0, 'uM')]",NCI-H596,full,lib_1936,0.0,5a5c9aab50be5118b1dfe949e9f0d3bca75f74944e7993bd77dc5b377e5d1f25,546
69_056_010-lib_1943,19939,smp_2619,plate12,"[('Trametinib', 5.0, 'uM')]",NCI-H596,minimal,lib_1943,0.0,5a5c9aab50be5118b1dfe949e9f0d3bca75f74944e7993bd77dc5b377e5d1f25,546
69_087_176-lib_1944,19940,smp_2619,plate12,"[('Trametinib', 5.0, 'uM')]",NCI-H596,full,lib_1944,0.0,5a5c9aab50be5118b1dfe949e9f0d3bca75f74944e7993bd77dc5b377e5d1f25,546
69_032_075-lib_1952,19941,smp_2619,plate12,"[('Trametinib', 5.0, 'uM')]",NCI-H596,full,lib_1952,0.0,5a5c9aab50be5118b1dfe949e9f0d3bca75f74944e7993bd77dc5b377e5d1f25,546
69_091_156-lib_1964,19942,smp_2619,plate12,"[('Trametinib', 5.0, 'uM')]",NCI-H596,full,lib_1964,0.0,5a5c9aab50be5118b1dfe949e9f0d3bca75f74944e7993bd77dc5b377e5d1f25,546
69_125_180-lib_2438,19943,smp_2619,plate12,"[('Trametinib', 5.0, 'uM')]",NCI-H596,full,lib_2438,0.0,5a5c9aab50be5118b1dfe949e9f0d3bca75f74944e7993bd77dc5b377e5d1f25,546
69_085_095-lib_2440,19944,smp_2619,plate12,"[('Trametinib', 5.0, 'uM')]",NCI-H596,full,lib_2440,0.0,5a5c9aab50be5118b1dfe949e9f0d3bca75f74944e7993bd77dc5b377e5d1f25,546
69_121_087-lib_2449,19945,smp_2619,plate12,"[('Trametinib', 5.0, 'uM')]",NCI-H596,full,lib_2449,0.0,5a5c9aab50be5118b1dfe949e9f0d3bca75f74944e7993bd77dc5b377e5d1f25,546
69_046_170-lib_2455,19946,smp_2619,plate12,"[('Trametinib', 5.0, 'uM')]",NCI-H596,full,lib_2455,0.0,5a5c9aab50be5118b1dfe949e9f0d3bca75f74944e7993bd77dc5b377e5d1f25,546
69_069_015-lib_2455,19947,smp_2619,plate12,"[('Trametinib', 5.0, 'uM')]",NCI-H596,minimal,lib_2455,0.0,5a5c9aab50be5118b1dfe949e9f0d3bca75f74944e7993bd77dc5b377e5d1f25,546
69_123_133-lib_2458,19948,smp_2619,plate12,"[('Trametinib', 5.0, 'uM')]",NCI-H596,full,lib_2458,0.0,5a5c9aab50be5118b1dfe949e9f0d3bca75f74944e7993bd77dc5b377e5d1f25,546
69_018_023-lib_2464,19949,smp_2619,plate12,"[('Trametinib', 5.0, 'uM')]",NCI-H596,full,lib_2464,0.0,5a5c9aab50be5118b1dfe949e9f0d3bca75f74944e7993bd77dc5b377e5d1f25,546
69_182_163-lib_2470,19950,smp_2619,plate12,"[('Trametinib', 5.0, 'uM')]",NCI-H596,full,lib_2470,0.0,5a5c9aab50be5118b1dfe949e9f0d3bca75f74944e7993bd77dc5b377e5d1f25,546
69_080_097-lib_2473,19951,smp_2619,plate12,"[('Trametinib', 5.0, 'uM')]",NCI-H596,full,lib_2473,0.0,5a5c9aab50be5118b1dfe949e9f0d3bca75f74944e7993bd77dc5b377e5d1f25,546
69_121_011-lib_2475,19952,smp_2619,plate12,"[('Trametinib', 5.0, 'uM')]",NCI-H596,full,lib_2475,0.0,5a5c9aab50be5118b1dfe949e9f0d3bca75f74944e7993bd77dc5b377e5d1f25,546
69_021_040-lib_2477,19953,smp_2619,plate12,"[('Trametinib', 5.0, 'uM')]",NCI-H596,full,lib_2477,0.0,5a5c9aab50be5118b1dfe949e9f0d3bca75f74944e7993bd77dc5b377e5d1f25,546
69_005_071-lib_2478,19954,smp_2619,plate12,"[('Trametinib', 5.0, 'uM')]",NCI-H596,minimal,lib_2478,0.0,5a5c9aab50be5118b1dfe949e9f0d3bca75f74944e7993bd77dc5b377e5d1f25,546
69_070_022-lib_2478,19955,smp_2619,plate12,"[('Trametinib', 5.0, 'uM')]",NCI-H596,full,lib_2478,0.0,5a5c9aab50be5118b1dfe949e9f0d3bca75f74944e7993bd77dc5b377e5d1f25,546
69_105_163-lib_2479,19956,smp_2619,plate12,"[('Trametinib', 5.0, 'uM')]",NCI-H596,full,lib_2479,0.0,5a5c9aab50be5118b1dfe949e9f0d3bca75f74944e7993bd77dc5b377e5d1f25,546
69_170_085-lib_2480,19957,smp_2619,plate12,"[('Trametinib', 5.0, 'uM')]",NCI-H596,full,lib_2480,0.0,5a5c9aab50be5118b1dfe949e9f0d3bca75f74944e7993bd77dc5b377e5d1f25,546
69_076_129-lib_2483,19958,smp_2619,plate12,"[('Trametinib', 5.0, 'uM')]",NCI-H596,full,lib_2483,0.0,5a5c9aab50be5118b1dfe949e9f0d3bca75f74944e7993bd77dc5b377e5d1f25,546
69_057_089-lib_2491,19959,smp_2619,plate12,"[('Trametinib', 5.0, 'uM')]",NCI-H596,full,lib_2491,0.0,5a5c9aab50be5118b1dfe949e9f0d3bca75f74944e7993bd77dc5b377e5d1f25,546
24_033_189-lib_1986,22356,smp_2670,plate13,"[('DMSO_TF', 0.0, 'uM')]",NCI-H596,full,lib_1986,0.0,5a5c9aab50be5118b1dfe949e9f0d3bca75f74944e7993bd77dc5b377e5d1f25,546
24_180_167-lib_1989,22357,smp_2670,plate13,"[('DMSO_TF', 0.0, 'uM')]",NCI-H596,full,lib_1989,0.0,5a5c9aab50be5118b1dfe949e9f0d3bca75f74944e7993bd77dc5b377e5d1f25,546
23_170_098-lib_1993,22358,smp_2669,plate13,"[('DMSO_TF', 0.0, 'uM')]",NCI-H596,minimal,lib_1993,0.0,5a5c9aab50be5118b1dfe949e9f0d3bca75f74944e7993bd77dc5b377e5d1f25,546
23_070_150-lib_1994,22359,smp_2669,plate13,"[('DMSO_TF', 0.0, 'uM')]",NCI-H596,full,lib_1994,0.0,5a5c9aab50be5118b1dfe949e9f0d3bca75f74944e7993bd77dc5b377e5d1f25,546
23_160_154-lib_2001,22360,smp_2669,plate13,"[('DMSO_TF', 0.0, 'uM')]",NCI-H596,full,lib_2001,1.4135252,5a5c9aab50be5118b1dfe949e9f0d3bca75f74944e7993bd77dc5b377e5d1f25,546
23_018_091-lib_2009,22361,smp_2669,plate13,"[('DMSO_TF', 0.0, 'uM')]",NCI-H596,full,lib_2009,0.0,5a5c9aab50be5118b1dfe949e9f0d3bca75f74944e7993bd77dc5b377e5d1f25,546
23_052_135-lib_2010,22362,smp_2669,plate13,"[('DMSO_TF', 0.0, 'uM')]",NCI-H596,minimal,lib_2010,1.9066731,5a5c9aab50be5118b1dfe949e9f0d3bca75f74944e7993bd77dc5b377e5d1f25,546
24_049_001-lib_2016,22363,smp_2670,plate13,"[('DMSO_TF', 0.0, 'uM')]",NCI-H596,minimal,lib_2016,0.0,5a5c9aab50be5118b1dfe949e9f0d3bca75f74944e7993bd77dc5b377e5d1f25,546
23_066_124-lib_2025,22364,smp_2669,plate13,"[('DMSO_TF', 0.0, 'uM')]",NCI-H596,full,lib_2025,0.0,5a5c9aab50be5118b1dfe949e9f0d3bca75f74944e7993bd77dc5b377e5d1f25,546
24_084_010-lib_2032,22365,smp_2670,plate13,"[('DMSO_TF', 0.0, 'uM')]",NCI-H596,minimal,lib_2032,0.0,5a5c9aab50be5118b1dfe949e9f0d3bca75f74944e7993bd77dc5b377e5d1f25,546
23_062_018-lib_2034,22366,smp_2669,plate13,"[('DMSO_TF', 0.0, 'uM')]",NCI-H596,full,lib_2034,1.823711,5a5c9aab50be5118b1dfe949e9f0d3bca75f74944e7993bd77dc5b377e5d1f25,546
23_034_137-lib_2040,22367,smp_2669,plate13,"[('DMSO_TF', 0.0, 'uM')]",NCI-H596,full,lib_2040,1.5212224,5a5c9aab50be5118b1dfe949e9f0d3bca75f74944e7993bd77dc5b377e5d1f25,546
24_056_144-lib_2040,22368,smp_2670,plate13,"[('DMSO_TF', 0.0, 'uM')]",NCI-H596,full,lib_2040,0.0,5a5c9aab50be5118b1dfe949e9f0d3bca75f74944e7993bd77dc5b377e5d1f25,546
23_151_001-lib_2046,22369,smp_2669,plate13,"[('DMSO_TF', 0.0, 'uM')]",NCI-H596,full,lib_2046,0.0,5a5c9aab50be5118b1dfe949e9f0d3bca75f74944e7993bd77dc5b377e5d1f25,546
23_178_179-lib_2053,22370,smp_2669,plate13,"[('DMSO_TF', 0.0, 'uM')]",NCI-H596,full,lib_2053,0.0,5a5c9aab50be5118b1dfe949e9f0d3bca75f74944e7993bd77dc5b377e5d1f25,546
24_001_029-lib_2058,22371,smp_2670,plate13,"[('DMSO_TF', 0.0, 'uM')]",NCI-H596,minimal,lib_2058,0.0,5a5c9aab50be5118b1dfe949e9f0d3bca75f74944e7993bd77dc5b377e5d1f25,546
23_133_017-lib_2540,22372,smp_2669,plate13,"[('DMSO_TF', 0.0, 'uM')]",NCI-H596,minimal,lib_2540,0.0,5a5c9aab50be5118b1dfe949e9f0d3bca75f74944e7993bd77dc5b377e5d1f25,546
24_066_101-lib_2540,22373,smp_2670,plate13,"[('DMSO_TF', 0.0, 'uM')]",NCI-H596,minimal,lib_2540,0.0,5a5c9aab50be5118b1dfe949e9f0d3bca75f74944e7993bd77dc5b377e5d1f25,546
24_153_079-lib_2545,22374,smp_2670,plate13,"[('DMSO_TF', 0.0, 'uM')]",NCI-H596,full,lib_2545,0.0,5a5c9aab50be5118b1dfe949e9f0d3bca75f74944e7993bd77dc5b377e5d1f25,546
24_005_136-lib_2548,22375,smp_2670,plate13,"[('DMSO_TF', 0.0, 'uM')]",NCI-H596,full,lib_2548,0.0,5a5c9aab50be5118b1dfe949e9f0d3bca75f74944e7993bd77dc5b377e5d1f25,546
24_166_114-lib_2558,22376,smp_2670,plate13,"[('DMSO_TF', 0.0, 'uM')]",NCI-H596,full,lib_2558,0.0,5a5c9aab50be5118b1dfe949e9f0d3bca75f74944e7993bd77dc5b377e5d1f25,546
23_085_186-lib_2559,22377,smp_2669,plate13,"[('DMSO_TF', 0.0, 'uM')]",NCI-H596,full,lib_2559,0.0,5a5c9aab50be5118b1dfe949e9f0d3bca75f74944e7993bd77dc5b377e5d1f25,546
23_039_188-lib_2572,22378,smp_2669,plate13,"[('DMSO_TF', 0.0, 'uM')]",NCI-H596,full,lib_2572,0.0,5a5c9aab50be5118b1dfe949e9f0d3bca75f74944e7993bd77dc5b377e5d1f25,546
24_099_119-lib_2575,22379,smp_2670,plate13,"[('DMSO_TF', 0.0, 'uM')]",NCI-H596,minimal,lib_2575,0.0,5a5c9aab50be5118b1dfe949e9f0d3bca75f74944e7993bd77dc5b377e5d1f25,546
23_104_124-lib_2578,22380,smp_2669,plate13,"[('DMSO_TF', 0.0, 'uM')]",NCI-H596,full,lib_2578,1.2185768,5a5c9aab50be5118b1dfe949e9f0d3bca75f74944e7993bd77dc5b377e5d1f25,546
23_126_161-lib_2590,22381,smp_2669,plate13,"[('DMSO_TF', 0.0, 'uM')]",NCI-H596,minimal,lib_2590,0.0,5a5c9aab50be5118b1dfe949e9f0d3bca75f74944e7993bd77dc5b377e5d1f25,546
24_119_017-lib_2593,22382,smp_2670,plate13,"[('DMSO_TF', 0.0, 'uM')]",NCI-H596,full,lib_2593,0.0,5a5c9aab50be5118b1dfe949e9f0d3bca75f74944e7993bd77dc5b377e5d1f25,546
24_069_038-lib_2597,22383,smp_2670,plate13,"[('DMSO_TF', 0.0, 'uM')]",NCI-H596,minimal,lib_2597,0.0,5a5c9aab50be5118b1dfe949e9f0d3bca75f74944e7993bd77dc5b377e5d1f25,546
95_056_132-lib_1201,23625,smp_1973,plate5,"[('DMSO_TF', 0.0, 'uM')]",NCI-H596,full,lib_1201,0.0,5a5c9aab50be5118b1dfe949e9f0d3bca75f74944e7993bd77dc5b377e5d1f25,546
96_161_165-lib_1201,23626,smp_1974,plate5,"[('DMSO_TF', 0.0, 'uM')]",NCI-H596,minimal,lib_1201,0.0,5a5c9aab50be5118b1dfe949e9f0d3bca75f74944e7993bd77dc5b377e5d1f25,546
96_172_069-lib_1202,23627,smp_1974,plate5,"[('DMSO_TF', 0.0, 'uM')]",NCI-H596,full,lib_1202,2.4162781,5a5c9aab50be5118b1dfe949e9f0d3bca75f74944e7993bd77dc5b377e5d1f25,546
95_128_116-lib_1204,23628,smp_1973,plate5,"[('DMSO_TF', 0.0, 'uM')]",NCI-H596,minimal,lib_1204,0.0,5a5c9aab50be5118b1dfe949e9f0d3bca75f74944e7993bd77dc5b377e5d1f25,546
95_035_011-lib_1221,23629,smp_1973,plate5,"[('DMSO_TF', 0.0, 'uM')]",NCI-H596,full,lib_1221,1.7562047,5a5c9aab50be5118b1dfe949e9f0d3bca75f74944e7993bd77dc5b377e5d1f25,546
95_165_040-lib_1223,23630,smp_1973,plate5,"[('DMSO_TF', 0.0, 'uM')]",NCI-H596,full,lib_1223,0.0,5a5c9aab50be5118b1dfe949e9f0d3bca75f74944e7993bd77dc5b377e5d1f25,546
96_112_173-lib_1228,23631,smp_1974,plate5,"[('DMSO_TF', 0.0, 'uM')]",NCI-H596,minimal,lib_1228,0.0,5a5c9aab50be5118b1dfe949e9f0d3bca75f74944e7993bd77dc5b377e5d1f25,546
95_008_093-lib_1238,23632,smp_1973,plate5,"[('DMSO_TF', 0.0, 'uM')]",NCI-H596,full,lib_1238,0.0,5a5c9aab50be5118b1dfe949e9f0d3bca75f74944e7993bd77dc5b377e5d1f25,546
96_166_028-lib_1241,23633,smp_1974,plate5,"[('DMSO_TF', 0.0, 'uM')]",NCI-H596,minimal,lib_1241,2.1242335,5a5c9aab50be5118b1dfe949e9f0d3bca75f74944e7993bd77dc5b377e5d1f25,546
96_127_096-lib_1246,23634,smp_1974,plate5,"[('DMSO_TF', 0.0, 'uM')]",NCI-H596,full,lib_1246,2.252411,5a5c9aab50be5118b1dfe949e9f0d3bca75f74944e7993bd77dc5b377e5d1f25,546
96_056_017-lib_1249,23635,smp_1974,plate5,"[('DMSO_TF', 0.0, 'uM')]",NCI-H596,full,lib_1249,0.0,5a5c9aab50be5118b1dfe949e9f0d3bca75f74944e7993bd77dc5b377e5d1f25,546
95_023_099-lib_1261,23636,smp_1973,plate5,"[('DMSO_TF', 0.0, 'uM')]",NCI-H596,full,lib_1261,3.519079,5a5c9aab50be5118b1dfe949e9f0d3bca75f74944e7993bd77dc5b377e5d1f25,546
95_001_148-lib_1262,23637,smp_1973,plate5,"[('DMSO_TF', 0.0, 'uM')]",NCI-H596,full,lib_1262,1.8814908,5a5c9aab50be5118b1dfe949e9f0d3bca75f74944e7993bd77dc5b377e5d1f25,546
95_129_042-lib_1265,23638,smp_1973,plate5,"[('DMSO_TF', 0.0, 'uM')]",NCI-H596,minimal,lib_1265,0.0,5a5c9aab50be5118b1dfe949e9f0d3bca75f74944e7993bd77dc5b377e5d1f25,546
96_024_148-lib_1268,23639,smp_1974,plate5,"[('DMSO_TF', 0.0, 'uM')]",NCI-H596,full,lib_1268,1.7453895,5a5c9aab50be5118b1dfe949e9f0d3bca75f74944e7993bd77dc5b377e5d1f25,546
96_025_025-lib_1274,23640,smp_1974,plate5,"[('DMSO_TF', 0.0, 'uM')]",NCI-H596,minimal,lib_1274,0.0,5a5c9aab50be5118b1dfe949e9f0d3bca75f74944e7993bd77dc5b377e5d1f25,546
95_112_088-lib_1276,23641,smp_1973,plate5,"[('DMSO_TF', 0.0, 'uM')]",NCI-H596,full,lib_1276,0.0,5a5c9aab50be5118b1dfe949e9f0d3bca75f74944e7993bd77dc5b377e5d1f25,546
95_044_160-lib_1279,23642,smp_1973,plate5,"[('DMSO_TF', 0.0, 'uM')]",NCI-H596,full,lib_1279,0.0,5a5c9aab50be5118b1dfe949e9f0d3bca75f74944e7993bd77dc5b377e5d1f25,546
95_024_127-lib_1281,23643,smp_1973,plate5,"[('DMSO_TF', 0.0, 'uM')]",NCI-H596,full,lib_1281,0.0,5a5c9aab50be5118b1dfe949e9f0d3bca75f74944e7993bd77dc5b377e5d1f25,546
96_156_134-lib_1281,23644,smp_1974,plate5,"[('DMSO_TF', 0.0, 'uM')]",NCI-H596,full,lib_1281,0.0,5a5c9aab50be5118b1dfe949e9f0d3bca75f74944e7993bd77dc5b377e5d1f25,546
95_149_145-lib_1282,23645,smp_1973,plate5,"[('DMSO_TF', 0.0, 'uM')]",NCI-H596,full,lib_1282,0.0,5a5c9aab50be5118b1dfe949e9f0d3bca75f74944e7993bd77dc5b377e5d1f25,546
95_046_132-lib_2160,23646,smp_1973,plate5,"[('DMSO_TF', 0.0, 'uM')]",NCI-H596,minimal,lib_2160,1.9584427,5a5c9aab50be5118b1dfe949e9f0d3bca75f74944e7993bd77dc5b377e5d1f25,546
95_183_163-lib_2162,23647,smp_1973,plate5,"[('DMSO_TF', 0.0, 'uM')]",NCI-H596,full,lib_2162,1.8874092,5a5c9aab50be5118b1dfe949e9f0d3bca75f74944e7993bd77dc5b377e5d1f25,546
96_126_020-lib_2164,23648,smp_1974,plate5,"[('DMSO_TF', 0.0, 'uM')]",NCI-H596,minimal,lib_2164,0.0,5a5c9aab50be5118b1dfe949e9f0d3bca75f74944e7993bd77dc5b377e5d1f25,546
96_182_177-lib_2167,23649,smp_1974,plate5,"[('DMSO_TF', 0.0, 'uM')]",NCI-H596,full,lib_2167,0.0,5a5c9aab50be5118b1dfe949e9f0d3bca75f74944e7993bd77dc5b377e5d1f25,546
95_062_109-lib_2169,23650,smp_1973,plate5,"[('DMSO_TF', 0.0, 'uM')]",NCI-H596,minimal,lib_2169,1.9493465,5a5c9aab50be5118b1dfe949e9f0d3bca75f74944e7993bd77dc5b377e5d1f25,546
95_091_139-lib_2171,23651,smp_1973,plate5,"[('DMSO_TF', 0.0, 'uM')]",NCI-H596,minimal,lib_2171,0.0,5a5c9aab50be5118b1dfe949e9f0d3bca75f74944e7993bd77dc5b377e5d1f25,546
96_043_044-lib_2177,23652,smp_1974,plate5,"[('DMSO_TF', 0.0, 'uM')]",NCI-H596,minimal,lib_2177,0.0,5a5c9aab50be5118b1dfe949e9f0d3bca75f74944e7993bd77dc5b377e5d1f25,546
95_028_144-lib_2179,23653,smp_1973,plate5,"[('DMSO_TF', 0.0, 'uM')]",NCI-H596,minimal,lib_2179,0.0,5a5c9aab50be5118b1dfe949e9f0d3bca75f74944e7993bd77dc5b377e5d1f25,546
95_039_123-lib_2179,23654,smp_1973,plate5,"[('DMSO_TF', 0.0, 'uM')]",NCI-H596,full,lib_2179,0.0,5a5c9aab50be5118b1dfe949e9f0d3bca75f74944e7993bd77dc5b377e5d1f25,546
95_162_113-lib_2181,23655,smp_1973,plate5,"[('DMSO_TF', 0.0, 'uM')]",NCI-H596,full,lib_2181,0.0,5a5c9aab50be5118b1dfe949e9f0d3bca75f74944e7993bd77dc5b377e5d1f25,546
96_180_180-lib_2183,23656,smp_1974,plate5,"[('DMSO_TF', 0.0, 'uM')]",NCI-H596,minimal,lib_2183,0.0,5a5c9aab50be5118b1dfe949e9f0d3bca75f74944e7993bd77dc5b377e5d1f25,546
96_185_046-lib_2184,23657,smp_1974,plate5,"[('DMSO_TF', 0.0, 'uM')]",NCI-H596,minimal,lib_2184,0.0,5a5c9aab50be5118b1dfe949e9f0d3bca75f74944e7993bd77dc5b377e5d1f25,546
96_176_148-lib_2188,23658,smp_1974,plate5,"[('DMSO_TF', 0.0, 'uM')]",NCI-H596,minimal,lib_2188,2.0847094,5a5c9aab50be5118b1dfe949e9f0d3bca75f74944e7993bd77dc5b377e5d1f25,546
95_080_131-lib_2190,23659,smp_1973,plate5,"[('DMSO_TF', 0.0, 'uM')]",NCI-H596,full,lib_2190,0.0,5a5c9aab50be5118b1dfe949e9f0d3bca75f74944e7993bd77dc5b377e5d1f25,546
95_163_119-lib_2190,23660,smp_1973,plate5,"[('DMSO_TF', 0.0, 'uM')]",NCI-H596,full,lib_2190,1.8324765,5a5c9aab50be5118b1dfe949e9f0d3bca75f74944e7993bd77dc5b377e5d1f25,546
96_067_051-lib_2192,23661,smp_1974,plate5,"[('DMSO_TF', 0.0, 'uM')]",NCI-H596,minimal,lib_2192,0.0,5a5c9aab50be5118b1dfe949e9f0d3bca75f74944e7993bd77dc5b377e5d1f25,546
96_119_165-lib_2192,23662,smp_1974,plate5,"[('DMSO_TF', 0.0, 'uM')]",NCI-H596,minimal,lib_2192,0.0,5a5c9aab50be5118b1dfe949e9f0d3bca75f74944e7993bd77dc5b377e5d1f25,546
95_160_021-lib_2194,23663,smp_1973,plate5,"[('DMSO_TF', 0.0, 'uM')]",NCI-H596,minimal,lib_2194,0.0,5a5c9aab50be5118b1dfe949e9f0d3bca75f74944e7993bd77dc5b377e5d1f25,546
95_011_006-lib_2200,23664,smp_1973,plate5,"[('DMSO_TF', 0.0, 'uM')]",NCI-H596,minimal,lib_2200,0.0,5a5c9aab50be5118b1dfe949e9f0d3bca75f74944e7993bd77dc5b377e5d1f25,546
95_118_100-lib_2203,23665,smp_1973,plate5,"[('DMSO_TF', 0.0, 'uM')]",NCI-H596,minimal,lib_2203,0.0,5a5c9aab50be5118b1dfe949e9f0d3bca75f74944e7993bd77dc5b377e5d1f25,546
95_128_119-lib_2204,23666,smp_1973,plate5,"[('DMSO_TF', 0.0, 'uM')]",NCI-H596,full,lib_2204,0.0,5a5c9aab50be5118b1dfe949e9f0d3bca75f74944e7993bd77dc5b377e5d1f25,546
96_068_002-lib_2206,23667,smp_1974,plate5,"[('DMSO_TF', 0.0, 'uM')]",NCI-H596,minimal,lib_2206,0.0,5a5c9aab50be5118b1dfe949e9f0d3bca75f74944e7993bd77dc5b377e5d1f25,546
95_180_016-lib_1681,24838,smp_2453,plate10,"[('DMSO_TF', 0.0, 'uM')]",NCI-H596,full,lib_1681,1.55642,5a5c9aab50be5118b1dfe949e9f0d3bca75f74944e7993bd77dc5b377e5d1f25,546
95_067_001-lib_1683,24839,smp_2453,plate10,"[('DMSO_TF', 0.0, 'uM')]",NCI-H596,minimal,lib_1683,0.0,5a5c9aab50be5118b1dfe949e9f0d3bca75f74944e7993bd77dc5b377e5d1f25,546
95_113_090-lib_1685,24840,smp_2453,plate10,"[('DMSO_TF', 0.0, 'uM')]",NCI-H596,full,lib_1685,0.0,5a5c9aab50be5118b1dfe949e9f0d3bca75f74944e7993bd77dc5b377e5d1f25,546
95_027_015-lib_1686,24841,smp_2453,plate10,"[('DMSO_TF', 0.0, 'uM')]",NCI-H596,minimal,lib_1686,0.0,5a5c9aab50be5118b1dfe949e9f0d3bca75f74944e7993bd77dc5b377e5d1f25,546
95_109_191-lib_1687,24842,smp_2453,plate10,"[('DMSO_TF', 0.0, 'uM')]",NCI-H596,full,lib_1687,1.7732519,5a5c9aab50be5118b1dfe949e9f0d3bca75f74944e7993bd77dc5b377e5d1f25,546
95_058_185-lib_1689,24843,smp_2453,plate10,"[('DMSO_TF', 0.0, 'uM')]",NCI-H596,minimal,lib_1689,0.0,5a5c9aab50be5118b1dfe949e9f0d3bca75f74944e7993bd77dc5b377e5d1f25,546
96_032_119-lib_1693,24844,smp_2454,plate10,"[('DMSO_TF', 0.0, 'uM')]",NCI-H596,full,lib_1693,0.0,5a5c9aab50be5118b1dfe949e9f0d3bca75f74944e7993bd77dc5b377e5d1f25,546
95_028_155-lib_1694,24845,smp_2453,plate10,"[('DMSO_TF', 0.0, 'uM')]",NCI-H596,minimal,lib_1694,0.0,5a5c9aab50be5118b1dfe949e9f0d3bca75f74944e7993bd77dc5b377e5d1f25,546
95_135_050-lib_1697,24846,smp_2453,plate10,"[('DMSO_TF', 0.0, 'uM')]",NCI-H596,full,lib_1697,0.0,5a5c9aab50be5118b1dfe949e9f0d3bca75f74944e7993bd77dc5b377e5d1f25,546
95_052_022-lib_1700,24847,smp_2453,plate10,"[('DMSO_TF', 0.0, 'uM')]",NCI-H596,full,lib_1700,2.1581953,5a5c9aab50be5118b1dfe949e9f0d3bca75f74944e7993bd77dc5b377e5d1f25,546
95_121_066-lib_1700,24848,smp_2453,plate10,"[('DMSO_TF', 0.0, 'uM')]",NCI-H596,full,lib_1700,0.0,5a5c9aab50be5118b1dfe949e9f0d3bca75f74944e7993bd77dc5b377e5d1f25,546
96_146_147-lib_1700,24849,smp_2454,plate10,"[('DMSO_TF', 0.0, 'uM')]",NCI-H596,full,lib_1700,0.0,5a5c9aab50be5118b1dfe949e9f0d3bca75f74944e7993bd77dc5b377e5d1f25,546
95_028_007-lib_1708,24850,smp_2453,plate10,"[('DMSO_TF', 0.0, 'uM')]",NCI-H596,minimal,lib_1708,1.9066731,5a5c9aab50be5118b1dfe949e9f0d3bca75f74944e7993bd77dc5b377e5d1f25,546
95_133_021-lib_1708,24851,smp_2453,plate10,"[('DMSO_TF', 0.0, 'uM')]",NCI-H596,minimal,lib_1708,0.0,5a5c9aab50be5118b1dfe949e9f0d3bca75f74944e7993bd77dc5b377e5d1f25,546
95_171_161-lib_1712,24852,smp_2453,plate10,"[('DMSO_TF', 0.0, 'uM')]",NCI-H596,full,lib_1712,0.0,5a5c9aab50be5118b1dfe949e9f0d3bca75f74944e7993bd77dc5b377e5d1f25,546
95_094_151-lib_1713,24853,smp_2453,plate10,"[('DMSO_TF', 0.0, 'uM')]",NCI-H596,full,lib_1713,1.812902,5a5c9aab50be5118b1dfe949e9f0d3bca75f74944e7993bd77dc5b377e5d1f25,546
95_141_015-lib_1713,24854,smp_2453,plate10,"[('DMSO_TF', 0.0, 'uM')]",NCI-H596,minimal,lib_1713,0.0,5a5c9aab50be5118b1dfe949e9f0d3bca75f74944e7993bd77dc5b377e5d1f25,546
96_110_162-lib_1714,24855,smp_2454,plate10,"[('DMSO_TF', 0.0, 'uM')]",NCI-H596,full,lib_1714,0.0,5a5c9aab50be5118b1dfe949e9f0d3bca75f74944e7993bd77dc5b377e5d1f25,546
96_055_089-lib_1716,24856,smp_2454,plate10,"[('DMSO_TF', 0.0, 'uM')]",NCI-H596,full,lib_1716,0.0,5a5c9aab50be5118b1dfe949e9f0d3bca75f74944e7993bd77dc5b377e5d1f25,546
96_113_154-lib_1718,24857,smp_2454,plate10,"[('DMSO_TF', 0.0, 'uM')]",NCI-H596,minimal,lib_1718,0.0,5a5c9aab50be5118b1dfe949e9f0d3bca75f74944e7993bd77dc5b377e5d1f25,546
96_093_044-lib_1725,24858,smp_2454,plate10,"[('DMSO_TF', 0.0, 'uM')]",NCI-H596,full,lib_1725,0.0,5a5c9aab50be5118b1dfe949e9f0d3bca75f74944e7993bd77dc5b377e5d1f25,546
95_190_111-lib_1733,24859,smp_2453,plate10,"[('DMSO_TF', 0.0, 'uM')]",NCI-H596,full,lib_1733,0.0,5a5c9aab50be5118b1dfe949e9f0d3bca75f74944e7993bd77dc5b377e5d1f25,546
95_162_170-lib_1739,24860,smp_2453,plate10,"[('DMSO_TF', 0.0, 'uM')]",NCI-H596,minimal,lib_1739,0.0,5a5c9aab50be5118b1dfe949e9f0d3bca75f74944e7993bd77dc5b377e5d1f25,546
95_007_034-lib_1745,24861,smp_2453,plate10,"[('DMSO_TF', 0.0, 'uM')]",NCI-H596,full,lib_1745,1.3681959,5a5c9aab50be5118b1dfe949e9f0d3bca75f74944e7993bd77dc5b377e5d1f25,546
95_162_129-lib_1748,24862,smp_2453,plate10,"[('DMSO_TF', 0.0, 'uM')]",NCI-H596,full,lib_1748,0.0,5a5c9aab50be5118b1dfe949e9f0d3bca75f74944e7993bd77dc5b377e5d1f25,546
95_105_101-lib_1754,24863,smp_2453,plate10,"[('DMSO_TF', 0.0, 'uM')]",NCI-H596,minimal,lib_1754,0.0,5a5c9aab50be5118b1dfe949e9f0d3bca75f74944e7993bd77dc5b377e5d1f25,546
95_055_037-lib_1758,24864,smp_2453,plate10,"[('DMSO_TF', 0.0, 'uM')]",NCI-H596,minimal,lib_1758,0.0,5a5c9aab50be5118b1dfe949e9f0d3bca75f74944e7993bd77dc5b377e5d1f25,546
95_002_127-lib_1769,24865,smp_2453,plate10,"[('DMSO_TF', 0.0, 'uM')]",NCI-H596,full,lib_1769,0.0,5a5c9aab50be5118b1dfe949e9f0d3bca75f74944e7993bd77dc5b377e5d1f25,546
96_151_076-lib_1775,24866,smp_2454,plate10,"[('DMSO_TF', 0.0, 'uM')]",NCI-H596,full,lib_1775,0.0,5a5c9aab50be5118b1dfe949e9f0d3bca75f74944e7993bd77dc5b377e5d1f25,546
96_128_139-lib_2210,24867,smp_2454,plate10,"[('DMSO_TF', 0.0, 'uM')]",NCI-H596,full,lib_2210,0.0,5a5c9aab50be5118b1dfe949e9f0d3bca75f74944e7993bd77dc5b377e5d1f25,546
95_175_164-lib_2212,24868,smp_2453,plate10,"[('DMSO_TF', 0.0, 'uM')]",NCI-H596,full,lib_2212,0.0,5a5c9aab50be5118b1dfe949e9f0d3bca75f74944e7993bd77dc5b377e5d1f25,546
95_170_182-lib_2213,24869,smp_2453,plate10,"[('DMSO_TF', 0.0, 'uM')]",NCI-H596,full,lib_2213,0.0,5a5c9aab50be5118b1dfe949e9f0d3bca75f74944e7993bd77dc5b377e5d1f25,546
95_141_067-lib_2215,24870,smp_2453,plate10,"[('DMSO_TF', 0.0, 'uM')]",NCI-H596,full,lib_2215,0.0,5a5c9aab50be5118b1dfe949e9f0d3bca75f74944e7993bd77dc5b377e5d1f25,546
96_134_138-lib_2217,24871,smp_2454,plate10,"[('DMSO_TF', 0.0, 'uM')]",NCI-H596,minimal,lib_2217,0.0,5a5c9aab50be5118b1dfe949e9f0d3bca75f74944e7993bd77dc5b377e5d1f25,546
95_186_110-lib_2218,24872,smp_2453,plate10,"[('DMSO_TF', 0.0, 'uM')]",NCI-H596,minimal,lib_2218,2.1081836,5a5c9aab50be5118b1dfe949e9f0d3bca75f74944e7993bd77dc5b377e5d1f25,546
96_093_148-lib_2221,24873,smp_2454,plate10,"[('DMSO_TF', 0.0, 'uM')]",NCI-H596,minimal,lib_2221,0.0,5a5c9aab50be5118b1dfe949e9f0d3bca75f74944e7993bd77dc5b377e5d1f25,546
95_183_187-lib_2234,24874,smp_2453,plate10,"[('DMSO_TF', 0.0, 'uM')]",NCI-H596,full,lib_2234,0.0,5a5c9aab50be5118b1dfe949e9f0d3bca75f74944e7993bd77dc5b377e5d1f25,546
96_188_112-lib_2237,24875,smp_2454,plate10,"[('DMSO_TF', 0.0, 'uM')]",NCI-H596,full,lib_2237,1.8161277,5a5c9aab50be5118b1dfe949e9f0d3bca75f74944e7993bd77dc5b377e5d1f25,546
95_161_032-lib_2238,24876,smp_2453,plate10,"[('DMSO_TF', 0.0, 'uM')]",NCI-H596,full,lib_2238,2.4078023,5a5c9aab50be5118b1dfe949e9f0d3bca75f74944e7993bd77dc5b377e5d1f25,546
95_090_102-lib_2245,24877,smp_2453,plate10,"[('DMSO_TF', 0.0, 'uM')]",NCI-H596,full,lib_2245,1.6802341,5a5c9aab50be5118b1dfe949e9f0d3bca75f74944e7993bd77dc5b377e5d1f25,546
95_054_045-lib_2246,24878,smp_2453,plate10,"[('DMSO_TF', 0.0, 'uM')]",NCI-H596,full,lib_2246,0.0,5a5c9aab50be5118b1dfe949e9f0d3bca75f74944e7993bd77dc5b377e5d1f25,546
95_131_060-lib_2249,24879,smp_2453,plate10,"[('DMSO_TF', 0.0, 'uM')]",NCI-H596,minimal,lib_2249,0.0,5a5c9aab50be5118b1dfe949e9f0d3bca75f74944e7993bd77dc5b377e5d1f25,546
95_120_182-lib_1395,26633,smp_2165,plate7,"[('DMSO_TF', 0.0, 'uM')]",NCI-H596,full,lib_1395,0.0,5a5c9aab50be5118b1dfe949e9f0d3bca75f74944e7993bd77dc5b377e5d1f25,546
95_028_008-lib_1401,26634,smp_2165,plate7,"[('DMSO_TF', 0.0, 'uM')]",NCI-H596,minimal,lib_1401,0.0,5a5c9aab50be5118b1dfe949e9f0d3bca75f74944e7993bd77dc5b377e5d1f25,546
95_028_099-lib_1401,26635,smp_2165,plate7,"[('DMSO_TF', 0.0, 'uM')]",NCI-H596,full,lib_1401,1.68469,5a5c9aab50be5118b1dfe949e9f0d3bca75f74944e7993bd77dc5b377e5d1f25,546
95_137_066-lib_1401,26636,smp_2165,plate7,"[('DMSO_TF', 0.0, 'uM')]",NCI-H596,full,lib_1401,0.0,5a5c9aab50be5118b1dfe949e9f0d3bca75f74944e7993bd77dc5b377e5d1f25,546
95_088_083-lib_1411,26637,smp_2165,plate7,"[('DMSO_TF', 0.0, 'uM')]",NCI-H596,minimal,lib_1411,0.0,5a5c9aab50be5118b1dfe949e9f0d3bca75f74944e7993bd77dc5b377e5d1f25,546
95_010_026-lib_1419,26638,smp_2165,plate7,"[('DMSO_TF', 0.0, 'uM')]",NCI-H596,full,lib_1419,0.0,5a5c9aab50be5118b1dfe949e9f0d3bca75f74944e7993bd77dc5b377e5d1f25,546
95_069_130-lib_1422,26639,smp_2165,plate7,"[('DMSO_TF', 0.0, 'uM')]",NCI-H596,minimal,lib_1422,0.0,5a5c9aab50be5118b1dfe949e9f0d3bca75f74944e7993bd77dc5b377e5d1f25,546
96_055_094-lib_1423,26640,smp_2166,plate7,"[('DMSO_TF', 0.0, 'uM')]",NCI-H596,full,lib_1423,0.0,5a5c9aab50be5118b1dfe949e9f0d3bca75f74944e7993bd77dc5b377e5d1f25,546
95_022_044-lib_1431,26641,smp_2165,plate7,"[('DMSO_TF', 0.0, 'uM')]",NCI-H596,full,lib_1431,1.7752846,5a5c9aab50be5118b1dfe949e9f0d3bca75f74944e7993bd77dc5b377e5d1f25,546
96_051_175-lib_1433,26642,smp_2166,plate7,"[('DMSO_TF', 0.0, 'uM')]",NCI-H596,minimal,lib_1433,0.0,5a5c9aab50be5118b1dfe949e9f0d3bca75f74944e7993bd77dc5b377e5d1f25,546
95_168_044-lib_1436,26643,smp_2165,plate7,"[('DMSO_TF', 0.0, 'uM')]",NCI-H596,full,lib_1436,0.0,5a5c9aab50be5118b1dfe949e9f0d3bca75f74944e7993bd77dc5b377e5d1f25,546
95_160_020-lib_1449,26644,smp_2165,plate7,"[('DMSO_TF', 0.0, 'uM')]",NCI-H596,minimal,lib_1449,2.1813827,5a5c9aab50be5118b1dfe949e9f0d3bca75f74944e7993bd77dc5b377e5d1f25,546
96_109_121-lib_1450,26645,smp_2166,plate7,"[('DMSO_TF', 0.0, 'uM')]",NCI-H596,full,lib_1450,0.0,5a5c9aab50be5118b1dfe949e9f0d3bca75f74944e7993bd77dc5b377e5d1f25,546
95_032_016-lib_1462,26646,smp_2165,plate7,"[('DMSO_TF', 0.0, 'uM')]",NCI-H596,full,lib_1462,0.0,5a5c9aab50be5118b1dfe949e9f0d3bca75f74944e7993bd77dc5b377e5d1f25,546
95_001_052-lib_1463,26647,smp_2165,plate7,"[('DMSO_TF', 0.0, 'uM')]",NCI-H596,minimal,lib_1463,0.0,5a5c9aab50be5118b1dfe949e9f0d3bca75f74944e7993bd77dc5b377e5d1f25,546
96_022_172-lib_1465,26648,smp_2166,plate7,"[('DMSO_TF', 0.0, 'uM')]",NCI-H596,minimal,lib_1465,0.0,5a5c9aab50be5118b1dfe949e9f0d3bca75f74944e7993bd77dc5b377e5d1f25,546
96_045_155-lib_1465,26649,smp_2166,plate7,"[('DMSO_TF', 0.0, 'uM')]",NCI-H596,minimal,lib_1465,0.0,5a5c9aab50be5118b1dfe949e9f0d3bca75f74944e7993bd77dc5b377e5d1f25,546
96_168_135-lib_1465,26650,smp_2166,plate7,"[('DMSO_TF', 0.0, 'uM')]",NCI-H596,full,lib_1465,1.8107594,5a5c9aab50be5118b1dfe949e9f0d3bca75f74944e7993bd77dc5b377e5d1f25,546
96_118_053-lib_1467,26651,smp_2166,plate7,"[('DMSO_TF', 0.0, 'uM')]",NCI-H596,full,lib_1467,0.0,5a5c9aab50be5118b1dfe949e9f0d3bca75f74944e7993bd77dc5b377e5d1f25,546
95_176_021-lib_1475,26652,smp_2165,plate7,"[('DMSO_TF', 0.0, 'uM')]",NCI-H596,full,lib_1475,0.0,5a5c9aab50be5118b1dfe949e9f0d3bca75f74944e7993bd77dc5b377e5d1f25,546
96_077_025-lib_1476,26653,smp_2166,plate7,"[('DMSO_TF', 0.0, 'uM')]",NCI-H596,minimal,lib_1476,0.0,5a5c9aab50be5118b1dfe949e9f0d3bca75f74944e7993bd77dc5b377e5d1f25,546
96_150_027-lib_1476,26654,smp_2166,plate7,"[('DMSO_TF', 0.0, 'uM')]",NCI-H596,minimal,lib_1476,0.0,5a5c9aab50be5118b1dfe949e9f0d3bca75f74944e7993bd77dc5b377e5d1f25,546
96_034_074-lib_1478,26655,smp_2166,plate7,"[('DMSO_TF', 0.0, 'uM')]",NCI-H596,minimal,lib_1478,0.0,5a5c9aab50be5118b1dfe949e9f0d3bca75f74944e7993bd77dc5b377e5d1f25,546
96_005_079-lib_1479,26656,smp_2166,plate7,"[('DMSO_TF', 0.0, 'uM')]",NCI-H596,full,lib_1479,0.0,5a5c9aab50be5118b1dfe949e9f0d3bca75f74944e7993bd77dc5b377e5d1f25,546
96_051_150-lib_1479,26657,smp_2166,plate7,"[('DMSO_TF', 0.0, 'uM')]",NCI-H596,full,lib_1479,1.8193679,5a5c9aab50be5118b1dfe949e9f0d3bca75f74944e7993bd77dc5b377e5d1f25,546
95_166_081-lib_1481,26658,smp_2165,plate7,"[('DMSO_TF', 0.0, 'uM')]",NCI-H596,minimal,lib_1481,0.0,5a5c9aab50be5118b1dfe949e9f0d3bca75f74944e7993bd77dc5b377e5d1f25,546
96_096_100-lib_1482,26659,smp_2166,plate7,"[('DMSO_TF', 0.0, 'uM')]",NCI-H596,full,lib_1482,0.0,5a5c9aab50be5118b1dfe949e9f0d3bca75f74944e7993bd77dc5b377e5d1f25,546
96_059_001-lib_1485,26660,smp_2166,plate7,"[('DMSO_TF', 0.0, 'uM')]",NCI-H596,minimal,lib_1485,0.0,5a5c9aab50be5118b1dfe949e9f0d3bca75f74944e7993bd77dc5b377e5d1f25,546
96_143_175-lib_1485,26661,smp_2166,plate7,"[('DMSO_TF', 0.0, 'uM')]",NCI-H596,minimal,lib_1485,0.0,5a5c9aab50be5118b1dfe949e9f0d3bca75f74944e7993bd77dc5b377e5d1f25,546
95_015_136-lib_2408,26662,smp_2165,plate7,"[('DMSO_TF', 0.0, 'uM')]",NCI-H596,minimal,lib_2408,0.0,5a5c9aab50be5118b1dfe949e9f0d3bca75f74944e7993bd77dc5b377e5d1f25,546
96_038_161-lib_2409,26663,smp_2166,plate7,"[('DMSO_TF', 0.0, 'uM')]",NCI-H596,minimal,lib_2409,0.0,5a5c9aab50be5118b1dfe949e9f0d3bca75f74944e7993bd77dc5b377e5d1f25,546
95_137_131-lib_2410,26664,smp_2165,plate7,"[('DMSO_TF', 0.0, 'uM')]",NCI-H596,minimal,lib_2410,0.0,5a5c9aab50be5118b1dfe949e9f0d3bca75f74944e7993bd77dc5b377e5d1f25,546
96_126_156-lib_2412,26665,smp_2166,plate7,"[('DMSO_TF', 0.0, 'uM')]",NCI-H596,minimal,lib_2412,0.0,5a5c9aab50be5118b1dfe949e9f0d3bca75f74944e7993bd77dc5b377e5d1f25,546
96_050_192-lib_2414,26666,smp_2166,plate7,"[('DMSO_TF', 0.0, 'uM')]",NCI-H596,full,lib_2414,1.7692037,5a5c9aab50be5118b1dfe949e9f0d3bca75f74944e7993bd77dc5b377e5d1f25,546
96_172_185-lib_2414,26667,smp_2166,plate7,"[('DMSO_TF', 0.0, 'uM')]",NCI-H596,full,lib_2414,1.8001418,5a5c9aab50be5118b1dfe949e9f0d3bca75f74944e7993bd77dc5b377e5d1f25,546
95_039_038-lib_2419,26668,smp_2165,plate7,"[('DMSO_TF', 0.0, 'uM')]",NCI-H596,minimal,lib_2419,2.0182688,5a5c9aab50be5118b1dfe949e9f0d3bca75f74944e7993bd77dc5b377e5d1f25,546
96_085_162-lib_2420,26669,smp_2166,plate7,"[('DMSO_TF', 0.0, 'uM')]",NCI-H596,minimal,lib_2420,0.0,5a5c9aab50be5118b1dfe949e9f0d3bca75f74944e7993bd77dc5b377e5d1f25,546
95_111_064-lib_2422,26670,smp_2165,plate7,"[('DMSO_TF', 0.0, 'uM')]",NCI-H596,full,lib_2422,0.0,5a5c9aab50be5118b1dfe949e9f0d3bca75f74944e7993bd77dc5b377e5d1f25,546
96_010_038-lib_2422,26671,smp_2166,plate7,"[('DMSO_TF', 0.0, 'uM')]",NCI-H596,minimal,lib_2422,0.0,5a5c9aab50be5118b1dfe949e9f0d3bca75f74944e7993bd77dc5b377e5d1f25,546
95_156_095-lib_2424,26672,smp_2165,plate7,"[('DMSO_TF', 0.0, 'uM')]",NCI-H596,full,lib_2424,0.0,5a5c9aab50be5118b1dfe949e9f0d3bca75f74944e7993bd77dc5b377e5d1f25,546
96_144_153-lib_2424,26673,smp_2166,plate7,"[('DMSO_TF', 0.0, 'uM')]",NCI-H596,full,lib_2424,0.0,5a5c9aab50be5118b1dfe949e9f0d3bca75f74944e7993bd77dc5b377e5d1f25,546
96_044_148-lib_2426,26674,smp_2166,plate7,"[('DMSO_TF', 0.0, 'uM')]",NCI-H596,minimal,lib_2426,0.0,5a5c9aab50be5118b1dfe949e9f0d3bca75f74944e7993bd77dc5b377e5d1f25,546
96_158_087-lib_2427,26675,smp_2166,plate7,"[('DMSO_TF', 0.0, 'uM')]",NCI-H596,minimal,lib_2427,0.0,5a5c9aab50be5118b1dfe949e9f0d3bca75f74944e7993bd77dc5b377e5d1f25,546
95_076_097-lib_2429,26676,smp_2165,plate7,"[('DMSO_TF', 0.0, 'uM')]",NCI-H596,full,lib_2429,0.0,5a5c9aab50be5118b1dfe949e9f0d3bca75f74944e7993bd77dc5b377e5d1f25,546
96_191_102-lib_2434,26677,smp_2166,plate7,"[('DMSO_TF', 0.0, 'uM')]",NCI-H596,full,lib_2434,0.0,5a5c9aab50be5118b1dfe949e9f0d3bca75f74944e7993bd77dc5b377e5d1f25,546
95_013_064-lib_2602,26678,smp_2165,plate7,"[('DMSO_TF', 0.0, 'uM')]",NCI-H596,minimal,lib_2602,0.0,5a5c9aab50be5118b1dfe949e9f0d3bca75f74944e7993bd77dc5b377e5d1f25,546
95_179_115-lib_2602,26679,smp_2165,plate7,"[('DMSO_TF', 0.0, 'uM')]",NCI-H596,minimal,lib_2602,0.0,5a5c9aab50be5118b1dfe949e9f0d3bca75f74944e7993bd77dc5b377e5d1f25,546
