SIDM,ACVR1B,ACVR1C,AKT1,AKT2,AKT3,ALK,ATM,AURKA,AURKB,AURKC,BCL2,BCL2L1,BCL2L2,BRAF,BRD2,BRD3,BRD4,BRDT,CDK1,CDK4,CDK6,CHEK1,CHEK2,EGFR,ERBB2,ERBB3,FGFR1,FGFR2,FGFR3,GSK3A,GSK3B,HDAC1,HDAC3,HSP90AA1,IGF1R,JAK1,JAK2,KDR,KIT,MAP2K1,MAP2K2,MAPK1,MAPK3,MAPK9,MDM2,MET,PARP1,PARP2,PDGFRB,PLK1,PLK2,PLK3,PORCN,ROCK1,ROCK2,ROS1,RPS6KB1,SRC,TGFBR1,TOP1,WEE1
SIDM00677,-0.0345383480530826,0.2903212540311866,-0.0892411596342941,0.0099492448202003,0.1911295554515337,0.0104148432207964,0.240676614213204,-0.9254414021621652,-2.006860947466776,0.2063413569612292,0.0395301967836196,-1.5480953295720157,-0.1928172867971706,-0.0136730432619219,-0.2130375835170057,0.2072419490082432,-1.032535485886921,-0.0706759198867173,-2.445856620138652,-0.6998727888391018,-1.6396253542160022,-1.271433313787621,0.5042113014413345,-0.5840519101843223,-0.70197295900742,-0.1554479864170567,0.0409613570471047,-0.0082739864193514,0.136528418196718,-0.504327670259094,-0.2897532948650444,0.0063244565662914,-1.1611594380617205,-0.1512921819333558,-1.3365676094490282,0.016396449654324,0.1417031976587137,-0.0984754595532233,-0.2465093157736236,-0.0948648958786162,-0.0299471629185189,-0.2055358575852643,-0.0619137776235603,0.2133162709429755,-1.645843655772891,-0.0370504980387948,-0.5603107015405844,-0.164435843672095,-0.2149460249761037,-2.06229188670998,-0.3414844997876426,-0.0086004809572681,0.0846631458682613,0.0295828868283327,-0.1208752824337461,0.0853480153127668,-0.3875851565360259,-0.2056539090046078,-0.3381188499567451,-0.858425815171701,-1.7192479631992987
SIDM01233,0.0114131979232136,-0.0145460601452689,0.1039365433399578,-0.0211597074001852,0.0258388738810776,-0.0727442230412203,-0.0214712844953444,-0.8468188743758671,-2.245681985784402,0.0303589880133664,0.1045469507737407,-1.2782324077571023,-0.0555270892503759,-0.0205033037501058,0.0859431716752212,0.1221653742196538,-1.4523581421688516,0.165627165870062,-1.878684571091545,-0.4958470909278116,-0.1731545496199302,-2.0049486869542914,0.1130462852128982,-1.30572573719261,-1.0342162265335206,-0.1516105816636958,-0.02781946630779,-0.2071571686360297,0.1436127088782688,-0.289115780916343,-0.2024969418397064,0.061175151805439,-1.25350356312584,-0.267500971148944,-0.5146438924892998,0.0360941840839472,0.1149519411423322,-0.0710638829310623,-0.0627603009531795,-0.1324666771754838,-0.2161948294372898,-0.3468514560420752,-0.1745651532711358,0.3746199472450256,-0.3164198770520374,-0.0851481463973375,-0.0800852092839537,0.0138552620937116,-0.1328301797925354,-2.4060836109800485,0.1157350615599576,-0.2061796241324373,0.0066634515237969,0.0945892658725475,0.1882581084350143,0.1056041755717184,-0.110041931825873,-0.2861182138579059,0.1164574068203541,-0.7714474264525704,-2.131448608718548
SIDM00148,-0.2152898207558264,0.0906761886109634,-0.1645284163368444,-0.1638276962408782,0.4182052208937888,-0.1716447656562832,-0.0925068539829446,-1.3848716781162844,-2.1718485151393025,-0.113504657173405,0.0280357126081168,-0.393629706883819,0.0728981560278405,0.1130732335213769,-0.5895837496172194,0.1785216012334483,-0.7364260107493088,0.0261921586130529,-2.6947598734572917,-2.0610238888910337,-0.313809017882848,-1.4231248678882311,0.2668179877865775,-0.3228519363799405,-0.1437329669832465,-0.2193204590980206,-0.1234899462930386,-0.1304348068950114,0.0296712994876012,-0.2200388583104607,-0.1603657494474428,-0.1051753285598522,-1.001965591355462,-0.1770841763735345,-0.3887007853443093,0.0176559083592957,0.2513287073711283,-0.3643944245260681,-0.1218763983713622,-0.063738227557183,-0.0633399194527327,-0.2639831591157684,-0.0117246978408434,0.3395402342646273,-1.3707527658602596,0.0567921179028214,-0.1329455058153831,-0.048712343014588,-0.0156139454755504,-3.1734988855157016,-0.3335461884523536,0.0311399054669478,0.0634629225241943,-0.1121223038887456,0.1077857493048056,0.0364384048362273,-0.2341962610352416,-0.1370950783740512,0.0680535520357503,-0.9452298240554045,-1.827170318894921
SIDM00453,0.0077416492415472,0.1333867932642738,-0.0500445758409079,-0.0887346836909119,-0.1157532109527705,-0.1052892717209503,-0.1076924732985206,-1.2648577205065965,-2.4103188559853685,-0.061440607635704,-0.026184803256335,-0.2888804788151836,-0.2019436085158262,-0.1227282458546877,-0.4440344760491849,0.1194993480400128,-1.005822324464095,-0.1989711725656409,-1.2782147710536782,-0.4433033121870036,-0.5480395253905715,-1.3521516954540744,0.0836632189733067,-0.27394086163598,-0.0671985335210919,-0.098777093743947,-0.0913900403453185,0.0878844187728385,0.1378024828034257,-0.1135592005817934,-0.0330493571380698,0.0136550728888411,-0.5432645024894158,-0.1000121655143184,-0.064595647840637,-0.1538724326586701,0.0157230710575028,-0.1067293868487601,-0.0224074848467976,0.0703062246207504,-0.1167313072965878,-0.5337508473318742,-0.0862749242806218,0.2232822088434577,-0.6166263738857315,-0.0048988311035262,-0.0522152744924203,-0.06874314641693,-0.0924267821079666,-2.466939821521343,0.0086478783698775,0.0141775717887376,0.0567314821180458,-0.1599693954943144,-0.2202415493209246,0.1577948967482499,-0.3291874396893241,-0.1683352223547136,-0.170492856773665,-1.246971726794818,-2.446871558227633
SIDM01139,-0.0642295991698364,-0.1297433788319115,-0.0581976105372408,-0.064069838258816,0.1204744858146856,-0.1128579377191036,0.0989315272438386,-0.993113736323977,-2.046496988849351,-0.1478647527516529,0.0610487671255272,-1.3372093535461604,-0.0834361517144277,-0.4115125355958318,-0.1692890364530748,0.1461442181293906,-0.9855117908485292,0.0625249997389286,-2.8850600722270947,-0.8597093953057569,-0.6596473587147869,-1.6238750784892328,0.2009267510482266,-0.578324176243092,-0.3442588534525143,-0.1355690676082857,-0.1637440416154696,-0.0019614706914031,0.0679337024562825,-0.0140999657949043,0.0867740982851425,0.0991299493443806,-0.7144510314346834,-0.4364893986528783,-0.6104184147473359,0.0274901677479034,0.1779097782530966,-0.2614952538043886,-0.1306541214160703,-0.2194813047890113,-0.1730012098473406,-0.644311142491355,0.0508751500430205,0.2149463293173861,-0.2528043692427729,-0.0617811816697622,-0.2578444379534597,0.0113744689431704,-0.1197264138985473,-3.0028002849952724,0.0678038123716168,-0.0900692813478183,-0.0178715491673716,0.0515239738534061,0.1299632732415625,0.1458007200729172,-0.3332957827404687,-0.0906817058382328,-0.1993122571291954,-1.0795386131030775,-2.3757208697917864
SIDM01135,-0.1682315135354519,-0.0147037185764863,0.1487129137442889,-0.0979887205221448,0.0385142195222559,-0.0622896371782136,-0.0666063522111864,-1.2633688028992875,-1.6442036243717035,-0.0047417953867676,-0.0217180383162023,-1.6309996796996318,-0.0450173463968774,-0.1600341596698137,-0.4459412046221301,0.2606816740842085,-0.8033215844328675,-0.1694580274580847,-2.6230710985397434,-1.119285065948294,-0.6447794757930875,-1.854884679866424,0.2075736178201655,-0.4685453727285592,-0.4773052227417441,-0.3413460805270666,-0.0685299982553372,-0.2038094749294199,-0.0137454598644925,0.1063482168716184,-0.2145096249841449,0.0143335948778442,-1.24815531521602,-0.134794741604751,-0.5351923932653754,0.150987053904691,0.1616969938345371,-0.4016988089234849,-0.257437671391733,-0.1722307142297434,-0.1648434182414107,-0.2367169243405941,-0.0765558335365699,0.2524293100766773,-0.505704800107259,-0.0488043608245797,-0.2387723119762327,0.1474051169892644,-0.1702026192356124,-3.0325732763866733,-0.0011561662701705,0.005987195635211,-0.1763803519183122,-0.0694323092876811,0.1574512347420258,0.1135548324994842,-0.1501858102369608,-0.451709438164553,-0.0729234363368528,-0.6847399659624487,-3.271108196636592
SIDM00571,-0.1872148479251565,0.0733531668635892,-0.134061956402685,-0.1744915185152777,0.0279088229700039,-0.0474088162649341,0.0462596373756067,-1.373419483853898,-2.0858217730266437,0.0652800796405942,0.062796242723996,-0.9746603260302044,0.0115204537370964,0.0370269852905162,-0.7786197815745902,0.1515660070423849,-1.219341144243521,0.0564346940182106,-3.013688412635488,-0.9146585139054468,-0.8057284141772534,-2.0222254168810663,0.0294901550005214,-0.3780712566609998,-0.344169248446471,-0.2589254782851348,-0.0670357619550636,-0.0112773294410977,-0.0233752905219698,-0.1206536628364244,-0.0901896579533023,0.1166236245837416,-0.7157064483809673,-0.2739704850965635,-0.310392164338285,-0.0806687778811937,0.0341192462480609,-0.1482995899488058,-0.1010955466389327,-0.1252132615318442,0.0035318779897385,-0.2021670855342849,0.1446852155746061,0.1518734752104851,-0.2190874718919521,-0.1258697985412039,-0.07653161374485,-0.2031031383836257,0.0184100790131827,-2.3909370862758985,0.0199779003575138,-0.0354010782628637,0.0806713647455388,-0.0509589882637941,0.0512708960253983,0.0373604668311978,-0.3603864068213028,-0.689810908671569,-0.1594631747372722,-1.1690818321859338,-2.485400608497468
SIDM00885,0.3292287441698324,0.1153733726676473,-0.4932567171683135,-0.2239557838299254,0.3546228144185305,-0.1100068363785083,0.098168570854468,-1.0810874030817423,-2.989659347376889,-0.0869502995013754,0.1096554072269286,-0.4474760890955992,0.0075877234662536,-0.1120055987971741,-0.2740883838859956,0.0767321396320653,-0.6386364282200607,-0.058885099856815,-2.471274714473473,-0.5943370926412487,-0.2478378009149895,-1.6396523322321637,0.1344003297002748,-0.0025110578821463,-0.1293061329399768,-0.0954917001409322,0.0821619620366457,-0.0554245165418956,-0.0369672572845082,0.260471282066938,-0.3485554040860543,-0.5693273479008847,-1.4175566498116448,-0.3162352640731956,0.2196414436232246,-0.0757871421042493,0.1879027214059343,-0.1518843580582334,-0.1679117949891816,-0.1312590175786397,-0.0823141997014766,-0.5060999844361889,-0.1207398574745797,-0.2723643155356754,-0.6796159147321317,-0.0410302664770469,-0.5410765851923649,0.1974759552297435,-0.1401764130950454,-2.983905504096131,0.0510061322993346,-0.2671421359105823,0.0810453598088378,0.1755279449918795,0.1108246917421362,0.0897070979284598,-0.0987093509904913,-0.0426902915870846,-0.2006133740263984,-1.3143238186579822,-1.3420200468218997
SIDM01188,-0.192966065195939,0.0583980315232517,0.0014291578969713,-0.834378908859476,0.1782571079690953,-0.0395206930452151,0.0627361208567183,-1.1008725171184546,-1.6968790502207027,0.0871623905702862,0.0831799441241619,-1.7246690502215842,-0.058681558296601,-0.2758252685954798,-0.9198727743905688,0.0443014189770806,-1.152600453187627,-0.1599977312078896,-2.6684486657781856,-0.7631358494174442,-0.9532239876168898,-2.066496331117313,-0.1155638156594605,-0.3070207435503536,-0.2552755219163632,-0.1303355123856615,-0.1442400822737912,-0.0296189705508054,-0.0261218049519905,-0.0181967409758176,-0.0070296799861207,-0.1724021114747817,-0.7653337952507386,-0.2937952655130814,-0.2965409206845099,-0.194660175752642,0.1297387165693062,0.0295855888254917,-0.0392239725199048,-0.0325743564996327,-0.110734690083602,-0.5267623610377973,-0.0656565009797984,0.2059049675561575,-0.5407220345050573,-0.1899485419861908,-0.220328553050084,-0.0764291739582523,-0.1670793059270824,-3.2337231916605527,-0.0460426029465535,-0.0121550390398697,0.0366265631580441,0.054134566563227,0.2267987479492998,0.069943763913681,-0.1403351480368165,-0.3800939780711498,0.2780207849632488,-0.7167936421848404,-2.9056540633444468
SIDM00533,-0.1714396942929911,-0.0591351217259731,-0.0676521674867861,-0.0008368538285222,-0.0877339913491268,-0.0823008926272979,-0.1871068919187156,-1.3755201110510862,-1.836327746511647,0.028248802600466,0.0151418905607276,-1.2125104361807442,-0.1151567258208287,0.1993793471813391,-0.5336910849705597,0.1203431031121061,-0.7885436649380225,-0.0957987826307343,-2.589816996562346,-0.6155094657096261,-0.4454872393880739,-1.7416477548029383,0.2585753005588679,-0.6015428476703846,-0.2303970660872643,-0.0800101387981893,0.0913191724428285,-0.2180798892046984,-0.0282981965017547,-0.0575627482850257,-0.0709518447322471,-0.0319032793741195,-1.0222963917934529,-0.2142205356194297,-0.2566825020275496,0.0402013151642481,0.1376959593285053,-0.1732143662686241,-0.176162882954081,-0.0587791336150032,0.0548395032104334,0.0332098728572093,-0.1219386362348453,0.1166652550471931,-0.3166615062813652,-0.1031217057002003,-0.1805423802022102,0.0135377118225508,-0.0008879091400745,-2.5135818083139174,0.0699273421292562,-0.1499500470396448,0.0536094081313581,-0.0353616602655253,-0.0183318228970242,0.1122926926548448,-0.2981753406867662,-0.3941882958254414,-0.5244776688686064,-1.0345133233505126,-2.1205444424996367
SIDM00130,-0.2508675818261189,0.0925169541166621,-0.1085270162710627,-0.1354679804100163,0.0360754788109012,-0.0748064340640451,0.0389804342030481,-1.0838779317140874,-1.9088491170539703,0.0071963837378338,0.0157846673788912,-0.6610924119168183,-0.0379730280702505,0.1736474718112595,-0.1880140979181737,0.270284572284921,-0.9546419478545038,0.0284872134662162,-2.4329846226673446,-0.5711348612134577,-0.8809214545228892,-1.742865291871918,-0.1533756745243888,-0.2105687906648777,-0.8807929611603242,-0.5393504141816541,-0.0849674531565114,-0.1443185567417509,0.0671545150629551,0.0248563354989502,0.0344408263863933,-0.0417688386231697,-1.3799645111317802,-0.2446191291407131,-0.2697984598451002,0.0525979252073198,0.0693341545744996,-0.0821887235875648,-0.1144358639636832,-0.2283590178838053,0.0903715748239515,0.0834450914217226,0.1276228246200714,0.1609734794336891,-0.3713314687487217,-0.1359942044821617,-0.408881586644047,0.011498886881024,-0.262757019901366,-3.2652644842133416,0.092251466756203,0.0838873421278518,0.1408977191428575,0.052982494502332,0.2056691184500747,0.0528474530817967,-0.2752802461639729,-0.7223455228107747,-0.0485563506367572,-1.0151604214911452,-2.5751430220606712
SIDM01138,-0.5025607466155901,-0.0258714349532497,0.1020974864534329,-0.2769728746464324,0.0509119026994998,0.1734257328300903,0.0829574947551989,-0.97738590728008,-1.690850131933234,0.0395102554405903,-0.0046126483015588,-1.446283648726099,-0.0264695772576389,-0.0751847821812357,-0.2982878730386364,0.1105724667452555,-0.7912506473334754,-0.1684906302268543,-1.6199714101936165,-0.5206368445274415,-0.4091367357137835,-1.7864986756254784,0.2417069338377181,-0.9101537737232546,-0.1834383012931721,-0.302323227431886,-0.0827444156990525,0.3001553871287754,-0.1691810498176989,0.0338275022160402,-0.5421576291576293,-0.3320985750011476,-1.5032516998707812,-0.1479731082417391,0.1380026400670426,-0.0365570718133281,0.0683614825100378,-0.0809731498603379,-0.0380337488723249,-0.0515317673680081,0.0639340700755046,-0.2576022479612644,-0.2153823901906153,0.2136438131358887,-0.3962235728488271,-0.0956486072385599,0.0201548760751036,0.1587802574688291,-0.1263545979884193,-1.926324893002308,0.1372038004075139,-0.0193754734656873,0.0290190544144807,0.283474748021894,0.1427775297186297,0.1529640795516152,-0.2986023083518664,-0.029470833860179,-0.1928833665726375,-0.617699780724317,-2.211486653320061
SIDM00097,-0.1862961970168185,0.1110212760325308,-0.7868709610418536,-0.2615333910007477,0.0013709225738743,0.0415723728671669,-0.0227098526926421,-1.3064105949212013,-2.228391170845865,0.1012595721918471,-0.00814667466637,-0.4708535505964126,-0.0677468933484588,0.1984768161270345,-0.4751459680765514,0.0402992230379147,-1.529946585691416,-0.0184676221690809,-2.8560588467054067,-2.115793207053313,-0.1155588313154516,-2.070160141862597,0.0964676224431627,-0.4769449615878905,-0.4990693758381596,-0.2523964419629646,0.0035107089411491,-0.0404436673792668,0.0336138128495945,-0.0048705603291785,0.0948429341284097,-0.2210817149403763,-0.7339463511335969,-0.3700806899723031,-0.2483032367959182,-0.0090761761485732,0.0366062939853646,0.0113701169077144,-0.0836048635780724,-0.0672205251103052,0.0246331987495875,-0.2076117570461375,-0.0617656568587624,0.1483187859415072,-0.3219303502111238,-0.1357439954100202,-0.0451910212365301,-0.1181133265380043,-0.1810711599988348,-2.4287827510589093,0.0756203844848473,-0.1232564636424971,-0.1236589033182261,-0.0125049745803595,0.052658160388508,0.0982037631558574,-0.2995730832760152,-0.2553283999729432,-0.0928639779755902,-0.9533028917284364,-1.8650180128522893
SIDM00135,0.0755146177748213,0.1988246340830524,-0.3825257901552948,-0.2395729080979994,0.1310609451389333,0.0204364315907241,0.1163347551332227,-1.7277294048660696,-2.207231759499351,0.0468400917309473,0.0351988286508353,-0.9118990147687348,-0.1896221319926033,-0.1178053916543366,-0.5538347471446514,0.1683049389704732,-0.9787087804271618,0.1256173588960562,-3.208898724072013,-1.6470572389713682,-0.6207942966133436,-2.2766136716317247,0.2939867712030385,0.0089098454345364,-0.1469661110308449,-0.2735696068977656,-0.417716169552429,0.0372200773901924,0.177949151459387,0.1571801059382189,0.3804964729294153,-0.4813476052088051,-1.0374520790046096,-0.2726946998727152,-0.0985154856329182,0.0060579692305014,0.0940404661687817,-0.276812160084934,-0.1178241539322006,-0.1000966335550343,-0.0883314510854787,-0.5387603221728966,-0.2266402670137907,0.200024713319608,-0.6815728475797878,-0.0958450202621515,-0.1930994500152425,-0.0490424034879413,-0.5228646869258948,-3.765833298929145,-0.0703593531782444,-0.0732553855648921,0.0162438864188807,-0.0255958906213223,0.5435702363143508,0.0647602795432153,-0.0388497406421924,-0.1171037646650667,0.1538095996530633,-0.8597300368979175,-2.269895947612845
SIDM01165,-0.1796444330365231,-0.0649004864809827,-0.2224327974487627,-0.087770164005711,-0.0026437701916096,-0.0555774831843445,-0.0751093156555908,-0.9461204933990786,-2.316575906755428,-0.1232511065139767,-0.0438997141467582,-0.8150671070082458,-0.2261296642512538,-0.342991501136853,-0.8394825427697074,0.136065132578153,-0.6691480414183489,-0.0869286968229422,-2.7601305358695014,-0.6164135225335372,-0.8273098575387114,-2.3220165956351115,0.2137476182389004,-0.2607018792449179,-0.3793462682686793,-0.4314997458763909,0.127305840281458,0.2604072800501965,0.0651330145512135,-0.0921079793905315,-0.2082153837129019,0.1291703480348029,-0.948520999742726,-0.1713662727275912,-0.1732552218241932,0.310773776605832,-0.0442374756944213,-0.1505012782816268,-0.0489653391053777,0.0075792203523528,-0.2532818984602798,-0.542368539377987,-0.0485613610383909,0.1478904441876829,-0.2919696963476893,-0.0276884790005339,-0.3121532577037922,0.0551937418096803,0.0866649466876263,-2.592009525256284,0.2030806700977668,-0.0913169443652337,0.1581122776376339,-0.0302746962567725,-0.370679127106637,0.2261127497281683,-0.0337632336166456,-0.1902487877321008,-0.5322793841632588,-1.1131655474497013,-1.745918943992768
SIDM00664,-0.0959296960196309,0.4083488724755079,-0.6102057859521429,-0.327785347466512,-0.0273518323698812,-0.1643620643509203,-0.1012011617318285,-1.2634582215448735,-2.2020708625310013,0.0223666504324059,-0.0413816298708617,-0.9578776576083156,-0.1338803880158114,-0.2009699699735562,-0.0786680627974493,0.1758160291889287,-1.0522496763602618,0.0981643212586165,-2.273322300157964,-0.8313208905667954,-1.1308611280112697,-1.8666675863675533,0.2114116816141225,-0.2592789668983488,-0.23411154259796,-0.2088556107958683,0.1579360882086717,-0.0791119684089661,0.0509611693674611,-0.1374811179054084,0.1831677778875042,-0.064683656726098,-0.8090626679109402,-0.316224678379513,-0.1705474927704382,-0.0169910757202763,0.1055218890022877,-0.0931411548068089,-0.0887854396403931,-0.242247934042773,-0.1665044814589274,-1.0496302078071922,0.0381603396473578,0.1339096191880728,-0.4223105215200252,-0.1012041158053742,-0.2439429531710887,-0.0230908412147369,-0.1907459075936771,-2.2664830890998227,0.1096762137313497,-0.0313018841928343,0.1192256510916894,0.1942186688732481,0.2997953420749824,0.0434332181051927,-0.2012190559940259,-0.3643393320795441,-0.0548072306961957,-0.93709380538258,-2.2854224687181195
SIDM00940,-0.1075044708846794,0.0458300546841166,-0.0247932560344384,-0.1136422841244735,-0.0520413721117003,-0.1496290104325258,-0.1460919101716705,-1.204094725003604,-2.2957144501270568,-0.4959932113334722,-0.1226125130136927,-2.546810411397847,-0.1729695020707893,-0.1626184389503622,-0.3559627123047195,0.0545155825866611,-1.4354830120470057,0.05987291798013,-2.850512852133214,-2.0294527016313366,-0.0468641337361714,-1.5131260184974216,0.205759140254011,-0.0884237827729622,-0.2812078015374225,-0.3016573438916954,-1.5042670226227424,-0.0080997161768514,-0.1039199444565156,0.1726538488420792,0.0637776569971973,0.0146308851903962,-1.7264754470420431,-0.354747233968479,-0.1198673562581205,0.0772951991678966,-0.0080955988210287,-0.1366572852325352,-0.0430188940070308,-0.1186090119639229,0.0633223639608935,-0.1552433556802428,-0.3132017758718001,0.0279682686814545,-0.7464387468112423,-0.0989530374317613,-0.1269642738326545,-0.0926933656058165,-0.0491823773221277,-2.3010036970492367,-0.0193651087140779,0.0185306742683533,0.0314823771580842,-0.1980358145592559,-0.0252897006740024,0.2716904673256309,-0.3924661545013279,-0.0132517690850416,-0.1902895299958439,-1.1289562862691276,-2.111905096001202
SIDM00531,-0.1101667574190697,-0.0164449293446538,-0.1768703399280627,-0.2421825186354867,-0.0098048952241368,0.073297505530709,0.0897122636198565,-0.9229850437345122,-2.674881634354485,0.0203458221920241,-0.0063725906602447,-0.4679597315623282,0.0413310939130177,-0.207689231685556,0.1294391890585087,0.2524211461106023,-0.9534147315999586,0.0918597319232833,-3.079107694584457,-0.4220842248273082,-1.7472337553523234,-0.6160464517910877,0.2189572066576255,-1.1410946584438555,-0.7305490909657059,-0.1889537344257644,-0.4477533292584089,-0.0599090305223612,-0.0141691906866031,-0.2174069476052693,0.3017667960979894,0.079213554730005,-1.4546138141252491,-0.2545147395683243,-0.3554593448674255,-0.0153203481794067,0.0578949541957633,-0.0788048566616141,-0.0600245455672969,-0.0240131049058311,0.0085093430618453,-0.6207085518935136,-0.1609945779352208,0.4656501512559056,-0.4626742894202956,-0.0790479162280459,-0.3024453776057139,0.0999455471938365,0.0311027706421399,-1.8136697949215947,-0.3512895124039971,-0.2174488601942562,-0.2425101217979249,-0.2954964475673995,-0.0690992970696288,-0.0060693264905316,-0.2658361119501249,-0.5657309896029501,-0.0875119412735416,-0.9800978505232956,-2.0917211687833723
SIDM00899,-0.0081562330321121,0.0246460916516718,-0.5724975644698487,-0.3413043514989505,-0.0114297131591586,-0.0627398474170083,-0.0395198401713116,-1.0749698581679012,-1.1650477072600507,-0.1261058550696323,0.0358593429479578,-3.746570985215244,-0.097966928906059,-0.1501161083532927,-0.2575268946968154,-0.0175528672614212,-0.9643961092727036,-0.194208607933467,-1.6923390054654883,-0.8922507978091165,-0.7250446312199668,-2.673532514175813,0.0672688130479025,-0.6446999242681519,-0.3411842450878535,-0.1477899788126156,0.0427137759396363,-0.0250806953633599,0.0635333979578248,-0.1207847673323864,-0.2005666500543372,0.145922931097782,-1.0695257673599028,-0.3710135106135497,-0.8747465142902002,-0.089750663767019,0.1876024484082193,-0.211564098220043,-0.1003971785317919,-0.006111947682339,0.0285270551127708,-0.1447711751018034,0.0289927364236478,0.0222083081744809,-0.4797153719071803,-0.3203594351820708,-0.0097285959912234,-0.1055710967651702,0.2133978113978879,-3.9873178870685897,-0.0076110666127674,-0.0965175783633007,-0.0619222027476436,-0.2446323231407383,0.1419071426734187,0.1148589038717943,-0.1256196263562733,-0.1685048512342477,-0.2392142774477557,-0.9847354843715208,-2.90816986638053
SIDM00874,0.0435644772195483,0.0141081370746813,-0.0534429536760627,-0.0114576926460883,0.0882301142234584,-0.1027563917299032,-0.071656244392252,-1.2328310714611173,-1.9935300444749036,0.046580348550337,0.0404350710970294,-1.5427212756931976,-0.109893452638242,0.1125343320595279,-0.4291299856841205,0.0916229981412373,-0.8305358614950035,-0.0958385260844494,-2.313920582254533,-0.4025244486407779,-0.0943643720131304,-2.359576045921945,0.0812000241692103,-0.3117122151671158,-0.2791002637238933,-0.2564027045436517,-0.0396438314406176,-0.1048388208808364,0.1930275724385206,-0.1110192221076726,-0.1272870193337736,-0.1536130079548466,-1.1281782167632315,-0.3598524241009921,-0.0041118147395235,0.0999570155210895,0.098026336168118,-0.1060908918640889,-0.0906754936620775,-0.1141979989650917,-0.0374731403096016,-0.1517399387221732,-0.1246907748213666,0.2360256758224544,-0.4342210597226694,-0.1001722981923664,-0.0744641320469911,-0.0268009606783131,-0.0497846258442013,-4.04561481521967,0.0624244081715167,-0.2106899968040566,0.0533794171327377,-0.1342462289931807,-0.0070094770000384,0.1477280304198818,-0.1896080543227877,-0.2168384123537914,-0.0987833221152935,-1.1154080826195432,-2.9551606496884792
SIDM01137,-0.196555561070815,-0.0162127921882464,-0.0591482336024574,-0.1133121626472264,-0.015918871027143,-0.0977104161513092,0.146109597269169,-1.0970221297808198,-1.9402573706215869,0.0946808326346012,-0.0165215527424061,-1.0471407920264413,-0.1219091632068243,0.0097340859849847,-0.4647680985500045,0.0026807137338827,-1.2177240248149692,-0.0133165247822138,-2.268299748543156,-1.0206074492494253,-0.7324998140545184,-2.0924805790928187,0.0667876187011411,-0.9359308228407563,-0.3602305090503373,-0.2117139291196015,0.0687123878222601,-0.0805802020832005,0.0389273235583647,-0.0394928290602894,0.1313734916089058,0.0351884080383879,-0.7853456899207008,-0.2030001455552509,-0.4801386199168751,-0.0054959936861309,0.1038791629644024,-0.0570197386414033,-0.0535313667600563,-0.2227808104471463,-0.0156331062082704,-0.370567905739012,-0.0091112578320134,0.1883815160568054,-0.4405049616004719,-0.0659577521893101,-0.0619465766745786,-0.0452959017148819,-0.0654149079431555,-2.887653886755956,-0.0243920127808141,-0.1200299773523665,-0.0557183870424578,-0.0367133478401522,0.0313104902617534,0.1295856163038674,-0.2915770435772867,-0.5632246457150472,-0.6629466303388291,-0.8762478180381721,-2.301371376580408
SIDM00950,-0.1272534331027999,0.1074780481271407,-0.0693118484562626,-0.0379062169830047,0.0828910697841454,-0.057769522669028,-0.1455353039492254,-1.2142947996023337,-2.0477816485200124,0.0229917746228448,0.0126960788591235,-1.1231990316270437,-0.0495430979131303,0.0562447119991185,-0.040783086305646,0.0020796800741296,-0.8222286512102124,-0.040578286769529,-2.3876117190680453,-0.3197085751496458,-0.5251124369741398,-2.325103224494754,0.0054273253449093,-0.0674105853157386,-0.573853897027206,-0.3727521441422164,0.0540432266492022,-0.0780475029241651,0.0659679942246719,0.023380176836232,-0.0384385413362019,-0.2172161149058229,-0.5599741619619222,-0.1108328258711035,-0.2679400002590179,-0.0390762765470331,0.0818410399815226,-0.0843283676226706,-0.0850405050742169,-0.1825580426008147,-0.0404913926573147,-0.2625591293862065,-0.0659422352841096,0.1994685269156248,-0.3631757871050292,-0.0693181138740383,-0.1970987402347012,-0.0806760472272532,0.0150603496412261,-2.9916612250240178,-0.0061297441611112,-0.0997252025992186,0.0416260067416284,0.0322613708718698,0.2895774383180799,0.0698725144818316,-0.3435839445655755,-0.1717765620211481,-0.102856307987494,-1.2093282034699764,-2.6004397577162246
SIDM00898,-0.2289274125855664,0.1414854028880309,-0.391222231364608,-0.3457940435743191,0.2384738322757949,-0.0332116708331454,0.0825574800338662,-1.1889439100729775,-2.5596991737786348,-0.0191927618785356,0.1377224114465947,-0.4391408496497745,-0.3640411638010377,0.1187293492456461,-0.5561501223943189,0.1379725016964442,-1.1371594357131372,0.0959979953197443,-3.1073444540402084,-1.655730523942474,-0.2486415802486337,-1.7466068542010582,0.1664909587187313,-0.1504802815260262,-2.36642450683444,-1.9831475771350056,0.0374113443490062,-0.1037600348778962,-0.0309185747208641,-0.22502690697173,0.0514933734348738,-0.1224496393469163,-1.096447011237429,-0.0300934419390291,-0.2471082581488557,-0.0386562009994514,-0.0183681982206863,-0.1774275526669367,-0.2005111241426299,0.0958902018239655,0.1664927211093562,-0.0788672808742042,-0.1570610270133809,0.1911807323800033,-0.1682111128911869,-0.0692324323870717,-0.2312417349913997,0.1288440583786441,-0.3078813646363871,-2.6329271855088785,-0.0283647976668656,-0.0900084266252983,0.1480350277567191,-0.0782409322699849,-0.1672067973393788,0.1602743074583169,0.0132379320429793,-0.1392215917140701,-0.19176386678551,-0.9248390855143054,-2.697287823299673
SIDM00944,-0.0724113424408316,-0.07153066308549,-0.38241870530563,-0.0735034548706465,0.0733299214915382,-0.0165416048692638,-0.1791944811380147,-1.3670900220711142,-2.7578970663798223,0.0205907678606269,-0.1415683314882888,-0.8672568463913777,-0.0510904969968121,-0.0789736586296014,-0.3789954931288618,0.0823594084785304,-0.9920925227576144,-0.1612374283326697,-2.43470302340096,-0.3505526455395255,-0.6804399751830317,-1.8306787574666048,-0.0111820928527496,-0.4262756509836487,-0.4410233826469547,-0.2089033246736262,0.0286977114795379,-0.1838387807701877,0.2187136059042748,-0.3653237419313601,-0.1914002399551162,0.0142803080485047,-1.2930791541588844,-0.2898552981848653,0.1171197771174825,0.1353264529071313,0.0742105414992393,-0.121430609249739,-0.1485115358727687,0.0778231617282928,-0.0844907208249294,-0.5782610532469744,0.0833605492781405,0.0512097990861021,-0.7947233976188753,0.0751121164402267,-0.0555282374194741,0.2471754923513591,0.0328387220691234,-2.5557273789930277,-0.1642093593330138,-0.3385558176963545,-0.1262078487275895,-0.2300289761704805,-0.2149283948602366,0.2321454097642235,-0.2057353825553626,-0.2427503845299962,-0.4298741914945999,-0.8009377614590525,-2.4670145676796684
SIDM00681,0.0943954107639082,0.5333833826955638,-0.2500127731751431,-0.0874260075109065,0.2440351985605845,-0.1851556054637784,0.2102424742555658,-1.20852234146622,-2.2008491209860965,-0.0747653345017956,-0.0555226777257204,-2.197288335852241,-0.0884722935634411,-0.2484511813613673,-0.0496827213614757,0.0265310997968914,-1.3151665878350791,0.0751011161338151,-1.7352987326337026,-1.5501341168197222,-0.1862686582413119,-2.59529743040748,0.3169597315665804,0.0071037364872251,-0.2976336609998868,-0.3261558378930391,0.0268273821854467,-0.158160651039738,-0.0082041161388424,-0.1477424538853397,-0.0297665666873797,-0.1564789867047987,-0.6490554354526243,-0.0845398164407397,-0.7212290914552375,-0.2041274900364012,0.127302963286899,-0.2137955073614282,-0.2440403995992978,0.0555829833731073,0.1925424678580707,-0.0214347525131193,-0.1281995837131998,-0.0579338645691659,-0.1908061825913563,-0.0954448536566332,-0.1942588893715356,0.0508333354929429,-0.258885419269681,-2.634710768915771,-0.0408088482897143,-0.0767529669375175,-0.0144555263957658,-0.2664509415680739,-0.2990151174578812,0.0967244354446862,-0.3906554858645822,-0.3976016014819521,0.2000162288577796,-0.3830705861480403,-2.3572096029144616
SIDM01001,-0.2569668397647233,0.2142043892660447,0.0191948849335539,0.0768899631650356,0.0201543899601343,-0.0836006754143959,0.4325280402016148,-1.4241582291130643,-2.08825254101366,0.1734478905534631,-0.1979441995783001,-2.351650626469769,-0.6008812421436024,-1.2702889394973855,-0.8743164408011443,0.0032723838272664,-0.927288178637296,0.2314772862574952,-2.934091423566308,-0.3279491070215095,-0.056772131938787,-2.3463187777066103,0.2575365497998875,-0.2542660385373504,-0.1430811129595612,-0.0724575325249457,-0.1908684115233876,-0.0455937454474964,0.1336925207668712,0.006270543539496,0.111352800871941,0.0435668342802698,-1.3428682905563225,-0.3777026007659601,-0.2643761534405213,0.0367161266382253,0.1336824034284298,-0.0039353576673724,-0.0106795013929788,-0.1959930930826847,-0.3073170915816636,-0.7360560154083519,-0.0788740369524035,0.2461500059385959,-0.7446050352028957,-0.0605882714433106,0.1082507777062445,-0.0815636382745385,-0.1124563135908724,-2.509345313420993,-0.0291962793239714,-0.0060147293462252,-0.1909259837001129,-0.0756265301540683,-0.3873439973171852,0.0742944803864605,-0.3174257010476223,0.0941475850265404,-0.0244841571875838,-0.8325818908947537,-2.484765394871869
SIDM00301,-0.0405511102835776,-0.020910002465052,-0.000574664674344,-0.0946030486905568,0.0606330058975838,-0.0417720144465849,-0.1200141382627417,-1.252160146194461,-2.6457635922261207,-0.0149533818776682,0.0518338889957799,-0.2845633842766117,-0.1189080320126783,-0.0578548102854726,-0.3481293519544792,0.1467546721113807,-1.0566171317877449,-0.0416321794339041,-2.2049731334401472,-0.5539363833055039,-0.3760540369720309,-1.6139650335887374,0.1488110507848509,-0.0427696150141234,-0.2139071318729671,-0.0755831665393172,-0.0146282534083319,-0.0699212004550658,0.0568724945904307,-0.1034025904653739,-0.0217513881891854,-0.0475154763031072,-0.8484216580866754,-0.2921963809517461,-0.0804076057344601,-0.0205404473225917,0.1785918169496535,-0.2304331652383039,-0.1128154061429257,-0.1521723628672205,-0.0685114125224084,-0.2926794942204505,-0.1793191750934329,0.2019755428015925,-0.3298697454198027,-0.6845288587584957,-0.2121986740501082,-0.1116150946970062,-0.0650956533050499,-2.2272514889261865,-0.0705837417329138,0.0054446464915696,-0.0189912964903415,-0.265328944091765,-0.1061308663539449,-0.0177102843461396,-0.2690579111889911,-0.1183673371570763,-0.06592987409574,-0.8243568975165649,-2.007630876426784
SIDM00675,-0.2794537652067399,-0.0190977402077951,0.1493038716165378,-0.0506004409034345,0.1760212398009469,0.0026047774405224,-0.14945992712604,-1.5690317837320555,-2.867076495349981,-0.0221408008797495,0.0245465929410701,-3.4566431298271367,-0.1273277077517837,0.0509906962466621,-1.093482106692714,0.2400034958319964,-0.8136141068593745,-0.0108984493942853,-3.102557221470338,-0.7249863954294117,-0.6555537017958845,-2.7042671331754056,0.1193518172376104,-0.2584890665453661,-0.5583315275054233,-0.2509609121421928,-0.5782535496118223,0.0257405968228521,0.1472952586494412,0.1850333384792649,-0.4745075417262429,-0.3810784938122857,-1.1668292182394708,-0.2690321590421718,0.1700826724205753,0.1330980533476489,0.1540696048480984,-0.2731013747039744,-0.1891643603724538,-0.0634267557276073,-0.0604281666336617,-0.3717626122140418,-0.0635767870242302,0.3732609067441244,-0.3961037252856652,-0.0339300654412115,-0.2216889560705151,-0.1807498114669475,-0.1198300833577056,-2.7987450622866685,-0.3268216348015812,-0.1482806125508915,-0.2988435977471532,-0.3082717225206974,0.2269331941101934,0.2353898804866471,0.0220904835456705,-0.2173724002889695,-0.891349437480255,-0.7409738860376347,-3.10009423219817
SIDM00882,-0.1955068721907844,0.242974962350553,-0.3889436218500652,-0.163702867193958,-0.2108924345483561,-0.1923769691899792,0.0317483591428205,-1.6242899680335527,-2.3804200514713223,0.2524428926245214,-0.1133271102516935,-1.313612658472088,-0.0047722426612472,0.0236299456170033,-0.2645482597590762,-0.0339804274269699,-0.739751724019388,0.0866475514086523,-2.146179790223337,-2.1420022347961902,-0.4668486371449138,-1.968417513207599,0.0405088701801916,-0.1777257755859891,-1.2957513645499448,-1.1630871763314206,-0.041502521720424,-0.1926376564402417,0.1440983256238411,0.2221812284702088,0.0375769547781995,0.1693203885545469,-0.9243925538831022,-0.0578545101020149,-0.1204560485941746,-0.1101323357740478,0.0731860162269013,-0.0884658071994602,-0.1569698250770814,-0.1628790847035331,-0.0277751894898002,-0.217974366359276,-0.2103799261152582,-0.0739106266045188,-0.1738442030462336,-0.1353549485932727,-0.1145882577842692,-0.0534200873603595,-0.0340694490580434,-2.6619213493335967,0.0463867682894907,-0.0567798242322926,0.0010097618115611,-0.073081777025142,-0.266545475400141,-0.0499445842397508,-0.1894978209105386,-0.0572790841551403,-0.3002906451829144,-1.02486908005818,-2.481260640188217
SIDM00582,-0.1726714256331606,0.0691396008784983,0.0079038280029901,-0.1445273312732864,0.1581370938444869,-0.2013706426832812,0.0246523757137831,-1.208443764443629,-1.699624347078485,-0.0231086757272863,0.0201179553004639,-0.9383391761249052,-0.1631345102120558,-0.14403474271735,-0.4605233360099038,0.1198576259517585,-1.4180041196544548,0.1115362502363799,-2.448550008948604,-0.2600861240058846,-0.7682499656381709,-1.4798861428669072,0.2536833370105781,0.0610000741027081,-0.5492677255370311,-0.3689112035982419,-0.0072038940510958,0.0244964620885122,0.1713175750411605,-0.0543233978372044,0.0749658296109602,0.2628395372048263,-1.223417486726868,-0.4780385520679782,-0.5843559523952699,0.0235431584156553,0.0732751917639281,-0.1540372548264663,0.0454361295063358,-0.0715994807878064,-0.3057556905648983,-0.5812662701161517,-0.1176804850621852,0.3134720090313377,-0.1908512225018591,0.0664793292900459,-0.0817784062627828,-0.0925294952699856,-0.281145184040808,-2.9829124163125464,0.0015887880837177,-0.177156060415812,-0.4486402445533713,-0.1709222180068142,0.2715223784987688,0.1487690671482526,-0.0909703269908077,-0.8657246338232959,-0.105927767245717,-0.6841081800943767,-2.0987344607409595
SIDM00122,-0.0234122885735725,0.3221177072179034,-0.2251567777152432,-0.2451700789974322,0.0025815386945965,-0.0336556390692438,0.0170819262707934,-1.0524493979980225,-2.5408158911357512,0.1371584374018098,-0.10839173668811,-0.6872916416620403,-0.0726885547397305,-0.0924428571808107,-0.3969288392483359,0.0383700153295347,-0.7609657485868455,0.1415034358563561,-2.5362226180668777,-0.4590752466818769,-0.0715581852173496,-1.8830789343596368,0.2181706029811644,0.0480580372485032,-0.1370121209847988,-0.1678020334041377,-0.616768418587785,-0.0597237535037227,0.0345743523656056,0.0114142524355061,0.3631964209934624,-0.082717360009256,-1.595500755050102,-0.246778608058225,-0.1886157302420008,-0.0110445467277254,0.0947378657314285,-0.1429473741821203,-0.0506758967465781,0.0161426326296246,-0.2060587743044436,-0.311548877592833,-0.2669523213262553,0.0692413336336029,-0.3004349873764141,-0.0658952312669065,-0.0752350479478935,-0.0227987108219611,-0.3305426323206718,-2.723957483406356,0.1718095027685244,-0.0461692526070145,0.0711055191978289,0.2825529559806586,0.3556100690365992,0.0736698806966173,-0.1811398819764402,-0.2353053329206389,0.144584226768954,-1.1003740582662995,-2.6215775412599225
SIDM00469,-0.134999584819575,0.0590081518407969,-0.0468106614486241,-0.1699071210334827,-0.0924878177469404,-0.1203933034986806,-0.0441539751692078,-0.6261642101071886,-2.422609732703289,0.0155991508000968,0.1507768469200423,-0.7318584046506298,-0.0312172786716413,-0.2010744753428269,-0.0100236100627684,0.0351937932715452,-0.9132373659497374,-0.0061018474518448,-2.522197590769844,-0.5709494491249247,-0.6109757994173236,-1.8729478319610888,0.0654079514227804,0.0298449517173663,-0.3010619093994295,-0.0900077844599296,0.0153684224179787,0.0886042959494548,0.0948470456102865,0.0314498240135886,-0.014589933620881,-0.3408610275132369,-0.6655676357445433,-0.1470439949277941,-0.3502240570501551,-0.0592878901798028,0.2227788072087589,-0.08251637738156,-0.1395799737392683,-0.0599610022836672,-0.1229097708794713,-1.4037307077613983,-0.0847864271001176,0.2796108455551396,-0.3577519091257518,-0.0256991493613803,-0.0742171359950512,0.0266066287111547,0.0738132245588084,-1.9564884684755053,-0.0037317651447167,-0.0259829283462307,0.0569042943025256,-0.114822544218979,-0.1934104903851179,0.0606545480517262,-0.2528169067418347,-0.2223834621594154,-0.2492139852622065,-1.2021076165842797,-2.105629561369836
SIDM01056,-0.3146652003983499,0.2379318370766765,-0.6225992477634407,-0.6050022767790614,0.0674966861178332,0.0827012730737934,0.0828455279479605,-0.996278938976212,-1.7711205211777634,0.172627208424997,0.3346039001475288,-1.6558751508885188,-0.2042733182191811,0.0756737543024653,0.1877717847517881,0.1776964582975236,-0.8855695452543269,-0.0032893946411313,-2.720856807857135,-1.6411495426946408,-0.1457903647714077,-0.7361786711921943,0.1119558942427173,-0.2052584775334919,-0.5231572054456426,-0.2420924070172255,0.1197211261838025,-0.2567250538134022,0.0159942079428591,-0.1929192472307073,0.0440862688457313,-0.2952695437346121,-0.8902230255570501,-0.1175185987011868,-0.2077258178550307,-0.0280811822168534,0.0996054115426152,-0.4514627989583993,-0.1763954093179713,-0.1559243745945791,-0.1487221256097318,-0.2991985241154798,-0.2942815241813797,0.1841144543739293,-0.405102318242982,-0.1602713774637444,-0.3113874477547361,-0.1420956189576739,-0.4160338390692601,-2.367672451308925,0.0381739882525409,0.0430157154854811,-0.11707027311089,0.1598258923971622,0.4719635028885042,0.0753581594786543,-0.1036220935200458,-0.3552723213175573,-0.1457106453738956,-1.032551813032481,-1.1604932504790562
SIDM00411,-0.1384037415944592,0.0662327370303356,-0.2088481213003761,-0.0871577610839828,0.0086864063821311,-0.1073382662120552,0.0852010628424804,-1.3715238985121954,-2.104564076945002,0.0608980113281603,-0.0411528814046926,-0.7000227585898633,-0.0766520073927737,-0.0993128604306106,0.0991093299863052,0.2269444032350064,-0.9752341949226048,0.0703048089779726,-2.1217977781404302,-0.6026082303701352,-0.7761757574488531,-1.8989214673469923,0.1251622223964573,-0.3584694552446645,-0.3112730655568966,-0.2926671584060766,0.0174285572226145,-0.0869602706637631,0.049796102000219,-0.0329268621737154,0.0057586510432871,-0.0517451882338045,-0.9376962812457396,-0.3092961142362966,-0.7605107770901152,-0.035878640314274,0.1276975482617158,-0.087965241204857,-0.1402797539544403,-0.1738957576146201,-0.0634966435890318,-0.3436188439626754,-0.0307290255122295,0.1891930123958081,-0.4353724138593779,-0.0822455456309876,-0.2071903163940491,-0.057296341101931,-0.0590975334959122,-2.638117381521856,0.1074230815220869,-0.1227509491510677,0.0098523659918703,-0.0051511640861452,0.104077888534001,0.0910582451292864,-0.2408031949967626,-0.2221157617267424,-0.0193960413653047,-0.8860247573934489,-2.0731361142348974
SIDM00957,-0.2703081645532406,0.1820265411558904,-0.0414883125958853,0.0355389142771314,0.2661138540289714,-0.1626265887700002,0.1230468418288935,-1.6721450160242204,-1.9941328133451357,-0.0262288386350287,0.009363497294443,-1.3548900766138736,-0.2507039663134879,-0.1523899611613139,0.0148856601712232,0.1520788443744142,-0.7363590700450361,-0.0313763052659621,-2.535744369175877,-1.1451919539492437,-0.2648440439624074,-0.9624258360525684,0.2061376510421662,-0.7399098067243988,-0.8356656252890917,-0.1820893545405741,0.0758330103637674,-0.0478998617827236,0.1064873574625314,0.1118064926006158,0.1090503963238594,0.1116343347856463,-0.4776086657335922,-0.4182177778775237,-0.4692453627091844,-0.0355065735331334,0.1475407692182842,-0.2838471622544233,-0.2524088825776889,-0.2752916444372918,-0.2925166951118334,-0.5974964273414338,-0.0788904911444651,0.3424146555237531,-1.5396763749060312,0.0701257974229811,-0.2541418038274062,-0.0958839915392502,-0.120275529499302,-3.2440255861018645,0.1690474459838515,-0.0942234771166461,0.0608103613267223,-0.0727166104026683,0.0661999314271843,0.0441474426356602,-0.2447732530325639,-0.0331920088828369,-0.1087841659447987,-0.9295470344159876,-1.8300848207557296
SIDM00881,-0.1482419188212776,0.0424635390115391,-0.1116807368778815,0.0890358001077328,0.0335080130135309,-0.0911535649302818,0.0316336479499468,-1.3389957726285644,-2.170511057314106,-0.0441172512112379,-0.1151723809157474,-0.5943390513695337,-0.0809803769140496,0.0732042575963652,-0.4095495816491593,-0.1128261558243113,-1.0896069566002131,-0.1325265728492075,-1.981248195574741,-1.7424382144039312,-0.1257330430513255,-1.759757772288633,0.1069378205287344,-0.0637688338646486,-0.0511258227391016,-0.077847197378444,-0.111284931933981,-0.2531421409312699,0.1263490497830343,0.1513603943582012,0.0403923751771109,-0.9683385011399522,-1.0350397643411955,-0.17975929689953,-0.0688467586108438,-0.176073845871233,0.1980866741748087,-0.1797384899892821,0.0047589608888371,-0.3202514426677228,-0.0162206107646759,-0.092219427902067,0.0419398187004024,0.1599760301679583,-0.2899695257433404,-0.1456805751324251,-0.0506378656917158,-0.0786401653036453,0.0259507691615169,-2.101565077918868,0.1327093175679094,-0.1096932479788092,-0.0652192546737493,-0.0024001743972581,-0.1049706874682765,0.0182233752496897,-0.2577503810608643,-0.2662734070709282,-0.0357057957418195,-1.2039676832906223,-2.1629004370125
SIDM00934,-0.0101311867237574,0.0479412872874207,-0.2685605990369246,-0.0617528130317321,0.2021801520037743,0.0108254748708466,0.1197569643725249,-1.302969371673631,-2.93986594909219,0.0260569264446362,-0.154807439824671,-0.7607879911011787,-0.2564480495768939,-0.117803218521524,-0.3008388775543518,0.1929717673412489,-1.4309601159207317,-0.0346342133146144,-2.205465860153596,-0.7046234936407585,-0.7904647722833893,-2.343584491237576,0.4399354512003496,-0.835168806021559,-0.6107548297730896,-0.2169077117675108,-0.0985974152271786,0.082612538232663,-0.0494285318227325,-0.0076284762447637,0.0856284869403699,0.0497206241272632,-1.0782408963562309,-0.0622608023713554,-0.1961760151049869,0.0549676464680181,0.0499459921548743,0.2442120888025895,-0.0616745746574041,0.1361789235621721,-0.2769437221676284,-0.6965396404153184,0.0060097325033145,0.1942319931017918,-0.3803594249617846,-0.0243977939217908,-0.2418129586668461,-0.0951632174875993,-0.0190964925860782,-3.592759256170447,-0.1232640656125917,-0.0577920103704725,-0.1483219638312582,0.6039973529088648,0.116626333331863,0.0271791787649634,-0.3587376662969097,-0.1146662063602402,-0.0996724924826903,-0.2951182433796676,-2.536375203489988
SIDM00866,-0.2398246782022535,0.2925822903492822,0.0466790358342641,0.0108379002116216,0.3485658313784452,0.0235909151660838,0.0334310201694054,-0.8478653483698237,-1.8043920368160504,0.0256817162267858,0.0574062668415941,-2.6372843438087754,-0.2317820380452498,-0.1617327883765178,-0.4602123673784263,0.1394883994183521,-0.9031934656459508,-0.0080125324200403,-2.698627510767864,-1.0604576898482652,-0.008256265357306,-2.041375582477636,0.397105175960131,-0.2186084487429813,-0.8855584629209119,-0.6054963368818707,-0.2484605690091561,-0.0146829272050639,0.2033068100370145,-0.1177569447163065,0.0169196630702178,-0.0748534703626,-1.246106037479162,-0.4065797592073061,-0.0053744919202744,0.020318034097395,0.2147628202843773,-0.2651878288169881,-0.2658289582450294,-0.0357855563434379,-0.0727060397441455,-0.3063945376014413,-0.0212263003333679,0.2513651705739389,-0.4629569917387704,-0.023761114211965,-0.1823999175096753,-0.0189840146935199,-0.1398631147986888,-3.169223325344925,-0.2183462621184237,-0.0748833964312607,-0.0147335959337545,0.0670293878833071,0.1250706250732246,0.0258009971516157,-0.0636823698170949,-0.1923439954570352,-0.2099821191359581,-1.1420459646494383,-2.0679082994099733
SIDM00782,-0.0808244713013408,-0.0327978226287296,-0.432467510353667,-0.1295130275427702,-0.008706405573394,0.0365180639754378,0.1341258202504776,-1.2831553770366677,-1.9303748293775325,-0.0177872416259578,-0.0704432957247609,-1.7066801293261795,-0.1696135624008554,-0.0477886660867844,-0.1887392164908979,0.0543563207062915,-0.6836858999502642,0.0585479085956869,-2.8330853078919205,-0.4610871920455869,-0.2016397129115861,-1.7696426910740155,0.3649882066600213,-0.3633726487325249,-0.2451106274100199,-0.0622931027484414,0.1389660033461414,-0.0285737232999354,0.09058863911146,-0.1701714967914212,-0.2229600392499053,-0.1746579155835114,-1.183206525042434,-0.2556172249439016,-0.5686566199820793,-0.1474371598768919,0.0394103012092553,-0.4141812452024027,0.0838950430661692,0.0263941389499601,-0.1882345099831619,-0.2261654264798111,-0.0258972908713153,0.2244984551500169,-0.0938144717593245,-0.0863693581378974,0.0864917143803183,-0.0153371327291492,-0.0218179058868738,-2.358528767939084,0.0357488033532199,-0.3360498583956969,-0.0267106966146423,0.0875322146752322,0.4311567830396853,0.1796339608468178,-0.2475718313420687,-0.1060961551852193,-0.0834529805771018,-1.3785356601509582,-1.964016647858209
SIDM00778,-0.1387206903474286,0.3408131774079823,-0.0977922588682193,-0.0897173606367701,0.1015359306789692,0.0285382798326838,-0.0270275906845092,-1.3552638923857376,-2.287681089428184,0.1289138739918351,-0.0023282273426278,-1.564451771353378,-0.1892196114158032,-0.1399823120911424,0.1573012817905041,0.2119005795601697,-0.9167530004476638,0.0261478220972255,-2.8689741239330497,-0.8776607634446018,-0.4617050848396729,-1.9769684445148137,0.2320345026277384,-0.3907272873185232,-0.4452689953041654,-0.2674905020522851,0.1294227785219025,-0.0237719216678093,-0.0537477621907204,-0.0135684707288891,0.0355710229794998,-0.0253789508011052,-1.1375080278152383,-0.2390437314021115,-0.365354727665445,0.0616387004797089,0.0011531121293947,-0.1833748009430751,-0.0921236973210283,-0.0852384254882554,-0.0751144746319479,-0.3752693012747552,-0.1547234601977783,0.140555411492899,-0.3320273792571806,-0.01136339050289,-0.1016703578754874,-0.1099937798425788,-0.2695420298145347,-3.0267256389429518,-0.0281579347113581,0.0010956592977788,0.1227974648436462,-0.0007709990863075,0.3741810259790623,0.1606154042066774,-0.0820171610276803,-0.042995237517138,0.117937119317876,-0.844864247341134,-2.5048985337801173
SIDM01136,-0.0969852164104193,-0.1468804016287458,0.0350663215893252,0.0884575111076476,0.1315512936967456,-0.1289194967052633,-0.0139715437972182,-1.1944314700872254,-2.532405366266582,0.0449055740327806,-0.0041047291556364,-1.3109006970897896,0.0134990735323562,-0.0614556416114076,-1.4636471511334468,0.2218001524817981,-2.046950945828598,-0.1251305236544076,-3.679888685395537,-0.4218892751838459,-0.643896853399407,-2.162998402100645,0.1249704704331203,-0.4436924317134687,-0.3502296353787173,-0.2800500486251062,0.1547747648671418,-0.0359347969469885,0.0300442644560798,-0.1660377216329658,-0.2008713031489883,-0.0669132156478081,-1.1245063339150292,-0.2092519486680015,-0.6590413178146131,0.0903411620984974,0.058382864461382,-0.0617627483600757,-0.100303891410058,-0.1385629989171227,-0.0687379471231251,-0.1305383296465765,-0.0609731860045377,0.1417922738359265,-0.2712525546928723,-0.1775831945910404,-0.3025612895658351,0.0015193917882359,-0.0259553231877901,-2.9678548610026265,-0.1326766070465258,-0.042118007046729,-0.0559555373819431,0.1721458964927917,0.1211280297825488,0.1149768425099854,-0.1644591051208533,-0.2963900137179446,-0.0603590704819431,-0.9431570575363686,-2.5510100011802304
SIDM00833,-0.1314591338220849,0.074255080417637,-0.2292103017265238,-0.1320913951524305,0.0987676661281354,-0.120659004079525,0.0650061384680655,-1.2136516988203612,-2.3236365577014064,0.1012373689507753,-0.0050146683583658,-1.992390240272344,-0.1042968031264889,-0.1350562068523147,-0.3107576222320397,0.0879920408156234,-0.7485845980995338,-0.0174468561599706,-2.452832744897408,-1.1459136809265735,-0.1661007278601389,-2.070663281540824,0.1777531599982766,-0.4987583079278213,-0.5296904798402744,-0.2636664941340153,0.0711867410900669,0.0143719464999464,0.1885209491120853,-0.0360224258841624,-0.0228383741459604,-0.1298554310878545,-0.8707611320750265,-0.1488659675599641,-0.8231345837568644,0.0435256972586924,0.0842359140684813,-0.2346549705411353,-0.0888158712344971,-0.0300804905187337,-0.0892537730100338,-0.4123354331128263,-0.0696765538489515,0.0747621433203205,-0.3067047706354522,-0.0597119831980426,-0.1793062874257852,-0.0054679316045357,-0.1753162453994744,-2.488897777166992,-0.0100326510236256,-0.0890168940956399,0.0708559836306527,-0.122920164415257,-0.0544556942004261,0.0664193416664372,-0.2764125896212027,-0.1576081957106983,-0.1366476767781408,-0.900795022173619,-2.6225684882900646
SIDM00834,-0.1694737255257101,0.3690071209985407,-0.0098698821935957,0.0261527534921676,0.1864194738235693,0.0780491904784632,0.2897776939015108,-1.1706513161796588,-1.872856488591578,-0.0517193774110789,-0.0289221448422015,-3.2349190347805497,-0.0761148313864914,0.0335677032454252,0.1598763883761597,0.262380753895348,-0.9217392399363904,0.2154799521100786,-2.718348922324347,-0.6176991478893937,-0.0880711709503505,-1.4615360777850424,0.0989821818694305,-0.2947052345817925,0.0060570405320676,-0.1796135770630078,0.1195722351475857,-0.0291442027374127,0.1935557976079809,-0.023440440160448,-0.0846594519986704,-0.25876877248457,-1.5613883978319223,-0.4869766863842282,-0.2617366753154657,0.147514995731797,0.0171860576260164,-0.2435386814498356,0.0255962045242205,-0.0806618014649142,-0.0526814433173457,-0.2915391131202527,-0.1718612762122915,0.177769122341439,-0.2824022798217101,-0.0665154954508785,-0.117079138875916,0.0710868713591195,-0.1204341979603171,-3.172277314386884,-0.0176030886326143,-0.0938138116746825,-0.0478908325712567,-0.2189620456510753,0.0133009729881542,0.0649639806424366,-0.1556160393349065,0.1048782470810945,-0.090739979351398,-1.013816639182506,-1.8953781061714416
SIDM00835,-0.1359120479294292,0.003946595658107,-0.097868690122703,-0.0623290445959427,0.1286844666270546,-0.0360912910107213,0.0582942602221929,-1.1403691150788644,-2.5231398544502395,0.1264505525335565,0.0234906633904636,-1.874106962944075,0.0631740618834509,-0.6696683888150463,-0.1609726871275209,0.1792007970610762,-0.5828324355108035,-0.0941904327054065,-2.646920732913264,-1.1710316133327126,-0.50099744326037,-2.14259525473458,0.119810236504377,-0.6772928696989138,-0.8712763206341703,-0.2006693854347346,0.0901107471501643,0.0458228751972008,-0.0353684981219359,0.0342958338084172,-0.2758995947379143,0.0053915467707334,-1.921607500064462,-0.2371572638195262,-0.3878458508075326,-0.065804536323223,0.0728786418148157,-0.1313497306100367,-0.0958368500056282,0.0586144645335779,-0.2421577894242234,-0.8418188152388064,-0.0751846384456221,0.1029361130795669,-0.4743809659076228,-0.1401756545729627,-0.2119645301269377,-0.0449068667865182,-0.198699319287734,-2.291172659788668,-0.155832262633027,-0.121194383895682,0.0662707886148202,0.0191587661769634,0.3644018128354859,0.0781204396239986,-0.3109004143628809,-0.4483642976452817,-0.0209445803200516,-0.8527597593764292,-2.534919759258751
SIDM00779,-0.2781449312747455,0.2134987952946595,-0.6909321615412818,-0.1049135627943413,0.3200275376030295,0.0097585521980345,-0.0531273827683838,-1.6761607183418,-1.4418857337031024,0.1769806254465384,0.0646061889571678,-1.8907993230491456,-0.6898152373365307,0.1347292602268874,-0.4095305754202332,0.1526609861987987,-1.076316086297692,0.1528907528825104,-1.9017520204803888,-1.2043085475048758,-0.9006825880507225,-1.6825445727990795,0.0685718090251345,0.1581367883695624,-0.2276755964546163,-0.2593044723396366,0.0787001006371716,-0.4811440950517108,0.1646417015185179,0.059269685636368,0.3245899263525372,-0.3729801778136846,-0.4166634131757347,-0.3870013643840245,-0.2461751323033953,-0.0954065614056156,0.1403643969746136,-0.1437243124137349,-0.0356334858327421,-0.0384768328432956,0.3183045151882054,-0.2272175777212521,-0.2403128293929907,0.2702652749121439,-0.4477994787485148,0.0783462839039073,-0.1336287390891067,0.0350263445234726,-0.3618280207345752,-2.6471070910292807,-0.1106053242238024,-0.1234925282567924,-0.2921179602973588,-0.0921031140738146,-0.0447298269278252,0.2528391223441332,-0.1015283659714867,-0.0692795857007957,-0.1268879460243432,-0.8212822431844384,-2.299684176112194
SIDM00776,0.0346053246906545,0.1716926992517692,-0.0636192849866123,-0.337727910008797,-0.0615171648407082,0.1927686557487037,0.0160591934449782,-1.737064218665381,-2.398721035685322,0.0575034997695634,0.1069921848956892,-1.8402456430845715,-0.1017759860025848,-0.5059181335395033,-0.4961877709907338,0.4117253469360971,-0.7229444924590025,0.0474939218969538,-2.728408217289133,-0.1317884361124716,-0.2715073376970881,-2.108456170582349,-0.3106478408633923,-0.4894955242675073,-0.3943681707163323,-0.2733541454098987,-0.1136803717609898,-0.0246544625164195,0.3179904303042804,0.1756266037475424,-0.4982079862768099,-0.1276667011415578,-0.6474758787484247,-0.0860824871173122,0.0169459216995105,0.0368342188969839,-0.2063929701979653,0.0296728847207553,0.348053781834181,-0.2166436452608146,-0.0364261222076919,-0.4003633536395933,-0.2217427901732881,0.3250133084311414,-0.5541979796220786,-0.297521396672131,-0.2185189001274305,-0.3955057760958589,0.3993366302211358,-2.734068807771296,0.1543309399581493,0.3571336073946169,-0.1757967488915115,0.058552380069098,-0.0801732438313747,0.2260886230278943,-0.4951534029176717,0.0195026623037544,-0.1982774651927178,-0.7317106764104715,-2.8771866315298253
SIDM00132,-0.1159211852634009,0.1500044670692037,-0.3423141331625405,-0.1368594101783699,0.0147175084704545,-0.1817977501127939,0.1621772293095024,-1.1299487918136883,-1.8737178593966264,-0.0094621462891808,0.0676011055285635,-0.8554748945172916,-0.0670426139391301,-0.2930773126741914,0.2552034481507275,0.0399163011156036,-0.9409817369347444,-0.1840336110019395,-3.128032973494327,-0.4486709242856629,-1.0540052937576658,-2.458812851946205,0.0158004777054019,-0.0896445322949578,-1.1648274066641575,-0.8966004665294278,0.1495022297233127,-0.1081827856294986,0.0349258092171658,-0.0212615261930453,0.0011054236575934,-0.2869364322249963,-0.5517120142358293,-0.5312520516700152,-0.4966886208757735,-0.0076398475274106,0.1853462376536874,-0.167065413209081,-0.1095709941061091,-0.3160081169262701,-0.2068484515481977,-0.1083865460292965,0.0158815355462963,0.1540708905314073,-0.1992831255689423,-0.0912875396747702,-0.2334621500419652,0.0191239146580594,-0.0842763964902975,-3.2130456040554707,-0.1380514986748542,-0.0816127660740217,-0.0234076963814179,0.1265461096512611,0.1796465666392564,0.0517120144769411,-0.3189852674649259,-0.1255301837375902,-0.080846404628747,-0.8964637733452328,-3.1401662556902
SIDM00136,-0.0211136766491158,0.0275842997289189,-0.147418264266449,-0.0709260454498271,0.033214342672334,-0.0528409325710041,-0.16156263463165,-1.0649163408774336,-2.3288009315086566,0.0589979322998841,0.1071322982973179,-1.282979487968679,-0.035680423559519,-0.9215229353715212,0.2479573921663299,0.1177213028609088,-1.347660357743227,-0.1028488558166474,-2.132127540914329,-0.4909521968229753,-0.7630412029456926,-1.896230076053939,0.1219927320375281,-0.45184358681069,-0.6560429934987632,-0.1318676888764748,0.0416183385606686,-0.1029494891851102,0.1135661625176137,-0.1057859572896992,0.0019812304460373,-0.008376088236675,-0.9522866677015216,-0.0662089470806943,-0.9268306997104022,-0.0128048630636015,0.1257253555737941,-0.1327437373073302,-0.0937750321963942,-0.7689686467949507,-0.113484019240616,-0.471085794041626,-0.1877964182111268,0.2968011905799375,-0.3510673594099791,-0.0755965364596005,-0.0965363693176453,-0.1511236345182805,-0.0184587203285407,-3.4562042687327263,-0.0462308915611085,-0.0550142760567437,0.0487703165974108,-0.0405713325325368,0.0723829001407888,0.0482615448766848,-0.2619428326131558,-0.3160887393259635,-0.0327605912203253,-0.7837318126807846,-2.831782654482794
SIDM01186,0.0204744162772751,0.0117077711641597,-0.5342895466893931,-0.1781120973134862,0.2459199827107454,0.117686601728018,-0.1178954095757396,-2.044697991936526,-0.9265007482657306,-0.1203621636555956,0.0192858550191046,-1.0702890681407795,-0.1257230131729285,0.0703691682988075,-0.0832441604113264,0.1077080202513179,-1.146615083494122,-0.0829290094269498,-3.184115178297912,-1.7856570228489717,-0.3973099428953027,-3.350151414422281,-0.0736221446307039,-0.3640002899934156,-2.537255903561161,-0.3284519136622272,-0.0401901273851701,-0.3086361062581195,0.1233514569604814,0.1864241637365009,-0.0231925393155819,-0.0572999398615153,-0.5097035264446227,-0.1574717596674964,-0.1565410022981982,-0.1311378526637893,0.1745662669609206,0.0457009428340639,-0.2396352999992542,-0.1185845258479924,0.1468312010001701,-0.5303828087426787,-0.0615032862486617,0.3762492910188453,-0.4032542166570673,-0.1371066502492809,-0.1940373022040205,-0.4727103019973881,-0.0450874508490527,-3.605097208786998,-0.1460370031473694,-0.2739425641194383,0.097292282064812,0.0530868029524218,0.2741809738470557,0.1920101926256759,-0.3979871704918075,-0.2688100179814322,-0.1711338854790284,-1.5095312724689458,-2.5408239342884773
SIDM00359,0.2319521518204588,0.0740924506461268,0.0422946642164951,0.15428203494249,-0.1707291989099059,-0.0965312683048696,-0.0017695982877584,-1.0550620318837818,-2.2731251613150847,0.1864144703836707,0.1414591596622808,-2.021876759143307,-0.2653568183654792,-0.4344089091334105,-0.2001568609044302,0.2612058353835781,-0.7703978202656377,-0.3898331538675447,-2.585982031059522,-1.3088481617482133,-0.7568946053607266,-2.3508927061608627,0.1529529204999214,-1.0737483008224045,-0.6039724132279615,-0.3412975719314116,0.1173711188013932,0.1928271205648819,0.0763835252832463,-0.1019530855354604,0.0369174212435394,-0.3927753058056439,-0.7802526978263091,-0.2414367224985588,-0.6542686403438513,0.0954374090185759,0.2140845452547722,-0.099878671586915,-0.286357546436753,-0.1341709854321653,-0.0325109652749167,-0.4494801385743385,-0.0030731307757707,0.645205101271644,0.0221901537740765,0.0329684773562256,-0.3645185664074239,0.1566653873609257,-0.1112042216365898,-2.869221820072437,-0.0280302243478491,-0.1670618637362164,0.1759456452472713,0.2123144736144451,0.6398479656174942,0.1660318306436391,-0.4591522408839361,-0.5533113308872621,-0.1409808175923169,-0.9240390031816386,-2.477556674965069
SIDM00629,-0.0426590334797873,0.4043846714377058,-0.1622488886816774,-0.1119062142117712,0.0734961369588592,-0.0928047565485053,-0.0188789538052754,-1.293122707523622,-1.8029211773254383,0.0518749339220757,-0.0318014427215961,-0.5253274101316686,-0.2177274255458912,0.0528148895930288,-0.1064700563946041,0.0345784722285752,-1.1517526247491214,0.0620991791069702,-2.6362045052175302,-0.3400049180148307,-0.0282645380168606,-2.277015487635756,0.1672182123125192,-0.1919367312715693,-0.0356238805291376,-0.2632916695189735,-0.1571559877824817,0.099854517449983,0.0092297895618112,-0.0112089455317866,0.2842451800173688,-0.2703459053936042,-1.073212117286634,-0.3637719804665644,-0.1997444153325757,-0.1151442305394456,0.1360102162567186,-0.0485043935351193,-0.1027832955665661,-0.086055257002455,-0.2026035008071591,-0.3773136561191108,-0.0494143638005839,0.2974084542445073,-0.4976928378898154,-0.1370777140993531,-0.402644825179882,-0.1278575913904988,-0.3287422602296347,-2.8467330307629157,-0.0911537229996587,-0.131353778925314,-0.0106763852539776,0.0045145309794666,-0.0586189364571808,0.0810936574317567,-0.3329313264830143,-0.1458579533369321,-0.0564058179244383,-1.1778063389810778,-2.524612967628119
SIDM00455,0.0552026573078909,0.220059393132277,-0.1678048005119528,-0.2701016558848129,0.1979275584067509,-0.0997640571851842,0.0413623038936233,-0.986488559397051,-1.7310030309330429,0.0973563469129279,0.032218568973787,-1.5209211528030078,-0.129738061970793,-0.0368394297974692,-0.2415458150813023,0.0979738459613556,-1.1445830326650617,0.020435751320253,-3.250394179780137,-0.6080945770807512,-0.9964976770829678,-2.298977729134821,0.231601905069765,-0.1553603029582508,-0.4015635611024262,-0.081769514286501,0.1441433285237139,-0.0787294668648083,0.1576316493961819,-0.1792065969699169,0.1719281336026146,-0.1252701292518356,-1.5867610420647846,-0.5642787779985998,-1.123288288690174,0.2939976813623502,0.231324137316867,-0.1542580009640156,-0.1773151442406104,-0.1645532036532299,0.0988788817763683,-0.2070245647994943,0.0197478204870147,0.234567291608097,-0.3043190833843144,-0.1051134780024166,-0.0896447987130212,-0.0402043398628564,-0.1348893528237394,-2.5511002854866294,0.2226830620210462,-0.1459719943016976,-0.0041175578195803,-0.024520799777395,-0.152051211333648,0.2821115911154877,-0.2054590621727942,0.0162654775875044,-0.1180021990418513,-1.0534220454844734,-2.714814649357544
SIDM00505,-0.1300703744356866,0.0464695276506411,-0.0740360320327709,-0.0702670552532738,-0.0183111821764674,-0.1538874108760907,-0.1458948891210423,-1.2088226580014587,-2.6848666680378503,0.029487755053834,-0.0133283792148517,-0.4015643110544287,-0.0954339691661843,0.0285840434066046,-1.8101491703692711,0.0663582820854553,-0.8963680479237381,0.0552494981668017,-3.63697502814572,-1.7989487329213447,-0.1634750188239223,-1.6461041250554755,0.1301573628506807,-0.0290647962791582,-0.0980095304799337,-0.1480074401909536,0.0418645899442869,-0.0802148110602385,-0.0326158023016451,-0.0375629352160909,-0.0291602018392396,-0.0805752608644826,-1.2666698549670548,-0.2688371390856757,-0.4993756901867619,-0.0207883190088038,0.0928802374777675,-0.1329538220253095,-0.0838840754939892,-0.1532505790885626,-0.0232096670909632,-0.1799545182529296,-0.135800287913041,0.1370413390133937,-0.3597080090486624,-0.0524955138189045,-0.2077001640488062,-0.097036268175047,-0.0012782250919486,-2.523805369111525,0.0679827932150061,-0.0478117466637185,0.0522044063071642,-0.014634274914918,0.027568380385846,0.0445280036942716,-0.2681555720403944,-0.2155306124494108,-0.0267122985548393,-0.928161472470186,-2.0368252495195174
SIDM00529,-0.2534778678848868,0.3112384292252471,0.0214158098976473,-0.1624036413894954,0.0070373230390232,-0.0864124841391039,0.0309147698779794,-1.3605618523334873,-2.4026400624718844,0.2074225622234546,-0.1077538402782879,-0.6036534907229125,-0.32387292430505,-0.0035675925384508,-0.6240153928215434,0.0388344919942251,-0.9298580637290642,0.1103775677971091,-3.2634930352892897,-0.5050253333099262,-0.1290885434419201,-1.7924726428290545,0.1546248971509116,-0.0173787605659068,-0.3000456955343878,-0.2617585376714511,-0.5360259598294405,0.0524747267959517,0.1721748213345604,0.0782273528193724,0.1758504089186056,-0.271029196763045,-0.8107189583209324,-0.1913557981997197,-0.2347103795462942,-0.0106212707092644,0.1158987215902111,-0.2303392885965291,-0.1437364237944512,-0.1384680641965626,-0.2145825663820276,-0.4469534268904285,-0.2839434097394957,0.0812567807092118,-0.333176808198231,0.0164623615885635,-0.0668659859116065,-0.0318343704826604,-0.6454987302173443,-2.724505915383426,-0.0909663648833329,-0.1126647451615617,-0.0721017833278885,-0.2026323166955158,0.1629824443878899,0.0507912998696757,-0.2949628081982067,-0.1727815805956118,-0.0539727762166925,-0.8381292155483098,-2.4611045027080785
SIDM00875,-0.0733525099799251,-0.0061314863980744,-0.2771843512269596,0.0700980047776787,0.1238882684157628,-0.2015140731945776,0.0202608773254026,-1.2410920134752492,-2.689064086147458,0.0421786283116061,-0.1168089274285261,-0.941785271437126,-0.054113357064558,-0.0666565666839525,-0.3221500456167691,0.0213645326342503,-0.9916275779525712,-0.0612244878841459,-2.477202325416148,-0.6473026430005625,-0.4605671125820958,-2.671601193863553,0.1256162244031511,-0.2852431306627889,-0.3208872229886294,-0.3757536406170189,0.132158365807201,-0.0016142512935893,0.1272383523418088,0.0414382892951852,-0.2133969809346794,-0.0580002075920052,-0.8330174336120962,-0.3133843366759614,-0.1980209452739829,-0.0656229335896539,0.0689263566847819,-0.0643365919973135,-0.1154088157677876,-0.1348222683373816,-0.1376465822963622,-0.0925764088407457,-0.1234316483260508,0.1586376775259486,-0.3867581077822377,-0.0865055915969014,-0.135706182024198,-0.0633858226562777,-0.0424897037923414,-3.3455383332500817,-0.0780904161655942,-0.1263652075398628,0.0560192309792645,-0.28365694028228,-0.1750782107815462,0.1201364294313849,-0.2746618241754824,-0.1378158141907252,-0.0305800894338918,-1.263145186109103,-3.1679280470597115
SIDM00841,-0.3774183669158959,0.2210935067686328,0.0617581505779405,-0.1267535236501652,0.1862996339906335,-0.1367245633349932,-0.0561707434503431,-1.244867422798278,-1.6592913900986457,0.1858622757847126,0.0147320316809871,-1.412617047977431,-0.1956422185457372,-0.2217035960441382,-0.1744170672073912,0.0951714082737064,-0.6347960117211096,0.0237364848564681,-2.314707789689063,-0.3664038563373852,-0.578862554755023,-1.827698526342128,0.1447420925223655,-0.0373427229190344,-0.2500687445685137,-0.1876662370960686,0.0631777206026666,-0.0454838003827133,-0.0087654987755885,-0.158202667159198,0.0176467611633083,-0.1028824202134389,-0.8566976904368819,-0.3141218727314358,-0.3460509697211967,-0.0691922038767099,0.1882372714508465,-0.1784290496601491,-0.0889149250006871,-0.1114058274869263,-0.0794624913609214,-0.3718674324560981,-0.2313314166568699,0.2184965886392428,-0.3707974446159269,-0.0657125868813597,-0.1662306582179298,-0.174416491696768,-0.2623829434916121,-2.656955639925065,0.0093463208319635,-0.0686377181227416,0.0023976921560951,-0.2566273890716135,0.136998973538936,0.0432754197558848,-0.2516885524165966,-0.210687663349012,-0.0230959580533112,-0.9191904120916408,-1.2520101196528983
SIDM00371,-0.2311100607003895,0.2226243799709214,-0.3696909755656278,-0.1208334444476247,0.2095920808072534,-0.0313521245208341,-0.0631192263865243,-0.6953826078905327,-1.956403128933732,-0.0613490671698923,0.1486057240407426,-1.3160684095269368,-0.0342061385618932,-0.1585393440452739,-0.0709781575201951,0.0560003696899699,-1.053115638365977,-0.0582493989618425,-1.313187633301237,-1.2377181043951644,-0.4334807742779822,-1.741767591693412,0.1494680769834728,-0.5337317091788487,-0.3295715258415214,-0.2488705718820152,-0.0004713907425968,-0.2316603858265757,-0.0056476604125578,-0.0178820025862568,0.0966748042007301,-0.0822584015065898,-0.6552449736952795,-0.3276915280122084,-0.959708147474744,-0.0508423715646788,0.0486380941258496,-0.0842987556649627,-0.0009480105389835,0.1468858950564145,-0.1336707015592033,-0.3620342076820044,-0.0805219173973654,0.2897971154289577,-0.0989889908452003,-0.0852062032521355,-0.2938129576241841,0.1644518128296349,-0.1524461651877235,-2.699487025333399,-0.1191484415663572,-0.1252009184885772,-0.038322321484141,-0.4247263652975203,-0.0071401191457749,-0.0568163941618081,-0.4595813399604807,-0.2215017501681504,0.1095763088888542,-1.4605432430744674,-2.841121713864788
SIDM00673,-0.2955530958085401,-0.0677422485471148,-0.7007797048114162,-0.1637137574278263,0.1692908151562142,-0.0075577910619435,-0.0480324088728065,-1.1598671867602142,-2.928962685365937,-0.1111488221863043,-0.1705610833456392,-0.9025290864327574,-0.3098144116825762,0.0246051220034558,-0.8375988300557704,-5.7506063038642585e-05,-0.8271215207077761,0.1690240582537846,-2.681457092166075,-0.6336106772010771,-0.0906669275044117,-2.2414821895451364,0.1199410096389088,0.0038667659417644,-0.2448993352574077,-0.2401676220159802,0.1667508568498299,-0.0725071539810496,-0.0608684832911086,0.1893050904981324,0.6546692898163967,-0.2249438378352315,-0.8094154164970215,-0.2732378493456683,0.0330943909407923,0.237057368232631,0.296492712146963,-0.2561202096724648,-0.1396090591350609,-0.4406849344960659,-0.2009634934153431,-0.29204241781086,0.062497816479615,0.0348871361781684,-0.5341633487277405,0.1025931694406943,-0.2629339427815248,0.1320604400247736,-0.1869942839245812,-1.8734348865479928,-0.1883983802069895,-0.1987079249600676,0.1473806788651904,-0.2462613804467953,0.0960602719911646,0.1098723194783877,-0.0940070586386443,-0.0776493537126485,0.1527505476991074,-1.7694109424867506,-2.2018980067951763
SIDM00884,-0.1493844667538532,0.2690069877528307,-0.4387012559866318,-0.2952136581089711,0.0775662322781167,-0.1359772181519294,-0.0354558697889424,-1.4524586403618542,-2.154079173207838,0.0723856248379326,0.1837315165048524,-0.589639500801386,-0.1936011530016956,-0.0792010866512638,-0.1565465167682777,0.0913329797287336,-0.4955363278775081,0.0837745003687602,-3.0978102156572875,-0.4292427558916267,-0.8576465953856398,-3.058241795808167,0.0794464061657747,-0.115650459128879,-0.1638118500913704,-0.2785337816061343,-0.3723038751973299,0.149097334967184,0.0503594173384085,-0.1837521795876549,0.1709570618462839,-0.0699963529611744,-0.9170344981268324,-0.237052455053865,-0.140213253697783,0.0286927252825562,0.136489872742747,-0.2140274546707092,-0.1014798763675197,0.0084126646702923,-0.0076356512666473,-0.2793213921859583,-0.1053684062720194,0.0488159857295199,-0.2609599496354427,-0.0559729070183303,-0.4225261109741356,-0.1107627104956166,-0.2162519033577628,-3.7376469975820097,-0.0155672840260982,-0.0904837122849046,0.0358716366183902,-0.1435616660527248,0.1175328925656956,0.0559833950742627,-0.2753592723963982,-0.1393882147418151,-0.1134788674045556,-0.9090196729510768,-2.7193521383286274
SIDM01037,-0.1923049233785628,0.1097026672674671,-0.0015330975421606,-0.1712927524328753,-0.0185167513415467,-0.0373603878776629,-0.1048224243727744,-1.0860407682057296,-2.0599924137906056,0.1895231037017865,-0.0486625544432225,-0.7883445240279705,-0.1335884500370312,0.0381590004329242,-0.4805578453534324,0.0444949109937193,-0.9906024888991538,-0.0098049600216097,-2.5913849316822,-0.8304612886200673,-0.1261953793910358,-2.311287594980696,0.1062831223313327,-0.3980124579450373,-0.3216235427585104,-0.2682494407745945,0.0945889047174967,-0.0275524968765233,0.0311010385122862,-0.0977711126743678,-0.1027065342539839,-0.156629326920325,-1.4883867534147162,-0.1510324263785329,-0.1355763465083762,-0.0235191374885855,0.1174963953985253,-0.1225431344956488,-0.0858524846443973,-0.0805798194619453,-0.0862730564195293,-0.2466811252199968,-0.1449961827164081,0.2450450782087934,-0.4934760628690205,-0.0897255204382626,-0.2654763873604016,-0.0554677678717763,-0.1004909441326157,-2.6526325171952334,-0.0594794080145819,-0.1963777225584888,0.01630602264719,-0.0998746979168744,0.0364133703454908,0.1081952860045362,-0.2609420679324902,-0.1909254899682079,-0.0635881670634619,-1.0761722711655537,-3.5713515480353646
SIDM01197,-0.132195029863937,-0.2365645648871657,-0.4664286664657474,-0.3131368656870124,0.0378130402497708,0.2204071780469989,-0.0688040849019609,-0.8209673813051213,-3.192059470994253,-0.0831293414793356,0.1400062497502773,-0.9334037252312952,-0.0111052040362891,0.19886518384595,-0.1469059798127942,0.1569942420295922,-1.1846038252400355,-0.1997705110415161,-2.9427728749018565,-0.9020194296025554,-1.3354604828320986,-1.726737408884839,0.1028130003207325,-0.128408069558102,-0.3822944684588579,-0.0708001853884333,-0.221891456043574,-0.0156453245344988,0.2648489227694431,-0.2452158076162087,0.2934551711218353,-0.1263731466028617,-0.565226090493519,0.1680032023576539,-1.4256803777332916,0.0666923504904178,0.0593525640008553,0.0755645386052456,-0.078859889249161,-1.2419223130624035,-0.1062356692373175,-0.4526716960468446,-0.3244474300272452,0.8779024176825982,-0.7557423801250588,-0.1087894438082849,0.0193301206040192,-0.0586277789299855,-0.0358051646781638,-2.812034533056506,0.4807806074530937,-0.0155478881162485,0.1282013250013751,-0.1567042278115283,-0.0707255117185193,0.1350018186602599,-0.1883227791425494,-0.1280832900622126,-0.3059552064129691,-0.4411679581189957,-2.122809961502002
SIDM00870,-0.2064151832955498,0.0553263858735588,-0.5776810827553731,-0.1026024323725564,0.1414502109742427,-0.0141257697838354,0.0693164809987604,-1.6793561093268636,-2.200264861777804,0.0202251864103277,-0.0906273968354609,-0.6659508402526864,-0.1062288246369431,-0.0018676528041948,0.0276666064539249,0.1515932494494188,-1.3201143946320213,-0.0665869598569023,-2.2154806555795736,-0.9211986175059854,-0.4175875200790716,-2.795084632131927,0.1330152010377598,-0.1699594906630682,-1.7147263922302485,-0.1346081026585711,-0.0833175066960082,-0.0256481953485102,-0.0202090129675692,0.1928068015418951,0.1617300181060801,-0.1375499029203978,-0.5550227468049436,-0.2545149986893532,-0.1184317649584307,0.095106559660922,0.2123804206678641,-0.2922643763709882,-0.2070184151370738,-0.164408332027511,-0.100177156350368,-0.0800566958211007,-0.1474063736838515,0.0968042266499713,-0.3153408504330161,-0.1387490890988243,-0.2251220067715411,0.0524983370743775,-0.0239740654861821,-3.529914222869265,0.0322474288017555,-0.0948198483514151,-0.0505558648613996,0.0579463741458978,0.158533455062785,-0.1290943189474175,-0.1357400836657948,-0.0971827157446637,0.0859204146980931,-0.7318776041357813,-3.275041586226662
SIDM00146,-0.170668268801891,0.1876411687861402,0.0793731049378345,-0.1046100293394953,0.226920345292484,-0.1312600605769817,0.0387855861728825,-0.954073318856756,-1.8224638244768283,0.1356542014403026,0.1328738782585052,-1.5743690310670249,-0.2035669428709856,-0.2938878506265582,-0.3066222993046391,0.1570392657289387,-1.2551739870850576,-0.0020526003098275,-2.696201787028855,-0.8783580604557364,-0.6275136925438763,-1.9444190672248287,0.2019040578972971,0.0114556277547657,-0.3446880044847121,-0.2794736895781238,-0.0522136047880173,-0.1765591047728426,0.0750201817350412,-0.2830162778559105,0.0876940833464227,-0.0561093891887018,-0.7655427049120702,-0.226271755532351,-0.070829621330107,0.0381538325292194,0.2326514630254412,-0.2173319710840813,-0.17219229277356,-0.1145609332469638,0.0672393568870322,-0.3586444439845541,-0.0027431053237333,0.2729311074375294,-0.2036314324129498,-0.0917039142352186,-0.3499887174346309,-0.0203661383520944,-0.1200030839538594,-1.829399276871183,-0.186993765350733,-0.0358619008762573,0.0120296268488498,0.0167567922767081,0.1066320634347695,-0.0219895702604793,-0.2640764809456454,-0.4258395877384205,0.0528718937767921,-0.6886703037670312,-2.543055560134951
SIDM00920,0.1445661456017704,0.4439820948025761,-0.0719018657102553,-0.4254805449734323,0.1670986111049999,-0.0504107008413467,-0.0283616274337573,-1.7510921221574811,-2.593089264779977,0.046474318529289,-0.032966695440899,-2.656455837129066,-0.2998750956790649,-0.0164659359991063,-0.4794156877542257,0.1296912486066432,-0.677803277616198,0.1387072712136423,-2.792707865205991,-2.1638651379637004,-0.1205771894187623,-2.2189962134356875,0.148303720122639,0.1030816812229515,-0.1618984007728948,-0.2804908778285382,-0.05274039583352,0.0629561622335758,0.0376278020146008,0.0051536142150159,0.2208651059003415,-0.3861651833879909,-1.015263240956572,-0.2906108297566074,-0.0302425266513025,0.0405040198289618,0.1252876117941726,-0.0731217173215039,-0.0374759975440322,-0.0646351427341995,-0.2771027497172796,-0.2024828337902808,-0.1039881146523422,0.3568402834506151,-0.3122420943344907,-0.0391316860722634,-0.2648878327372626,-0.023180020758575,-0.2296472509271692,-3.0594033762062867,0.1185568330208399,0.0713969450256997,-0.0822449093028496,-0.0536205936699417,-0.1096820338308724,0.1380167467338304,-0.2126549592004265,0.0241516882193307,-0.1256787335603508,-1.2573776523915838,-3.2754754696428057
SIDM00628,-0.1374729623846933,0.1982999023704979,-0.1818915551126369,-0.0349661055976931,0.0697441297852088,-0.0842599522927503,-0.1733668510968631,-1.5116633542752669,-2.560935731867394,-0.0156078771739325,-0.0267216788241902,-0.4574200396896848,-0.223281118715948,-0.1003198415256298,-0.8257865705020264,0.1207732296219174,-1.0535678213563782,0.1119495717104486,-2.392816245967598,-0.5136125564223142,0.022769226665572,-1.9985500363948576,-0.0223421191867692,-0.0567585873527265,-0.0861287514196582,-0.33379399609415,0.0870657501509998,0.0024123275982974,0.0910199876786605,0.0337501435486981,0.2710245810344747,-0.2749735975179284,-0.7111511469874361,-0.4165162840187596,-0.1177638385528722,-0.0420407776935104,0.0886810981405599,0.0339888196740694,-0.1246015692518504,0.0423445028068287,-0.1720798833287199,-0.1431568792327916,-0.0254964244387686,0.0903544527502651,-0.3682752300400845,-0.0619537881564063,-0.3233281934893327,-0.0762799382677749,-0.0266388324533874,-2.451649063319183,-0.1052532594291331,-0.1313055591589454,-0.032396206925603,-0.0610457542458522,0.0224153959008443,0.0471182923958443,-0.1989532678029101,-0.0953693161309942,-0.0326640733200958,-1.1006029444932257,-2.373789635554929
SIDM00933,-0.0484431937324189,-0.2026929404762678,-0.1558075740060403,-0.3513602709174332,0.0859931786588517,-0.0024945941014108,-0.0558246250153369,-1.2039222323909275,-2.1991144389082837,0.0766180554785222,0.0209021044993889,-0.7654173445325523,-0.0754911532261443,-0.0626384708009838,-0.6323508208056574,-0.0762441042579782,-0.9101121399906756,0.0629590255607628,-2.392930796861993,-1.1814029808510915,0.0237962563298567,-2.0321836943307163,0.2007895604666177,-0.1044314701220117,-0.3777495895087971,-0.1481204714739418,0.0140836022408185,-0.2483753030364922,0.0343064804302888,-0.0435506601987292,0.1275011291550404,-0.0078163398785143,-1.3473829359111904,-0.1616978383595197,-0.0951629400336046,-0.109474223445758,0.024807049460323,-0.0773892579518262,-0.0879221589287199,-0.1566524923852749,-0.1036804138133949,-0.0619862457472581,0.133109346861911,0.0726304377555519,-1.150528876281674,-0.2129648118167222,-0.3113534169599037,-0.2436741734218943,-0.0233399010064376,-2.8800420032267096,0.097028374678601,-0.0643991488104767,0.1066035089075251,0.0884854840792957,0.24860237029784,0.163348103419617,-0.38972452836964,-0.237089009860021,0.4077621984822881,-1.038116993081579,-1.720046578352215
SIDM00872,-0.3015332987285417,0.4206775149626247,0.1306882749828061,-0.0819826252034702,0.0748881551956425,-0.0701646766584504,-0.0912896462385391,-1.1326547321703933,-2.051420411569149,0.1820929083389715,0.0047248290044346,-1.1560605911442137,-0.4255547350959342,-0.0926532555800803,-0.1888366986555011,0.235597475081616,-0.6967272063585738,0.0112861068357296,-2.9258029197789157,-1.1335751517574044,-0.2678844096737561,-1.6841095558354386,0.3503749558816357,-0.6962827414021366,-0.7534795415857096,-0.3614200061887074,0.0120179959387896,-0.1991790046912391,0.010798168875886,-0.0084579207169643,0.3374752157946356,-0.0461526537465353,-1.8068428833117904,-0.0880540943373399,-0.0948181542076539,-0.1678832766300572,0.3179642285925477,-0.3505874029781989,-0.2501721021252497,-0.1277686761755076,0.0462668403170855,-0.1612220017389372,-0.0228857851955745,0.1581335698380959,-0.3756185009875958,-0.0728887965637269,-0.2290981499725244,-0.3413619868928098,-0.2653975067177386,-2.645136581972057,-0.1677391140196495,-0.0766264276012514,0.0212218059611502,-0.1838443269620193,0.1907466661878725,0.2420245912687682,0.0225107566402008,-0.0082099833627963,-0.0932520478574172,-0.678089965816419,-2.226356956061438
SIDM00630,-0.1956406449745891,0.2890317303940909,-0.7273769379942115,-0.6426898837641772,0.1575236107546138,0.0294054439482528,0.2623556594718843,-1.3676373371224753,-2.351393575997252,0.1070537877186583,0.1049207245977462,-0.9181394542902204,-0.228994182318892,-0.0338668382374686,0.011477389551556,0.1121231015848871,-0.9632407787602032,0.0136511226142091,-2.996973768980355,-2.5175239251538137,-0.4885344115774823,-2.704802498217985,0.2378742772027049,-0.025568326476011,-0.2485488032263132,-0.1599392065377593,-0.0136506584333075,-1.1775464385572525,0.1137296660799756,-0.0558881045419266,0.3951350575817239,-0.0947179938283167,-1.1462437455868868,-0.0459658282688981,-0.0818867606856014,0.1147158699657803,0.1487476140457664,-0.2800079077033899,-0.3380351954624957,0.1368506152844305,0.0049815823037231,-0.2555286208583255,-0.1379518674662505,0.086796391680759,-0.1908086987869044,-0.0286913740115969,-0.0311199470316445,-0.0669177069030191,-0.3133143456004649,-3.755885522272599,0.0261497546269345,-0.1292309673118525,0.04129287148676,0.0295066501917449,-0.0779548051718401,0.2092886701764755,-0.2948354703155884,-0.655135948512974,0.2410711052326377,-1.2994932076999473,-2.057363279535361
SIDM00272,0.0174973490435656,0.2274061780642682,-0.5152230472852968,-0.1925485374391882,0.1653947852406212,-0.1105000287019968,0.0123537089873358,-1.3585927449104502,-2.492045967281879,0.0055512891421481,0.0692555791263511,-0.7116860842597721,0.0066445916367123,-0.0135133914481283,-0.0611166318038163,0.0344355774724428,-1.2236608006535548,0.1716392070583604,-3.107333008990957,-3.6557927489833366,-0.2303063931499344,-2.134285657135454,0.1568127931595979,0.0143787960973114,-2.219390265147418,-1.39215312080589,0.0543942974302716,0.1330798205438788,0.1076900162645127,-0.1538108629650141,0.0312638230104351,-0.2084837542980753,-1.6184115766404523,-0.4553481476705298,-0.0808241432585986,0.0936030327364741,0.1540274292068592,0.0306510462252576,0.0668304969994134,-0.1360329577180786,-0.085480364816512,-0.0860939506293375,-0.0370948272990488,0.2429877567206178,-0.2028158442743295,0.0132775824993694,-0.29460043365883,0.0524473109673724,-0.3137566055423449,-2.869978305191373,-0.0606470284304143,0.0282261429353393,0.1079318881800298,0.0682127255125193,-0.001173209950618,0.065368385772629,-0.0873882808022067,-0.0230158420681644,0.0655841879925317,-1.2104006109942276,-2.2277634619315774
SIDM00541,-0.0853381100741967,0.3535207945957115,-0.2176021881349646,-0.3443059549853276,0.0537004671536026,-0.0208575071671163,0.0171974896097467,-1.2388844886762669,-2.180531266115511,-0.0036057212347461,0.1656676536024068,-1.6647979634241847,-0.0970332798333976,-0.4268391497315273,0.3972402153354525,0.1058086276191311,-1.0054657450899716,-0.0932441112167256,-2.826439729243,-1.3386261242020343,-0.4672293455675425,-1.6777786685358889,0.1586320560851636,-0.5764805194695721,-0.5649387369722665,-0.1335350882085642,0.0674857312959518,-0.0099261011535349,0.0265884202918755,-0.1727773800695004,0.166311200518155,-0.1163342682977342,-0.6650189267575322,-0.4416081705275582,-1.034171099446742,0.0831336477634402,0.073788638197077,-0.2961350575395827,0.0089739221569672,-0.1264470899265759,0.0425080285849974,-0.2164757696835527,-0.1759619198472432,0.231685967716415,-0.3234035529929408,-0.140389910704071,-0.3032185222827516,-0.0593786173361156,-0.309716780734257,-2.800554339805504,-0.0008213548059496,0.0032922217315771,0.0075511689752784,-0.2425680190876861,0.1793648255168167,0.1409019328281733,-0.0306767884539383,0.0197182347864721,0.0496467154321076,-0.3396481365997812,-2.1179164150382253
SIDM00528,-0.1730377088175416,0.2685290208818236,-1.1063792695028178,-0.0848465976723802,-0.0661610891431157,0.1018280632028988,-0.1858486860091346,-1.3720327006460629,-2.384761979591579,0.0829946928337924,-0.0531629582364868,-1.8459404391510168,-1.0748384522115015,-0.2724342941936111,0.2523701844206639,0.0519988004169807,-2.0553928229947656,-0.1144282417978441,-3.5892059230081514,-2.131452177708359,-0.1979184810371894,-2.3664436781281664,-0.0772582730733975,-0.2721351507155856,-3.321853504727496,-2.4955663185714365,-0.044642108629981,0.0601966537668613,0.0010902342879658,0.0390334536586635,-0.2379032119354774,-0.1078843956983522,-0.9797912433232076,0.0295283926336988,-0.2255487171119408,-0.0229980421540723,0.1307494002223133,0.0172658800541579,-0.2773213658584473,-0.1359309381878837,-0.0725452293299626,-0.3203762730938982,-0.0873149157308738,0.5065853623588888,-0.491297767483109,-0.1017536015203058,-0.0751419064319477,-0.0978440012031508,0.0174098495623215,-3.76121946867065,0.0569801898961302,-0.0883409107217677,0.1902928093026375,0.1019396727900556,0.1846221573539992,0.1308401715207808,-0.3507465485130753,-0.4469444998830639,-0.0965445337317756,-2.017509857890313,-2.805474472147381
SIDM00527,-0.095507634404641,-0.1943962552732877,-0.2127271829222975,-0.1511771065883249,-0.0804264272510663,-0.2356626161178589,0.3889650603054757,-1.4058184787681915,-2.132947226398553,0.1009642911934437,0.0104174432678345,-0.5256823473250648,-0.1169366892740526,-0.8842194012660053,-0.3854827597807245,0.1260998602522826,-0.2250647335934199,0.0355106676455638,-2.4043348733827448,-1.7497375350174422,-0.5670060680293526,-1.258383298795397,0.5719778710522221,-0.1524622841763106,-0.0670107802378737,-0.1164924115313533,-0.0654894958341842,-0.1253011290732353,-0.1365674124552238,0.3485228017969937,0.3064146095552342,0.0357885366929845,-1.1532393413232735,-0.4568621902936122,-0.8774341919757604,-0.0299273824185479,0.1030242162802728,-0.0182752147020157,-0.1423645853054563,-0.2651242992042603,-0.0874310910823822,-1.4272258956199289,-0.2025728276144833,0.1550603167804312,-2.233146764777534,-0.0874861473936432,-0.2653459875085401,-0.0957936145296435,-0.205973093502824,-3.064362306409804,-0.1782987441827232,0.0322450314595282,0.0435851504094937,0.1673526155495487,0.170678088973265,0.1254194505107668,-0.3350331573026084,-0.1605851360137263,-0.15191001364286,-0.7735249815486464,-2.4066573214209184
SIDM01090,-0.1122467804731885,0.2586182924072441,-0.1094259056503146,-0.1252793064474143,0.0148817328820633,-0.0125851788761852,-0.2989710640913275,-1.0669059237751086,-2.210141142764599,0.111672270411679,0.0181257327273849,-0.5379827861719038,-0.1927863366536734,-0.7007138811467144,-0.23892175760111,0.0732958177991457,-1.0375053280579851,-0.072268760558398,-1.8777569583902445,-0.6009532949425562,-0.4051400582848589,-1.971815922812304,0.0530390972428205,-0.0376556781645011,-0.2129633857088249,-0.161138504467055,0.0509477387137723,-0.0537156749877564,0.161175228606853,-0.0979339674640668,-0.031897718630638,-0.7463815130599383,-1.4963231856314474,-0.2070805372841396,-0.1668820192761254,-0.0458463913620565,0.0961938399172151,-0.0708920259045343,-0.0331117659057196,-0.2446335183637147,-0.1110908808979213,-0.3516715000944027,-0.0817911576853686,0.2420467611008935,-1.0044172418333517,-0.195441364127801,-0.0329094699082643,-0.1183661682136677,-0.1405389244771339,-2.8460598132852097,0.0053946968054464,-0.0868983380370338,0.0563409898958376,-0.0937938071011818,0.0975062768324526,0.0552500912314792,-0.3446242946309877,-0.2199310470723481,-0.0551777968318075,-0.6668909037929042,-2.461309538696584
SIDM00839,-0.0735560427334762,0.4535333958155741,-0.3823544819565125,-0.2887715414940967,0.2235669829694561,0.0152400923016395,-0.0064682373082104,-1.0756099635441767,-2.285245819588796,0.0374827364416548,0.1735205923385883,-1.5953985044277856,-0.2425105299552629,-0.4185766364372961,-0.7925431917182968,0.2642119732438689,-1.054126390801895,0.0792698791977596,-2.6693462928868628,-0.5784502599801468,-0.6406461467161582,-1.3681551734511257,0.2955997632128334,-0.2443073031731105,-0.3919878462624179,-0.1685673916942474,-0.0172350843863459,-0.174845046298035,0.040641403551929,-0.2332996330448844,0.191331117310857,-0.000126824907092,-1.5939818848316802,-0.1393054074348849,-0.1177560888734391,0.0074225208605471,0.144134617452323,-0.1343532476492095,0.0514323215348961,0.2085339845567144,0.1095900767145956,-0.2978982939521047,0.020353286306446,0.1587270979503484,-0.8497014442927027,-0.0949072640370142,-0.3283385059960044,-0.0546448538563842,-0.2276734087739211,-2.6045875643867227,-0.0085691414171014,-0.0257857841592171,0.136203701733131,0.0625537620644679,0.1367774687952037,0.0363800603081389,-0.2856793665389605,-0.2284799602730156,-0.0616875034676427,-0.7896067838393246,-1.805568387344823
SIDM00680,0.0395916164928679,0.2815818397505797,0.2140032217842782,-0.2145348859399531,0.0492611984843788,-0.0603279105562531,0.1197681182699205,-0.9541031877069444,-1.8785688600093853,-0.0031611380726266,0.1105504466590647,-0.8152780918144602,-0.2605375174992124,-0.1154069343099701,-0.7720949492282514,0.1535584229206026,-0.7840825663298076,0.1569796213894583,-2.9072883150551325,-0.7502675447825433,-0.3530889238615625,-1.6413047520324198,0.3803378175088634,-0.5854778181454385,-0.3915890332250246,-0.0624247791539264,0.0273937929113836,-0.0606564739115973,0.0578411969257382,-0.4074803584363444,-0.5862014276920104,-0.1621082271103735,-0.8498178220701917,-0.4354264419191244,-0.1402111324233542,0.0313331730305247,0.1634775510762073,-0.1569526775359712,-0.0197535337834518,-0.0504724472738651,-0.1261011971686781,-0.1042864619991099,-0.2062783274230852,0.3104384720922892,-1.3398333015727362,-0.1327537087426175,-0.278435138028597,-0.2672297603017034,-0.1072906915899863,-2.21941270669951,-0.0287579033932695,0.1308125483070112,0.0419420409620778,-0.0797015535296952,0.0004462622883617,0.2847483729324659,-0.2814358094832257,-0.2529170874455269,-0.0672499482138975,-1.0627901903868804,-1.501406187884893
SIDM00837,-0.0828414821478343,0.0918629674533649,-0.1309091687402915,-0.0492984901433551,0.0429878778363959,-0.0710008933580559,-0.0262208808215233,-1.1784388954329224,-2.779394405690704,0.1466496447942421,0.0908010055801775,-1.7122842242506682,-0.2088037779478605,-0.0047696576235327,-0.965656765161934,0.1330850533158397,-1.133794048253484,0.0921058416429467,-3.4109606080274704,-1.2527166639824876,-0.2414987132445393,-1.660845662239667,0.169488470840377,-0.7899867018610507,-0.1026920394555755,-0.0116193823264268,-0.0746795296595203,0.033680852112841,0.0745848447426276,-0.3967820515166078,-0.0211688925806726,-0.0397160772491797,-0.5024380802527776,-0.3059861517349008,-0.3847499869292086,0.0531003130762368,0.1450648841408169,-0.000121604994084,-0.1537993874808412,0.0709299008178652,-0.3519657093759862,-0.44527384535305,0.0574147975188643,0.2971725236642886,-1.3752825309069827,-0.1068220625446115,-0.1806095164849055,-0.0765601873348206,0.0430584125062136,-3.53401461436078,0.2417407452202268,-0.1107910971374749,-0.054879250044294,-0.075269028430625,0.0425794208540768,0.0374036497714127,-0.0936243655474513,-0.2626457765227554,-0.2413060623395927,-1.3807092787440869,-1.9882961261663883
SIDM00487,-0.1449808952411268,0.4003355972991508,-0.3076328902089056,-0.2345562709887185,0.3334768078039532,-0.0460857050250536,0.0868265230533153,-0.9153793086396432,-2.172896096842313,-0.0447546947158553,0.342072543899935,-1.8392583736471344,-0.4029060338138674,0.2047812356402381,-1.1264114432832948,0.1883243881505961,-0.6720298166487626,-0.0058424438727769,-2.8678593027970907,-1.5129237708013388,-0.4173091564028367,-1.8676670762792624,0.2685427624687018,-0.5849475489864622,-0.4876068679770993,-0.1310173371647595,-0.0197087773989297,-0.065221905743434,0.0870722818361646,-0.3059869502639339,0.0479659388360737,-0.332086781162301,-1.6813665493124452,-0.2396713322984901,-0.2305097165041008,0.1134157103760324,0.3054732807358962,-0.2539274721015576,-0.0996331444196,0.0904876432936812,0.1419713951891601,-0.1826700987349526,-0.4613043859403653,0.0783529959310253,-0.6033771388286788,-0.205639311573939,-0.2649155737286074,-0.1698559436817105,-0.2476571544915891,-3.220203561058516,-0.0454770863310007,-0.0575223923721283,0.3051613625680126,-0.0314149519516753,0.0424635573270084,0.1501131787389025,-0.3314061834953284,0.0432301916284582,0.1298328308530391,-0.871750429613447,-2.372313155579382
SIDM00150,0.0158746970550161,-0.1662994686862199,-0.0577432265571816,-0.0917700068037916,0.1214468355802686,-0.0612388405524578,-0.1379407790433343,-1.1035570331800069,-1.8130117551489917,0.2214689308382833,-0.1258721555079089,-0.7804065289781004,-0.0736820740854195,-0.0026875630593489,-0.3491485066351802,0.1676873040324661,-0.853657220054182,-0.0464524306327791,-3.037042141508494,-0.4372864367285296,-0.3446779868353061,-2.622693815249615,0.0075014702836272,-0.0332828315428758,-0.1505914482210724,-0.096418576744831,-0.0329406645281797,0.0056471515003499,0.1086136865980413,-0.1575832733016548,-0.2294866737955791,-0.3034730613970004,-0.5491902216277385,-0.201250413989584,-0.0358460977164577,-0.1489275112977301,0.0324138363424611,-0.3164707677116637,-0.1517062496157095,-0.1188229972720668,-0.2680651257476533,-0.2604711600244068,-0.2277024903598056,0.2785030870819329,-0.2465855219467552,-0.0778639607582975,-0.1184023621682661,-0.1996868291257248,-0.0573638919611141,-2.90520966394488,-0.0984440616013908,-0.1660800339035943,-0.0166305160203494,-0.1711431415525884,0.011347858701886,0.0801257774755358,-0.100958818964546,-0.1558635826205419,-0.1542660833587401,-0.7569100888518782,-3.3489267370973805
SIDM00498,-0.1271513777202019,0.1722144233167223,-0.2999172957426007,-0.1919994124010141,0.2116317859055568,-0.0402819739061997,-0.2975392769534907,-1.2999052667687114,-1.6715413565542545,0.3235014005647131,-0.0514852650767929,-1.2036362439306174,-0.1949411868563533,-0.2970007575345891,-0.4253133614609162,0.1033295908471093,-0.9859898506364392,0.0228609610033891,-2.9524734682040403,-0.7932254176568974,-0.4178383495954996,-1.7834329357747187,0.0952113577088302,-0.148332298727185,-0.3551582927358045,-0.0720599972605792,0.118247756456467,0.0137298930509412,0.1185716069335636,-0.1309004363134563,-0.4192472475628995,-0.051333581883823,-0.9717586237166114,-0.0958843408568362,0.0079530797096292,-0.0342588967076289,0.2497189365473793,-0.1338648049155085,-0.2063874970182641,-0.187548045890992,-0.2478440632758357,-0.5454938665796463,0.014721100946334,0.3458854511942142,-0.6087155670921117,0.0299757804405414,0.0455716331276765,-0.1860562768189859,0.0901056520768701,-2.9626805087974506,-0.3452081893522709,-0.1083609974985245,-0.1304485289371451,0.07580701267038,-0.0362398219937888,-0.0115608474043724,-0.2985960643752885,-0.063678611520192,-0.0092512485942127,-0.9994877629081084,-2.2823701339759617
SIDM00783,-0.0405551559574775,0.181343911120997,0.0459989158025253,-0.1346149940206356,0.0981722590356673,0.0601233865748523,-0.0514033950468376,-1.0803276579037493,-2.165309280130699,0.01668699658813,0.0850133971217336,-1.756734855748885,-0.2041203980221675,-0.3626173382620713,-1.2173385386225848,0.2187141331234777,-0.9305693415105616,-0.1498081924569579,-2.999015596675548,-0.8572692787799077,-0.3405149351360545,-1.7085130219053637,-0.0247522220459352,0.0123716127956702,-0.3967354246684462,-0.0186515906273504,-0.1032895449583774,-0.2782658256937098,0.2395494298651066,-0.2036510466667855,-0.3767458226059375,-0.1505734868185322,-0.9870090787221812,-0.117518761861033,-0.1058729740909988,-0.1314842812606794,0.0697227208200395,0.0201928194192742,-0.1029261260080125,0.2192728513866034,-0.0938517985991778,-0.7226946295962513,-0.1047370782022094,0.1318167134501521,-1.5873931248458888,-0.2412770840138432,-0.1076407617196014,-0.1765896197675105,0.0509653919006369,-3.587828446958212,0.1523942988421517,0.0147356623225388,-0.1255828117579542,0.0621042938349162,0.0959374383381941,-0.09292756840969,-0.1548954750619903,-0.0998794089099761,-0.1269324923588382,-0.9961888612946936,-1.7869344710712758
SIDM00660,0.026526428344988,0.0973515078806725,-0.2357699047050086,0.0414318595865375,0.274602362781027,0.2554500416360953,-0.0824876516374125,-1.3757385514346336,-2.709690789271889,0.2719792207420364,0.1398565599519406,-2.866522077677404,-0.1517336737818059,-0.6038270055733298,-1.0742706319295678,-0.0341246704892142,-1.205371045641129,-0.1596054249160947,-2.813890644231932,-0.7795501293162674,-0.575517679393513,-1.996753898392688,0.0627804030638584,-0.0401440582998824,-0.1854143915348699,0.0578724420323683,0.2697529333429523,0.0685563278291054,-0.1131162190064578,-0.0859039230349881,-0.1472304067520844,-0.1614816597068385,-0.9386708676352602,-0.1673457154974524,-0.2576793144420242,-0.0531649427692338,0.2027768297591947,-0.2064767927677623,-0.1657703704315274,-0.4013241744205807,0.170250361791274,-0.5560093390161756,0.0911061411632718,0.5681252513317483,-0.740908429495256,0.0124362796638089,-0.1031111737986382,-0.2882350004285114,0.1250458894192408,-0.4396569338927607,0.3478520288144843,-0.1128108545025038,0.0976517817375646,0.4728224172331849,-0.1736087947648906,0.2733482644215863,-0.3797620312791089,-0.4157410612523881,0.1038700864017265,-1.0724150788141629,-1.1044578122182245
SIDM00534,-0.1513386122059424,0.1562681221338894,-0.0769320297905087,-0.0078112947603429,0.1328139411884139,-0.153309109915132,-0.0750091565363217,-1.291239734477169,-2.1627895465937,-0.0708743262916284,-0.0785448259456853,-1.425534412886328,-0.0956431871852738,-0.0544677686619898,-0.6994949436738005,0.168181772017542,-1.1508378608621794,0.1291549701434394,-2.3247944928842803,-1.650324284277354,-0.3526329825204377,-1.3076533405701678,0.1329395071305195,-0.7602746183562797,-0.7997488459473289,-0.1548846518359178,-0.0887531676172663,-0.0522183127506677,-0.1663553293698205,-0.0987941688966929,-0.1372874621335664,0.0205666144383204,-0.4541920376608378,-0.1568603806016152,-0.5220925414339075,-0.0476784249686506,0.1459807089613918,-0.4146698664625381,-0.2461405093685933,-0.0173528927030756,-0.0173344396743632,-0.0076816356427119,-0.1778381445868481,0.1112359262494758,-0.2247427891564026,-0.0149224360161515,-0.2025805505331032,-0.1780038450912158,0.0091487183123216,-2.8794871085186764,-0.0395960120725637,-0.0922970042053536,0.0023456355553489,-0.3939500843530176,-0.3956647875605176,0.1464556616988253,-0.33067707437598,-0.2510174895576739,-0.0387825879042057,-0.9470310299711148,-2.721348637668247
SIDM00193,-0.234037235447828,0.1047025601495767,-0.2986592045664637,-0.4152335869535342,0.0662511881966695,-0.0943513203894499,0.1818058797800906,-1.3983611032526904,-1.88815230848074,0.0019377839865512,-0.0323424964171671,-1.7250943401019163,-0.3917334434026294,-0.2512038561075057,-0.6328182874363762,0.2848570975028621,-0.9555724079459184,-0.2908438026559428,-2.964963059054031,-0.6752603183784699,-0.9170500896041976,-1.9488878778553016,-0.2328202916519576,-0.6518052991999708,-0.5349678216858123,0.0098573088478477,0.1063509685207379,0.2470284000460774,-0.1184747445439858,-0.0450206352299206,-0.3106939285437172,-0.110239571237007,-0.6802539553360313,0.0747612348119544,0.218051686959403,-0.0532329633724231,0.1627717142040608,-0.1273211664146389,-0.3183057829888949,0.1855037690618034,-0.1428970299439353,-0.1961162465895405,-0.223174477654132,0.1828892741637428,-0.5024889200213107,-0.0893698455065641,-0.0764020486258726,-0.113868041741429,0.1310484998867702,-1.9964894812920937,-0.2203896338976324,-0.0948480718966959,0.0564104885910335,-0.000190810121934,0.1197340235434369,0.1192132150553871,-0.6165187145825957,-0.3394213821850105,-0.1091410987669055,-1.3091604326210404,-1.0951844504092068
SIDM00789,-0.1551459854298129,0.0245382921469933,-0.2438929790880752,-0.0956834636020648,0.009696891391809,0.0744028354202709,-0.1715441969987607,-0.7861918375564309,-2.168671808244988,0.1555484854877519,0.0304723595381889,-1.411848735199857,0.0511250120061881,-0.3187279213339387,-0.3114246495857281,0.1049219863990793,-1.3636037150679985,-0.3333793030561223,-1.341611494653937,-0.4108494216048404,-0.0346746703956671,-1.1834527539226385,0.0197986158328123,0.0038899340131299,-0.0437176854506482,-0.1498981878067994,0.0947389304722303,0.13132051653877,0.0678995217790741,-0.0599173360643766,-0.5364366824789073,-0.2297470710654202,-0.6704822646341224,-0.3307715355307342,-0.0640031515257907,-0.1992634103727694,-0.1714544549124983,-0.0589750464611439,-0.0469192244499363,0.1545726411132861,0.0502369673281222,-0.0586419280352192,-0.1181111960914354,0.3991033002943956,-0.3173116682939668,-0.0446867283144972,-0.1035057175662739,-0.2434868764981058,0.0366784245482993,-3.7104466495151023,-0.2277864864727408,-0.0381324172760329,0.0747017595195168,-0.0514403361915612,0.1164283776677561,0.2103626144590064,-0.2729378147020517,-0.1619174192447018,-0.2507519761284654,-0.3222710087186071,-2.38098589183902
SIDM00826,-0.0135936444777118,0.1705336764514776,-0.049273323863893,-0.2319144588102152,-0.1624828951073157,0.0184000338221043,-0.319403975798302,-1.0114017025129218,-2.3980681673642747,0.057341725489259,-0.2240653497008094,-1.8127892928015648,0.0053324922333832,-0.97983820923903,-0.3169255947654165,0.0847054059051438,-0.7880839508261865,0.0756795594298202,-2.861988501062186,-0.5108549755110825,-0.9742839963969347,-1.622817787260772,-0.1202981984004649,0.1424949525408199,-0.1586681577092889,0.0036469407318635,0.0276806028415985,-0.1850203965709687,0.2293516934050851,-0.0355766534382504,-0.05200397896074,0.1672930373115705,-1.141834950637484,-0.1743969192290642,-1.9227531074443536,-0.0135440584400413,0.2321344015228784,0.1746850189009115,0.1148316237663729,-1.001010069082103,-0.0556110049099637,-1.499013045083501,-0.2014042903132059,0.4805815000135327,-0.606036633140719,-0.1074638108514426,-0.2136525893989508,0.236405709026225,0.0350547591520504,-1.9409344181058887,0.0527237047111253,-0.017493853782394,0.2450851130606425,0.0145871812124464,0.0509834402360089,0.0505771190901515,-0.0305924408816456,-0.4045623609357128,-0.3266200169746678,-1.092343234917338,-1.8345974983490168
SIDM01042,0.0474459550673249,0.0959391620453472,-1.2714523923669043,-0.3807281855566986,0.1397835850133412,-0.1276381027604653,0.0370265737933463,-1.209518429189443,-2.466228744148789,-0.1581505301343997,0.0204391672804338,-0.6693460300702387,-0.163677120034144,-0.1728874476787956,-0.4313037825147595,-0.0197275706304194,-1.0015197539513196,0.0750615003154205,-2.3292547807425903,-0.5614418875328462,-0.7262978511639724,-1.4015826246128915,0.0408029498159583,-0.0283953717233307,-0.3997161520253216,-0.3047164842397359,-0.2839971937092937,-0.3718463015914831,0.082400709274613,0.122469755664989,-0.5128313581241832,-0.2548730060096424,-0.5529619295849042,-0.2982400545710922,0.0677210244897766,-0.0628042082396995,0.2556184585574013,0.0570012781921406,-0.1274159497435711,-0.0664613376645143,-0.1542330926492351,-0.1885807249988731,-0.0886631369950778,0.1997066167505764,-0.3086781647400259,-0.0762606655731679,-0.142181390644851,0.0092389185375844,-0.074622307061948,-2.1034139062853088,0.0373591659398471,0.0966934714296458,-0.0627551806334786,-0.3384376831396107,0.0646494981294082,0.2929141610218574,-0.2154920488065834,-0.3302847557149978,-0.1215044976937002,-0.8206331225257504,-1.459345804859332
SIDM00118,0.0524807030921999,0.2099287408943849,-0.1848752416262187,-0.0709636156829578,0.0807343371341647,0.0515014554555122,0.0974199442459692,-1.580207490434351,-2.2002087489942577,0.0978716693920275,0.1801500968924161,-3.040102510819388,-0.3978102744901456,-0.008171891031301,-0.9239221020916372,0.1208631295268025,-0.5514001141737552,-0.1056652026309816,-2.3630229134235443,-0.5057722464513899,-0.3235881706764379,-2.3193994398530906,0.1340148425761724,0.0819659597033106,-0.389068018132312,-0.1542493571053115,-0.0628317107720969,0.1556243141360406,0.0049297274023443,-0.1180387482622483,0.2345414330571602,0.0243230182194941,-0.8795044221382398,0.1015017149450908,-0.4060184330865414,0.1358246527009732,0.0892630720416799,-0.1241610807061925,-0.2067290537415402,-0.0716909278991188,0.073885681615142,-0.5289316596190634,0.0589978234515189,0.4413568815254048,-0.7441959331391542,0.0151619314494734,-0.0871895864617463,0.0003113138967033,-0.1850901386238794,-2.391287468338174,-0.3973845235871486,-0.0925729083211803,-0.0958372481671823,0.1355468196484379,0.0253803737067588,-0.0271154412668147,-0.1716590888208387,-0.5183287964335948,-0.2637306723482707,-1.4285925483182378,-1.7600920127325177
SIDM00583,-0.1763077701636016,0.1650763575059669,0.0397769357455436,-0.0429449148839695,0.1644200581599078,0.0613842679729054,-0.0333342681152244,-1.252820803461401,-1.1107390280236744,-0.0264407541513845,0.1632112997752927,-0.4534276359266749,-0.289077965918823,-0.0160034426768966,-1.2561354179262514,0.1436464543284275,-0.943054621702788,-0.1046791693497193,-2.164196216743325,-0.6929265017915406,-1.2939303055490607,-1.2028654878536402,0.3579134632418885,-0.0218499469498189,-0.3976710975037656,-0.2597896551545692,-0.0757136220301079,0.0842793489415677,-0.0353445221311187,-0.0528360340439512,0.2656815410164124,-0.0302799781883624,-0.5850000128521142,0.0685851151777585,-0.2870363183605653,-0.0858603906644941,0.3390424738480136,-0.0982666956088866,-0.0890211318125436,-0.0626101239616631,-0.1417219129358005,-0.6852208328437311,-0.0543297408716572,0.2121050859149269,-0.2990305789139547,0.0246954628145429,-0.0888962954470882,-0.0773008042399741,-0.082581486873746,-2.711786958965458,-0.2005413431736709,-0.079218808364264,-0.1558250254556895,-0.1644741992223115,0.1624655001954252,0.0042540423916929,0.0121947055467572,-0.3820793836894529,-0.2083305137553363,-0.4648032706933304,-2.2061790664004244
SIDM00537,-0.1847253229400186,-0.0821106525379921,-0.237887935755293,-0.1035310435727278,-0.1660417540657371,-0.0592582846004646,-0.0838496490994485,-1.5551233523076031,-2.6101713124267425,-0.0062396860369286,0.0236976285681742,-0.8160342239902946,-0.076946423015277,0.0001836739260476,-1.6194126457456928,0.1045385911333587,-0.9394373108026473,-0.1624600587015491,-2.401701451018224,-0.5684720760929715,-0.0941854344455978,-1.66198299158285,0.2376989845128717,-0.325189914716334,-0.4800186064806062,-0.1469183709563942,0.0173511730786471,0.0165819375181646,-0.0021042252138119,0.0112750000509164,-0.2216708429860049,-0.074331633467053,-0.8805797082326468,-0.205094387272951,-0.1413045788125785,0.0379811232878991,0.1092132189097524,-0.2332067667053301,-0.1877493719106615,0.0124664965297007,0.0116940305361653,-0.2842043469340813,0.0455735281773452,0.3294124280141036,-1.7370578517408617,0.0445755662296993,-0.1731933327084846,0.1582174742903457,0.0604051777460196,-3.072813804918269,-0.0426435786269343,-0.2898031155070145,0.0247806699301622,-0.2221240050013493,-0.3341268109565828,0.0691957838467079,-0.373959201200686,-0.0008123014079716,-0.0416432318880212,-1.379594861102558,-2.711584492346222
SIDM00332,-0.0477826808529017,0.2474107639024788,-0.2852568351657342,-0.1335362278741917,0.0987411437283586,-0.0841716025360244,-0.0709991753321064,-1.5364850160480827,-2.41261234741142,-0.0140515557709994,0.0134270071243761,-1.3185298937795011,-0.0448292908616307,0.0001777905112353,-0.191229050313407,0.0756373855455514,-1.1067273680995593,-0.0216975342677203,-2.6538798064106466,-1.8150115589211788,-0.2441547905978873,-2.2263373504961184,0.2069907710759664,-0.1993659359986218,-0.1912929132803933,-0.1710629160056875,0.1991253683569491,-1.3892159443389298,0.1305041182092718,0.0478089641087437,-0.041440423656327,-0.2147610309175171,-0.4096622511044326,-0.4109985023215445,-0.1704944564367056,-0.0337488409599373,0.0591069240375802,-0.0195385821814069,-0.2360612912278481,-0.2273128994903167,-0.1276772166505848,-0.2822284187318522,-0.0331889133228847,0.2269291611217992,-0.3919757420455425,-0.2066139404064956,-0.2385247189778175,-0.1014318195668782,-0.0889632189479452,-2.9716791848665003,-0.2531518804790764,-0.0900931752951686,0.0731550425835084,-0.0517768282082619,-0.1811194931847713,0.1477258383113496,-0.2177562962183943,-0.091939331582476,-0.0285053473796888,-1.0304298967359862,-3.182530111680395
SIDM00954,0.0546221556112689,0.2016080545959258,0.0305300474691398,0.0635305761726167,0.3010295742147083,0.0021905920533955,-0.2353357398422498,-1.2222046283480217,-2.27794470401598,0.1136877817790774,-1.0676528993540106,-0.7234930362568864,-0.2158158836343284,0.1296224558361234,-0.1493846440108136,0.1891419341178828,-1.1475351705122474,-0.162927974123527,-2.800318608369021,-0.03645891550492,0.0042313717894555,-2.0118240170283364,0.1355627788486756,-0.1660314470113915,-0.4165807680168366,-0.365287766570267,-0.040957160205432,0.0064226558907636,0.182773280721904,0.0051074702166481,-0.1522287966731969,-0.0241680277229689,-0.9709348059830744,-0.5310549593646178,-0.9057759525131368,0.0235798517442995,0.1072817604296517,0.0654374553983438,-0.1342210309503294,0.0147968091107224,-0.2120151023286269,-0.2574649432783001,0.019331412306514,0.2500348148316313,-0.3976245613682757,-0.1511784184781101,-0.3975222567663353,-0.0185619480861872,-0.2221487955311754,-3.164448280766023,-0.2190655717119119,-0.1137387248427387,0.0358634747226253,0.1143284819266099,-0.1472723474806913,0.2167641665331821,0.1153304821814164,-0.1752343811474861,-0.3314790905060346,-0.5819149607499122,-3.072431001568958
SIDM00241,0.3734377022718567,0.065513738427262,-0.8833222108516411,-0.2483883154023692,0.2027154572100191,0.1324783790538833,-0.069924615497431,-1.459315886657481,-2.5458239760208285,0.2511675272803982,0.0068396798434598,-1.719005726573534,-0.5022456172261048,-0.2478049374511,-0.3333430175382064,0.0225423078114164,-0.2477737482096967,-0.0895923223803362,-2.8115481497347736,-0.3630441462187829,-0.233366509417932,-1.5393747189845726,0.130614384793542,-0.145427977065943,-2.51851861849434,-1.5975631210356087,-0.2185910383021735,-0.2212548414684224,0.1203857862285867,0.0412452714725838,0.0410888441538119,-0.0014099852760884,-0.7211335873064818,0.0888538225409182,0.1928755870091437,0.0216958021603445,0.2358754061535922,-0.308376384009499,-0.4584479649532651,0.1720047059096762,0.1682965275544651,-0.3157866662551861,-0.5087141089364176,0.1721235540716973,-0.6617504278809787,0.0092270077788126,-0.204543901403253,-0.5727632738160864,-0.0906296180670629,-3.438450371857383,-0.1541931683885141,-0.198151627216827,-0.1354989687297356,-0.5086429168622849,0.01601407926797,-0.1684185972465295,0.1302177623775877,-0.271690041963384,-0.1782925850258299,-0.9788932358053012,-1.4736046609319784
SIDM00042,-0.225675306987256,0.3507914081403047,-0.2986024300391618,-0.1059040010235477,0.206663487995596,0.1258265493230128,-0.0653175016413214,-1.1964836160755323,-2.08613583380816,-0.1246624147571434,0.1481327359703529,-1.6178621572206255,-0.2662355504287396,-0.1368860670044626,-0.0539037602650327,0.002899657556868,-1.233956238337154,-0.1288302570197237,-1.8736604400607648,-1.1010566069905212,-0.4447413119223712,-2.337448026237121,0.3593527937783052,0.0982390605095146,-0.4855447030910653,-0.2772633284359319,-0.3308647012664205,0.031261816834359,0.1781697148542312,-0.3255488636947917,-0.2955948821269053,-0.1622651709203639,-1.4211119515151802,-0.4403030667247838,-1.0212409116520431,0.00621423798449,0.087379683650473,-0.0822917300957534,0.2339374266873229,0.1986624392532782,-0.146850188351558,-0.5256201181724528,0.1519424870533776,0.00885640277524,-0.3724060941886444,-0.3124851716108578,-0.166941111354735,-0.0788427290186858,0.1346092431065532,-2.961722996601861,-0.0703480752813051,0.2101532299612047,0.0920913644472692,-0.2079122680726358,-0.1553163011994217,0.2450275790759847,0.0408890830930269,-0.3009497611842652,0.2170357191314757,-0.9178293955623724,-2.370761816880117
SIDM00049,-0.3592733911367464,-0.0909722100371311,-0.5548170095132711,0.0988021353620518,0.0955345468947763,-0.0006628671797779,-0.1785744743400523,-1.16895780036066,-3.043709944469774,0.1565567128946287,-0.0562993084762902,-3.682856662990011,-0.2221294693395389,-0.181861262861573,-0.1982155318110853,0.1296716055692784,-0.7816366728181108,-0.2947125062900371,-2.6366495196537088,-1.0346637941996597,-0.675520654814325,-1.6628694889460216,0.1103943854315292,-0.946212639950968,-0.1940774982309733,-0.267768822722052,0.0269060909253247,0.0387718255147521,0.1108913202423842,-0.1253421303828264,0.0884338203132547,-0.1624600817176802,-0.2975634797210447,-0.1212362972618231,-0.6491424564042497,0.1602045938614003,0.0683855485646017,0.0066145290846893,-0.2100230777397817,0.0647661941718494,-0.101217094347352,-0.311293612788758,-0.0337499592094687,0.5310312125115924,-0.1614713760899599,0.0072454180517011,-0.1282146732932024,0.0074669784124669,-0.1515956032749348,-3.0758075119184545,-0.1264784316571258,-0.2680542300786179,0.1207471841388026,-0.9598239430749652,0.3582870562686682,0.3465004986339745,-0.3605986040922064,-0.4113630943259736,-0.1943355094584429,-0.9543865548261116,-2.237575841952195
