BARCODE,SCAN_ID,DATE_CREATED,SCAN_DATE,CELL_ID,MASTER_CELL_ID,COSMIC_ID,CELL_LINE_NAME,SEEDING_DENSITY,DRUGSET_ID,ASSAY,DURATION,COSMIC identifier,tissue,growth,medium,model_id,patient_id,parent_id,unit,identity_qualified,log2_density,date_cluster,split,gdsc:1032:2uM,gdsc:1036:10uM,gdsc:1060:0.25uM
3230,2945,2015-02-12 23:00:00,2015-02-16 23:00:00,4712,198,753608.0,PC-14,250.0,159,Glo,4.0,753608.0,lung_NSCLC,Adherent,R,SIDM00237,SIDP00627,,SIDP00627,True,7.965784284662087,2015-02-12,development,0.6288041944301208,0.400161220984231,0.13945540565682824
3236,2947,2015-02-12 23:00:00,2015-02-16 23:00:00,2878,369,905949.0,A549,150.0,159,Glo,4.0,905949.0,lung_NSCLC,Adherent,D/F12,SIDM00903,SIDP00060,,SIDP00060,True,7.22881869049588,2015-02-12,development,0.36607648972505114,0.4197300229982597,0.4435926714462213
3242,2948,2015-02-12 23:00:00,2015-02-16 23:00:00,4740,953,906793.0,A375,150.0,159,Glo,4.0,906793.0,skin,Adherent,D/F12,SIDM00795,SIDP00054,,SIDP00054,True,7.22881869049588,2015-02-12,development,0.1532894210382948,0.6631171478616803,0.6843495966174222
3266,2956,2015-02-12 23:00:00,2015-02-16 23:00:00,2354,793,906836.0,DEL,200.0,159,Glo,4.0,906836.0,lymphoma,Suspension,R,SIDM00949,SIDP00432,,SIDP00432,True,7.643856189774724,2015-02-12,development,0.6778879679289291,0.4372164896614986,0.16101693955696106
3278,2964,2015-02-12 23:00:00,2015-02-16 23:00:00,2377,324,949166.0,EW-13,5000.0,159,Glo,4.0,949166.0,bone,Suspension,R,SIDM00621,SIDP00517,,SIDP00517,True,12.287712379549449,2015-02-12,development,0.14820074439234976,0.029539368654177833,-0.13505668282326044
3339,3068,2015-02-16 23:00:00,2015-02-20 23:00:00,2575,555,1240124.0,CL-40,400.0,159,Glo,4.0,1240124.0,large_intestine,Adherent,D/F12,SIDM00960,SIDP00421,,SIDP00421,True,8.643856189774725,2015-02-16,development,-0.010101932965454363,0.19408636547316072,0.5183747827275165
3348,3072,2015-02-16 23:00:00,2015-02-20 23:00:00,4711,2242,906830.0,C32,625.0,159,Glo,4.0,906830.0,skin,Adherent,D/F12,SIDM00890,SIDP00071,,SIDP00071,True,9.287712379549449,2015-02-16,development,0.07538920087222478,0.7593702721703369,0.8285442706897916
3351,3074,2015-02-16 23:00:00,2015-02-20 23:00:00,2231,1145,909776.0,U-2-OS,625.0,159,Glo,4.0,909776.0,bone,Adherent,R,SIDM01191,SIDP00358,,SIDP00358,True,9.287712379549449,2015-02-16,development,0.12450261634250637,0.0024716350089997174,-0.22126318037673487
3357,3078,2015-02-16 23:00:00,2015-02-20 23:00:00,2199,2194,1240221.0,TC-71,400.0,159,Glo,4.0,1240221.0,bone,Adherent,D/F12,SIDM00419,SIDP01058,,SIDP01058,True,8.643856189774725,2015-02-16,development,0.15030638577165745,0.23751746616240388,0.04370154671142845
3360,3080,2015-02-16 23:00:00,2015-02-20 23:00:00,3832,1625,1789883.0,DIFI,300.0,159,Glo,4.0,1789883.0,large_intestine,Adherent,D/F12,SIDM00049,SIDP00658,,SIDP00658,True,8.228818690495881,2015-02-16,development,0.7321911411544961,0.16736858489726936,0.35238148181090456
3366,3084,2015-02-16 23:00:00,2015-02-20 23:00:00,2514,607,909698.0,RKO,300.0,159,Glo,4.0,909698.0,large_intestine,Adherent,D/F12,SIDM01090,SIDP00289,,SIDP00289,True,8.228818690495881,2015-02-16,development,0.20011680140187438,0.27909481382240797,0.4436626438054202
3384,3096,2015-02-16 23:00:00,2015-02-20 23:00:00,2572,1153,1290769.0,CL-11,625.0,159,Glo,4.0,1290769.0,large_intestine,Adherent,D/F12,SIDM00944,SIDP00419,,SIDP00419,True,9.287712379549449,2015-02-16,development,-0.01843220999634343,0.2186442479543852,0.6208913077158638
3481,3188,2015-02-23 23:00:00,2015-02-27 23:00:00,4712,198,753608.0,PC-14,250.0,159,Glo,4.0,753608.0,lung_NSCLC,Adherent,R,SIDM00237,SIDP00627,,SIDP00627,True,7.965784284662087,2015-02-23,development,0.6420777654403176,0.13669178016617722,0.008113249616013785
3484,3190,2015-02-23 23:00:00,2015-02-27 23:00:00,2878,369,905949.0,A549,150.0,159,Glo,4.0,905949.0,lung_NSCLC,Adherent,D/F12,SIDM00903,SIDP00060,,SIDP00060,True,7.22881869049588,2015-02-23,development,0.22620696290841402,0.13753605388972867,0.3148778719270994
3487,3192,2015-02-23 23:00:00,2015-02-27 23:00:00,4740,953,906793.0,A375,150.0,159,Glo,4.0,906793.0,skin,Adherent,D/F12,SIDM00795,SIDP00054,,SIDP00054,True,7.22881869049588,2015-02-23,development,0.157055809808186,0.5926057399215181,0.6381231402197403
3490,3194,2015-02-23 23:00:00,2015-02-27 23:00:00,2181,3,905962.0,SW620,300.0,159,Glo,4.0,905962.0,large_intestine,Adherent,D/F12,SIDM00841,SIDP00019,,SIDP00019,True,8.228818690495881,2015-02-23,development,-0.06841003449517635,-0.05322431772471736,0.5690471051189665
3493,3196,2015-02-23 23:00:00,2015-02-27 23:00:00,4576,1212,905939.0,HT-29,200.0,159,Glo,4.0,905939.0,large_intestine,Adherent,R,SIDM00136,SIDP00736,,SIDP00736,True,7.643856189774724,2015-02-23,development,0.09478327542937581,0.265755390678713,0.5310671594064688
3496,3198,2015-02-23 23:00:00,2015-02-27 23:00:00,2791,1553,905937.0,HCT-15,150.0,159,Glo,4.0,905937.0,large_intestine,Adherent,R,SIDM00789,SIDP00030,,SIDP00030,True,7.22881869049588,2015-02-23,development,0.49642662721171404,0.24544412269728288,0.13136897910905498
3499,3200,2015-02-23 23:00:00,2015-02-27 23:00:00,2536,37,909740.0,SNU-C2B,200.0,159,Glo,4.0,909740.0,large_intestine,Adherent,R,SIDM00781,SIDP00035,,SIDP00035,True,7.643856189774724,2015-02-23,development,0.4960494234467825,0.2683182392140333,0.1944686669143132
3502,3202,2015-02-23 23:00:00,2015-02-27 23:00:00,3192,339,908134.0,MHH-ES-1,500.0,159,Glo,4.0,908134.0,bone,Adherent,R,SIDM00386,SIDP01001,,SIDP01001,True,8.965784284662087,2015-02-23,development,0.11035424145167361,0.05351135306549215,-0.11708869286540846
3505,3204,2015-02-23 23:00:00,2015-02-27 23:00:00,3180,921,910948.0,MFM-223,625.0,159,Glo,4.0,910948.0,breast,Adherent,D/F12,SIDM00332,SIDP00998,,SIDP00998,True,9.287712379549449,2015-02-23,development,0.14896428801693207,0.18838976053521694,-0.041724241123013206
3508,3206,2015-02-23 23:00:00,2015-02-27 23:00:00,4711,2242,906830.0,C32,625.0,159,Glo,4.0,906830.0,skin,Adherent,D/F12,SIDM00890,SIDP00071,,SIDP00071,True,9.287712379549449,2015-02-23,development,0.13688044726713466,0.6723270884756803,0.8670275490308121
3511,3208,2015-02-23 23:00:00,2015-02-27 23:00:00,2231,1145,909776.0,U-2-OS,625.0,159,Glo,4.0,909776.0,bone,Adherent,R,SIDM01191,SIDP00358,,SIDP00358,True,9.287712379549449,2015-02-23,development,0.16455415659297445,0.07969967736225503,-0.12183636919733498
3535,3218,2015-02-23 23:00:00,2015-02-27 23:00:00,2141,794,905965.0,SR,1250.0,159,Glo,4.0,905965.0,lymphoma,Suspension,R,SIDM00096,SIDP00768,,SIDP00768,True,10.287712379549449,2015-02-23,development,0.5366211356634476,0.5475185776362956,0.05277908855171942
3538,3220,2015-02-23 23:00:00,2015-02-27 23:00:00,2100,304,909722.0,SKM-1,2500.0,159,Glo,4.0,909722.0,leukemia,Suspension,R,SIDM00380,SIDP00953,,SIDP00953,True,11.287712379549449,2015-02-23,development,0.34107059819201246,0.23076440443578639,0.7890791868272772
3550,3226,2015-02-23 23:00:00,2015-02-27 23:00:00,2328,2128,910569.0,COLO-320-HSR,625.0,159,Glo,4.0,910569.0,large_intestine,Suspension,R,SIDM00842,SIDP00018,,SIDP00018,True,9.287712379549449,2015-02-23,development,0.16198092443699996,0.050562028338898,-0.12775857056446815
3553,3228,2015-02-23 23:00:00,2015-02-27 23:00:00,3832,1625,1789883.0,DIFI,300.0,159,Glo,4.0,1789883.0,large_intestine,Adherent,D/F12,SIDM00049,SIDP00658,,SIDP00658,True,8.228818690495881,2015-02-23,development,0.8583216098845785,0.32933092497289285,0.20165299660631564
3556,3230,2015-02-23 23:00:00,2015-02-27 23:00:00,5509,1915,1240123.0,CCK-81,300.0,159,Glo,4.0,1240123.0,large_intestine,Adherent,R,SIDM00487,SIDP00854,,SIDP00854,True,8.228818690495881,2015-02-23,development,0.6857592874603811,0.0042052731535503485,0.34889744827784097
3562,3234,2015-02-23 23:00:00,2015-02-27 23:00:00,2582,1687,905961.0,COLO-205,700.0,159,Glo,4.0,905961.0,large_intestine,Suspension,R,SIDM00826,SIDP00002,,SIDP00002,True,9.451211111832327,2015-02-23,development,0.07541413741897596,0.5443791065896136,0.5924873680849276
3568,3238,2015-02-23 23:00:00,2015-02-27 23:00:00,2514,607,909698.0,RKO,300.0,159,Glo,4.0,909698.0,large_intestine,Adherent,D/F12,SIDM01090,SIDP00289,,SIDP00289,True,8.228818690495881,2015-02-23,development,0.02308100663739099,0.3874151940013373,0.11255138994722602
3571,3240,2015-02-23 23:00:00,2015-02-27 23:00:00,4072,40,909718.0,SK-CO-1,900.0,159,Glo,4.0,909718.0,large_intestine,Adherent,R,SIDM01096,SIDP00305,,SIDP00305,True,9.813781191217036,2015-02-23,development,-0.08281460992963874,-0.12087317283411436,0.45032401916605347
3689,3391,2015-02-26 23:00:00,2015-03-02 23:00:00,2449,724,907794.0,LS-411N,350.0,159,Glo,4.0,907794.0,large_intestine,Adherent,R,SIDM00660,SIDP00151,,SIDP00151,True,8.451211111832329,2015-02-26,development,0.5480549151852164,0.39225201250655506,0.6307976996586298
3692,3393,2015-02-26 23:00:00,2015-03-02 23:00:00,3113,2266,907792.0,LS-123,700.0,159,Glo,4.0,907792.0,large_intestine,Adherent,D/F12,SIDM00776,SIDP00039,,SIDP00039,True,9.451211111832327,2015-02-26,development,0.20849236693350093,0.034239009336275994,0.12359797976369291
3695,3395,2015-02-26 23:00:00,2015-03-02 23:00:00,2448,1756,917486.0,LS-1034,400.0,159,Glo,4.0,917486.0,large_intestine,Adherent,R,SIDM00681,SIDP00149,,SIDP00149,True,8.643856189774725,2015-02-26,development,0.002110960703650022,-0.1605333535852056,-0.14195876618578973
3704,3401,2015-02-26 23:00:00,2015-03-02 23:00:00,2396,43,905971.0,HCC2998,400.0,159,Glo,4.0,905971.0,large_intestine,Adherent,R,SIDM00118,SIDP00732,,SIDP00732,True,8.643856189774725,2015-02-26,development,0.23975855590551487,-0.11894721805188002,0.2878861952650159
3714,3407,2015-02-26 23:00:00,2015-03-02 23:00:00,3414,1230,724825.0,NCI-H929,1250.0,159,Glo,4.0,724825.0,myeloma,Suspension,R,SIDM01148,SIDP00271,,SIDP00271,True,10.287712379549449,2015-02-26,development,0.3671243497400184,0.027235811259918696,0.26716599226381776
3735,3413,2015-02-26 23:00:00,2015-03-02 23:00:00,2333,1845,753546.0,CP66-MEL,625.0,159,Glo,4.0,753546.0,skin,Adherent,D/F12,SIDM00190,SIDP00562,,SIDP00562,True,9.287712379549449,2015-02-26,development,0.12043138088770478,0.3113532436662161,0.4943233587065683
3738,3415,2015-02-26 23:00:00,2015-03-02 23:00:00,3069,598,907311.0,KU812,1250.0,159,Glo,4.0,907311.0,leukemia,Suspension,R,SIDM00308,SIDP00606,,SIDP00606,True,10.287712379549449,2015-02-26,development,0.4929781848453785,0.4929781848453785,0.9282673573973157
3945,3527,2015-03-09 23:00:00,2015-03-13 23:00:00,2512,69,909697.0,RF-48,625.0,159,Glo,4.0,909697.0,digestive_system,Adherent,D/F12,SIDM01092,SIDP00288,,SIDP00288,True,9.287712379549449,2015-03-09,development,0.15609943288065098,0.4029050235678787,0.30798713076156814
3954,3531,2015-03-09 23:00:00,2015-03-13 23:00:00,2639,1185,906832.0,DB,625.0,159,Glo,4.0,906832.0,lymphoma,Suspension,R,SIDM00886,SIDP00089,,SIDP00089,True,9.287712379549449,2015-03-09,development,0.2962104167055324,0.3649931165127074,-0.07772417772653095
3960,3535,2015-03-09 23:00:00,2015-03-13 23:00:00,2141,794,905965.0,SR,625.0,159,Glo,4.0,905965.0,lymphoma,Suspension,R,SIDM00096,SIDP00768,,SIDP00768,True,9.287712379549449,2015-03-09,development,0.6718810058348026,0.5054883601328979,0.2835987286119531
3966,3538,2015-03-09 23:00:00,2015-03-13 23:00:00,2452,2066,713878.0,LU-139,1250.0,159,Glo,4.0,713878.0,lung_SCLC,Suspension,R,SIDM00293,SIDP00611,,SIDP00611,True,10.287712379549449,2015-03-09,development,0.22568433964105783,0.018790580682416347,0.15326286736289907
3969,3540,2015-03-09 23:00:00,2015-03-13 23:00:00,5513,928,1240173.0,MDST8,150.0,159,Glo,4.0,1240173.0,large_intestine,Adherent,R,SIDM00527,SIDP00817,,SIDP00817,True,7.22881869049588,2015-03-09,development,0.03458193122670816,0.4266681745591545,0.5340248430868406
3972,3542,2015-03-09 23:00:00,2015-03-13 23:00:00,5572,1688,907287.0,HT55,300.0,159,Glo,4.0,907287.0,large_intestine,Adherent,D/F12,SIDM00541,SIDP00811,,SIDP00811,True,8.228818690495881,2015-03-09,development,0.42129708774441954,0.276022933773033,0.6783335448676726
3978,3545,2015-03-09 23:00:00,2015-03-13 23:00:00,2102,699,753538.0,Ca9-22,625.0,159,Glo,4.0,753538.0,aero_dig_tract,Adherent,D/F12,SIDM00489,SIDP00852,,SIDP00852,True,9.287712379549449,2015-03-09,development,0.4711780062208427,0.02928375829571872,0.3035831780231827
3981,3547,2015-03-09 23:00:00,2015-03-13 23:00:00,2657,162,910936.0,DOK,300.0,159,Glo,4.0,910936.0,aero_dig_tract,Adherent,D/F12,SIDM00540,SIDP00805,,SIDP00805,True,8.228818690495881,2015-03-09,development,0.6173047284508574,0.08174616946895308,0.5131818331678042
3987,3550,2015-03-09 23:00:00,2015-03-13 23:00:00,2358,1563,924108.0,CaR-1,625.0,159,Glo,4.0,924108.0,large_intestine,Adherent,D/F12,SIDM00488,SIDP00853,,SIDP00853,True,9.287712379549449,2015-03-09,development,0.3286978205347211,0.13270843662634946,0.11094399053384607
3993,3552,2015-03-09 23:00:00,2015-03-13 23:00:00,2930,2099,907289.0,HT-115,400.0,159,Glo,4.0,907289.0,large_intestine,Adherent,D/F12,SIDM00534,SIDP00810,,SIDP00810,True,8.643856189774725,2015-03-09,development,0.1578440364697632,-0.018093524969035046,-0.02437362805895793
3996,3554,2015-03-09 23:00:00,2015-03-13 23:00:00,2716,741,907291.0,GP5d,400.0,159,Glo,4.0,907291.0,large_intestine,Adherent,D/F12,SIDM00537,SIDP00808,,SIDP00808,True,8.643856189774725,2015-03-09,development,0.33427699128886557,-0.05801420507760069,-0.02838698215482305
3999,3555,2015-03-09 23:00:00,2015-03-13 23:00:00,2181,3,905962.0,SW620,300.0,159,Glo,4.0,905962.0,large_intestine,Adherent,D/F12,SIDM00841,SIDP00019,,SIDP00019,True,8.228818690495881,2015-03-09,development,0.26884594560524977,0.2591500699928996,0.5599171059478636
4002,3556,2015-03-09 23:00:00,2015-03-13 23:00:00,4392,1833,910554.0,CW-2,625.0,159,Glo,4.0,910554.0,large_intestine,Adherent,R,SIDM00282,SIDP00586,,SIDP00586,True,9.287712379549449,2015-03-09,development,0.4887564174453509,-0.003617261066743316,0.07487293808462414
4005,3558,2015-03-09 23:00:00,2015-03-13 23:00:00,4577,305,907073.0,HUTU-80,75.0,159,Glo,4.0,907073.0,digestive_system,Adherent,D/F12,SIDM00694,SIDP00137,,SIDP00137,True,6.22881869049588,2015-03-09,development,0.6055641512132488,0.37544606759419696,0.3831141015259102
4008,3559,2015-03-09 23:00:00,2015-03-13 23:00:00,2790,1920,905936.0,HCT-116,125.0,159,Glo,4.0,905936.0,large_intestine,Adherent,R,SIDM00783,SIDP00033,,SIDP00033,True,6.965784284662087,2015-03-09,development,0.3682324180815624,0.0633034968960835,0.3832190457219453
4094,3669,2015-03-15 23:00:00,2015-03-19 23:00:00,4712,198,753608.0,PC-14,250.0,159,Glo,4.0,753608.0,lung_NSCLC,Adherent,R,SIDM00237,SIDP00627,,SIDP00627,True,7.965784284662087,2015-03-15,development,0.6554644062112323,0.30924612496681214,0.15233115289127241
4095,3670,2015-03-15 23:00:00,2015-03-19 23:00:00,4712,198,753608.0,PC-14,250.0,159,Glo,4.0,753608.0,lung_NSCLC,Adherent,R,SIDM00237,SIDP00627,,SIDP00627,True,7.965784284662087,2015-03-15,development,0.6571718466572194,0.07636105126998549,0.17392905060760544
4096,3671,2015-03-15 23:00:00,2015-03-19 23:00:00,4712,198,753608.0,PC-14,250.0,159,Glo,4.0,753608.0,lung_NSCLC,Adherent,R,SIDM00237,SIDP00627,,SIDP00627,True,7.965784284662087,2015-03-15,development,0.6463062817536588,0.24910364554918718,0.2893314921684079
4115,3690,2015-03-15 23:00:00,2015-03-19 23:00:00,4740,953,906793.0,A375,150.0,159,Glo,4.0,906793.0,skin,Adherent,D/F12,SIDM00795,SIDP00054,,SIDP00054,True,7.22881869049588,2015-03-15,development,0.3673486811239629,0.6903841864829374,0.5827056846966125
4116,3691,2015-03-15 23:00:00,2015-03-19 23:00:00,4740,953,906793.0,A375,150.0,159,Glo,4.0,906793.0,skin,Adherent,D/F12,SIDM00795,SIDP00054,,SIDP00054,True,7.22881869049588,2015-03-15,development,0.15394522283731993,0.5592172910543098,0.46823360787694357
4117,3692,2015-03-15 23:00:00,2015-03-19 23:00:00,4740,953,906793.0,A375,150.0,159,Glo,4.0,906793.0,skin,Adherent,D/F12,SIDM00795,SIDP00054,,SIDP00054,True,7.22881869049588,2015-03-15,development,0.08497239620216468,0.6707369960557703,0.646676072283058
4122,3697,2015-03-15 23:00:00,2015-03-19 23:00:00,2181,3,905962.0,SW620,300.0,159,Glo,4.0,905962.0,large_intestine,Adherent,D/F12,SIDM00841,SIDP00019,,SIDP00019,True,8.228818690495881,2015-03-15,development,0.142684821240477,0.30513231593365975,0.5020421158470979
4123,3698,2015-03-15 23:00:00,2015-03-19 23:00:00,2181,3,905962.0,SW620,300.0,159,Glo,4.0,905962.0,large_intestine,Adherent,D/F12,SIDM00841,SIDP00019,,SIDP00019,True,8.228818690495881,2015-03-15,development,0.29658840456192925,0.25142732117246525,0.6528619736896366
4124,3700,2015-03-15 23:00:00,2015-03-19 23:00:00,2181,3,905962.0,SW620,300.0,159,Glo,4.0,905962.0,large_intestine,Adherent,D/F12,SIDM00841,SIDP00019,,SIDP00019,True,8.228818690495881,2015-03-15,development,0.1288367476761344,0.04582602793457413,0.5696504975682479
4129,3705,2015-03-15 23:00:00,2015-03-19 23:00:00,4576,1212,905939.0,HT-29,200.0,159,Glo,4.0,905939.0,large_intestine,Adherent,R,SIDM00136,SIDP00736,,SIDP00736,True,7.643856189774724,2015-03-15,development,0.2848636013158725,0.5343780834403107,0.5593483298307147
4130,3706,2015-03-15 23:00:00,2015-03-19 23:00:00,4576,1212,905939.0,HT-29,200.0,159,Glo,4.0,905939.0,large_intestine,Adherent,R,SIDM00136,SIDP00736,,SIDP00736,True,7.643856189774724,2015-03-15,development,0.3265297261684791,0.5345278585476197,0.6920935670485304
4131,3707,2015-03-15 23:00:00,2015-03-19 23:00:00,4576,1212,905939.0,HT-29,200.0,159,Glo,4.0,905939.0,large_intestine,Adherent,R,SIDM00136,SIDP00736,,SIDP00736,True,7.643856189774724,2015-03-15,development,0.3311478101591052,0.5486361568606395,0.7493752400299759
4143,3712,2015-03-15 23:00:00,2015-03-19 23:00:00,2536,37,909740.0,SNU-C2B,200.0,159,Glo,4.0,909740.0,large_intestine,Adherent,R,SIDM00781,SIDP00035,,SIDP00035,True,7.643856189774724,2015-03-15,development,0.24906222149094726,0.03067892894069857,0.06709899258634588
4144,3713,2015-03-15 23:00:00,2015-03-19 23:00:00,2536,37,909740.0,SNU-C2B,200.0,159,Glo,4.0,909740.0,large_intestine,Adherent,R,SIDM00781,SIDP00035,,SIDP00035,True,7.643856189774724,2015-03-15,development,0.3180344309677501,-0.13968422273087122,0.07574195867800315
4145,3714,2015-03-15 23:00:00,2015-03-19 23:00:00,2536,37,909740.0,SNU-C2B,200.0,159,Glo,4.0,909740.0,large_intestine,Adherent,R,SIDM00781,SIDP00035,,SIDP00035,True,7.643856189774724,2015-03-15,development,0.2497751189768458,-0.0625309308673716,0.15434463911653662
4150,3719,2015-03-15 23:00:00,2015-03-19 23:00:00,3192,339,908134.0,MHH-ES-1,500.0,159,Glo,4.0,908134.0,bone,Adherent,R,SIDM00386,SIDP01001,,SIDP01001,True,8.965784284662087,2015-03-15,development,0.27517517177430306,0.0303173072756856,-0.10377919151705228
4151,3720,2015-03-15 23:00:00,2015-03-19 23:00:00,3192,339,908134.0,MHH-ES-1,500.0,159,Glo,4.0,908134.0,bone,Adherent,R,SIDM00386,SIDP01001,,SIDP01001,True,8.965784284662087,2015-03-15,development,0.3706435242258742,0.1696152965511618,0.22825378773729887
4152,3721,2015-03-15 23:00:00,2015-03-19 23:00:00,3192,339,908134.0,MHH-ES-1,500.0,159,Glo,4.0,908134.0,bone,Adherent,R,SIDM00386,SIDP01001,,SIDP01001,True,8.965784284662087,2015-03-15,development,0.27476162704203966,0.23477876744273074,0.17981174765460362
4157,3725,2015-03-15 23:00:00,2015-03-19 23:00:00,3180,921,910948.0,MFM-223,625.0,159,Glo,4.0,910948.0,breast,Adherent,D/F12,SIDM00332,SIDP00998,,SIDP00998,True,9.287712379549449,2015-03-15,development,0.15104274116622463,0.19967359745114388,-0.2784145193984213
4158,3726,2015-03-15 23:00:00,2015-03-19 23:00:00,3180,921,910948.0,MFM-223,625.0,159,Glo,4.0,910948.0,breast,Adherent,D/F12,SIDM00332,SIDP00998,,SIDP00998,True,9.287712379549449,2015-03-15,development,0.13499327108263082,0.08995944310409487,0.07194591191268052
4159,3727,2015-03-15 23:00:00,2015-03-19 23:00:00,3180,921,910948.0,MFM-223,625.0,159,Glo,4.0,910948.0,breast,Adherent,D/F12,SIDM00332,SIDP00998,,SIDP00998,True,9.287712379549449,2015-03-15,development,0.08270089894591903,0.24205879793611218,-0.014746256144092973
4164,3732,2015-03-15 23:00:00,2015-03-19 23:00:00,4711,2242,906830.0,C32,625.0,159,Glo,4.0,906830.0,skin,Adherent,D/F12,SIDM00890,SIDP00071,,SIDP00071,True,9.287712379549449,2015-03-15,development,-0.01067912073449917,0.6352521232985039,0.794501531360862
4165,3733,2015-03-15 23:00:00,2015-03-19 23:00:00,4711,2242,906830.0,C32,625.0,159,Glo,4.0,906830.0,skin,Adherent,D/F12,SIDM00890,SIDP00071,,SIDP00071,True,9.287712379549449,2015-03-15,development,-0.08548903381017348,0.7249599389523809,0.8496340730302767
4166,3734,2015-03-15 23:00:00,2015-03-19 23:00:00,4711,2242,906830.0,C32,625.0,159,Glo,4.0,906830.0,skin,Adherent,D/F12,SIDM00890,SIDP00071,,SIDP00071,True,9.287712379549449,2015-03-15,development,0.28107864871193833,0.6550312910891312,0.8776317337528422
4171,3739,2015-03-15 23:00:00,2015-03-19 23:00:00,2231,1145,909776.0,U-2-OS,625.0,159,Glo,4.0,909776.0,bone,Adherent,R,SIDM01191,SIDP00358,,SIDP00358,True,9.287712379549449,2015-03-15,development,0.2091088628965353,0.2032968538703408,0.2609204408486413
4172,3740,2015-03-15 23:00:00,2015-03-19 23:00:00,2231,1145,909776.0,U-2-OS,625.0,159,Glo,4.0,909776.0,bone,Adherent,R,SIDM01191,SIDP00358,,SIDP00358,True,9.287712379549449,2015-03-15,development,0.2116786131709133,0.12860147388590426,0.12860147388590426
4177,3767,2015-03-16 23:00:00,2015-03-20 23:00:00,5532,2104,910700.0,C2BBe1,400.0,159,Glo,4.0,910700.0,large_intestine,Adherent,D/F12,SIDM01233,SIDP00070,SIDM00891,SIDP00070,True,8.643856189774725,2015-03-16,development,0.00553493115717596,0.21160551382118076,0.254965858468431
4180,3769,2015-03-16 23:00:00,2015-03-20 23:00:00,2582,1687,905961.0,COLO-205,700.0,159,Glo,4.0,905961.0,large_intestine,Suspension,R,SIDM00826,SIDP00002,,SIDP00002,True,9.451211111832327,2015-03-16,development,0.01089455760509439,0.5932443002805252,0.6146031168114031
4186,3773,2015-03-16 23:00:00,2015-03-20 23:00:00,2364,901,906855.0,EM-2,1500.0,159,Glo,4.0,906855.0,leukemia,Suspension,R,SIDM01047,SIDP00445,,SIDP00445,True,10.550746785383245,2015-03-16,development,0.018442738786033308,0.16542895834408589,0.3651765503918837
4192,3777,2015-03-16 23:00:00,2015-03-20 23:00:00,3031,1513,1330931.0,KCL-22,625.0,159,Glo,4.0,1330931.0,leukemia,Suspension,R,SIDM01004,SIDP00485,,SIDP00485,True,9.287712379549449,2015-03-16,development,0.287540292461549,0.17654862004592642,0.4497720840723307
4201,3781,2015-03-16 23:00:00,2015-03-20 23:00:00,2627,1006,1290795.0,CS1,300.0,159,Glo,4.0,1290795.0,bone,Adherent,R,SIDM00199,SIDP01070,,SIDP01070,True,8.228818690495881,2015-03-16,development,0.07396421272741405,0.1551720721245029,0.0592058894214591
4204,3783,2015-03-16 23:00:00,2015-03-20 23:00:00,2116,791,1240215.0,SKN,250.0,159,Glo,4.0,1240215.0,urogenital_system,Adherent,D/F12,SIDM00377,SIDP00955,,SIDP00955,True,7.965784284662087,2015-03-16,development,0.20191378239657687,0.21703044412111883,0.05822953288918409
4207,3785,2015-03-16 23:00:00,2015-03-20 23:00:00,3758,177,1480372.0,PEO1,1250.0,159,Glo,4.0,1480372.0,urogenital_system,Adherent,R,SIDM00472,SIDP00833,,SIDP00833,True,10.287712379549449,2015-03-16,development,0.14104057334822828,0.0929429542975575,0.2773977261845101
4213,3787,2015-03-16 23:00:00,2015-03-20 23:00:00,2549,1611,946356.0,TE-12,75.0,159,Glo,4.0,946356.0,aero_dig_tract,Suspension,D/F12,SIDM00023,SIDP00715,,SIDP00715,True,6.22881869049588,2015-03-16,development,0.3982469599167192,0.17524958789689615,0.12141198197454883
4219,3747,2015-03-16 23:00:00,2015-03-20 23:00:00,4305,152,1674021.0,SNU-C5,400.0,159,Glo,4.0,1674021.0,large_intestine,Adherent,R,SIDM00498,SIDP00843,,SIDP00843,True,8.643856189774725,2015-03-16,development,0.25563874256226304,0.1492216655455485,0.12928098915541086
4228,3751,2015-03-16 23:00:00,2015-03-20 23:00:00,2174,1,909751.0,SW48,500.0,159,Glo,4.0,909751.0,large_intestine,Adherent,D/F12,SIDM00837,SIDP00021,,SIDP00021,True,8.965784284662087,2015-03-16,development,0.3674519018368825,-0.07067433751721452,0.3850121599486137
4231,3753,2015-03-16 23:00:00,2015-03-20 23:00:00,2493,573,908457.0,NCI-H747,400.0,159,Glo,4.0,908457.0,large_intestine,Adherent,R,SIDM00778,SIDP00037,,SIDP00037,True,8.643856189774725,2015-03-16,development,0.3160999193405024,0.1364447454315706,0.5137115872764946
4602,3930,2015-03-26 23:00:00,2015-03-30 23:00:00,4392,1833,910554.0,CW-2,625.0,159,Glo,4.0,910554.0,large_intestine,Adherent,R,SIDM00282,SIDP00586,,SIDP00586,True,9.287712379549449,2015-03-26,development,0.3695917637721551,0.10324567322814482,-0.06498958539065303
4608,3934,2015-03-26 23:00:00,2015-03-30 23:00:00,3112,1794,907791.0,LP-1,2500.0,159,Glo,4.0,907791.0,myeloma,Suspension,D/F12,SIDM00340,SIDP00990,,SIDP00990,True,11.287712379549449,2015-03-26,development,0.08669484381444881,0.19448125394232596,-0.17864956906698226
4623,3938,2015-03-26 23:00:00,2015-03-30 23:00:00,2100,304,909722.0,SKM-1,1250.0,159,Glo,4.0,909722.0,leukemia,Suspension,R,SIDM00380,SIDP00953,,SIDP00953,True,10.287712379549449,2015-03-26,development,0.3889022595078224,0.18419159304236754,0.821549525832941
4629,3942,2015-03-26 23:00:00,2015-03-30 23:00:00,2920,648,907061.0,HSC-3,150.0,159,Glo,4.0,907061.0,aero_dig_tract,Adherent,D/F12,SIDM00589,SIDP00867,,SIDP00867,True,7.22881869049588,2015-03-26,development,0.4857021195004395,0.1359070401176562,-0.015389066712855337
4632,3944,2015-03-26 23:00:00,2015-03-30 23:00:00,2102,699,753538.0,Ca9-22,625.0,159,Glo,4.0,753538.0,aero_dig_tract,Adherent,D/F12,SIDM00489,SIDP00852,,SIDP00852,True,9.287712379549449,2015-03-26,development,0.31093777094358843,0.0759907057613024,0.19010977817370567
4635,3946,2015-03-26 23:00:00,2015-03-30 23:00:00,3502,1068,1298531.0,PCI-4B,250.0,159,Glo,4.0,1298531.0,aero_dig_tract,Adherent,R,SIDM00043,SIDP00664,,SIDP00664,True,7.965784284662087,2015-03-26,development,0.5775174661145932,0.2665539797813723,0.3148087916543487
4638,3948,2015-03-26 23:00:00,2015-03-30 23:00:00,3832,1625,1789883.0,DIFI,300.0,159,Glo,4.0,1789883.0,large_intestine,Adherent,D/F12,SIDM00049,SIDP00658,,SIDP00658,True,8.228818690495881,2015-03-26,development,0.761895598672415,0.16728508524973396,0.14397621256754867
4641,3951,2015-03-26 23:00:00,2015-03-30 23:00:00,4582,569,907795.0,LS-513,300.0,159,Glo,4.0,907795.0,large_intestine,Adherent,R,SIDM00677,SIDP00152,,SIDP00152,True,8.228818690495881,2015-03-26,development,0.3655622858112414,-0.10052356531386275,0.6789230883861728
4696,4143,2015-03-30 23:00:00,2015-04-03 23:00:00,3346,106,1298352.0,NCI-H2135,1250.0,159,Glo,4.0,1298352.0,lung_NSCLC,Adherent,D/F12,SIDM00700,SIDP00229,,SIDP00229,True,10.287712379549449,2015-03-30,development,-0.025821934469807184,-0.08216515406031633,0.5997441051792167
4708,4144,2015-03-30 23:00:00,2015-04-03 23:00:00,2911,1557,906791.0,ABC-1,625.0,159,Glo,4.0,906791.0,lung_NSCLC,Adherent,D/F12,SIDM00494,SIDP00848,,SIDP00848,True,9.287712379549449,2015-03-30,development,0.06508966634094948,-0.07332467079627869,-0.09063460751342478
4711,4125,2015-03-30 23:00:00,2015-04-03 23:00:00,3795,2164,1503365.0,SK-GT-4,325.0,159,Glo,4.0,1503365.0,aero_dig_tract,Adherent,R,SIDM00483,SIDP00837,,SIDP00837,True,8.344295907915816,2015-03-30,development,0.3351794734084408,-0.11563903892256544,0.3995667171436458
4714,4129,2015-03-30 23:00:00,2015-04-03 23:00:00,3408,1372,1240192.0,NCI-H841,625.0,159,Glo,4.0,1240192.0,lung_SCLC,Adherent,D/F12,SIDM01134,SIDP00269,,SIDP00269,True,9.287712379549449,2015-03-30,development,-0.013878417734724424,-0.013878417734724424,-0.10077688742414947
4717,4145,2015-03-30 23:00:00,2015-04-03 23:00:00,2528,1491,905956.0,SK-MEL-5,325.0,159,Glo,4.0,905956.0,skin,Adherent,D/F12,SIDM00080,SIDP00764,,SIDP00764,True,8.344295907915816,2015-03-30,development,0.26758623762709965,0.17100482612095624,0.5485102519166581
4720,4146,2015-03-30 23:00:00,2015-04-03 23:00:00,2574,1005,1290771.0,CL-34,625.0,159,Glo,4.0,1290771.0,large_intestine,Adherent,D/F12,SIDM00945,SIDP00420,,SIDP00420,True,9.287712379549449,2015-03-30,development,-0.0056109268338466745,0.3452677250404438,0.17231021160771431
4726,4123,2015-03-30 23:00:00,2015-04-03 23:00:00,3792,966,1503362.0,OACp4C,625.0,159,Glo,4.0,1503362.0,aero_dig_tract,Adherent,R,SIDM00445,SIDP01016,,SIDP01016,True,9.287712379549449,2015-03-30,development,0.3331686793832662,0.08875047201589881,0.29245179791199827
4739,4131,2015-03-30 23:00:00,2015-04-03 23:00:00,2596,2148,910689.0,COLO-678,1250.0,159,Glo,4.0,910689.0,large_intestine,Semi-Adherent,R,SIDM00957,SIDP00424,,SIDP00424,True,10.287712379549449,2015-03-30,development,0.08921992784080224,-0.03013387349959107,0.09440582444926038
4742,4130,2015-03-30 23:00:00,2015-04-03 23:00:00,4313,154,1659928.0,SNU-175,600.0,159,Glo,4.0,1659928.0,large_intestine,Suspension,R,SIDM00216,SIDP00536,,SIDP00536,True,9.22881869049588,2015-03-30,development,0.2605482766442888,0.06984386490183725,0.28364989158067466
4769,4138,2015-03-30 23:00:00,2015-04-03 23:00:00,4312,2191,1659823.0,SNU-1040,1250.0,159,Glo,4.0,1659823.0,large_intestine,Adherent,R,SIDM00217,SIDP00535,,SIDP00535,True,10.287712379549449,2015-03-30,development,-0.052675641500563586,0.002462382579194511,-0.07715409502398107
4772,4140,2015-03-30 23:00:00,2015-04-03 23:00:00,4302,1907,1660034.0,SNU-407,400.0,159,Glo,4.0,1660034.0,large_intestine,Adherent,R,SIDM00214,SIDP00538,,SIDP00538,True,8.643856189774725,2015-03-30,development,0.06768514963445937,0.07816939225843067,0.4296022587066751
4781,4141,2015-03-30 23:00:00,2015-04-03 23:00:00,5571,997,909761.0,T84,625.0,159,Glo,4.0,909761.0,large_intestine,Adherent,D/F12,SIDM00782,SIDP00034,,SIDP00034,True,9.287712379549449,2015-03-30,development,0.2310071946448783,0.05873566971870037,0.009550542802904904
4798,4305,2015-04-06 23:00:00,2015-04-10 23:00:00,3112,1794,907791.0,LP-1,2500.0,159,Glo,4.0,907791.0,myeloma,Suspension,D/F12,SIDM00340,SIDP00990,,SIDP00990,True,11.287712379549449,2015-04-06,development,0.11897532714651526,-0.09488105552913306,-0.13053124105360325
4801,4286,2015-04-06 23:00:00,2015-04-10 23:00:00,3408,1372,1240192.0,NCI-H841,625.0,159,Glo,4.0,1240192.0,lung_SCLC,Adherent,D/F12,SIDM01134,SIDP00269,,SIDP00269,True,9.287712379549449,2015-04-06,development,0.256348110815936,0.25078552907592466,0.033705077855179844
4804,4304,2015-04-06 23:00:00,2015-04-10 23:00:00,2856,1839,910851.0,A427,150.0,159,Glo,4.0,910851.0,lung_NSCLC,Adherent,D/F12,SIDM00810,SIDP00056,,SIDP00056,True,7.22881869049588,2015-04-06,development,0.06203459306847314,0.14419277794623253,-0.009148996641483942
4810,4287,2015-04-06 23:00:00,2015-04-10 23:00:00,3315,91,1330972.0,NCI-H1876,2000.0,159,Glo,4.0,1330972.0,lung_SCLC,Adherent,D/F12,SIDM00766,SIDP00209,,SIDP00209,True,10.965784284662089,2015-04-06,development,0.04439231217610695,-0.0993441321808981,-0.0788201768397998
4816,4303,2015-04-06 23:00:00,2015-04-10 23:00:00,3757,200,1480371.0,OVK-18,625.0,159,Glo,4.0,1480371.0,urogenital_system,Adherent,D/F12,SIDM00238,SIDP00626,,SIDP00626,True,9.287712379549449,2015-04-06,development,-0.18148959382722696,0.05366128860484587,0.01838570430829456
4822,4306,2015-04-06 23:00:00,2015-04-10 23:00:00,2364,901,906855.0,EM-2,1500.0,159,Glo,4.0,906855.0,leukemia,Suspension,R,SIDM01047,SIDP00445,,SIDP00445,True,10.550746785383245,2015-04-06,development,0.13585531486753233,0.26754823344566003,0.44789652523782
4825,4307,2015-04-06 23:00:00,2015-04-10 23:00:00,2452,2066,713878.0,LU-139,1250.0,159,Glo,4.0,713878.0,lung_SCLC,Suspension,R,SIDM00293,SIDP00611,,SIDP00611,True,10.287712379549449,2015-04-06,development,0.1357790727924476,-0.18250093293670955,-0.05051596515347434
4864,4357,2015-04-09 23:00:00,2015-04-13 23:00:00,3230,385,908151.0,MRK-nu-1,625.0,159,Glo,4.0,908151.0,breast,Suspension,D/F12,SIDM00562,SIDP00910,,SIDP00910,True,9.287712379549449,2015-04-09,development,-0.05405332539453789,0.004239917986573749,-0.19306548631959908
4867,4359,2015-04-09 23:00:00,2015-04-13 23:00:00,3871,688,1509073.0,NCC010,325.0,159,Glo,4.0,1509073.0,kidney,Adherent,R,SIDM00231,SIDP00578,,SIDP00578,True,8.344295907915816,2015-04-09,development,0.18564465011113063,0.0025956022331808937,-0.014825134508910098
4890,4361,2015-04-09 23:00:00,2015-04-13 23:00:00,2038,1471,1298539.0,RKN,625.0,159,Glo,4.0,1298539.0,urogenital_system,Adherent,D/F12,SIDM00353,SIDP00942,,SIDP00942,True,9.287712379549449,2015-04-09,development,-0.15096689709807398,0.09274163298239646,0.052123544635651387
4899,4363,2015-04-09 23:00:00,2015-04-13 23:00:00,2167,974,909747.0,SW1417,625.0,159,Glo,4.0,909747.0,large_intestine,Adherent,D/F12,SIDM00812,SIDP00027,,SIDP00027,True,9.287712379549449,2015-04-09,development,0.19751730326947947,0.28521432545177494,0.22449057593451316
4902,4365,2015-04-09 23:00:00,2015-04-13 23:00:00,2550,575,753614.0,TE-15,312.0,159,Glo,4.0,753614.0,aero_dig_tract,Suspension,D/F12,SIDM00249,SIDP00630,,SIDP00630,True,8.285402218862249,2015-04-09,development,0.6315740448676923,0.4922030130279792,0.18892176619450007
5095,4585,2015-04-16 23:00:00,2015-04-20 23:00:00,2358,1563,924108.0,CaR-1,625.0,159,Glo,4.0,924108.0,large_intestine,Adherent,D/F12,SIDM00488,SIDP00853,,SIDP00853,True,9.287712379549449,2015-04-16,development,0.25090616842330526,0.1757915434151771,0.05896985820443312
5116,4581,2015-04-16 23:00:00,2015-04-20 23:00:00,3456,1254,1240196.0,OSC-20,625.0,159,Glo,4.0,1240196.0,aero_dig_tract,Adherent,D/F12,SIDM00565,SIDP00926,,SIDP00926,True,9.287712379549449,2015-04-16,development,0.34486137687144414,0.04308928853994087,0.029975925601198883
5155,4571,2015-04-16 23:00:00,2015-04-20 23:00:00,2001,1157,687452.0,5637,625.0,159,Glo,4.0,687452.0,urogenital_system,Adherent,R,SIDM00807,SIDP00045,,SIDP00045,True,9.287712379549449,2015-04-16,development,0.46344108944049167,0.23149798067600647,0.23149798067600647
5164,4576,2015-04-16 23:00:00,2015-04-20 23:00:00,2300,63,906800.0,697,625.0,159,Glo,4.0,906800.0,leukemia,Suspension,R,SIDM01076,SIDP00379,,SIDP00379,True,9.287712379549449,2015-04-16,development,0.5013233797494612,0.43688868584832263,0.21641745194498196
5270,4692,2015-04-20 23:00:00,2015-04-24 23:00:00,2756,652,906792.0,A2058,150.0,159,Glo,4.0,906792.0,skin,Adherent,D/F12,SIDM00797,SIDP00052,,SIDP00052,True,7.22881869049588,2015-04-20,development,0.03571930500453291,0.09166058824079981,0.30424308395430766
5279,4676,2015-04-20 23:00:00,2015-04-24 23:00:00,3166,346,924104.0,BCPAP,325.0,159,Glo,4.0,924104.0,thyroid,Adherent,R,SIDM00992,SIDP00390,,SIDP00390,True,8.344295907915816,2015-04-20,development,0.2571002163567033,0.2283374156455542,0.19960349324837212
5282,4680,2015-04-20 23:00:00,2015-04-24 23:00:00,3266,672,906696.0,BHT-101,150.0,159,Glo,4.0,906696.0,thyroid,Adherent,D/F12,SIDM00987,SIDP00395,,SIDP00395,True,7.22881869049588,2015-04-20,development,0.22417574041802502,0.5452473604887393,0.7715704678930526
5285,4669,2015-04-20 23:00:00,2015-04-24 23:00:00,2656,301,905947.0,786-0,150.0,159,Glo,4.0,905947.0,kidney,Adherent,R,SIDM00125,SIDP00725,,SIDP00725,True,7.22881869049588,2015-04-20,development,0.226179745939995,0.11058126196300988,0.18597267498468117
5288,4670,2015-04-20 23:00:00,2015-04-24 23:00:00,2623,2061,906797.0,647-V,325.0,159,Glo,4.0,906797.0,urogenital_system,Adherent,D/F12,SIDM00983,SIDP00383,,SIDP00383,True,8.344295907915816,2015-04-20,development,0.05104253508550316,0.13533947984124195,0.28144101415676237
5291,4667,2015-04-20 23:00:00,2015-04-24 23:00:00,2678,868,924102.0,8505C,325.0,159,Glo,4.0,924102.0,thyroid,Adherent,R,SIDM00996,SIDP00386,,SIDP00386,True,8.344295907915816,2015-04-20,development,0.2581301725315186,0.20500940156534664,0.26255319906803254
5294,4677,2015-04-20 23:00:00,2015-04-24 23:00:00,2722,1777,687563.0,A172,150.0,159,Glo,4.0,687563.0,nervous_system,Adherent,D/F12,SIDM00799,SIDP00050,,SIDP00050,True,7.22881869049588,2015-04-20,development,0.3006725113306169,0.02653324080503472,0.2374068870187246
5297,4673,2015-04-20 23:00:00,2015-04-24 23:00:00,2303,1806,910921.0,A101D,150.0,159,Glo,4.0,910921.0,skin,Adherent,D/F12,SIDM00801,SIDP00049,,SIDP00049,True,7.22881869049588,2015-04-20,development,0.30496166237912925,0.3988961612540274,0.4458830704861342
5300,4679,2015-04-20 23:00:00,2015-04-24 23:00:00,2301,1207,687562.0,8-MG-BA,75.0,159,Glo,4.0,687562.0,nervous_system,Adherent,D/F12,SIDM00998,SIDP00384,,SIDP00384,True,6.22881869049588,2015-04-20,development,0.35113828719837004,0.26127936223525794,0.16454825992850108
5303,4675,2015-04-20 23:00:00,2015-04-24 23:00:00,2611,1483,906798.0,639-V,325.0,159,Glo,4.0,906798.0,urogenital_system,Adherent,D/F12,SIDM00999,SIDP00382,,SIDP00382,True,8.344295907915816,2015-04-20,development,0.020740463501509376,-0.02674508008924903,0.08005270772309003
5306,4671,2015-04-20 23:00:00,2015-04-24 23:00:00,2446,1465,687561.0,42-MG-BA,150.0,159,Glo,4.0,687561.0,nervous_system,Adherent,R,SIDM00982,SIDP00381,,SIDP00381,True,7.22881869049588,2015-04-20,development,0.2967020390717491,0.18099215913865307,0.09098123691391213
5312,4674,2015-04-20 23:00:00,2015-04-24 23:00:00,2260,738,909781.0,VMRC-RCZ,625.0,159,Glo,4.0,909781.0,kidney,Adherent,D/F12,SIDM00317,SIDP00975,,SIDP00975,True,9.287712379549449,2015-04-20,development,0.06127263662385396,0.08933902094934987,-0.011683055161998634
5318,4691,2015-04-20 23:00:00,2015-04-24 23:00:00,3115,2081,998189.0,LS-180,150.0,159,Glo,4.0,998189.0,large_intestine,Adherent,D/F12,SIDM00680,SIDP00150,,SIDP00150,True,7.22881869049588,2015-04-20,development,0.10472523580515558,-0.03321623914522487,0.4012890145721586
5321,4690,2015-04-20 23:00:00,2015-04-24 23:00:00,2164,480,909746.0,SW1116,625.0,159,Glo,4.0,909746.0,large_intestine,Adherent,D/F12,SIDM00835,SIDP00023,,SIDP00023,True,9.287712379549449,2015-04-20,development,0.47618598176930016,-0.00961935996860408,0.4489089480223777
5327,4672,2015-04-20 23:00:00,2015-04-24 23:00:00,2183,1141,909755.0,SW837,625.0,159,Glo,4.0,909755.0,large_intestine,Adherent,D/F12,SIDM00833,SIDP00025,,SIDP00025,True,9.287712379549449,2015-04-20,development,-0.02111970549672204,0.13235582796423206,0.07367200635288806
5330,4683,2015-04-20 23:00:00,2015-04-24 23:00:00,2809,1921,907290.0,H-EMC-SS,1750.0,159,Glo,4.0,907290.0,bone,Adherent,D/F12,SIDM00535,SIDP00809,,SIDP00809,True,10.77313920671969,2015-04-20,development,0.12029256760084717,0.12671568293544289,0.2199315476907825
5424,4858,2015-04-23 23:00:00,2015-04-27 23:00:00,2300,63,906800.0,697,625.0,159,Glo,4.0,906800.0,leukemia,Suspension,R,SIDM01076,SIDP00379,,SIDP00379,True,9.287712379549449,2015-04-23,development,0.774399411194233,0.5405999577142022,0.40698961867690187
5427,4856,2015-04-23 23:00:00,2015-04-27 23:00:00,2997,1941,907268.0,JiyoyeP-2003,325.0,159,Glo,4.0,907268.0,lymphoma,Suspension,R,SIDM00808,SIDP00044,,SIDP00044,True,8.344295907915816,2015-04-23,development,0.5009122909162476,0.05185400065192913,0.1955715963860979
5433,4852,2015-04-23 23:00:00,2015-04-27 23:00:00,3377,1223,924105.0,BPH-1,325.0,159,Glo,4.0,924105.0,urogenital_system,Adherent,R,SIDM00964,SIDP00399,,SIDP00399,True,8.344295907915816,2015-04-23,development,0.5402076206507185,0.03597030738753759,0.6547843360760178
5517,4943,2015-04-30 23:00:00,2015-05-04 23:00:00,2623,2061,906797.0,647-V,325.0,159,Glo,4.0,906797.0,urogenital_system,Adherent,D/F12,SIDM00983,SIDP00383,,SIDP00383,True,8.344295907915816,2015-04-30,development,0.10896895487814906,-0.07778241622272186,0.3635782496230976
5520,4939,2015-04-30 23:00:00,2015-05-04 23:00:00,2002,558,910924.0,23132-87,625.0,159,Glo,4.0,910924.0,digestive_system,Adherent,R,SIDM00980,SIDP00380,,SIDP00380,True,9.287712379549449,2015-04-30,development,0.4096131747565699,0.1317198421520953,0.30224313356650634
5523,4949,2015-04-30 23:00:00,2015-05-04 23:00:00,2301,1207,687562.0,8-MG-BA,75.0,159,Glo,4.0,687562.0,nervous_system,Adherent,D/F12,SIDM00998,SIDP00384,,SIDP00384,True,6.22881869049588,2015-04-30,development,0.5561019172656012,0.24080028833004063,0.373572028984111
5526,4944,2015-04-30 23:00:00,2015-05-04 23:00:00,2303,1806,910921.0,A101D,150.0,159,Glo,4.0,910921.0,skin,Adherent,D/F12,SIDM00801,SIDP00049,,SIDP00049,True,7.22881869049588,2015-04-30,development,0.1779457211088452,0.5695879569781402,0.5909385564497839
5529,4945,2015-04-30 23:00:00,2015-05-04 23:00:00,2722,1777,687563.0,A172,150.0,159,Glo,4.0,687563.0,nervous_system,Adherent,D/F12,SIDM00799,SIDP00050,,SIDP00050,True,7.22881869049588,2015-04-30,development,0.24751174973533963,0.1575302959038748,0.06754884207241008
5541,4946,2015-04-30 23:00:00,2015-05-04 23:00:00,3255,1284,910698.0,BFTC-909,150.0,159,Glo,4.0,910698.0,kidney,Adherent,D/F12,SIDM00988,SIDP00394,,SIDP00394,True,7.22881869049588,2015-04-30,development,0.2593983884718748,-0.037236225608275,0.14363676666156655
5544,4936,2015-04-30 23:00:00,2015-05-04 23:00:00,2564,14,905977.0,UACC-257,625.0,159,Glo,4.0,905977.0,skin,Adherent,R,SIDM00108,SIDP00773,,SIDP00773,True,9.287712379549449,2015-04-30,development,0.040184686607241615,0.47143011655929545,0.6302725157235556
5547,4940,2015-04-30 23:00:00,2015-05-04 23:00:00,2279,114,1299081.0,WM793B,150.0,159,Glo,4.0,1299081.0,skin,Adherent,R,SIDM00973,SIDP00372,,SIDP00372,True,7.22881869049588,2015-04-30,development,0.056283880745826464,0.3317278196950487,0.4476793060224703
5550,4933,2015-04-30 23:00:00,2015-05-04 23:00:00,2155,1749,1240219.0,SUIT-2,325.0,159,Glo,4.0,1240219.0,pancreas,Adherent,R,SIDM00371,SIDP00959,,SIDP00959,True,8.344295907915816,2015-04-30,development,0.10067649144019375,-0.13961157693294335,0.2109807598834389
5562,4934,2015-04-30 23:00:00,2015-05-04 23:00:00,5532,2104,910700.0,C2BBe1,400.0,159,Glo,4.0,910700.0,large_intestine,Adherent,D/F12,SIDM01233,SIDP00070,SIDM00891,SIDP00070,True,8.643856189774725,2015-04-30,development,0.3336211440504141,0.015760946489626892,0.27003998242037575
5565,4938,2015-04-30 23:00:00,2015-05-04 23:00:00,3110,306,907790.0,LoVo,125.0,159,Glo,4.0,907790.0,large_intestine,Adherent,D/F12,SIDM00839,SIDP00020,,SIDP00020,True,6.965784284662087,2015-04-30,development,0.36877114795372234,0.4018614014419515,0.46809733597869163
5571,4950,2015-04-30 23:00:00,2015-05-04 23:00:00,2184,1689,909757.0,SW948,450.0,159,Glo,4.0,909757.0,large_intestine,Adherent,D/F12,SIDM00832,SIDP00026,,SIDP00026,True,8.813781191217037,2015-04-30,development,0.16596131463534447,0.04894595980569516,0.36097239788408675
5732,5206,2015-05-11 23:00:00,2015-05-15 23:00:00,2029,960,1298537.0,RERF-LC-KJ,325.0,159,Glo,4.0,1298537.0,lung_NSCLC,Adherent,R,SIDM00356,SIDP00939,,SIDP00939,True,8.344295907915816,2015-05-11,development,0.0067579635325871745,0.09090938579043129,-0.0008886725538561624
5738,5237,2015-05-11 23:00:00,2015-05-15 23:00:00,3411,412,946359.0,BT-474,1250.0,159,Glo,4.0,946359.0,breast,Adherent,R,SIDM00963,SIDP00400,,SIDP00400,True,10.287712379549449,2015-05-11,development,0.6282583705486251,-0.06893510395936486,-0.29027165944775013
5741,5205,2015-05-11 23:00:00,2015-05-15 23:00:00,3372,1615,688021.0,NCI-H345,1250.0,159,Glo,4.0,688021.0,lung_SCLC,Suspension,D/F12,SIDM00719,SIDP00245,,SIDP00245,True,10.287712379549449,2015-05-11,development,0.19035244749276503,0.1655297148059376,0.04150948700299251
5744,5235,2015-05-11 23:00:00,2015-05-15 23:00:00,2036,561,687506.0,C-4-I,625.0,159,Glo,4.0,687506.0,urogenital_system,Adherent,D/F12,SIDM00905,SIDP00074,,SIDP00074,True,9.287712379549449,2015-05-11,development,0.06410651200804152,0.1997608421945094,0.018913635266232687
5747,5211,2015-05-11 23:00:00,2015-05-15 23:00:00,2327,1562,910941.0,CHP-134,1250.0,159,Glo,4.0,910941.0,neuroblastoma,Suspension,R,SIDM00285,SIDP00583,,SIDP00583,True,10.287712379549449,2015-05-11,development,-0.3597462645643954,0.17947989862205005,0.06512511352022254
5750,5236,2015-05-11 23:00:00,2015-05-15 23:00:00,2146,268,1240218.0,SU8686,1250.0,159,Glo,4.0,1240218.0,pancreas,Adherent,R,SIDM01188,SIDP00329,,SIDP00329,True,10.287712379549449,2015-05-11,development,0.2149592678250405,0.16934284244020015,0.16934284244020015
5753,5213,2015-05-11 23:00:00,2015-05-15 23:00:00,4577,305,907073.0,HUTU-80,150.0,159,Glo,4.0,907073.0,digestive_system,Adherent,D/F12,SIDM00694,SIDP00137,,SIDP00137,True,7.22881869049588,2015-05-11,development,0.3050113680334319,0.340020341559345,0.23502857055341875
5972,5418,2015-05-17 23:00:00,2015-05-21 23:00:00,2811,1511,910935.0,A3-KAW,325.0,159,Glo,4.0,910935.0,lymphoma,Suspension,R,SIDM00495,SIDP00846,,SIDP00846,True,8.344295907915816,2015-05-17,development,0.5081006939040207,0.4937491522078049,0.38611859431534834
5975,5428,2015-05-17 23:00:00,2015-05-21 23:00:00,2155,1749,1240219.0,SUIT-2,325.0,159,Glo,4.0,1240219.0,pancreas,Adherent,R,SIDM00371,SIDP00959,,SIDP00959,True,8.344295907915816,2015-05-17,development,0.12440899808394557,0.16672915881534411,0.3848520729906173
5981,5430,2015-05-17 23:00:00,2015-05-21 23:00:00,3479,1838,1298475.0,PANC-02-03,300.0,159,Glo,4.0,1298475.0,pancreas,Adherent,R,SIDM01139,SIDP00280,,SIDP00280,True,8.228818690495881,2015-05-17,development,0.33173662917679747,0.138851135979703,0.5132541294956585
5993,5432,2015-05-17 23:00:00,2015-05-21 23:00:00,3166,346,924104.0,BCPAP,325.0,159,Glo,4.0,924104.0,thyroid,Adherent,R,SIDM00992,SIDP00390,,SIDP00390,True,8.344295907915816,2015-05-17,development,0.1811491703153988,0.3753768117743491,0.1568859558456367
5996,5417,2015-05-17 23:00:00,2015-05-21 23:00:00,3200,1320,753616.0,BE2-M17,325.0,159,Glo,4.0,753616.0,neuroblastoma,Adherent,D/F12,SIDM01229,SIDP00067,SIDM00894,SIDP00067,True,8.344295907915816,2015-05-17,development,-0.012459418464732197,0.10058771301479386,0.2627782590741754
5999,5426,2015-05-17 23:00:00,2015-05-21 23:00:00,3411,412,946359.0,BT-474,1250.0,159,Glo,4.0,946359.0,breast,Adherent,R,SIDM00963,SIDP00400,,SIDP00400,True,10.287712379549449,2015-05-17,development,0.4857847532081987,0.029512179221888646,-0.02417751856882977
6002,5425,2015-05-17 23:00:00,2015-05-21 23:00:00,2025,1161,910850.0,C3A,325.0,159,Glo,4.0,910850.0,digestive_system,Adherent,D/F12,SIDM01237,SIDP00073,SIDM00904,SIDP00073,True,8.344295907915816,2015-05-17,development,-0.05019047872580362,0.3973429522732441,0.33344018778952456
6005,5429,2015-05-17 23:00:00,2015-05-21 23:00:00,2322,1523,753539.0,CADO-ES1,1250.0,159,Glo,4.0,753539.0,bone,Suspension,R,SIDM00961,SIDP00402,,SIDP00402,True,10.287712379549449,2015-05-17,development,0.23853244159251408,0.14747362275704068,0.18821552756493343
6008,5420,2015-05-17 23:00:00,2015-05-21 23:00:00,2147,1748,906826.0,CAL-120,150.0,159,Glo,4.0,906826.0,breast,Adherent,D/F12,SIDM00940,SIDP00404,,SIDP00404,True,7.22881869049588,2015-05-17,development,0.05649794335022951,0.08507838416244806,0.14942028106633698
6011,5416,2015-05-17 23:00:00,2015-05-21 23:00:00,2379,612,949164.0,EW-18,1250.0,159,Glo,4.0,949164.0,bone,Suspension,R,SIDM00197,SIDP00519,,SIDP00519,True,10.287712379549449,2015-05-17,development,0.22821105885961657,0.1957540002482563,-0.058021385909303724
6014,5433,2015-05-17 23:00:00,2015-05-21 23:00:00,2688,1170,906863.0,FADU,150.0,159,Glo,4.0,906863.0,aero_dig_tract,Adherent,D/F12,SIDM00860,SIDP00095,,SIDP00095,True,7.22881869049588,2015-05-17,development,0.474961283656941,0.12920737562695706,0.22183221179606583
6017,5424,2015-05-17 23:00:00,2015-05-21 23:00:00,2702,1089,907298.0,G-402,325.0,159,Glo,4.0,907298.0,soft_tissue,Adherent,R,SIDM00855,SIDP00100,,SIDP00100,True,8.344295907915816,2015-05-17,development,0.420045757086685,0.29219975636250484,0.05971267970312244
6020,5422,2015-05-17 23:00:00,2015-05-21 23:00:00,2713,1009,906875.0,GOTO,1250.0,159,Glo,4.0,906875.0,neuroblastoma,Adherent,R,SIDM00544,SIDP00859,,SIDP00859,True,10.287712379549449,2015-05-17,development,-0.012807774872507283,0.09281736297418375,0.22328079025247494
6023,5419,2015-05-17 23:00:00,2015-05-21 23:00:00,2770,1317,907047.0,HCC1806,325.0,159,Glo,4.0,907047.0,breast,Adherent,R,SIDM00875,SIDP00113,,SIDP00113,True,8.344295907915816,2015-05-17,development,0.37449443194963994,0.1610420133712458,0.24287526548503136
6238,5821,2015-06-01 23:00:00,2015-06-05 23:00:00,2316,1522,753532.0,BB49-HNC,250.0,159,Glo,4.0,753532.0,aero_dig_tract,Adherent,D/F12,SIDM00174,SIDP00559,,SIDP00559,True,7.965784284662087,2015-06-01,development,0.20512885023464844,0.43013290583742103,0.19709731533510555
6250,5820,2015-06-01 23:00:00,2015-06-05 23:00:00,3411,412,946359.0,BT-474,1250.0,159,Glo,4.0,946359.0,breast,Adherent,R,SIDM00963,SIDP00400,,SIDP00400,True,10.287712379549449,2015-06-01,development,0.6136338588254304,-0.02186220061786659,-0.11519475621371789
6256,5815,2015-06-01 23:00:00,2015-06-05 23:00:00,2025,1161,910850.0,C3A,325.0,159,Glo,4.0,910850.0,digestive_system,Adherent,D/F12,SIDM01237,SIDP00073,SIDM00904,SIDP00073,True,8.344295907915816,2015-06-01,development,0.033696009068880595,0.32770548516860165,0.3405136280841806
6262,5773,2015-06-01 23:00:00,2015-06-05 23:00:00,2322,1523,753539.0,CADO-ES1,1250.0,159,Glo,4.0,753539.0,bone,Suspension,R,SIDM00961,SIDP00402,,SIDP00402,True,10.287712379549449,2015-06-01,development,-0.006197534631395163,0.13003930870833258,-0.0339591001794739
6289,5811,2015-06-01 23:00:00,2015-06-05 23:00:00,2088,1354,930297.0,SiHa,625.0,159,Glo,4.0,930297.0,urogenital_system,Adherent,D/F12,SIDM01093,SIDP00302,,SIDP00302,True,9.287712379549449,2015-06-01,development,0.10807489417055927,0.2582946278354381,-0.03245952376475181
6298,5817,2015-06-01 23:00:00,2015-06-05 23:00:00,4304,697,1660036.0,SNU-81,1250.0,159,Glo,4.0,1660036.0,large_intestine,Adherent,R,SIDM00193,SIDP00540,,SIDP00540,True,10.287712379549449,2015-06-01,development,0.02114593910376572,0.19864193508288475,0.20169929708408307
6313,5824,2015-06-01 23:00:00,2015-06-05 23:00:00,4738,429,909907.0,ZR-75-30,625.0,159,Glo,4.0,909907.0,breast,Adherent,R,SIDM00971,SIDP00373,,SIDP00373,True,9.287712379549449,2015-06-01,development,0.537306485629286,0.2514180024735898,-0.25833009115486205
6403,5880,2015-06-03 23:00:00,2015-06-07 23:00:00,2216,851,1331045.0,TK,2500.0,159,Glo,4.0,1331045.0,lymphoma,Suspension,R,SIDM00323,SIDP00969,,SIDP00969,True,11.287712379549449,2015-06-03,development,0.08752451735670796,-0.056831533906474885,0.09989138819042398
6415,5879,2015-06-03 23:00:00,2015-06-07 23:00:00,2755,637,907044.0,HC-1,625.0,159,Glo,4.0,907044.0,leukemia,Suspension,R,SIDM01073,SIDP00456,,SIDP00456,True,9.287712379549449,2015-06-03,development,0.5219937823572826,0.24405938533632354,0.29380228233473615
6829,6256,2015-06-17 23:00:00,2015-06-21 23:00:00,2136,1911,910916.0,CAL-27,625.0,159,Glo,4.0,910916.0,aero_dig_tract,Adherent,D/F12,SIDM00937,SIDP00407,,SIDP00407,True,9.287712379549449,2015-06-17,development,0.5991123206972769,0.1919157564891124,0.29598719979677945
6838,6273,2015-06-17 23:00:00,2015-06-21 23:00:00,2213,4,910927.0,CAL-51,300.0,159,Glo,4.0,910927.0,breast,Adherent,D/F12,SIDM00933,SIDP00411,,SIDP00411,True,8.228818690495881,2015-06-17,development,0.07619750608915943,0.08156378660344477,-0.14395482616523858
6841,6257,2015-06-17 23:00:00,2015-06-21 23:00:00,3305,2228,1298350.0,NCI-H1781,625.0,159,Glo,4.0,1298350.0,lung_NSCLC,Adherent,R,SIDM00754,SIDP00202,,SIDP00202,True,9.287712379549449,2015-06-17,development,0.6660280718733946,0.18663824332715695,0.15951325729340626
6856,6253,2015-06-17 23:00:00,2015-06-21 23:00:00,2636,871,1290797.0,DAN-G,300.0,159,Glo,4.0,1290797.0,pancreas,Adherent,R,SIDM00950,SIDP00431,,SIDP00431,True,8.228818690495881,2015-06-17,development,0.22648011187843986,0.18082927992257158,0.23104290221456125
6892,6363,2015-06-18 23:00:00,2015-06-22 23:00:00,2665,1665,753554.0,EBC-1,300.0,159,Glo,4.0,753554.0,lung_NSCLC,Adherent,D/F12,SIDM00486,SIDP00855,,SIDP00855,True,8.228818690495881,2015-06-18,development,0.11767401601032301,-0.01887365196781232,0.8401280408747611
6913,6373,2015-06-18 23:00:00,2015-06-22 23:00:00,2684,869,1240128.0,ES-2,300.0,159,Glo,4.0,1240128.0,urogenital_system,Adherent,R,SIDM00861,SIDP00094,,SIDP00094,True,8.228818690495881,2015-06-18,development,0.1854963734591042,0.32490788372749024,0.33841316205901373
6916,6375,2015-06-18 23:00:00,2015-06-22 23:00:00,2367,70,949156.0,ES4,625.0,159,Glo,4.0,949156.0,bone,Adherent,R,SIDM00264,SIDP00637,,SIDP00637,True,9.287712379549449,2015-06-18,development,0.16971918696922528,0.17490434171181535,0.05038245972770372
6931,6385,2015-06-18 23:00:00,2015-06-22 23:00:00,2610,1313,687780.0,COR-L23,300.0,159,Glo,4.0,687780.0,lung_NSCLC,Adherent,R,SIDM00512,SIDP00794,,SIDP00794,True,8.228818690495881,2015-06-18,development,0.07214835660307428,0.3359324486577593,0.00743339267532106
6952,6395,2015-06-18 23:00:00,2015-06-22 23:00:00,3082,952,753574.0,KYSE-410,300.0,159,Glo,4.0,753574.0,aero_dig_tract,Adherent,R,SIDM01028,SIDP00497,,SIDP00497,True,8.228818690495881,2015-06-18,development,0.28100339041762157,-0.0275070581099095,0.10284455229418343
7007,6547,2015-06-22 23:00:00,2015-06-26 23:00:00,2306,602,905948.0,A498,625.0,159,Glo,4.0,905948.0,kidney,Adherent,D/F12,SIDM00124,SIDP00726,,SIDP00726,True,9.287712379549449,2015-06-22,development,0.2974816950920338,0.20144489731061754,0.05139116869922722
7028,6554,2015-06-22 23:00:00,2015-06-26 23:00:00,2959,1215,905968.0,IGROV-1,325.0,159,Glo,4.0,905968.0,urogenital_system,Adherent,R,SIDM00151,SIDP00737,,SIDP00737,True,8.344295907915816,2015-06-22,development,0.736761752239528,0.44819359740958253,0.4432204387700087
7031,6539,2015-06-22 23:00:00,2015-06-26 23:00:00,3003,1210,998184.0,Jurkat,1250.0,159,Glo,4.0,998184.0,leukemia,Suspension,R,SIDM01016,SIDP00474,,SIDP00474,True,10.287712379549449,2015-06-22,development,0.24665849135304885,0.40379253666459614,-0.034487226969542206
7034,6533,2015-06-22 23:00:00,2015-06-26 23:00:00,2180,2040,1290730.0,CAL-29,300.0,159,Glo,4.0,1290730.0,urogenital_system,Adherent,D/F12,SIDM00936,SIDP00408,,SIDP00408,True,8.228818690495881,2015-06-22,development,0.2129878462898973,-0.01068962555595232,0.16001004698408683
7040,6545,2015-06-22 23:00:00,2015-06-26 23:00:00,3419,1546,908447.0,NH-12,1250.0,159,Glo,4.0,908447.0,neuroblastoma,Adherent,D/F12,SIDM00577,SIDP00914,,SIDP00914,True,10.287712379549449,2015-06-22,development,0.05921214235834038,-0.10746825644837221,0.19115437895298226
7043,6535,2015-06-22 23:00:00,2015-06-26 23:00:00,3445,1664,910079.0,OE19,300.0,159,Glo,4.0,910079.0,aero_dig_tract,Adherent,R,SIDM00479,SIDP00826,,SIDP00826,True,8.228818690495881,2015-06-22,development,0.7345711205769292,0.02256035710648463,0.08315000282604335
7046,6544,2015-06-22 23:00:00,2015-06-26 23:00:00,3469,1095,1298365.0,OVTOKO,300.0,159,Glo,4.0,1298365.0,urogenital_system,Adherent,R,SIDM00425,SIDP00930,,SIDP00930,True,8.228818690495881,2015-06-22,development,0.3712508540616357,0.3966325473246932,-0.11093759820441673
7049,6540,2015-06-22 23:00:00,2015-06-26 23:00:00,2006,470,1298533.0,PL4,150.0,159,Glo,4.0,1298533.0,pancreas,Adherent,D/F12,SIDM00042,SIDP00665,,SIDP00665,True,7.22881869049588,2015-06-22,development,0.028689063658383973,0.1536749708749141,0.39177895341011193
7052,6466,2015-06-22 23:00:00,2015-06-26 23:00:00,2018,283,1330995.0,RC-K8,625.0,159,Glo,4.0,1330995.0,lymphoma,Suspension,R,SIDM00448,SIDP01030,,SIDP01030,True,9.287712379549449,2015-06-22,development,0.3016076992513954,0.20208383262479357,0.014737871577612971
7055,6464,2015-06-22 23:00:00,2015-06-26 23:00:00,2020,1763,909264.0,RD,625.0,159,Glo,4.0,909264.0,soft_tissue,Adherent,D/F12,SIDM00847,SIDP00013,,SIDP00013,True,9.287712379549449,2015-06-22,development,0.12087462331671894,0.03174890376956829,0.15588886960106674
7194,6589,2015-06-24 23:00:00,2015-06-28 23:00:00,3044,1294,910781.0,AN3-CA,625.0,159,Glo,4.0,910781.0,urogenital_system,Adherent,D/F12,SIDM00901,SIDP00061,,SIDP00061,True,9.287712379549449,2015-06-24,development,0.13515007387848477,0.2500380173257286,0.07768549075489029
7200,6595,2015-06-24 23:00:00,2015-06-28 23:00:00,3067,891,1290722.0,ASH-3,300.0,159,Glo,4.0,1290722.0,thyroid,Adherent,D/F12,SIDM00491,SIDP00850,,SIDP00850,True,8.228818690495881,2015-06-24,development,0.02966459827039203,0.044997124880258976,0.35185311807069464
7212,6593,2015-06-24 23:00:00,2015-06-28 23:00:00,2191,2041,753541.0,CAL-33,625.0,159,Glo,4.0,753541.0,aero_dig_tract,Adherent,D/F12,SIDM00942,SIDP00409,,SIDP00409,True,9.287712379549449,2015-06-24,development,0.328537311310641,0.10405153992995642,0.2773551091845542
7215,6583,2015-06-24 23:00:00,2015-06-28 23:00:00,2323,1844,724859.0,Calu-6,300.0,159,Glo,4.0,724859.0,lung_NSCLC,Adherent,D/F12,SIDM00921,SIDP00078,,SIDP00078,True,8.228818690495881,2015-06-24,development,0.09295261639156649,0.3278739670276367,0.6180811370703045
7227,6575,2015-06-24 23:00:00,2015-06-28 23:00:00,2610,1313,687780.0,COR-L23,300.0,159,Glo,4.0,687780.0,lung_NSCLC,Adherent,R,SIDM00512,SIDP00794,,SIDP00794,True,8.228818690495881,2015-06-24,development,-0.07710851453084477,0.0671975165224048,0.04969988884106602
7230,6577,2015-06-24 23:00:00,2015-06-28 23:00:00,2637,2150,906833.0,Daoy,150.0,159,Glo,4.0,906833.0,nervous_system,Adherent,D/F12,SIDM00887,SIDP00088,,SIDP00088,True,7.22881869049588,2015-06-24,development,0.030072471670124612,0.330710500593708,0.1566582990027946
7239,6585,2015-06-24 23:00:00,2015-06-28 23:00:00,2362,2138,753555.0,EC-GI-10,150.0,159,Glo,4.0,753555.0,aero_dig_tract,Adherent,D/F12,SIDM00278,SIDP00590,,SIDP00590,True,7.22881869049588,2015-06-24,development,0.5170321278826988,0.07453584184245232,0.20589921389693344
7245,6581,2015-06-24 23:00:00,2015-06-28 23:00:00,2686,1863,906862.0,EVSA-T,150.0,159,Glo,4.0,906862.0,breast,Adherent,D/F12,SIDM01042,SIDP00449,,SIDP00449,True,7.22881869049588,2015-06-24,development,0.1484156595043734,0.06335571299887288,-0.07584741406766304
7248,6579,2015-06-24 23:00:00,2015-06-28 23:00:00,2701,962,907299.0,G-401,300.0,159,Glo,4.0,907299.0,kidney,Adherent,R,SIDM00856,SIDP00099,,SIDP00099,True,8.228818690495881,2015-06-24,development,0.30937250754968415,0.09406940869858826,0.3048903110153848
7251,6597,2015-06-24 23:00:00,2015-06-28 23:00:00,2707,963,906999.0,GCT,625.0,159,Glo,4.0,906999.0,soft_tissue,Adherent,R,SIDM00853,SIDP00102,,SIDP00102,True,9.287712379549449,2015-06-24,development,0.048709281952347805,0.2839019693304693,0.2617064115676676
7266,6587,2015-06-24 23:00:00,2015-06-28 23:00:00,2786,639,1290908.0,HCC-78,350.0,159,Glo,4.0,1290908.0,lung_NSCLC,Adherent,R,SIDM01068,SIDP00461,,SIDP00461,True,8.451211111832329,2015-06-24,development,0.327653198343716,0.04402081134150959,0.34742994852361764
7293,6591,2015-06-24 23:00:00,2015-06-28 23:00:00,2939,1855,1298146.0,huH-1,300.0,159,Glo,4.0,1298146.0,digestive_system,Adherent,D/F12,SIDM00586,SIDP00870,,SIDP00870,True,8.228818690495881,2015-06-24,development,0.23660502054481702,0.33351112127783233,0.08750142969517738
7296,6569,2015-06-24 23:00:00,2015-06-28 23:00:00,3078,59,910702.0,AsPC-1,1000.0,159,Glo,4.0,910702.0,pancreas,Adherent,R,SIDM00899,SIDP00063,,SIDP00063,True,9.965784284662089,2015-06-24,development,0.18185475520993566,-0.18431216100364156,0.27115993108885783
7299,6475,2015-06-24 23:00:00,2015-06-28 23:00:00,2258,1148,1290765.0,CAL-78,325.0,159,Glo,4.0,1290765.0,bone,Adherent,R,SIDM00929,SIDP00415,,SIDP00415,True,8.344295907915816,2015-06-24,development,0.1627091582911382,0.24469333781913483,-0.053482000053236556
7302,6479,2015-06-24 23:00:00,2015-06-28 23:00:00,2374,902,949163.0,EW-1,625.0,159,Glo,4.0,949163.0,bone,Semi-Adherent,R,SIDM00205,SIDP00512,,SIDP00512,True,9.287712379549449,2015-06-24,development,0.19482189964184127,0.2388783717126568,0.11549369654095032
7335,6573,2015-06-24 23:00:00,2015-06-28 23:00:00,3390,107,687829.0,NCI-H661,300.0,159,Glo,4.0,687829.0,lung_NSCLC,Adherent,R,SIDM01122,SIDP00259,,SIDP00259,True,8.228818690495881,2015-06-24,development,0.29586390950702246,0.03320641614879705,-0.018473126876325185
7341,6467,2015-06-24 23:00:00,2015-06-28 23:00:00,3431,1251,908455.0,NUGC-3,300.0,159,Glo,4.0,908455.0,digestive_system,Adherent,R,SIDM00572,SIDP00920,,SIDP00920,True,8.228818690495881,2015-06-24,development,0.5181000192174746,0.376377475093956,0.18535071328343922
7356,6571,2015-06-24 23:00:00,2015-06-28 23:00:00,2092,2260,909716.0,SJRH30,625.0,159,Glo,4.0,909716.0,soft_tissue,Adherent,R,SIDM01095,SIDP00303,,SIDP00303,True,9.287712379549449,2015-06-24,development,0.11871557579339165,0.09763274071634165,-0.09200696401059827
7359,6565,2015-06-24 23:00:00,2015-06-28 23:00:00,4591,1492,910908.0,SW403,625.0,159,Glo,4.0,,unknown,unknown,unknown,SIDM00836,SIDP00022,,SIDP00022,True,9.287712379549449,2015-06-24,development,0.24857895214746206,-0.06962680468537186,0.7402887496594933
7371,6469,2015-06-24 23:00:00,2015-06-28 23:00:00,2565,1004,688121.0,VA-ES-BJ,150.0,159,Glo,4.0,688121.0,soft_tissue,Adherent,D/F12,SIDM01179,SIDP00365,,SIDP00365,True,7.22881869049588,2015-06-24,development,0.029767170701490375,0.03858610567795551,0.06939712161076816
7197,6613,2015-06-25 23:00:00,2015-06-29 23:00:00,3797,668,1503367.0,ESO51,625.0,159,Glo,4.0,1503367.0,aero_dig_tract,Semi-Adherent,R,SIDM00538,SIDP00807,,SIDP00807,True,9.287712379549449,2015-06-25,development,0.20298612033390295,0.4227156339970729,0.20298612033390295
7209,6603,2015-06-25 23:00:00,2015-06-29 23:00:00,2310,1637,910944.0,ALL-PO,2500.0,159,Glo,4.0,910944.0,leukemia,Suspension,R,SIDM00211,SIDP00523,,SIDP00523,True,11.287712379549449,2015-06-25,development,0.5314660513835365,0.4985919933047315,0.30132929993341984
7218,6614,2015-06-25 23:00:00,2015-06-29 23:00:00,2491,572,906821.0,CFPAC-1,350.0,159,Glo,4.0,906821.0,pancreas,Adherent,R,SIDM00130,SIDP00720,,SIDP00720,True,8.451211111832329,2015-06-25,development,0.4953562064336493,0.29060383489685215,0.29060383489685215
7236,6620,2015-06-25 23:00:00,2015-06-29 23:00:00,2643,2075,906837.0,Detroit562,150.0,159,Glo,4.0,906837.0,aero_dig_tract,Adherent,D/F12,SIDM00831,SIDP00014,,SIDP00014,True,7.22881869049588,2015-06-25,development,0.4821402906889277,0.24397788469351056,0.3479021120722632
7260,6609,2015-06-25 23:00:00,2015-06-29 23:00:00,2588,1467,906814.0,COLO-792,300.0,159,Glo,4.0,906814.0,skin,Adherent,R,SIDM00140,SIDP00745,,SIDP00745,True,8.228818690495881,2015-06-25,development,0.02901823630656275,0.12459954116202898,0.48138948061246356
7269,6611,2015-06-25 23:00:00,2015-06-29 23:00:00,2683,404,753556.0,EPLC-272H,400.0,159,Glo,4.0,753556.0,lung_NSCLC,Adherent,R,SIDM01044,SIDP00447,,SIDP00447,True,8.643856189774725,2015-06-25,development,0.46180168703264834,0.1670532667430502,0.12609199611259958
7353,6617,2015-06-25 23:00:00,2015-06-29 23:00:00,2015,1762,909262.0,Raji,500.0,159,Glo,4.0,909262.0,lymphoma,Suspension,R,SIDM00844,SIDP00017,,SIDP00017,True,8.965784284662087,2015-06-25,development,0.20670503791904615,0.06948316635507978,0.3518219027692491
7362,6604,2015-06-25 23:00:00,2015-06-29 23:00:00,3801,382,1503371.0,TE-4,1250.0,159,Glo,4.0,1503371.0,aero_dig_tract,Adherent,R,SIDM00250,SIDP00631,,SIDP00631,True,10.287712379549449,2015-06-25,development,0.9123990779194873,-0.01903051166180969,-0.1594092499714066
7393,6747,2015-06-29 23:00:00,2015-07-03 23:00:00,2725,1509,1240131.0,H2591,625.0,159,Glo,4.0,1240131.0,lung,Adherent,R,SIDM00101,SIDP00779,,SIDP00779,True,9.287712379549449,2015-06-29,development,0.20139986103786978,0.1860884710906896,0.1937441660642797
7396,6796,2015-06-29 23:00:00,2015-07-03 23:00:00,2747,2125,1240141.0,H513,625.0,159,Glo,4.0,1240141.0,lung,Semi-Adherent,R,SIDM00114,SIDP00775,,SIDP00775,True,9.287712379549449,2015-06-29,development,0.39531184548881293,-0.015402647992961871,0.16858850763699684
7405,6795,2015-06-29 23:00:00,2015-07-03 23:00:00,2454,1175,753592.0,LXF-289,150.0,159,Glo,4.0,753592.0,lung_NSCLC,Adherent,D/F12,SIDM00339,SIDP00991,,SIDP00991,True,7.22881869049588,2015-06-29,development,-0.1277415788631635,0.13755519945266392,-0.007945382951593416
7408,6797,2015-06-29 23:00:00,2015-07-03 23:00:00,3165,1040,687514.0,ME-180,625.0,159,Glo,4.0,687514.0,urogenital_system,Adherent,D/F12,SIDM00627,SIDP00163,,SIDP00163,True,9.287712379549449,2015-06-29,development,0.36697911134802963,0.3903095635110657,0.2830269621991126
7429,6776,2015-06-29 23:00:00,2015-07-03 23:00:00,3011,2263,1295740.0,ALL-SIL,1250.0,159,Glo,4.0,1295740.0,leukemia,Suspension,R,SIDM00994,SIDP00388,,SIDP00388,True,10.287712379549449,2015-06-29,development,0.3013806632597703,-0.0420707532471305,0.13848833174581043
7438,6775,2015-06-29 23:00:00,2015-07-03 23:00:00,2091,1190,910703.0,CA46,1500.0,159,Glo,4.0,910703.0,lymphoma,Suspension,R,SIDM00907,SIDP00075,,SIDP00075,True,10.550746785383245,2015-06-29,development,0.1783929746854026,0.1981651742190912,-0.008081277301257739
7441,6745,2015-06-29 23:00:00,2015-07-03 23:00:00,2638,1783,906831.0,Daudi,1250.0,159,Glo,4.0,906831.0,lymphoma,Suspension,R,SIDM00845,SIDP00016,,SIDP00016,True,10.287712379549449,2015-06-29,development,-0.001572227344822652,0.11898795322904365,0.21063112785570293
7444,6791,2015-06-29 23:00:00,2015-07-03 23:00:00,2640,1784,906835.0,DBTRG-05MG,625.0,159,Glo,4.0,906835.0,nervous_system,Adherent,R,SIDM00867,SIDP00090,,SIDP00090,True,9.287712379549449,2015-06-29,development,0.15881214177581293,0.4390435698202687,0.09448765458760755
7456,6790,2015-06-29 23:00:00,2015-07-03 23:00:00,2721,165,1290808.0,H2369,625.0,159,Glo,4.0,1290808.0,lung,Adherent,R,SIDM00104,SIDP00776,,SIDP00776,True,9.287712379549449,2015-06-29,development,0.08515804012046424,-0.05788736351800039,-0.10557642002619816
7462,6789,2015-06-29 23:00:00,2015-07-03 23:00:00,2717,1776,1303897.0,GRANTA-519,2000.0,159,Glo,4.0,1303897.0,lymphoma,Suspension,D/F12,SIDM01058,SIDP00455,,SIDP00455,True,10.965784284662089,2015-06-29,development,0.03892433539628093,-0.008407204561466486,0.07530931456843337
7471,6794,2015-06-29 23:00:00,2015-07-03 23:00:00,2675,1315,906853.0,EGI-1,625.0,159,Glo,4.0,906853.0,digestive_system,Adherent,D/F12,SIDM01050,SIDP00442,,SIDP00442,True,9.287712379549449,2015-06-29,development,-0.14533728651115574,-0.15614284921455357,-0.0966851046908328
7581,6908,2015-07-02 23:00:00,2015-07-06 23:00:00,2311,776,910933.0,AM-38,325.0,159,Glo,4.0,910933.0,nervous_system,Semi-Adherent,D/F12,SIDM00492,SIDP00849,,SIDP00849,True,8.344295907915816,2015-07-02,development,0.273252319523285,0.4809680606530198,0.5281729505730406
7584,6885,2015-07-02 23:00:00,2015-07-06 23:00:00,3089,726,910704.0,AU565,500.0,159,Glo,4.0,910704.0,breast,Adherent,R,SIDM00898,SIDP00064,,SIDP00064,True,8.965784284662087,2015-07-02,development,0.6359432338439599,0.20544751997298472,0.1522186199113985
7596,6881,2015-07-02 23:00:00,2015-07-06 23:00:00,2646,1386,906839.0,DK-MG,625.0,159,Glo,4.0,906839.0,nervous_system,Adherent,R,SIDM00947,SIDP00434,,SIDP00434,True,9.287712379549449,2015-07-02,development,0.3469501377647407,0.05445953365762224,0.03009891833229439
7599,6879,2015-07-02 23:00:00,2015-07-06 23:00:00,2386,2095,687568.0,GB-1,625.0,159,Glo,4.0,687568.0,nervous_system,Adherent,D/F12,SIDM00581,SIDP00858,,SIDP00858,True,9.287712379549449,2015-07-02,development,0.07902170345064585,0.20986674815275652,-0.11728377505066634
7605,6896,2015-07-02 23:00:00,2015-07-06 23:00:00,2378,1529,949165.0,EW-16,800.0,159,Glo,4.0,949165.0,bone,Adherent,R,SIDM00198,SIDP00518,,SIDP00518,True,9.643856189774723,2015-07-02,development,0.3612564506648409,0.11333675980711178,0.019773738328398904
7614,6890,2015-07-02 23:00:00,2015-07-06 23:00:00,2699,1173,906865.0,G-361,625.0,159,Glo,4.0,906865.0,skin,Adherent,R,SIDM00857,SIDP00098,,SIDP00098,True,9.287712379549449,2015-07-02,development,0.21127500268195187,0.7163268996866536,0.7499984352992966
7620,6883,2015-07-02 23:00:00,2015-07-06 23:00:00,2389,1530,906872.0,GI-ME-N,325.0,159,Glo,4.0,906872.0,neuroblastoma,Adherent,R,SIDM00227,SIDP00526,,SIDP00526,True,8.344295907915816,2015-07-02,development,0.026159536931424476,0.14145027280938194,0.19912459372070568
7623,6898,2015-07-02 23:00:00,2015-07-06 23:00:00,3102,1503,1240168.0,LN-18,300.0,159,Glo,4.0,1240168.0,nervous_system,Adherent,D/F12,SIDM00685,SIDP00145,,SIDP00145,True,8.228818690495881,2015-07-02,development,0.1222629185116495,0.19077851437493987,0.09485209258040339
7638,6871,2015-07-02 23:00:00,2015-07-06 23:00:00,2723,1797,1290809.0,H2373,300.0,159,Glo,4.0,1290809.0,lung,Adherent,R,SIDM00103,SIDP00777,,SIDP00777,True,8.228818690495881,2015-07-02,development,0.25479385524383336,0.21092726040082488,0.192140777530469
7641,6906,2015-07-02 23:00:00,2015-07-06 23:00:00,4303,151,1660035.0,SNU-61,1250.0,159,Glo,4.0,1660035.0,large_intestine,Adherent,R,SIDM00194,SIDP00539,,SIDP00539,True,10.287712379549449,2015-07-02,development,0.3117357155294965,0.1259769526346084,0.3472997863743299
7659,6874,2015-07-02 23:00:00,2015-07-06 23:00:00,2755,637,907044.0,HC-1,625.0,159,Glo,4.0,907044.0,leukemia,Suspension,R,SIDM01073,SIDP00456,,SIDP00456,True,9.287712379549449,2015-07-02,development,0.28631121687733874,0.22112499781499018,0.43841239468948534
7665,6873,2015-07-02 23:00:00,2015-07-06 23:00:00,2558,13,906820.0,CHP-212,625.0,159,Glo,4.0,906820.0,neuroblastoma,Adherent,D/F12,SIDM00910,SIDP00085,,SIDP00085,True,9.287712379549449,2015-07-02,development,0.23910601356688477,0.16924895375454774,0.7471486581472924
7668,6904,2015-07-02 23:00:00,2015-07-06 23:00:00,3411,412,946359.0,BT-474,1250.0,159,Glo,4.0,946359.0,breast,Adherent,R,SIDM00963,SIDP00400,,SIDP00400,True,10.287712379549449,2015-07-02,development,0.687034620141556,0.19635684665320574,0.07837333217991183
7766,7044,2015-07-06 23:00:00,2015-07-10 23:00:00,2651,580,907295.0,DMS-53,1250.0,159,Glo,4.0,907295.0,lung_SCLC,Adherent,D/F12,SIDM00523,SIDP00803,,SIDP00803,True,10.287712379549449,2015-07-06,development,0.13337165268123052,0.14196183167024867,0.004411051024488688
7781,7037,2015-07-06 23:00:00,2015-07-10 23:00:00,3104,1505,910694.0,LN-405,625.0,159,Glo,4.0,910694.0,nervous_system,Adherent,D/F12,SIDM00343,SIDP00987,,SIDP00987,True,9.287712379549449,2015-07-06,development,-0.0774074679777772,0.1524215394408578,0.09398148547380125
7784,7039,2015-07-06 23:00:00,2015-07-10 23:00:00,3221,1321,908147.0,MOLT-16,1250.0,159,Glo,4.0,908147.0,leukemia,Suspension,R,SIDM00431,SIDP01011,,SIDP01011,True,10.287712379549449,2015-07-06,development,0.4171852524398474,0.30609295838067463,0.17821633079641142
7787,7046,2015-07-06 23:00:00,2015-07-10 23:00:00,3284,1402,753600.0,NCI-H1563,625.0,159,Glo,4.0,753600.0,lung_NSCLC,Adherent,R,SIDM00751,SIDP00187,,SIDP00187,True,9.287712379549449,2015-07-06,development,0.2768751639587057,0.07638850994686863,0.031106851539139946
7790,7034,2015-07-06 23:00:00,2015-07-10 23:00:00,3291,1238,687798.0,NCI-H1623,900.0,159,Glo,4.0,687798.0,lung_NSCLC,Adherent,D/F12,SIDM00747,SIDP00191,,SIDP00191,True,9.813781191217036,2015-07-06,development,0.8201382080367428,0.06723503629766692,0.27342755539430597
7793,7036,2015-07-06 23:00:00,2015-07-10 23:00:00,3345,1015,722046.0,NCI-H2122,150.0,159,Glo,4.0,722046.0,lung_NSCLC,Adherent,R,SIDM00702,SIDP00228,,SIDP00228,True,7.22881869049588,2015-07-06,development,0.791218260913656,0.4808391659525004,0.6449151413097646
7799,7038,2015-07-06 23:00:00,2015-07-10 23:00:00,3357,1812,687816.0,NCI-H2228,325.0,159,Glo,4.0,687816.0,lung_NSCLC,Adherent,R,SIDM00729,SIDP00236,,SIDP00236,True,8.344295907915816,2015-07-06,development,0.07840166394058923,0.13281205162980003,0.009165625201420169
7802,7033,2015-07-06 23:00:00,2015-07-10 23:00:00,2801,1799,1298134.0,HeLa,325.0,159,Glo,4.0,1298134.0,urogenital_system,Adherent,D/F12,SIDM00846,SIDP00015,,SIDP00015,True,8.344295907915816,2015-07-06,development,-0.06427948411714368,0.008405583485937007,-0.025800417309249868
7805,7043,2015-07-06 23:00:00,2015-07-10 23:00:00,3472,2153,909251.0,P12-ICHIKAWA,800.0,159,Glo,4.0,909251.0,leukemia,Suspension,R,SIDM00463,SIDP01024,,SIDP01024,True,9.643856189774723,2015-07-06,development,0.5669078528777454,0.3423286112030389,0.42774115770784127
7808,7032,2015-07-06 23:00:00,2015-07-10 23:00:00,3253,730,1240181.0,NB(TU)1-10,400.0,159,Glo,4.0,1240181.0,neuroblastoma,Adherent,R,SIDM00579,SIDP00912,,SIDP00912,True,8.643856189774725,2015-07-06,development,0.017675497123356698,-0.16055110640895864,0.39391619252927856
7811,7040,2015-07-06 23:00:00,2015-07-10 23:00:00,2018,283,1330995.0,RC-K8,625.0,159,Glo,4.0,1330995.0,lymphoma,Suspension,R,SIDM00448,SIDP01030,,SIDP01030,True,9.287712379549449,2015-07-06,development,0.11330630876516412,0.025072355427720572,0.05122425606362324
7814,7045,2015-07-06 23:00:00,2015-07-10 23:00:00,2530,1003,753612.0,SK-MM-2,5000.0,159,Glo,4.0,753612.0,myeloma,Suspension,R,SIDM00391,SIDP01047,,SIDP01047,True,12.287712379549449,2015-07-06,development,0.057802792025917316,0.09756965581218258,0.10325335192694995
7817,7035,2015-07-06 23:00:00,2015-07-10 23:00:00,2168,271,909748.0,SW1463,400.0,159,Glo,4.0,909748.0,large_intestine,Adherent,D/F12,SIDM00834,SIDP00024,,SIDP00024,True,8.643856189774725,2015-07-06,development,0.31973480889650885,0.15001220750526834,0.5823543578211186
7820,7042,2015-07-06 23:00:00,2015-07-10 23:00:00,4271,1066,910905.0,SNU-C1,625.0,159,Glo,4.0,910905.0,large_intestine,Suspension,R,SIDM01197,SIDP00327,,SIDP00327,True,9.287712379549449,2015-07-06,development,-0.0019964665248597413,-0.03347385841912587,0.5938136085838561
7990,7294,2015-07-15 23:00:00,2015-07-19 23:00:00,3042,313,909976.0,KM-H2,1250.0,159,Glo,4.0,909976.0,lymphoma,Suspension,R,SIDM01018,SIDP00488,,SIDP00488,True,10.287712379549449,2015-07-15,development,0.19116167617363822,0.07080507858550256,0.12718042994863377
7993,7271,2015-07-15 23:00:00,2015-07-19 23:00:00,3048,1515,1298169.0,KMRC-20,200.0,159,Glo,4.0,1298169.0,kidney,Adherent,D/F12,SIDM00609,SIDP00885,,SIDP00885,True,7.643856189774724,2015-07-15,development,0.3059030320444328,0.12045119175649643,0.1061553485812865
7996,7296,2015-07-15 23:00:00,2015-07-19 23:00:00,3056,1206,1330933.0,KOPN-8,900.0,159,Glo,4.0,1330933.0,leukemia,Suspension,R,SIDM01034,SIDP00491,,SIDP00491,True,9.813781191217036,2015-07-15,development,0.2608190697617354,0.17957026826126188,0.4565059367256784
7999,7282,2015-07-15 23:00:00,2015-07-19 23:00:00,3058,228,1298216.0,KP-1N,250.0,159,Glo,4.0,1298216.0,pancreas,Adherent,R,SIDM00583,SIDP00892,,SIDP00892,True,7.965784284662087,2015-07-15,development,0.1499501982351763,0.024410028606388856,-0.0015675476198278027
8002,7300,2015-07-15 23:00:00,2015-07-19 23:00:00,2998,905,1327766.0,JJN-3,1250.0,159,Glo,4.0,1327766.0,myeloma,Suspension,D/F12,SIDM01036,SIDP00473,,SIDP00473,True,10.287712379549449,2015-07-15,development,0.08442469070577974,0.03217993413605913,0.12016093238583425
8011,7269,2015-07-15 23:00:00,2015-07-19 23:00:00,2936,329,924151.0,HTC-C3,325.0,159,Glo,4.0,924151.0,thyroid,Adherent,D/F12,SIDM00496,SIDP00845,,SIDP00845,True,8.344295907915816,2015-07-15,development,0.059024253636511426,0.5438281986345068,0.36693760488472926
8014,7273,2015-07-15 23:00:00,2015-07-19 23:00:00,2926,1391,907064.0,HT-1080,625.0,159,Glo,4.0,907064.0,soft_tissue,Adherent,D/F12,SIDM00828,SIDP00012,,SIDP00012,True,9.287712379549449,2015-07-15,development,-0.021384783847521405,0.33217545830633755,0.22339644605800868
8017,7304,2015-07-15 23:00:00,2015-07-19 23:00:00,2996,479,1298157.0,JIMT-1,325.0,159,Glo,4.0,1298157.0,breast,Adherent,D/F12,SIDM01037,SIDP00472,,SIDP00472,True,8.344295907915816,2015-07-15,development,0.21323360023914995,-0.10006651289441426,0.12296882170845669
8032,7280,2015-07-15 23:00:00,2015-07-19 23:00:00,2764,1368,1240143.0,HCC-15,625.0,159,Glo,4.0,1240143.0,lung_NSCLC,Adherent,D/F12,SIDM01072,SIDP00457,,SIDP00457,True,9.287712379549449,2015-07-15,development,0.011785255562482666,-0.06817265024116725,0.3475977524847417
8035,7302,2015-07-15 23:00:00,2015-07-19 23:00:00,2745,349,910784.0,A204,1000.0,159,Glo,4.0,910784.0,soft_tissue,Adherent,R,SIDM00798,SIDP00051,,SIDP00051,True,9.965784284662089,2015-07-15,development,0.15853171290901436,0.2542850525683449,0.1146322428957075
8038,7284,2015-07-15 23:00:00,2015-07-19 23:00:00,2982,89,1298151.0,JHH-1,900.0,159,Glo,4.0,1298151.0,digestive_system,Adherent,D/F12,SIDM00618,SIDP00876,,SIDP00876,True,9.813781191217036,2015-07-15,development,0.1820573050511468,0.159911291808972,0.23185110145011467
8041,7275,2015-07-15 23:00:00,2015-07-19 23:00:00,2934,1393,907068.0,HT-3,1250.0,159,Glo,4.0,907068.0,urogenital_system,Adherent,R,SIDM00679,SIDP00136,,SIDP00136,True,10.287712379549449,2015-07-15,development,0.2435751331789392,0.10804172467715423,0.2719510558136543
8047,7291,2015-07-15 23:00:00,2015-07-19 23:00:00,2400,1500,905972.0,HOP-62,300.0,159,Glo,4.0,905972.0,lung_NSCLC,Adherent,R,SIDM00133,SIDP00733,,SIDP00733,True,8.228818690495881,2015-07-15,development,0.062415319624898324,0.154741536934344,0.43508499707998316
8050,7267,2015-07-15 23:00:00,2015-07-19 23:00:00,2480,185,910688.0,CESS,625.0,159,Glo,4.0,910688.0,leukemia,Suspension,R,SIDM00917,SIDP00082,,SIDP00082,True,9.287712379549449,2015-07-15,development,0.6691879855874665,0.35010050420296634,0.25477595494062133
8056,7277,2015-07-15 23:00:00,2015-07-19 23:00:00,3200,1320,753616.0,BE2-M17,325.0,159,Glo,4.0,753616.0,neuroblastoma,Adherent,D/F12,SIDM01229,SIDP00067,SIDM00894,SIDP00067,True,8.344295907915816,2015-07-15,development,0.006223623522536359,0.16097908456496213,0.4142409897595073
8058,7285,2015-07-15 23:00:00,2015-07-19 23:00:00,3433,1835,905951.0,BT-549,300.0,159,Glo,4.0,905951.0,breast,Adherent,R,SIDM00122,SIDP00728,,SIDP00728,True,8.228818690495881,2015-07-15,development,0.31910200050393434,0.31120004967146797,0.1926310788888319
8062,7286,2015-07-15 23:00:00,2015-07-19 23:00:00,3737,1096,1479988.0,Hey,150.0,159,Glo,4.0,1479988.0,urogenital_system,Adherent,R,SIDM00968,SIDP00376,,SIDP00376,True,7.22881869049588,2015-07-15,development,0.12903718728172475,0.23656377176438348,0.43091319319605637
8067,7265,2015-07-15 23:00:00,2015-07-19 23:00:00,2703,1008,1303896.0,GA-10,1000.0,159,Glo,4.0,1303896.0,lymphoma,Suspension,R,SIDM00854,SIDP00101,,SIDP00101,True,9.965784284662089,2015-07-15,development,0.3393438868152111,0.20685892931377226,0.1679019731203939
8070,7298,2015-07-15 23:00:00,2015-07-19 23:00:00,2755,637,907044.0,HC-1,900.0,159,Glo,4.0,907044.0,leukemia,Suspension,R,SIDM01073,SIDP00456,,SIDP00456,True,9.813781191217036,2015-07-15,development,-0.003011583120304362,-0.03386580050213395,0.12037087010207093
8073,7279,2015-07-15 23:00:00,2015-07-19 23:00:00,2679,567,1297447.0,EJM,1250.0,159,Glo,4.0,1297447.0,myeloma,Semi-Adherent,D/F12,SIDM01048,SIDP00444,,SIDP00444,True,10.287712379549449,2015-07-15,development,0.04086767174564654,-0.46873245113439355,0.0775870943866771
8742,7935,2015-08-12 23:00:00,2015-08-16 23:00:00,3357,1812,687816.0,NCI-H2228,325.0,159,Glo,4.0,687816.0,lung_NSCLC,Adherent,R,SIDM00729,SIDP00236,,SIDP00236,True,8.344295907915816,2015-08-12,development,0.23299409865426013,0.049335669230365364,-0.03953323222584282
8744,7934,2015-08-12 23:00:00,2015-08-16 23:00:00,2694,1007,906864.0,FTC-133,200.0,159,Glo,4.0,906864.0,thyroid,Adherent,D/F12,SIDM00213,SIDP00525,,SIDP00525,True,7.643856189774724,2015-08-12,development,0.26087683873977796,0.14473734165658358,-0.034801593217916205
8746,7936,2015-08-12 23:00:00,2015-08-16 23:00:00,2325,604,910943.0,CAS-1,625.0,159,Glo,4.0,910943.0,nervous_system,Adherent,D/F12,SIDM00212,SIDP00524,,SIDP00524,True,9.287712379549449,2015-08-12,development,0.2553104480072176,0.021048644792165394,0.11063561798622301
8748,7938,2015-08-12 23:00:00,2015-08-16 23:00:00,3176,920,908130.0,MFE-296,1000.0,159,Glo,4.0,908130.0,urogenital_system,Adherent,D/F12,SIDM00334,SIDP00996,,SIDP00996,True,9.965784284662089,2015-08-12,development,0.11983896668102934,0.11983896668102934,0.09591048629179377
8750,7921,2015-08-12 23:00:00,2015-08-16 23:00:00,3086,894,753575.0,KYSE-520,500.0,159,Glo,4.0,753575.0,aero_dig_tract,Adherent,R,SIDM01025,SIDP00500,,SIDP00500,True,8.965784284662087,2015-08-12,development,0.5652070097177282,0.07964246966534272,0.13588437637155848
8756,7937,2015-08-12 23:00:00,2015-08-16 23:00:00,2797,474,907051.0,HEC-1,625.0,159,Glo,4.0,907051.0,urogenital_system,Adherent,D/F12,SIDM00596,SIDP00862,,SIDP00862,True,9.287712379549449,2015-08-12,development,0.12873043521553118,0.25655292948521846,0.06022216384731127
8758,7933,2015-08-12 23:00:00,2015-08-16 23:00:00,3284,1402,753600.0,NCI-H1563,625.0,159,Glo,4.0,753600.0,lung_NSCLC,Adherent,R,SIDM00751,SIDP00187,,SIDP00187,True,9.287712379549449,2015-08-12,development,0.21669745406568308,-0.030242998659822495,-0.12078369704737613
8760,7922,2015-08-12 23:00:00,2015-08-16 23:00:00,2949,618,907286.0,HuP-T4,1000.0,159,Glo,4.0,907286.0,pancreas,Adherent,D/F12,SIDM00531,SIDP00813,,SIDP00813,True,9.965784284662089,2015-08-12,development,-0.14724706933695364,0.04160480423908741,0.04160480423908741
8766,7930,2015-08-12 23:00:00,2015-08-16 23:00:00,3084,1939,1298222.0,KYSE-50,625.0,159,Glo,4.0,1298222.0,aero_dig_tract,Adherent,D/F12,SIDM00550,SIDP00902,,SIDP00902,True,9.287712379549449,2015-08-12,development,0.1723905659451821,0.13516681908954886,0.023495578522649163
8770,7923,2015-08-12 23:00:00,2015-08-16 23:00:00,3045,1803,907280.0,KMOE-2,625.0,159,Glo,4.0,907280.0,leukemia,Suspension,R,SIDM01019,SIDP00489,,SIDP00489,True,9.287712379549449,2015-08-12,development,0.030522450165338832,-0.020904765286987148,0.8701602405008653
8772,7919,2015-08-12 23:00:00,2015-08-16 23:00:00,2644,188,906838.0,DG-75,400.0,159,Glo,4.0,906838.0,lymphoma,Suspension,R,SIDM00948,SIDP00433,,SIDP00433,True,8.643856189774725,2015-08-12,development,0.16613109257107872,0.023417597490924424,-0.07953387221760133
8774,7920,2015-08-12 23:00:00,2015-08-16 23:00:00,3441,1679,1330985.0,OCI-M1,325.0,159,Glo,4.0,1330985.0,leukemia,Suspension,D/F12,SIDM00458,SIDP01022,,SIDP01022,True,8.344295907915816,2015-08-12,development,0.07931926505914788,0.23104452175016998,0.450182850375591
8778,7932,2015-08-12 23:00:00,2015-08-16 23:00:00,4742,1534,907169.0,IGR-1,150.0,159,Glo,4.0,907169.0,skin,Adherent,D/F12,SIDM01060,SIDP00468,,SIDP00468,True,7.22881869049588,2015-08-12,development,0.039925844966966384,0.27347688325111674,0.1511446141546482
8780,7931,2015-08-12 23:00:00,2015-08-16 23:00:00,2232,1913,905983.0,U251,300.0,159,Glo,4.0,905983.0,nervous_system,Adherent,D/F12,SIDM00111,SIDP00772,,SIDP00772,True,8.228818690495881,2015-08-12,development,0.0563193055549821,0.0464849153039828,0.14956115597986974
8782,7925,2015-08-12 23:00:00,2015-08-16 23:00:00,3002,1378,1327769.0,JSC-1,325.0,159,Glo,4.0,1327769.0,lymphoma,Suspension,R,SIDM00688,SIDP00142,,SIDP00142,True,8.344295907915816,2015-08-12,development,0.005272324833194619,-0.14404334880177427,0.46730281244596406
8784,7927,2015-08-12 23:00:00,2015-08-16 23:00:00,2670,1187,1290798.0,EFM-192A,625.0,159,Glo,4.0,1290798.0,breast,Adherent,R,SIDM01002,SIDP00439,,SIDP00439,True,9.287712379549449,2015-08-12,development,0.7652830281425361,-0.05239107232595708,0.035790652203810946
8786,7928,2015-08-12 23:00:00,2015-08-16 23:00:00,2053,1309,687455.0,RT4,325.0,159,Glo,4.0,687455.0,urogenital_system,Adherent,D/F12,SIDM01085,SIDP00294,,SIDP00294,True,8.344295907915816,2015-08-12,development,-0.11717890454222979,-0.04612730046972868,0.07374859381889343
8788,7918,2015-08-12 23:00:00,2015-08-16 23:00:00,2312,319,910687.0,ATN-1,1250.0,159,Glo,4.0,910687.0,leukemia,Suspension,R,SIDM00233,SIDP00580,,SIDP00580,True,10.287712379549449,2015-08-12,development,0.006311743640906586,-0.11377170905520861,0.07427299700372081
8790,7940,2015-08-12 23:00:00,2015-08-16 23:00:00,4308,995,1659818.0,MM1S,2000.0,159,Glo,4.0,1659818.0,myeloma,Suspension,R,SIDM01265,SIDP00165,SIDM00624,SIDP00165,True,10.965784284662089,2015-08-12,development,0.17452867642759318,-0.06278151796386267,0.1986615742488671
8792,7939,2015-08-12 23:00:00,2015-08-16 23:00:00,5361,586,905975.0,M14,300.0,159,Glo,4.0,905975.0,skin,Adherent,R,SIDM00003,SIDP00698,,SIDP00698,True,8.228818690495881,2015-08-12,development,0.08802886888402417,0.6718826091246,0.7932979148491971
8796,7984,2015-08-13 23:00:00,2015-08-17 23:00:00,2090,1498,1240212.0,SISO,625.0,159,Glo,4.0,1240212.0,urogenital_system,Adherent,R,SIDM00394,SIDP01044,,SIDP01044,True,9.287712379549449,2015-08-13,development,0.17956765767384497,0.11975291410245592,-0.0437513983382507
8798,7979,2015-08-13 23:00:00,2015-08-17 23:00:00,2095,41,684072.0,SK-ES-1,625.0,159,Glo,4.0,684072.0,bone,Semi-Adherent,R,SIDM01111,SIDP00306,,SIDP00306,True,9.287712379549449,2015-08-13,development,0.1307463160639919,0.14598440118079836,0.03174656106421325
8800,7987,2015-08-13 23:00:00,2015-08-17 23:00:00,2117,1910,1299059.0,SKN-3,325.0,159,Glo,4.0,1299059.0,aero_dig_tract,Adherent,R,SIDM00375,SIDP00956,,SIDP00956,True,8.344295907915816,2015-08-13,development,0.23537169978979566,-0.028350070579143738,0.2526521187240791
8802,7972,2015-08-13 23:00:00,2015-08-17 23:00:00,2120,867,688086.0,SK-N-DZ,150.0,159,Glo,4.0,688086.0,neuroblastoma,Adherent,D/F12,SIDM01100,SIDP00316,,SIDP00316,True,7.22881869049588,2015-08-13,development,-0.012555837071012155,0.0022002712444852968,0.09081107243553821
8804,7982,2015-08-13 23:00:00,2015-08-17 23:00:00,2154,1877,1331038.0,SU-DHL-8,2500.0,159,Glo,4.0,1331038.0,lymphoma,Suspension,R,SIDM00423,SIDP01054,,SIDP01054,True,11.287712379549449,2015-08-13,development,-0.012038238087398012,-0.20547190779935165,-0.05947593543363716
8806,7976,2015-08-13 23:00:00,2015-08-17 23:00:00,2171,849,724878.0,SW1573,1250.0,159,Glo,4.0,724878.0,lung_NSCLC,Adherent,D/F12,SIDM01163,SIDP00336,,SIDP00336,True,10.287712379549449,2015-08-13,development,0.10310422078458492,0.11944314998244121,0.1651790280985289
8808,7978,2015-08-13 23:00:00,2015-08-17 23:00:00,2200,275,687459.0,TCCSUP,625.0,159,Glo,4.0,687459.0,urogenital_system,Adherent,D/F12,SIDM01190,SIDP00351,,SIDP00351,True,9.287712379549449,2015-08-13,development,0.16116298962137898,0.2060462607774215,0.33255970043324345
8810,7980,2015-08-13 23:00:00,2015-08-17 23:00:00,2226,1457,1240223.0,TT2609-C02,625.0,159,Glo,4.0,1240223.0,thyroid,Adherent,R,SIDM00418,SIDP01059,,SIDP01059,True,9.287712379549449,2015-08-13,development,0.15051334985043685,0.0826510293987186,0.37948213925028806
8812,7985,2015-08-13 23:00:00,2015-08-17 23:00:00,2248,1914,909779.0,UMC-11,625.0,159,Glo,4.0,909779.0,lung_NSCLC,Adherent,D/F12,SIDM01183,SIDP00363,,SIDP00363,True,9.287712379549449,2015-08-13,development,0.05238301896682229,0.025193870182185996,-0.06733121301859657
8814,7967,2015-08-13 23:00:00,2015-08-17 23:00:00,3749,686,1480362.0,OV-56,300.0,159,Glo,4.0,1480362.0,urogenital_system,Adherent,D/F12,SIDM00475,SIDP00830,,SIDP00830,True,8.228818690495881,2015-08-13,development,0.13773245635233278,0.14286830410037266,0.06577897131949295
8816,7981,2015-08-13 23:00:00,2015-08-17 23:00:00,2278,1156,1299080.0,WM35,400.0,159,Glo,4.0,1299080.0,skin,Adherent,R,SIDM00974,SIDP00371,,SIDP00371,True,8.643856189774725,2015-08-13,development,0.7479847467237883,0.0006169171672146812,0.09233388984172275
8818,7970,2015-08-13 23:00:00,2015-08-17 23:00:00,3435,173,946360.0,OAW-28,1250.0,159,Glo,4.0,946360.0,urogenital_system,Adherent,D/F12,SIDM00481,SIDP00824,,SIDP00824,True,10.287712379549449,2015-08-13,development,0.18256015159776795,0.07242432531272125,0.10389546649173387
8820,7945,2015-08-13 23:00:00,2015-08-17 23:00:00,2401,1193,907067.0,HT-144,325.0,159,Glo,4.0,907067.0,skin,Adherent,R,SIDM00695,SIDP00135,,SIDP00135,True,8.344295907915816,2015-08-13,development,0.1778747612027366,0.7228106614493408,0.7789916565503655
8824,7947,2015-08-13 23:00:00,2015-08-17 23:00:00,2405,431,907170.0,IMR-5,1250.0,159,Glo,4.0,907170.0,neuroblastoma,Adherent,R,SIDM01206,SIDP00527,SIDM00226,SIDP00527,True,10.287712379549449,2015-08-13,development,0.2093890637753697,0.1508891881472335,0.1508891881472335
8826,7946,2015-08-13 23:00:00,2015-08-17 23:00:00,2442,1755,753585.0,LB996-RCC,325.0,159,Glo,4.0,753585.0,kidney,Adherent,D/F12,SIDM00180,SIDP00572,,SIDP00572,True,8.344295907915816,2015-08-13,development,0.3597617398356844,0.3896325774411651,0.0014616425739594208
8830,7971,2015-08-13 23:00:00,2015-08-17 23:00:00,2508,606,905990.0,OVCAR-4,625.0,159,Glo,4.0,905990.0,urogenital_system,Adherent,R,SIDM00092,SIDP00753,,SIDP00753,True,9.287712379549449,2015-08-13,development,0.03891870352705806,0.14431654751699152,0.015499137969607224
8832,7983,2015-08-13 23:00:00,2015-08-17 23:00:00,2511,1640,909974.0,RCC10RGB,200.0,159,Glo,4.0,909974.0,kidney,Adherent,D/F12,SIDM00235,SIDP00628,,SIDP00628,True,7.643856189774724,2015-08-13,development,0.4683079621968097,0.35783175003336487,0.3136634602884617
8834,7977,2015-08-13 23:00:00,2015-08-17 23:00:00,2515,2215,930082.0,RL95-2,1250.0,159,Glo,4.0,930082.0,urogenital_system,Adherent,D/F12,SIDM01088,SIDP00291,,SIDP00291,True,10.287712379549449,2015-08-13,development,0.1256588171796308,0.37920137127980347,0.30938075962744527
8836,7986,2015-08-13 23:00:00,2015-08-17 23:00:00,2529,578,909729.0,SK-MG-1,325.0,159,Glo,4.0,909729.0,nervous_system,Adherent,R,SIDM00379,SIDP00954,,SIDP00954,True,8.344295907915816,2015-08-13,development,0.2715384100989856,0.06965784910734274,0.03691083263048467
8838,7974,2015-08-13 23:00:00,2015-08-17 23:00:00,2540,1916,909756.0,SW872,625.0,159,Glo,4.0,909756.0,soft_tissue,Adherent,D/F12,SIDM01159,SIDP00344,,SIDP00344,True,9.287712379549449,2015-08-13,development,-0.041085476684434186,0.3122981225748451,0.044340421254919216
8840,7969,2015-08-13 23:00:00,2015-08-17 23:00:00,4139,423,688001.0,NCI-H1417,1750.0,159,Glo,4.0,688001.0,lung_SCLC,Suspension,R,SIDM00642,SIDP00182,,SIDP00182,True,10.77313920671969,2015-08-13,development,0.43732391585616415,0.6479760899797563,0.1851864790532015
8844,7973,2015-08-13 23:00:00,2015-08-17 23:00:00,3365,82,687821.0,NCI-H2405,1250.0,159,Glo,4.0,687821.0,lung_NSCLC,Adherent,D/F12,SIDM00724,SIDP00240,,SIDP00240,True,10.287712379549449,2015-08-13,development,0.08961677165146242,0.3199918252710299,0.3011226140139118
8846,7968,2015-08-13 23:00:00,2015-08-17 23:00:00,3376,1222,688023.0,NCI-H446,300.0,159,Glo,4.0,688023.0,lung_SCLC,Semi-Adherent,R,SIDM00965,SIDP00249,,SIDP00249,True,8.228818690495881,2015-08-13,development,0.26456212096946075,0.021883206683413592,-0.0589984794534959
8852,7948,2015-08-13 23:00:00,2015-08-17 23:00:00,2946,330,907072.0,HuO9,625.0,159,Glo,4.0,907072.0,bone,Adherent,R,SIDM00599,SIDP00873,,SIDP00873,True,9.287712379549449,2015-08-13,development,0.46419318725082226,0.17973039056739948,0.1868383886261641
8854,8041,2015-08-16 23:00:00,2015-08-20 23:00:00,2308,949,910920.0,A704,300.0,159,Glo,4.0,910920.0,kidney,Adherent,D/F12,SIDM00849,SIDP00058,,SIDP00058,True,8.228818690495881,2015-08-16,development,0.22807819367262494,0.19917214145497253,0.16300326204695526
8856,8044,2015-08-16 23:00:00,2015-08-20 23:00:00,2985,1824,1240159.0,JHH-6,325.0,159,Glo,4.0,1240159.0,digestive_system,Adherent,D/F12,SIDM00615,SIDP00879,,SIDP00879,True,8.344295907915816,2015-08-16,development,0.1369685720957502,0.22181341904801488,0.2530779489585242
8860,8043,2015-08-16 23:00:00,2015-08-20 23:00:00,3137,49,683665.0,MC-CAR,1250.0,159,Glo,4.0,683665.0,myeloma,Suspension,D/F12,SIDM00636,SIDP00155,,SIDP00155,True,10.287712379549449,2015-08-16,development,0.2092529699155723,0.3119457634435642,0.0937235771965812
8864,8061,2015-08-16 23:00:00,2015-08-20 23:00:00,3796,1680,1503366.0,ESO26,1250.0,159,Glo,4.0,1503366.0,aero_dig_tract,Adherent,R,SIDM00539,SIDP00806,,SIDP00806,True,10.287712379549449,2015-08-16,development,0.35001952601581154,0.05224205766570611,-0.028078059467261607
8866,8060,2015-08-16 23:00:00,2015-08-20 23:00:00,2984,931,1240158.0,JHH-4,400.0,159,Glo,4.0,1240158.0,digestive_system,Adherent,D/F12,SIDM00616,SIDP00878,,SIDP00878,True,8.643856189774725,2015-08-16,development,0.09448894310754907,0.43318821342456515,0.2831924751602033
8872,8033,2015-08-16 23:00:00,2015-08-20 23:00:00,3019,2177,1327774.0,KARPAS-231,5000.0,159,Glo,4.0,1327774.0,leukemia,Suspension,R,SIDM01017,SIDP00479,,SIDP00479,True,12.287712379549449,2015-08-16,development,0.2809687594351282,0.03231057734407705,0.1761177923799191
8874,8025,2015-08-16 23:00:00,2015-08-20 23:00:00,3105,2080,907788.0,LNCaP-Clone-FGC,400.0,159,Glo,4.0,907788.0,urogenital_system,Adherent,R,SIDM00683,SIDP00147,,SIDP00147,True,8.643856189774725,2015-08-16,development,0.43842789251665015,-0.12852197794991937,0.06869950380760936
8876,8026,2015-08-16 23:00:00,2015-08-20 23:00:00,3320,183,1240185.0,NCI-H1944,400.0,159,Glo,4.0,1240185.0,lung_NSCLC,Adherent,D/F12,SIDM00762,SIDP00211,,SIDP00211,True,8.643856189774725,2015-08-16,development,0.09492155243340272,0.03054668458638954,0.19793427416147114
8878,8045,2015-08-16 23:00:00,2015-08-20 23:00:00,4151,1906,908132.0,MHH-CALL-2,3000.0,159,Glo,4.0,908132.0,leukemia,Suspension,R,SIDM00331,SIDP00999,,SIDP00999,True,11.550746785383245,2015-08-16,development,0.5089520592249037,0.2988888950643903,0.3679204126410984
8880,8029,2015-08-16 23:00:00,2015-08-20 23:00:00,3436,782,910548.0,OAW-42,325.0,159,Glo,4.0,910548.0,urogenital_system,Adherent,D/F12,SIDM00480,SIDP00825,,SIDP00825,True,8.344295907915816,2015-08-16,development,0.047840725404229456,0.12170754345291412,0.1888316122502356
8882,8032,2015-08-16 23:00:00,2015-08-20 23:00:00,3793,752,1503363.0,OACM5-1,625.0,159,Glo,4.0,1503363.0,aero_dig_tract,Semi-Adherent,R,SIDM00444,SIDP01015,,SIDP01015,True,9.287712379549449,2015-08-16,development,0.25612280428679945,-0.04085387032957977,0.21112451302139668
8884,8062,2015-08-16 23:00:00,2015-08-20 23:00:00,3446,2152,1298359.0,OE21,325.0,159,Glo,4.0,1298359.0,aero_dig_tract,Adherent,R,SIDM00478,SIDP00827,,SIDP00827,True,8.344295907915816,2015-08-16,development,0.44469346216107075,0.06358271946904093,0.27531428562184357
8886,8028,2015-08-16 23:00:00,2015-08-20 23:00:00,3751,1949,1480364.0,OVCA420,400.0,159,Glo,4.0,1480364.0,urogenital_system,Adherent,D/F12,SIDM00967,SIDP00377,,SIDP00377,True,8.643856189774725,2015-08-16,development,0.5387291929438941,-0.06507760027105292,0.11681348696791871
8888,8031,2015-08-16 23:00:00,2015-08-20 23:00:00,2277,2155,1240226.0,WM278,625.0,159,Glo,4.0,1240226.0,skin,Adherent,R,SIDM00975,SIDP00370,,SIDP00370,True,9.287712379549449,2015-08-16,development,0.28945102369268594,0.5736014839009671,0.43500763654870456
8890,8027,2015-08-16 23:00:00,2015-08-20 23:00:00,2176,2039,687457.0,SW780,325.0,159,Glo,4.0,687457.0,urogenital_system,Adherent,D/F12,SIDM01160,SIDP00343,,SIDP00343,True,8.344295907915816,2015-08-16,development,0.086921079866357,0.10575418603261066,0.2942114326610856
8892,8069,2015-08-17 23:00:00,2015-08-21 23:00:00,3218,924,1330950.0,MOLP-8,3000.0,159,Glo,4.0,1330950.0,myeloma,Suspension,R,SIDM00434,SIDP01009,,SIDP01009,True,11.550746785383245,2015-08-17,development,-0.13316757710268368,-0.09839570323212365,0.13553283207232814
8894,8070,2015-08-17 23:00:00,2015-08-21 23:00:00,3194,788,908136.0,MHH-PREB-1,625.0,159,Glo,4.0,908136.0,leukemia,Suspension,R,SIDM00388,SIDP01003,,SIDP01003,True,9.287712379549449,2015-08-17,development,-0.26122037149638566,-0.31464332824965213,-0.020884073236023593
8896,8071,2015-08-17 23:00:00,2015-08-21 23:00:00,3219,86,908146.0,MOLT-13,3000.0,159,Glo,4.0,908146.0,leukemia,Suspension,R,SIDM00433,SIDP01010,,SIDP01010,True,11.550746785383245,2015-08-17,development,0.6897124721605599,0.024405529441771212,0.471555632110086
8898,8072,2015-08-17 23:00:00,2015-08-21 23:00:00,3154,1013,905960.0,MDA-MB-231,100.0,159,Glo,4.0,905960.0,breast,Adherent,D/F12,SIDM00146,SIDP00741,,SIDP00741,True,6.643856189774724,2015-08-17,development,0.047198861824142235,-0.005410525921107245,0.22755773128938417
8900,8073,2015-08-17 23:00:00,2015-08-21 23:00:00,2729,1798,1290812.0,H2722,625.0,159,Glo,4.0,1290812.0,lung,Adherent,R,SIDM00099,SIDP00781,,SIDP00781,True,9.287712379549449,2015-08-17,development,0.09431655250448501,0.004657766340066316,-0.11488728187915864
8902,8074,2015-08-17 23:00:00,2015-08-21 23:00:00,2507,1674,909250.0,OS-RC-2,500.0,159,Glo,4.0,909250.0,kidney,Adherent,R,SIDM00239,SIDP00625,,SIDP00625,True,8.965784284662087,2015-08-17,development,0.1788097002972573,0.025476446633062144,-0.010167045257820861
8904,8075,2015-08-17 23:00:00,2015-08-21 23:00:00,3421,2201,905933.0,OVCAR-3,500.0,159,Glo,4.0,905933.0,urogenital_system,Adherent,R,SIDM00105,SIDP00752,,SIDP00752,True,8.965784284662087,2015-08-17,development,0.03813630842241056,0.08788840157193667,-0.07462178220964777
8908,8077,2015-08-17 23:00:00,2015-08-21 23:00:00,3072,1631,907300.0,KY821,500.0,159,Glo,4.0,907300.0,leukemia,Suspension,R,SIDM00553,SIDP00899,,SIDP00899,True,8.965784284662087,2015-08-17,development,0.8712013794377091,0.38566261948682423,0.6907012003979851
8910,8078,2015-08-17 23:00:00,2015-08-21 23:00:00,2849,1243,1322218.0,Hs-445,2000.0,159,Glo,4.0,1322218.0,lymphoma,Suspension,R,SIDM00668,SIDP00125,,SIDP00125,True,10.965784284662089,2015-08-17,development,0.004422158769485596,-0.03179771600457326,0.11611273495559993
8912,8079,2015-08-17 23:00:00,2015-08-21 23:00:00,2131,564,908444.0,NCI-SNU-1,625.0,159,Glo,4.0,908444.0,digestive_system,Suspension,R,SIDM01146,SIDP00273,,SIDP00273,True,9.287712379549449,2015-08-17,development,0.0698991335153556,0.03246431680074813,0.04369006484941962
8914,8080,2015-08-17 23:00:00,2015-08-21 23:00:00,4071,1316,749710.0,HCC1143,400.0,159,Glo,4.0,749710.0,breast,Adherent,R,SIDM00866,SIDP00105,,SIDP00105,True,8.643856189774725,2015-08-17,development,0.3381015259926202,-0.024397861194214165,0.2374198938674913
8918,8081,2015-08-17 23:00:00,2015-08-21 23:00:00,3293,1548,687800.0,NCI-H1650,625.0,159,Glo,4.0,687800.0,lung_NSCLC,Adherent,R,SIDM00745,SIDP00193,,SIDP00193,True,9.287712379549449,2015-08-17,development,0.2830962345333039,-0.06035816147584616,-0.2664767923047724
8920,8065,2015-08-17 23:00:00,2015-08-21 23:00:00,3298,634,687802.0,NCI-H1693,625.0,159,Glo,4.0,687802.0,lung_NSCLC,Adherent,R,SIDM00742,SIDP00196,,SIDP00196,True,9.287712379549449,2015-08-17,development,0.30759245536154023,-0.020674419890168716,-0.07805511765534656
8922,8066,2015-08-17 23:00:00,2015-08-21 23:00:00,2759,1644,749711.0,HCC1187,5000.0,159,Glo,4.0,749711.0,breast,Suspension,R,SIDM00885,SIDP00106,,SIDP00106,True,12.287712379549449,2015-08-17,development,-0.2021196377468042,-0.1982597006393696,-0.15190166201238964
8928,8067,2015-08-17 23:00:00,2015-08-21 23:00:00,2923,99,907062.0,HSC-4,1250.0,159,Glo,4.0,907062.0,aero_dig_tract,Adherent,D/F12,SIDM00588,SIDP00868,,SIDP00868,True,10.287712379549449,2015-08-17,development,-0.008867317333779434,-0.0042263079507354195,0.15832562873175815
8932,8068,2015-08-17 23:00:00,2015-08-21 23:00:00,3126,1660,907796.0,LU-99A,1250.0,159,Glo,4.0,907796.0,lung_NSCLC,Adherent,R,SIDM01219,SIDP00906,SIDM00546,SIDP00906,True,10.287712379549449,2015-08-17,development,0.09922354605937056,0.12732799268256012,0.32653364377037775
8963,8088,2015-08-19 23:00:00,2015-08-23 23:00:00,2292,895,909904.0,YAPC,625.0,159,Glo,4.0,909904.0,pancreas,Adherent,R,SIDM00411,SIDP01066,,SIDP01066,True,9.287712379549449,2015-08-19,development,0.139644342805334,0.048650522766744975,0.11092464385580314
8965,8089,2015-08-19 23:00:00,2015-08-23 23:00:00,2159,1878,1331040.0,SUP-M2,1000.0,159,Glo,4.0,1331040.0,lymphoma,Suspension,R,SIDM00421,SIDP01056,,SIDP01056,True,9.965784284662089,2015-08-19,development,0.11615592354043636,0.13992633804914145,0.19595294945030428
8967,8090,2015-08-19 23:00:00,2015-08-23 23:00:00,2073,1475,910930.0,SCC-3,325.0,159,Glo,4.0,910930.0,lymphoma,Suspension,R,SIDM00384,SIDP00949,,SIDP00949,True,8.344295907915816,2015-08-19,development,0.08707683176097336,0.09884083699887936,0.13884554155790307
8969,8091,2015-08-19 23:00:00,2015-08-23 23:00:00,3475,1617,1330987.0,P32-ISH,800.0,159,Glo,4.0,1330987.0,lymphoma,Suspension,R,SIDM00362,SIDP00933,,SIDP00933,True,9.643856189774723,2015-08-19,development,0.7307392436712492,0.13238698656516568,0.12579953138649647
8971,8092,2015-08-19 23:00:00,2015-08-23 23:00:00,2032,449,1298538.0,RERF-LC-Sq1,400.0,159,Glo,4.0,1298538.0,lung_NSCLC,Adherent,R,SIDM00354,SIDP00941,,SIDP00941,True,8.643856189774725,2015-08-19,development,0.3655637211971621,0.11405915211964346,-0.020115924417693165
8973,8093,2015-08-19 23:00:00,2015-08-23 23:00:00,3234,209,908152.0,MSTO-211H,150.0,159,Glo,4.0,908152.0,lung,Adherent,R,SIDM00640,SIDP00168,,SIDP00168,True,7.22881869049588,2015-08-19,development,0.23969411251968809,0.2598906214680935,0.18419805907300324
8975,8094,2015-08-19 23:00:00,2015-08-23 23:00:00,3215,747,1330947.0,MOLM-13,625.0,159,Glo,4.0,1330947.0,leukemia,Suspension,R,SIDM00437,SIDP01007,,SIDP01007,True,9.287712379549449,2015-08-19,development,0.4100447549981119,0.2622823924886163,0.4940585034959297
8977,8095,2015-08-19 23:00:00,2015-08-23 23:00:00,3179,1816,1240174.0,MFE-319,1250.0,159,Glo,4.0,1240174.0,urogenital_system,Adherent,D/F12,SIDM00333,SIDP00997,,SIDP00997,True,10.287712379549449,2015-08-19,development,0.1376806212204278,0.1376806212204278,0.1792632164267316
8979,8096,2015-08-19 23:00:00,2015-08-23 23:00:00,3103,1504,1240169.0,LN-229,625.0,159,Glo,4.0,1240169.0,nervous_system,Adherent,D/F12,SIDM00684,SIDP00146,,SIDP00146,True,9.287712379549449,2015-08-19,development,0.26544306637321036,0.10745420876805334,0.11534968407278112
8981,8097,2015-08-19 23:00:00,2015-08-23 23:00:00,2979,1232,753566.0,J82,1000.0,159,Glo,4.0,753566.0,urogenital_system,Adherent,D/F12,SIDM00693,SIDP00138,,SIDP00138,True,9.965784284662089,2015-08-19,development,0.12241943889775497,0.11647848675888417,0.19968167073392284
8983,8098,2015-08-19 23:00:00,2015-08-23 23:00:00,2404,1792,910779.0,IA-LM,1250.0,159,Glo,4.0,910779.0,lung_NSCLC,Adherent,D/F12,SIDM00306,SIDP00600,,SIDP00600,True,10.287712379549449,2015-08-19,development,-0.15397123253182965,0.2092855169169917,0.16525690838986906
8985,8099,2015-08-19 23:00:00,2015-08-23 23:00:00,3463,358,1240198.0,OVISE,325.0,159,Glo,4.0,1240198.0,urogenital_system,Adherent,R,SIDM00564,SIDP00927,,SIDP00927,True,8.344295907915816,2015-08-19,development,0.2747319113441702,0.2690952096956566,0.1337293947295939
8987,8100,2015-08-19 23:00:00,2015-08-23 23:00:00,2787,354,1240146.0,HCC-827,325.0,159,Glo,4.0,1240146.0,lung_NSCLC,Adherent,R,SIDM01067,SIDP00462,,SIDP00462,True,8.344295907915816,2015-08-19,development,0.1588860758883378,0.5711066824033162,0.6421422735848894
8989,8101,2015-08-19 23:00:00,2015-08-23 23:00:00,2775,351,749715.0,HCC2157,625.0,159,Glo,4.0,749715.0,breast,Suspension,D/F12,SIDM00774,SIDP00117,,SIDP00117,True,9.287712379549449,2015-08-19,development,0.6576926933037831,-0.07761822705818489,0.16457427910608668
8991,8102,2015-08-19 23:00:00,2015-08-23 23:00:00,3267,801,908467.0,NCI-H1155,400.0,159,Glo,4.0,908467.0,lung_NSCLC,Suspension,D/F12,SIDM00651,SIDP00175,,SIDP00175,True,8.643856189774725,2015-08-19,development,0.3028432814977533,-0.02185104210177835,0.15948991181151162
8995,8104,2015-08-19 23:00:00,2015-08-23 23:00:00,2517,1525,910544.0,RPMI-8866,325.0,159,Glo,4.0,910544.0,leukemia,Suspension,R,SIDM00482,SIDP00836,,SIDP00836,True,8.344295907915816,2015-08-19,development,0.07664264051670888,0.21926687060223515,0.19109723764810238
8997,8085,2015-08-19 23:00:00,2015-08-23 23:00:00,3263,1875,687995.0,NCI-H1048,2500.0,159,Glo,4.0,687995.0,lung_SCLC,Adherent,D/F12,SIDM00654,SIDP00172,,SIDP00172,True,11.287712379549449,2015-08-19,development,0.14175621150999962,0.1057239597876184,0.03960447609939621
9003,8086,2015-08-19 23:00:00,2015-08-23 23:00:00,2875,1850,1240151.0,Hs746T,200.0,159,Glo,4.0,1240151.0,digestive_system,Adherent,D/F12,SIDM00665,SIDP00128,,SIDP00128,True,7.643856189774724,2015-08-19,development,0.3243263292674863,-0.051062896869496166,0.14763995395762863
9011,8087,2015-08-19 23:00:00,2015-08-23 23:00:00,3023,617,907272.0,KARPAS-45,2500.0,159,Glo,4.0,907272.0,leukemia,Suspension,R,SIDM01007,SIDP00482,,SIDP00482,True,11.287712379549449,2015-08-19,development,0.3042876573501444,0.14306446199206435,0.05254771336065389
9276,8364,2015-09-02 23:00:00,2015-09-06 23:00:00,3400,2264,906801.0,BT-20,1250.0,159,Glo,4.0,906801.0,breast,Adherent,D/F12,SIDM00893,SIDP00068,,SIDP00068,True,10.287712379549449,2015-09-02,development,0.4468872461041211,0.19512279047143133,0.3629456887848268
9282,8367,2015-09-02 23:00:00,2015-09-06 23:00:00,2605,858,906812.0,COLO-824,1250.0,159,Glo,4.0,906812.0,breast,Adherent,R,SIDM00954,SIDP00427,,SIDP00427,True,10.287712379549449,2015-09-02,development,0.2426457264329589,-0.015929888079631915,0.03774506894519858
9285,8370,2015-09-02 23:00:00,2015-09-06 23:00:00,2660,302,906844.0,DU-4475,1000.0,159,Glo,4.0,906844.0,breast,Suspension,R,SIDM01001,SIDP00437,,SIDP00437,True,9.965784284662089,2015-09-02,development,0.0826983754891466,0.9584209491291352,1.0054547353031338
9294,8373,2015-09-02 23:00:00,2015-09-06 23:00:00,2830,888,905973.0,HOP-92,625.0,159,Glo,4.0,905973.0,lung_NSCLC,Adherent,D/F12,SIDM00134,SIDP00734,,SIDP00734,True,9.287712379549449,2015-09-02,development,0.19232744955727377,0.29016410846700047,0.3460657575499253
9303,8376,2015-09-02 23:00:00,2015-09-06 23:00:00,2948,109,907285.0,HuP-T3,625.0,159,Glo,4.0,907285.0,pancreas,Adherent,R,SIDM00533,SIDP00812,,SIDP00812,True,9.287712379549449,2015-09-02,development,0.09947780318890354,0.09235299586570078,0.2990798173942061
9312,8382,2015-09-02 23:00:00,2015-09-06 23:00:00,3035,193,907278.0,KG-1,2500.0,159,Glo,4.0,907278.0,leukemia,Suspension,D/F12,SIDM00785,SIDP00031,,SIDP00031,True,11.287712379549449,2015-09-02,development,0.089576226739155,0.05285124174482381,0.18598795759056308
9318,8385,2015-09-02 23:00:00,2015-09-06 23:00:00,3171,626,908125.0,MEL-JUSO,1000.0,159,Glo,4.0,908125.0,skin,Adherent,R,SIDM00336,SIDP00994,,SIDP00994,True,9.965784284662089,2015-09-02,development,0.040840298180490286,0.040840298180490286,0.19867764531165466
9321,8388,2015-09-02 23:00:00,2015-09-06 23:00:00,3172,1395,908127.0,MES-SA,625.0,159,Glo,4.0,908127.0,urogenital_system,Adherent,R,SIDM00625,SIDP00164,,SIDP00164,True,9.287712379549449,2015-09-02,development,0.17316766073937062,0.1823714156587477,-0.1814544038049717
9324,8391,2015-09-02 23:00:00,2015-09-06 23:00:00,3285,711,1298348.0,NCI-H1568,1000.0,159,Glo,4.0,1298348.0,lung_NSCLC,Adherent,R,SIDM00750,SIDP00188,,SIDP00188,True,9.965784284662089,2015-09-02,development,0.4339216076975694,0.0050793206525706625,0.39492407836047383
9345,8394,2015-09-02 23:00:00,2015-09-06 23:00:00,3462,2131,905991.0,OVCAR-8,200.0,159,Glo,4.0,905991.0,urogenital_system,Adherent,R,SIDM00090,SIDP00755,,SIDP00755,True,7.643856189774724,2015-09-02,development,0.2555425998980755,0.11554528936473263,0.023980504070952646
9348,8397,2015-09-02 23:00:00,2015-09-06 23:00:00,3473,2133,909252.0,P30-OHK,2500.0,159,Glo,4.0,909252.0,leukemia,Suspension,R,SIDM00364,SIDP00931,,SIDP00931,True,11.287712379549449,2015-09-02,development,0.4585363271388737,0.3281750966562611,0.02890807923999761
9351,8400,2015-09-02 23:00:00,2015-09-06 23:00:00,2182,1984,724839.0,SW756,1250.0,159,Glo,4.0,724839.0,urogenital_system,Adherent,D/F12,SIDM01174,SIDP00342,,SIDP00342,True,10.287712379549449,2015-09-02,development,0.06397288608667484,0.1806982829516286,0.18625264784309814
9354,8403,2015-09-02 23:00:00,2015-09-06 23:00:00,2767,1245,906804.0,A2780,250.0,159,Glo,4.0,906804.0,urogenital_system,Semi-Adherent,R,SIDM00210,SIDP00522,,SIDP00522,True,7.965784284662087,2015-09-02,development,0.6078732770615622,0.16357737659463412,0.4406191301769724
9357,8406,2015-09-02 23:00:00,2015-09-06 23:00:00,2319,2090,906746.0,Becker,325.0,159,Glo,4.0,906746.0,nervous_system,Adherent,D/F12,SIDM00490,SIDP00851,,SIDP00851,True,8.344295907915816,2015-09-02,development,0.16216743717822957,-0.042538104132694654,0.44451501788488035
9360,8409,2015-09-02 23:00:00,2015-09-06 23:00:00,2371,71,684059.0,ES7,625.0,159,Glo,4.0,684059.0,bone,Adherent,R,SIDM00269,SIDP00640,,SIDP00640,True,9.287712379549449,2015-09-02,development,0.2268183518884037,0.20575882672533707,0.0710074674239074
9363,8412,2015-09-02 23:00:00,2015-09-06 23:00:00,2304,2089,906794.0,A253,300.0,159,Glo,4.0,906794.0,aero_dig_tract,Adherent,D/F12,SIDM00796,SIDP00053,,SIDP00053,True,8.228818690495881,2015-09-02,development,0.2922863315281675,0.13680768808053856,0.21765533309610297
9369,8415,2015-09-02 23:00:00,2015-09-06 23:00:00,5951,649,908458.0,NCI-H716,900.0,159,Glo,4.0,908458.0,large_intestine,Suspension,R,SIDM00779,SIDP00036,,SIDP00036,True,9.813781191217036,2015-09-02,development,-0.05013107836498931,0.11147789517776785,0.2939261272560889
9373,8485,2015-09-06 23:00:00,2015-09-10 23:00:00,6231,953,906793.0,A375,150.0,159,Glo,4.0,906793.0,skin,Adherent,D/F12,SIDM00795,SIDP00054,,SIDP00054,True,7.22881869049588,2015-09-06,development,0.3132901837484411,0.7667017422918164,0.718360515316123
9374,8486,2015-09-06 23:00:00,2015-09-10 23:00:00,6231,953,906793.0,A375,150.0,159,Glo,4.0,906793.0,skin,Adherent,D/F12,SIDM00795,SIDP00054,,SIDP00054,True,7.22881869049588,2015-09-06,development,0.19864885276500488,0.807759648558598,0.7300056709389938
9375,8487,2015-09-06 23:00:00,2015-09-10 23:00:00,6231,953,906793.0,A375,150.0,159,Glo,4.0,906793.0,skin,Adherent,D/F12,SIDM00795,SIDP00054,,SIDP00054,True,7.22881869049588,2015-09-06,development,0.0730963748066541,0.6809853973932591,0.7668003755271243
9380,8491,2015-09-06 23:00:00,2015-09-10 23:00:00,2878,369,905949.0,A549,100.0,159,Glo,4.0,905949.0,lung_NSCLC,Adherent,D/F12,SIDM00903,SIDP00060,,SIDP00060,True,6.643856189774724,2015-09-06,development,0.4048058890949606,0.413284793179869,0.5320320579268014
9381,8492,2015-09-06 23:00:00,2015-09-10 23:00:00,2878,369,905949.0,A549,100.0,159,Glo,4.0,905949.0,lung_NSCLC,Adherent,D/F12,SIDM00903,SIDP00060,,SIDP00060,True,6.643856189774724,2015-09-06,development,0.4302698136184504,0.48873517283320034,0.7141665256160417
9382,8493,2015-09-06 23:00:00,2015-09-10 23:00:00,2878,369,905949.0,A549,100.0,159,Glo,4.0,905949.0,lung_NSCLC,Adherent,D/F12,SIDM00903,SIDP00060,,SIDP00060,True,6.643856189774724,2015-09-06,development,0.2993884484296868,0.40985527075710504,0.5627929154244696
9386,8497,2015-09-06 23:00:00,2015-09-10 23:00:00,4711,2242,906830.0,C32,625.0,159,Glo,4.0,906830.0,skin,Adherent,D/F12,SIDM00890,SIDP00071,,SIDP00071,True,9.287712379549449,2015-09-06,development,0.3098799434224795,0.7962004403550309,0.916250164314136
9387,8498,2015-09-06 23:00:00,2015-09-10 23:00:00,4711,2242,906830.0,C32,625.0,159,Glo,4.0,906830.0,skin,Adherent,D/F12,SIDM00890,SIDP00071,,SIDP00071,True,9.287712379549449,2015-09-06,development,0.32729856830643234,0.8505198156534639,0.9386928866268957
9388,8499,2015-09-06 23:00:00,2015-09-10 23:00:00,4711,2242,906830.0,C32,625.0,159,Glo,4.0,906830.0,skin,Adherent,D/F12,SIDM00890,SIDP00071,,SIDP00071,True,9.287712379549449,2015-09-06,development,0.3424847033735413,0.8744123182784538,0.9148964357264473
9393,8503,2015-09-06 23:00:00,2015-09-10 23:00:00,5232,1553,905937.0,HCT-15,150.0,159,Glo,4.0,905937.0,large_intestine,Adherent,R,SIDM00789,SIDP00030,,SIDP00030,True,7.22881869049588,2015-09-06,development,0.49293071217829476,0.41339688549663145,0.35223356030420516
9394,8504,2015-09-06 23:00:00,2015-09-10 23:00:00,5232,1553,905937.0,HCT-15,150.0,159,Glo,4.0,905937.0,large_intestine,Adherent,R,SIDM00789,SIDP00030,,SIDP00030,True,7.22881869049588,2015-09-06,development,0.49367043147353207,0.2591232315159654,0.3047105413444696
9395,8505,2015-09-06 23:00:00,2015-09-10 23:00:00,5232,1553,905937.0,HCT-15,150.0,159,Glo,4.0,905937.0,large_intestine,Adherent,R,SIDM00789,SIDP00030,,SIDP00030,True,7.22881869049588,2015-09-06,development,0.5837178980284953,0.40979488787319507,0.28270376416882936
9400,8509,2015-09-06 23:00:00,2015-09-10 23:00:00,4576,1212,905939.0,HT-29,200.0,159,Glo,4.0,905939.0,large_intestine,Adherent,R,SIDM00136,SIDP00736,,SIDP00736,True,7.643856189774724,2015-09-06,development,0.4573747765328131,0.4984756834628702,0.6423159572450848
9401,8510,2015-09-06 23:00:00,2015-09-10 23:00:00,4576,1212,905939.0,HT-29,200.0,159,Glo,4.0,905939.0,large_intestine,Adherent,R,SIDM00136,SIDP00736,,SIDP00736,True,7.643856189774724,2015-09-06,development,0.2871745222850115,0.4572983067642945,0.5673636207996356
9402,8511,2015-09-06 23:00:00,2015-09-10 23:00:00,4576,1212,905939.0,HT-29,200.0,159,Glo,4.0,905939.0,large_intestine,Adherent,R,SIDM00136,SIDP00736,,SIDP00736,True,7.643856189774724,2015-09-06,development,0.16799113593721682,0.5404272556941045,0.5455970930149486
9407,8515,2015-09-06 23:00:00,2015-09-10 23:00:00,5233,921,910948.0,MFM-223,625.0,159,Glo,4.0,910948.0,breast,Adherent,D/F12,SIDM00332,SIDP00998,,SIDP00998,True,9.287712379549449,2015-09-06,development,0.1400411643634225,0.21216112907968243,0.08758129961775951
9408,8516,2015-09-06 23:00:00,2015-09-10 23:00:00,5233,921,910948.0,MFM-223,625.0,159,Glo,4.0,910948.0,breast,Adherent,D/F12,SIDM00332,SIDP00998,,SIDP00998,True,9.287712379549449,2015-09-06,development,0.1854867232099705,0.2057828665873067,-0.044672222626824354
9409,8517,2015-09-06 23:00:00,2015-09-10 23:00:00,5233,921,910948.0,MFM-223,625.0,159,Glo,4.0,910948.0,breast,Adherent,D/F12,SIDM00332,SIDP00998,,SIDP00998,True,9.287712379549449,2015-09-06,development,0.25327181619369277,0.11491082316902923,-0.12723828792812797
9414,8521,2015-09-06 23:00:00,2015-09-10 23:00:00,5947,339,908134.0,MHH-ES-1,500.0,159,Glo,4.0,908134.0,bone,Adherent,R,SIDM00386,SIDP01001,,SIDP01001,True,8.965784284662087,2015-09-06,development,0.07460870105547068,0.06929542402814837,-0.010457131150803933
9415,8522,2015-09-06 23:00:00,2015-09-10 23:00:00,5947,339,908134.0,MHH-ES-1,500.0,159,Glo,4.0,908134.0,bone,Adherent,R,SIDM00386,SIDP01001,,SIDP01001,True,8.965784284662087,2015-09-06,development,0.2611829365451157,0.18170759505723122,0.08628927649257412
9416,8523,2015-09-06 23:00:00,2015-09-10 23:00:00,5947,339,908134.0,MHH-ES-1,500.0,159,Glo,4.0,908134.0,bone,Adherent,R,SIDM00386,SIDP01001,,SIDP01001,True,8.965784284662087,2015-09-06,development,0.13509792843500468,-0.03855695257129543,-0.022779755194829
9421,8527,2015-09-06 23:00:00,2015-09-10 23:00:00,4712,198,753608.0,PC-14,250.0,159,Glo,4.0,753608.0,lung_NSCLC,Adherent,R,SIDM00237,SIDP00627,,SIDP00627,True,7.965784284662087,2015-09-06,development,0.6394169063981603,0.07921748504877979,0.1963572992194489
9422,8528,2015-09-06 23:00:00,2015-09-10 23:00:00,4712,198,753608.0,PC-14,250.0,159,Glo,4.0,753608.0,lung_NSCLC,Adherent,R,SIDM00237,SIDP00627,,SIDP00627,True,7.965784284662087,2015-09-06,development,0.5073712382088462,0.27500459819334533,0.20788798386743945
9423,8529,2015-09-06 23:00:00,2015-09-10 23:00:00,4712,198,753608.0,PC-14,250.0,159,Glo,4.0,753608.0,lung_NSCLC,Adherent,R,SIDM00237,SIDP00627,,SIDP00627,True,7.965784284662087,2015-09-06,development,0.5549208528095243,0.14826633589137328,0.19846779566220907
9435,8539,2015-09-06 23:00:00,2015-09-10 23:00:00,2536,37,909740.0,SNU-C2B,300.0,159,Glo,4.0,909740.0,large_intestine,Adherent,R,SIDM00781,SIDP00035,,SIDP00035,True,8.228818690495881,2015-09-06,development,0.4745377013300487,-0.10979936121602818,0.10835366387567325
9436,8540,2015-09-06 23:00:00,2015-09-10 23:00:00,2536,37,909740.0,SNU-C2B,300.0,159,Glo,4.0,909740.0,large_intestine,Adherent,R,SIDM00781,SIDP00035,,SIDP00035,True,8.228818690495881,2015-09-06,development,0.40852107503175883,0.09541779827628993,0.11892806441136905
9437,8541,2015-09-06 23:00:00,2015-09-10 23:00:00,2536,37,909740.0,SNU-C2B,300.0,159,Glo,4.0,909740.0,large_intestine,Adherent,R,SIDM00781,SIDP00035,,SIDP00035,True,8.228818690495881,2015-09-06,development,0.4318064447004729,0.040264711253258034,0.23989161238150614
9442,8545,2015-09-06 23:00:00,2015-09-10 23:00:00,5529,3,905962.0,SW620,300.0,159,Glo,4.0,905962.0,large_intestine,Adherent,D/F12,SIDM00841,SIDP00019,,SIDP00019,True,8.228818690495881,2015-09-06,development,0.12829370682433194,0.2058753259484164,0.512161733989178
9443,8546,2015-09-06 23:00:00,2015-09-10 23:00:00,5529,3,905962.0,SW620,300.0,159,Glo,4.0,905962.0,large_intestine,Adherent,D/F12,SIDM00841,SIDP00019,,SIDP00019,True,8.228818690495881,2015-09-06,development,0.23731891205492273,0.1978395555319048,0.43466163804309776
9444,8547,2015-09-06 23:00:00,2015-09-10 23:00:00,5529,3,905962.0,SW620,300.0,159,Glo,4.0,905962.0,large_intestine,Adherent,D/F12,SIDM00841,SIDP00019,,SIDP00019,True,8.228818690495881,2015-09-06,development,0.2031602598769292,0.18322563802732494,0.5353594728585351
9449,8551,2015-09-06 23:00:00,2015-09-10 23:00:00,5512,1145,909776.0,U-2-OS,625.0,159,Glo,4.0,909776.0,bone,Adherent,R,SIDM01191,SIDP00358,,SIDP00358,True,9.287712379549449,2015-09-06,development,0.287526202453516,0.012178594739986948,-0.0040358680283725246
9450,8552,2015-09-06 23:00:00,2015-09-10 23:00:00,5512,1145,909776.0,U-2-OS,625.0,159,Glo,4.0,909776.0,bone,Adherent,R,SIDM01191,SIDP00358,,SIDP00358,True,9.287712379549449,2015-09-06,development,0.06835317216232573,0.013461207257123964,0.08480422790951725
9451,8553,2015-09-06 23:00:00,2015-09-10 23:00:00,5512,1145,909776.0,U-2-OS,625.0,159,Glo,4.0,909776.0,bone,Adherent,R,SIDM01191,SIDP00358,,SIDP00358,True,9.287712379549449,2015-09-06,development,0.20030126647567237,0.1125472688445317,0.08511381572443877
9461,8606,2015-09-09 23:00:00,2015-09-13 23:00:00,4739,1011,906790.0,AGS,150.0,159,Glo,4.0,906790.0,digestive_system,Adherent,D/F12,SIDM00850,SIDP00059,,SIDP00059,True,7.22881869049588,2015-09-09,development,0.01953384691485638,0.09657383922226437,0.7436942969566145
9464,8608,2015-09-09 23:00:00,2015-09-13 23:00:00,3055,2198,906765.0,ARH-77,500.0,159,Glo,4.0,906765.0,myeloma,Suspension,R,SIDM00900,SIDP00062,,SIDP00062,True,8.965784284662087,2015-09-09,development,0.256594578761171,0.11209997713894282,0.2697199585273805
9469,8610,2015-09-09 23:00:00,2015-09-13 23:00:00,3122,48,910705.0,BALL-1,1250.0,159,Glo,4.0,910705.0,leukemia,Suspension,R,SIDM00287,SIDP00581,,SIDP00581,True,10.287712379549449,2015-09-09,development,0.4273101835136166,0.16268137388466608,0.14634200903497074
9480,8612,2015-09-09 23:00:00,2015-09-13 23:00:00,2330,430,687448.0,COLO-829,400.0,159,Glo,4.0,687448.0,skin,Adherent,R,SIDM00909,SIDP00086,,SIDP00086,True,8.643856189774725,2015-09-09,development,0.04615934058346671,0.6732786812611753,0.6782928139621622
9499,8616,2015-09-09 23:00:00,2015-09-13 23:00:00,2729,1798,1290812.0,H2722,625.0,159,Glo,4.0,1290812.0,lung,Adherent,R,SIDM00099,SIDP00781,,SIDP00781,True,9.287712379549449,2015-09-09,development,0.018080880234263352,0.07961262257802992,0.052280442385151504
9504,8618,2015-09-09 23:00:00,2015-09-13 23:00:00,2763,1567,1290905.0,HCC1428,1250.0,159,Glo,4.0,1290905.0,breast,Adherent,R,SIDM00881,SIDP00109,,SIDP00109,True,10.287712379549449,2015-09-09,development,0.18428572776319085,0.06423152856354586,-0.03925702022714539
9513,8620,2015-09-09 23:00:00,2015-09-13 23:00:00,2813,1102,907055.0,HGC-27,625.0,159,Glo,4.0,907055.0,digestive_system,Adherent,D/F12,SIDM00290,SIDP00597,,SIDP00597,True,9.287712379549449,2015-09-09,development,-0.04071903502048135,0.05690705050858491,-0.13834512054954762
9587,8635,2015-09-09 23:00:00,2015-09-13 23:00:00,3751,1949,1480364.0,OVCA420,400.0,159,Glo,4.0,1480364.0,urogenital_system,Adherent,D/F12,SIDM00967,SIDP00377,,SIDP00377,True,8.643856189774725,2015-09-09,development,0.25802660635236707,-0.09988434901889542,-0.16053638001252768
9591,8638,2015-09-09 23:00:00,2015-09-13 23:00:00,3486,1549,1298526.0,PA-TU-8902,300.0,159,Glo,4.0,1298526.0,pancreas,Adherent,D/F12,SIDM00455,SIDP01025,,SIDP01025,True,8.228818690495881,2015-09-09,development,0.09241857703305556,0.23375923567278212,0.41547424888233586
9491,8645,2015-09-10 23:00:00,2015-09-14 23:00:00,5589,1196,907275.0,KASUMI-1,5000.0,159,Glo,4.0,907275.0,leukemia,Suspension,R,SIDM01005,SIDP00484,,SIDP00484,True,12.287712379549449,2015-09-10,development,0.48516354007884865,0.5653598960956423,0.45172880981818453
9516,8647,2015-09-10 23:00:00,2015-09-14 23:00:00,2942,2195,907071.0,HuH-7,1250.0,159,Glo,4.0,907071.0,digestive_system,Adherent,D/F12,SIDM00585,SIDP00871,,SIDP00871,True,10.287712379549449,2015-09-10,development,0.21622893544053834,-0.003931671699141548,0.12556309013693023
9519,8649,2015-09-10 23:00:00,2015-09-14 23:00:00,2945,2101,909977.0,HuO-3N1,400.0,159,Glo,4.0,909977.0,bone,Adherent,R,SIDM00584,SIDP00872,,SIDP00872,True,8.643856189774725,2015-09-10,development,0.09734910072173897,0.12807836165423547,-0.06659176371712494
9574,8655,2015-09-10 23:00:00,2015-09-14 23:00:00,3321,1250,1240186.0,NCI-H196,1250.0,159,Glo,4.0,1240186.0,lung_SCLC,Adherent,R,SIDM00761,SIDP00212,,SIDP00212,True,10.287712379549449,2015-09-10,development,0.11796194038561292,-0.01737464920667242,0.0421799737691656
9599,8659,2015-09-10 23:00:00,2015-09-14 23:00:00,3347,1537,688014.0,NCI-H2141,3000.0,159,Glo,4.0,688014.0,lung_SCLC,Suspension,D/F12,SIDM00699,SIDP00230,,SIDP00230,True,11.550746785383245,2015-09-10,development,0.2507982685499627,0.12450902234611494,-0.1359761716519361
9607,8687,2015-09-13 23:00:00,2015-09-17 23:00:00,3344,737,910706.0,BL-41,625.0,159,Glo,4.0,910706.0,lymphoma,Suspension,R,SIDM00985,SIDP00397,,SIDP00397,True,9.287712379549449,2015-09-13,development,0.24011992378806013,-0.09940406092225307,0.07181474077260286
9615,8692,2015-09-13 23:00:00,2015-09-17 23:00:00,2373,323,906861.0,ETK-1,350.0,159,Glo,4.0,906861.0,digestive_system,Adherent,R,SIDM00276,SIDP00592,,SIDP00592,True,8.451211111832329,2015-09-13,development,0.3484047796596097,0.03322124329444309,0.08204025062450282
9617,8693,2015-09-13 23:00:00,2015-09-17 23:00:00,2383,2176,949161.0,EW-3,1250.0,159,Glo,4.0,949161.0,bone,Adherent,R,SIDM00202,SIDP00514,,SIDP00514,True,10.287712379549449,2015-09-13,development,0.46576967997432195,0.020872660361373474,0.013889501993566977
9620,8695,2015-09-13 23:00:00,2015-09-17 23:00:00,2832,744,1298136.0,HPAC,325.0,159,Glo,4.0,1298136.0,pancreas,Adherent,D/F12,SIDM00670,SIDP00123,,SIDP00123,True,8.344295907915816,2015-09-13,development,0.3260819220450837,0.37532938909966196,0.5257917340505116
9623,8697,2015-09-13 23:00:00,2015-09-17 23:00:00,2962,405,1240155.0,IM-95,1250.0,159,Glo,4.0,1240155.0,digestive_system,Adherent,R,SIDM00602,SIDP00875,,SIDP00875,True,10.287712379549449,2015-09-13,development,0.445789861064228,0.08399322405522336,0.31423495516252875
9626,8699,2015-09-13 23:00:00,2015-09-17 23:00:00,3005,1807,1327771.0,JURL-MK1,625.0,159,Glo,4.0,1327771.0,leukemia,Suspension,R,SIDM01015,SIDP00475,,SIDP00475,True,9.287712379549449,2015-09-13,development,0.4680427044728306,0.3080545985009776,0.8679727915757498
9634,8704,2015-09-13 23:00:00,2015-09-17 23:00:00,3299,451,688006.0,NCI-H1694,2500.0,159,Glo,4.0,688006.0,lung_SCLC,Suspension,D/F12,SIDM00741,SIDP00197,,SIDP00197,True,11.287712379549449,2015-09-13,development,0.029148864191611668,0.07196559321147356,0.18779957254687196
9637,8706,2015-09-13 23:00:00,2015-09-17 23:00:00,3348,1811,687815.0,NCI-H2170,400.0,159,Glo,4.0,687815.0,lung_NSCLC,Adherent,R,SIDM00716,SIDP00231,,SIDP00231,True,8.643856189774725,2015-09-13,development,0.6497557791712274,0.1791213560013264,0.1791213560013264
9640,8708,2015-09-13 23:00:00,2015-09-17 23:00:00,3418,1394,910942.0,NEC8,150.0,159,Glo,4.0,910942.0,urogenital_system,Adherent,R,SIDM00243,SIDP00621,,SIDP00621,True,7.22881869049588,2015-09-13,development,0.008128493731419995,0.2022239010685556,0.11456182498627243
9642,8709,2015-09-13 23:00:00,2015-09-17 23:00:00,6230,1398,925345.0,NOS-1,1250.0,159,Glo,4.0,925345.0,bone,Adherent,R,SIDM00242,SIDP00622,,SIDP00622,True,10.287712379549449,2015-09-13,development,0.47935752784457497,0.33825522507516637,-0.024600965792559215
9645,8711,2015-09-13 23:00:00,2015-09-17 23:00:00,2024,285,1240209.0,RERF-GC-1B,400.0,159,Glo,4.0,1240209.0,digestive_system,Adherent,R,SIDM00358,SIDP00937,,SIDP00937,True,8.643856189774725,2015-09-13,development,0.18867804607584782,0.07782613197557875,0.28839465991491475
9654,8715,2015-09-13 23:00:00,2015-09-17 23:00:00,2554,1642,946355.0,TE-6,325.0,159,Glo,4.0,946355.0,aero_dig_tract,Adherent,D/F12,SIDM00328,SIDP00965,,SIDP00965,True,8.344295907915816,2015-09-13,development,0.6435786761744354,0.09590715646089476,0.1312264896612495
9657,8717,2015-09-13 23:00:00,2015-09-17 23:00:00,2228,476,909774.0,TYK-nu,300.0,159,Glo,4.0,909774.0,urogenital_system,Adherent,D/F12,SIDM00321,SIDP00971,,SIDP00971,True,8.228818690495881,2015-09-13,development,0.2509638417360748,0.21058614187029068,0.4688655854896787
9660,8719,2015-09-13 23:00:00,2015-09-17 23:00:00,3439,2130,1330983.0,OCI-AML5,5000.0,159,Glo,4.0,1330983.0,leukemia,Suspension,D/F12,SIDM00461,SIDP01019,,SIDP01019,True,12.287712379549449,2015-09-13,development,0.192697970166532,-0.03505762439237148,0.3621781346567028
9690,8788,2015-09-16 23:00:00,2015-09-20 23:00:00,5329,739,910853.0,CHL-1,625.0,159,Glo,4.0,910853.0,skin,Adherent,D/F12,SIDM01228,SIDP00084,SIDM00916,SIDP00084,True,9.287712379549449,2015-09-16,development,0.4121284030200043,0.15393773804053046,0.1385349223826079
9703,8792,2015-09-16 23:00:00,2015-09-20 23:00:00,2772,2143,749709.0,HCC1954,1000.0,159,Glo,4.0,749709.0,breast,Adherent,R,SIDM00872,SIDP00115,,SIDP00115,True,9.965784284662089,2015-09-16,development,0.5864892420611871,0.19924030268707205,-0.0208196539572596
9713,8794,2015-09-16 23:00:00,2015-09-20 23:00:00,5511,1990,905989.0,KM12,325.0,159,Glo,4.0,905989.0,large_intestine,Adherent,R,SIDM00150,SIDP00738,,SIDP00738,True,8.344295907915816,2015-09-16,development,0.47029915648370746,0.029121695746407772,0.5452223946983816
9724,8797,2015-09-16 23:00:00,2015-09-20 23:00:00,5970,1403,924244.0,NCI-H1975,250.0,159,Glo,4.0,924244.0,lung_NSCLC,Adherent,R,SIDM00759,SIDP00214,,SIDP00214,True,7.965784284662087,2015-09-16,development,0.7313718932580361,0.19436632152922906,0.3768597057091704
9727,8799,2015-09-16 23:00:00,2015-09-20 23:00:00,5215,1485,688058.0,NCI-H2052,300.0,159,Glo,4.0,688058.0,lung,Adherent,R,SIDM00713,SIDP00220,,SIDP00220,True,8.228818690495881,2015-09-16,development,0.15013704344041134,0.17896288055130938,-0.031068703046531976
9732,8801,2015-09-16 23:00:00,2015-09-20 23:00:00,2488,34,905967.0,NCI-H322M,300.0,159,Glo,4.0,905967.0,lung_NSCLC,Suspension,R,SIDM00117,SIDP00749,,SIDP00749,True,8.228818690495881,2015-09-16,development,0.721796412070817,0.36950014789932073,0.4261253972844963
9735,8803,2015-09-16 23:00:00,2015-09-20 23:00:00,3384,1225,908459.0,NCI-H596,250.0,159,Glo,4.0,908459.0,lung_NSCLC,Adherent,R,SIDM01127,SIDP00254,,SIDP00254,True,7.965784284662087,2015-09-16,development,0.08622691639626456,0.09568990784282705,0.18090438358272576
9747,8805,2015-09-16 23:00:00,2015-09-20 23:00:00,2521,1490,905986.0,SF268,300.0,159,Glo,4.0,905986.0,nervous_system,Adherent,R,SIDM00085,SIDP00759,,SIDP00759,True,8.228818690495881,2015-09-16,development,0.1811143462149285,0.1183060868289052,0.036705798028188186
9751,8807,2015-09-16 23:00:00,2015-09-20 23:00:00,2033,2193,971773.0,RH-1,625.0,159,Glo,4.0,971773.0,soft_tissue,Adherent,R,SIDM00427,SIDP01032,,SIDP01032,True,9.287712379549449,2015-09-16,development,0.05095115277915796,0.12405706222376367,-0.03804942721921911
9684,8828,2015-09-17 23:00:00,2015-09-21 23:00:00,2889,660,684052.0,A673,625.0,159,Glo,4.0,684052.0,soft_tissue,Adherent,D/F12,SIDM00848,SIDP00057,,SIDP00057,True,9.287712379549449,2015-09-17,development,0.021000713029986073,0.23094226575772303,0.11491536295510696
9687,8830,2015-09-17 23:00:00,2015-09-21 23:00:00,3477,1978,906693.0,BxPC-3,625.0,159,Glo,4.0,906693.0,pancreas,Adherent,R,SIDM00132,SIDP00718,,SIDP00718,True,9.287712379549449,2015-09-17,development,0.3482984754409437,0.2824112473938719,0.291816956419243
9710,8834,2015-09-17 23:00:00,2015-09-21 23:00:00,3032,1012,907277.0,KE-37,5000.0,159,Glo,4.0,907277.0,leukemia,Suspension,R,SIDM01003,SIDP00486,,SIDP00486,True,12.287712379549449,2015-09-17,development,0.538119179988459,0.49668048500197925,0.12074472019099147
9738,8839,2015-09-17 23:00:00,2015-09-21 23:00:00,5650,911,905934.0,PC-3,325.0,159,Glo,4.0,905934.0,urogenital_system,Adherent,D/F12,SIDM00088,SIDP00756,,SIDP00756,True,8.344295907915816,2015-09-17,development,-0.1283753075080365,0.19701482587722152,-0.05543720747908143
9740,8841,2015-09-17 23:00:00,2015-09-21 23:00:00,2071,2053,910911.0,SCC-15,400.0,159,Glo,4.0,910911.0,aero_dig_tract,Adherent,D/F12,SIDM01083,SIDP00296,,SIDP00296,True,8.643856189774725,2015-09-17,development,0.4457530138386342,0.06355167963858843,0.16938568889246808
9744,8843,2015-09-17 23:00:00,2015-09-21 23:00:00,2076,864,1299052.0,SCC90,1250.0,159,Glo,4.0,1299052.0,aero_dig_tract,Adherent,R,SIDM00399,SIDP01040,,SIDP01040,True,10.287712379549449,2015-09-17,development,0.6183178930297046,-0.4569031651043005,0.751211065179006
9754,8845,2015-09-17 23:00:00,2015-09-21 23:00:00,2012,23,1330993.0,PWR-1E,300.0,159,Glo,4.0,1330993.0,urogenital_system,Adherent,D/F12,SIDM01114,SIDP00286,,SIDP00286,True,8.228818690495881,2015-09-17,development,0.0235504663443874,0.061744891747980035,0.12863311915075415
9757,8847,2015-09-17 23:00:00,2015-09-21 23:00:00,2063,562,1299050.0,SAT,500.0,159,Glo,4.0,1299050.0,aero_dig_tract,Adherent,R,SIDM00350,SIDP00945,,SIDP00945,True,8.965784284662087,2015-09-17,development,0.5593705502303177,0.0373547878322128,0.34712428268868534
9760,8849,2015-09-17 23:00:00,2015-09-21 23:00:00,2089,2076,753620.0,SIMA,625.0,159,Glo,4.0,753620.0,neuroblastoma,Adherent,R,SIDM00395,SIDP01043,,SIDP01043,True,9.287712379549449,2015-09-17,development,-0.0005370345325372838,-0.0920110813732995,0.10921957205510613
9763,8851,2015-09-17 23:00:00,2015-09-21 23:00:00,2545,1493,753621.0,TE-1,300.0,159,Glo,4.0,753621.0,aero_dig_tract,Adherent,D/F12,SIDM00369,SIDP00961,,SIDP00961,True,8.228818690495881,2015-09-17,development,0.23437610518381402,0.12507180387941996,0.12507180387941996
9769,8854,2015-09-17 23:00:00,2015-09-21 23:00:00,3109,1506,1298226.0,LOU-NH91,300.0,159,Glo,4.0,1298226.0,lung_NSCLC,Adherent,R,SIDM00341,SIDP00989,,SIDP00989,True,8.228818690495881,2015-09-17,development,0.4853571748590967,0.11999086786798074,0.17313930426984803
9772,8856,2015-09-17 23:00:00,2015-09-21 23:00:00,3264,1928,687997.0,NCI-H1092,2500.0,159,Glo,4.0,687997.0,lung_SCLC,Suspension,D/F12,SIDM00653,SIDP00173,,SIDP00173,True,11.287712379549449,2015-09-17,development,0.13959778696738667,-0.23922674542627287,0.04489165386897176
9775,8858,2015-09-17 23:00:00,2015-09-21 23:00:00,3395,172,687600.0,NCI-H720,1250.0,159,Glo,4.0,687600.0,lung_NSCLC,Suspension,D/F12,SIDM01120,SIDP00261,,SIDP00261,True,10.287712379549449,2015-09-17,development,-0.019272581205796557,0.010168766232219517,-0.0310372963466905
9778,8860,2015-09-17 23:00:00,2015-09-21 23:00:00,3077,599,907318.0,KYSE-180,300.0,159,Glo,4.0,907318.0,aero_dig_tract,Adherent,R,SIDM01030,SIDP00495,,SIDP00495,True,8.228818690495881,2015-09-17,development,0.32143666503125434,0.25487147051605585,-0.02354733394020836
9781,8862,2015-09-17 23:00:00,2015-09-21 23:00:00,3095,600,1298223.0,LC-1-sq,500.0,159,Glo,4.0,1298223.0,lung_NSCLC,Adherent,R,SIDM00300,SIDP00607,,SIDP00607,True,8.965784284662087,2015-09-17,development,0.42257795386802066,0.1421719585982406,0.09118614071617692
9787,8885,2015-09-20 23:00:00,2015-09-24 23:00:00,2645,1186,910922.0,769-P,325.0,159,Glo,4.0,910922.0,kidney,Adherent,R,SIDM00803,SIDP00047,,SIDP00047,True,8.344295907915816,2015-09-20,development,0.34491860899760207,0.19651230303547274,0.11991705100317984
9793,8889,2015-09-20 23:00:00,2015-09-24 23:00:00,3300,1676,1290724.0,BICR10,300.0,159,Glo,4.0,1290724.0,aero_dig_tract,Adherent,D/F12,SIDM00077,SIDP00716,,SIDP00716,True,8.228818690495881,2015-09-20,development,0.11011079311419569,0.34802875680736844,0.16559710207528555
9797,8891,2015-09-20 23:00:00,2015-09-24 23:00:00,2202,998,924107.0,CAL-39,150.0,159,Glo,4.0,924107.0,urogenital_system,Adherent,D/F12,SIDM00935,SIDP00410,,SIDP00410,True,7.22881869049588,2015-09-20,development,0.7814604298426167,0.18891163865198968,0.770691734915956
9803,8894,2015-09-20 23:00:00,2015-09-24 23:00:00,2931,1533,907065.0,HT-1197,200.0,159,Glo,4.0,907065.0,urogenital_system,Adherent,D/F12,SIDM00676,SIDP00133,,SIDP00133,True,7.643856189774724,2015-09-20,development,-0.1676305121437187,0.19126447216881126,0.05053381460775819
9814,8900,2015-09-20 23:00:00,2015-09-24 23:00:00,2419,2256,924187.0,KLE,300.0,159,Glo,4.0,924187.0,urogenital_system,Adherent,D/F12,SIDM00686,SIDP00144,,SIDP00144,True,8.228818690495881,2015-09-20,development,0.2157822979853341,0.2157822979853341,0.11278997800388635
9817,8902,2015-09-20 23:00:00,2015-09-24 23:00:00,3091,1804,907322.0,L-428,400.0,159,Glo,4.0,907322.0,lymphoma,Suspension,R,SIDM00327,SIDP00981,,SIDP00981,True,8.643856189774725,2015-09-20,development,0.37470131594414025,0.317626165108692,-0.15253144372310667
9822,8905,2015-09-20 23:00:00,2015-09-24 23:00:00,2140,28,908445.0,NCI-SNU-5,625.0,159,Glo,4.0,908445.0,digestive_system,Suspension,D/F12,SIDM01144,SIDP00275,,SIDP00275,True,9.287712379549449,2015-09-20,development,0.3697384001167844,0.116990254035226,0.42166842572867147
9828,8909,2015-09-20 23:00:00,2015-09-24 23:00:00,3489,1242,1240201.0,PA-TU-8988T,250.0,159,Glo,4.0,1240201.0,pancreas,Adherent,D/F12,SIDM00453,SIDP01026,,SIDP01026,True,7.965784284662087,2015-09-20,development,0.19922410035708626,-0.15044857009193757,0.17703681891608003
9831,8911,2015-09-20 23:00:00,2015-09-24 23:00:00,3509,1682,683667.0,PFSK-1,300.0,159,Glo,4.0,683667.0,nervous_system,Adherent,R,SIDM01132,SIDP00285,,SIDP00285,True,8.228818690495881,2015-09-20,development,0.277625872821763,0.0017497671525613656,0.03238556236917478
9834,8913,2015-09-20 23:00:00,2015-09-24 23:00:00,4741,1909,910903.0,RPMI-7951,150.0,159,Glo,4.0,910903.0,skin,Adherent,D/F12,SIDM01087,SIDP00292,,SIDP00292,True,7.22881869049588,2015-09-20,development,0.2746084721895089,0.3545665650274922,0.12458659825291596
9837,8915,2015-09-20 23:00:00,2015-09-24 23:00:00,3794,1868,1503364.0,SK-GT-2,400.0,159,Glo,4.0,1503364.0,digestive_system,Adherent,R,SIDM00393,SIDP01045,,SIDP01045,True,8.643856189774725,2015-09-20,development,0.8619122653163793,0.23854448352718927,0.29587517323275936
9840,8917,2015-09-20 23:00:00,2015-09-24 23:00:00,2133,1481,1240216.0,SNU-182,625.0,159,Glo,4.0,1240216.0,digestive_system,Adherent,R,SIDM01151,SIDP00321,,SIDP00321,True,9.287712379549449,2015-09-20,development,0.3006802010494882,-0.07616777063645186,0.24011957283128316
9843,8919,2015-09-20 23:00:00,2015-09-24 23:00:00,2157,1451,1331039.0,SUP-HD1,1250.0,159,Glo,4.0,1331039.0,lymphoma,Suspension,R,SIDM00422,SIDP01055,,SIDP01055,True,10.287712379549449,2015-09-20,development,0.3988518578101993,0.3449968439473301,0.012883413966768953
9846,8965,2015-09-23 23:00:00,2015-09-27 23:00:00,3399,1027,924100.0,22RV1,625.0,159,Glo,4.0,924100.0,urogenital_system,Adherent,R,SIDM00499,SIDP00842,,SIDP00842,True,9.287712379549449,2015-09-23,development,0.4130418115465999,0.17142300662380638,0.1437866421686591
9849,8967,2015-09-23 23:00:00,2015-09-27 23:00:00,2667,433,906795.0,8305C,325.0,159,Glo,4.0,906795.0,thyroid,Adherent,R,SIDM00997,SIDP00385,,SIDP00385,True,8.344295907915816,2015-09-23,development,0.19715398864657963,0.34224571272134185,0.31433160084603506
9852,8969,2015-09-23 23:00:00,2015-09-27 23:00:00,2978,371,905950.0,ACHN,200.0,159,Glo,4.0,905950.0,kidney,Adherent,R,SIDM00123,SIDP00727,,SIDP00727,True,7.643856189774724,2015-09-23,development,0.5237176044515162,0.5237176044515162,0.14447017563464037
9855,8971,2015-09-23 23:00:00,2015-09-27 23:00:00,2347,703,910915.0,Capan-2,1250.0,159,Glo,4.0,910915.0,pancreas,Adherent,R,SIDM00943,SIDP00418,,SIDP00418,True,10.287712379549449,2015-09-23,development,0.46855744606043126,0.14887378213402958,0.37810208545356727
9858,8973,2015-09-23 23:00:00,2015-09-27 23:00:00,2080,1767,906824.0,Ca-Ski,500.0,159,Glo,4.0,906824.0,urogenital_system,Adherent,R,SIDM00923,SIDP00076,,SIDP00076,True,8.965784284662087,2015-09-23,development,0.4382961360224089,0.1334479500231014,0.19877412346308498
9861,8975,2015-09-23 23:00:00,2015-09-27 23:00:00,3791,1019,1503361.0,FLO-1,325.0,159,Glo,4.0,1503361.0,aero_dig_tract,Adherent,R,SIDM01041,SIDP00450,,SIDP00450,True,8.344295907915816,2015-09-23,development,0.42869125926446194,0.5492318012688451,0.17425788865532177
9864,8977,2015-09-23 23:00:00,2015-09-27 23:00:00,2390,1709,906877.0,GR-ST,800.0,159,Glo,4.0,906877.0,leukemia,Suspension,R,SIDM01259,SIDP00595,SIDM01238,SIDP00595,True,9.643856189774723,2015-09-23,development,0.47239570966634636,0.1377962468509356,0.06665665756367423
9870,8979,2015-09-23 23:00:00,2015-09-27 23:00:00,2416,1936,907271.0,KALS-1,325.0,159,Glo,4.0,907271.0,nervous_system,Adherent,R,SIDM00613,SIDP00881,,SIDP00881,True,8.344295907915816,2015-09-23,development,0.020578968619307525,0.21962085597531822,0.3788703627970249
9873,8981,2015-09-23 23:00:00,2015-09-27 23:00:00,3021,1973,907274.0,KARPAS-422,900.0,159,Glo,4.0,907274.0,lymphoma,Suspension,R,SIDM01008,SIDP00481,,SIDP00481,True,9.813781191217036,2015-09-23,development,0.3566682290759188,-0.178059910068328,0.28207894136260603
9876,8983,2015-09-23 23:00:00,2015-09-27 23:00:00,3034,225,753618.0,KELLY,450.0,159,Glo,4.0,753618.0,neuroblastoma,Adherent,R,SIDM01009,SIDP00487,,SIDP00487,True,8.813781191217037,2015-09-23,development,0.37120931824184367,0.21032007106467587,-0.014963666845246415
9879,8985,2015-09-23 23:00:00,2015-09-27 23:00:00,3060,746,1298218.0,KP-2,400.0,159,Glo,4.0,1298218.0,pancreas,Adherent,D/F12,SIDM00582,SIDP00893,,SIDP00893,True,8.643856189774725,2015-09-23,development,0.08294484195490848,0.12467126227028069,0.28472738039792267
9882,8987,2015-09-23 23:00:00,2015-09-27 23:00:00,3061,155,1298219.0,KP-3,625.0,159,Glo,4.0,1298219.0,pancreas,Adherent,R,SIDM00571,SIDP00894,,SIDP00894,True,9.287712379549449,2015-09-23,development,0.26095509313415544,0.15521127362367704,0.049444365942999946
9885,8989,2015-09-23 23:00:00,2015-09-27 23:00:00,2440,12,753583.0,LB771-HNC,1250.0,159,Glo,4.0,753583.0,aero_dig_tract,Adherent,D/F12,SIDM00182,SIDP00570,,SIDP00570,True,10.287712379549449,2015-09-23,development,0.17117204497144767,0.1817671739123874,0.17117204497144767
9894,8993,2015-09-23 23:00:00,2015-09-27 23:00:00,3483,635,925347.0,PANC-08-13,1250.0,159,Glo,4.0,925347.0,pancreas,Adherent,R,SIDM01136,SIDP00283,,SIDP00283,True,10.287712379549449,2015-09-23,development,0.29846767804770036,0.004072891159323633,0.2361995127699772
9900,8996,2015-09-23 23:00:00,2015-09-27 23:00:00,2098,874,909719.0,SK-HEP-1,200.0,159,Glo,4.0,909719.0,digestive_system,Adherent,D/F12,SIDM01110,SIDP00307,,SIDP00307,True,7.643856189774724,2015-09-23,development,0.09138847881422074,0.32302187929273674,0.10753951129327632
9903,8998,2015-09-23 23:00:00,2015-09-27 23:00:00,2128,156,905979.0,SN12C,625.0,159,Glo,4.0,905979.0,kidney,Adherent,D/F12,SIDM00094,SIDP00766,,SIDP00766,True,9.287712379549449,2015-09-23,development,0.07240437757921336,0.028458572568095253,-0.1649913027572285
9909,9002,2015-09-23 23:00:00,2015-09-27 23:00:00,5514,1286,905945.0,T47D,300.0,159,Glo,4.0,905945.0,breast,Adherent,R,SIDM00097,SIDP00769,,SIDP00769,True,8.228818690495881,2015-09-23,development,-0.006510143027892434,0.13968687563795867,-0.16735623513615283
9912,9004,2015-09-23 23:00:00,2015-09-27 23:00:00,2561,2046,910695.0,TGBC24TKB,1250.0,159,Glo,4.0,910695.0,digestive_system,Adherent,D/F12,SIDM00267,SIDP00634,,SIDP00634,True,10.287712379549449,2015-09-23,development,0.21307106527401842,0.23645089265636865,-0.06359348620197625
9915,9006,2015-09-23 23:00:00,2015-09-27 23:00:00,2221,5,1299070.0,TOV-112D,300.0,159,Glo,4.0,1299070.0,urogenital_system,Adherent,D/F12,SIDM01170,SIDP00354,,SIDP00354,True,8.228818690495881,2015-09-23,development,0.2975123699682797,0.193777636659476,0.030719835342695734
9918,9008,2015-09-23 23:00:00,2015-09-27 23:00:00,2227,6,909773.0,TUR,625.0,159,Glo,4.0,909773.0,lymphoma,Suspension,R,SIDM01205,SIDP00356,SIDM01195,SIDP00356,True,9.287712379549449,2015-09-23,development,0.17086809279843695,-0.009907470717429367,0.11585687628549723
9921,9010,2015-09-23 23:00:00,2015-09-27 23:00:00,2229,7,687588.0,U-118-MG,200.0,159,Glo,4.0,687588.0,nervous_system,Adherent,D/F12,SIDM01193,SIDP00357,,SIDP00357,True,7.643856189774724,2015-09-23,development,0.236160042530148,0.1784930094806867,0.12086217670307053
9924,9012,2015-09-23 23:00:00,2015-09-27 23:00:00,2237,549,687590.0,U-87-MG,400.0,159,Glo,4.0,687590.0,nervous_system,Adherent,D/F12,SIDM01189,SIDP00359,,SIDP00359,True,8.643856189774725,2015-09-23,development,0.3931642719194859,0.2262073786251415,0.2561762054667994
9940,9050,2015-09-27 23:00:00,2015-10-01 23:00:00,2794,883,907050.0,HD-MY-Z,625.0,159,Glo,4.0,907050.0,lymphoma,Adherent,R,SIDM01063,SIDP00465,,SIDP00465,True,9.287712379549449,2015-09-27,development,0.17764362362638375,0.23790996325195124,0.08724411418803257
9953,9056,2015-09-27 23:00:00,2015-10-01 23:00:00,3323,1570,688010.0,NCI-H1963,5000.0,159,Glo,4.0,688010.0,lung_SCLC,Suspension,R,SIDM00760,SIDP00213,,SIDP00213,True,12.287712379549449,2015-09-27,development,0.03388756654618785,0.13027403842614793,0.06724495503766881
9956,9058,2015-09-27 23:00:00,2015-10-01 23:00:00,3338,452,688013.0,NCI-H209,2500.0,159,Glo,4.0,688013.0,lung_SCLC,Suspension,R,SIDM00706,SIDP00225,,SIDP00225,True,11.287712379549449,2015-09-27,development,0.5335496479846935,0.29707696499541425,0.0647090593917099
9961,9060,2015-09-27 23:00:00,2015-10-01 23:00:00,5649,208,924241.0,NCI-H250,1500.0,159,Glo,4.0,924241.0,lung_SCLC,Suspension,R,SIDM00721,SIDP00243,,SIDP00243,True,10.550746785383245,2015-09-27,development,0.16605373807880652,-0.0442516879202266,-0.0442516879202266
9964,9062,2015-09-27 23:00:00,2015-10-01 23:00:00,3432,941,1298357.0,NUGC-4,625.0,159,Glo,4.0,1298357.0,digestive_system,Adherent,R,SIDM00570,SIDP00921,,SIDP00921,True,9.287712379549449,2015-09-27,development,0.4147346171762073,-0.14592903294355786,0.4436168502525297
9969,9065,2015-09-27 23:00:00,2015-10-01 23:00:00,2067,999,713880.0,SBC-5,300.0,159,Glo,4.0,713880.0,lung_SCLC,Adherent,D/F12,SIDM00368,SIDP00948,,SIDP00948,True,8.228818690495881,2015-09-27,development,-0.06235157400935076,0.024882943546089886,0.03733607768779201
9978,9069,2015-09-27 23:00:00,2015-10-01 23:00:00,2156,786,1247871.0,SUP-B15,3000.0,159,Glo,4.0,1247871.0,leukemia,Suspension,D/F12,SIDM01176,SIDP00330,,SIDP00330,True,11.550746785383245,2015-09-27,development,-0.11108361953304757,-0.08574498642903516,0.4206779580048563
9981,9071,2015-09-27 23:00:00,2015-10-01 23:00:00,2597,2049,906818.0,COLO-679,325.0,159,Glo,4.0,906818.0,skin,Adherent,R,SIDM00284,SIDP00584,,SIDP00584,True,8.344295907915816,2015-09-27,development,0.22291492177391292,0.5090127141449814,0.7098742760041306
9984,9073,2015-09-27 23:00:00,2015-10-01 23:00:00,2834,889,724869.0,HPAF-II,325.0,159,Glo,4.0,724869.0,pancreas,Adherent,D/F12,SIDM00669,SIDP00124,,SIDP00124,True,8.344295907915816,2015-09-27,development,0.10851665653376008,0.12246954021432921,0.4156203274930199
9988,9075,2015-09-27 23:00:00,2015-10-01 23:00:00,2726,51,1240132.0,H2595,800.0,159,Glo,4.0,1240132.0,lung,Adherent,R,SIDM00100,SIDP00780,,SIDP00780,True,9.643856189774723,2015-09-27,development,0.01593184311392082,0.036295503382735794,0.111030477669124
9994,9079,2015-09-27 23:00:00,2015-10-01 23:00:00,2014,1761,687505.0,C-33-A,325.0,159,Glo,4.0,687505.0,urogenital_system,Adherent,D/F12,SIDM00889,SIDP00072,,SIDP00072,True,8.344295907915816,2015-09-27,development,0.374877620836782,0.13905133902992795,0.13905133902992795
10000,9107,2015-09-30 23:00:00,2015-10-04 23:00:00,2795,743,1290922.0,HDQ-P1,300.0,159,Glo,4.0,1290922.0,breast,Adherent,D/F12,SIDM01062,SIDP00466,,SIDP00466,True,8.228818690495881,2015-09-30,development,0.41112253243196595,0.3214860055472605,0.2816697804355274
10019,9115,2015-09-30 23:00:00,2015-10-04 23:00:00,2621,292,753547.0,CPC-N,1250.0,159,Glo,4.0,753547.0,lung_SCLC,Suspension,R,SIDM00953,SIDP00428,,SIDP00428,True,10.287712379549449,2015-09-30,development,0.4325665098049265,0.05405275717916913,-0.06928510443645752
10022,9117,2015-09-30 23:00:00,2015-10-04 23:00:00,2341,453,946368.0,D-263MG,325.0,159,Glo,4.0,946368.0,nervous_system,Adherent,D/F12,SIDM00732,SIDP00505,,SIDP00505,True,8.344295907915816,2015-09-30,development,-0.16653517206711532,0.08198718964489926,-0.031629146187283075
10025,9119,2015-09-30 23:00:00,2015-10-04 23:00:00,2663,873,906846.0,EB2,300.0,159,Glo,4.0,906846.0,lymphoma,Suspension,R,SIDM00863,SIDP00093,,SIDP00093,True,8.228818690495881,2015-09-30,development,0.1728430534661891,0.3269542673542386,-0.0018346647523788118
10028,9121,2015-09-30 23:00:00,2015-10-04 23:00:00,2372,2139,949155.0,ES8,325.0,159,Glo,4.0,949155.0,bone,Adherent,R,SIDM00261,SIDP00641,,SIDP00641,True,8.344295907915816,2015-09-30,development,0.31411568753670027,0.06788292901571769,-0.11549588569645763
10031,9123,2015-09-30 23:00:00,2015-10-04 23:00:00,2375,231,684062.0,EW-11,625.0,159,Glo,4.0,684062.0,bone,Adherent,R,SIDM00203,SIDP00513,,SIDP00513,True,9.287712379549449,2015-09-30,development,0.25347335982602404,0.38976637039567386,-0.1082546612724864
10034,9125,2015-09-30 23:00:00,2015-10-04 23:00:00,2816,55,905938.0,HL-60,2500.0,159,Glo,4.0,905938.0,leukemia,Suspension,D/F12,SIDM00829,SIDP00028,,SIDP00028,True,11.287712379549449,2015-09-30,development,0.11272952663636615,0.1539240952313674,0.6730253164669207
10037,9127,2015-09-30 23:00:00,2015-10-04 23:00:00,3333,913,1240122.0,BICR78,1250.0,159,Glo,4.0,1240122.0,aero_dig_tract,Adherent,D/F12,SIDM00501,SIDP00840,,SIDP00840,True,10.287712379549449,2015-09-30,development,-0.04574504328544382,0.1129382606334065,0.0003201568802096988
10040,9129,2015-09-30 23:00:00,2015-10-04 23:00:00,2706,1174,906868.0,GAMG,150.0,159,Glo,4.0,906868.0,nervous_system,Adherent,D/F12,SIDM01055,SIDP00452,,SIDP00452,True,7.22881869049588,2015-09-30,development,0.2549962390172077,-0.05833432959599816,0.07594484748276897
10043,9131,2015-09-30 23:00:00,2015-10-04 23:00:00,2983,347,1240157.0,JHH-2,150.0,159,Glo,4.0,1240157.0,digestive_system,Adherent,D/F12,SIDM00617,SIDP00877,,SIDP00877,True,7.22881869049588,2015-09-30,development,0.17869624466645484,0.36068999077077213,0.2826864526174747
10046,9133,2015-09-30 23:00:00,2015-10-04 23:00:00,2302,363,946382.0,CAMA-1,625.0,159,Glo,4.0,946382.0,breast,Adherent,D/F12,SIDM00920,SIDP00079,,SIDP00079,True,9.287712379549449,2015-09-30,development,-0.0015200354425779494,0.22474228919565797,0.020365675479169898
10049,9135,2015-09-30 23:00:00,2015-10-04 23:00:00,3098,485,946361.0,LCLC-97TM1,400.0,159,Glo,4.0,946361.0,lung_NSCLC,Adherent,R,SIDM00344,SIDP00986,,SIDP00986,True,8.643856189774725,2015-09-30,development,0.4751805967913708,0.10782732911295156,0.2565299641013282
10051,9136,2015-09-30 23:00:00,2015-10-04 23:00:00,3244,1583,910926.0,BFTC-905,200.0,159,Glo,4.0,910926.0,urogenital_system,Adherent,D/F12,SIDM00989,SIDP00393,,SIDP00393,True,7.643856189774724,2015-09-30,development,-0.06641671333874233,-0.03695279664787843,0.4224890609081533
10054,9138,2015-09-30 23:00:00,2015-10-04 23:00:00,2236,1753,906828.0,CAL-62,200.0,159,Glo,4.0,906828.0,thyroid,Adherent,D/F12,SIDM00931,SIDP00413,,SIDP00413,True,7.643856189774724,2015-09-30,development,0.13476706229791746,-0.14481689308709655,0.10990059511324435
10061,9186,2015-10-04 23:00:00,2015-10-08 23:00:00,2633,1184,906834.0,D-283MED,300.0,159,Glo,4.0,906834.0,nervous_system,Adherent,D/F12,SIDM00888,SIDP00087,,SIDP00087,True,8.228818690495881,2015-10-04,development,0.16491089187393138,0.017920828903360664,0.3976707948532823
10069,9189,2015-10-04 23:00:00,2015-10-08 23:00:00,2411,764,907269.0,JVM-2,450.0,159,Glo,4.0,907269.0,lymphoma,Suspension,R,SIDM01013,SIDP00476,,SIDP00476,True,8.813781191217037,2015-10-04,development,0.5840385179309213,0.5331994232949533,0.40886930910983876
10077,9192,2015-10-04 23:00:00,2015-10-08 23:00:00,2135,2169,1240217.0,SNU-398,300.0,159,Glo,4.0,1240217.0,digestive_system,Adherent,R,SIDM01181,SIDP00323,,SIDP00323,True,8.228818690495881,2015-10-04,development,0.4923949677029399,0.15182890067268717,0.2166753519000718
10082,9194,2015-10-04 23:00:00,2015-10-08 23:00:00,2318,603,906763.0,BE-13,625.0,159,Glo,4.0,906763.0,leukemia,Suspension,R,SIDM01245,SIDP00391,SIDM00991,SIDP00391,True,9.287712379549449,2015-10-04,development,0.72915840429437,0.5757667512758604,0.9668730930882481
10085,9196,2015-10-04 23:00:00,2015-10-08 23:00:00,3033,1204,1295741.0,AMO-1,400.0,159,Glo,4.0,1295741.0,myeloma,Suspension,R,SIDM00993,SIDP00389,,SIDP00389,True,8.643856189774725,2015-10-04,development,0.339290343622208,0.3444677670085142,0.40144544146082883
10088,9198,2015-10-04 23:00:00,2015-10-08 23:00:00,3133,585,910919.0,BC-1,625.0,159,Glo,4.0,910919.0,lymphoma,Suspension,R,SIDM00896,SIDP00065,,SIDP00065,True,9.287712379549449,2015-10-04,development,0.518481047331957,0.5892498890305906,0.29199231839991624
10100,9202,2015-10-04 23:00:00,2015-10-08 23:00:00,2655,1035,1297446.0,DND-41,2500.0,159,Glo,4.0,1297446.0,leukemia,Suspension,R,SIDM00946,SIDP00435,,SIDP00435,True,11.287712379549449,2015-10-04,development,0.37698542659144263,-0.03453004279040983,0.17620550089267628
10103,9204,2015-10-04 23:00:00,2015-10-08 23:00:00,2658,473,906843.0,DoTc2-4510,500.0,159,Glo,4.0,906843.0,urogenital_system,Adherent,D/F12,SIDM00864,SIDP00092,,SIDP00092,True,8.965784284662087,2015-10-04,development,0.6409244356382096,0.2627477517037685,0.32733710448551456
10106,9206,2015-10-04 23:00:00,2015-10-08 23:00:00,3736,1897,1479987.0,DOV13,200.0,159,Glo,4.0,1479987.0,urogenital_system,Adherent,D/F12,SIDM00969,SIDP00375,,SIDP00375,True,7.643856189774724,2015-10-04,development,0.3269255841651162,0.30488674040708974,0.10697902816396077
10112,9208,2015-10-04 23:00:00,2015-10-08 23:00:00,2664,581,906847.0,EB-3,625.0,159,Glo,4.0,906847.0,lymphoma,Suspension,R,SIDM00793,SIDP00043,,SIDP00043,True,9.287712379549449,2015-10-04,development,0.3186305875960459,-0.04179475972828217,0.060682070502843466
10115,9210,2015-10-04 23:00:00,2015-10-08 23:00:00,2669,1786,906851.0,EFM-19,1500.0,159,Glo,4.0,906851.0,breast,Adherent,R,SIDM01056,SIDP00438,,SIDP00438,True,10.550746785383245,2015-10-04,development,-0.08241524201840278,0.09810582443097382,-0.028923787618503782
10121,9212,2015-10-04 23:00:00,2015-10-08 23:00:00,2385,325,910932.0,GAK,250.0,159,Glo,4.0,910932.0,skin,Adherent,D/F12,SIDM00543,SIDP00857,,SIDP00857,True,7.965784284662087,2015-10-04,development,0.03620792754708213,0.030880404851393872,0.5905915455486501
10124,9214,2015-10-04 23:00:00,2015-10-08 23:00:00,2387,1414,906869.0,GCIY,150.0,159,Glo,4.0,906869.0,digestive_system,Adherent,D/F12,SIDM00274,SIDP00593,,SIDP00593,True,7.22881869049588,2015-10-04,development,0.5292241614638968,0.11960985381350808,0.2756277406667116
10129,9216,2015-10-04 23:00:00,2015-10-08 23:00:00,2762,1551,907045.0,HCC1419,500.0,159,Glo,4.0,907045.0,breast,Adherent,R,SIDM00882,SIDP00108,,SIDP00108,True,8.965784284662087,2015-10-04,development,0.6773340637583687,0.029567691852307454,-0.04592660906228185
10135,9218,2015-10-04 23:00:00,2015-10-08 23:00:00,3478,643,909255.0,PA-1,200.0,159,Glo,4.0,909255.0,urogenital_system,Adherent,D/F12,SIDM01140,SIDP00279,,SIDP00279,True,7.643856189774724,2015-10-04,development,0.547485706035973,0.8510716586503757,0.3219746712007049
10138,9220,2015-10-04 23:00:00,2015-10-08 23:00:00,2050,862,909703.0,RS4-11,3000.0,159,Glo,4.0,909703.0,leukemia,Suspension,R,SIDM01086,SIDP00293,,SIDP00293,True,11.550746785383245,2015-10-04,development,0.2631274895784521,0.2267479253630993,0.036729665845408155
10146,9268,2015-10-07 23:00:00,2015-10-11 23:00:00,2247,550,906827.0,CAL-72,150.0,159,Glo,4.0,906827.0,bone,Adherent,D/F12,SIDM00930,SIDP00414,,SIDP00414,True,7.22881869049588,2015-10-07,development,0.05529721931868625,-0.04529978010080904,-0.0676421940343801
10149,9270,2015-10-07 23:00:00,2015-10-11 23:00:00,2579,160,910951.0,CML-T1,625.0,159,Glo,4.0,910951.0,leukemia,Suspension,D/F12,SIDM00958,SIDP00423,,SIDP00423,True,9.287712379549449,2015-10-07,development,0.3008847863834313,0.4810115385014354,0.23450976855300643
10160,9231,2015-10-07 23:00:00,2015-10-11 23:00:00,2685,293,907000.0,ESS-1,200.0,159,Glo,4.0,907000.0,urogenital_system,Adherent,R,SIDM01043,SIDP00448,,SIDP00448,True,7.643856189774724,2015-10-07,development,0.30118168877664053,0.3106504966481958,0.19749824258311044
10163,9233,2015-10-07 23:00:00,2015-10-11 23:00:00,2382,704,949168.0,EW-24,1250.0,159,Glo,4.0,949168.0,bone,Semi-Adherent,R,SIDM00195,SIDP00521,,SIDP00521,True,10.287712379549449,2015-10-07,development,0.05456564547245468,0.21031783149351657,-0.14793305369486864
10168,9235,2015-10-07 23:00:00,2015-10-11 23:00:00,2785,937,907048.0,HCC70,1000.0,159,Glo,4.0,907048.0,breast,Adherent,R,SIDM00673,SIDP00120,,SIDP00120,True,9.965784284662089,2015-10-07,development,0.12198017552754148,0.22922421053009512,-0.049567196163854854
10173,9238,2015-10-07 23:00:00,2015-10-11 23:00:00,2149,269,1331033.0,SU-DHL-10,450.0,159,Glo,4.0,1331033.0,lymphoma,Suspension,R,SIDM00389,SIDP01049,,SIDP01049,True,8.813781191217037,2015-10-07,development,0.26470954420539794,0.47983957959512513,0.2515891281103536
10176,9240,2015-10-07 23:00:00,2015-10-11 23:00:00,2329,1072,910692.0,COLO-668,500.0,159,Glo,4.0,910692.0,lung_SCLC,Adherent,R,SIDM00143,SIDP00743,,SIDP00743,True,8.965784284662087,2015-10-07,development,0.010307898407970972,-0.08674974606950281,0.14773177661373305
10179,9242,2015-10-07 23:00:00,2015-10-11 23:00:00,2370,611,949157.0,ES6,300.0,159,Glo,4.0,949157.0,bone,Adherent,R,SIDM00262,SIDP00639,,SIDP00639,True,8.228818690495881,2015-10-07,development,0.15230430195084965,0.097969834814426,-0.04340899474959481
10182,9244,2015-10-07 23:00:00,2015-10-11 23:00:00,2381,613,949167.0,EW-22,500.0,159,Glo,4.0,949167.0,bone,Adherent,R,SIDM00196,SIDP00520,,SIDP00520,True,8.965784284662087,2015-10-07,development,0.36959118322443396,0.005365672543718669,0.03570001448121862
10185,9246,2015-10-07 23:00:00,2015-10-11 23:00:00,2708,164,906870.0,GDM-1,2500.0,159,Glo,4.0,906870.0,leukemia,Suspension,R,SIDM01057,SIDP00453,,SIDP00453,True,11.287712379549449,2015-10-07,development,0.6133017755903906,0.16051181732443798,0.20721149615149492
10188,9248,2015-10-07 23:00:00,2015-10-11 23:00:00,2388,245,906871.0,GI-1,300.0,159,Glo,4.0,906871.0,nervous_system,Adherent,D/F12,SIDM00273,SIDP00594,,SIDP00594,True,8.228818690495881,2015-10-07,development,0.09412812485691946,0.12666077285324395,-0.07934303249251906
10191,9250,2015-10-07 23:00:00,2015-10-11 23:00:00,2709,1981,1240130.0,G-MEL,100.0,159,Glo,4.0,1240130.0,skin,Adherent,D/F12,SIDM00129,SIDP00721,,SIDP00721,True,6.643856189774724,2015-10-07,development,0.18783020236514125,0.825528118716883,0.9602409576433989
10194,9252,2015-10-07 23:00:00,2015-10-11 23:00:00,2735,52,1240135.0,H2803,625.0,159,Glo,4.0,1240135.0,lung,Adherent,R,SIDM00309,SIDP00784,,SIDP00784,True,9.287712379549449,2015-10-07,development,0.2879049058433186,0.1077323889713967,0.26709301380364137
10197,9254,2015-10-07 23:00:00,2015-10-11 23:00:00,2736,882,1240136.0,H2804,400.0,159,Glo,4.0,1240136.0,lung,Adherent,R,SIDM00310,SIDP00785,,SIDP00785,True,8.643856189774725,2015-10-07,development,0.04793763875561097,0.23542925364158174,0.08871092443823692
10200,9256,2015-10-07 23:00:00,2015-10-11 23:00:00,2742,93,1240140.0,H3118,450.0,159,Glo,4.0,1240140.0,aero_dig_tract,Adherent,R,SIDM00517,SIDP00790,,SIDP00790,True,8.813781191217037,2015-10-07,development,0.4037378649287475,0.10543545998912995,0.35930170843314735
10203,9258,2015-10-07 23:00:00,2015-10-11 23:00:00,2798,783,907053.0,HEL,400.0,159,Glo,4.0,907053.0,leukemia,Semi-Adherent,R,SIDM00594,SIDP00863,,SIDP00863,True,8.643856189774725,2015-10-07,development,0.29032343093801627,0.11904491347348711,0.04168795467045672
10206,9260,2015-10-07 23:00:00,2015-10-11 23:00:00,4949,2084,907058.0,HMV-II,200.0,159,Glo,4.0,907058.0,skin,Adherent,R,SIDM00291,SIDP00598,,SIDP00598,True,7.643856189774724,2015-10-07,development,0.26643030111968935,0.3298811841014294,0.5520788427843448
10209,9262,2015-10-07 23:00:00,2015-10-11 23:00:00,2828,706,924111.0,HO-1-N-1,100.0,159,Glo,4.0,924111.0,aero_dig_tract,Adherent,D/F12,SIDM00592,SIDP00864,,SIDP00864,True,6.643856189774724,2015-10-07,development,0.4425529867448018,0.3532941565954948,0.5723654862998442
10212,9264,2015-10-07 23:00:00,2015-10-11 23:00:00,3119,207,713899.0,LU-135,1250.0,159,Glo,4.0,713899.0,lung_SCLC,Suspension,R,SIDM00294,SIDP00610,,SIDP00610,True,10.287712379549449,2015-10-07,development,0.0630531518382168,-0.0320670533397549,-0.07772628016750183
10217,9266,2015-10-07 23:00:00,2015-10-11 23:00:00,2751,350,1240142.0,HARA,200.0,159,Glo,4.0,1240142.0,lung_NSCLC,Adherent,R,SIDM00598,SIDP00860,,SIDP00860,True,7.643856189774724,2015-10-07,development,0.5515908171183606,0.3868447221090153,0.143646229308805
10237,9330,2015-10-14 23:00:00,2015-10-18 23:00:00,2424,1151,905952.0,CCRF-CEM,1250.0,159,Glo,4.0,905952.0,leukemia,Suspension,R,SIDM00121,SIDP00729,,SIDP00729,True,10.287712379549449,2015-10-14,development,0.4718122637772091,0.2512987569193871,0.16214171761405605
10239,9331,2015-10-14 23:00:00,2015-10-18 23:00:00,2344,1527,946370.0,D-392MG,325.0,159,Glo,4.0,946370.0,nervous_system,Adherent,D/F12,SIDM00542,SIDP00507,,SIDP00507,True,8.344295907915816,2015-10-14,development,0.19551401919432765,0.2188424449259938,0.2810906563004397
10242,9333,2015-10-14 23:00:00,2015-10-18 23:00:00,2356,1339,906842.0,DOHH-2,1250.0,159,Glo,4.0,906842.0,lymphoma,Suspension,R,SIDM00981,SIDP00436,,SIDP00436,True,10.287712379549449,2015-10-14,development,0.6360715027575945,0.3216858653034492,0.20522111837202306
10245,9335,2015-10-14 23:00:00,2015-10-18 23:00:00,2357,900,753552.0,DSH1,150.0,159,Glo,4.0,753552.0,urogenital_system,Adherent,R,SIDM00970,SIDP00374,,SIDP00374,True,7.22881869049588,2015-10-14,development,0.8202465498496185,0.3364252148698127,0.5114530249485391
10248,9337,2015-10-14 23:00:00,2015-10-18 23:00:00,2673,303,911905.0,EFO-21,625.0,159,Glo,4.0,911905.0,urogenital_system,Adherent,R,SIDM01052,SIDP00440,,SIDP00440,True,9.287712379549449,2015-10-14,development,0.23150101166533077,0.1897325234805609,0.25932336864865857
10251,9339,2015-10-14 23:00:00,2015-10-18 23:00:00,3800,2232,1503370.0,EMC-BAC-2,300.0,159,Glo,4.0,1503370.0,lung_NSCLC,Adherent,R,SIDM00047,SIDP00660,,SIDP00660,True,8.228818690495881,2015-10-14,development,0.37965425616006643,0.33517646036054993,0.22074112644420607
10254,9341,2015-10-14 23:00:00,2015-10-18 23:00:00,2680,1919,1240127.0,EN,625.0,159,Glo,4.0,1240127.0,urogenital_system,Adherent,R,SIDM01045,SIDP00446,,SIDP00446,True,9.287712379549449,2015-10-14,development,0.20557452822496802,0.18369943868854544,0.12685934659992915
10256,9342,2015-10-14 23:00:00,2015-10-18 23:00:00,2681,426,906856.0,EoL-1-cell,1250.0,159,Glo,4.0,906856.0,leukemia,Suspension,R,SIDM00277,SIDP00591,,SIDP00591,True,10.287712379549449,2015-10-14,development,0.5420842545076231,0.8451319143546889,0.5658559170118764
10261,9345,2015-10-14 23:00:00,2015-10-18 23:00:00,2737,591,1240137.0,H2810,500.0,159,Glo,4.0,1240137.0,lung,Adherent,R,SIDM00311,SIDP00786,,SIDP00786,True,8.965784284662087,2015-10-14,development,0.1633175202159498,0.06432973387530161,-0.04369803295307695
10264,9347,2015-10-14 23:00:00,2015-10-18 23:00:00,2738,2254,1290814.0,H2818,800.0,159,Glo,4.0,1290814.0,lung,Adherent,R,SIDM00520,SIDP00787,,SIDP00787,True,9.643856189774723,2015-10-14,development,0.07654830682059555,0.12155043657139819,0.04843963192916523
10267,9349,2015-10-14 23:00:00,2015-10-18 23:00:00,2739,309,1240138.0,H2869,500.0,159,Glo,4.0,1240138.0,lung,Adherent,R,SIDM00519,SIDP00788,,SIDP00788,True,8.965784284662087,2015-10-14,development,0.05541983417715313,-0.02357811215704131,-0.05814281309548042
10270,9351,2015-10-14 23:00:00,2015-10-18 23:00:00,2395,1192,949153.0,HAL-01,1000.0,159,Glo,4.0,949153.0,leukemia,Suspension,R,SIDM00289,SIDP00596,,SIDP00596,True,9.965784284662089,2015-10-14,development,0.34319703583049077,0.21922661984026237,0.3249612457955967
10275,9354,2015-10-14 23:00:00,2015-10-18 23:00:00,2783,1247,1240145.0,HCC-44,150.0,159,Glo,4.0,1240145.0,lung_NSCLC,Adherent,R,SIDM01069,SIDP00460,,SIDP00460,True,7.22881869049588,2015-10-14,development,0.13512920755715396,0.1405724311789044,0.43467062404855494
10283,9357,2015-10-14 23:00:00,2015-10-18 23:00:00,2961,1574,753563.0,IM-9,100.0,159,Glo,4.0,753563.0,myeloma,Suspension,R,SIDM00632,SIDP00158,,SIDP00158,True,6.643856189774724,2015-10-14,development,0.45386555841200826,0.28349542779130954,0.7945251137649071
10289,9359,2015-10-14 23:00:00,2015-10-18 23:00:00,2499,297,908451.0,NOMO-1,1250.0,159,Glo,4.0,908451.0,leukemia,Suspension,R,SIDM00580,SIDP00919,,SIDP00919,True,10.287712379549449,2015-10-14,development,0.24694311602294328,-0.013469262359597778,0.6058273484376395
10292,9361,2015-10-14 23:00:00,2015-10-18 23:00:00,3437,749,910947.0,OCI-AML2,625.0,159,Glo,4.0,910947.0,leukemia,Suspension,D/F12,SIDM00446,SIDP01017,,SIDP01017,True,9.287712379549449,2015-10-14,development,0.2678728183055421,0.23766071675985923,0.9884769533790074
10295,9363,2015-10-14 23:00:00,2015-10-18 23:00:00,2510,68,910401.0,Ramos-2G6-4C10,1500.0,159,Glo,4.0,910401.0,lymphoma,Suspension,R,SIDM01247,SIDP00287,SIDM01094,SIDP00287,True,10.550746785383245,2015-10-14,development,0.25986116919271174,-0.10740620351854968,-0.18901889853690257
10298,9365,2015-10-14 23:00:00,2015-10-18 23:00:00,2023,1272,909696.0,REH,2500.0,159,Glo,4.0,909696.0,leukemia,Suspension,R,SIDM00447,SIDP01031,,SIDP01031,True,11.287712379549449,2015-10-14,development,0.1852568361295398,-0.030792655459612517,0.12595830421573329
10307,9369,2015-10-14 23:00:00,2015-10-18 23:00:00,2254,276,909780.0,VM-CUB-1,150.0,159,Glo,4.0,909780.0,urogenital_system,Adherent,D/F12,SIDM00414,SIDP01063,,SIDP01063,True,7.22881869049588,2015-10-14,development,-0.19199554307500466,0.1880223286679984,0.12225141634778769
10311,9371,2015-10-14 23:00:00,2015-10-18 23:00:00,2648,1495,687983.0,DMS-114,625.0,159,Glo,4.0,687983.0,lung_SCLC,Adherent,D/F12,SIDM00865,SIDP00091,,SIDP00091,True,9.287712379549449,2015-10-14,development,0.1630206769447854,0.030761284551889534,-0.09488845965261206
10314,9373,2015-10-14 23:00:00,2015-10-18 23:00:00,2650,1862,687985.0,DMS-273,150.0,159,Glo,4.0,687985.0,lung_SCLC,Adherent,D/F12,SIDM00522,SIDP00802,,SIDP00802,True,7.22881869049588,2015-10-14,development,0.11825404953737961,0.19521748663329075,-0.09864929920963572
10317,9375,2015-10-14 23:00:00,2015-10-18 23:00:00,3307,934,908463.0,NCI-H1793,325.0,159,Glo,4.0,908463.0,lung_NSCLC,Adherent,D/F12,SIDM00755,SIDP00204,,SIDP00204,True,8.344295907915816,2015-10-14,development,0.04630213805806771,0.18266801223188478,0.18266801223188478
10321,9445,2015-10-18 23:00:00,2015-10-22 23:00:00,2731,1971,1290813.0,H2795,325.0,159,Glo,4.0,1290813.0,lung,Adherent,R,SIDM00154,SIDP00783,,SIDP00783,True,8.344295907915816,2015-10-18,development,0.354699572196262,0.6086074467808698,0.515087174624244
10326,9448,2015-10-18 23:00:00,2015-10-22 23:00:00,4020,1905,1524416.0,RCC-JW,325.0,159,Glo,4.0,1524416.0,kidney,Adherent,D/F12,SIDM00817,SIDP00007,,SIDP00007,True,8.344295907915816,2015-10-18,development,0.17981084731653008,0.1472499827231476,0.06590910266615324
10338,9456,2015-10-18 23:00:00,2015-10-22 23:00:00,2291,219,687777.0,Calu-3,625.0,159,Glo,4.0,687777.0,lung_NSCLC,Adherent,D/F12,SIDM00922,SIDP00077,,SIDP00077,True,9.287712379549449,2015-10-18,development,0.686705765050228,0.13581011768742013,0.14356591774579996
10351,9464,2015-10-18 23:00:00,2015-10-22 23:00:00,2608,22,906805.0,COR-L105,625.0,159,Glo,4.0,906805.0,lung_NSCLC,Adherent,R,SIDM00513,SIDP00793,,SIDP00793,True,9.287712379549449,2015-10-18,development,0.786397320533508,0.30162643940890066,0.32558541201564206
10354,9466,2015-10-18 23:00:00,2015-10-22 23:00:00,2211,1752,910780.0,TGW,625.0,159,Glo,4.0,910780.0,neuroblastoma,Adherent,D/F12,SIDM00324,SIDP00968,,SIDP00968,True,9.287712379549449,2015-10-18,development,-0.030845156001699348,0.09671698365041681,-0.11376214810798335
10363,9472,2015-10-18 23:00:00,2015-10-22 23:00:00,2746,1244,907042.0,H4,100.0,159,Glo,4.0,907042.0,nervous_system,Adherent,D/F12,SIDM00852,SIDP00103,,SIDP00103,True,6.643856189774724,2015-10-18,development,0.11326625277212865,0.43469241112416646,0.14084737527098334
10366,9474,2015-10-18 23:00:00,2015-10-22 23:00:00,2782,1318,749717.0,HCC38,625.0,159,Glo,4.0,749717.0,breast,Adherent,R,SIDM00675,SIDP00119,,SIDP00119,True,9.287712379549449,2015-10-18,development,0.22911657825602894,0.10708236087998935,0.13147286231068755
10369,9476,2015-10-18 23:00:00,2015-10-22 23:00:00,2166,270,909744.0,SW13,200.0,159,Glo,4.0,909744.0,kidney,Adherent,D/F12,SIDM00814,SIDP00010,,SIDP00010,True,7.643856189774724,2015-10-18,development,0.6427590437895464,0.20057261321311626,0.3055946666329201
10372,9478,2015-10-18 23:00:00,2015-10-22 23:00:00,2177,1454,724879.0,SW900,625.0,159,Glo,4.0,724879.0,lung_NSCLC,Adherent,R,SIDM01158,SIDP00345,,SIDP00345,True,9.287712379549449,2015-10-18,development,0.1337477061390182,0.22101201234419388,0.3315682314916083
10378,9482,2015-10-18 23:00:00,2015-10-22 23:00:00,4950,2108,905942.0,NCI-H23,1250.0,159,Glo,4.0,905942.0,lung_NSCLC,Adherent,R,SIDM00138,SIDP00747,,SIDP00747,True,10.287712379549449,2015-10-18,development,0.17476518427543075,0.05735240850001744,-0.05223808994720458
10381,9484,2015-10-18 23:00:00,2015-10-22 23:00:00,2004,1759,1240208.0,PL18,400.0,159,Glo,4.0,1240208.0,pancreas,Adherent,D/F12,SIDM00054,SIDP00653,,SIDP00653,True,8.643856189774725,2015-10-18,development,-0.14081821237344005,0.11903884152064503,0.43213212677521007
