BARCODE,action,source_row,SCAN_ID,POSITION,drug_id,concentration_uM,raw_intensity,mean_NC1,mean_B,control_id,control_source_rows_NC1,control_source_rows_B,utility
10416,gdsc:1032:2uM,588288,9569,124,1032,2.0,33846.0,43900.454545454544,889.0357142857143,scan:9569:NC-1+B,588281;588284;588285;588286;588289;588290;588291;588299;588300;588301;588304;588305;588306;588311;588314;588315;588316;588319;588320;588321;588326;588341;588344;588345;588346;588350;588355;588358;588359;588360;588363;588364;588369;588372;588373;588374;588377;588378;588383;588384;588385;588391;588392;588399;588412;588413;588420;588421;588422;588427;588428;588429;588430;588435;588436;588437;588438;588443;588444;588445;588446;588452;588453;588454;588466;588468;588473;588474;588475;588480;588481;588482;588487;588488;588489;588490;588491;588492;588497;588498;588499;588500;588501;588502;588507;588508;588509;588510;588511;588512;588523;588528;588529;588531;588532;588533;588534;588539;588540;588541;588542;588543;588544;588550;588551;588552;588553;588554;588555;588556,588279;588294;588309;588324;588339;588353;588367;588381;588388;588395;588402;588409;588417;588425;588433;588441;588449;588457;588464;588471;588478;588485;588495;588505;588515;588526;588537;588548,0.23376244771001242
10416,gdsc:1036:10uM,588287,9569,123,1036,10.0,40218.0,43900.454545454544,889.0357142857143,scan:9569:NC-1+B,588281;588284;588285;588286;588289;588290;588291;588299;588300;588301;588304;588305;588306;588311;588314;588315;588316;588319;588320;588321;588326;588341;588344;588345;588346;588350;588355;588358;588359;588360;588363;588364;588369;588372;588373;588374;588377;588378;588383;588384;588385;588391;588392;588399;588412;588413;588420;588421;588422;588427;588428;588429;588430;588435;588436;588437;588438;588443;588444;588445;588446;588452;588453;588454;588466;588468;588473;588474;588475;588480;588481;588482;588487;588488;588489;588490;588491;588492;588497;588498;588499;588500;588501;588502;588507;588508;588509;588510;588511;588512;588523;588528;588529;588531;588532;588533;588534;588539;588540;588541;588542;588543;588544;588550;588551;588552;588553;588554;588555;588556,588279;588294;588309;588324;588339;588353;588367;588381;588388;588395;588402;588409;588417;588425;588433;588441;588449;588457;588464;588471;588478;588485;588495;588505;588515;588526;588537;588548,0.08561574218021384
10416,gdsc:1060:0.25uM,588283,9569,101,1060,0.25,39222.0,43900.454545454544,889.0357142857143,scan:9569:NC-1+B,588281;588284;588285;588286;588289;588290;588291;588299;588300;588301;588304;588305;588306;588311;588314;588315;588316;588319;588320;588321;588326;588341;588344;588345;588346;588350;588355;588358;588359;588360;588363;588364;588369;588372;588373;588374;588377;588378;588383;588384;588385;588391;588392;588399;588412;588413;588420;588421;588422;588427;588428;588429;588430;588435;588436;588437;588438;588443;588444;588445;588446;588452;588453;588454;588466;588468;588473;588474;588475;588480;588481;588482;588487;588488;588489;588490;588491;588492;588497;588498;588499;588500;588501;588502;588507;588508;588509;588510;588511;588512;588523;588528;588529;588531;588532;588533;588534;588539;588540;588541;588542;588543;588544;588550;588551;588552;588553;588554;588555;588556,588279;588294;588309;588324;588339;588353;588367;588381;588388;588395;588402;588409;588417;588425;588433;588441;588449;588457;588464;588471;588478;588485;588495;588505;588515;588526;588537;588548,0.10877238353421248
10419,gdsc:1032:2uM,589239,9571,124,1032,2.0,28270.0,30827.97272727273,405.10714285714283,scan:9571:NC-1+B,589232;589235;589236;589237;589240;589241;589242;589250;589251;589252;589255;589256;589257;589262;589265;589266;589267;589270;589271;589272;589277;589292;589295;589296;589297;589301;589306;589309;589310;589311;589314;589315;589320;589323;589324;589325;589328;589329;589334;589335;589336;589342;589343;589350;589363;589364;589371;589372;589373;589378;589379;589380;589381;589386;589387;589388;589389;589394;589395;589396;589397;589403;589404;589405;589417;589419;589424;589425;589426;589431;589432;589433;589438;589439;589440;589441;589442;589443;589448;589449;589450;589451;589452;589453;589458;589459;589460;589461;589462;589463;589474;589479;589480;589482;589483;589484;589485;589490;589491;589492;589493;589494;589495;589501;589502;589503;589504;589505;589506;589507,589230;589245;589260;589275;589290;589304;589318;589332;589339;589346;589353;589360;589368;589376;589384;589392;589400;589408;589415;589422;589429;589436;589446;589456;589466;589477;589488;589499,0.08408059787053968
10419,gdsc:1036:10uM,589238,9571,123,1036,10.0,30062.0,30827.97272727273,405.10714285714283,scan:9571:NC-1+B,589232;589235;589236;589237;589240;589241;589242;589250;589251;589252;589255;589256;589257;589262;589265;589266;589267;589270;589271;589272;589277;589292;589295;589296;589297;589301;589306;589309;589310;589311;589314;589315;589320;589323;589324;589325;589328;589329;589334;589335;589336;589342;589343;589350;589363;589364;589371;589372;589373;589378;589379;589380;589381;589386;589387;589388;589389;589394;589395;589396;589397;589403;589404;589405;589417;589419;589424;589425;589426;589431;589432;589433;589438;589439;589440;589441;589442;589443;589448;589449;589450;589451;589452;589453;589458;589459;589460;589461;589462;589463;589474;589479;589480;589482;589483;589484;589485;589490;589491;589492;589493;589494;589495;589501;589502;589503;589504;589505;589506;589507,589230;589245;589260;589275;589290;589304;589318;589332;589339;589346;589353;589360;589368;589376;589384;589392;589400;589408;589415;589422;589429;589436;589446;589456;589466;589477;589488;589499,0.025177533823937503
10419,gdsc:1060:0.25uM,589234,9571,101,1060,0.25,28270.0,30827.97272727273,405.10714285714283,scan:9571:NC-1+B,589232;589235;589236;589237;589240;589241;589242;589250;589251;589252;589255;589256;589257;589262;589265;589266;589267;589270;589271;589272;589277;589292;589295;589296;589297;589301;589306;589309;589310;589311;589314;589315;589320;589323;589324;589325;589328;589329;589334;589335;589336;589342;589343;589350;589363;589364;589371;589372;589373;589378;589379;589380;589381;589386;589387;589388;589389;589394;589395;589396;589397;589403;589404;589405;589417;589419;589424;589425;589426;589431;589432;589433;589438;589439;589440;589441;589442;589443;589448;589449;589450;589451;589452;589453;589458;589459;589460;589461;589462;589463;589474;589479;589480;589482;589483;589484;589485;589490;589491;589492;589493;589494;589495;589501;589502;589503;589504;589505;589506;589507,589230;589245;589260;589275;589290;589304;589318;589332;589339;589346;589353;589360;589368;589376;589384;589392;589400;589408;589415;589422;589429;589436;589446;589456;589466;589477;589488;589499,0.08408059787053968
10422,gdsc:1032:2uM,590190,9573,124,1032,2.0,20505.0,31465.20909090909,801.1785714285714,scan:9573:NC-1+B,590183;590186;590187;590188;590191;590192;590193;590201;590202;590203;590206;590207;590208;590213;590216;590217;590218;590221;590222;590223;590228;590243;590246;590247;590248;590252;590257;590260;590261;590262;590265;590266;590271;590274;590275;590276;590279;590280;590285;590286;590287;590293;590294;590301;590314;590315;590322;590323;590324;590329;590330;590331;590332;590337;590338;590339;590340;590345;590346;590347;590348;590354;590355;590356;590368;590370;590375;590376;590377;590382;590383;590384;590389;590390;590391;590392;590393;590394;590399;590400;590401;590402;590403;590404;590409;590410;590411;590412;590413;590414;590425;590430;590431;590433;590434;590435;590436;590441;590442;590443;590444;590445;590446;590452;590453;590454;590455;590456;590457;590458,590181;590196;590211;590226;590241;590255;590269;590283;590290;590297;590304;590311;590319;590327;590335;590343;590351;590359;590366;590373;590380;590387;590397;590407;590417;590428;590439;590450,0.35742884758564897
10422,gdsc:1036:10uM,590189,9573,123,1036,10.0,24686.0,31465.20909090909,801.1785714285714,scan:9573:NC-1+B,590183;590186;590187;590188;590191;590192;590193;590201;590202;590203;590206;590207;590208;590213;590216;590217;590218;590221;590222;590223;590228;590243;590246;590247;590248;590252;590257;590260;590261;590262;590265;590266;590271;590274;590275;590276;590279;590280;590285;590286;590287;590293;590294;590301;590314;590315;590322;590323;590324;590329;590330;590331;590332;590337;590338;590339;590340;590345;590346;590347;590348;590354;590355;590356;590368;590370;590375;590376;590377;590382;590383;590384;590389;590390;590391;590392;590393;590394;590399;590400;590401;590402;590403;590404;590409;590410;590411;590412;590413;590414;590425;590430;590431;590433;590434;590435;590436;590441;590442;590443;590444;590445;590446;590452;590453;590454;590455;590456;590457;590458,590181;590196;590211;590226;590241;590255;590269;590283;590290;590297;590304;590311;590319;590327;590335;590343;590351;590359;590366;590373;590380;590387;590397;590407;590417;590428;590439;590450,0.221080170351459
10422,gdsc:1060:0.25uM,590185,9573,101,1060,0.25,29067.0,31465.20909090909,801.1785714285714,scan:9573:NC-1+B,590183;590186;590187;590188;590191;590192;590193;590201;590202;590203;590206;590207;590208;590213;590216;590217;590218;590221;590222;590223;590228;590243;590246;590247;590248;590252;590257;590260;590261;590262;590265;590266;590271;590274;590275;590276;590279;590280;590285;590286;590287;590293;590294;590301;590314;590315;590322;590323;590324;590329;590330;590331;590332;590337;590338;590339;590340;590345;590346;590347;590348;590354;590355;590356;590368;590370;590375;590376;590377;590382;590383;590384;590389;590390;590391;590392;590393;590394;590399;590400;590401;590402;590403;590404;590409;590410;590411;590412;590413;590414;590425;590430;590431;590433;590434;590435;590436;590441;590442;590443;590444;590445;590446;590452;590453;590454;590455;590456;590457;590458,590181;590196;590211;590226;590241;590255;590269;590283;590290;590297;590304;590311;590319;590327;590335;590343;590351;590359;590366;590373;590380;590387;590397;590407;590417;590428;590439;590450,0.07820919332132592
10425,gdsc:1032:2uM,591141,9575,124,1032,2.0,29664.0,36132.05454545454,691.3214285714286,scan:9575:NC-1+B,591134;591137;591138;591139;591142;591143;591144;591152;591153;591154;591157;591158;591159;591164;591167;591168;591169;591172;591173;591174;591179;591194;591197;591198;591199;591203;591208;591211;591212;591213;591216;591217;591222;591225;591226;591227;591230;591231;591236;591237;591238;591244;591245;591252;591265;591266;591273;591274;591275;591280;591281;591282;591283;591288;591289;591290;591291;591296;591297;591298;591299;591305;591306;591307;591319;591321;591326;591327;591328;591333;591334;591335;591340;591341;591342;591343;591344;591345;591350;591351;591352;591353;591354;591355;591360;591361;591362;591363;591364;591365;591376;591381;591382;591384;591385;591386;591387;591392;591393;591394;591395;591396;591397;591403;591404;591405;591406;591407;591408;591409,591132;591147;591162;591177;591192;591206;591220;591234;591241;591248;591255;591262;591270;591278;591286;591294;591302;591310;591317;591324;591331;591338;591348;591358;591368;591379;591390;591401,0.18250340714236857
10425,gdsc:1036:10uM,591140,9575,123,1036,10.0,26279.0,36132.05454545454,691.3214285714286,scan:9575:NC-1+B,591134;591137;591138;591139;591142;591143;591144;591152;591153;591154;591157;591158;591159;591164;591167;591168;591169;591172;591173;591174;591179;591194;591197;591198;591199;591203;591208;591211;591212;591213;591216;591217;591222;591225;591226;591227;591230;591231;591236;591237;591238;591244;591245;591252;591265;591266;591273;591274;591275;591280;591281;591282;591283;591288;591289;591290;591291;591296;591297;591298;591299;591305;591306;591307;591319;591321;591326;591327;591328;591333;591334;591335;591340;591341;591342;591343;591344;591345;591350;591351;591352;591353;591354;591355;591360;591361;591362;591363;591364;591365;591376;591381;591382;591384;591385;591386;591387;591392;591393;591394;591395;591396;591397;591403;591404;591405;591406;591407;591408;591409,591132;591147;591162;591177;591192;591206;591220;591234;591241;591248;591255;591262;591270;591278;591286;591294;591302;591310;591317;591324;591331;591338;591348;591358;591368;591379;591390;591401,0.278014975394535
10425,gdsc:1060:0.25uM,591136,9575,101,1060,0.25,25283.0,36132.05454545454,691.3214285714286,scan:9575:NC-1+B,591134;591137;591138;591139;591142;591143;591144;591152;591153;591154;591157;591158;591159;591164;591167;591168;591169;591172;591173;591174;591179;591194;591197;591198;591199;591203;591208;591211;591212;591213;591216;591217;591222;591225;591226;591227;591230;591231;591236;591237;591238;591244;591245;591252;591265;591266;591273;591274;591275;591280;591281;591282;591283;591288;591289;591290;591291;591296;591297;591298;591299;591305;591306;591307;591319;591321;591326;591327;591328;591333;591334;591335;591340;591341;591342;591343;591344;591345;591350;591351;591352;591353;591354;591355;591360;591361;591362;591363;591364;591365;591376;591381;591382;591384;591385;591386;591387;591392;591393;591394;591395;591396;591397;591403;591404;591405;591406;591407;591408;591409,591132;591147;591162;591177;591192;591206;591220;591234;591241;591248;591255;591262;591270;591278;591286;591294;591302;591310;591317;591324;591331;591338;591348;591358;591368;591379;591390;591401,0.30611823151836304
10431,gdsc:1032:2uM,592092,9577,124,1032,2.0,25483.0,33871.027272727275,748.2142857142857,scan:9577:NC-1+B,592085;592088;592089;592090;592093;592094;592095;592103;592104;592105;592108;592109;592110;592115;592118;592119;592120;592123;592124;592125;592130;592145;592148;592149;592150;592154;592159;592162;592163;592164;592167;592168;592173;592176;592177;592178;592181;592182;592187;592188;592189;592195;592196;592203;592216;592217;592224;592225;592226;592231;592232;592233;592234;592239;592240;592241;592242;592247;592248;592249;592250;592256;592257;592258;592270;592272;592277;592278;592279;592284;592285;592286;592291;592292;592293;592294;592295;592296;592301;592302;592303;592304;592305;592306;592311;592312;592313;592314;592315;592316;592327;592332;592333;592335;592336;592337;592338;592343;592344;592345;592346;592347;592348;592354;592355;592356;592357;592358;592359;592360,592083;592098;592113;592128;592143;592157;592171;592185;592192;592199;592206;592213;592221;592229;592237;592245;592253;592261;592268;592275;592282;592289;592299;592309;592319;592330;592341;592352,0.25324018452225394
10431,gdsc:1036:10uM,592091,9577,123,1036,10.0,27075.0,33871.027272727275,748.2142857142857,scan:9577:NC-1+B,592085;592088;592089;592090;592093;592094;592095;592103;592104;592105;592108;592109;592110;592115;592118;592119;592120;592123;592124;592125;592130;592145;592148;592149;592150;592154;592159;592162;592163;592164;592167;592168;592173;592176;592177;592178;592181;592182;592187;592188;592189;592195;592196;592203;592216;592217;592224;592225;592226;592231;592232;592233;592234;592239;592240;592241;592242;592247;592248;592249;592250;592256;592257;592258;592270;592272;592277;592278;592279;592284;592285;592286;592291;592292;592293;592294;592295;592296;592301;592302;592303;592304;592305;592306;592311;592312;592313;592314;592315;592316;592327;592332;592333;592335;592336;592337;592338;592343;592344;592345;592346;592347;592348;592354;592355;592356;592357;592358;592359;592360,592083;592098;592113;592128;592143;592157;592171;592185;592192;592199;592206;592213;592221;592229;592237;592245;592253;592261;592268;592275;592282;592289;592299;592309;592319;592330;592341;592352,0.20517663386234464
10431,gdsc:1060:0.25uM,592087,9577,101,1060,0.25,36235.0,33871.027272727275,748.2142857142857,scan:9577:NC-1+B,592085;592088;592089;592090;592093;592094;592095;592103;592104;592105;592108;592109;592110;592115;592118;592119;592120;592123;592124;592125;592130;592145;592148;592149;592150;592154;592159;592162;592163;592164;592167;592168;592173;592176;592177;592178;592181;592182;592187;592188;592189;592195;592196;592203;592216;592217;592224;592225;592226;592231;592232;592233;592234;592239;592240;592241;592242;592247;592248;592249;592250;592256;592257;592258;592270;592272;592277;592278;592279;592284;592285;592286;592291;592292;592293;592294;592295;592296;592301;592302;592303;592304;592305;592306;592311;592312;592313;592314;592315;592316;592327;592332;592333;592335;592336;592337;592338;592343;592344;592345;592346;592347;592348;592354;592355;592356;592357;592358;592359;592360,592083;592098;592113;592128;592143;592157;592171;592185;592192;592199;592206;592213;592221;592229;592237;592245;592253;592261;592268;592275;592282;592289;592299;592309;592319;592330;592341;592352,-0.07136992646728424
10434,gdsc:1032:2uM,593043,9579,124,1032,2.0,29067.0,29828.78181818182,577.0357142857143,scan:9579:NC-1+B,593036;593039;593040;593041;593044;593045;593046;593054;593055;593056;593059;593060;593061;593066;593069;593070;593071;593074;593075;593076;593081;593096;593099;593100;593101;593105;593110;593113;593114;593115;593118;593119;593124;593127;593128;593129;593132;593133;593138;593139;593140;593146;593147;593154;593167;593168;593175;593176;593177;593182;593183;593184;593185;593190;593191;593192;593193;593198;593199;593200;593201;593207;593208;593209;593221;593223;593228;593229;593230;593235;593236;593237;593242;593243;593244;593245;593246;593247;593252;593253;593254;593255;593256;593257;593262;593263;593264;593265;593266;593267;593278;593283;593284;593286;593287;593288;593289;593294;593295;593296;593297;593298;593299;593305;593306;593307;593308;593309;593310;593311,593034;593049;593064;593079;593094;593108;593122;593136;593143;593150;593157;593164;593172;593180;593188;593196;593204;593212;593219;593226;593233;593240;593250;593260;593270;593281;593292;593303,0.026042268228232524
10434,gdsc:1036:10uM,593042,9579,123,1036,10.0,27075.0,29828.78181818182,577.0357142857143,scan:9579:NC-1+B,593036;593039;593040;593041;593044;593045;593046;593054;593055;593056;593059;593060;593061;593066;593069;593070;593071;593074;593075;593076;593081;593096;593099;593100;593101;593105;593110;593113;593114;593115;593118;593119;593124;593127;593128;593129;593132;593133;593138;593139;593140;593146;593147;593154;593167;593168;593175;593176;593177;593182;593183;593184;593185;593190;593191;593192;593193;593198;593199;593200;593201;593207;593208;593209;593221;593223;593228;593229;593230;593235;593236;593237;593242;593243;593244;593245;593246;593247;593252;593253;593254;593255;593256;593257;593262;593263;593264;593265;593266;593267;593278;593283;593284;593286;593287;593288;593289;593294;593295;593296;593297;593298;593299;593305;593306;593307;593308;593309;593310;593311,593034;593049;593064;593079;593094;593108;593122;593136;593143;593150;593157;593164;593172;593180;593188;593196;593204;593212;593219;593226;593233;593240;593250;593260;593270;593281;593292;593303,0.09414076713236053
10434,gdsc:1060:0.25uM,593038,9579,101,1060,0.25,28071.0,29828.78181818182,577.0357142857143,scan:9579:NC-1+B,593036;593039;593040;593041;593044;593045;593046;593054;593055;593056;593059;593060;593061;593066;593069;593070;593071;593074;593075;593076;593081;593096;593099;593100;593101;593105;593110;593113;593114;593115;593118;593119;593124;593127;593128;593129;593132;593133;593138;593139;593140;593146;593147;593154;593167;593168;593175;593176;593177;593182;593183;593184;593185;593190;593191;593192;593193;593198;593199;593200;593201;593207;593208;593209;593221;593223;593228;593229;593230;593235;593236;593237;593242;593243;593244;593245;593246;593247;593252;593253;593254;593255;593256;593257;593262;593263;593264;593265;593266;593267;593278;593283;593284;593286;593287;593288;593289;593294;593295;593296;593297;593298;593299;593305;593306;593307;593308;593309;593310;593311,593034;593049;593064;593079;593094;593108;593122;593136;593143;593150;593157;593164;593172;593180;593188;593196;593204;593212;593219;593226;593233;593240;593250;593260;593270;593281;593292;593303,0.060091517680296525
10437,gdsc:1032:2uM,593994,9581,124,1032,2.0,28071.0,31095.881818181817,658.3571428571429,scan:9581:NC-1+B,593987;593990;593991;593992;593995;593996;593997;594005;594006;594007;594010;594011;594012;594017;594020;594021;594022;594025;594026;594027;594032;594047;594050;594051;594052;594056;594061;594064;594065;594066;594069;594070;594075;594078;594079;594080;594083;594084;594089;594090;594091;594097;594098;594105;594118;594119;594126;594127;594128;594133;594134;594135;594136;594141;594142;594143;594144;594149;594150;594151;594152;594158;594159;594160;594172;594174;594179;594180;594181;594186;594187;594188;594193;594194;594195;594196;594197;594198;594203;594204;594205;594206;594207;594208;594213;594214;594215;594216;594217;594218;594229;594234;594235;594237;594238;594239;594240;594245;594246;594247;594248;594249;594250;594256;594257;594258;594259;594260;594261;594262,593985;594000;594015;594030;594045;594059;594073;594087;594094;594101;594108;594115;594123;594131;594139;594147;594155;594163;594170;594177;594184;594191;594201;594211;594221;594232;594243;594254,0.09938002023646986
10437,gdsc:1036:10uM,593993,9581,123,1036,10.0,13139.0,31095.881818181817,658.3571428571429,scan:9581:NC-1+B,593987;593990;593991;593992;593995;593996;593997;594005;594006;594007;594010;594011;594012;594017;594020;594021;594022;594025;594026;594027;594032;594047;594050;594051;594052;594056;594061;594064;594065;594066;594069;594070;594075;594078;594079;594080;594083;594084;594089;594090;594091;594097;594098;594105;594118;594119;594126;594127;594128;594133;594134;594135;594136;594141;594142;594143;594144;594149;594150;594151;594152;594158;594159;594160;594172;594174;594179;594180;594181;594186;594187;594188;594193;594194;594195;594196;594197;594198;594203;594204;594205;594206;594207;594208;594213;594214;594215;594216;594217;594218;594229;594234;594235;594237;594238;594239;594240;594245;594246;594247;594248;594249;594250;594256;594257;594258;594259;594260;594261;594262,593985;594000;594015;594030;594045;594059;594073;594087;594094;594101;594108;594115;594123;594131;594139;594147;594155;594163;594170;594177;594184;594191;594201;594211;594221;594232;594243;594254,0.5899586779715776
10437,gdsc:1060:0.25uM,593989,9581,101,1060,0.25,15129.0,31095.881818181817,658.3571428571429,scan:9581:NC-1+B,593987;593990;593991;593992;593995;593996;593997;594005;594006;594007;594010;594011;594012;594017;594020;594021;594022;594025;594026;594027;594032;594047;594050;594051;594052;594056;594061;594064;594065;594066;594069;594070;594075;594078;594079;594080;594083;594084;594089;594090;594091;594097;594098;594105;594118;594119;594126;594127;594128;594133;594134;594135;594136;594141;594142;594143;594144;594149;594150;594151;594152;594158;594159;594160;594172;594174;594179;594180;594181;594186;594187;594188;594193;594194;594195;594196;594197;594198;594203;594204;594205;594206;594207;594208;594213;594214;594215;594216;594217;594218;594229;594234;594235;594237;594238;594239;594240;594245;594246;594247;594248;594249;594250;594256;594257;594258;594259;594260;594261;594262,593985;594000;594015;594030;594045;594059;594073;594087;594094;594101;594108;594115;594123;594131;594139;594147;594155;594163;594170;594177;594184;594191;594201;594211;594221;594232;594243;594254,0.5245788541775203
10440,gdsc:1032:2uM,594945,9583,124,1032,2.0,39620.0,41970.5,938.2142857142857,scan:9583:NC-1+B,594938;594941;594942;594943;594946;594947;594948;594956;594957;594958;594961;594962;594963;594968;594971;594972;594973;594976;594977;594978;594983;594998;595001;595002;595003;595007;595012;595015;595016;595017;595020;595021;595026;595029;595030;595031;595034;595035;595040;595041;595042;595048;595049;595056;595069;595070;595077;595078;595079;595084;595085;595086;595087;595092;595093;595094;595095;595100;595101;595102;595103;595109;595110;595111;595123;595125;595130;595131;595132;595137;595138;595139;595144;595145;595146;595147;595148;595149;595154;595155;595156;595157;595158;595159;595164;595165;595166;595167;595168;595169;595180;595185;595186;595188;595189;595190;595191;595196;595197;595198;595199;595200;595201;595207;595208;595209;595210;595211;595212;595213,594936;594951;594966;594981;594996;595010;595024;595038;595045;595052;595059;595066;595074;595082;595090;595098;595106;595114;595121;595128;595135;595142;595152;595162;595172;595183;595194;595205,0.057284159512021926
10440,gdsc:1036:10uM,594944,9583,123,1036,10.0,38227.0,41970.5,938.2142857142857,scan:9583:NC-1+B,594938;594941;594942;594943;594946;594947;594948;594956;594957;594958;594961;594962;594963;594968;594971;594972;594973;594976;594977;594978;594983;594998;595001;595002;595003;595007;595012;595015;595016;595017;595020;595021;595026;595029;595030;595031;595034;595035;595040;595041;595042;595048;595049;595056;595069;595070;595077;595078;595079;595084;595085;595086;595087;595092;595093;595094;595095;595100;595101;595102;595103;595109;595110;595111;595123;595125;595130;595131;595132;595137;595138;595139;595144;595145;595146;595147;595148;595149;595154;595155;595156;595157;595158;595159;595164;595165;595166;595167;595168;595169;595180;595185;595186;595188;595189;595190;595191;595196;595197;595198;595199;595200;595201;595207;595208;595209;595210;595211;595212;595213,594936;594951;594966;594981;594996;595010;595024;595038;595045;595052;595059;595066;595074;595082;595090;595098;595106;595114;595121;595128;595135;595142;595152;595162;595172;595183;595194;595205,0.09123303600648969
10440,gdsc:1060:0.25uM,594940,9583,101,1060,0.25,32651.0,41970.5,938.2142857142857,scan:9583:NC-1+B,594938;594941;594942;594943;594946;594947;594948;594956;594957;594958;594961;594962;594963;594968;594971;594972;594973;594976;594977;594978;594983;594998;595001;595002;595003;595007;595012;595015;595016;595017;595020;595021;595026;595029;595030;595031;595034;595035;595040;595041;595042;595048;595049;595056;595069;595070;595077;595078;595079;595084;595085;595086;595087;595092;595093;595094;595095;595100;595101;595102;595103;595109;595110;595111;595123;595125;595130;595131;595132;595137;595138;595139;595144;595145;595146;595147;595148;595149;595154;595155;595156;595157;595158;595159;595164;595165;595166;595167;595168;595169;595180;595185;595186;595188;595189;595190;595191;595196;595197;595198;595199;595200;595201;595207;595208;595209;595210;595211;595212;595213,594936;594951;594966;594981;594996;595010;595024;595038;595045;595052;595059;595066;595074;595082;595090;595098;595106;595114;595121;595128;595135;595142;595152;595162;595172;595183;595194;595205,0.22712602619540023
10443,gdsc:1032:2uM,595896,9585,124,1032,2.0,16921.0,26825.727272727272,440.64285714285717,scan:9585:NC-1+B,595889;595892;595893;595894;595897;595898;595899;595907;595908;595909;595912;595913;595914;595919;595922;595923;595924;595927;595928;595929;595934;595949;595952;595953;595954;595958;595963;595966;595967;595968;595971;595972;595977;595980;595981;595982;595985;595986;595991;595992;595993;595999;596000;596007;596020;596021;596028;596029;596030;596035;596036;596037;596038;596043;596044;596045;596046;596051;596052;596053;596054;596060;596061;596062;596074;596076;596081;596082;596083;596088;596089;596090;596095;596096;596097;596098;596099;596100;596105;596106;596107;596108;596109;596110;596115;596116;596117;596118;596119;596120;596131;596136;596137;596139;596140;596141;596142;596147;596148;596149;596150;596151;596152;596158;596159;596160;596161;596162;596163;596164,595887;595902;595917;595932;595947;595961;595975;595989;595996;596003;596010;596017;596025;596033;596041;596049;596057;596065;596072;596079;596086;596093;596103;596113;596123;596134;596145;596156,0.3753911534532375
10443,gdsc:1036:10uM,595895,9585,123,1036,10.0,23492.0,26825.727272727272,440.64285714285717,scan:9585:NC-1+B,595889;595892;595893;595894;595897;595898;595899;595907;595908;595909;595912;595913;595914;595919;595922;595923;595924;595927;595928;595929;595934;595949;595952;595953;595954;595958;595963;595966;595967;595968;595971;595972;595977;595980;595981;595982;595985;595986;595991;595992;595993;595999;596000;596007;596020;596021;596028;596029;596030;596035;596036;596037;596038;596043;596044;596045;596046;596051;596052;596053;596054;596060;596061;596062;596074;596076;596081;596082;596083;596088;596089;596090;596095;596096;596097;596098;596099;596100;596105;596106;596107;596108;596109;596110;596115;596116;596117;596118;596119;596120;596131;596136;596137;596139;596140;596141;596142;596147;596148;596149;596150;596151;596152;596158;596159;596160;596161;596162;596163;596164,595887;595902;595917;595932;595947;595961;595975;595989;595996;596003;596010;596017;596025;596033;596041;596049;596057;596065;596072;596079;596086;596093;596103;596113;596123;596134;596145;596156,0.1263489333677552
10443,gdsc:1060:0.25uM,595891,9585,101,1060,0.25,19709.0,26825.727272727272,440.64285714285717,scan:9585:NC-1+B,595889;595892;595893;595894;595897;595898;595899;595907;595908;595909;595912;595913;595914;595919;595922;595923;595924;595927;595928;595929;595934;595949;595952;595953;595954;595958;595963;595966;595967;595968;595971;595972;595977;595980;595981;595982;595985;595986;595991;595992;595993;595999;596000;596007;596020;596021;596028;596029;596030;596035;596036;596037;596038;596043;596044;596045;596046;596051;596052;596053;596054;596060;596061;596062;596074;596076;596081;596082;596083;596088;596089;596090;596095;596096;596097;596098;596099;596100;596105;596106;596107;596108;596109;596110;596115;596116;596117;596118;596119;596120;596131;596136;596137;596139;596140;596141;596142;596147;596148;596149;596150;596151;596152;596158;596159;596160;596161;596162;596163;596164,595887;595902;595917;595932;595947;595961;595975;595989;595996;596003;596010;596017;596025;596033;596041;596049;596057;596065;596072;596079;596086;596093;596103;596113;596123;596134;596145;596156,0.2697253933560948
10446,gdsc:1032:2uM,596847,9587,124,1032,2.0,58939.0,66255.34545454546,1125.5357142857142,scan:9587:NC-1+B,596840;596843;596844;596845;596848;596849;596850;596858;596859;596860;596863;596864;596865;596870;596873;596874;596875;596878;596879;596880;596885;596900;596903;596904;596905;596909;596914;596917;596918;596919;596922;596923;596928;596931;596932;596933;596936;596937;596942;596943;596944;596950;596951;596958;596971;596972;596979;596980;596981;596986;596987;596988;596989;596994;596995;596996;596997;597002;597003;597004;597005;597011;597012;597013;597025;597027;597032;597033;597034;597039;597040;597041;597046;597047;597048;597049;597050;597051;597056;597057;597058;597059;597060;597061;597066;597067;597068;597069;597070;597071;597082;597087;597088;597090;597091;597092;597093;597098;597099;597100;597101;597102;597103;597109;597110;597111;597112;597113;597114;597115,596838;596853;596868;596883;596898;596912;596926;596940;596947;596954;596961;596968;596976;596984;596992;597000;597008;597016;597023;597030;597037;597044;597054;597064;597074;597085;597096;597107,0.11233482001134865
10446,gdsc:1036:10uM,596846,9587,123,1036,10.0,62724.0,66255.34545454546,1125.5357142857142,scan:9587:NC-1+B,596840;596843;596844;596845;596848;596849;596850;596858;596859;596860;596863;596864;596865;596870;596873;596874;596875;596878;596879;596880;596885;596900;596903;596904;596905;596909;596914;596917;596918;596919;596922;596923;596928;596931;596932;596933;596936;596937;596942;596943;596944;596950;596951;596958;596971;596972;596979;596980;596981;596986;596987;596988;596989;596994;596995;596996;596997;597002;597003;597004;597005;597011;597012;597013;597025;597027;597032;597033;597034;597039;597040;597041;597046;597047;597048;597049;597050;597051;597056;597057;597058;597059;597060;597061;597066;597067;597068;597069;597070;597071;597082;597087;597088;597090;597091;597092;597093;597098;597099;597100;597101;597102;597103;597109;597110;597111;597112;597113;597114;597115,596838;596853;596868;596883;596898;596912;596926;596940;596947;596954;596961;596968;596976;596984;596992;597000;597008;597016;597023;597030;597037;597044;597054;597064;597074;597085;597096;597107,0.05422011009441918
10446,gdsc:1060:0.25uM,596842,9587,101,1060,0.25,54956.0,66255.34545454546,1125.5357142857142,scan:9587:NC-1+B,596840;596843;596844;596845;596848;596849;596850;596858;596859;596860;596863;596864;596865;596870;596873;596874;596875;596878;596879;596880;596885;596900;596903;596904;596905;596909;596914;596917;596918;596919;596922;596923;596928;596931;596932;596933;596936;596937;596942;596943;596944;596950;596951;596958;596971;596972;596979;596980;596981;596986;596987;596988;596989;596994;596995;596996;596997;597002;597003;597004;597005;597011;597012;597013;597025;597027;597032;597033;597034;597039;597040;597041;597046;597047;597048;597049;597050;597051;597056;597057;597058;597059;597060;597061;597066;597067;597068;597069;597070;597071;597082;597087;597088;597090;597091;597092;597093;597098;597099;597100;597101;597102;597103;597109;597110;597111;597112;597113;597114;597115,596838;596853;596868;596883;596898;596912;596926;596940;596947;596954;596961;596968;596976;596984;596992;597000;597008;597016;597023;597030;597037;597044;597054;597064;597074;597085;597096;597107,0.17348961250781625
10449,gdsc:1032:2uM,597798,9589,124,1032,2.0,64118.0,71979.66363636364,1194.892857142857,scan:9589:NC-1+B,597791;597794;597795;597796;597799;597800;597801;597809;597810;597811;597814;597815;597816;597821;597824;597825;597826;597829;597830;597831;597836;597851;597854;597855;597856;597860;597865;597868;597869;597870;597873;597874;597879;597882;597883;597884;597887;597888;597893;597894;597895;597901;597902;597909;597922;597923;597930;597931;597932;597937;597938;597939;597940;597945;597946;597947;597948;597953;597954;597955;597956;597962;597963;597964;597976;597978;597983;597984;597985;597990;597991;597992;597997;597998;597999;598000;598001;598002;598007;598008;598009;598010;598011;598012;598017;598018;598019;598020;598021;598022;598033;598038;598039;598041;598042;598043;598044;598049;598050;598051;598052;598053;598054;598060;598061;598062;598063;598064;598065;598066,597789;597804;597819;597834;597849;597863;597877;597891;597898;597905;597912;597919;597927;597935;597943;597951;597959;597967;597974;597981;597988;597995;598005;598015;598025;598036;598047;598058,0.11106433700102436
10449,gdsc:1036:10uM,597797,9589,123,1036,10.0,71688.0,71979.66363636364,1194.892857142857,scan:9589:NC-1+B,597791;597794;597795;597796;597799;597800;597801;597809;597810;597811;597814;597815;597816;597821;597824;597825;597826;597829;597830;597831;597836;597851;597854;597855;597856;597860;597865;597868;597869;597870;597873;597874;597879;597882;597883;597884;597887;597888;597893;597894;597895;597901;597902;597909;597922;597923;597930;597931;597932;597937;597938;597939;597940;597945;597946;597947;597948;597953;597954;597955;597956;597962;597963;597964;597976;597978;597983;597984;597985;597990;597991;597992;597997;597998;597999;598000;598001;598002;598007;598008;598009;598010;598011;598012;598017;598018;598019;598020;598021;598022;598033;598038;598039;598041;598042;598043;598044;598049;598050;598051;598052;598053;598054;598060;598061;598062;598063;598064;598065;598066,597789;597804;597819;597834;597849;597863;597877;597891;597898;597905;597912;597919;597927;597935;597943;597951;597959;597967;597974;597981;597988;597995;598005;598015;598025;598036;598047;598058,0.004120429199005793
10449,gdsc:1060:0.25uM,597793,9589,101,1060,0.25,31257.0,71979.66363636364,1194.892857142857,scan:9589:NC-1+B,597791;597794;597795;597796;597799;597800;597801;597809;597810;597811;597814;597815;597816;597821;597824;597825;597826;597829;597830;597831;597836;597851;597854;597855;597856;597860;597865;597868;597869;597870;597873;597874;597879;597882;597883;597884;597887;597888;597893;597894;597895;597901;597902;597909;597922;597923;597930;597931;597932;597937;597938;597939;597940;597945;597946;597947;597948;597953;597954;597955;597956;597962;597963;597964;597976;597978;597983;597984;597985;597990;597991;597992;597997;597998;597999;598000;598001;598002;598007;598008;598009;598010;598011;598012;598017;598018;598019;598020;598021;598022;598033;598038;598039;598041;598042;598043;598044;598049;598050;598051;598052;598053;598054;598060;598061;598062;598063;598064;598065;598066,597789;597804;597819;597834;597849;597863;597877;597891;597898;597905;597912;597919;597927;597935;597943;597951;597959;597967;597974;597981;597988;597995;598005;598015;598025;598036;598047;598058,0.5753026136565237
10455,gdsc:1032:2uM,598270,9591,124,1032,2.0,27275.0,30558.31818181818,777.2857142857143,scan:9591:NC-1+B,598263;598266;598267;598268;598271;598272;598273;598281;598282;598283;598286;598287;598288;598293;598296;598297;598298;598301;598302;598303;598308;598323;598326;598327;598328;598332;598337;598340;598341;598342;598345;598346;598351;598354;598355;598356;598359;598360;598365;598366;598367;598373;598374;598381;598394;598395;598402;598403;598404;598409;598410;598411;598412;598417;598418;598419;598420;598425;598426;598427;598428;598434;598435;598436;598448;598450;598455;598456;598457;598462;598463;598464;598469;598470;598471;598472;598473;598474;598479;598480;598481;598482;598483;598484;598489;598490;598491;598492;598493;598494;598505;598510;598511;598513;598514;598515;598516;598521;598522;598523;598524;598525;598526;598532;598533;598534;598535;598536;598537;598538,598261;598276;598291;598306;598321;598335;598349;598363;598370;598377;598384;598391;598399;598407;598415;598423;598431;598439;598446;598453;598460;598467;598477;598487;598497;598508;598519;598530,0.11024863511356364
10455,gdsc:1036:10uM,598269,9591,123,1036,10.0,28668.0,30558.31818181818,777.2857142857143,scan:9591:NC-1+B,598263;598266;598267;598268;598271;598272;598273;598281;598282;598283;598286;598287;598288;598293;598296;598297;598298;598301;598302;598303;598308;598323;598326;598327;598328;598332;598337;598340;598341;598342;598345;598346;598351;598354;598355;598356;598359;598360;598365;598366;598367;598373;598374;598381;598394;598395;598402;598403;598404;598409;598410;598411;598412;598417;598418;598419;598420;598425;598426;598427;598428;598434;598435;598436;598448;598450;598455;598456;598457;598462;598463;598464;598469;598470;598471;598472;598473;598474;598479;598480;598481;598482;598483;598484;598489;598490;598491;598492;598493;598494;598505;598510;598511;598513;598514;598515;598516;598521;598522;598523;598524;598525;598526;598532;598533;598534;598535;598536;598537;598538,598261;598276;598291;598306;598321;598335;598349;598363;598370;598377;598384;598391;598399;598407;598415;598423;598431;598439;598446;598453;598460;598467;598477;598487;598497;598508;598519;598530,0.06347389681264481
10455,gdsc:1060:0.25uM,598265,9591,101,1060,0.25,31456.0,30558.31818181818,777.2857142857143,scan:9591:NC-1+B,598263;598266;598267;598268;598271;598272;598273;598281;598282;598283;598286;598287;598288;598293;598296;598297;598298;598301;598302;598303;598308;598323;598326;598327;598328;598332;598337;598340;598341;598342;598345;598346;598351;598354;598355;598356;598359;598360;598365;598366;598367;598373;598374;598381;598394;598395;598402;598403;598404;598409;598410;598411;598412;598417;598418;598419;598420;598425;598426;598427;598428;598434;598435;598436;598448;598450;598455;598456;598457;598462;598463;598464;598469;598470;598471;598472;598473;598474;598479;598480;598481;598482;598483;598484;598489;598490;598491;598492;598493;598494;598505;598510;598511;598513;598514;598515;598516;598521;598522;598523;598524;598525;598526;598532;598533;598534;598535;598536;598537;598538,598261;598276;598291;598306;598321;598335;598349;598363;598370;598377;598384;598391;598399;598407;598415;598423;598431;598439;598446;598453;598460;598467;598477;598487;598497;598508;598519;598530,-0.030142736628103073
10458,gdsc:1032:2uM,599221,9593,124,1032,2.0,49180.0,49938.490909090906,1033.9642857142858,scan:9593:NC-1+B,599214;599217;599218;599219;599222;599223;599224;599232;599233;599234;599237;599238;599239;599244;599247;599248;599249;599252;599253;599254;599259;599274;599277;599278;599279;599283;599288;599291;599292;599293;599296;599297;599302;599305;599306;599307;599310;599311;599316;599317;599318;599324;599325;599332;599345;599346;599353;599354;599355;599360;599361;599362;599363;599368;599369;599370;599371;599376;599377;599378;599379;599385;599386;599387;599399;599401;599406;599407;599408;599413;599414;599415;599420;599421;599422;599423;599424;599425;599430;599431;599432;599433;599434;599435;599440;599441;599442;599443;599444;599445;599456;599461;599462;599464;599465;599466;599467;599472;599473;599474;599475;599476;599477;599483;599484;599485;599486;599487;599488;599489,599212;599227;599242;599257;599272;599286;599300;599314;599321;599328;599335;599342;599350;599358;599366;599374;599382;599390;599397;599404;599411;599418;599428;599438;599448;599459;599470;599481,0.015509625825277706
10458,gdsc:1036:10uM,599220,9593,123,1036,10.0,44798.0,49938.490909090906,1033.9642857142858,scan:9593:NC-1+B,599214;599217;599218;599219;599222;599223;599224;599232;599233;599234;599237;599238;599239;599244;599247;599248;599249;599252;599253;599254;599259;599274;599277;599278;599279;599283;599288;599291;599292;599293;599296;599297;599302;599305;599306;599307;599310;599311;599316;599317;599318;599324;599325;599332;599345;599346;599353;599354;599355;599360;599361;599362;599363;599368;599369;599370;599371;599376;599377;599378;599379;599385;599386;599387;599399;599401;599406;599407;599408;599413;599414;599415;599420;599421;599422;599423;599424;599425;599430;599431;599432;599433;599434;599435;599440;599441;599442;599443;599444;599445;599456;599461;599462;599464;599465;599466;599467;599472;599473;599474;599475;599476;599477;599483;599484;599485;599486;599487;599488;599489,599212;599227;599242;599257;599272;599286;599300;599314;599321;599328;599335;599342;599350;599358;599366;599374;599382;599390;599397;599404;599411;599418;599428;599438;599448;599459;599470;599481,0.10511278329465978
10458,gdsc:1060:0.25uM,599216,9593,101,1060,0.25,48781.0,49938.490909090906,1033.9642857142858,scan:9593:NC-1+B,599214;599217;599218;599219;599222;599223;599224;599232;599233;599234;599237;599238;599239;599244;599247;599248;599249;599252;599253;599254;599259;599274;599277;599278;599279;599283;599288;599291;599292;599293;599296;599297;599302;599305;599306;599307;599310;599311;599316;599317;599318;599324;599325;599332;599345;599346;599353;599354;599355;599360;599361;599362;599363;599368;599369;599370;599371;599376;599377;599378;599379;599385;599386;599387;599399;599401;599406;599407;599408;599413;599414;599415;599420;599421;599422;599423;599424;599425;599430;599431;599432;599433;599434;599435;599440;599441;599442;599443;599444;599445;599456;599461;599462;599464;599465;599466;599467;599472;599473;599474;599475;599476;599477;599483;599484;599485;599486;599487;599488;599489,599212;599227;599242;599257;599272;599286;599300;599314;599321;599328;599335;599342;599350;599358;599366;599374;599382;599390;599397;599404;599411;599418;599428;599438;599448;599459;599470;599481,0.023668379780157567
10461,gdsc:1032:2uM,600172,9595,124,1032,2.0,40815.0,38141.51818181818,923.9642857142857,scan:9595:NC-1+B,600165;600168;600169;600170;600173;600174;600175;600183;600184;600185;600188;600189;600190;600195;600198;600199;600200;600203;600204;600205;600210;600225;600228;600229;600230;600234;600239;600242;600243;600244;600247;600248;600253;600256;600257;600258;600261;600262;600267;600268;600269;600275;600276;600283;600296;600297;600304;600305;600306;600311;600312;600313;600314;600319;600320;600321;600322;600327;600328;600329;600330;600336;600337;600338;600350;600352;600357;600358;600359;600364;600365;600366;600371;600372;600373;600374;600375;600376;600381;600382;600383;600384;600385;600386;600391;600392;600393;600394;600395;600396;600407;600412;600413;600415;600416;600417;600418;600423;600424;600425;600426;600427;600428;600434;600435;600436;600437;600438;600439;600440,600163;600178;600193;600208;600223;600237;600251;600265;600272;600279;600286;600293;600301;600309;600317;600325;600333;600341;600348;600355;600362;600369;600379;600389;600399;600410;600421;600432,-0.07183389391052075
10461,gdsc:1036:10uM,600171,9595,123,1036,10.0,38824.0,38141.51818181818,923.9642857142857,scan:9595:NC-1+B,600165;600168;600169;600170;600173;600174;600175;600183;600184;600185;600188;600189;600190;600195;600198;600199;600200;600203;600204;600205;600210;600225;600228;600229;600230;600234;600239;600242;600243;600244;600247;600248;600253;600256;600257;600258;600261;600262;600267;600268;600269;600275;600276;600283;600296;600297;600304;600305;600306;600311;600312;600313;600314;600319;600320;600321;600322;600327;600328;600329;600330;600336;600337;600338;600350;600352;600357;600358;600359;600364;600365;600366;600371;600372;600373;600374;600375;600376;600381;600382;600383;600384;600385;600386;600391;600392;600393;600394;600395;600396;600407;600412;600413;600415;600416;600417;600418;600423;600424;600425;600426;600427;600428;600434;600435;600436;600437;600438;600439;600440,600163;600178;600193;600208;600223;600237;600251;600265;600272;600279;600286;600293;600301;600309;600317;600325;600333;600341;600348;600355;600362;600369;600379;600389;600399;600410;600421;600432,-0.01833763229273555
10461,gdsc:1060:0.25uM,600167,9595,101,1060,0.25,39222.0,38141.51818181818,923.9642857142857,scan:9595:NC-1+B,600165;600168;600169;600170;600173;600174;600175;600183;600184;600185;600188;600189;600190;600195;600198;600199;600200;600203;600204;600205;600210;600225;600228;600229;600230;600234;600239;600242;600243;600244;600247;600248;600253;600256;600257;600258;600261;600262;600267;600268;600269;600275;600276;600283;600296;600297;600304;600305;600306;600311;600312;600313;600314;600319;600320;600321;600322;600327;600328;600329;600330;600336;600337;600338;600350;600352;600357;600358;600359;600364;600365;600366;600371;600372;600373;600374;600375;600376;600381;600382;600383;600384;600385;600386;600391;600392;600393;600394;600395;600396;600407;600412;600413;600415;600416;600417;600418;600423;600424;600425;600426;600427;600428;600434;600435;600436;600437;600438;600439;600440,600163;600178;600193;600208;600223;600237;600251;600265;600272;600279;600286;600293;600301;600309;600317;600325;600333;600341;600348;600355;600362;600369;600379;600389;600399;600410;600421;600432,-0.029031510807993488
10464,gdsc:1032:2uM,601123,9597,124,1032,2.0,66907.0,70815.29090909091,497.5,scan:9597:NC-1+B,601116;601119;601120;601121;601124;601125;601126;601134;601135;601136;601139;601140;601141;601146;601149;601150;601151;601154;601155;601156;601161;601176;601179;601180;601181;601185;601190;601193;601194;601195;601198;601199;601204;601207;601208;601209;601212;601213;601218;601219;601220;601226;601227;601234;601247;601248;601255;601256;601257;601262;601263;601264;601265;601270;601271;601272;601273;601278;601279;601280;601281;601287;601288;601289;601301;601303;601308;601309;601310;601315;601316;601317;601322;601323;601324;601325;601326;601327;601332;601333;601334;601335;601336;601337;601342;601343;601344;601345;601346;601347;601358;601363;601364;601366;601367;601368;601369;601374;601375;601376;601377;601378;601379;601385;601386;601387;601388;601389;601390;601391,601114;601129;601144;601159;601174;601188;601202;601216;601223;601230;601237;601244;601252;601260;601268;601276;601284;601292;601299;601306;601313;601320;601330;601340;601350;601361;601372;601383,0.05558039947733384
10464,gdsc:1036:10uM,601122,9597,123,1036,10.0,71289.0,70815.29090909091,497.5,scan:9597:NC-1+B,601116;601119;601120;601121;601124;601125;601126;601134;601135;601136;601139;601140;601141;601146;601149;601150;601151;601154;601155;601156;601161;601176;601179;601180;601181;601185;601190;601193;601194;601195;601198;601199;601204;601207;601208;601209;601212;601213;601218;601219;601220;601226;601227;601234;601247;601248;601255;601256;601257;601262;601263;601264;601265;601270;601271;601272;601273;601278;601279;601280;601281;601287;601288;601289;601301;601303;601308;601309;601310;601315;601316;601317;601322;601323;601324;601325;601326;601327;601332;601333;601334;601335;601336;601337;601342;601343;601344;601345;601346;601347;601358;601363;601364;601366;601367;601368;601369;601374;601375;601376;601377;601378;601379;601385;601386;601387;601388;601389;601390;601391,601114;601129;601144;601159;601174;601188;601202;601216;601223;601230;601237;601244;601252;601260;601268;601276;601284;601292;601299;601306;601313;601320;601330;601340;601350;601361;601372;601383,-0.0067366890339533025
10464,gdsc:1060:0.25uM,601118,9597,101,1060,0.25,50773.0,70815.29090909091,497.5,scan:9597:NC-1+B,601116;601119;601120;601121;601124;601125;601126;601134;601135;601136;601139;601140;601141;601146;601149;601150;601151;601154;601155;601156;601161;601176;601179;601180;601181;601185;601190;601193;601194;601195;601198;601199;601204;601207;601208;601209;601212;601213;601218;601219;601220;601226;601227;601234;601247;601248;601255;601256;601257;601262;601263;601264;601265;601270;601271;601272;601273;601278;601279;601280;601281;601287;601288;601289;601301;601303;601308;601309;601310;601315;601316;601317;601322;601323;601324;601325;601326;601327;601332;601333;601334;601335;601336;601337;601342;601343;601344;601345;601346;601347;601358;601363;601364;601366;601367;601368;601369;601374;601375;601376;601377;601378;601379;601385;601386;601387;601388;601389;601390;601391,601114;601129;601144;601159;601174;601188;601202;601216;601223;601230;601237;601244;601252;601260;601268;601276;601284;601292;601299;601306;601313;601320;601330;601340;601350;601361;601372;601383,0.28502446749219157
10467,gdsc:1032:2uM,602074,9599,124,1032,2.0,58142.0,57467.19090909091,1253.6785714285713,scan:9599:NC-1+B,602067;602070;602071;602072;602075;602076;602077;602085;602086;602087;602090;602091;602092;602097;602100;602101;602102;602105;602106;602107;602112;602127;602130;602131;602132;602136;602141;602144;602145;602146;602149;602150;602155;602158;602159;602160;602163;602164;602169;602170;602171;602177;602178;602185;602198;602199;602206;602207;602208;602213;602214;602215;602216;602221;602222;602223;602224;602229;602230;602231;602232;602238;602239;602240;602252;602254;602259;602260;602261;602266;602267;602268;602273;602274;602275;602276;602277;602278;602283;602284;602285;602286;602287;602288;602293;602294;602295;602296;602297;602298;602309;602314;602315;602317;602318;602319;602320;602325;602326;602327;602328;602329;602330;602336;602337;602338;602339;602340;602341;602342,602065;602080;602095;602110;602125;602139;602153;602167;602174;602181;602188;602195;602203;602211;602219;602227;602235;602243;602250;602257;602264;602271;602281;602291;602301;602312;602323;602334,-0.012004392944807707
10467,gdsc:1036:10uM,602073,9599,123,1036,10.0,46591.0,57467.19090909091,1253.6785714285713,scan:9599:NC-1+B,602067;602070;602071;602072;602075;602076;602077;602085;602086;602087;602090;602091;602092;602097;602100;602101;602102;602105;602106;602107;602112;602127;602130;602131;602132;602136;602141;602144;602145;602146;602149;602150;602155;602158;602159;602160;602163;602164;602169;602170;602171;602177;602178;602185;602198;602199;602206;602207;602208;602213;602214;602215;602216;602221;602222;602223;602224;602229;602230;602231;602232;602238;602239;602240;602252;602254;602259;602260;602261;602266;602267;602268;602273;602274;602275;602276;602277;602278;602283;602284;602285;602286;602287;602288;602293;602294;602295;602296;602297;602298;602309;602314;602315;602317;602318;602319;602320;602325;602326;602327;602328;602329;602330;602336;602337;602338;602339;602340;602341;602342,602065;602080;602095;602110;602125;602139;602153;602167;602174;602181;602188;602195;602203;602211;602219;602227;602235;602243;602250;602257;602264;602271;602281;602291;602301;602312;602323;602334,0.1934800096418099
10467,gdsc:1060:0.25uM,602069,9599,101,1060,0.25,28868.0,57467.19090909091,1253.6785714285713,scan:9599:NC-1+B,602067;602070;602071;602072;602075;602076;602077;602085;602086;602087;602090;602091;602092;602097;602100;602101;602102;602105;602106;602107;602112;602127;602130;602131;602132;602136;602141;602144;602145;602146;602149;602150;602155;602158;602159;602160;602163;602164;602169;602170;602171;602177;602178;602185;602198;602199;602206;602207;602208;602213;602214;602215;602216;602221;602222;602223;602224;602229;602230;602231;602232;602238;602239;602240;602252;602254;602259;602260;602261;602266;602267;602268;602273;602274;602275;602276;602277;602278;602283;602284;602285;602286;602287;602288;602293;602294;602295;602296;602297;602298;602309;602314;602315;602317;602318;602319;602320;602325;602326;602327;602328;602329;602330;602336;602337;602338;602339;602340;602341;602342,602065;602080;602095;602110;602125;602139;602153;602167;602174;602181;602188;602195;602203;602211;602219;602227;602235;602243;602250;602257;602264;602271;602281;602291;602301;602312;602323;602334,0.5087600777781291
10473,gdsc:1032:2uM,603025,9601,124,1032,2.0,34045.0,33449.22727272727,648.0357142857143,scan:9601:NC-1+B,603018;603021;603022;603023;603026;603027;603028;603036;603037;603038;603041;603042;603043;603048;603051;603052;603053;603056;603057;603058;603063;603078;603081;603082;603083;603087;603092;603095;603096;603097;603100;603101;603106;603109;603110;603111;603114;603115;603120;603121;603122;603128;603129;603136;603149;603150;603157;603158;603159;603164;603165;603166;603167;603172;603173;603174;603175;603180;603181;603182;603183;603189;603190;603191;603203;603205;603210;603211;603212;603217;603218;603219;603224;603225;603226;603227;603228;603229;603234;603235;603236;603237;603238;603239;603244;603245;603246;603247;603248;603249;603260;603265;603266;603268;603269;603270;603271;603276;603277;603278;603279;603280;603281;603287;603288;603289;603290;603291;603292;603293,603016;603031;603046;603061;603076;603090;603104;603118;603125;603132;603139;603146;603154;603162;603170;603178;603186;603194;603201;603208;603215;603222;603232;603242;603252;603263;603274;603285,-0.01816314283007814
10473,gdsc:1036:10uM,603024,9601,123,1036,10.0,10551.0,33449.22727272727,648.0357142857143,scan:9601:NC-1+B,603018;603021;603022;603023;603026;603027;603028;603036;603037;603038;603041;603042;603043;603048;603051;603052;603053;603056;603057;603058;603063;603078;603081;603082;603083;603087;603092;603095;603096;603097;603100;603101;603106;603109;603110;603111;603114;603115;603120;603121;603122;603128;603129;603136;603149;603150;603157;603158;603159;603164;603165;603166;603167;603172;603173;603174;603175;603180;603181;603182;603183;603189;603190;603191;603203;603205;603210;603211;603212;603217;603218;603219;603224;603225;603226;603227;603228;603229;603234;603235;603236;603237;603238;603239;603244;603245;603246;603247;603248;603249;603260;603265;603266;603268;603269;603270;603271;603276;603277;603278;603279;603280;603281;603287;603288;603289;603290;603291;603292;603293,603016;603031;603046;603061;603076;603090;603104;603118;603125;603132;603139;603146;603154;603162;603170;603178;603186;603194;603201;603208;603215;603222;603232;603242;603252;603263;603274;603285,0.6980913248815893
10473,gdsc:1060:0.25uM,603020,9601,101,1060,0.25,8361.0,33449.22727272727,648.0357142857143,scan:9601:NC-1+B,603018;603021;603022;603023;603026;603027;603028;603036;603037;603038;603041;603042;603043;603048;603051;603052;603053;603056;603057;603058;603063;603078;603081;603082;603083;603087;603092;603095;603096;603097;603100;603101;603106;603109;603110;603111;603114;603115;603120;603121;603122;603128;603129;603136;603149;603150;603157;603158;603159;603164;603165;603166;603167;603172;603173;603174;603175;603180;603181;603182;603183;603189;603190;603191;603203;603205;603210;603211;603212;603217;603218;603219;603224;603225;603226;603227;603228;603229;603234;603235;603236;603237;603238;603239;603244;603245;603246;603247;603248;603249;603260;603265;603266;603268;603269;603270;603271;603276;603277;603278;603279;603280;603281;603287;603288;603289;603290;603291;603292;603293,603016;603031;603046;603061;603076;603090;603104;603118;603125;603132;603139;603146;603154;603162;603170;603178;603186;603194;603201;603208;603215;603222;603232;603242;603252;603263;603274;603285,0.7648571920940075
10479,gdsc:1032:2uM,604455,9605,124,1032,2.0,18713.0,41148.59090909091,933.0357142857143,scan:9605:NC-1+B,604448;604451;604452;604453;604456;604457;604458;604466;604467;604468;604471;604472;604473;604478;604481;604482;604483;604486;604487;604488;604493;604508;604511;604512;604513;604517;604522;604525;604526;604527;604530;604531;604536;604539;604540;604541;604544;604545;604550;604551;604552;604558;604559;604566;604579;604580;604587;604588;604589;604594;604595;604596;604597;604602;604603;604604;604605;604610;604611;604612;604613;604619;604620;604621;604633;604635;604640;604641;604642;604647;604648;604649;604654;604655;604656;604657;604658;604659;604664;604665;604666;604667;604668;604669;604674;604675;604676;604677;604678;604679;604690;604695;604696;604698;604699;604700;604701;604706;604707;604708;604709;604710;604711;604717;604718;604719;604720;604721;604722;604723,604446;604461;604476;604491;604506;604520;604534;604548;604555;604562;604569;604576;604584;604592;604600;604608;604616;604624;604631;604638;604645;604652;604662;604672;604682;604693;604704;604715,0.5578834060704203
10479,gdsc:1036:10uM,604454,9605,123,1036,10.0,39421.0,41148.59090909091,933.0357142857143,scan:9605:NC-1+B,604448;604451;604452;604453;604456;604457;604458;604466;604467;604468;604471;604472;604473;604478;604481;604482;604483;604486;604487;604488;604493;604508;604511;604512;604513;604517;604522;604525;604526;604527;604530;604531;604536;604539;604540;604541;604544;604545;604550;604551;604552;604558;604559;604566;604579;604580;604587;604588;604589;604594;604595;604596;604597;604602;604603;604604;604605;604610;604611;604612;604613;604619;604620;604621;604633;604635;604640;604641;604642;604647;604648;604649;604654;604655;604656;604657;604658;604659;604664;604665;604666;604667;604668;604669;604674;604675;604676;604677;604678;604679;604690;604695;604696;604698;604699;604700;604701;604706;604707;604708;604709;604710;604711;604717;604718;604719;604720;604721;604722;604723,604446;604461;604476;604491;604506;604520;604534;604548;604555;604562;604569;604576;604584;604592;604600;604608;604616;604624;604631;604638;604645;604652;604662;604672;604682;604693;604704;604715,0.042958275739882645
10479,gdsc:1060:0.25uM,604450,9605,101,1060,0.25,33646.0,41148.59090909091,933.0357142857143,scan:9605:NC-1+B,604448;604451;604452;604453;604456;604457;604458;604466;604467;604468;604471;604472;604473;604478;604481;604482;604483;604486;604487;604488;604493;604508;604511;604512;604513;604517;604522;604525;604526;604527;604530;604531;604536;604539;604540;604541;604544;604545;604550;604551;604552;604558;604559;604566;604579;604580;604587;604588;604589;604594;604595;604596;604597;604602;604603;604604;604605;604610;604611;604612;604613;604619;604620;604621;604633;604635;604640;604641;604642;604647;604648;604649;604654;604655;604656;604657;604658;604659;604664;604665;604666;604667;604668;604669;604674;604675;604676;604677;604678;604679;604690;604695;604696;604698;604699;604700;604701;604706;604707;604708;604709;604710;604711;604717;604718;604719;604720;604721;604722;604723,604446;604461;604476;604491;604506;604520;604534;604548;604555;604562;604569;604576;604584;604592;604600;604608;604616;604624;604631;604638;604645;604652;604662;604672;604682;604693;604704;604715,0.1865594263898176
10485,gdsc:1032:2uM,605406,9609,124,1032,2.0,26080.0,31311.345454545455,743.6785714285714,scan:9609:NC-1+B,605399;605402;605403;605404;605407;605408;605409;605417;605418;605419;605422;605423;605424;605429;605432;605433;605434;605437;605438;605439;605444;605459;605462;605463;605464;605468;605473;605476;605477;605478;605481;605482;605487;605490;605491;605492;605495;605496;605501;605502;605503;605509;605510;605517;605530;605531;605538;605539;605540;605545;605546;605547;605548;605553;605554;605555;605556;605561;605562;605563;605564;605570;605571;605572;605584;605586;605591;605592;605593;605598;605599;605600;605605;605606;605607;605608;605609;605610;605615;605616;605617;605618;605619;605620;605625;605626;605627;605628;605629;605630;605641;605646;605647;605649;605650;605651;605652;605657;605658;605659;605660;605661;605662;605668;605669;605670;605671;605672;605673;605674,605397;605412;605427;605442;605457;605471;605485;605499;605506;605513;605520;605527;605535;605543;605551;605559;605567;605575;605582;605589;605596;605603;605613;605623;605633;605644;605655;605666,0.17113983460199345
10485,gdsc:1036:10uM,605405,9609,123,1036,10.0,24686.0,31311.345454545455,743.6785714285714,scan:9609:NC-1+B,605399;605402;605403;605404;605407;605408;605409;605417;605418;605419;605422;605423;605424;605429;605432;605433;605434;605437;605438;605439;605444;605459;605462;605463;605464;605468;605473;605476;605477;605478;605481;605482;605487;605490;605491;605492;605495;605496;605501;605502;605503;605509;605510;605517;605530;605531;605538;605539;605540;605545;605546;605547;605548;605553;605554;605555;605556;605561;605562;605563;605564;605570;605571;605572;605584;605586;605591;605592;605593;605598;605599;605600;605605;605606;605607;605608;605609;605610;605615;605616;605617;605618;605619;605620;605625;605626;605627;605628;605629;605630;605641;605646;605647;605649;605650;605651;605652;605657;605658;605659;605660;605661;605662;605668;605669;605670;605671;605672;605673;605674,605397;605412;605427;605442;605457;605471;605485;605499;605506;605513;605520;605527;605535;605543;605551;605559;605567;605575;605582;605589;605596;605603;605613;605623;605633;605644;605655;605666,0.21674357679567502
10485,gdsc:1060:0.25uM,605401,9609,101,1060,0.25,36235.0,31311.345454545455,743.6785714285714,scan:9609:NC-1+B,605399;605402;605403;605404;605407;605408;605409;605417;605418;605419;605422;605423;605424;605429;605432;605433;605434;605437;605438;605439;605444;605459;605462;605463;605464;605468;605473;605476;605477;605478;605481;605482;605487;605490;605491;605492;605495;605496;605501;605502;605503;605509;605510;605517;605530;605531;605538;605539;605540;605545;605546;605547;605548;605553;605554;605555;605556;605561;605562;605563;605564;605570;605571;605572;605584;605586;605591;605592;605593;605598;605599;605600;605605;605606;605607;605608;605609;605610;605615;605616;605617;605618;605619;605620;605625;605626;605627;605628;605629;605630;605641;605646;605647;605649;605650;605651;605652;605657;605658;605659;605660;605661;605662;605668;605669;605670;605671;605672;605673;605674,605397;605412;605427;605442;605457;605471;605485;605499;605506;605513;605520;605527;605535;605543;605551;605559;605567;605575;605582;605589;605596;605603;605613;605623;605633;605644;605655;605666,-0.16107394013031384
10488,gdsc:1032:2uM,606357,9611,124,1032,2.0,78860.0,87893.17272727273,1496.7857142857142,scan:9611:NC-1+B,606350;606353;606354;606355;606358;606359;606360;606368;606369;606370;606373;606374;606375;606380;606383;606384;606385;606388;606389;606390;606395;606410;606413;606414;606415;606419;606424;606427;606428;606429;606432;606433;606438;606441;606442;606443;606446;606447;606452;606453;606454;606460;606461;606468;606481;606482;606489;606490;606491;606496;606497;606498;606499;606504;606505;606506;606507;606512;606513;606514;606515;606521;606522;606523;606535;606537;606542;606543;606544;606549;606550;606551;606556;606557;606558;606559;606560;606561;606566;606567;606568;606569;606570;606571;606576;606577;606578;606579;606580;606581;606592;606597;606598;606600;606601;606602;606603;606608;606609;606610;606611;606612;606613;606619;606620;606621;606622;606623;606624;606625,606348;606363;606378;606393;606408;606422;606436;606450;606457;606464;606471;606478;606486;606494;606502;606510;606518;606526;606533;606540;606547;606554;606564;606574;606584;606595;606606;606617,0.10455498244289863
10488,gdsc:1036:10uM,606356,9611,123,1036,10.0,69895.0,87893.17272727273,1496.7857142857142,scan:9611:NC-1+B,606350;606353;606354;606355;606358;606359;606360;606368;606369;606370;606373;606374;606375;606380;606383;606384;606385;606388;606389;606390;606395;606410;606413;606414;606415;606419;606424;606427;606428;606429;606432;606433;606438;606441;606442;606443;606446;606447;606452;606453;606454;606460;606461;606468;606481;606482;606489;606490;606491;606496;606497;606498;606499;606504;606505;606506;606507;606512;606513;606514;606515;606521;606522;606523;606535;606537;606542;606543;606544;606549;606550;606551;606556;606557;606558;606559;606560;606561;606566;606567;606568;606569;606570;606571;606576;606577;606578;606579;606580;606581;606592;606597;606598;606600;606601;606602;606603;606608;606609;606610;606611;606612;606613;606619;606620;606621;606622;606623;606624;606625,606348;606363;606378;606393;606408;606422;606436;606450;606457;606464;606471;606478;606486;606494;606502;606510;606518;606526;606533;606540;606547;606554;606564;606574;606584;606595;606606;606617,0.2083208956940209
10488,gdsc:1060:0.25uM,606352,9611,101,1060,0.25,89818.0,87893.17272727273,1496.7857142857142,scan:9611:NC-1+B,606350;606353;606354;606355;606358;606359;606360;606368;606369;606370;606373;606374;606375;606380;606383;606384;606385;606388;606389;606390;606395;606410;606413;606414;606415;606419;606424;606427;606428;606429;606432;606433;606438;606441;606442;606443;606446;606447;606452;606453;606454;606460;606461;606468;606481;606482;606489;606490;606491;606496;606497;606498;606499;606504;606505;606506;606507;606512;606513;606514;606515;606521;606522;606523;606535;606537;606542;606543;606544;606549;606550;606551;606556;606557;606558;606559;606560;606561;606566;606567;606568;606569;606570;606571;606576;606577;606578;606579;606580;606581;606592;606597;606598;606600;606601;606602;606603;606608;606609;606610;606611;606612;606613;606619;606620;606621;606622;606623;606624;606625,606348;606363;606378;606393;606408;606422;606436;606450;606457;606464;606471;606478;606486;606494;606502;606510;606518;606526;606533;606540;606547;606554;606564;606574;606584;606595;606606;606617,-0.022279025075874204
10491,gdsc:1032:2uM,607308,9613,124,1032,2.0,29465.0,30732.572727272727,743.0357142857143,scan:9613:NC-1+B,607301;607304;607305;607306;607309;607310;607311;607319;607320;607321;607324;607325;607326;607331;607334;607335;607336;607339;607340;607341;607346;607361;607364;607365;607366;607370;607375;607378;607379;607380;607383;607384;607389;607392;607393;607394;607397;607398;607403;607404;607405;607411;607412;607419;607432;607433;607440;607441;607442;607447;607448;607449;607450;607455;607456;607457;607458;607463;607464;607465;607466;607472;607473;607474;607486;607488;607493;607494;607495;607500;607501;607502;607507;607508;607509;607510;607511;607512;607517;607518;607519;607520;607521;607522;607527;607528;607529;607530;607531;607532;607543;607548;607549;607551;607552;607553;607554;607559;607560;607561;607562;607563;607564;607570;607571;607572;607573;607574;607575;607576,607299;607314;607329;607344;607359;607373;607387;607401;607408;607415;607422;607429;607437;607445;607453;607461;607469;607477;607484;607491;607498;607505;607515;607525;607535;607546;607557;607568,0.04226716560258348
10491,gdsc:1036:10uM,607307,9613,123,1036,10.0,35240.0,30732.572727272727,743.0357142857143,scan:9613:NC-1+B,607301;607304;607305;607306;607309;607310;607311;607319;607320;607321;607324;607325;607326;607331;607334;607335;607336;607339;607340;607341;607346;607361;607364;607365;607366;607370;607375;607378;607379;607380;607383;607384;607389;607392;607393;607394;607397;607398;607403;607404;607405;607411;607412;607419;607432;607433;607440;607441;607442;607447;607448;607449;607450;607455;607456;607457;607458;607463;607464;607465;607466;607472;607473;607474;607486;607488;607493;607494;607495;607500;607501;607502;607507;607508;607509;607510;607511;607512;607517;607518;607519;607520;607521;607522;607527;607528;607529;607530;607531;607532;607543;607548;607549;607551;607552;607553;607554;607559;607560;607561;607562;607563;607564;607570;607571;607572;607573;607574;607575;607576,607299;607314;607329;607344;607359;607373;607387;607401;607408;607415;607422;607429;607437;607445;607453;607461;607469;607477;607484;607491;607498;607505;607515;607525;607535;607546;607557;607568,-0.1502999953208788
10491,gdsc:1060:0.25uM,607303,9613,101,1060,0.25,29664.0,30732.572727272727,743.0357142857143,scan:9613:NC-1+B,607301;607304;607305;607306;607309;607310;607311;607319;607320;607321;607324;607325;607326;607331;607334;607335;607336;607339;607340;607341;607346;607361;607364;607365;607366;607370;607375;607378;607379;607380;607383;607384;607389;607392;607393;607394;607397;607398;607403;607404;607405;607411;607412;607419;607432;607433;607440;607441;607442;607447;607448;607449;607450;607455;607456;607457;607458;607463;607464;607465;607466;607472;607473;607474;607486;607488;607493;607494;607495;607500;607501;607502;607507;607508;607509;607510;607511;607512;607517;607518;607519;607520;607521;607522;607527;607528;607529;607530;607531;607532;607543;607548;607549;607551;607552;607553;607554;607559;607560;607561;607562;607563;607564;607570;607571;607572;607573;607574;607575;607576,607299;607314;607329;607344;607359;607373;607387;607401;607408;607415;607422;607429;607437;607445;607453;607461;607469;607477;607484;607491;607498;607505;607515;607525;607535;607546;607557;607568,0.03563151797941999
10493,gdsc:1032:2uM,607780,9614,124,1032,2.0,25084.0,26753.345454545455,319.82142857142856,scan:9614:NC-1+B,607773;607776;607777;607778;607781;607782;607783;607791;607792;607793;607796;607797;607798;607803;607806;607807;607808;607811;607812;607813;607818;607833;607836;607837;607838;607842;607847;607850;607851;607852;607855;607856;607861;607864;607865;607866;607869;607870;607875;607876;607877;607883;607884;607891;607904;607905;607912;607913;607914;607919;607920;607921;607922;607927;607928;607929;607930;607935;607936;607937;607938;607944;607945;607946;607958;607960;607965;607966;607967;607972;607973;607974;607979;607980;607981;607982;607983;607984;607989;607990;607991;607992;607993;607994;607999;608000;608001;608002;608003;608004;608015;608020;608021;608023;608024;608025;608026;608031;608032;608033;608034;608035;608036;608042;608043;608044;608045;608046;608047;608048,607771;607786;607801;607816;607831;607845;607859;607873;607880;607887;607894;607901;607909;607917;607925;607933;607941;607949;607956;607963;607970;607977;607987;607997;608007;608018;608029;608040,0.06315258808871371
10493,gdsc:1036:10uM,607779,9614,123,1036,10.0,26876.0,26753.345454545455,319.82142857142856,scan:9614:NC-1+B,607773;607776;607777;607778;607781;607782;607783;607791;607792;607793;607796;607797;607798;607803;607806;607807;607808;607811;607812;607813;607818;607833;607836;607837;607838;607842;607847;607850;607851;607852;607855;607856;607861;607864;607865;607866;607869;607870;607875;607876;607877;607883;607884;607891;607904;607905;607912;607913;607914;607919;607920;607921;607922;607927;607928;607929;607930;607935;607936;607937;607938;607944;607945;607946;607958;607960;607965;607966;607967;607972;607973;607974;607979;607980;607981;607982;607983;607984;607989;607990;607991;607992;607993;607994;607999;608000;608001;608002;608003;608004;608015;608020;608021;608023;608024;608025;608026;608031;608032;608033;608034;608035;608036;608042;608043;608044;608045;608046;608047;608048,607771;607786;607801;607816;607831;607845;607859;607873;607880;607887;607894;607901;607909;607917;607925;607933;607941;607949;607956;607963;607970;607977;607987;607997;608007;608018;608029;608040,-0.004640113264278378
10493,gdsc:1060:0.25uM,607775,9614,101,1060,0.25,24885.0,26753.345454545455,319.82142857142856,scan:9614:NC-1+B,607773;607776;607777;607778;607781;607782;607783;607791;607792;607793;607796;607797;607798;607803;607806;607807;607808;607811;607812;607813;607818;607833;607836;607837;607838;607842;607847;607850;607851;607852;607855;607856;607861;607864;607865;607866;607869;607870;607875;607876;607877;607883;607884;607891;607904;607905;607912;607913;607914;607919;607920;607921;607922;607927;607928;607929;607930;607935;607936;607937;607938;607944;607945;607946;607958;607960;607965;607966;607967;607972;607973;607974;607979;607980;607981;607982;607983;607984;607989;607990;607991;607992;607993;607994;607999;608000;608001;608002;608003;608004;608015;608020;608021;608023;608024;608025;608026;608031;608032;608033;608034;608035;608036;608042;608043;608044;608045;608046;608047;608048,607771;607786;607801;607816;607831;607845;607859;607873;607880;607887;607894;607901;607909;607917;607925;607933;607941;607949;607956;607963;607970;607977;607987;607997;608007;608018;608029;608040,0.07068090704476582
10500,gdsc:1032:2uM,608731,9616,124,1032,2.0,21102.0,27770.636363636364,662.2857142857143,scan:9616:NC-1+B,608724;608727;608728;608729;608732;608733;608734;608742;608743;608744;608747;608748;608749;608754;608757;608758;608759;608762;608763;608764;608769;608784;608787;608788;608789;608793;608798;608801;608802;608803;608806;608807;608812;608815;608816;608817;608820;608821;608826;608827;608828;608834;608835;608842;608855;608856;608863;608864;608865;608870;608871;608872;608873;608878;608879;608880;608881;608886;608887;608888;608889;608895;608896;608897;608909;608911;608916;608917;608918;608923;608924;608925;608930;608931;608932;608933;608934;608935;608940;608941;608942;608943;608944;608945;608950;608951;608952;608953;608954;608955;608966;608971;608972;608974;608975;608976;608977;608982;608983;608984;608985;608986;608987;608993;608994;608995;608996;608997;608998;608999,608722;608737;608752;608767;608782;608796;608810;608824;608831;608838;608845;608852;608860;608868;608876;608884;608892;608900;608907;608914;608921;608928;608938;608948;608958;608969;608980;608991,0.24599933983058841
10500,gdsc:1036:10uM,608730,9616,123,1036,10.0,16324.0,27770.636363636364,662.2857142857143,scan:9616:NC-1+B,608724;608727;608728;608729;608732;608733;608734;608742;608743;608744;608747;608748;608749;608754;608757;608758;608759;608762;608763;608764;608769;608784;608787;608788;608789;608793;608798;608801;608802;608803;608806;608807;608812;608815;608816;608817;608820;608821;608826;608827;608828;608834;608835;608842;608855;608856;608863;608864;608865;608870;608871;608872;608873;608878;608879;608880;608881;608886;608887;608888;608889;608895;608896;608897;608909;608911;608916;608917;608918;608923;608924;608925;608930;608931;608932;608933;608934;608935;608940;608941;608942;608943;608944;608945;608950;608951;608952;608953;608954;608955;608966;608971;608972;608974;608975;608976;608977;608982;608983;608984;608985;608986;608987;608993;608994;608995;608996;608997;608998;608999,608722;608737;608752;608767;608782;608796;608810;608824;608831;608838;608845;608852;608860;608868;608876;608884;608892;608900;608907;608914;608921;608928;608938;608948;608958;608969;608980;608991,0.4222549911538257
10500,gdsc:1060:0.25uM,608726,9616,101,1060,0.25,27275.0,27770.636363636364,662.2857142857143,scan:9616:NC-1+B,608724;608727;608728;608729;608732;608733;608734;608742;608743;608744;608747;608748;608749;608754;608757;608758;608759;608762;608763;608764;608769;608784;608787;608788;608789;608793;608798;608801;608802;608803;608806;608807;608812;608815;608816;608817;608820;608821;608826;608827;608828;608834;608835;608842;608855;608856;608863;608864;608865;608870;608871;608872;608873;608878;608879;608880;608881;608886;608887;608888;608889;608895;608896;608897;608909;608911;608916;608917;608918;608923;608924;608925;608930;608931;608932;608933;608934;608935;608940;608941;608942;608943;608944;608945;608950;608951;608952;608953;608954;608955;608966;608971;608972;608974;608975;608976;608977;608982;608983;608984;608985;608986;608987;608993;608994;608995;608996;608997;608998;608999,608722;608737;608752;608767;608782;608796;608810;608824;608831;608838;608845;608852;608860;608868;608876;608884;608892;608900;608907;608914;608921;608928;608938;608948;608958;608969;608980;608991,0.01828353078530942
10503,gdsc:1032:2uM,609682,9618,124,1032,2.0,26279.0,42289.11818181818,977.0,scan:9618:NC-1+B,609675;609678;609679;609680;609683;609684;609685;609693;609694;609695;609698;609699;609700;609705;609708;609709;609710;609713;609714;609715;609720;609735;609738;609739;609740;609744;609749;609752;609753;609754;609757;609758;609763;609766;609767;609768;609771;609772;609777;609778;609779;609785;609786;609793;609806;609807;609814;609815;609816;609821;609822;609823;609824;609829;609830;609831;609832;609837;609838;609839;609840;609846;609847;609848;609860;609862;609867;609868;609869;609874;609875;609876;609881;609882;609883;609884;609885;609886;609891;609892;609893;609894;609895;609896;609901;609902;609903;609904;609905;609906;609917;609922;609923;609925;609926;609927;609928;609933;609934;609935;609936;609937;609938;609944;609945;609946;609947;609948;609949;609950,609673;609688;609703;609718;609733;609747;609761;609775;609782;609789;609796;609803;609811;609819;609827;609835;609843;609851;609858;609865;609872;609879;609889;609899;609909;609920;609931;609942,0.3875404817384641
10503,gdsc:1036:10uM,609681,9618,123,1036,10.0,33646.0,42289.11818181818,977.0,scan:9618:NC-1+B,609675;609678;609679;609680;609683;609684;609685;609693;609694;609695;609698;609699;609700;609705;609708;609709;609710;609713;609714;609715;609720;609735;609738;609739;609740;609744;609749;609752;609753;609754;609757;609758;609763;609766;609767;609768;609771;609772;609777;609778;609779;609785;609786;609793;609806;609807;609814;609815;609816;609821;609822;609823;609824;609829;609830;609831;609832;609837;609838;609839;609840;609846;609847;609848;609860;609862;609867;609868;609869;609874;609875;609876;609881;609882;609883;609884;609885;609886;609891;609892;609893;609894;609895;609896;609901;609902;609903;609904;609905;609906;609917;609922;609923;609925;609926;609927;609928;609933;609934;609935;609936;609937;609938;609944;609945;609946;609947;609948;609949;609950,609673;609688;609703;609718;609733;609747;609761;609775;609782;609789;609796;609803;609811;609819;609827;609835;609843;609851;609858;609865;609872;609879;609889;609899;609909;609920;609931;609942,0.20921508172926584
10503,gdsc:1060:0.25uM,609677,9618,101,1060,0.25,31456.0,42289.11818181818,977.0,scan:9618:NC-1+B,609675;609678;609679;609680;609683;609684;609685;609693;609694;609695;609698;609699;609700;609705;609708;609709;609710;609713;609714;609715;609720;609735;609738;609739;609740;609744;609749;609752;609753;609754;609757;609758;609763;609766;609767;609768;609771;609772;609777;609778;609779;609785;609786;609793;609806;609807;609814;609815;609816;609821;609822;609823;609824;609829;609830;609831;609832;609837;609838;609839;609840;609846;609847;609848;609860;609862;609867;609868;609869;609874;609875;609876;609881;609882;609883;609884;609885;609886;609891;609892;609893;609894;609895;609896;609901;609902;609903;609904;609905;609906;609917;609922;609923;609925;609926;609927;609928;609933;609934;609935;609936;609937;609938;609944;609945;609946;609947;609948;609949;609950,609673;609688;609703;609718;609733;609747;609761;609775;609782;609789;609796;609803;609811;609819;609827;609835;609843;609851;609858;609865;609872;609879;609889;609899;609909;609920;609931;609942,0.2622261616831336
10514,gdsc:1032:2uM,611112,9667,124,1032,2.0,25084.0,32080.69090909091,752.7142857142857,scan:9667:NC-1+B,611105;611108;611109;611110;611113;611114;611115;611123;611124;611125;611128;611129;611130;611135;611138;611139;611140;611143;611144;611145;611150;611165;611168;611169;611170;611174;611179;611182;611183;611184;611187;611188;611193;611196;611197;611198;611201;611202;611207;611208;611209;611215;611216;611223;611236;611237;611244;611245;611246;611251;611252;611253;611254;611259;611260;611261;611262;611267;611268;611269;611270;611276;611277;611278;611290;611292;611297;611298;611299;611304;611305;611306;611311;611312;611313;611314;611315;611316;611321;611322;611323;611324;611325;611326;611331;611332;611333;611334;611335;611336;611347;611352;611353;611355;611356;611357;611358;611363;611364;611365;611366;611367;611368;611374;611375;611376;611377;611378;611379;611380,611103;611118;611133;611148;611163;611177;611191;611205;611212;611219;611226;611233;611241;611249;611257;611265;611273;611281;611288;611295;611302;611309;611319;611329;611339;611350;611361;611372,0.22333682743717476
10514,gdsc:1036:10uM,611111,9667,123,1036,10.0,23093.0,32080.69090909091,752.7142857142857,scan:9667:NC-1+B,611105;611108;611109;611110;611113;611114;611115;611123;611124;611125;611128;611129;611130;611135;611138;611139;611140;611143;611144;611145;611150;611165;611168;611169;611170;611174;611179;611182;611183;611184;611187;611188;611193;611196;611197;611198;611201;611202;611207;611208;611209;611215;611216;611223;611236;611237;611244;611245;611246;611251;611252;611253;611254;611259;611260;611261;611262;611267;611268;611269;611270;611276;611277;611278;611290;611292;611297;611298;611299;611304;611305;611306;611311;611312;611313;611314;611315;611316;611321;611322;611323;611324;611325;611326;611331;611332;611333;611334;611335;611336;611347;611352;611353;611355;611356;611357;611358;611363;611364;611365;611366;611367;611368;611374;611375;611376;611377;611378;611379;611380,611103;611118;611133;611148;611163;611177;611191;611205;611212;611219;611226;611233;611241;611249;611257;611265;611273;611281;611288;611295;611302;611309;611319;611329;611339;611350;611361;611372,0.2868902456465824
10514,gdsc:1060:0.25uM,611107,9667,101,1060,0.25,29863.0,32080.69090909091,752.7142857142857,scan:9667:NC-1+B,611105;611108;611109;611110;611113;611114;611115;611123;611124;611125;611128;611129;611130;611135;611138;611139;611140;611143;611144;611145;611150;611165;611168;611169;611170;611174;611179;611182;611183;611184;611187;611188;611193;611196;611197;611198;611201;611202;611207;611208;611209;611215;611216;611223;611236;611237;611244;611245;611246;611251;611252;611253;611254;611259;611260;611261;611262;611267;611268;611269;611270;611276;611277;611278;611290;611292;611297;611298;611299;611304;611305;611306;611311;611312;611313;611314;611315;611316;611321;611322;611323;611324;611325;611326;611331;611332;611333;611334;611335;611336;611347;611352;611353;611355;611356;611357;611358;611363;611364;611365;611366;611367;611368;611374;611375;611376;611377;611378;611379;611380,611103;611118;611133;611148;611163;611177;611191;611205;611212;611219;611226;611233;611241;611249;611257;611265;611273;611281;611288;611295;611302;611309;611319;611329;611339;611350;611361;611372,0.0707894715241868
10517,gdsc:1032:2uM,612063,9669,124,1032,2.0,27075.0,45828.527272727275,1220.142857142857,scan:9669:NC-1+B,612056;612059;612060;612061;612064;612065;612066;612074;612075;612076;612079;612080;612081;612086;612089;612090;612091;612094;612095;612096;612101;612116;612119;612120;612121;612125;612130;612133;612134;612135;612138;612139;612144;612147;612148;612149;612152;612153;612158;612159;612160;612166;612167;612174;612187;612188;612195;612196;612197;612202;612203;612204;612205;612210;612211;612212;612213;612218;612219;612220;612221;612227;612228;612229;612241;612243;612248;612249;612250;612255;612256;612257;612262;612263;612264;612265;612266;612267;612272;612273;612274;612275;612276;612277;612282;612283;612284;612285;612286;612287;612298;612303;612304;612306;612307;612308;612309;612314;612315;612316;612317;612318;612319;612325;612326;612327;612328;612329;612330;612331,612054;612069;612084;612099;612114;612128;612142;612156;612163;612170;612177;612184;612192;612200;612208;612216;612224;612232;612239;612246;612253;612260;612270;612280;612290;612301;612312;612323,0.4204036420152336
10517,gdsc:1036:10uM,612062,9669,123,1036,10.0,38027.0,45828.527272727275,1220.142857142857,scan:9669:NC-1+B,612056;612059;612060;612061;612064;612065;612066;612074;612075;612076;612079;612080;612081;612086;612089;612090;612091;612094;612095;612096;612101;612116;612119;612120;612121;612125;612130;612133;612134;612135;612138;612139;612144;612147;612148;612149;612152;612153;612158;612159;612160;612166;612167;612174;612187;612188;612195;612196;612197;612202;612203;612204;612205;612210;612211;612212;612213;612218;612219;612220;612221;612227;612228;612229;612241;612243;612248;612249;612250;612255;612256;612257;612262;612263;612264;612265;612266;612267;612272;612273;612274;612275;612276;612277;612282;612283;612284;612285;612286;612287;612298;612303;612304;612306;612307;612308;612309;612314;612315;612316;612317;612318;612319;612325;612326;612327;612328;612329;612330;612331,612054;612069;612084;612099;612114;612128;612142;612156;612163;612170;612177;612184;612192;612200;612208;612216;612224;612232;612239;612246;612253;612260;612270;612280;612290;612301;612312;612323,0.17488925848661152
10517,gdsc:1060:0.25uM,612058,9669,101,1060,0.25,30660.0,45828.527272727275,1220.142857142857,scan:9669:NC-1+B,612056;612059;612060;612061;612064;612065;612066;612074;612075;612076;612079;612080;612081;612086;612089;612090;612091;612094;612095;612096;612101;612116;612119;612120;612121;612125;612130;612133;612134;612135;612138;612139;612144;612147;612148;612149;612152;612153;612158;612159;612160;612166;612167;612174;612187;612188;612195;612196;612197;612202;612203;612204;612205;612210;612211;612212;612213;612218;612219;612220;612221;612227;612228;612229;612241;612243;612248;612249;612250;612255;612256;612257;612262;612263;612264;612265;612266;612267;612272;612273;612274;612275;612276;612277;612282;612283;612284;612285;612286;612287;612298;612303;612304;612306;612307;612308;612309;612314;612315;612316;612317;612318;612319;612325;612326;612327;612328;612329;612330;612331,612054;612069;612084;612099;612114;612128;612142;612156;612163;612170;612177;612184;612192;612200;612208;612216;612224;612232;612239;612246;612253;612260;612270;612280;612290;612301;612312;612323,0.3400375842221264
10523,gdsc:1032:2uM,613014,9673,124,1032,2.0,5773.0,34806.94545454546,949.8214285714286,scan:9673:NC-1+B,613007;613010;613011;613012;613015;613016;613017;613025;613026;613027;613030;613031;613032;613037;613040;613041;613042;613045;613046;613047;613052;613067;613070;613071;613072;613076;613081;613084;613085;613086;613089;613090;613095;613098;613099;613100;613103;613104;613109;613110;613111;613117;613118;613125;613138;613139;613146;613147;613148;613153;613154;613155;613156;613161;613162;613163;613164;613169;613170;613171;613172;613178;613179;613180;613192;613194;613199;613200;613201;613206;613207;613208;613213;613214;613215;613216;613217;613218;613223;613224;613225;613226;613227;613228;613233;613234;613235;613236;613237;613238;613249;613254;613255;613257;613258;613259;613260;613265;613266;613267;613268;613269;613270;613276;613277;613278;613279;613280;613281;613282,613005;613020;613035;613050;613065;613079;613093;613107;613114;613121;613128;613135;613143;613151;613159;613167;613175;613183;613190;613197;613204;613211;613221;613231;613241;613252;613263;613274,0.8575431697113909
10523,gdsc:1036:10uM,613013,9673,123,1036,10.0,30261.0,34806.94545454546,949.8214285714286,scan:9673:NC-1+B,613007;613010;613011;613012;613015;613016;613017;613025;613026;613027;613030;613031;613032;613037;613040;613041;613042;613045;613046;613047;613052;613067;613070;613071;613072;613076;613081;613084;613085;613086;613089;613090;613095;613098;613099;613100;613103;613104;613109;613110;613111;613117;613118;613125;613138;613139;613146;613147;613148;613153;613154;613155;613156;613161;613162;613163;613164;613169;613170;613171;613172;613178;613179;613180;613192;613194;613199;613200;613201;613206;613207;613208;613213;613214;613215;613216;613217;613218;613223;613224;613225;613226;613227;613228;613233;613234;613235;613236;613237;613238;613249;613254;613255;613257;613258;613259;613260;613265;613266;613267;613268;613269;613270;613276;613277;613278;613279;613280;613281;613282,613005;613020;613035;613050;613065;613079;613093;613107;613114;613121;613128;613135;613143;613151;613159;613167;613175;613183;613190;613197;613204;613211;613221;613231;613241;613252;613263;613274,0.13426850582636507
10523,gdsc:1060:0.25uM,613009,9673,101,1060,0.25,24089.0,34806.94545454546,949.8214285714286,scan:9673:NC-1+B,613007;613010;613011;613012;613015;613016;613017;613025;613026;613027;613030;613031;613032;613037;613040;613041;613042;613045;613046;613047;613052;613067;613070;613071;613072;613076;613081;613084;613085;613086;613089;613090;613095;613098;613099;613100;613103;613104;613109;613110;613111;613117;613118;613125;613138;613139;613146;613147;613148;613153;613154;613155;613156;613161;613162;613163;613164;613169;613170;613171;613172;613178;613179;613180;613192;613194;613199;613200;613201;613206;613207;613208;613213;613214;613215;613216;613217;613218;613223;613224;613225;613226;613227;613228;613233;613234;613235;613236;613237;613238;613249;613254;613255;613257;613258;613259;613260;613265;613266;613267;613268;613269;613270;613276;613277;613278;613279;613280;613281;613282,613005;613020;613035;613050;613065;613079;613093;613107;613114;613121;613128;613135;613143;613151;613159;613167;613175;613183;613190;613197;613204;613211;613221;613231;613241;613252;613263;613274,0.3165639658679519
10529,gdsc:1032:2uM,613486,9675,124,1032,2.0,27673.0,31070.70909090909,573.75,scan:9675:NC-1+B,613479;613482;613483;613484;613487;613488;613489;613497;613498;613499;613502;613503;613504;613509;613512;613513;613514;613517;613518;613519;613524;613539;613542;613543;613544;613548;613553;613556;613557;613558;613561;613562;613567;613570;613571;613572;613575;613576;613581;613582;613583;613589;613590;613597;613610;613611;613618;613619;613620;613625;613626;613627;613628;613633;613634;613635;613636;613641;613642;613643;613644;613650;613651;613652;613664;613666;613671;613672;613673;613678;613679;613680;613685;613686;613687;613688;613689;613690;613695;613696;613697;613698;613699;613700;613705;613706;613707;613708;613709;613710;613721;613726;613727;613729;613730;613731;613732;613737;613738;613739;613740;613741;613742;613748;613749;613750;613751;613752;613753;613754,613477;613492;613507;613522;613537;613551;613565;613579;613586;613593;613600;613607;613615;613623;613631;613639;613647;613655;613662;613669;613676;613683;613693;613703;613713;613724;613735;613746,0.11141140599562016
10529,gdsc:1036:10uM,613485,9675,123,1036,10.0,22695.0,31070.70909090909,573.75,scan:9675:NC-1+B,613479;613482;613483;613484;613487;613488;613489;613497;613498;613499;613502;613503;613504;613509;613512;613513;613514;613517;613518;613519;613524;613539;613542;613543;613544;613548;613553;613556;613557;613558;613561;613562;613567;613570;613571;613572;613575;613576;613581;613582;613583;613589;613590;613597;613610;613611;613618;613619;613620;613625;613626;613627;613628;613633;613634;613635;613636;613641;613642;613643;613644;613650;613651;613652;613664;613666;613671;613672;613673;613678;613679;613680;613685;613686;613687;613688;613689;613690;613695;613696;613697;613698;613699;613700;613705;613706;613707;613708;613709;613710;613721;613726;613727;613729;613730;613731;613732;613737;613738;613739;613740;613741;613742;613748;613749;613750;613751;613752;613753;613754,613477;613492;613507;613522;613537;613551;613565;613579;613586;613593;613600;613607;613615;613623;613631;613639;613647;613655;613662;613669;613676;613683;613693;613703;613713;613724;613735;613746,0.27464079503604755
10529,gdsc:1060:0.25uM,613481,9675,101,1060,0.25,27275.0,31070.70909090909,573.75,scan:9675:NC-1+B,613479;613482;613483;613484;613487;613488;613489;613497;613498;613499;613502;613503;613504;613509;613512;613513;613514;613517;613518;613519;613524;613539;613542;613543;613544;613548;613553;613556;613557;613558;613561;613562;613567;613570;613571;613572;613575;613576;613581;613582;613583;613589;613590;613597;613610;613611;613618;613619;613620;613625;613626;613627;613628;613633;613634;613635;613636;613641;613642;613643;613644;613650;613651;613652;613664;613666;613671;613672;613673;613678;613679;613680;613685;613686;613687;613688;613689;613690;613695;613696;613697;613698;613699;613700;613705;613706;613707;613708;613709;613710;613721;613726;613727;613729;613730;613731;613732;613737;613738;613739;613740;613741;613742;613748;613749;613750;613751;613752;613753;613754,613477;613492;613507;613522;613537;613551;613565;613579;613586;613593;613600;613607;613615;613623;613631;613639;613647;613655;613662;613669;613676;613683;613693;613703;613713;613724;613735;613746,0.12446188748177722
10532,gdsc:1032:2uM,614437,9677,124,1032,2.0,21899.0,41418.30909090909,903.9642857142857,scan:9677:NC-1+B,614430;614433;614434;614435;614438;614439;614440;614448;614449;614450;614453;614454;614455;614460;614463;614464;614465;614468;614469;614470;614475;614490;614493;614494;614495;614499;614504;614507;614508;614509;614512;614513;614518;614521;614522;614523;614526;614527;614532;614533;614534;614540;614541;614548;614561;614562;614569;614570;614571;614576;614577;614578;614579;614584;614585;614586;614587;614592;614593;614594;614595;614601;614602;614603;614615;614617;614622;614623;614624;614629;614630;614631;614636;614637;614638;614639;614640;614641;614646;614647;614648;614649;614650;614651;614656;614657;614658;614659;614660;614661;614672;614677;614678;614680;614681;614682;614683;614688;614689;614690;614691;614692;614693;614699;614700;614701;614702;614703;614704;614705,614428;614443;614458;614473;614488;614502;614516;614530;614537;614544;614551;614558;614566;614574;614582;614590;614598;614606;614613;614620;614627;614634;614644;614654;614664;614675;614686;614697,0.4817876034960906
10532,gdsc:1036:10uM,614436,9677,123,1036,10.0,35439.0,41418.30909090909,903.9642857142857,scan:9677:NC-1+B,614430;614433;614434;614435;614438;614439;614440;614448;614449;614450;614453;614454;614455;614460;614463;614464;614465;614468;614469;614470;614475;614490;614493;614494;614495;614499;614504;614507;614508;614509;614512;614513;614518;614521;614522;614523;614526;614527;614532;614533;614534;614540;614541;614548;614561;614562;614569;614570;614571;614576;614577;614578;614579;614584;614585;614586;614587;614592;614593;614594;614595;614601;614602;614603;614615;614617;614622;614623;614624;614629;614630;614631;614636;614637;614638;614639;614640;614641;614646;614647;614648;614649;614650;614651;614656;614657;614658;614659;614660;614661;614672;614677;614678;614680;614681;614682;614683;614688;614689;614690;614691;614692;614693;614699;614700;614701;614702;614703;614704;614705,614428;614443;614458;614473;614488;614502;614516;614530;614537;614544;614551;614558;614566;614574;614582;614590;614598;614606;614613;614620;614627;614634;614644;614654;614664;614675;614686;614697,0.14758498797547914
10532,gdsc:1060:0.25uM,614432,9677,101,1060,0.25,18514.0,41418.30909090909,903.9642857142857,scan:9677:NC-1+B,614430;614433;614434;614435;614438;614439;614440;614448;614449;614450;614453;614454;614455;614460;614463;614464;614465;614468;614469;614470;614475;614490;614493;614494;614495;614499;614504;614507;614508;614509;614512;614513;614518;614521;614522;614523;614526;614527;614532;614533;614534;614540;614541;614548;614561;614562;614569;614570;614571;614576;614577;614578;614579;614584;614585;614586;614587;614592;614593;614594;614595;614601;614602;614603;614615;614617;614622;614623;614624;614629;614630;614631;614636;614637;614638;614639;614640;614641;614646;614647;614648;614649;614650;614651;614656;614657;614658;614659;614660;614661;614672;614677;614678;614680;614681;614682;614683;614688;614689;614690;614691;614692;614693;614699;614700;614701;614702;614703;614704;614705,614428;614443;614458;614473;614488;614502;614516;614530;614537;614544;614551;614558;614566;614574;614582;614590;614598;614606;614613;614620;614627;614634;614644;614654;614664;614675;614686;614697,0.5653382573762434
10537,gdsc:1032:2uM,615388,9679,124,1032,2.0,29266.0,45160.527272727275,876.1428571428571,scan:9679:NC-1+B,615381;615384;615385;615386;615389;615390;615391;615399;615400;615401;615404;615405;615406;615411;615414;615415;615416;615419;615420;615421;615426;615441;615444;615445;615446;615450;615455;615458;615459;615460;615463;615464;615469;615472;615473;615474;615477;615478;615483;615484;615485;615491;615492;615499;615512;615513;615520;615521;615522;615527;615528;615529;615530;615535;615536;615537;615538;615543;615544;615545;615546;615552;615553;615554;615566;615568;615573;615574;615575;615580;615581;615582;615587;615588;615589;615590;615591;615592;615597;615598;615599;615600;615601;615602;615607;615608;615609;615610;615611;615612;615623;615628;615629;615631;615632;615633;615634;615639;615640;615641;615642;615643;615644;615650;615651;615652;615653;615654;615655;615656,615379;615394;615409;615424;615439;615453;615467;615481;615488;615495;615502;615509;615517;615525;615533;615541;615549;615557;615564;615571;615578;615585;615595;615605;615615;615626;615637;615648,0.35891945846115736
10537,gdsc:1036:10uM,615387,9679,123,1036,10.0,36833.0,45160.527272727275,876.1428571428571,scan:9679:NC-1+B,615381;615384;615385;615386;615389;615390;615391;615399;615400;615401;615404;615405;615406;615411;615414;615415;615416;615419;615420;615421;615426;615441;615444;615445;615446;615450;615455;615458;615459;615460;615463;615464;615469;615472;615473;615474;615477;615478;615483;615484;615485;615491;615492;615499;615512;615513;615520;615521;615522;615527;615528;615529;615530;615535;615536;615537;615538;615543;615544;615545;615546;615552;615553;615554;615566;615568;615573;615574;615575;615580;615581;615582;615587;615588;615589;615590;615591;615592;615597;615598;615599;615600;615601;615602;615607;615608;615609;615610;615611;615612;615623;615628;615629;615631;615632;615633;615634;615639;615640;615641;615642;615643;615644;615650;615651;615652;615653;615654;615655;615656,615379;615394;615409;615424;615439;615453;615467;615481;615488;615495;615502;615509;615517;615525;615533;615541;615549;615557;615564;615571;615578;615585;615595;615605;615615;615626;615637;615648,0.1880465853285448
10537,gdsc:1060:0.25uM,615383,9679,101,1060,0.25,45396.0,45160.527272727275,876.1428571428571,scan:9679:NC-1+B,615381;615384;615385;615386;615389;615390;615391;615399;615400;615401;615404;615405;615406;615411;615414;615415;615416;615419;615420;615421;615426;615441;615444;615445;615446;615450;615455;615458;615459;615460;615463;615464;615469;615472;615473;615474;615477;615478;615483;615484;615485;615491;615492;615499;615512;615513;615520;615521;615522;615527;615528;615529;615530;615535;615536;615537;615538;615543;615544;615545;615546;615552;615553;615554;615566;615568;615573;615574;615575;615580;615581;615582;615587;615588;615589;615590;615591;615592;615597;615598;615599;615600;615601;615602;615607;615608;615609;615610;615611;615612;615623;615628;615629;615631;615632;615633;615634;615639;615640;615641;615642;615643;615644;615650;615651;615652;615653;615654;615655;615656,615379;615394;615409;615424;615439;615453;615467;615481;615488;615495;615502;615509;615517;615525;615533;615541;615549;615557;615564;615571;615578;615585;615595;615605;615615;615626;615637;615648,-0.005317285774212088
10540,gdsc:1032:2uM,616339,9681,124,1032,2.0,36633.0,41382.11818181818,1197.392857142857,scan:9681:NC-1+B,616332;616335;616336;616337;616340;616341;616342;616350;616351;616352;616355;616356;616357;616362;616365;616366;616367;616370;616371;616372;616377;616392;616395;616396;616397;616401;616406;616409;616410;616411;616414;616415;616420;616423;616424;616425;616428;616429;616434;616435;616436;616442;616443;616450;616463;616464;616471;616472;616473;616478;616479;616480;616481;616486;616487;616488;616489;616494;616495;616496;616497;616503;616504;616505;616517;616519;616524;616525;616526;616531;616532;616533;616538;616539;616540;616541;616542;616543;616548;616549;616550;616551;616552;616553;616558;616559;616560;616561;616562;616563;616574;616579;616580;616582;616583;616584;616585;616590;616591;616592;616593;616594;616595;616601;616602;616603;616604;616605;616606;616607,616330;616345;616360;616375;616390;616404;616418;616432;616439;616446;616453;616460;616468;616476;616484;616492;616500;616508;616515;616522;616529;616536;616546;616556;616566;616577;616588;616599,0.11818217353602256
10540,gdsc:1036:10uM,616338,9681,123,1036,10.0,39421.0,41382.11818181818,1197.392857142857,scan:9681:NC-1+B,616332;616335;616336;616337;616340;616341;616342;616350;616351;616352;616355;616356;616357;616362;616365;616366;616367;616370;616371;616372;616377;616392;616395;616396;616397;616401;616406;616409;616410;616411;616414;616415;616420;616423;616424;616425;616428;616429;616434;616435;616436;616442;616443;616450;616463;616464;616471;616472;616473;616478;616479;616480;616481;616486;616487;616488;616489;616494;616495;616496;616497;616503;616504;616505;616517;616519;616524;616525;616526;616531;616532;616533;616538;616539;616540;616541;616542;616543;616548;616549;616550;616551;616552;616553;616558;616559;616560;616561;616562;616563;616574;616579;616580;616582;616583;616584;616585;616590;616591;616592;616593;616594;616595;616601;616602;616603;616604;616605;616606;616607,616330;616345;616360;616375;616390;616404;616418;616432;616439;616446;616453;616460;616468;616476;616484;616492;616500;616508;616515;616522;616529;616536;616546;616556;616566;616577;616588;616599,0.04880257774498109
10540,gdsc:1060:0.25uM,616334,9681,101,1060,0.25,28868.0,41382.11818181818,1197.392857142857,scan:9681:NC-1+B,616332;616335;616336;616337;616340;616341;616342;616350;616351;616352;616355;616356;616357;616362;616365;616366;616367;616370;616371;616372;616377;616392;616395;616396;616397;616401;616406;616409;616410;616411;616414;616415;616420;616423;616424;616425;616428;616429;616434;616435;616436;616442;616443;616450;616463;616464;616471;616472;616473;616478;616479;616480;616481;616486;616487;616488;616489;616494;616495;616496;616497;616503;616504;616505;616517;616519;616524;616525;616526;616531;616532;616533;616538;616539;616540;616541;616542;616543;616548;616549;616550;616551;616552;616553;616558;616559;616560;616561;616562;616563;616574;616579;616580;616582;616583;616584;616585;616590;616591;616592;616593;616594;616595;616601;616602;616603;616604;616605;616606;616607,616330;616345;616360;616375;616390;616404;616418;616432;616439;616446;616453;616460;616468;616476;616484;616492;616500;616508;616515;616522;616529;616536;616546;616556;616566;616577;616588;616599,0.311414799546581
10543,gdsc:1032:2uM,617290,9683,124,1032,2.0,28270.0,42428.61818181818,1050.75,scan:9683:NC-1+B,617283;617286;617287;617288;617291;617292;617293;617301;617302;617303;617306;617307;617308;617313;617316;617317;617318;617321;617322;617323;617328;617343;617346;617347;617348;617352;617357;617360;617361;617362;617365;617366;617371;617374;617375;617376;617379;617380;617385;617386;617387;617393;617394;617401;617414;617415;617422;617423;617424;617429;617430;617431;617432;617437;617438;617439;617440;617445;617446;617447;617448;617454;617455;617456;617468;617470;617475;617476;617477;617482;617483;617484;617489;617490;617491;617492;617493;617494;617499;617500;617501;617502;617503;617504;617509;617510;617511;617512;617513;617514;617525;617530;617531;617533;617534;617535;617536;617541;617542;617543;617544;617545;617546;617552;617553;617554;617555;617556;617557;617558,617281;617296;617311;617326;617341;617355;617369;617383;617390;617397;617404;617411;617419;617427;617435;617443;617451;617459;617466;617473;617480;617487;617497;617507;617517;617528;617539;617550,0.34217853176011637
10543,gdsc:1036:10uM,617289,9683,123,1036,10.0,38824.0,42428.61818181818,1050.75,scan:9683:NC-1+B,617283;617286;617287;617288;617291;617292;617293;617301;617302;617303;617306;617307;617308;617313;617316;617317;617318;617321;617322;617323;617328;617343;617346;617347;617348;617352;617357;617360;617361;617362;617365;617366;617371;617374;617375;617376;617379;617380;617385;617386;617387;617393;617394;617401;617414;617415;617422;617423;617424;617429;617430;617431;617432;617437;617438;617439;617440;617445;617446;617447;617448;617454;617455;617456;617468;617470;617475;617476;617477;617482;617483;617484;617489;617490;617491;617492;617493;617494;617499;617500;617501;617502;617503;617504;617509;617510;617511;617512;617513;617514;617525;617530;617531;617533;617534;617535;617536;617541;617542;617543;617544;617545;617546;617552;617553;617554;617555;617556;617557;617558,617281;617296;617311;617326;617341;617355;617369;617383;617390;617397;617404;617411;617419;617427;617435;617443;617451;617459;617466;617473;617480;617487;617497;617507;617517;617528;617539;617550,0.08711464220387466
10543,gdsc:1060:0.25uM,617285,9683,101,1060,0.25,36833.0,42428.61818181818,1050.75,scan:9683:NC-1+B,617283;617286;617287;617288;617291;617292;617293;617301;617302;617303;617306;617307;617308;617313;617316;617317;617318;617321;617322;617323;617328;617343;617346;617347;617348;617352;617357;617360;617361;617362;617365;617366;617371;617374;617375;617376;617379;617380;617385;617386;617387;617393;617394;617401;617414;617415;617422;617423;617424;617429;617430;617431;617432;617437;617438;617439;617440;617445;617446;617447;617448;617454;617455;617456;617468;617470;617475;617476;617477;617482;617483;617484;617489;617490;617491;617492;617493;617494;617499;617500;617501;617502;617503;617504;617509;617510;617511;617512;617513;617514;617525;617530;617531;617533;617534;617535;617536;617541;617542;617543;617544;617545;617546;617552;617553;617554;617555;617556;617557;617558,617281;617296;617311;617326;617341;617355;617369;617383;617390;617397;617404;617411;617419;617427;617435;617443;617451;617459;617466;617473;617480;617487;617497;617507;617517;617528;617539;617550,0.1352321525418012
10546,gdsc:1032:2uM,618241,9685,124,1032,2.0,32253.0,65938.3,1013.8571428571429,scan:9685:NC-1+B,618234;618237;618238;618239;618242;618243;618244;618252;618253;618254;618257;618258;618259;618264;618267;618268;618269;618272;618273;618274;618279;618294;618297;618298;618299;618303;618308;618311;618312;618313;618316;618317;618322;618325;618326;618327;618330;618331;618336;618337;618338;618344;618345;618352;618365;618366;618373;618374;618375;618380;618381;618382;618383;618388;618389;618390;618391;618396;618397;618398;618399;618405;618406;618407;618419;618421;618426;618427;618428;618433;618434;618435;618440;618441;618442;618443;618444;618445;618450;618451;618452;618453;618454;618455;618460;618461;618462;618463;618464;618465;618476;618481;618482;618484;618485;618486;618487;618492;618493;618494;618495;618496;618497;618503;618504;618505;618506;618507;618508;618509,618232;618247;618262;618277;618292;618306;618320;618334;618341;618348;618355;618362;618370;618378;618386;618394;618402;618410;618417;618424;618431;618438;618448;618458;618468;618479;618490;618501,0.518838491600456
10546,gdsc:1036:10uM,618240,9685,123,1036,10.0,56549.0,65938.3,1013.8571428571429,scan:9685:NC-1+B,618234;618237;618238;618239;618242;618243;618244;618252;618253;618254;618257;618258;618259;618264;618267;618268;618269;618272;618273;618274;618279;618294;618297;618298;618299;618303;618308;618311;618312;618313;618316;618317;618322;618325;618326;618327;618330;618331;618336;618337;618338;618344;618345;618352;618365;618366;618373;618374;618375;618380;618381;618382;618383;618388;618389;618390;618391;618396;618397;618398;618399;618405;618406;618407;618419;618421;618426;618427;618428;618433;618434;618435;618440;618441;618442;618443;618444;618445;618450;618451;618452;618453;618454;618455;618460;618461;618462;618463;618464;618465;618476;618481;618482;618484;618485;618486;618487;618492;618493;618494;618495;618496;618497;618503;618504;618505;618506;618507;618508;618509,618232;618247;618262;618277;618292;618306;618320;618334;618341;618348;618355;618362;618370;618378;618386;618394;618402;618410;618417;618424;618431;618438;618448;618458;618468;618479;618490;618501,0.14461887675585972
10546,gdsc:1060:0.25uM,618236,9685,101,1060,0.25,45396.0,65938.3,1013.8571428571429,scan:9685:NC-1+B,618234;618237;618238;618239;618242;618243;618244;618252;618253;618254;618257;618258;618259;618264;618267;618268;618269;618272;618273;618274;618279;618294;618297;618298;618299;618303;618308;618311;618312;618313;618316;618317;618322;618325;618326;618327;618330;618331;618336;618337;618338;618344;618345;618352;618365;618366;618373;618374;618375;618380;618381;618382;618383;618388;618389;618390;618391;618396;618397;618398;618399;618405;618406;618407;618419;618421;618426;618427;618428;618433;618434;618435;618440;618441;618442;618443;618444;618445;618450;618451;618452;618453;618454;618455;618460;618461;618462;618463;618464;618465;618476;618481;618482;618484;618485;618486;618487;618492;618493;618494;618495;618496;618497;618503;618504;618505;618506;618507;618508;618509,618232;618247;618262;618277;618292;618306;618320;618334;618341;618348;618355;618362;618370;618378;618386;618394;618402;618410;618417;618424;618431;618438;618448;618458;618468;618479;618490;618501,0.3164031772317316
10549,gdsc:1032:2uM,619192,9687,124,1032,2.0,32651.0,38552.51818181818,953.75,scan:9687:NC-1+B,619185;619188;619189;619190;619193;619194;619195;619203;619204;619205;619208;619209;619210;619215;619218;619219;619220;619223;619224;619225;619230;619245;619248;619249;619250;619254;619259;619262;619263;619264;619267;619268;619273;619276;619277;619278;619281;619282;619287;619288;619289;619295;619296;619303;619316;619317;619324;619325;619326;619331;619332;619333;619334;619339;619340;619341;619342;619347;619348;619349;619350;619356;619357;619358;619370;619372;619377;619378;619379;619384;619385;619386;619391;619392;619393;619394;619395;619396;619401;619402;619403;619404;619405;619406;619411;619412;619413;619414;619415;619416;619427;619432;619433;619435;619436;619437;619438;619443;619444;619445;619446;619447;619448;619454;619455;619456;619457;619458;619459;619460,619183;619198;619213;619228;619243;619257;619271;619285;619292;619299;619306;619313;619321;619329;619337;619345;619353;619361;619368;619375;619382;619389;619399;619409;619419;619430;619441;619452,0.1569604129922535
10549,gdsc:1036:10uM,619191,9687,123,1036,10.0,41612.0,38552.51818181818,953.75,scan:9687:NC-1+B,619185;619188;619189;619190;619193;619194;619195;619203;619204;619205;619208;619209;619210;619215;619218;619219;619220;619223;619224;619225;619230;619245;619248;619249;619250;619254;619259;619262;619263;619264;619267;619268;619273;619276;619277;619278;619281;619282;619287;619288;619289;619295;619296;619303;619316;619317;619324;619325;619326;619331;619332;619333;619334;619339;619340;619341;619342;619347;619348;619349;619350;619356;619357;619358;619370;619372;619377;619378;619379;619384;619385;619386;619391;619392;619393;619394;619395;619396;619401;619402;619403;619404;619405;619406;619411;619412;619413;619414;619415;619416;619427;619432;619433;619435;619436;619437;619438;619443;619444;619445;619446;619447;619448;619454;619455;619456;619457;619458;619459;619460,619183;619198;619213;619228;619243;619257;619271;619285;619292;619299;619306;619313;619321;619329;619337;619345;619353;619361;619368;619375;619382;619389;619399;619409;619419;619430;619441;619452,-0.0813718631255933
10549,gdsc:1060:0.25uM,619187,9687,101,1060,0.25,36235.0,38552.51818181818,953.75,scan:9687:NC-1+B,619185;619188;619189;619190;619193;619194;619195;619203;619204;619205;619208;619209;619210;619215;619218;619219;619220;619223;619224;619225;619230;619245;619248;619249;619250;619254;619259;619262;619263;619264;619267;619268;619273;619276;619277;619278;619281;619282;619287;619288;619289;619295;619296;619303;619316;619317;619324;619325;619326;619331;619332;619333;619334;619339;619340;619341;619342;619347;619348;619349;619350;619356;619357;619358;619370;619372;619377;619378;619379;619384;619385;619386;619391;619392;619393;619394;619395;619396;619401;619402;619403;619404;619405;619406;619411;619412;619413;619414;619415;619416;619427;619432;619433;619435;619436;619437;619438;619443;619444;619445;619446;619447;619448;619454;619455;619456;619457;619458;619459;619460,619183;619198;619213;619228;619243;619257;619271;619285;619292;619299;619306;619313;619321;619329;619337;619345;619353;619361;619368;619375;619382;619389;619399;619409;619419;619430;619441;619452,0.06163814119152111
10552,gdsc:1032:2uM,620143,9689,124,1032,2.0,22098.0,26049.18181818182,668.7142857142857,scan:9689:NC-1+B,620136;620139;620140;620141;620144;620145;620146;620154;620155;620156;620159;620160;620161;620166;620169;620170;620171;620174;620175;620176;620181;620196;620199;620200;620201;620205;620210;620213;620214;620215;620218;620219;620224;620227;620228;620229;620232;620233;620238;620239;620240;620246;620247;620254;620267;620268;620275;620276;620277;620282;620283;620284;620285;620290;620291;620292;620293;620298;620299;620300;620301;620307;620308;620309;620321;620323;620328;620329;620330;620335;620336;620337;620342;620343;620344;620345;620346;620347;620352;620353;620354;620355;620356;620357;620362;620363;620364;620365;620366;620367;620378;620383;620384;620386;620387;620388;620389;620394;620395;620396;620397;620398;620399;620405;620406;620407;620408;620409;620410;620411,620134;620149;620164;620179;620194;620208;620222;620236;620243;620250;620257;620264;620272;620280;620288;620296;620304;620312;620319;620326;620333;620340;620350;620360;620370;620381;620392;620403,0.1556780549108222
10552,gdsc:1036:10uM,620142,9689,123,1036,10.0,11546.0,26049.18181818182,668.7142857142857,scan:9689:NC-1+B,620136;620139;620140;620141;620144;620145;620146;620154;620155;620156;620159;620160;620161;620166;620169;620170;620171;620174;620175;620176;620181;620196;620199;620200;620201;620205;620210;620213;620214;620215;620218;620219;620224;620227;620228;620229;620232;620233;620238;620239;620240;620246;620247;620254;620267;620268;620275;620276;620277;620282;620283;620284;620285;620290;620291;620292;620293;620298;620299;620300;620301;620307;620308;620309;620321;620323;620328;620329;620330;620335;620336;620337;620342;620343;620344;620345;620346;620347;620352;620353;620354;620355;620356;620357;620362;620363;620364;620365;620366;620367;620378;620383;620384;620386;620387;620388;620389;620394;620395;620396;620397;620398;620399;620405;620406;620407;620408;620409;620410;620411,620134;620149;620164;620179;620194;620208;620222;620236;620243;620250;620257;620264;620272;620280;620288;620296;620304;620312;620319;620326;620333;620340;620350;620360;620370;620381;620392;620403,0.5714308374985162
10552,gdsc:1060:0.25uM,620138,9689,101,1060,0.25,17319.0,26049.18181818182,668.7142857142857,scan:9689:NC-1+B,620136;620139;620140;620141;620144;620145;620146;620154;620155;620156;620159;620160;620161;620166;620169;620170;620171;620174;620175;620176;620181;620196;620199;620200;620201;620205;620210;620213;620214;620215;620218;620219;620224;620227;620228;620229;620232;620233;620238;620239;620240;620246;620247;620254;620267;620268;620275;620276;620277;620282;620283;620284;620285;620290;620291;620292;620293;620298;620299;620300;620301;620307;620308;620309;620321;620323;620328;620329;620330;620335;620336;620337;620342;620343;620344;620345;620346;620347;620352;620353;620354;620355;620356;620357;620362;620363;620364;620365;620366;620367;620378;620383;620384;620386;620387;620388;620389;620394;620395;620396;620397;620398;620399;620405;620406;620407;620408;620409;620410;620411,620134;620149;620164;620179;620194;620208;620222;620236;620243;620250;620257;620264;620272;620280;620288;620296;620304;620312;620319;620326;620333;620340;620350;620360;620370;620381;620392;620403,0.3439724586244868
10555,gdsc:1032:2uM,621094,9691,124,1032,2.0,35040.0,33051.11818181818,821.8571428571429,scan:9691:NC-1+B,621087;621090;621091;621092;621095;621096;621097;621105;621106;621107;621110;621111;621112;621117;621120;621121;621122;621125;621126;621127;621132;621147;621150;621151;621152;621156;621161;621164;621165;621166;621169;621170;621175;621178;621179;621180;621183;621184;621189;621190;621191;621197;621198;621205;621218;621219;621226;621227;621228;621233;621234;621235;621236;621241;621242;621243;621244;621249;621250;621251;621252;621258;621259;621260;621272;621274;621279;621280;621281;621286;621287;621288;621293;621294;621295;621296;621297;621298;621303;621304;621305;621306;621307;621308;621313;621314;621315;621316;621317;621318;621329;621334;621335;621337;621338;621339;621340;621345;621346;621347;621348;621349;621350;621356;621357;621358;621359;621360;621361;621362,621085;621100;621115;621130;621145;621159;621173;621187;621194;621201;621208;621215;621223;621231;621239;621247;621255;621263;621270;621277;621284;621291;621301;621311;621321;621332;621343;621354,-0.06171043809467158
10555,gdsc:1036:10uM,621093,9691,123,1036,10.0,26478.0,33051.11818181818,821.8571428571429,scan:9691:NC-1+B,621087;621090;621091;621092;621095;621096;621097;621105;621106;621107;621110;621111;621112;621117;621120;621121;621122;621125;621126;621127;621132;621147;621150;621151;621152;621156;621161;621164;621165;621166;621169;621170;621175;621178;621179;621180;621183;621184;621189;621190;621191;621197;621198;621205;621218;621219;621226;621227;621228;621233;621234;621235;621236;621241;621242;621243;621244;621249;621250;621251;621252;621258;621259;621260;621272;621274;621279;621280;621281;621286;621287;621288;621293;621294;621295;621296;621297;621298;621303;621304;621305;621306;621307;621308;621313;621314;621315;621316;621317;621318;621329;621334;621335;621337;621338;621339;621340;621345;621346;621347;621348;621349;621350;621356;621357;621358;621359;621360;621361;621362,621085;621100;621115;621130;621145;621159;621173;621187;621194;621201;621208;621215;621223;621231;621239;621247;621255;621263;621270;621277;621284;621291;621301;621311;621321;621332;621343;621354,0.20394877108327503
10555,gdsc:1060:0.25uM,621089,9691,101,1060,0.25,35240.0,33051.11818181818,821.8571428571429,scan:9691:NC-1+B,621087;621090;621091;621092;621095;621096;621097;621105;621106;621107;621110;621111;621112;621117;621120;621121;621122;621125;621126;621127;621132;621147;621150;621151;621152;621156;621161;621164;621165;621166;621169;621170;621175;621178;621179;621180;621183;621184;621189;621190;621191;621197;621198;621205;621218;621219;621226;621227;621228;621233;621234;621235;621236;621241;621242;621243;621244;621249;621250;621251;621252;621258;621259;621260;621272;621274;621279;621280;621281;621286;621287;621288;621293;621294;621295;621296;621297;621298;621303;621304;621305;621306;621307;621308;621313;621314;621315;621316;621317;621318;621329;621334;621335;621337;621338;621339;621340;621345;621346;621347;621348;621349;621350;621356;621357;621358;621359;621360;621361;621362,621085;621100;621115;621130;621145;621159;621173;621187;621194;621201;621208;621215;621223;621231;621239;621247;621255;621263;621270;621277;621284;621291;621301;621311;621321;621332;621343;621354,-0.0679159790705639
10561,gdsc:1032:2uM,622045,9693,124,1032,2.0,35837.0,39758.163636363635,795.4642857142857,scan:9693:NC-1+B,622038;622041;622042;622043;622046;622047;622048;622056;622057;622058;622061;622062;622063;622068;622071;622072;622073;622076;622077;622078;622083;622098;622101;622102;622103;622107;622112;622115;622116;622117;622120;622121;622126;622129;622130;622131;622134;622135;622140;622141;622142;622148;622149;622156;622169;622170;622177;622178;622179;622184;622185;622186;622187;622192;622193;622194;622195;622200;622201;622202;622203;622209;622210;622211;622223;622225;622230;622231;622232;622237;622238;622239;622244;622245;622246;622247;622248;622249;622254;622255;622256;622257;622258;622259;622264;622265;622266;622267;622268;622269;622280;622285;622286;622288;622289;622290;622291;622296;622297;622298;622299;622300;622301;622307;622308;622309;622310;622311;622312;622313,622036;622051;622066;622081;622096;622110;622124;622138;622145;622152;622159;622166;622174;622182;622190;622198;622206;622214;622221;622228;622235;622242;622252;622262;622272;622283;622294;622305,0.10063891110507173
10561,gdsc:1036:10uM,622044,9693,123,1036,10.0,32651.0,39758.163636363635,795.4642857142857,scan:9693:NC-1+B,622038;622041;622042;622043;622046;622047;622048;622056;622057;622058;622061;622062;622063;622068;622071;622072;622073;622076;622077;622078;622083;622098;622101;622102;622103;622107;622112;622115;622116;622117;622120;622121;622126;622129;622130;622131;622134;622135;622140;622141;622142;622148;622149;622156;622169;622170;622177;622178;622179;622184;622185;622186;622187;622192;622193;622194;622195;622200;622201;622202;622203;622209;622210;622211;622223;622225;622230;622231;622232;622237;622238;622239;622244;622245;622246;622247;622248;622249;622254;622255;622256;622257;622258;622259;622264;622265;622266;622267;622268;622269;622280;622285;622286;622288;622289;622290;622291;622296;622297;622298;622299;622300;622301;622307;622308;622309;622310;622311;622312;622313,622036;622051;622066;622081;622096;622110;622124;622138;622145;622152;622159;622166;622174;622182;622190;622198;622206;622214;622221;622228;622235;622242;622252;622262;622272;622283;622294;622305,0.18240942631828183
10561,gdsc:1060:0.25uM,622040,9693,101,1060,0.25,36434.0,39758.163636363635,795.4642857142857,scan:9693:NC-1+B,622038;622041;622042;622043;622046;622047;622048;622056;622057;622058;622061;622062;622063;622068;622071;622072;622073;622076;622077;622078;622083;622098;622101;622102;622103;622107;622112;622115;622116;622117;622120;622121;622126;622129;622130;622131;622134;622135;622140;622141;622142;622148;622149;622156;622169;622170;622177;622178;622179;622184;622185;622186;622187;622192;622193;622194;622195;622200;622201;622202;622203;622209;622210;622211;622223;622225;622230;622231;622232;622237;622238;622239;622244;622245;622246;622247;622248;622249;622254;622255;622256;622257;622258;622259;622264;622265;622266;622267;622268;622269;622280;622285;622286;622288;622289;622290;622291;622296;622297;622298;622299;622300;622301;622307;622308;622309;622310;622311;622312;622313,622036;622051;622066;622081;622096;622110;622124;622138;622145;622152;622159;622166;622174;622182;622190;622198;622206;622214;622221;622228;622235;622242;622252;622262;622272;622283;622294;622305,0.08531656409242694
10564,gdsc:1032:2uM,622996,9695,124,1032,2.0,55952.0,79992.34545454546,1192.25,scan:9695:NC-1+B,622989;622992;622993;622994;622997;622998;622999;623007;623008;623009;623012;623013;623014;623019;623022;623023;623024;623027;623028;623029;623034;623049;623052;623053;623054;623058;623063;623066;623067;623068;623071;623072;623077;623080;623081;623082;623085;623086;623091;623092;623093;623099;623100;623107;623120;623121;623128;623129;623130;623135;623136;623137;623138;623143;623144;623145;623146;623151;623152;623153;623154;623160;623161;623162;623174;623176;623181;623182;623183;623188;623189;623190;623195;623196;623197;623198;623199;623200;623205;623206;623207;623208;623209;623210;623215;623216;623217;623218;623219;623220;623231;623236;623237;623239;623240;623241;623242;623247;623248;623249;623250;623251;623252;623258;623259;623260;623261;623262;623263;623264,622987;623002;623017;623032;623047;623061;623075;623089;623096;623103;623110;623117;623125;623133;623141;623149;623157;623165;623172;623179;623186;623193;623203;623213;623223;623234;623245;623256,0.3050801565134237
10564,gdsc:1036:10uM,622995,9695,123,1036,10.0,73481.0,79992.34545454546,1192.25,scan:9695:NC-1+B,622989;622992;622993;622994;622997;622998;622999;623007;623008;623009;623012;623013;623014;623019;623022;623023;623024;623027;623028;623029;623034;623049;623052;623053;623054;623058;623063;623066;623067;623068;623071;623072;623077;623080;623081;623082;623085;623086;623091;623092;623093;623099;623100;623107;623120;623121;623128;623129;623130;623135;623136;623137;623138;623143;623144;623145;623146;623151;623152;623153;623154;623160;623161;623162;623174;623176;623181;623182;623183;623188;623189;623190;623195;623196;623197;623198;623199;623200;623205;623206;623207;623208;623209;623210;623215;623216;623217;623218;623219;623220;623231;623236;623237;623239;623240;623241;623242;623247;623248;623249;623250;623251;623252;623258;623259;623260;623261;623262;623263;623264,622987;623002;623017;623032;623047;623061;623075;623089;623096;623103;623110;623117;623125;623133;623141;623149;623157;623165;623172;623179;623186;623193;623203;623213;623223;623234;623245;623256,0.0826311873987694
10564,gdsc:1060:0.25uM,622991,9695,101,1060,0.25,37629.0,79992.34545454546,1192.25,scan:9695:NC-1+B,622989;622992;622993;622994;622997;622998;622999;623007;623008;623009;623012;623013;623014;623019;623022;623023;623024;623027;623028;623029;623034;623049;623052;623053;623054;623058;623063;623066;623067;623068;623071;623072;623077;623080;623081;623082;623085;623086;623091;623092;623093;623099;623100;623107;623120;623121;623128;623129;623130;623135;623136;623137;623138;623143;623144;623145;623146;623151;623152;623153;623154;623160;623161;623162;623174;623176;623181;623182;623183;623188;623189;623190;623195;623196;623197;623198;623199;623200;623205;623206;623207;623208;623209;623210;623215;623216;623217;623218;623219;623220;623231;623236;623237;623239;623240;623241;623242;623247;623248;623249;623250;623251;623252;623258;623259;623260;623261;623262;623263;623264,622987;623002;623017;623032;623047;623061;623075;623089;623096;623103;623110;623117;623125;623133;623141;623149;623157;623165;623172;623179;623186;623193;623203;623213;623223;623234;623245;623256,0.5376052555543167
10567,gdsc:1032:2uM,623947,9697,124,1032,2.0,30859.0,37241.80909090909,977.6785714285714,scan:9697:NC-1+B,623940;623943;623944;623945;623948;623949;623950;623958;623959;623960;623963;623964;623965;623970;623973;623974;623975;623978;623979;623980;623985;624000;624003;624004;624005;624009;624014;624017;624018;624019;624022;624023;624028;624031;624032;624033;624036;624037;624042;624043;624044;624050;624051;624058;624071;624072;624079;624080;624081;624086;624087;624088;624089;624094;624095;624096;624097;624102;624103;624104;624105;624111;624112;624113;624125;624127;624132;624133;624134;624139;624140;624141;624146;624147;624148;624149;624150;624151;624156;624157;624158;624159;624160;624161;624166;624167;624168;624169;624170;624171;624182;624187;624188;624190;624191;624192;624193;624198;624199;624200;624201;624202;624203;624209;624210;624211;624212;624213;624214;624215,623938;623953;623968;623983;623998;624012;624026;624040;624047;624054;624061;624068;624076;624084;624092;624100;624108;624116;624123;624130;624137;624144;624154;624164;624174;624185;624196;624207,0.17600888259213454
10567,gdsc:1036:10uM,623946,9697,123,1036,10.0,38027.0,37241.80909090909,977.6785714285714,scan:9697:NC-1+B,623940;623943;623944;623945;623948;623949;623950;623958;623959;623960;623963;623964;623965;623970;623973;623974;623975;623978;623979;623980;623985;624000;624003;624004;624005;624009;624014;624017;624018;624019;624022;624023;624028;624031;624032;624033;624036;624037;624042;624043;624044;624050;624051;624058;624071;624072;624079;624080;624081;624086;624087;624088;624089;624094;624095;624096;624097;624102;624103;624104;624105;624111;624112;624113;624125;624127;624132;624133;624134;624139;624140;624141;624146;624147;624148;624149;624150;624151;624156;624157;624158;624159;624160;624161;624166;624167;624168;624169;624170;624171;624182;624187;624188;624190;624191;624192;624193;624198;624199;624200;624201;624202;624203;624209;624210;624211;624212;624213;624214;624215,623938;623953;623968;623983;623998;624012;624026;624040;624047;624054;624061;624068;624076;624084;624092;624100;624108;624116;624123;624130;624137;624144;624154;624164;624174;624185;624196;624207,-0.02165199876139634
10567,gdsc:1060:0.25uM,623942,9697,101,1060,0.25,33049.0,37241.80909090909,977.6785714285714,scan:9697:NC-1+B,623940;623943;623944;623945;623948;623949;623950;623958;623959;623960;623963;623964;623965;623970;623973;623974;623975;623978;623979;623980;623985;624000;624003;624004;624005;624009;624014;624017;624018;624019;624022;624023;624028;624031;624032;624033;624036;624037;624042;624043;624044;624050;624051;624058;624071;624072;624079;624080;624081;624086;624087;624088;624089;624094;624095;624096;624097;624102;624103;624104;624105;624111;624112;624113;624125;624127;624132;624133;624134;624139;624140;624141;624146;624147;624148;624149;624150;624151;624156;624157;624158;624159;624160;624161;624166;624167;624168;624169;624170;624171;624182;624187;624188;624190;624191;624192;624193;624198;624199;624200;624201;624202;624203;624209;624210;624211;624212;624213;624214;624215,623938;623953;623968;623983;623998;624012;624026;624040;624047;624054;624061;624068;624076;624084;624092;624100;624108;624116;624123;624130;624137;624144;624154;624164;624174;624185;624196;624207,0.11561863005806194
10573,gdsc:1032:2uM,625377,9701,124,1032,2.0,35439.0,32343.1,722.3214285714286,scan:9701:NC-1+B,625370;625373;625374;625375;625378;625379;625380;625388;625389;625390;625393;625394;625395;625400;625403;625404;625405;625408;625409;625410;625415;625430;625433;625434;625435;625439;625444;625447;625448;625449;625452;625453;625458;625461;625462;625463;625466;625467;625472;625473;625474;625480;625481;625488;625501;625502;625509;625510;625511;625516;625517;625518;625519;625524;625525;625526;625527;625532;625533;625534;625535;625541;625542;625543;625555;625557;625562;625563;625564;625569;625570;625571;625576;625577;625578;625579;625580;625581;625586;625587;625588;625589;625590;625591;625596;625597;625598;625599;625600;625601;625612;625617;625618;625620;625621;625622;625623;625628;625629;625630;625631;625632;625633;625639;625640;625641;625642;625643;625644;625645,625368;625383;625398;625413;625428;625442;625456;625470;625477;625484;625491;625498;625506;625514;625522;625530;625538;625546;625553;625560;625567;625574;625584;625594;625604;625615;625626;625637,-0.09790714017387758
10573,gdsc:1036:10uM,625376,9701,123,1036,10.0,24686.0,32343.1,722.3214285714286,scan:9701:NC-1+B,625370;625373;625374;625375;625378;625379;625380;625388;625389;625390;625393;625394;625395;625400;625403;625404;625405;625408;625409;625410;625415;625430;625433;625434;625435;625439;625444;625447;625448;625449;625452;625453;625458;625461;625462;625463;625466;625467;625472;625473;625474;625480;625481;625488;625501;625502;625509;625510;625511;625516;625517;625518;625519;625524;625525;625526;625527;625532;625533;625534;625535;625541;625542;625543;625555;625557;625562;625563;625564;625569;625570;625571;625576;625577;625578;625579;625580;625581;625586;625587;625588;625589;625590;625591;625596;625597;625598;625599;625600;625601;625612;625617;625618;625620;625621;625622;625623;625628;625629;625630;625631;625632;625633;625639;625640;625641;625642;625643;625644;625645,625368;625383;625398;625413;625428;625442;625456;625470;625477;625484;625491;625498;625506;625514;625522;625530;625538;625546;625553;625560;625567;625574;625584;625594;625604;625615;625626;625637,0.24215406280092944
10573,gdsc:1060:0.25uM,625372,9701,101,1060,0.25,35638.0,32343.1,722.3214285714286,scan:9701:NC-1+B,625370;625373;625374;625375;625378;625379;625380;625388;625389;625390;625393;625394;625395;625400;625403;625404;625405;625408;625409;625410;625415;625430;625433;625434;625435;625439;625444;625447;625448;625449;625452;625453;625458;625461;625462;625463;625466;625467;625472;625473;625474;625480;625481;625488;625501;625502;625509;625510;625511;625516;625517;625518;625519;625524;625525;625526;625527;625532;625533;625534;625535;625541;625542;625543;625555;625557;625562;625563;625564;625569;625570;625571;625576;625577;625578;625579;625580;625581;625586;625587;625588;625589;625590;625591;625596;625597;625598;625599;625600;625601;625612;625617;625618;625620;625621;625622;625623;625628;625629;625630;625631;625632;625633;625639;625640;625641;625642;625643;625644;625645,625368;625383;625398;625413;625428;625442;625456;625470;625477;625484;625491;625498;625506;625514;625522;625530;625538;625546;625553;625560;625567;625574;625584;625594;625604;625615;625626;625637,-0.1042004703507573
10506,gdsc:1032:2uM,626328,9703,124,1032,2.0,37629.0,47378.40909090909,929.0714285714286,scan:9703:NC-1+B,626321;626324;626325;626326;626329;626330;626331;626339;626340;626341;626344;626345;626346;626351;626354;626355;626356;626359;626360;626361;626366;626381;626384;626385;626386;626390;626395;626398;626399;626400;626403;626404;626409;626412;626413;626414;626417;626418;626423;626424;626425;626431;626432;626439;626452;626453;626460;626461;626462;626467;626468;626469;626470;626475;626476;626477;626478;626483;626484;626485;626486;626492;626493;626494;626506;626508;626513;626514;626515;626520;626521;626522;626527;626528;626529;626530;626531;626532;626537;626538;626539;626540;626541;626542;626547;626548;626549;626550;626551;626552;626563;626568;626569;626571;626572;626573;626574;626579;626580;626581;626582;626583;626584;626590;626591;626592;626593;626594;626595;626596,626319;626334;626349;626364;626379;626393;626407;626421;626428;626435;626442;626449;626457;626465;626473;626481;626489;626497;626504;626511;626518;626525;626535;626545;626555;626566;626577;626588,0.20989339313688782
10506,gdsc:1036:10uM,626327,9703,123,1036,10.0,41014.0,47378.40909090909,929.0714285714286,scan:9703:NC-1+B,626321;626324;626325;626326;626329;626330;626331;626339;626340;626341;626344;626345;626346;626351;626354;626355;626356;626359;626360;626361;626366;626381;626384;626385;626386;626390;626395;626398;626399;626400;626403;626404;626409;626412;626413;626414;626417;626418;626423;626424;626425;626431;626432;626439;626452;626453;626460;626461;626462;626467;626468;626469;626470;626475;626476;626477;626478;626483;626484;626485;626486;626492;626493;626494;626506;626508;626513;626514;626515;626520;626521;626522;626527;626528;626529;626530;626531;626532;626537;626538;626539;626540;626541;626542;626547;626548;626549;626550;626551;626552;626563;626568;626569;626571;626572;626573;626574;626579;626580;626581;626582;626583;626584;626590;626591;626592;626593;626594;626595;626596,626319;626334;626349;626364;626379;626393;626407;626421;626428;626435;626442;626449;626457;626465;626473;626481;626489;626497;626504;626511;626518;626525;626535;626545;626555;626566;626577;626588,0.1370182958726991
10506,gdsc:1060:0.25uM,626323,9703,101,1060,0.25,45595.0,47378.40909090909,929.0714285714286,scan:9703:NC-1+B,626321;626324;626325;626326;626329;626330;626331;626339;626340;626341;626344;626345;626346;626351;626354;626355;626356;626359;626360;626361;626366;626381;626384;626385;626386;626390;626395;626398;626399;626400;626403;626404;626409;626412;626413;626414;626417;626418;626423;626424;626425;626431;626432;626439;626452;626453;626460;626461;626462;626467;626468;626469;626470;626475;626476;626477;626478;626483;626484;626485;626486;626492;626493;626494;626506;626508;626513;626514;626515;626520;626521;626522;626527;626528;626529;626530;626531;626532;626537;626538;626539;626540;626541;626542;626547;626548;626549;626550;626551;626552;626563;626568;626569;626571;626572;626573;626574;626579;626580;626581;626582;626583;626584;626590;626591;626592;626593;626594;626595;626596,626319;626334;626349;626364;626379;626393;626407;626421;626428;626435;626442;626449;626457;626465;626473;626481;626489;626497;626504;626511;626518;626525;626535;626545;626555;626566;626577;626588,0.03839471520290638
10584,gdsc:1032:2uM,627279,9746,124,1032,2.0,15329.0,24101.536363636365,577.6071428571429,scan:9746:NC-1+B,627272;627275;627276;627277;627280;627281;627282;627290;627291;627292;627295;627296;627297;627302;627305;627306;627307;627310;627311;627312;627317;627332;627335;627336;627337;627341;627346;627349;627350;627351;627354;627355;627360;627363;627364;627365;627368;627369;627374;627375;627376;627382;627383;627390;627403;627404;627411;627412;627413;627418;627419;627420;627421;627426;627427;627428;627429;627434;627435;627436;627437;627443;627444;627445;627457;627459;627464;627465;627466;627471;627472;627473;627478;627479;627480;627481;627482;627483;627488;627489;627490;627491;627492;627493;627498;627499;627500;627501;627502;627503;627514;627519;627520;627522;627523;627524;627525;627530;627531;627532;627533;627534;627535;627541;627542;627543;627544;627545;627546;627547,627270;627285;627300;627315;627330;627344;627358;627372;627379;627386;627393;627400;627408;627416;627424;627432;627440;627448;627455;627462;627469;627476;627486;627496;627506;627517;627528;627539,0.3729196887689743
10584,gdsc:1036:10uM,627278,9746,123,1036,10.0,14532.0,24101.536363636365,577.6071428571429,scan:9746:NC-1+B,627272;627275;627276;627277;627280;627281;627282;627290;627291;627292;627295;627296;627297;627302;627305;627306;627307;627310;627311;627312;627317;627332;627335;627336;627337;627341;627346;627349;627350;627351;627354;627355;627360;627363;627364;627365;627368;627369;627374;627375;627376;627382;627383;627390;627403;627404;627411;627412;627413;627418;627419;627420;627421;627426;627427;627428;627429;627434;627435;627436;627437;627443;627444;627445;627457;627459;627464;627465;627466;627471;627472;627473;627478;627479;627480;627481;627482;627483;627488;627489;627490;627491;627492;627493;627498;627499;627500;627501;627502;627503;627514;627519;627520;627522;627523;627524;627525;627530;627531;627532;627533;627534;627535;627541;627542;627543;627544;627545;627546;627547,627270;627285;627300;627315;627330;627344;627358;627372;627379;627386;627393;627400;627408;627416;627424;627432;627440;627448;627455;627462;627469;627476;627486;627496;627506;627517;627528;627539,0.40680008317587424
10584,gdsc:1060:0.25uM,627274,9746,101,1060,0.25,15528.0,24101.536363636365,577.6071428571429,scan:9746:NC-1+B,627272;627275;627276;627277;627280;627281;627282;627290;627291;627292;627295;627296;627297;627302;627305;627306;627307;627310;627311;627312;627317;627332;627335;627336;627337;627341;627346;627349;627350;627351;627354;627355;627360;627363;627364;627365;627368;627369;627374;627375;627376;627382;627383;627390;627403;627404;627411;627412;627413;627418;627419;627420;627421;627426;627427;627428;627429;627434;627435;627436;627437;627443;627444;627445;627457;627459;627464;627465;627466;627471;627472;627473;627478;627479;627480;627481;627482;627483;627488;627489;627490;627491;627492;627493;627498;627499;627500;627501;627502;627503;627514;627519;627520;627522;627523;627524;627525;627530;627531;627532;627533;627534;627535;627541;627542;627543;627544;627545;627546;627547,627270;627285;627300;627315;627330;627344;627358;627372;627379;627386;627393;627400;627408;627416;627424;627432;627440;627448;627455;627462;627469;627476;627486;627496;627506;627517;627528;627539,0.36446021764353753
10592,gdsc:1032:2uM,628230,9748,124,1032,2.0,66110.0,69017.06363636363,1458.607142857143,scan:9748:NC-1+B,628223;628226;628227;628228;628231;628232;628233;628241;628242;628243;628246;628247;628248;628253;628256;628257;628258;628261;628262;628263;628268;628283;628286;628287;628288;628292;628297;628300;628301;628302;628305;628306;628311;628314;628315;628316;628319;628320;628325;628326;628327;628333;628334;628341;628354;628355;628362;628363;628364;628369;628370;628371;628372;628377;628378;628379;628380;628385;628386;628387;628388;628394;628395;628396;628408;628410;628415;628416;628417;628422;628423;628424;628429;628430;628431;628432;628433;628434;628439;628440;628441;628442;628443;628444;628449;628450;628451;628452;628453;628454;628465;628470;628471;628473;628474;628475;628476;628481;628482;628483;628484;628485;628486;628492;628493;628494;628495;628496;628497;628498,628221;628236;628251;628266;628281;628295;628309;628323;628330;628337;628344;628351;628359;628367;628375;628383;628391;628399;628406;628413;628420;628427;628437;628447;628457;628468;628479;628490,0.043030344197444004
10592,gdsc:1036:10uM,628229,9748,123,1036,10.0,69098.0,69017.06363636363,1458.607142857143,scan:9748:NC-1+B,628223;628226;628227;628228;628231;628232;628233;628241;628242;628243;628246;628247;628248;628253;628256;628257;628258;628261;628262;628263;628268;628283;628286;628287;628288;628292;628297;628300;628301;628302;628305;628306;628311;628314;628315;628316;628319;628320;628325;628326;628327;628333;628334;628341;628354;628355;628362;628363;628364;628369;628370;628371;628372;628377;628378;628379;628380;628385;628386;628387;628388;628394;628395;628396;628408;628410;628415;628416;628417;628422;628423;628424;628429;628430;628431;628432;628433;628434;628439;628440;628441;628442;628443;628444;628449;628450;628451;628452;628453;628454;628465;628470;628471;628473;628474;628475;628476;628481;628482;628483;628484;628485;628486;628492;628493;628494;628495;628496;628497;628498,628221;628236;628251;628266;628281;628295;628309;628323;628330;628337;628344;628351;628359;628367;628375;628383;628391;628399;628406;628413;628420;628427;628437;628447;628457;628468;628479;628490,-0.0011980197274659155
10592,gdsc:1060:0.25uM,628225,9748,101,1060,0.25,60533.0,69017.06363636363,1458.607142857143,scan:9748:NC-1+B,628223;628226;628227;628228;628231;628232;628233;628241;628242;628243;628246;628247;628248;628253;628256;628257;628258;628261;628262;628263;628268;628283;628286;628287;628288;628292;628297;628300;628301;628302;628305;628306;628311;628314;628315;628316;628319;628320;628325;628326;628327;628333;628334;628341;628354;628355;628362;628363;628364;628369;628370;628371;628372;628377;628378;628379;628380;628385;628386;628387;628388;628394;628395;628396;628408;628410;628415;628416;628417;628422;628423;628424;628429;628430;628431;628432;628433;628434;628439;628440;628441;628442;628443;628444;628449;628450;628451;628452;628453;628454;628465;628470;628471;628473;628474;628475;628476;628481;628482;628483;628484;628485;628486;628492;628493;628494;628495;628496;628497;628498,628221;628236;628251;628266;628281;628295;628309;628323;628330;628337;628344;628351;628359;628367;628375;628383;628391;628399;628406;628413;628420;628427;628437;628447;628457;628468;628479;628490,0.12558107565970056
10595,gdsc:1032:2uM,629181,9750,124,1032,2.0,49777.0,48112.009090909094,1068.107142857143,scan:9750:NC-1+B,629174;629177;629178;629179;629182;629183;629184;629192;629193;629194;629197;629198;629199;629204;629207;629208;629209;629212;629213;629214;629219;629234;629237;629238;629239;629243;629248;629251;629252;629253;629256;629257;629262;629265;629266;629267;629270;629271;629276;629277;629278;629284;629285;629292;629305;629306;629313;629314;629315;629320;629321;629322;629323;629328;629329;629330;629331;629336;629337;629338;629339;629345;629346;629347;629359;629361;629366;629367;629368;629373;629374;629375;629380;629381;629382;629383;629384;629385;629390;629391;629392;629393;629394;629395;629400;629401;629402;629403;629404;629405;629416;629421;629422;629424;629425;629426;629427;629432;629433;629434;629435;629436;629437;629443;629444;629445;629446;629447;629448;629449,629172;629187;629202;629217;629232;629246;629260;629274;629281;629288;629295;629302;629310;629318;629326;629334;629342;629350;629357;629364;629371;629378;629388;629398;629408;629419;629430;629441,-0.03539227912959819
10595,gdsc:1036:10uM,629180,9750,123,1036,10.0,47387.0,48112.009090909094,1068.107142857143,scan:9750:NC-1+B,629174;629177;629178;629179;629182;629183;629184;629192;629193;629194;629197;629198;629199;629204;629207;629208;629209;629212;629213;629214;629219;629234;629237;629238;629239;629243;629248;629251;629252;629253;629256;629257;629262;629265;629266;629267;629270;629271;629276;629277;629278;629284;629285;629292;629305;629306;629313;629314;629315;629320;629321;629322;629323;629328;629329;629330;629331;629336;629337;629338;629339;629345;629346;629347;629359;629361;629366;629367;629368;629373;629374;629375;629380;629381;629382;629383;629384;629385;629390;629391;629392;629393;629394;629395;629400;629401;629402;629403;629404;629405;629416;629421;629422;629424;629425;629426;629427;629432;629433;629434;629435;629436;629437;629443;629444;629445;629446;629447;629448;629449,629172;629187;629202;629217;629232;629246;629260;629274;629281;629288;629295;629302;629310;629318;629326;629334;629342;629350;629357;629364;629371;629378;629388;629398;629408;629419;629430;629441,0.01541132986183169
10595,gdsc:1060:0.25uM,629176,9750,101,1060,0.25,29067.0,48112.009090909094,1068.107142857143,scan:9750:NC-1+B,629174;629177;629178;629179;629182;629183;629184;629192;629193;629194;629197;629198;629199;629204;629207;629208;629209;629212;629213;629214;629219;629234;629237;629238;629239;629243;629248;629251;629252;629253;629256;629257;629262;629265;629266;629267;629270;629271;629276;629277;629278;629284;629285;629292;629305;629306;629313;629314;629315;629320;629321;629322;629323;629328;629329;629330;629331;629336;629337;629338;629339;629345;629346;629347;629359;629361;629366;629367;629368;629373;629374;629375;629380;629381;629382;629383;629384;629385;629390;629391;629392;629393;629394;629395;629400;629401;629402;629403;629404;629405;629416;629421;629422;629424;629425;629426;629427;629432;629433;629434;629435;629436;629437;629443;629444;629445;629446;629447;629448;629449,629172;629187;629202;629217;629232;629246;629260;629274;629281;629288;629295;629302;629310;629318;629326;629334;629342;629350;629357;629364;629371;629378;629388;629398;629408;629419;629430;629441,0.4048348096622485
10601,gdsc:1032:2uM,630611,9753,124,1032,2.0,106756.0,102017.41818181818,1537.5357142857142,scan:9753:NC-1+B,630604;630607;630608;630609;630612;630613;630614;630622;630623;630624;630627;630628;630629;630634;630637;630638;630639;630642;630643;630644;630649;630664;630667;630668;630669;630673;630678;630681;630682;630683;630686;630687;630692;630695;630696;630697;630700;630701;630706;630707;630708;630714;630715;630722;630735;630736;630743;630744;630745;630750;630751;630752;630753;630758;630759;630760;630761;630766;630767;630768;630769;630775;630776;630777;630789;630791;630796;630797;630798;630803;630804;630805;630810;630811;630812;630813;630814;630815;630820;630821;630822;630823;630824;630825;630830;630831;630832;630833;630834;630835;630846;630851;630852;630854;630855;630856;630857;630862;630863;630864;630865;630866;630867;630873;630874;630875;630876;630877;630878;630879,630602;630617;630632;630647;630662;630676;630690;630704;630711;630718;630725;630732;630740;630748;630756;630764;630772;630780;630787;630794;630801;630808;630818;630828;630838;630849;630860;630871,-0.04715950797128943
10601,gdsc:1036:10uM,630610,9753,123,1036,10.0,97987.0,102017.41818181818,1537.5357142857142,scan:9753:NC-1+B,630604;630607;630608;630609;630612;630613;630614;630622;630623;630624;630627;630628;630629;630634;630637;630638;630639;630642;630643;630644;630649;630664;630667;630668;630669;630673;630678;630681;630682;630683;630686;630687;630692;630695;630696;630697;630700;630701;630706;630707;630708;630714;630715;630722;630735;630736;630743;630744;630745;630750;630751;630752;630753;630758;630759;630760;630761;630766;630767;630768;630769;630775;630776;630777;630789;630791;630796;630797;630798;630803;630804;630805;630810;630811;630812;630813;630814;630815;630820;630821;630822;630823;630824;630825;630830;630831;630832;630833;630834;630835;630846;630851;630852;630854;630855;630856;630857;630862;630863;630864;630865;630866;630867;630873;630874;630875;630876;630877;630878;630879,630602;630617;630632;630647;630662;630676;630690;630704;630711;630718;630725;630732;630740;630748;630756;630764;630772;630780;630787;630794;630801;630808;630818;630828;630838;630849;630860;630871,0.04011169283682736
10601,gdsc:1060:0.25uM,630606,9753,101,1060,0.25,114727.0,102017.41818181818,1537.5357142857142,scan:9753:NC-1+B,630604;630607;630608;630609;630612;630613;630614;630622;630623;630624;630627;630628;630629;630634;630637;630638;630639;630642;630643;630644;630649;630664;630667;630668;630669;630673;630678;630681;630682;630683;630686;630687;630692;630695;630696;630697;630700;630701;630706;630707;630708;630714;630715;630722;630735;630736;630743;630744;630745;630750;630751;630752;630753;630758;630759;630760;630761;630766;630767;630768;630769;630775;630776;630777;630789;630791;630796;630797;630798;630803;630804;630805;630810;630811;630812;630813;630814;630815;630820;630821;630822;630823;630824;630825;630830;630831;630832;630833;630834;630835;630846;630851;630852;630854;630855;630856;630857;630862;630863;630864;630865;630866;630867;630873;630874;630875;630876;630877;630878;630879,630602;630617;630632;630647;630662;630676;630690;630704;630711;630718;630725;630732;630740;630748;630756;630764;630772;630780;630787;630794;630801;630808;630818;630828;630838;630849;630860;630871,-0.12648882050880772
10615,gdsc:1032:2uM,631562,9757,124,1032,2.0,19709.0,36043.40909090909,902.6785714285714,scan:9757:NC-1+B,631555;631558;631559;631560;631563;631564;631565;631573;631574;631575;631578;631579;631580;631585;631588;631589;631590;631593;631594;631595;631600;631615;631618;631619;631620;631624;631629;631632;631633;631634;631637;631638;631643;631646;631647;631648;631651;631652;631657;631658;631659;631665;631666;631673;631686;631687;631694;631695;631696;631701;631702;631703;631704;631709;631710;631711;631712;631717;631718;631719;631720;631726;631727;631728;631740;631742;631747;631748;631749;631754;631755;631756;631761;631762;631763;631764;631765;631766;631771;631772;631773;631774;631775;631776;631781;631782;631783;631784;631785;631786;631797;631802;631803;631805;631806;631807;631808;631813;631814;631815;631816;631817;631818;631824;631825;631826;631827;631828;631829;631830,631553;631568;631583;631598;631613;631627;631641;631655;631662;631669;631676;631683;631691;631699;631707;631715;631723;631731;631738;631745;631752;631759;631769;631779;631789;631800;631811;631822,0.4648283871575747
10615,gdsc:1036:10uM,631561,9757,123,1036,10.0,28270.0,36043.40909090909,902.6785714285714,scan:9757:NC-1+B,631555;631558;631559;631560;631563;631564;631565;631573;631574;631575;631578;631579;631580;631585;631588;631589;631590;631593;631594;631595;631600;631615;631618;631619;631620;631624;631629;631632;631633;631634;631637;631638;631643;631646;631647;631648;631651;631652;631657;631658;631659;631665;631666;631673;631686;631687;631694;631695;631696;631701;631702;631703;631704;631709;631710;631711;631712;631717;631718;631719;631720;631726;631727;631728;631740;631742;631747;631748;631749;631754;631755;631756;631761;631762;631763;631764;631765;631766;631771;631772;631773;631774;631775;631776;631781;631782;631783;631784;631785;631786;631797;631802;631803;631805;631806;631807;631808;631813;631814;631815;631816;631817;631818;631824;631825;631826;631827;631828;631829;631830,631553;631568;631583;631598;631613;631627;631641;631655;631662;631669;631676;631683;631691;631699;631707;631715;631723;631731;631738;631745;631752;631759;631769;631779;631789;631800;631811;631822,0.22120795373334212
10615,gdsc:1060:0.25uM,631557,9757,101,1060,0.25,31655.0,36043.40909090909,902.6785714285714,scan:9757:NC-1+B,631555;631558;631559;631560;631563;631564;631565;631573;631574;631575;631578;631579;631580;631585;631588;631589;631590;631593;631594;631595;631600;631615;631618;631619;631620;631624;631629;631632;631633;631634;631637;631638;631643;631646;631647;631648;631651;631652;631657;631658;631659;631665;631666;631673;631686;631687;631694;631695;631696;631701;631702;631703;631704;631709;631710;631711;631712;631717;631718;631719;631720;631726;631727;631728;631740;631742;631747;631748;631749;631754;631755;631756;631761;631762;631763;631764;631765;631766;631771;631772;631773;631774;631775;631776;631781;631782;631783;631784;631785;631786;631797;631802;631803;631805;631806;631807;631808;631813;631814;631815;631816;631817;631818;631824;631825;631826;631827;631828;631829;631830,631553;631568;631583;631598;631613;631627;631641;631655;631662;631669;631676;631683;631691;631699;631707;631715;631723;631731;631738;631745;631752;631759;631769;631779;631789;631800;631811;631822,0.12488098642332846
10618,gdsc:1032:2uM,632513,9759,124,1032,2.0,37430.0,40583.79090909091,821.9642857142857,scan:9759:NC-1+B,632506;632509;632510;632511;632514;632515;632516;632524;632525;632526;632529;632530;632531;632536;632539;632540;632541;632544;632545;632546;632551;632566;632569;632570;632571;632575;632580;632583;632584;632585;632588;632589;632594;632597;632598;632599;632602;632603;632608;632609;632610;632616;632617;632624;632637;632638;632645;632646;632647;632652;632653;632654;632655;632660;632661;632662;632663;632668;632669;632670;632671;632677;632678;632679;632691;632693;632698;632699;632700;632705;632706;632707;632712;632713;632714;632715;632716;632717;632722;632723;632724;632725;632726;632727;632732;632733;632734;632735;632736;632737;632748;632753;632754;632756;632757;632758;632759;632764;632765;632766;632767;632768;632769;632775;632776;632777;632778;632779;632780;632781,632504;632519;632534;632549;632564;632578;632592;632606;632613;632620;632627;632634;632642;632650;632658;632666;632674;632682;632689;632696;632703;632710;632720;632730;632740;632751;632762;632773,0.07931705298560765
10618,gdsc:1036:10uM,632512,9759,123,1036,10.0,41811.0,40583.79090909091,821.9642857142857,scan:9759:NC-1+B,632506;632509;632510;632511;632514;632515;632516;632524;632525;632526;632529;632530;632531;632536;632539;632540;632541;632544;632545;632546;632551;632566;632569;632570;632571;632575;632580;632583;632584;632585;632588;632589;632594;632597;632598;632599;632602;632603;632608;632609;632610;632616;632617;632624;632637;632638;632645;632646;632647;632652;632653;632654;632655;632660;632661;632662;632663;632668;632669;632670;632671;632677;632678;632679;632691;632693;632698;632699;632700;632705;632706;632707;632712;632713;632714;632715;632716;632717;632722;632723;632724;632725;632726;632727;632732;632733;632734;632735;632736;632737;632748;632753;632754;632756;632757;632758;632759;632764;632765;632766;632767;632768;632769;632775;632776;632777;632778;632779;632780;632781,632504;632519;632534;632549;632564;632578;632592;632606;632613;632620;632627;632634;632642;632650;632658;632666;632674;632682;632689;632696;632703;632710;632720;632730;632740;632751;632762;632773,-0.030864001861212076
10618,gdsc:1060:0.25uM,632508,9759,101,1060,0.25,34642.0,40583.79090909091,821.9642857142857,scan:9759:NC-1+B,632506;632509;632510;632511;632514;632515;632516;632524;632525;632526;632529;632530;632531;632536;632539;632540;632541;632544;632545;632546;632551;632566;632569;632570;632571;632575;632580;632583;632584;632585;632588;632589;632594;632597;632598;632599;632602;632603;632608;632609;632610;632616;632617;632624;632637;632638;632645;632646;632647;632652;632653;632654;632655;632660;632661;632662;632663;632668;632669;632670;632671;632677;632678;632679;632691;632693;632698;632699;632700;632705;632706;632707;632712;632713;632714;632715;632716;632717;632722;632723;632724;632725;632726;632727;632732;632733;632734;632735;632736;632737;632748;632753;632754;632756;632757;632758;632759;632764;632765;632766;632767;632768;632769;632775;632776;632777;632778;632779;632780;632781,632504;632519;632534;632549;632564;632578;632592;632606;632613;632620;632627;632634;632642;632650;632658;632666;632674;632682;632689;632696;632703;632710;632720;632730;632740;632751;632762;632773,0.14943455604722222
10621,gdsc:1032:2uM,633464,9761,124,1032,2.0,24686.0,50607.990909090906,839.9285714285714,scan:9761:NC-1+B,633457;633460;633461;633462;633465;633466;633467;633475;633476;633477;633480;633481;633482;633487;633490;633491;633492;633495;633496;633497;633502;633517;633520;633521;633522;633526;633531;633534;633535;633536;633539;633540;633545;633548;633549;633550;633553;633554;633559;633560;633561;633567;633568;633575;633588;633589;633596;633597;633598;633603;633604;633605;633606;633611;633612;633613;633614;633619;633620;633621;633622;633628;633629;633630;633642;633644;633649;633650;633651;633656;633657;633658;633663;633664;633665;633666;633667;633668;633673;633674;633675;633676;633677;633678;633683;633684;633685;633686;633687;633688;633699;633704;633705;633707;633708;633709;633710;633715;633716;633717;633718;633719;633720;633726;633727;633728;633729;633730;633731;633732,633455;633470;633485;633500;633515;633529;633543;633557;633564;633571;633578;633585;633593;633601;633609;633617;633625;633633;633640;633647;633654;633661;633671;633681;633691;633702;633713;633724,0.5208559403662829
10621,gdsc:1036:10uM,633463,9761,123,1036,10.0,49976.0,50607.990909090906,839.9285714285714,scan:9761:NC-1+B,633457;633460;633461;633462;633465;633466;633467;633475;633476;633477;633480;633481;633482;633487;633490;633491;633492;633495;633496;633497;633502;633517;633520;633521;633522;633526;633531;633534;633535;633536;633539;633540;633545;633548;633549;633550;633553;633554;633559;633560;633561;633567;633568;633575;633588;633589;633596;633597;633598;633603;633604;633605;633606;633611;633612;633613;633614;633619;633620;633621;633622;633628;633629;633630;633642;633644;633649;633650;633651;633656;633657;633658;633663;633664;633665;633666;633667;633668;633673;633674;633675;633676;633677;633678;633683;633684;633685;633686;633687;633688;633699;633704;633705;633707;633708;633709;633710;633715;633716;633717;633718;633719;633720;633726;633727;633728;633729;633730;633731;633732,633455;633470;633485;633500;633515;633529;633543;633557;633564;633571;633578;633585;633593;633601;633609;633617;633625;633633;633640;633647;633654;633661;633671;633681;633691;633702;633713;633724,0.012698724431002062
10621,gdsc:1060:0.25uM,633459,9761,101,1060,0.25,29664.0,50607.990909090906,839.9285714285714,scan:9761:NC-1+B,633457;633460;633461;633462;633465;633466;633467;633475;633476;633477;633480;633481;633482;633487;633490;633491;633492;633495;633496;633497;633502;633517;633520;633521;633522;633526;633531;633534;633535;633536;633539;633540;633545;633548;633549;633550;633553;633554;633559;633560;633561;633567;633568;633575;633588;633589;633596;633597;633598;633603;633604;633605;633606;633611;633612;633613;633614;633619;633620;633621;633622;633628;633629;633630;633642;633644;633649;633650;633651;633656;633657;633658;633663;633664;633665;633666;633667;633668;633673;633674;633675;633676;633677;633678;633683;633684;633685;633686;633687;633688;633699;633704;633705;633707;633708;633709;633710;633715;633716;633717;633718;633719;633720;633726;633727;633728;633729;633730;633731;633732,633455;633470;633485;633500;633515;633529;633543;633557;633564;633571;633578;633585;633593;633601;633609;633617;633625;633633;633640;633647;633654;633661;633671;633681;633691;633702;633713;633724,0.4208319537737235
10627,gdsc:1032:2uM,633936,9765,124,1032,2.0,33049.0,41253.781818181815,1403.75,scan:9765:NC-1+B,633929;633932;633933;633934;633937;633938;633939;633947;633948;633949;633952;633953;633954;633959;633962;633963;633964;633967;633968;633969;633974;633989;633992;633993;633994;633998;634003;634006;634007;634008;634011;634012;634017;634020;634021;634022;634025;634026;634031;634032;634033;634039;634040;634047;634060;634061;634068;634069;634070;634075;634076;634077;634078;634083;634084;634085;634086;634091;634092;634093;634094;634100;634101;634102;634114;634116;634121;634122;634123;634128;634129;634130;634135;634136;634137;634138;634139;634140;634145;634146;634147;634148;634149;634150;634155;634156;634157;634158;634159;634160;634171;634176;634177;634179;634180;634181;634182;634187;634188;634189;634190;634191;634192;634198;634199;634200;634201;634202;634203;634204,633927;633942;633957;633972;633987;634001;634015;634029;634036;634043;634050;634057;634065;634073;634081;634089;634097;634105;634112;634119;634126;634133;634143;634153;634163;634174;634185;634196,0.20589147470738867
10627,gdsc:1036:10uM,633935,9765,123,1036,10.0,25084.0,41253.781818181815,1403.75,scan:9765:NC-1+B,633929;633932;633933;633934;633937;633938;633939;633947;633948;633949;633952;633953;633954;633959;633962;633963;633964;633967;633968;633969;633974;633989;633992;633993;633994;633998;634003;634006;634007;634008;634011;634012;634017;634020;634021;634022;634025;634026;634031;634032;634033;634039;634040;634047;634060;634061;634068;634069;634070;634075;634076;634077;634078;634083;634084;634085;634086;634091;634092;634093;634094;634100;634101;634102;634114;634116;634121;634122;634123;634128;634129;634130;634135;634136;634137;634138;634139;634140;634145;634146;634147;634148;634149;634150;634155;634156;634157;634158;634159;634160;634171;634176;634177;634179;634180;634181;634182;634187;634188;634189;634190;634191;634192;634198;634199;634200;634201;634202;634203;634204,633927;633942;633957;633972;633987;634001;634015;634029;634036;634043;634050;634057;634065;634073;634081;634089;634097;634105;634112;634119;634126;634133;634143;634153;634163;634174;634185;634196,0.40576584460352316
10627,gdsc:1060:0.25uM,633931,9765,101,1060,0.25,17718.0,41253.781818181815,1403.75,scan:9765:NC-1+B,633929;633932;633933;633934;633937;633938;633939;633947;633948;633949;633952;633953;633954;633959;633962;633963;633964;633967;633968;633969;633974;633989;633992;633993;633994;633998;634003;634006;634007;634008;634011;634012;634017;634020;634021;634022;634025;634026;634031;634032;634033;634039;634040;634047;634060;634061;634068;634069;634070;634075;634076;634077;634078;634083;634084;634085;634086;634091;634092;634093;634094;634100;634101;634102;634114;634116;634121;634122;634123;634128;634129;634130;634135;634136;634137;634138;634139;634140;634145;634146;634147;634148;634149;634150;634155;634156;634157;634158;634159;634160;634171;634176;634177;634179;634180;634181;634182;634187;634188;634189;634190;634191;634192;634198;634199;634200;634201;634202;634203;634204,633927;633942;633957;633972;633987;634001;634015;634029;634036;634043;634050;634057;634065;634073;634081;634089;634097;634105;634112;634119;634126;634133;634143;634153;634163;634174;634185;634196,0.5906088588728171
10630,gdsc:1032:2uM,634887,9767,124,1032,2.0,27872.0,36099.53636363636,746.9285714285714,scan:9767:NC-1+B,634880;634883;634884;634885;634888;634889;634890;634898;634899;634900;634903;634904;634905;634910;634913;634914;634915;634918;634919;634920;634925;634940;634943;634944;634945;634949;634954;634957;634958;634959;634962;634963;634968;634971;634972;634973;634976;634977;634982;634983;634984;634990;634991;634998;635011;635012;635019;635020;635021;635026;635027;635028;635029;635034;635035;635036;635037;635042;635043;635044;635045;635051;635052;635053;635065;635067;635072;635073;635074;635079;635080;635081;635086;635087;635088;635089;635090;635091;635096;635097;635098;635099;635100;635101;635106;635107;635108;635109;635110;635111;635122;635127;635128;635130;635131;635132;635133;635138;635139;635140;635141;635142;635143;635149;635150;635151;635152;635153;635154;635155,634878;634893;634908;634923;634938;634952;634966;634980;634987;634994;635001;635008;635016;635024;635032;635040;635048;635056;635063;635070;635077;635084;635094;635104;635114;635125;635136;635147,0.23272784887596965
10630,gdsc:1036:10uM,634886,9767,123,1036,10.0,30261.0,36099.53636363636,746.9285714285714,scan:9767:NC-1+B,634880;634883;634884;634885;634888;634889;634890;634898;634899;634900;634903;634904;634905;634910;634913;634914;634915;634918;634919;634920;634925;634940;634943;634944;634945;634949;634954;634957;634958;634959;634962;634963;634968;634971;634972;634973;634976;634977;634982;634983;634984;634990;634991;634998;635011;635012;635019;635020;635021;635026;635027;635028;635029;635034;635035;635036;635037;635042;635043;635044;635045;635051;635052;635053;635065;635067;635072;635073;635074;635079;635080;635081;635086;635087;635088;635089;635090;635091;635096;635097;635098;635099;635100;635101;635106;635107;635108;635109;635110;635111;635122;635127;635128;635130;635131;635132;635133;635138;635139;635140;635141;635142;635143;635149;635150;635151;635152;635153;635154;635155,634878;634893;634908;634923;634938;634952;634966;634980;634987;634994;635001;635008;635016;635024;635032;635040;635048;635056;635063;635070;635077;635084;635094;635104;635114;635125;635136;635147,0.16515150446477833
10630,gdsc:1060:0.25uM,634882,9767,101,1060,0.25,42409.0,36099.53636363636,746.9285714285714,scan:9767:NC-1+B,634880;634883;634884;634885;634888;634889;634890;634898;634899;634900;634903;634904;634905;634910;634913;634914;634915;634918;634919;634920;634925;634940;634943;634944;634945;634949;634954;634957;634958;634959;634962;634963;634968;634971;634972;634973;634976;634977;634982;634983;634984;634990;634991;634998;635011;635012;635019;635020;635021;635026;635027;635028;635029;635034;635035;635036;635037;635042;635043;635044;635045;635051;635052;635053;635065;635067;635072;635073;635074;635079;635080;635081;635086;635087;635088;635089;635090;635091;635096;635097;635098;635099;635100;635101;635106;635107;635108;635109;635110;635111;635122;635127;635128;635130;635131;635132;635133;635138;635139;635140;635141;635142;635143;635149;635150;635151;635152;635153;635154;635155,634878;634893;634908;634923;634938;634952;634966;634980;634987;634994;635001;635008;635016;635024;635032;635040;635048;635056;635063;635070;635077;635084;635094;635104;635114;635125;635136;635147,-0.17847236824646173
10633,gdsc:1032:2uM,635838,9769,124,1032,2.0,28469.0,29682.154545454545,725.0,scan:9769:NC-1+B,635831;635834;635835;635836;635839;635840;635841;635849;635850;635851;635854;635855;635856;635861;635864;635865;635866;635869;635870;635871;635876;635891;635894;635895;635896;635900;635905;635908;635909;635910;635913;635914;635919;635922;635923;635924;635927;635928;635933;635934;635935;635941;635942;635949;635962;635963;635970;635971;635972;635977;635978;635979;635980;635985;635986;635987;635988;635993;635994;635995;635996;636002;636003;636004;636016;636018;636023;636024;636025;636030;636031;636032;636037;636038;636039;636040;636041;636042;636047;636048;636049;636050;636051;636052;636057;636058;636059;636060;636061;636062;636073;636078;636079;636081;636082;636083;636084;636089;636090;636091;636092;636093;636094;636100;636101;636102;636103;636104;636105;636106,635829;635844;635859;635874;635889;635903;635917;635931;635938;635945;635952;635959;635967;635975;635983;635991;635999;636007;636014;636021;636028;636035;636045;636055;636065;636076;636087;636098,0.04189481199025391
10633,gdsc:1036:10uM,635837,9769,123,1036,10.0,31058.0,29682.154545454545,725.0,scan:9769:NC-1+B,635831;635834;635835;635836;635839;635840;635841;635849;635850;635851;635854;635855;635856;635861;635864;635865;635866;635869;635870;635871;635876;635891;635894;635895;635896;635900;635905;635908;635909;635910;635913;635914;635919;635922;635923;635924;635927;635928;635933;635934;635935;635941;635942;635949;635962;635963;635970;635971;635972;635977;635978;635979;635980;635985;635986;635987;635988;635993;635994;635995;635996;636002;636003;636004;636016;636018;636023;636024;636025;636030;636031;636032;636037;636038;636039;636040;636041;636042;636047;636048;636049;636050;636051;636052;636057;636058;636059;636060;636061;636062;636073;636078;636079;636081;636082;636083;636084;636089;636090;636091;636092;636093;636094;636100;636101;636102;636103;636104;636105;636106,635829;635844;635859;635874;635889;635903;635917;635931;635938;635945;635952;635959;635967;635975;635983;635991;635999;636007;636014;636021;636028;636035;636045;636055;636065;636076;636087;636098,-0.047513144027524046
10633,gdsc:1060:0.25uM,635833,9769,101,1060,0.25,31854.0,29682.154545454545,725.0,scan:9769:NC-1+B,635831;635834;635835;635836;635839;635840;635841;635849;635850;635851;635854;635855;635856;635861;635864;635865;635866;635869;635870;635871;635876;635891;635894;635895;635896;635900;635905;635908;635909;635910;635913;635914;635919;635922;635923;635924;635927;635928;635933;635934;635935;635941;635942;635949;635962;635963;635970;635971;635972;635977;635978;635979;635980;635985;635986;635987;635988;635993;635994;635995;635996;636002;636003;636004;636016;636018;636023;636024;636025;636030;636031;636032;636037;636038;636039;636040;636041;636042;636047;636048;636049;636050;636051;636052;636057;636058;636059;636060;636061;636062;636073;636078;636079;636081;636082;636083;636084;636089;636090;636091;636092;636093;636094;636100;636101;636102;636103;636104;636105;636106,635829;635844;635859;635874;635889;635903;635917;635931;635938;635945;635952;635959;635967;635975;635983;635991;635999;636007;636014;636021;636028;636035;636045;636055;636065;636076;636087;636098,-0.07500203278385897
10636,gdsc:1032:2uM,636789,9771,124,1032,2.0,61728.0,60373.645454545454,1017.1428571428571,scan:9771:NC-1+B,636782;636785;636786;636787;636790;636791;636792;636800;636801;636802;636805;636806;636807;636812;636815;636816;636817;636820;636821;636822;636827;636842;636845;636846;636847;636851;636856;636859;636860;636861;636864;636865;636870;636873;636874;636875;636878;636879;636884;636885;636886;636892;636893;636900;636913;636914;636921;636922;636923;636928;636929;636930;636931;636936;636937;636938;636939;636944;636945;636946;636947;636953;636954;636955;636967;636969;636974;636975;636976;636981;636982;636983;636988;636989;636990;636991;636992;636993;636998;636999;637000;637001;637002;637003;637008;637009;637010;637011;637012;637013;637024;637029;637030;637032;637033;637034;637035;637040;637041;637042;637043;637044;637045;637051;637052;637053;637054;637055;637056;637057,636780;636795;636810;636825;636840;636854;636868;636882;636889;636896;636903;636910;636918;636926;636934;636942;636950;636958;636965;636972;636979;636986;636996;637006;637016;637027;637038;637049,-0.0228172902072874
10636,gdsc:1036:10uM,636788,9771,123,1036,10.0,54956.0,60373.645454545454,1017.1428571428571,scan:9771:NC-1+B,636782;636785;636786;636787;636790;636791;636792;636800;636801;636802;636805;636806;636807;636812;636815;636816;636817;636820;636821;636822;636827;636842;636845;636846;636847;636851;636856;636859;636860;636861;636864;636865;636870;636873;636874;636875;636878;636879;636884;636885;636886;636892;636893;636900;636913;636914;636921;636922;636923;636928;636929;636930;636931;636936;636937;636938;636939;636944;636945;636946;636947;636953;636954;636955;636967;636969;636974;636975;636976;636981;636982;636983;636988;636989;636990;636991;636992;636993;636998;636999;637000;637001;637002;637003;637008;637009;637010;637011;637012;637013;637024;637029;637030;637032;637033;637034;637035;637040;637041;637042;637043;637044;637045;637051;637052;637053;637054;637055;637056;637057,636780;636795;636810;636825;636840;636854;636868;636882;636889;636896;636903;636910;636918;636926;636934;636942;636950;636958;636965;636972;636979;636986;636996;637006;637016;637027;637038;637049,0.09127298977319676
10636,gdsc:1060:0.25uM,636784,9771,101,1060,0.25,62325.0,60373.645454545454,1017.1428571428571,scan:9771:NC-1+B,636782;636785;636786;636787;636790;636791;636792;636800;636801;636802;636805;636806;636807;636812;636815;636816;636817;636820;636821;636822;636827;636842;636845;636846;636847;636851;636856;636859;636860;636861;636864;636865;636870;636873;636874;636875;636878;636879;636884;636885;636886;636892;636893;636900;636913;636914;636921;636922;636923;636928;636929;636930;636931;636936;636937;636938;636939;636944;636945;636946;636947;636953;636954;636955;636967;636969;636974;636975;636976;636981;636982;636983;636988;636989;636990;636991;636992;636993;636998;636999;637000;637001;637002;637003;637008;637009;637010;637011;637012;637013;637024;637029;637030;637032;637033;637034;637035;637040;637041;637042;637043;637044;637045;637051;637052;637053;637054;637055;637056;637057,636780;636795;636810;636825;636840;636854;636868;636882;636889;636896;636903;636910;636918;636926;636934;636942;636950;636958;636965;636972;636979;636986;636996;637006;637016;637027;637038;637049,-0.03287516043002059
10639,gdsc:1032:2uM,637740,9773,124,1032,2.0,26876.0,55600.53636363636,704.25,scan:9773:NC-1+B,637733;637736;637737;637738;637741;637742;637743;637751;637752;637753;637756;637757;637758;637763;637766;637767;637768;637771;637772;637773;637778;637793;637796;637797;637798;637802;637807;637810;637811;637812;637815;637816;637821;637824;637825;637826;637829;637830;637835;637836;637837;637843;637844;637851;637864;637865;637872;637873;637874;637879;637880;637881;637882;637887;637888;637889;637890;637895;637896;637897;637898;637904;637905;637906;637918;637920;637925;637926;637927;637932;637933;637934;637939;637940;637941;637942;637943;637944;637949;637950;637951;637952;637953;637954;637959;637960;637961;637962;637963;637964;637975;637980;637981;637983;637984;637985;637986;637991;637992;637993;637994;637995;637996;638002;638003;638004;638005;638006;638007;638008,637731;637746;637761;637776;637791;637805;637819;637833;637840;637847;637854;637861;637869;637877;637885;637893;637901;637909;637916;637923;637930;637937;637947;637957;637967;637978;637989;638000,0.5232509932158849
10639,gdsc:1036:10uM,637739,9773,123,1036,10.0,45993.0,55600.53636363636,704.25,scan:9773:NC-1+B,637733;637736;637737;637738;637741;637742;637743;637751;637752;637753;637756;637757;637758;637763;637766;637767;637768;637771;637772;637773;637778;637793;637796;637797;637798;637802;637807;637810;637811;637812;637815;637816;637821;637824;637825;637826;637829;637830;637835;637836;637837;637843;637844;637851;637864;637865;637872;637873;637874;637879;637880;637881;637882;637887;637888;637889;637890;637895;637896;637897;637898;637904;637905;637906;637918;637920;637925;637926;637927;637932;637933;637934;637939;637940;637941;637942;637943;637944;637949;637950;637951;637952;637953;637954;637959;637960;637961;637962;637963;637964;637975;637980;637981;637983;637984;637985;637986;637991;637992;637993;637994;637995;637996;638002;638003;638004;638005;638006;638007;638008,637731;637746;637761;637776;637791;637805;637819;637833;637840;637847;637854;637861;637869;637877;637885;637893;637901;637909;637916;637923;637930;637937;637947;637957;637967;637978;637989;638000,0.17501250084560283
10639,gdsc:1060:0.25uM,637735,9773,101,1060,0.25,57943.0,55600.53636363636,704.25,scan:9773:NC-1+B,637733;637736;637737;637738;637741;637742;637743;637751;637752;637753;637756;637757;637758;637763;637766;637767;637768;637771;637772;637773;637778;637793;637796;637797;637798;637802;637807;637810;637811;637812;637815;637816;637821;637824;637825;637826;637829;637830;637835;637836;637837;637843;637844;637851;637864;637865;637872;637873;637874;637879;637880;637881;637882;637887;637888;637889;637890;637895;637896;637897;637898;637904;637905;637906;637918;637920;637925;637926;637927;637932;637933;637934;637939;637940;637941;637942;637943;637944;637949;637950;637951;637952;637953;637954;637959;637960;637961;637962;637963;637964;637975;637980;637981;637983;637984;637985;637986;637991;637992;637993;637994;637995;637996;638002;638003;638004;638005;638006;638007;638008,637731;637746;637761;637776;637791;637805;637819;637833;637840;637847;637854;637861;637869;637877;637885;637893;637901;637909;637916;637923;637930;637937;637947;637957;637967;637978;637989;638000,-0.042670712201678285
10642,gdsc:1032:2uM,638691,9775,124,1032,2.0,34045.0,37544.163636363635,896.8571428571429,scan:9775:NC-1+B,638684;638687;638688;638689;638692;638693;638694;638702;638703;638704;638707;638708;638709;638714;638717;638718;638719;638722;638723;638724;638729;638744;638747;638748;638749;638753;638758;638761;638762;638763;638766;638767;638772;638775;638776;638777;638780;638781;638786;638787;638788;638794;638795;638802;638815;638816;638823;638824;638825;638830;638831;638832;638833;638838;638839;638840;638841;638846;638847;638848;638849;638855;638856;638857;638869;638871;638876;638877;638878;638883;638884;638885;638890;638891;638892;638893;638894;638895;638900;638901;638902;638903;638904;638905;638910;638911;638912;638913;638914;638915;638926;638931;638932;638934;638935;638936;638937;638942;638943;638944;638945;638946;638947;638953;638954;638955;638956;638957;638958;638959,638682;638697;638712;638727;638742;638756;638770;638784;638791;638798;638805;638812;638820;638828;638836;638844;638852;638860;638867;638874;638881;638888;638898;638908;638918;638929;638940;638951,0.09548215056360687
10642,gdsc:1036:10uM,638690,9775,123,1036,10.0,35240.0,37544.163636363635,896.8571428571429,scan:9775:NC-1+B,638684;638687;638688;638689;638692;638693;638694;638702;638703;638704;638707;638708;638709;638714;638717;638718;638719;638722;638723;638724;638729;638744;638747;638748;638749;638753;638758;638761;638762;638763;638766;638767;638772;638775;638776;638777;638780;638781;638786;638787;638788;638794;638795;638802;638815;638816;638823;638824;638825;638830;638831;638832;638833;638838;638839;638840;638841;638846;638847;638848;638849;638855;638856;638857;638869;638871;638876;638877;638878;638883;638884;638885;638890;638891;638892;638893;638894;638895;638900;638901;638902;638903;638904;638905;638910;638911;638912;638913;638914;638915;638926;638931;638932;638934;638935;638936;638937;638942;638943;638944;638945;638946;638947;638953;638954;638955;638956;638957;638958;638959,638682;638697;638712;638727;638742;638756;638770;638784;638791;638798;638805;638812;638820;638828;638836;638844;638852;638860;638867;638874;638881;638888;638898;638908;638918;638929;638940;638951,0.06287402422799904
10642,gdsc:1060:0.25uM,638686,9775,101,1060,0.25,23492.0,37544.163636363635,896.8571428571429,scan:9775:NC-1+B,638684;638687;638688;638689;638692;638693;638694;638702;638703;638704;638707;638708;638709;638714;638717;638718;638719;638722;638723;638724;638729;638744;638747;638748;638749;638753;638758;638761;638762;638763;638766;638767;638772;638775;638776;638777;638780;638781;638786;638787;638788;638794;638795;638802;638815;638816;638823;638824;638825;638830;638831;638832;638833;638838;638839;638840;638841;638846;638847;638848;638849;638855;638856;638857;638869;638871;638876;638877;638878;638883;638884;638885;638890;638891;638892;638893;638894;638895;638900;638901;638902;638903;638904;638905;638910;638911;638912;638913;638914;638915;638926;638931;638932;638934;638935;638936;638937;638942;638943;638944;638945;638946;638947;638953;638954;638955;638956;638957;638958;638959,638682;638697;638712;638727;638742;638756;638770;638784;638791;638798;638805;638812;638820;638828;638836;638844;638852;638860;638867;638874;638881;638888;638898;638908;638918;638929;638940;638951,0.38344328631228397
10645,gdsc:1032:2uM,639642,9777,124,1032,2.0,22695.0,43943.86363636364,962.0714285714286,scan:9777:NC-1+B,639635;639638;639639;639640;639643;639644;639645;639653;639654;639655;639658;639659;639660;639665;639668;639669;639670;639673;639674;639675;639680;639695;639698;639699;639700;639704;639709;639712;639713;639714;639717;639718;639723;639726;639727;639728;639731;639732;639737;639738;639739;639745;639746;639753;639766;639767;639774;639775;639776;639781;639782;639783;639784;639789;639790;639791;639792;639797;639798;639799;639800;639806;639807;639808;639820;639822;639827;639828;639829;639834;639835;639836;639841;639842;639843;639844;639845;639846;639851;639852;639853;639854;639855;639856;639861;639862;639863;639864;639865;639866;639877;639882;639883;639885;639886;639887;639888;639893;639894;639895;639896;639897;639898;639904;639905;639906;639907;639908;639909;639910,639633;639648;639663;639678;639693;639707;639721;639735;639742;639749;639756;639763;639771;639779;639787;639795;639803;639811;639818;639825;639832;639839;639849;639859;639869;639880;639891;639902,0.49436895357079624
10645,gdsc:1036:10uM,639641,9777,123,1036,10.0,40417.0,43943.86363636364,962.0714285714286,scan:9777:NC-1+B,639635;639638;639639;639640;639643;639644;639645;639653;639654;639655;639658;639659;639660;639665;639668;639669;639670;639673;639674;639675;639680;639695;639698;639699;639700;639704;639709;639712;639713;639714;639717;639718;639723;639726;639727;639728;639731;639732;639737;639738;639739;639745;639746;639753;639766;639767;639774;639775;639776;639781;639782;639783;639784;639789;639790;639791;639792;639797;639798;639799;639800;639806;639807;639808;639820;639822;639827;639828;639829;639834;639835;639836;639841;639842;639843;639844;639845;639846;639851;639852;639853;639854;639855;639856;639861;639862;639863;639864;639865;639866;639877;639882;639883;639885;639886;639887;639888;639893;639894;639895;639896;639897;639898;639904;639905;639906;639907;639908;639909;639910,639633;639648;639663;639678;639693;639707;639721;639735;639742;639749;639756;639763;639771;639779;639787;639795;639803;639811;639818;639825;639832;639839;639849;639859;639869;639880;639891;639902,0.08205482961979071
10645,gdsc:1060:0.25uM,639637,9777,101,1060,0.25,39421.0,43943.86363636364,962.0714285714286,scan:9777:NC-1+B,639635;639638;639639;639640;639643;639644;639645;639653;639654;639655;639658;639659;639660;639665;639668;639669;639670;639673;639674;639675;639680;639695;639698;639699;639700;639704;639709;639712;639713;639714;639717;639718;639723;639726;639727;639728;639731;639732;639737;639738;639739;639745;639746;639753;639766;639767;639774;639775;639776;639781;639782;639783;639784;639789;639790;639791;639792;639797;639798;639799;639800;639806;639807;639808;639820;639822;639827;639828;639829;639834;639835;639836;639841;639842;639843;639844;639845;639846;639851;639852;639853;639854;639855;639856;639861;639862;639863;639864;639865;639866;639877;639882;639883;639885;639886;639887;639888;639893;639894;639895;639896;639897;639898;639904;639905;639906;639907;639908;639909;639910,639633;639648;639663;639678;639693;639707;639721;639735;639742;639749;639756;639763;639771;639779;639787;639795;639803;639811;639818;639825;639832;639839;639849;639859;639869;639880;639891;639902,0.105227432455543
10648,gdsc:1032:2uM,640593,9779,124,1032,2.0,41612.0,56138.22727272727,963.3928571428571,scan:9779:NC-1+B,640586;640589;640590;640591;640594;640595;640596;640604;640605;640606;640609;640610;640611;640616;640619;640620;640621;640624;640625;640626;640631;640646;640649;640650;640651;640655;640660;640663;640664;640665;640668;640669;640674;640677;640678;640679;640682;640683;640688;640689;640690;640696;640697;640704;640717;640718;640725;640726;640727;640732;640733;640734;640735;640740;640741;640742;640743;640748;640749;640750;640751;640757;640758;640759;640771;640773;640778;640779;640780;640785;640786;640787;640792;640793;640794;640795;640796;640797;640802;640803;640804;640805;640806;640807;640812;640813;640814;640815;640816;640817;640828;640833;640834;640836;640837;640838;640839;640844;640845;640846;640847;640848;640849;640855;640856;640857;640858;640859;640860;640861,640584;640599;640614;640629;640644;640658;640672;640686;640693;640700;640707;640714;640722;640730;640738;640746;640754;640762;640769;640776;640783;640790;640800;640810;640820;640831;640842;640853,0.2632763183902599
10648,gdsc:1036:10uM,640592,9779,123,1036,10.0,48184.0,56138.22727272727,963.3928571428571,scan:9779:NC-1+B,640586;640589;640590;640591;640594;640595;640596;640604;640605;640606;640609;640610;640611;640616;640619;640620;640621;640624;640625;640626;640631;640646;640649;640650;640651;640655;640660;640663;640664;640665;640668;640669;640674;640677;640678;640679;640682;640683;640688;640689;640690;640696;640697;640704;640717;640718;640725;640726;640727;640732;640733;640734;640735;640740;640741;640742;640743;640748;640749;640750;640751;640757;640758;640759;640771;640773;640778;640779;640780;640785;640786;640787;640792;640793;640794;640795;640796;640797;640802;640803;640804;640805;640806;640807;640812;640813;640814;640815;640816;640817;640828;640833;640834;640836;640837;640838;640839;640844;640845;640846;640847;640848;640849;640855;640856;640857;640858;640859;640860;640861,640584;640599;640614;640629;640644;640658;640672;640686;640693;640700;640707;640714;640722;640730;640738;640746;640754;640762;640769;640776;640783;640790;640800;640810;640820;640831;640842;640853,0.14416404429626273
10648,gdsc:1060:0.25uM,640588,9779,101,1060,0.25,52964.0,56138.22727272727,963.3928571428571,scan:9779:NC-1+B,640586;640589;640590;640591;640594;640595;640596;640604;640605;640606;640609;640610;640611;640616;640619;640620;640621;640624;640625;640626;640631;640646;640649;640650;640651;640655;640660;640663;640664;640665;640668;640669;640674;640677;640678;640679;640682;640683;640688;640689;640690;640696;640697;640704;640717;640718;640725;640726;640727;640732;640733;640734;640735;640740;640741;640742;640743;640748;640749;640750;640751;640757;640758;640759;640771;640773;640778;640779;640780;640785;640786;640787;640792;640793;640794;640795;640796;640797;640802;640803;640804;640805;640806;640807;640812;640813;640814;640815;640816;640817;640828;640833;640834;640836;640837;640838;640839;640844;640845;640846;640847;640848;640849;640855;640856;640857;640858;640859;640860;640861,640584;640599;640614;640629;640644;640658;640672;640686;640693;640700;640707;640714;640722;640730;640738;640746;640754;640762;640769;640776;640783;640790;640800;640810;640820;640831;640842;640853,0.05753034524432932
10651,gdsc:1032:2uM,641544,9781,124,1032,2.0,25881.0,27529.890909090907,684.8571428571429,scan:9781:NC-1+B,641537;641540;641541;641542;641545;641546;641547;641555;641556;641557;641560;641561;641562;641567;641570;641571;641572;641575;641576;641577;641582;641597;641600;641601;641602;641606;641611;641614;641615;641616;641619;641620;641625;641628;641629;641630;641633;641634;641639;641640;641641;641647;641648;641655;641668;641669;641676;641677;641678;641683;641684;641685;641686;641691;641692;641693;641694;641699;641700;641701;641702;641708;641709;641710;641722;641724;641729;641730;641731;641736;641737;641738;641743;641744;641745;641746;641747;641748;641753;641754;641755;641756;641757;641758;641763;641764;641765;641766;641767;641768;641779;641784;641785;641787;641788;641789;641790;641795;641796;641797;641798;641799;641800;641806;641807;641808;641809;641810;641811;641812,641535;641550;641565;641580;641595;641609;641623;641637;641644;641651;641658;641665;641673;641681;641689;641697;641705;641713;641720;641727;641734;641741;641751;641761;641771;641782;641793;641804,0.06142256789279643
10651,gdsc:1036:10uM,641543,9781,123,1036,10.0,21899.0,27529.890909090907,684.8571428571429,scan:9781:NC-1+B,641537;641540;641541;641542;641545;641546;641547;641555;641556;641557;641560;641561;641562;641567;641570;641571;641572;641575;641576;641577;641582;641597;641600;641601;641602;641606;641611;641614;641615;641616;641619;641620;641625;641628;641629;641630;641633;641634;641639;641640;641641;641647;641648;641655;641668;641669;641676;641677;641678;641683;641684;641685;641686;641691;641692;641693;641694;641699;641700;641701;641702;641708;641709;641710;641722;641724;641729;641730;641731;641736;641737;641738;641743;641744;641745;641746;641747;641748;641753;641754;641755;641756;641757;641758;641763;641764;641765;641766;641767;641768;641779;641784;641785;641787;641788;641789;641790;641795;641796;641797;641798;641799;641800;641806;641807;641808;641809;641810;641811;641812,641535;641550;641565;641580;641595;641609;641623;641637;641644;641651;641658;641665;641673;641681;641689;641697;641705;641713;641720;641727;641734;641741;641751;641761;641771;641782;641793;641804,0.20975540422577366
10651,gdsc:1060:0.25uM,641539,9781,101,1060,0.25,27275.0,27529.890909090907,684.8571428571429,scan:9781:NC-1+B,641537;641540;641541;641542;641545;641546;641547;641555;641556;641557;641560;641561;641562;641567;641570;641571;641572;641575;641576;641577;641582;641597;641600;641601;641602;641606;641611;641614;641615;641616;641619;641620;641625;641628;641629;641630;641633;641634;641639;641640;641641;641647;641648;641655;641668;641669;641676;641677;641678;641683;641684;641685;641686;641691;641692;641693;641694;641699;641700;641701;641702;641708;641709;641710;641722;641724;641729;641730;641731;641736;641737;641738;641743;641744;641745;641746;641747;641748;641753;641754;641755;641756;641757;641758;641763;641764;641765;641766;641767;641768;641779;641784;641785;641787;641788;641789;641790;641795;641796;641797;641798;641799;641800;641806;641807;641808;641809;641810;641811;641812,641535;641550;641565;641580;641595;641609;641623;641637;641644;641651;641658;641665;641673;641681;641689;641697;641705;641713;641720;641727;641734;641741;641751;641761;641771;641782;641793;641804,0.009494899924898381
10657,gdsc:1032:2uM,642495,9783,124,1032,2.0,45993.0,77048.92727272728,1339.0,scan:9783:NC-1+B,642488;642491;642492;642493;642496;642497;642498;642506;642507;642508;642511;642512;642513;642518;642521;642522;642523;642526;642527;642528;642533;642548;642551;642552;642553;642557;642562;642565;642566;642567;642570;642571;642576;642579;642580;642581;642584;642585;642590;642591;642592;642598;642599;642606;642619;642620;642627;642628;642629;642634;642635;642636;642637;642642;642643;642644;642645;642650;642651;642652;642653;642659;642660;642661;642673;642675;642680;642681;642682;642687;642688;642689;642694;642695;642696;642697;642698;642699;642704;642705;642706;642707;642708;642709;642714;642715;642716;642717;642718;642719;642730;642735;642736;642738;642739;642740;642741;642746;642747;642748;642749;642750;642751;642757;642758;642759;642760;642761;642762;642763,642486;642501;642516;642531;642546;642560;642574;642588;642595;642602;642609;642616;642624;642632;642640;642648;642656;642664;642671;642678;642685;642692;642702;642712;642722;642733;642744;642755,0.41019623702523944
10657,gdsc:1036:10uM,642494,9783,123,1036,10.0,51769.0,77048.92727272728,1339.0,scan:9783:NC-1+B,642488;642491;642492;642493;642496;642497;642498;642506;642507;642508;642511;642512;642513;642518;642521;642522;642523;642526;642527;642528;642533;642548;642551;642552;642553;642557;642562;642565;642566;642567;642570;642571;642576;642579;642580;642581;642584;642585;642590;642591;642592;642598;642599;642606;642619;642620;642627;642628;642629;642634;642635;642636;642637;642642;642643;642644;642645;642650;642651;642652;642653;642659;642660;642661;642673;642675;642680;642681;642682;642687;642688;642689;642694;642695;642696;642697;642698;642699;642704;642705;642706;642707;642708;642709;642714;642715;642716;642717;642718;642719;642730;642735;642736;642738;642739;642740;642741;642746;642747;642748;642749;642750;642751;642757;642758;642759;642760;642761;642762;642763,642486;642501;642516;642531;642546;642560;642574;642588;642595;642602;642609;642616;642624;642632;642640;642648;642656;642664;642671;642678;642685;642692;642702;642712;642722;642733;642744;642755,0.33390505292208594
10657,gdsc:1060:0.25uM,642490,9783,101,1060,0.25,77664.0,77048.92727272728,1339.0,scan:9783:NC-1+B,642488;642491;642492;642493;642496;642497;642498;642506;642507;642508;642511;642512;642513;642518;642521;642522;642523;642526;642527;642528;642533;642548;642551;642552;642553;642557;642562;642565;642566;642567;642570;642571;642576;642579;642580;642581;642584;642585;642590;642591;642592;642598;642599;642606;642619;642620;642627;642628;642629;642634;642635;642636;642637;642642;642643;642644;642645;642650;642651;642652;642653;642659;642660;642661;642673;642675;642680;642681;642682;642687;642688;642689;642694;642695;642696;642697;642698;642699;642704;642705;642706;642707;642708;642709;642714;642715;642716;642717;642718;642719;642730;642735;642736;642738;642739;642740;642741;642746;642747;642748;642749;642750;642751;642757;642758;642759;642760;642761;642762;642763,642486;642501;642516;642531;642546;642560;642574;642588;642595;642602;642609;642616;642624;642632;642640;642648;642656;642664;642671;642678;642685;642692;642702;642712;642722;642733;642744;642755,-0.008124069714887883
10660,gdsc:1032:2uM,643446,9785,124,1032,2.0,22894.0,27806.78181818182,727.5,scan:9785:NC-1+B,643439;643442;643443;643444;643447;643448;643449;643457;643458;643459;643462;643463;643464;643469;643472;643473;643474;643477;643478;643479;643484;643499;643502;643503;643504;643508;643513;643516;643517;643518;643521;643522;643527;643530;643531;643532;643535;643536;643541;643542;643543;643549;643550;643557;643570;643571;643578;643579;643580;643585;643586;643587;643588;643593;643594;643595;643596;643601;643602;643603;643604;643610;643611;643612;643624;643626;643631;643632;643633;643638;643639;643640;643645;643646;643647;643648;643649;643650;643655;643656;643657;643658;643659;643660;643665;643666;643667;643668;643669;643670;643681;643686;643687;643689;643690;643691;643692;643697;643698;643699;643700;643701;643702;643708;643709;643710;643711;643712;643713;643714,643437;643452;643467;643482;643497;643511;643525;643539;643546;643553;643560;643567;643575;643583;643591;643599;643607;643615;643622;643629;643636;643643;643653;643663;643673;643684;643695;643706,0.1814221607193155
10660,gdsc:1036:10uM,643445,9785,123,1036,10.0,24089.0,27806.78181818182,727.5,scan:9785:NC-1+B,643439;643442;643443;643444;643447;643448;643449;643457;643458;643459;643462;643463;643464;643469;643472;643473;643474;643477;643478;643479;643484;643499;643502;643503;643504;643508;643513;643516;643517;643518;643521;643522;643527;643530;643531;643532;643535;643536;643541;643542;643543;643549;643550;643557;643570;643571;643578;643579;643580;643585;643586;643587;643588;643593;643594;643595;643596;643601;643602;643603;643604;643610;643611;643612;643624;643626;643631;643632;643633;643638;643639;643640;643645;643646;643647;643648;643649;643650;643655;643656;643657;643658;643659;643660;643665;643666;643667;643668;643669;643670;643681;643686;643687;643689;643690;643691;643692;643697;643698;643699;643700;643701;643702;643708;643709;643710;643711;643712;643713;643714,643437;643452;643467;643482;643497;643511;643525;643539;643546;643553;643560;643567;643575;643583;643591;643599;643607;643615;643622;643629;643636;643643;643653;643663;643673;643684;643695;643706,0.13729248224321777
10660,gdsc:1060:0.25uM,643441,9785,101,1060,0.25,19709.0,27806.78181818182,727.5,scan:9785:NC-1+B,643439;643442;643443;643444;643447;643448;643449;643457;643458;643459;643462;643463;643464;643469;643472;643473;643474;643477;643478;643479;643484;643499;643502;643503;643504;643508;643513;643516;643517;643518;643521;643522;643527;643530;643531;643532;643535;643536;643541;643542;643543;643549;643550;643557;643570;643571;643578;643579;643580;643585;643586;643587;643588;643593;643594;643595;643596;643601;643602;643603;643604;643610;643611;643612;643624;643626;643631;643632;643633;643638;643639;643640;643645;643646;643647;643648;643649;643650;643655;643656;643657;643658;643659;643660;643665;643666;643667;643668;643669;643670;643681;643686;643687;643689;643690;643691;643692;643697;643698;643699;643700;643701;643702;643708;643709;643710;643711;643712;643713;643714,643437;643452;643467;643482;643497;643511;643525;643539;643546;643553;643560;643567;643575;643583;643591;643599;643607;643615;643622;643629;643636;643643;643653;643663;643673;643684;643695;643706,0.29903975565351704
10663,gdsc:1032:2uM,644397,9787,124,1032,2.0,20107.0,23408.236363636363,500.7142857142857,scan:9787:NC-1+B,644390;644393;644394;644395;644398;644399;644400;644408;644409;644410;644413;644414;644415;644420;644423;644424;644425;644428;644429;644430;644435;644450;644453;644454;644455;644459;644464;644467;644468;644469;644472;644473;644478;644481;644482;644483;644486;644487;644492;644493;644494;644500;644501;644508;644521;644522;644529;644530;644531;644536;644537;644538;644539;644544;644545;644546;644547;644552;644553;644554;644555;644561;644562;644563;644575;644577;644582;644583;644584;644589;644590;644591;644596;644597;644598;644599;644600;644601;644606;644607;644608;644609;644610;644611;644616;644617;644618;644619;644620;644621;644632;644637;644638;644640;644641;644642;644643;644648;644649;644650;644651;644652;644653;644659;644660;644661;644662;644663;644664;644665,644388;644403;644418;644433;644448;644462;644476;644490;644497;644504;644511;644518;644526;644534;644542;644550;644558;644566;644573;644580;644587;644594;644604;644614;644624;644635;644646;644657,0.1441114561586757
10663,gdsc:1036:10uM,644396,9787,123,1036,10.0,4578.0,23408.236363636363,500.7142857142857,scan:9787:NC-1+B,644390;644393;644394;644395;644398;644399;644400;644408;644409;644410;644413;644414;644415;644420;644423;644424;644425;644428;644429;644430;644435;644450;644453;644454;644455;644459;644464;644467;644468;644469;644472;644473;644478;644481;644482;644483;644486;644487;644492;644493;644494;644500;644501;644508;644521;644522;644529;644530;644531;644536;644537;644538;644539;644544;644545;644546;644547;644552;644553;644554;644555;644561;644562;644563;644575;644577;644582;644583;644584;644589;644590;644591;644596;644597;644598;644599;644600;644601;644606;644607;644608;644609;644610;644611;644616;644617;644618;644619;644620;644621;644632;644637;644638;644640;644641;644642;644643;644648;644649;644650;644651;644652;644653;644659;644660;644661;644662;644663;644664;644665,644388;644403;644418;644433;644448;644462;644476;644490;644497;644504;644511;644518;644526;644534;644542;644550;644558;644566;644573;644580;644587;644594;644604;644614;644624;644635;644646;644657,0.822011053818198
10663,gdsc:1060:0.25uM,644392,9787,101,1060,0.25,4777.0,23408.236363636363,500.7142857142857,scan:9787:NC-1+B,644390;644393;644394;644395;644398;644399;644400;644408;644409;644410;644413;644414;644415;644420;644423;644424;644425;644428;644429;644430;644435;644450;644453;644454;644455;644459;644464;644467;644468;644469;644472;644473;644478;644481;644482;644483;644486;644487;644492;644493;644494;644500;644501;644508;644521;644522;644529;644530;644531;644536;644537;644538;644539;644544;644545;644546;644547;644552;644553;644554;644555;644561;644562;644563;644575;644577;644582;644583;644584;644589;644590;644591;644596;644597;644598;644599;644600;644601;644606;644607;644608;644609;644610;644611;644616;644617;644618;644619;644620;644621;644632;644637;644638;644640;644641;644642;644643;644648;644649;644650;644651;644652;644653;644659;644660;644661;644662;644663;644664;644665,644388;644403;644418;644433;644448;644462;644476;644490;644497;644504;644511;644518;644526;644534;644542;644550;644558;644566;644573;644580;644587;644594;644604;644614;644624;644635;644646;644657,0.8133239509825843
10672,gdsc:1032:2uM,645827,9808,124,1032,2.0,32651.0,36838.08181818182,763.0357142857143,scan:9808:NC-1+B,645820;645823;645824;645825;645828;645829;645830;645838;645839;645840;645843;645844;645845;645850;645853;645854;645855;645858;645859;645860;645865;645880;645883;645884;645885;645889;645894;645897;645898;645899;645902;645903;645908;645911;645912;645913;645916;645917;645922;645923;645924;645930;645931;645938;645951;645952;645959;645960;645961;645966;645967;645968;645969;645974;645975;645976;645977;645982;645983;645984;645985;645991;645992;645993;646005;646007;646012;646013;646014;646019;646020;646021;646026;646027;646028;646029;646030;646031;646036;646037;646038;646039;646040;646041;646046;646047;646048;646049;646050;646051;646062;646067;646068;646070;646071;646072;646073;646078;646079;646080;646081;646082;646083;646089;646090;646091;646092;646093;646094;646095,645818;645833;645848;645863;645878;645892;645906;645920;645927;645934;645941;645948;645956;645964;645972;645980;645988;645996;646003;646010;646017;646024;646034;646044;646054;646065;646076;646087,0.11606587573368643
10672,gdsc:1036:10uM,645826,9808,123,1036,10.0,28868.0,36838.08181818182,763.0357142857143,scan:9808:NC-1+B,645820;645823;645824;645825;645828;645829;645830;645838;645839;645840;645843;645844;645845;645850;645853;645854;645855;645858;645859;645860;645865;645880;645883;645884;645885;645889;645894;645897;645898;645899;645902;645903;645908;645911;645912;645913;645916;645917;645922;645923;645924;645930;645931;645938;645951;645952;645959;645960;645961;645966;645967;645968;645969;645974;645975;645976;645977;645982;645983;645984;645985;645991;645992;645993;646005;646007;646012;646013;646014;646019;646020;646021;646026;646027;646028;646029;646030;646031;646036;646037;646038;646039;646040;646041;646046;646047;646048;646049;646050;646051;646062;646067;646068;646070;646071;646072;646073;646078;646079;646080;646081;646082;646083;646089;646090;646091;646092;646093;646094;646095,645818;645833;645848;645863;645878;645892;645906;645920;645927;645934;645941;645948;645956;645964;645972;645980;645988;645996;646003;646010;646017;646024;646034;646044;646054;646065;646076;646087,0.22093060658129127
10672,gdsc:1060:0.25uM,645822,9808,101,1060,0.25,31058.0,36838.08181818182,763.0357142857143,scan:9808:NC-1+B,645820;645823;645824;645825;645828;645829;645830;645838;645839;645840;645843;645844;645845;645850;645853;645854;645855;645858;645859;645860;645865;645880;645883;645884;645885;645889;645894;645897;645898;645899;645902;645903;645908;645911;645912;645913;645916;645917;645922;645923;645924;645930;645931;645938;645951;645952;645959;645960;645961;645966;645967;645968;645969;645974;645975;645976;645977;645982;645983;645984;645985;645991;645992;645993;646005;646007;646012;646013;646014;646019;646020;646021;646026;646027;646028;646029;646030;646031;646036;646037;646038;646039;646040;646041;646046;646047;646048;646049;646050;646051;646062;646067;646068;646070;646071;646072;646073;646078;646079;646080;646081;646082;646083;646089;646090;646091;646092;646093;646094;646095,645818;645833;645848;645863;645878;645892;645906;645920;645927;645934;645941;645948;645956;645964;645972;645980;645988;645996;646003;646010;646017;646024;646034;646044;646054;646065;646076;646087,0.16022382345777697
10675,gdsc:1032:2uM,646299,9810,124,1032,2.0,26279.0,33782.27272727273,893.6071428571429,scan:9810:NC-1+B,646292;646295;646296;646297;646300;646301;646302;646310;646311;646312;646315;646316;646317;646322;646325;646326;646327;646330;646331;646332;646337;646352;646355;646356;646357;646361;646366;646369;646370;646371;646374;646375;646380;646383;646384;646385;646388;646389;646394;646395;646396;646402;646403;646410;646423;646424;646431;646432;646433;646438;646439;646440;646441;646446;646447;646448;646449;646454;646455;646456;646457;646463;646464;646465;646477;646479;646484;646485;646486;646491;646492;646493;646498;646499;646500;646501;646502;646503;646508;646509;646510;646511;646512;646513;646518;646519;646520;646521;646522;646523;646534;646539;646540;646542;646543;646544;646545;646550;646551;646552;646553;646554;646555;646561;646562;646563;646564;646565;646566;646567,646290;646305;646320;646335;646350;646364;646378;646392;646399;646406;646413;646420;646428;646436;646444;646452;646460;646468;646475;646482;646489;646496;646506;646516;646526;646537;646548;646559,0.22814159814462576
10675,gdsc:1036:10uM,646298,9810,123,1036,10.0,22496.0,33782.27272727273,893.6071428571429,scan:9810:NC-1+B,646292;646295;646296;646297;646300;646301;646302;646310;646311;646312;646315;646316;646317;646322;646325;646326;646327;646330;646331;646332;646337;646352;646355;646356;646357;646361;646366;646369;646370;646371;646374;646375;646380;646383;646384;646385;646388;646389;646394;646395;646396;646402;646403;646410;646423;646424;646431;646432;646433;646438;646439;646440;646441;646446;646447;646448;646449;646454;646455;646456;646457;646463;646464;646465;646477;646479;646484;646485;646486;646491;646492;646493;646498;646499;646500;646501;646502;646503;646508;646509;646510;646511;646512;646513;646518;646519;646520;646521;646522;646523;646534;646539;646540;646542;646543;646544;646545;646550;646551;646552;646553;646554;646555;646561;646562;646563;646564;646565;646566;646567,646290;646305;646320;646335;646350;646364;646378;646392;646399;646406;646413;646420;646428;646436;646444;646452;646460;646468;646475;646482;646489;646496;646506;646516;646526;646537;646548;646559,0.34316602777039296
10675,gdsc:1060:0.25uM,646294,9810,101,1060,0.25,38824.0,33782.27272727273,893.6071428571429,scan:9810:NC-1+B,646292;646295;646296;646297;646300;646301;646302;646310;646311;646312;646315;646316;646317;646322;646325;646326;646327;646330;646331;646332;646337;646352;646355;646356;646357;646361;646366;646369;646370;646371;646374;646375;646380;646383;646384;646385;646388;646389;646394;646395;646396;646402;646403;646410;646423;646424;646431;646432;646433;646438;646439;646440;646441;646446;646447;646448;646449;646454;646455;646456;646457;646463;646464;646465;646477;646479;646484;646485;646486;646491;646492;646493;646498;646499;646500;646501;646502;646503;646508;646509;646510;646511;646512;646513;646518;646519;646520;646521;646522;646523;646534;646539;646540;646542;646543;646544;646545;646550;646551;646552;646553;646554;646555;646561;646562;646563;646564;646565;646566;646567,646290;646305;646320;646335;646350;646364;646378;646392;646399;646406;646413;646420;646428;646436;646444;646452;646460;646468;646475;646482;646489;646496;646506;646516;646526;646537;646548;646559,-0.1532968025043957
10678,gdsc:1032:2uM,646771,9812,124,1032,2.0,21899.0,27092.30909090909,604.1428571428571,scan:9812:NC-1+B,646764;646767;646768;646769;646772;646773;646774;646782;646783;646784;646787;646788;646789;646794;646797;646798;646799;646802;646803;646804;646809;646824;646827;646828;646829;646833;646838;646841;646842;646843;646846;646847;646852;646855;646856;646857;646860;646861;646866;646867;646868;646874;646875;646882;646895;646896;646903;646904;646905;646910;646911;646912;646913;646918;646919;646920;646921;646926;646927;646928;646929;646935;646936;646937;646949;646951;646956;646957;646958;646963;646964;646965;646970;646971;646972;646973;646974;646975;646980;646981;646982;646983;646984;646985;646990;646991;646992;646993;646994;646995;647006;647011;647012;647014;647015;647016;647017;647022;647023;647024;647025;647026;647027;647033;647034;647035;647036;647037;647038;647039,646762;646777;646792;646807;646822;646836;646850;646864;646871;646878;646885;646892;646900;646908;646916;646924;646932;646940;646947;646954;646961;646968;646978;646988;646998;647009;647020;647031,0.19606148062785989
10678,gdsc:1036:10uM,646770,9812,123,1036,10.0,19310.0,27092.30909090909,604.1428571428571,scan:9812:NC-1+B,646764;646767;646768;646769;646772;646773;646774;646782;646783;646784;646787;646788;646789;646794;646797;646798;646799;646802;646803;646804;646809;646824;646827;646828;646829;646833;646838;646841;646842;646843;646846;646847;646852;646855;646856;646857;646860;646861;646866;646867;646868;646874;646875;646882;646895;646896;646903;646904;646905;646910;646911;646912;646913;646918;646919;646920;646921;646926;646927;646928;646929;646935;646936;646937;646949;646951;646956;646957;646958;646963;646964;646965;646970;646971;646972;646973;646974;646975;646980;646981;646982;646983;646984;646985;646990;646991;646992;646993;646994;646995;647006;647011;647012;647014;647015;647016;647017;647022;647023;647024;647025;647026;647027;647033;647034;647035;647036;647037;647038;647039,646762;646777;646792;646807;646822;646836;646850;646864;646871;646878;646885;646892;646900;646908;646916;646924;646932;646940;646947;646954;646961;646968;646978;646988;646998;647009;647020;647031,0.2938032411238971
10678,gdsc:1060:0.25uM,646766,9812,101,1060,0.25,23691.0,27092.30909090909,604.1428571428571,scan:9812:NC-1+B,646764;646767;646768;646769;646772;646773;646774;646782;646783;646784;646787;646788;646789;646794;646797;646798;646799;646802;646803;646804;646809;646824;646827;646828;646829;646833;646838;646841;646842;646843;646846;646847;646852;646855;646856;646857;646860;646861;646866;646867;646868;646874;646875;646882;646895;646896;646903;646904;646905;646910;646911;646912;646913;646918;646919;646920;646921;646926;646927;646928;646929;646935;646936;646937;646949;646951;646956;646957;646958;646963;646964;646965;646970;646971;646972;646973;646974;646975;646980;646981;646982;646983;646984;646985;646990;646991;646992;646993;646994;646995;647006;647011;647012;647014;647015;647016;647017;647022;647023;647024;647025;647026;647027;647033;647034;647035;647036;647037;647038;647039,646762;646777;646792;646807;646822;646836;646850;646864;646871;646878;646885;646892;646900;646908;646916;646924;646932;646940;646947;646954;646961;646968;646978;646988;646998;647009;647020;647031,0.12840862824898824
10682,gdsc:1032:2uM,647722,9815,124,1032,2.0,18912.0,46592.718181818185,562.1071428571429,scan:9815:NC-1+B,647715;647718;647719;647720;647723;647724;647725;647733;647734;647735;647738;647739;647740;647745;647748;647749;647750;647753;647754;647755;647760;647775;647778;647779;647780;647784;647789;647792;647793;647794;647797;647798;647803;647806;647807;647808;647811;647812;647817;647818;647819;647825;647826;647833;647846;647847;647854;647855;647856;647861;647862;647863;647864;647869;647870;647871;647872;647877;647878;647879;647880;647886;647887;647888;647900;647902;647907;647908;647909;647914;647915;647916;647921;647922;647923;647924;647925;647926;647931;647932;647933;647934;647935;647936;647941;647942;647943;647944;647945;647946;647957;647962;647963;647965;647966;647967;647968;647973;647974;647975;647976;647977;647978;647984;647985;647986;647987;647988;647989;647990,647713;647728;647743;647758;647773;647787;647801;647815;647822;647829;647836;647843;647851;647859;647867;647875;647883;647891;647898;647905;647912;647919;647929;647939;647949;647960;647971;647982,0.6013545672550118
10682,gdsc:1036:10uM,647721,9815,123,1036,10.0,34443.0,46592.718181818185,562.1071428571429,scan:9815:NC-1+B,647715;647718;647719;647720;647723;647724;647725;647733;647734;647735;647738;647739;647740;647745;647748;647749;647750;647753;647754;647755;647760;647775;647778;647779;647780;647784;647789;647792;647793;647794;647797;647798;647803;647806;647807;647808;647811;647812;647817;647818;647819;647825;647826;647833;647846;647847;647854;647855;647856;647861;647862;647863;647864;647869;647870;647871;647872;647877;647878;647879;647880;647886;647887;647888;647900;647902;647907;647908;647909;647914;647915;647916;647921;647922;647923;647924;647925;647926;647931;647932;647933;647934;647935;647936;647941;647942;647943;647944;647945;647946;647957;647962;647963;647965;647966;647967;647968;647973;647974;647975;647976;647977;647978;647984;647985;647986;647987;647988;647989;647990,647713;647728;647743;647758;647773;647787;647801;647815;647822;647829;647836;647843;647851;647859;647867;647875;647883;647891;647898;647905;647912;647919;647929;647939;647949;647960;647971;647982,0.2639486617184914
10682,gdsc:1060:0.25uM,647717,9815,101,1060,0.25,25881.0,46592.718181818185,562.1071428571429,scan:9815:NC-1+B,647715;647718;647719;647720;647723;647724;647725;647733;647734;647735;647738;647739;647740;647745;647748;647749;647750;647753;647754;647755;647760;647775;647778;647779;647780;647784;647789;647792;647793;647794;647797;647798;647803;647806;647807;647808;647811;647812;647817;647818;647819;647825;647826;647833;647846;647847;647854;647855;647856;647861;647862;647863;647864;647869;647870;647871;647872;647877;647878;647879;647880;647886;647887;647888;647900;647902;647907;647908;647909;647914;647915;647916;647921;647922;647923;647924;647925;647926;647931;647932;647933;647934;647935;647936;647941;647942;647943;647944;647945;647946;647957;647962;647963;647965;647966;647967;647968;647973;647974;647975;647976;647977;647978;647984;647985;647986;647987;647988;647989;647990,647713;647728;647743;647758;647773;647787;647801;647815;647822;647829;647836;647843;647851;647859;647867;647875;647883;647891;647898;647905;647912;647919;647929;647939;647949;647960;647971;647982,0.4499553170017112
10686,gdsc:1032:2uM,648673,9845,124,1032,2.0,3631.0,9956.963636363636,168.67857142857142,scan:9845:NC-1+B,648666;648669;648670;648671;648674;648675;648676;648684;648685;648686;648689;648690;648691;648696;648699;648700;648701;648704;648705;648706;648711;648726;648729;648730;648731;648735;648740;648743;648744;648745;648748;648749;648754;648757;648758;648759;648762;648763;648768;648769;648770;648776;648777;648784;648797;648798;648805;648806;648807;648812;648813;648814;648815;648820;648821;648822;648823;648828;648829;648830;648831;648837;648838;648839;648851;648853;648858;648859;648860;648865;648866;648867;648872;648873;648874;648875;648876;648877;648882;648883;648884;648885;648886;648887;648892;648893;648894;648895;648896;648897;648908;648913;648914;648916;648917;648918;648919;648924;648925;648926;648927;648928;648929;648935;648936;648937;648938;648939;648940;648941,648664;648679;648694;648709;648724;648738;648752;648766;648773;648780;648787;648794;648802;648810;648818;648826;648834;648842;648849;648856;648863;648870;648880;648890;648900;648911;648922;648933,0.6462790564840996
10686,gdsc:1036:10uM,648672,9845,123,1036,10.0,4682.0,9956.963636363636,168.67857142857142,scan:9845:NC-1+B,648666;648669;648670;648671;648674;648675;648676;648684;648685;648686;648689;648690;648691;648696;648699;648700;648701;648704;648705;648706;648711;648726;648729;648730;648731;648735;648740;648743;648744;648745;648748;648749;648754;648757;648758;648759;648762;648763;648768;648769;648770;648776;648777;648784;648797;648798;648805;648806;648807;648812;648813;648814;648815;648820;648821;648822;648823;648828;648829;648830;648831;648837;648838;648839;648851;648853;648858;648859;648860;648865;648866;648867;648872;648873;648874;648875;648876;648877;648882;648883;648884;648885;648886;648887;648892;648893;648894;648895;648896;648897;648908;648913;648914;648916;648917;648918;648919;648924;648925;648926;648927;648928;648929;648935;648936;648937;648938;648939;648940;648941,648664;648679;648694;648709;648724;648738;648752;648766;648773;648780;648787;648794;648802;648810;648818;648826;648834;648842;648849;648856;648863;648870;648880;648890;648900;648911;648922;648933,0.5389058043742856
10686,gdsc:1060:0.25uM,648668,9845,101,1060,0.25,8408.0,9956.963636363636,168.67857142857142,scan:9845:NC-1+B,648666;648669;648670;648671;648674;648675;648676;648684;648685;648686;648689;648690;648691;648696;648699;648700;648701;648704;648705;648706;648711;648726;648729;648730;648731;648735;648740;648743;648744;648745;648748;648749;648754;648757;648758;648759;648762;648763;648768;648769;648770;648776;648777;648784;648797;648798;648805;648806;648807;648812;648813;648814;648815;648820;648821;648822;648823;648828;648829;648830;648831;648837;648838;648839;648851;648853;648858;648859;648860;648865;648866;648867;648872;648873;648874;648875;648876;648877;648882;648883;648884;648885;648886;648887;648892;648893;648894;648895;648896;648897;648908;648913;648914;648916;648917;648918;648919;648924;648925;648926;648927;648928;648929;648935;648936;648937;648938;648939;648940;648941,648664;648679;648694;648709;648724;648738;648752;648766;648773;648780;648787;648794;648802;648810;648818;648826;648834;648842;648849;648856;648863;648870;648880;648890;648900;648911;648922;648933,0.15824668224187155
10689,gdsc:1032:2uM,649624,9847,124,1032,2.0,24750.0,34290.509090909094,265.5,scan:9847:NC-1+B,649617;649620;649621;649622;649625;649626;649627;649635;649636;649637;649640;649641;649642;649647;649650;649651;649652;649655;649656;649657;649662;649677;649680;649681;649682;649686;649691;649694;649695;649696;649699;649700;649705;649708;649709;649710;649713;649714;649719;649720;649721;649727;649728;649735;649748;649749;649756;649757;649758;649763;649764;649765;649766;649771;649772;649773;649774;649779;649780;649781;649782;649788;649789;649790;649802;649804;649809;649810;649811;649816;649817;649818;649823;649824;649825;649826;649827;649828;649833;649834;649835;649836;649837;649838;649843;649844;649845;649846;649847;649848;649859;649864;649865;649867;649868;649869;649870;649875;649876;649877;649878;649879;649880;649886;649887;649888;649889;649890;649891;649892,649615;649630;649645;649660;649675;649689;649703;649717;649724;649731;649738;649745;649753;649761;649769;649777;649785;649793;649800;649807;649814;649821;649831;649841;649851;649862;649873;649884,0.2803969593488854
10689,gdsc:1036:10uM,649623,9847,123,1036,10.0,30293.0,34290.509090909094,265.5,scan:9847:NC-1+B,649617;649620;649621;649622;649625;649626;649627;649635;649636;649637;649640;649641;649642;649647;649650;649651;649652;649655;649656;649657;649662;649677;649680;649681;649682;649686;649691;649694;649695;649696;649699;649700;649705;649708;649709;649710;649713;649714;649719;649720;649721;649727;649728;649735;649748;649749;649756;649757;649758;649763;649764;649765;649766;649771;649772;649773;649774;649779;649780;649781;649782;649788;649789;649790;649802;649804;649809;649810;649811;649816;649817;649818;649823;649824;649825;649826;649827;649828;649833;649834;649835;649836;649837;649838;649843;649844;649845;649846;649847;649848;649859;649864;649865;649867;649868;649869;649870;649875;649876;649877;649878;649879;649880;649886;649887;649888;649889;649890;649891;649892,649615;649630;649645;649660;649675;649689;649703;649717;649724;649731;649738;649745;649753;649761;649769;649777;649785;649793;649800;649807;649814;649821;649831;649841;649851;649862;649873;649884,0.11748737760005945
10689,gdsc:1060:0.25uM,649619,9847,101,1060,0.25,25037.0,34290.509090909094,265.5,scan:9847:NC-1+B,649617;649620;649621;649622;649625;649626;649627;649635;649636;649637;649640;649641;649642;649647;649650;649651;649652;649655;649656;649657;649662;649677;649680;649681;649682;649686;649691;649694;649695;649696;649699;649700;649705;649708;649709;649710;649713;649714;649719;649720;649721;649727;649728;649735;649748;649749;649756;649757;649758;649763;649764;649765;649766;649771;649772;649773;649774;649779;649780;649781;649782;649788;649789;649790;649802;649804;649809;649810;649811;649816;649817;649818;649823;649824;649825;649826;649827;649828;649833;649834;649835;649836;649837;649838;649843;649844;649845;649846;649847;649848;649859;649864;649865;649867;649868;649869;649870;649875;649876;649877;649878;649879;649880;649886;649887;649888;649889;649890;649891;649892,649615;649630;649645;649660;649675;649689;649703;649717;649724;649731;649738;649745;649753;649761;649769;649777;649785;649793;649800;649807;649814;649821;649831;649841;649851;649862;649873;649884,0.2719619873189534
10691,gdsc:1032:2uM,650096,9848,124,1032,2.0,28477.0,33354.545454545456,290.57142857142856,scan:9848:NC-1+B,650089;650092;650093;650094;650097;650098;650099;650107;650108;650109;650112;650113;650114;650119;650122;650123;650124;650127;650128;650129;650134;650149;650152;650153;650154;650158;650163;650166;650167;650168;650171;650172;650177;650180;650181;650182;650185;650186;650191;650192;650193;650199;650200;650207;650220;650221;650228;650229;650230;650235;650236;650237;650238;650243;650244;650245;650246;650251;650252;650253;650254;650260;650261;650262;650274;650276;650281;650282;650283;650288;650289;650290;650295;650296;650297;650298;650299;650300;650305;650306;650307;650308;650309;650310;650315;650316;650317;650318;650319;650320;650331;650336;650337;650339;650340;650341;650342;650347;650348;650349;650350;650351;650352;650358;650359;650360;650361;650362;650363;650364,650087;650102;650117;650132;650147;650161;650175;650189;650196;650203;650210;650217;650225;650233;650241;650249;650257;650265;650272;650279;650286;650293;650303;650313;650323;650334;650345;650356,0.1475184274798247
10691,gdsc:1036:10uM,650095,9848,123,1036,10.0,30198.0,33354.545454545456,290.57142857142856,scan:9848:NC-1+B,650089;650092;650093;650094;650097;650098;650099;650107;650108;650109;650112;650113;650114;650119;650122;650123;650124;650127;650128;650129;650134;650149;650152;650153;650154;650158;650163;650166;650167;650168;650171;650172;650177;650180;650181;650182;650185;650186;650191;650192;650193;650199;650200;650207;650220;650221;650228;650229;650230;650235;650236;650237;650238;650243;650244;650245;650246;650251;650252;650253;650254;650260;650261;650262;650274;650276;650281;650282;650283;650288;650289;650290;650295;650296;650297;650298;650299;650300;650305;650306;650307;650308;650309;650310;650315;650316;650317;650318;650319;650320;650331;650336;650337;650339;650340;650341;650342;650347;650348;650349;650350;650351;650352;650358;650359;650360;650361;650362;650363;650364,650087;650102;650117;650132;650147;650161;650175;650189;650196;650203;650210;650217;650225;650233;650241;650249;650257;650265;650272;650279;650286;650293;650303;650313;650323;650334;650345;650356,0.09546781799628112
10691,gdsc:1060:0.25uM,650091,9848,101,1060,0.25,24845.0,33354.545454545456,290.57142857142856,scan:9848:NC-1+B,650089;650092;650093;650094;650097;650098;650099;650107;650108;650109;650112;650113;650114;650119;650122;650123;650124;650127;650128;650129;650134;650149;650152;650153;650154;650158;650163;650166;650167;650168;650171;650172;650177;650180;650181;650182;650185;650186;650191;650192;650193;650199;650200;650207;650220;650221;650228;650229;650230;650235;650236;650237;650238;650243;650244;650245;650246;650251;650252;650253;650254;650260;650261;650262;650274;650276;650281;650282;650283;650288;650289;650290;650295;650296;650297;650298;650299;650300;650305;650306;650307;650308;650309;650310;650315;650316;650317;650318;650319;650320;650331;650336;650337;650339;650340;650341;650342;650347;650348;650349;650350;650351;650352;650358;650359;650360;650361;650362;650363;650364,650087;650102;650117;650132;650147;650161;650175;650189;650196;650203;650210;650217;650225;650233;650241;650249;650257;650265;650272;650279;650286;650293;650303;650313;650323;650334;650345;650356,0.25736608212493217
10696,gdsc:1032:2uM,651047,9850,124,1032,2.0,14433.0,27175.745454545453,229.75,scan:9850:NC-1+B,651040;651043;651044;651045;651048;651049;651050;651058;651059;651060;651063;651064;651065;651070;651073;651074;651075;651078;651079;651080;651085;651100;651103;651104;651105;651109;651114;651117;651118;651119;651122;651123;651128;651131;651132;651133;651136;651137;651142;651143;651144;651150;651151;651158;651171;651172;651179;651180;651181;651186;651187;651188;651189;651194;651195;651196;651197;651202;651203;651204;651205;651211;651212;651213;651225;651227;651232;651233;651234;651239;651240;651241;651246;651247;651248;651249;651250;651251;651256;651257;651258;651259;651260;651261;651266;651267;651268;651269;651270;651271;651282;651287;651288;651290;651291;651292;651293;651298;651299;651300;651301;651302;651303;651309;651310;651311;651312;651313;651314;651315,651038;651053;651068;651083;651098;651112;651126;651140;651147;651154;651161;651168;651176;651184;651192;651200;651208;651216;651223;651230;651237;651244;651254;651264;651274;651285;651296;651307,0.47289941379381883
10696,gdsc:1036:10uM,651046,9850,123,1036,10.0,20736.0,27175.745454545453,229.75,scan:9850:NC-1+B,651040;651043;651044;651045;651048;651049;651050;651058;651059;651060;651063;651064;651065;651070;651073;651074;651075;651078;651079;651080;651085;651100;651103;651104;651105;651109;651114;651117;651118;651119;651122;651123;651128;651131;651132;651133;651136;651137;651142;651143;651144;651150;651151;651158;651171;651172;651179;651180;651181;651186;651187;651188;651189;651194;651195;651196;651197;651202;651203;651204;651205;651211;651212;651213;651225;651227;651232;651233;651234;651239;651240;651241;651246;651247;651248;651249;651250;651251;651256;651257;651258;651259;651260;651261;651266;651267;651268;651269;651270;651271;651282;651287;651288;651290;651291;651292;651293;651298;651299;651300;651301;651302;651303;651309;651310;651311;651312;651313;651314;651315,651038;651053;651068;651083;651098;651112;651126;651140;651147;651154;651161;651168;651176;651184;651192;651200;651208;651216;651223;651230;651237;651244;651254;651264;651274;651285;651296;651307,0.2389871053533169
10696,gdsc:1060:0.25uM,651042,9850,101,1060,0.25,34594.0,27175.745454545453,229.75,scan:9850:NC-1+B,651040;651043;651044;651045;651048;651049;651050;651058;651059;651060;651063;651064;651065;651070;651073;651074;651075;651078;651079;651080;651085;651100;651103;651104;651105;651109;651114;651117;651118;651119;651122;651123;651128;651131;651132;651133;651136;651137;651142;651143;651144;651150;651151;651158;651171;651172;651179;651180;651181;651186;651187;651188;651189;651194;651195;651196;651197;651202;651203;651204;651205;651211;651212;651213;651225;651227;651232;651233;651234;651239;651240;651241;651246;651247;651248;651249;651250;651251;651256;651257;651258;651259;651260;651261;651266;651267;651268;651269;651270;651271;651282;651287;651288;651290;651291;651292;651293;651298;651299;651300;651301;651302;651303;651309;651310;651311;651312;651313;651314;651315,651038;651053;651068;651083;651098;651112;651126;651140;651147;651154;651161;651168;651176;651184;651192;651200;651208;651216;651223;651230;651237;651244;651254;651264;651274;651285;651296;651307,-0.2753008163297668
10699,gdsc:1032:2uM,651998,9852,124,1032,2.0,37557.0,43552.74545454545,276.2857142857143,scan:9852:NC-1+B,651991;651994;651995;651996;651999;652000;652001;652009;652010;652011;652014;652015;652016;652021;652024;652025;652026;652029;652030;652031;652036;652051;652054;652055;652056;652060;652065;652068;652069;652070;652073;652074;652079;652082;652083;652084;652087;652088;652093;652094;652095;652101;652102;652109;652122;652123;652130;652131;652132;652137;652138;652139;652140;652145;652146;652147;652148;652153;652154;652155;652156;652162;652163;652164;652176;652178;652183;652184;652185;652190;652191;652192;652197;652198;652199;652200;652201;652202;652207;652208;652209;652210;652211;652212;652217;652218;652219;652220;652221;652222;652233;652238;652239;652241;652242;652243;652244;652249;652250;652251;652252;652253;652254;652260;652261;652262;652263;652264;652265;652266,651989;652004;652019;652034;652049;652063;652077;652091;652098;652105;652112;652119;652127;652135;652143;652151;652159;652167;652174;652181;652188;652195;652205;652215;652225;652236;652247;652258,0.13854519271056875
10699,gdsc:1036:10uM,651997,9852,123,1036,10.0,16340.0,43552.74545454545,276.2857142857143,scan:9852:NC-1+B,651991;651994;651995;651996;651999;652000;652001;652009;652010;652011;652014;652015;652016;652021;652024;652025;652026;652029;652030;652031;652036;652051;652054;652055;652056;652060;652065;652068;652069;652070;652073;652074;652079;652082;652083;652084;652087;652088;652093;652094;652095;652101;652102;652109;652122;652123;652130;652131;652132;652137;652138;652139;652140;652145;652146;652147;652148;652153;652154;652155;652156;652162;652163;652164;652176;652178;652183;652184;652185;652190;652191;652192;652197;652198;652199;652200;652201;652202;652207;652208;652209;652210;652211;652212;652217;652218;652219;652220;652221;652222;652233;652238;652239;652241;652242;652243;652244;652249;652250;652251;652252;652253;652254;652260;652261;652262;652263;652264;652265;652266,651989;652004;652019;652034;652049;652063;652077;652091;652098;652105;652112;652119;652127;652135;652143;652151;652159;652167;652174;652181;652188;652195;652205;652215;652225;652236;652247;652258,0.6288117285441825
10699,gdsc:1060:0.25uM,651993,9852,101,1060,0.25,9268.0,43552.74545454545,276.2857142857143,scan:9852:NC-1+B,651991;651994;651995;651996;651999;652000;652001;652009;652010;652011;652014;652015;652016;652021;652024;652025;652026;652029;652030;652031;652036;652051;652054;652055;652056;652060;652065;652068;652069;652070;652073;652074;652079;652082;652083;652084;652087;652088;652093;652094;652095;652101;652102;652109;652122;652123;652130;652131;652132;652137;652138;652139;652140;652145;652146;652147;652148;652153;652154;652155;652156;652162;652163;652164;652176;652178;652183;652184;652185;652190;652191;652192;652197;652198;652199;652200;652201;652202;652207;652208;652209;652210;652211;652212;652217;652218;652219;652220;652221;652222;652233;652238;652239;652241;652242;652243;652244;652249;652250;652251;652252;652253;652254;652260;652261;652262;652263;652264;652265;652266,651989;652004;652019;652034;652049;652063;652077;652091;652098;652105;652112;652119;652127;652135;652143;652151;652159;652167;652174;652181;652188;652195;652205;652215;652225;652236;652247;652258,0.7922262047385228
10708,gdsc:1032:2uM,653428,9858,124,1032,2.0,32300.0,52166.181818181816,353.25,scan:9858:NC-1+B,653421;653424;653425;653426;653429;653430;653431;653439;653440;653441;653444;653445;653446;653451;653454;653455;653456;653459;653460;653461;653466;653481;653484;653485;653486;653490;653495;653498;653499;653500;653503;653504;653509;653512;653513;653514;653517;653518;653523;653524;653525;653531;653532;653539;653552;653553;653560;653561;653562;653567;653568;653569;653570;653575;653576;653577;653578;653583;653584;653585;653586;653592;653593;653594;653606;653608;653613;653614;653615;653620;653621;653622;653627;653628;653629;653630;653631;653632;653637;653638;653639;653640;653641;653642;653647;653648;653649;653650;653651;653652;653663;653668;653669;653671;653672;653673;653674;653679;653680;653681;653682;653683;653684;653690;653691;653692;653693;653694;653695;653696,653419;653434;653449;653464;653479;653493;653507;653521;653528;653535;653542;653549;653557;653565;653573;653581;653589;653597;653604;653611;653618;653625;653635;653645;653655;653666;653677;653688,0.3834213027723422
10708,gdsc:1036:10uM,653427,9858,123,1036,10.0,45874.0,52166.181818181816,353.25,scan:9858:NC-1+B,653421;653424;653425;653426;653429;653430;653431;653439;653440;653441;653444;653445;653446;653451;653454;653455;653456;653459;653460;653461;653466;653481;653484;653485;653486;653490;653495;653498;653499;653500;653503;653504;653509;653512;653513;653514;653517;653518;653523;653524;653525;653531;653532;653539;653552;653553;653560;653561;653562;653567;653568;653569;653570;653575;653576;653577;653578;653583;653584;653585;653586;653592;653593;653594;653606;653608;653613;653614;653615;653620;653621;653622;653627;653628;653629;653630;653631;653632;653637;653638;653639;653640;653641;653642;653647;653648;653649;653650;653651;653652;653663;653668;653669;653671;653672;653673;653674;653679;653680;653681;653682;653683;653684;653690;653691;653692;653693;653694;653695;653696,653419;653434;653449;653464;653479;653493;653507;653521;653528;653535;653542;653549;653557;653565;653573;653581;653589;653597;653604;653611;653618;653625;653635;653645;653655;653666;653677;653688,0.12144037400280461
10708,gdsc:1060:0.25uM,653423,9858,101,1060,0.25,50176.0,52166.181818181816,353.25,scan:9858:NC-1+B,653421;653424;653425;653426;653429;653430;653431;653439;653440;653441;653444;653445;653446;653451;653454;653455;653456;653459;653460;653461;653466;653481;653484;653485;653486;653490;653495;653498;653499;653500;653503;653504;653509;653512;653513;653514;653517;653518;653523;653524;653525;653531;653532;653539;653552;653553;653560;653561;653562;653567;653568;653569;653570;653575;653576;653577;653578;653583;653584;653585;653586;653592;653593;653594;653606;653608;653613;653614;653615;653620;653621;653622;653627;653628;653629;653630;653631;653632;653637;653638;653639;653640;653641;653642;653647;653648;653649;653650;653651;653652;653663;653668;653669;653671;653672;653673;653674;653679;653680;653681;653682;653683;653684;653690;653691;653692;653693;653694;653695;653696,653419;653434;653449;653464;653479;653493;653507;653521;653528;653535;653542;653549;653557;653565;653573;653581;653589;653597;653604;653611;653618;653625;653635;653645;653655;653666;653677;653688,0.038410909175447094
10711,gdsc:1032:2uM,654379,9860,124,1032,2.0,27999.0,55918.09090909091,302.42857142857144,scan:9860:NC-1+B,654372;654375;654376;654377;654380;654381;654382;654390;654391;654392;654395;654396;654397;654402;654405;654406;654407;654410;654411;654412;654417;654432;654435;654436;654437;654441;654446;654449;654450;654451;654454;654455;654460;654463;654464;654465;654468;654469;654474;654475;654476;654482;654483;654490;654503;654504;654511;654512;654513;654518;654519;654520;654521;654526;654527;654528;654529;654534;654535;654536;654537;654543;654544;654545;654557;654559;654564;654565;654566;654571;654572;654573;654578;654579;654580;654581;654582;654583;654588;654589;654590;654591;654592;654593;654598;654599;654600;654601;654602;654603;654614;654619;654620;654622;654623;654624;654625;654630;654631;654632;654633;654634;654635;654641;654642;654643;654644;654645;654646;654647,654370;654385;654400;654415;654430;654444;654458;654472;654479;654486;654493;654500;654508;654516;654524;654532;654540;654548;654555;654562;654569;654576;654586;654596;654606;654617;654628;654639,0.5020005109277355
10711,gdsc:1036:10uM,654378,9860,123,1036,10.0,54286.0,55918.09090909091,302.42857142857144,scan:9860:NC-1+B,654372;654375;654376;654377;654380;654381;654382;654390;654391;654392;654395;654396;654397;654402;654405;654406;654407;654410;654411;654412;654417;654432;654435;654436;654437;654441;654446;654449;654450;654451;654454;654455;654460;654463;654464;654465;654468;654469;654474;654475;654476;654482;654483;654490;654503;654504;654511;654512;654513;654518;654519;654520;654521;654526;654527;654528;654529;654534;654535;654536;654537;654543;654544;654545;654557;654559;654564;654565;654566;654571;654572;654573;654578;654579;654580;654581;654582;654583;654588;654589;654590;654591;654592;654593;654598;654599;654600;654601;654602;654603;654614;654619;654620;654622;654623;654624;654625;654630;654631;654632;654633;654634;654635;654641;654642;654643;654644;654645;654646;654647,654370;654385;654400;654415;654430;654444;654458;654472;654479;654486;654493;654500;654508;654516;654524;654532;654540;654548;654555;654562;654569;654576;654586;654596;654606;654617;654628;654639,0.029345886401242693
10711,gdsc:1060:0.25uM,654374,9860,101,1060,0.25,12231.0,55918.09090909091,302.42857142857144,scan:9860:NC-1+B,654372;654375;654376;654377;654380;654381;654382;654390;654391;654392;654395;654396;654397;654402;654405;654406;654407;654410;654411;654412;654417;654432;654435;654436;654437;654441;654446;654449;654450;654451;654454;654455;654460;654463;654464;654465;654468;654469;654474;654475;654476;654482;654483;654490;654503;654504;654511;654512;654513;654518;654519;654520;654521;654526;654527;654528;654529;654534;654535;654536;654537;654543;654544;654545;654557;654559;654564;654565;654566;654571;654572;654573;654578;654579;654580;654581;654582;654583;654588;654589;654590;654591;654592;654593;654598;654599;654600;654601;654602;654603;654614;654619;654620;654622;654623;654624;654625;654630;654631;654632;654633;654634;654635;654641;654642;654643;654644;654645;654646;654647,654370;654385;654400;654415;654430;654444;654458;654472;654479;654486;654493;654500;654508;654516;654524;654532;654540;654548;654555;654562;654569;654576;654586;654596;654606;654617;654628;654639,0.785517767348542
10714,gdsc:1032:2uM,655330,9862,124,1032,2.0,39565.0,38681.37272727273,359.75,scan:9862:NC-1+B,655323;655326;655327;655328;655331;655332;655333;655341;655342;655343;655346;655347;655348;655353;655356;655357;655358;655361;655362;655363;655368;655383;655386;655387;655388;655392;655397;655400;655401;655402;655405;655406;655411;655414;655415;655416;655419;655420;655425;655426;655427;655433;655434;655441;655454;655455;655462;655463;655464;655469;655470;655471;655472;655477;655478;655479;655480;655485;655486;655487;655488;655494;655495;655496;655508;655510;655515;655516;655517;655522;655523;655524;655529;655530;655531;655532;655533;655534;655539;655540;655541;655542;655543;655544;655549;655550;655551;655552;655553;655554;655565;655570;655571;655573;655574;655575;655576;655581;655582;655583;655584;655585;655586;655592;655593;655594;655595;655596;655597;655598,655321;655336;655351;655366;655381;655395;655409;655423;655430;655437;655444;655451;655459;655467;655475;655483;655491;655499;655506;655513;655520;655527;655537;655547;655557;655568;655579;655590,-0.023058190385513377
10714,gdsc:1036:10uM,655329,9862,123,1036,10.0,37462.0,38681.37272727273,359.75,scan:9862:NC-1+B,655323;655326;655327;655328;655331;655332;655333;655341;655342;655343;655346;655347;655348;655353;655356;655357;655358;655361;655362;655363;655368;655383;655386;655387;655388;655392;655397;655400;655401;655402;655405;655406;655411;655414;655415;655416;655419;655420;655425;655426;655427;655433;655434;655441;655454;655455;655462;655463;655464;655469;655470;655471;655472;655477;655478;655479;655480;655485;655486;655487;655488;655494;655495;655496;655508;655510;655515;655516;655517;655522;655523;655524;655529;655530;655531;655532;655533;655534;655539;655540;655541;655542;655543;655544;655549;655550;655551;655552;655553;655554;655565;655570;655571;655573;655574;655575;655576;655581;655582;655583;655584;655585;655586;655592;655593;655594;655595;655596;655597;655598,655321;655336;655351;655366;655381;655395;655409;655423;655430;655437;655444;655451;655459;655467;655475;655483;655491;655499;655506;655513;655520;655527;655537;655547;655557;655568;655579;655590,0.031819443971638606
10714,gdsc:1060:0.25uM,655325,9862,101,1060,0.25,38896.0,38681.37272727273,359.75,scan:9862:NC-1+B,655323;655326;655327;655328;655331;655332;655333;655341;655342;655343;655346;655347;655348;655353;655356;655357;655358;655361;655362;655363;655368;655383;655386;655387;655388;655392;655397;655400;655401;655402;655405;655406;655411;655414;655415;655416;655419;655420;655425;655426;655427;655433;655434;655441;655454;655455;655462;655463;655464;655469;655470;655471;655472;655477;655478;655479;655480;655485;655486;655487;655488;655494;655495;655496;655508;655510;655515;655516;655517;655522;655523;655524;655529;655530;655531;655532;655533;655534;655539;655540;655541;655542;655543;655544;655549;655550;655551;655552;655553;655554;655565;655570;655571;655573;655574;655575;655576;655581;655582;655583;655584;655585;655586;655592;655593;655594;655595;655596;655597;655598,655321;655336;655351;655366;655381;655395;655409;655423;655430;655437;655444;655451;655459;655467;655475;655483;655491;655499;655506;655513;655520;655527;655537;655547;655557;655568;655579;655590,-0.005600683307560583
10717,gdsc:1032:2uM,656281,9864,124,1032,2.0,51514.0,57079.94545454546,487.57142857142856,scan:9864:NC-1+B,656274;656277;656278;656279;656282;656283;656284;656292;656293;656294;656297;656298;656299;656304;656307;656308;656309;656312;656313;656314;656319;656334;656337;656338;656339;656343;656348;656351;656352;656353;656356;656357;656362;656365;656366;656367;656370;656371;656376;656377;656378;656384;656385;656392;656405;656406;656413;656414;656415;656420;656421;656422;656423;656428;656429;656430;656431;656436;656437;656438;656439;656445;656446;656447;656459;656461;656466;656467;656468;656473;656474;656475;656480;656481;656482;656483;656484;656485;656490;656491;656492;656493;656494;656495;656500;656501;656502;656503;656504;656505;656516;656521;656522;656524;656525;656526;656527;656532;656533;656534;656535;656536;656537;656543;656544;656545;656546;656547;656548;656549,656272;656287;656302;656317;656332;656346;656360;656374;656381;656388;656395;656402;656410;656418;656426;656434;656442;656450;656457;656464;656471;656478;656488;656498;656508;656519;656530;656541,0.09835151025809363
10717,gdsc:1036:10uM,656280,9864,123,1036,10.0,42209.0,57079.94545454546,487.57142857142856,scan:9864:NC-1+B,656274;656277;656278;656279;656282;656283;656284;656292;656293;656294;656297;656298;656299;656304;656307;656308;656309;656312;656313;656314;656319;656334;656337;656338;656339;656343;656348;656351;656352;656353;656356;656357;656362;656365;656366;656367;656370;656371;656376;656377;656378;656384;656385;656392;656405;656406;656413;656414;656415;656420;656421;656422;656423;656428;656429;656430;656431;656436;656437;656438;656439;656445;656446;656447;656459;656461;656466;656467;656468;656473;656474;656475;656480;656481;656482;656483;656484;656485;656490;656491;656492;656493;656494;656495;656500;656501;656502;656503;656504;656505;656516;656521;656522;656524;656525;656526;656527;656532;656533;656534;656535;656536;656537;656543;656544;656545;656546;656547;656548;656549,656272;656287;656302;656317;656332;656346;656360;656374;656381;656388;656395;656402;656410;656418;656426;656434;656442;656450;656457;656464;656471;656478;656488;656498;656508;656519;656530;656541,0.26277295678955237
10717,gdsc:1060:0.25uM,656276,9864,101,1060,0.25,32396.0,57079.94545454546,487.57142857142856,scan:9864:NC-1+B,656274;656277;656278;656279;656282;656283;656284;656292;656293;656294;656297;656298;656299;656304;656307;656308;656309;656312;656313;656314;656319;656334;656337;656338;656339;656343;656348;656351;656352;656353;656356;656357;656362;656365;656366;656367;656370;656371;656376;656377;656378;656384;656385;656392;656405;656406;656413;656414;656415;656420;656421;656422;656423;656428;656429;656430;656431;656436;656437;656438;656439;656445;656446;656447;656459;656461;656466;656467;656468;656473;656474;656475;656480;656481;656482;656483;656484;656485;656490;656491;656492;656493;656494;656495;656500;656501;656502;656503;656504;656505;656516;656521;656522;656524;656525;656526;656527;656532;656533;656534;656535;656536;656537;656543;656544;656545;656546;656547;656548;656549,656272;656287;656302;656317;656332;656346;656360;656374;656381;656388;656395;656402;656410;656418;656426;656434;656442;656450;656457;656464;656471;656478;656488;656498;656508;656519;656530;656541,0.4361708777796871
10723,gdsc:1032:2uM,657232,9866,124,1032,2.0,15671.0,43323.63636363636,389.9642857142857,scan:9866:NC-1+B,657225;657228;657229;657230;657233;657234;657235;657243;657244;657245;657248;657249;657250;657255;657258;657259;657260;657263;657264;657265;657270;657285;657288;657289;657290;657294;657299;657302;657303;657304;657307;657308;657313;657316;657317;657318;657321;657322;657327;657328;657329;657335;657336;657343;657356;657357;657364;657365;657366;657371;657372;657373;657374;657379;657380;657381;657382;657387;657388;657389;657390;657396;657397;657398;657410;657412;657417;657418;657419;657424;657425;657426;657431;657432;657433;657434;657435;657436;657441;657442;657443;657444;657445;657446;657451;657452;657453;657454;657455;657456;657467;657472;657473;657475;657476;657477;657478;657483;657484;657485;657486;657487;657488;657494;657495;657496;657497;657498;657499;657500,657223;657238;657253;657268;657283;657297;657311;657325;657332;657339;657346;657353;657361;657369;657377;657385;657393;657401;657408;657415;657422;657429;657439;657449;657459;657470;657481;657492,0.6440780633310019
10723,gdsc:1036:10uM,657231,9866,123,1036,10.0,29963.0,43323.63636363636,389.9642857142857,scan:9866:NC-1+B,657225;657228;657229;657230;657233;657234;657235;657243;657244;657245;657248;657249;657250;657255;657258;657259;657260;657263;657264;657265;657270;657285;657288;657289;657290;657294;657299;657302;657303;657304;657307;657308;657313;657316;657317;657318;657321;657322;657327;657328;657329;657335;657336;657343;657356;657357;657364;657365;657366;657371;657372;657373;657374;657379;657380;657381;657382;657387;657388;657389;657390;657396;657397;657398;657410;657412;657417;657418;657419;657424;657425;657426;657431;657432;657433;657434;657435;657436;657441;657442;657443;657444;657445;657446;657451;657452;657453;657454;657455;657456;657467;657472;657473;657475;657476;657477;657478;657483;657484;657485;657486;657487;657488;657494;657495;657496;657497;657498;657499;657500,657223;657238;657253;657268;657283;657297;657311;657325;657332;657339;657346;657353;657361;657369;657377;657385;657393;657401;657408;657415;657422;657429;657439;657449;657459;657470;657481;657492,0.31119249104496816
10723,gdsc:1060:0.25uM,657227,9866,101,1060,0.25,32205.0,43323.63636363636,389.9642857142857,scan:9866:NC-1+B,657225;657228;657229;657230;657233;657234;657235;657243;657244;657245;657248;657249;657250;657255;657258;657259;657260;657263;657264;657265;657270;657285;657288;657289;657290;657294;657299;657302;657303;657304;657307;657308;657313;657316;657317;657318;657321;657322;657327;657328;657329;657335;657336;657343;657356;657357;657364;657365;657366;657371;657372;657373;657374;657379;657380;657381;657382;657387;657388;657389;657390;657396;657397;657398;657410;657412;657417;657418;657419;657424;657425;657426;657431;657432;657433;657434;657435;657436;657441;657442;657443;657444;657445;657446;657451;657452;657453;657454;657455;657456;657467;657472;657473;657475;657476;657477;657478;657483;657484;657485;657486;657487;657488;657494;657495;657496;657497;657498;657499;657500,657223;657238;657253;657268;657283;657297;657311;657325;657332;657339;657346;657353;657361;657369;657377;657385;657393;657401;657408;657415;657422;657429;657439;657449;657459;657470;657481;657492,0.258972406167744
10730,gdsc:1032:2uM,658183,9870,124,1032,2.0,33161.0,44506.25454545455,451.60714285714283,scan:9870:NC-1+B,658176;658179;658180;658181;658184;658185;658186;658194;658195;658196;658199;658200;658201;658206;658209;658210;658211;658214;658215;658216;658221;658236;658239;658240;658241;658245;658250;658253;658254;658255;658258;658259;658264;658267;658268;658269;658272;658273;658278;658279;658280;658286;658287;658294;658307;658308;658315;658316;658317;658322;658323;658324;658325;658330;658331;658332;658333;658338;658339;658340;658341;658347;658348;658349;658361;658363;658368;658369;658370;658375;658376;658377;658382;658383;658384;658385;658386;658387;658392;658393;658394;658395;658396;658397;658402;658403;658404;658405;658406;658407;658418;658423;658424;658426;658427;658428;658429;658434;658435;658436;658437;658438;658439;658445;658446;658447;658448;658449;658450;658451,658174;658189;658204;658219;658234;658248;658262;658276;658283;658290;658297;658304;658312;658320;658328;658336;658344;658352;658359;658366;658373;658380;658390;658400;658410;658421;658432;658443,0.25752684936449277
10730,gdsc:1036:10uM,658182,9870,123,1036,10.0,36793.0,44506.25454545455,451.60714285714283,scan:9870:NC-1+B,658176;658179;658180;658181;658184;658185;658186;658194;658195;658196;658199;658200;658201;658206;658209;658210;658211;658214;658215;658216;658221;658236;658239;658240;658241;658245;658250;658253;658254;658255;658258;658259;658264;658267;658268;658269;658272;658273;658278;658279;658280;658286;658287;658294;658307;658308;658315;658316;658317;658322;658323;658324;658325;658330;658331;658332;658333;658338;658339;658340;658341;658347;658348;658349;658361;658363;658368;658369;658370;658375;658376;658377;658382;658383;658384;658385;658386;658387;658392;658393;658394;658395;658396;658397;658402;658403;658404;658405;658406;658407;658418;658423;658424;658426;658427;658428;658429;658434;658435;658436;658437;658438;658439;658445;658446;658447;658448;658449;658450;658451,658174;658189;658204;658219;658234;658248;658262;658276;658283;658290;658297;658304;658312;658320;658328;658336;658344;658352;658359;658366;658373;658380;658390;658400;658410;658421;658432;658443,0.1750837879819187
10730,gdsc:1060:0.25uM,658178,9870,101,1060,0.25,33734.0,44506.25454545455,451.60714285714283,scan:9870:NC-1+B,658176;658179;658180;658181;658184;658185;658186;658194;658195;658196;658199;658200;658201;658206;658209;658210;658211;658214;658215;658216;658221;658236;658239;658240;658241;658245;658250;658253;658254;658255;658258;658259;658264;658267;658268;658269;658272;658273;658278;658279;658280;658286;658287;658294;658307;658308;658315;658316;658317;658322;658323;658324;658325;658330;658331;658332;658333;658338;658339;658340;658341;658347;658348;658349;658361;658363;658368;658369;658370;658375;658376;658377;658382;658383;658384;658385;658386;658387;658392;658393;658394;658395;658396;658397;658402;658403;658404;658405;658406;658407;658418;658423;658424;658426;658427;658428;658429;658434;658435;658436;658437;658438;658439;658445;658446;658447;658448;658449;658450;658451,658174;658189;658204;658219;658234;658248;658262;658276;658283;658290;658297;658304;658312;658320;658328;658336;658344;658352;658359;658366;658373;658380;658390;658400;658410;658421;658432;658443,0.24452027607919136
10735,gdsc:1032:2uM,659134,9873,124,1032,2.0,26279.0,32129.727272727272,314.57142857142856,scan:9873:NC-1+B,659127;659130;659131;659132;659135;659136;659137;659145;659146;659147;659150;659151;659152;659157;659160;659161;659162;659165;659166;659167;659172;659187;659190;659191;659192;659196;659201;659204;659205;659206;659209;659210;659215;659218;659219;659220;659223;659224;659229;659230;659231;659237;659238;659245;659258;659259;659266;659267;659268;659273;659274;659275;659276;659281;659282;659283;659284;659289;659290;659291;659292;659298;659299;659300;659312;659314;659319;659320;659321;659326;659327;659328;659333;659334;659335;659336;659337;659338;659343;659344;659345;659346;659347;659348;659353;659354;659355;659356;659357;659358;659369;659374;659375;659377;659378;659379;659380;659385;659386;659387;659388;659389;659390;659396;659397;659398;659399;659400;659401;659402,659125;659140;659155;659170;659185;659199;659213;659227;659234;659241;659248;659255;659263;659271;659279;659287;659295;659303;659310;659317;659324;659331;659341;659351;659361;659372;659383;659394,0.18389748902650738
10735,gdsc:1036:10uM,659133,9873,123,1036,10.0,25992.0,32129.727272727272,314.57142857142856,scan:9873:NC-1+B,659127;659130;659131;659132;659135;659136;659137;659145;659146;659147;659150;659151;659152;659157;659160;659161;659162;659165;659166;659167;659172;659187;659190;659191;659192;659196;659201;659204;659205;659206;659209;659210;659215;659218;659219;659220;659223;659224;659229;659230;659231;659237;659238;659245;659258;659259;659266;659267;659268;659273;659274;659275;659276;659281;659282;659283;659284;659289;659290;659291;659292;659298;659299;659300;659312;659314;659319;659320;659321;659326;659327;659328;659333;659334;659335;659336;659337;659338;659343;659344;659345;659346;659347;659348;659353;659354;659355;659356;659357;659358;659369;659374;659375;659377;659378;659379;659380;659385;659386;659387;659388;659389;659390;659396;659397;659398;659399;659400;659401;659402,659125;659140;659155;659170;659185;659199;659213;659227;659234;659241;659248;659255;659263;659271;659279;659287;659295;659303;659310;659317;659324;659331;659341;659351;659361;659372;659383;659394,0.19291834692850374
10735,gdsc:1060:0.25uM,659129,9873,101,1060,0.25,27139.0,32129.727272727272,314.57142857142856,scan:9873:NC-1+B,659127;659130;659131;659132;659135;659136;659137;659145;659146;659147;659150;659151;659152;659157;659160;659161;659162;659165;659166;659167;659172;659187;659190;659191;659192;659196;659201;659204;659205;659206;659209;659210;659215;659218;659219;659220;659223;659224;659229;659230;659231;659237;659238;659245;659258;659259;659266;659267;659268;659273;659274;659275;659276;659281;659282;659283;659284;659289;659290;659291;659292;659298;659299;659300;659312;659314;659319;659320;659321;659326;659327;659328;659333;659334;659335;659336;659337;659338;659343;659344;659345;659346;659347;659348;659353;659354;659355;659356;659357;659358;659369;659374;659375;659377;659378;659379;659380;659385;659386;659387;659388;659389;659390;659396;659397;659398;659399;659400;659401;659402,659125;659140;659155;659170;659185;659199;659213;659227;659234;659241;659248;659255;659263;659271;659279;659287;659295;659303;659310;659317;659324;659331;659341;659351;659361;659372;659383;659394,0.1568663468811523
10738,gdsc:1032:2uM,660085,9875,124,1032,2.0,51418.0,61731.82727272727,480.14285714285717,scan:9875:NC-1+B,660078;660081;660082;660083;660086;660087;660088;660096;660097;660098;660101;660102;660103;660108;660111;660112;660113;660116;660117;660118;660123;660138;660141;660142;660143;660147;660152;660155;660156;660157;660160;660161;660166;660169;660170;660171;660174;660175;660180;660181;660182;660188;660189;660196;660209;660210;660217;660218;660219;660224;660225;660226;660227;660232;660233;660234;660235;660240;660241;660242;660243;660249;660250;660251;660263;660265;660270;660271;660272;660277;660278;660279;660284;660285;660286;660287;660288;660289;660294;660295;660296;660297;660298;660299;660304;660305;660306;660307;660308;660309;660320;660325;660326;660328;660329;660330;660331;660336;660337;660338;660339;660340;660341;660347;660348;660349;660350;660351;660352;660353,660076;660091;660106;660121;660136;660150;660164;660178;660185;660192;660199;660206;660214;660222;660230;660238;660246;660254;660261;660268;660275;660282;660292;660302;660312;660323;660334;660345,0.16838438601540073
10738,gdsc:1036:10uM,660084,9875,123,1036,10.0,60692.0,61731.82727272727,480.14285714285717,scan:9875:NC-1+B,660078;660081;660082;660083;660086;660087;660088;660096;660097;660098;660101;660102;660103;660108;660111;660112;660113;660116;660117;660118;660123;660138;660141;660142;660143;660147;660152;660155;660156;660157;660160;660161;660166;660169;660170;660171;660174;660175;660180;660181;660182;660188;660189;660196;660209;660210;660217;660218;660219;660224;660225;660226;660227;660232;660233;660234;660235;660240;660241;660242;660243;660249;660250;660251;660263;660265;660270;660271;660272;660277;660278;660279;660284;660285;660286;660287;660288;660289;660294;660295;660296;660297;660298;660299;660304;660305;660306;660307;660308;660309;660320;660325;660326;660328;660329;660330;660331;660336;660337;660338;660339;660340;660341;660347;660348;660349;660350;660351;660352;660353,660076;660091;660106;660121;660136;660150;660164;660178;660185;660192;660199;660206;660214;660222;660230;660238;660246;660254;660261;660268;660275;660282;660292;660302;660312;660323;660334;660345,0.01697630493999447
10738,gdsc:1060:0.25uM,660080,9875,101,1060,0.25,58971.0,61731.82727272727,480.14285714285717,scan:9875:NC-1+B,660078;660081;660082;660083;660086;660087;660088;660096;660097;660098;660101;660102;660103;660108;660111;660112;660113;660116;660117;660118;660123;660138;660141;660142;660143;660147;660152;660155;660156;660157;660160;660161;660166;660169;660170;660171;660174;660175;660180;660181;660182;660188;660189;660196;660209;660210;660217;660218;660219;660224;660225;660226;660227;660232;660233;660234;660235;660240;660241;660242;660243;660249;660250;660251;660263;660265;660270;660271;660272;660277;660278;660279;660284;660285;660286;660287;660288;660289;660294;660295;660296;660297;660298;660299;660304;660305;660306;660307;660308;660309;660320;660325;660326;660328;660329;660330;660331;660336;660337;660338;660339;660340;660341;660347;660348;660349;660350;660351;660352;660353,660076;660091;660106;660121;660136;660150;660164;660178;660185;660192;660199;660206;660214;660222;660230;660238;660246;660254;660261;660268;660275;660282;660292;660302;660312;660323;660334;660345,0.04507349143242212
10798,gdsc:1032:2uM,661994,9989,124,1032,2.0,23316.0,24883.97272727273,312.25,scan:9989:NC-1+B,661987;661990;661991;661992;661995;661996;661997;662005;662006;662007;662010;662011;662012;662017;662020;662021;662022;662025;662026;662027;662032;662047;662050;662051;662052;662056;662061;662064;662065;662066;662069;662070;662075;662078;662079;662080;662083;662084;662089;662090;662091;662097;662098;662105;662118;662119;662126;662127;662128;662133;662134;662135;662136;662141;662142;662143;662144;662149;662150;662151;662152;662158;662159;662160;662172;662174;662179;662180;662181;662186;662187;662188;662193;662194;662195;662196;662197;662198;662203;662204;662205;662206;662207;662208;662213;662214;662215;662216;662217;662218;662229;662234;662235;662237;662238;662239;662240;662245;662246;662247;662248;662249;662250;662256;662257;662258;662259;662260;662261;662262,661985;662000;662015;662030;662045;662059;662073;662087;662094;662101;662108;662115;662123;662131;662139;662147;662155;662163;662170;662177;662184;662191;662201;662211;662221;662232;662243;662254,0.06381207962811652
10798,gdsc:1036:10uM,661993,9989,123,1036,10.0,17678.0,24883.97272727273,312.25,scan:9989:NC-1+B,661987;661990;661991;661992;661995;661996;661997;662005;662006;662007;662010;662011;662012;662017;662020;662021;662022;662025;662026;662027;662032;662047;662050;662051;662052;662056;662061;662064;662065;662066;662069;662070;662075;662078;662079;662080;662083;662084;662089;662090;662091;662097;662098;662105;662118;662119;662126;662127;662128;662133;662134;662135;662136;662141;662142;662143;662144;662149;662150;662151;662152;662158;662159;662160;662172;662174;662179;662180;662181;662186;662187;662188;662193;662194;662195;662196;662197;662198;662203;662204;662205;662206;662207;662208;662213;662214;662215;662216;662217;662218;662229;662234;662235;662237;662238;662239;662240;662245;662246;662247;662248;662249;662250;662256;662257;662258;662259;662260;662261;662262,661985;662000;662015;662030;662045;662059;662073;662087;662094;662101;662108;662115;662123;662131;662139;662147;662155;662163;662170;662177;662184;662191;662201;662211;662221;662232;662243;662254,0.2932628211401169
10798,gdsc:1060:0.25uM,661989,9989,101,1060,0.25,7740.0,24883.97272727273,312.25,scan:9989:NC-1+B,661987;661990;661991;661992;661995;661996;661997;662005;662006;662007;662010;662011;662012;662017;662020;662021;662022;662025;662026;662027;662032;662047;662050;662051;662052;662056;662061;662064;662065;662066;662069;662070;662075;662078;662079;662080;662083;662084;662089;662090;662091;662097;662098;662105;662118;662119;662126;662127;662128;662133;662134;662135;662136;662141;662142;662143;662144;662149;662150;662151;662152;662158;662159;662160;662172;662174;662179;662180;662181;662186;662187;662188;662193;662194;662195;662196;662197;662198;662203;662204;662205;662206;662207;662208;662213;662214;662215;662216;662217;662218;662229;662234;662235;662237;662238;662239;662240;662245;662246;662247;662248;662249;662250;662256;662257;662258;662259;662260;662261;662262,661985;662000;662015;662030;662045;662059;662073;662087;662094;662101;662108;662115;662123;662131;662139;662147;662155;662163;662170;662177;662184;662191;662201;662211;662221;662232;662243;662254,0.6977114676719118
10801,gdsc:1032:2uM,662945,9991,124,1032,2.0,23507.0,66184.4909090909,312.85714285714283,scan:9991:NC-1+B,662938;662941;662942;662943;662946;662947;662948;662956;662957;662958;662961;662962;662963;662968;662971;662972;662973;662976;662977;662978;662983;662998;663001;663002;663003;663007;663012;663015;663016;663017;663020;663021;663026;663029;663030;663031;663034;663035;663040;663041;663042;663048;663049;663056;663069;663070;663077;663078;663079;663084;663085;663086;663087;663092;663093;663094;663095;663100;663101;663102;663103;663109;663110;663111;663123;663125;663130;663131;663132;663137;663138;663139;663144;663145;663146;663147;663148;663149;663154;663155;663156;663157;663158;663159;663164;663165;663166;663167;663168;663169;663180;663185;663186;663188;663189;663190;663191;663196;663197;663198;663199;663200;663201;663207;663208;663209;663210;663211;663212;663213,662936;662951;662966;662981;662996;663010;663024;663038;663045;663052;663059;663066;663074;663082;663090;663098;663106;663114;663121;663128;663135;663142;663152;663162;663172;663183;663194;663205,0.6478887567984941
10801,gdsc:1036:10uM,662944,9991,123,1036,10.0,19398.0,66184.4909090909,312.85714285714283,scan:9991:NC-1+B,662938;662941;662942;662943;662946;662947;662948;662956;662957;662958;662961;662962;662963;662968;662971;662972;662973;662976;662977;662978;662983;662998;663001;663002;663003;663007;663012;663015;663016;663017;663020;663021;663026;663029;663030;663031;663034;663035;663040;663041;663042;663048;663049;663056;663069;663070;663077;663078;663079;663084;663085;663086;663087;663092;663093;663094;663095;663100;663101;663102;663103;663109;663110;663111;663123;663125;663130;663131;663132;663137;663138;663139;663144;663145;663146;663147;663148;663149;663154;663155;663156;663157;663158;663159;663164;663165;663166;663167;663168;663169;663180;663185;663186;663188;663189;663190;663191;663196;663197;663198;663199;663200;663201;663207;663208;663209;663210;663211;663212;663213,662936;662951;662966;662981;662996;663010;663024;663038;663045;663052;663059;663066;663074;663082;663090;663098;663106;663114;663121;663128;663135;663142;663152;663162;663172;663183;663194;663205,0.7102676559553313
10801,gdsc:1060:0.25uM,662940,9991,101,1060,0.25,30198.0,66184.4909090909,312.85714285714283,scan:9991:NC-1+B,662938;662941;662942;662943;662946;662947;662948;662956;662957;662958;662961;662962;662963;662968;662971;662972;662973;662976;662977;662978;662983;662998;663001;663002;663003;663007;663012;663015;663016;663017;663020;663021;663026;663029;663030;663031;663034;663035;663040;663041;663042;663048;663049;663056;663069;663070;663077;663078;663079;663084;663085;663086;663087;663092;663093;663094;663095;663100;663101;663102;663103;663109;663110;663111;663123;663125;663130;663131;663132;663137;663138;663139;663144;663145;663146;663147;663148;663149;663154;663155;663156;663157;663158;663159;663164;663165;663166;663167;663168;663169;663180;663185;663186;663188;663189;663190;663191;663196;663197;663198;663199;663200;663201;663207;663208;663209;663210;663211;663212;663213,662936;662951;662966;662981;662996;663010;663024;663038;663045;663052;663059;663066;663074;663082;663090;663098;663106;663114;663121;663128;663135;663142;663152;663162;663172;663183;663194;663205,0.5463124087190596
10807,gdsc:1032:2uM,663896,9995,124,1032,2.0,14906.0,33147.86363636364,325.75,scan:9995:NC-1+B,663889;663892;663893;663894;663897;663898;663899;663907;663908;663909;663912;663913;663914;663919;663922;663923;663924;663927;663928;663929;663934;663949;663952;663953;663954;663958;663963;663966;663967;663968;663971;663972;663977;663980;663981;663982;663985;663986;663991;663992;663993;663999;664000;664007;664020;664021;664028;664029;664030;664035;664036;664037;664038;664043;664044;664045;664046;664051;664052;664053;664054;664060;664061;664062;664074;664076;664081;664082;664083;664088;664089;664090;664095;664096;664097;664098;664099;664100;664105;664106;664107;664108;664109;664110;664115;664116;664117;664118;664119;664120;664131;664136;664137;664139;664140;664141;664142;664147;664148;664149;664150;664151;664152;664158;664159;664160;664161;664162;664163;664164,663887;663902;663917;663932;663947;663961;663975;663989;663996;664003;664010;664017;664025;664033;664041;664049;664057;664065;664072;664079;664086;664093;664103;664113;664123;664134;664145;664156,0.5557796745957722
10807,gdsc:1036:10uM,663895,9995,123,1036,10.0,19016.0,33147.86363636364,325.75,scan:9995:NC-1+B,663889;663892;663893;663894;663897;663898;663899;663907;663908;663909;663912;663913;663914;663919;663922;663923;663924;663927;663928;663929;663934;663949;663952;663953;663954;663958;663963;663966;663967;663968;663971;663972;663977;663980;663981;663982;663985;663986;663991;663992;663993;663999;664000;664007;664020;664021;664028;664029;664030;664035;664036;664037;664038;664043;664044;664045;664046;664051;664052;664053;664054;664060;664061;664062;664074;664076;664081;664082;664083;664088;664089;664090;664095;664096;664097;664098;664099;664100;664105;664106;664107;664108;664109;664110;664115;664116;664117;664118;664119;664120;664131;664136;664137;664139;664140;664141;664142;664147;664148;664149;664150;664151;664152;664158;664159;664160;664161;664162;664163;664164,663887;663902;663917;663932;663947;663961;663975;663989;663996;664003;664010;664017;664025;664033;664041;664049;664057;664065;664072;664079;664086;664093;664103;664113;664123;664134;664145;664156,0.43055921970567246
10807,gdsc:1060:0.25uM,663891,9995,101,1060,0.25,26279.0,33147.86363636364,325.75,scan:9995:NC-1+B,663889;663892;663893;663894;663897;663898;663899;663907;663908;663909;663912;663913;663914;663919;663922;663923;663924;663927;663928;663929;663934;663949;663952;663953;663954;663958;663963;663966;663967;663968;663971;663972;663977;663980;663981;663982;663985;663986;663991;663992;663993;663999;664000;664007;664020;664021;664028;664029;664030;664035;664036;664037;664038;664043;664044;664045;664046;664051;664052;664053;664054;664060;664061;664062;664074;664076;664081;664082;664083;664088;664089;664090;664095;664096;664097;664098;664099;664100;664105;664106;664107;664108;664109;664110;664115;664116;664117;664118;664119;664120;664131;664136;664137;664139;664140;664141;664142;664147;664148;664149;664150;664151;664152;664158;664159;664160;664161;664162;664163;664164,663887;663902;663917;663932;663947;663961;663975;663989;663996;664003;664010;664017;664025;664033;664041;664049;664057;664065;664072;664079;664086;664093;664103;664113;664123;664134;664145;664156,0.20927548153856923
10810,gdsc:1032:2uM,664847,9997,124,1032,2.0,19302.0,35950.6,316.92857142857144,scan:9997:NC-1+B,664840;664843;664844;664845;664848;664849;664850;664858;664859;664860;664863;664864;664865;664870;664873;664874;664875;664878;664879;664880;664885;664900;664903;664904;664905;664909;664914;664917;664918;664919;664922;664923;664928;664931;664932;664933;664936;664937;664942;664943;664944;664950;664951;664958;664971;664972;664979;664980;664981;664986;664987;664988;664989;664994;664995;664996;664997;665002;665003;665004;665005;665011;665012;665013;665025;665027;665032;665033;665034;665039;665040;665041;665046;665047;665048;665049;665050;665051;665056;665057;665058;665059;665060;665061;665066;665067;665068;665069;665070;665071;665082;665087;665088;665090;665091;665092;665093;665098;665099;665100;665101;665102;665103;665109;665110;665111;665112;665113;665114;665115,664838;664853;664868;664883;664898;664912;664926;664940;664947;664954;664961;664968;664976;664984;664992;665000;665008;665016;665023;665030;665037;665044;665054;665064;665074;665085;665096;665107,0.46721539859771477
10810,gdsc:1036:10uM,664846,9997,123,1036,10.0,29720.0,35950.6,316.92857142857144,scan:9997:NC-1+B,664840;664843;664844;664845;664848;664849;664850;664858;664859;664860;664863;664864;664865;664870;664873;664874;664875;664878;664879;664880;664885;664900;664903;664904;664905;664909;664914;664917;664918;664919;664922;664923;664928;664931;664932;664933;664936;664937;664942;664943;664944;664950;664951;664958;664971;664972;664979;664980;664981;664986;664987;664988;664989;664994;664995;664996;664997;665002;665003;665004;665005;665011;665012;665013;665025;665027;665032;665033;665034;665039;665040;665041;665046;665047;665048;665049;665050;665051;665056;665057;665058;665059;665060;665061;665066;665067;665068;665069;665070;665071;665082;665087;665088;665090;665091;665092;665093;665098;665099;665100;665101;665102;665103;665109;665110;665111;665112;665113;665114;665115,664838;664853;664868;664883;664898;664912;664926;664940;664947;664954;664961;664968;664976;664984;664992;665000;665008;665016;665023;665030;665037;665044;665054;665064;665074;665085;665096;665107,0.17485147474880292
10810,gdsc:1060:0.25uM,664842,9997,101,1060,0.25,24654.0,35950.6,316.92857142857144,scan:9997:NC-1+B,664840;664843;664844;664845;664848;664849;664850;664858;664859;664860;664863;664864;664865;664870;664873;664874;664875;664878;664879;664880;664885;664900;664903;664904;664905;664909;664914;664917;664918;664919;664922;664923;664928;664931;664932;664933;664936;664937;664942;664943;664944;664950;664951;664958;664971;664972;664979;664980;664981;664986;664987;664988;664989;664994;664995;664996;664997;665002;665003;665004;665005;665011;665012;665013;665025;665027;665032;665033;665034;665039;665040;665041;665046;665047;665048;665049;665050;665051;665056;665057;665058;665059;665060;665061;665066;665067;665068;665069;665070;665071;665082;665087;665088;665090;665091;665092;665093;665098;665099;665100;665101;665102;665103;665109;665110;665111;665112;665113;665114;665115,664838;664853;664868;664883;664898;664912;664926;664940;664947;664954;664961;664968;664976;664984;664992;665000;665008;665016;665023;665030;665037;665044;665054;665064;665074;665085;665096;665107,0.31702037839812025
10815,gdsc:1032:2uM,666277,10000,124,1032,2.0,22647.0,26411.28181818182,220.25,scan:10000:NC-1+B,666270;666273;666274;666275;666278;666279;666280;666288;666289;666290;666293;666294;666295;666300;666303;666304;666305;666308;666309;666310;666315;666330;666333;666334;666335;666339;666344;666347;666348;666349;666352;666353;666358;666361;666362;666363;666366;666367;666372;666373;666374;666380;666381;666388;666401;666402;666409;666410;666411;666416;666417;666418;666419;666424;666425;666426;666427;666432;666433;666434;666435;666441;666442;666443;666455;666457;666462;666463;666464;666469;666470;666471;666476;666477;666478;666479;666480;666481;666486;666487;666488;666489;666490;666491;666496;666497;666498;666499;666500;666501;666512;666517;666518;666520;666521;666522;666523;666528;666529;666530;666531;666532;666533;666539;666540;666541;666542;666543;666544;666545,666268;666283;666298;666313;666328;666342;666356;666370;666377;666384;666391;666398;666406;666414;666422;666430;666438;666446;666453;666460;666467;666474;666484;666494;666504;666515;666526;666537,0.1437240748785107
10815,gdsc:1036:10uM,666276,10000,123,1036,10.0,19111.0,26411.28181818182,220.25,scan:10000:NC-1+B,666270;666273;666274;666275;666278;666279;666280;666288;666289;666290;666293;666294;666295;666300;666303;666304;666305;666308;666309;666310;666315;666330;666333;666334;666335;666339;666344;666347;666348;666349;666352;666353;666358;666361;666362;666363;666366;666367;666372;666373;666374;666380;666381;666388;666401;666402;666409;666410;666411;666416;666417;666418;666419;666424;666425;666426;666427;666432;666433;666434;666435;666441;666442;666443;666455;666457;666462;666463;666464;666469;666470;666471;666476;666477;666478;666479;666480;666481;666486;666487;666488;666489;666490;666491;666496;666497;666498;666499;666500;666501;666512;666517;666518;666520;666521;666522;666523;666528;666529;666530;666531;666532;666533;666539;666540;666541;666542;666543;666544;666545,666268;666283;666298;666313;666328;666342;666356;666370;666377;666384;666391;666398;666406;666414;666422;666430;666438;666446;666453;666460;666467;666474;666484;666494;666504;666515;666526;666537,0.2787321197904835
10815,gdsc:1060:0.25uM,666272,10000,101,1060,0.25,27044.0,26411.28181818182,220.25,scan:10000:NC-1+B,666270;666273;666274;666275;666278;666279;666280;666288;666289;666290;666293;666294;666295;666300;666303;666304;666305;666308;666309;666310;666315;666330;666333;666334;666335;666339;666344;666347;666348;666349;666352;666353;666358;666361;666362;666363;666366;666367;666372;666373;666374;666380;666381;666388;666401;666402;666409;666410;666411;666416;666417;666418;666419;666424;666425;666426;666427;666432;666433;666434;666435;666441;666442;666443;666455;666457;666462;666463;666464;666469;666470;666471;666476;666477;666478;666479;666480;666481;666486;666487;666488;666489;666490;666491;666496;666497;666498;666499;666500;666501;666512;666517;666518;666520;666521;666522;666523;666528;666529;666530;666531;666532;666533;666539;666540;666541;666542;666543;666544;666545,666268;666283;666298;666313;666328;666342;666356;666370;666377;666384;666391;666398;666406;666414;666422;666430;666438;666446;666453;666460;666467;666474;666484;666494;666504;666515;666526;666537,-0.024157818073396786
10818,gdsc:1032:2uM,667228,10002,124,1032,2.0,29051.0,43987.94545454546,291.17857142857144,scan:10002:NC-1+B,667221;667224;667225;667226;667229;667230;667231;667239;667240;667241;667244;667245;667246;667251;667254;667255;667256;667259;667260;667261;667266;667281;667284;667285;667286;667290;667295;667298;667299;667300;667303;667304;667309;667312;667313;667314;667317;667318;667323;667324;667325;667331;667332;667339;667352;667353;667360;667361;667362;667367;667368;667369;667370;667375;667376;667377;667378;667383;667384;667385;667386;667392;667393;667394;667406;667408;667413;667414;667415;667420;667421;667422;667427;667428;667429;667430;667431;667432;667437;667438;667439;667440;667441;667442;667447;667448;667449;667450;667451;667452;667463;667468;667469;667471;667472;667473;667474;667479;667480;667481;667482;667483;667484;667490;667491;667492;667493;667494;667495;667496,667219;667234;667249;667264;667279;667293;667307;667321;667328;667335;667342;667349;667357;667365;667373;667381;667389;667397;667404;667411;667418;667425;667435;667445;667455;667466;667477;667488,0.3418318223519792
10818,gdsc:1036:10uM,667227,10002,123,1036,10.0,29529.0,43987.94545454546,291.17857142857144,scan:10002:NC-1+B,667221;667224;667225;667226;667229;667230;667231;667239;667240;667241;667244;667245;667246;667251;667254;667255;667256;667259;667260;667261;667266;667281;667284;667285;667286;667290;667295;667298;667299;667300;667303;667304;667309;667312;667313;667314;667317;667318;667323;667324;667325;667331;667332;667339;667352;667353;667360;667361;667362;667367;667368;667369;667370;667375;667376;667377;667378;667383;667384;667385;667386;667392;667393;667394;667406;667408;667413;667414;667415;667420;667421;667422;667427;667428;667429;667430;667431;667432;667437;667438;667439;667440;667441;667442;667447;667448;667449;667450;667451;667452;667463;667468;667469;667471;667472;667473;667474;667479;667480;667481;667482;667483;667484;667490;667491;667492;667493;667494;667495;667496,667219;667234;667249;667264;667279;667293;667307;667321;667328;667335;667342;667349;667357;667365;667373;667381;667389;667397;667404;667411;667418;667425;667435;667445;667455;667466;667477;667488,0.3308927979321957
10818,gdsc:1060:0.25uM,667223,10002,101,1060,0.25,31345.0,43987.94545454546,291.17857142857144,scan:10002:NC-1+B,667221;667224;667225;667226;667229;667230;667231;667239;667240;667241;667244;667245;667246;667251;667254;667255;667256;667259;667260;667261;667266;667281;667284;667285;667286;667290;667295;667298;667299;667300;667303;667304;667309;667312;667313;667314;667317;667318;667323;667324;667325;667331;667332;667339;667352;667353;667360;667361;667362;667367;667368;667369;667370;667375;667376;667377;667378;667383;667384;667385;667386;667392;667393;667394;667406;667408;667413;667414;667415;667420;667421;667422;667427;667428;667429;667430;667431;667432;667437;667438;667439;667440;667441;667442;667447;667448;667449;667450;667451;667452;667463;667468;667469;667471;667472;667473;667474;667479;667480;667481;667482;667483;667484;667490;667491;667492;667493;667494;667495;667496,667219;667234;667249;667264;667279;667293;667307;667321;667328;667335;667342;667349;667357;667365;667373;667381;667389;667397;667404;667411;667418;667425;667435;667445;667455;667466;667477;667488,0.289333659132349
10821,gdsc:1032:2uM,668179,10004,124,1032,2.0,23985.0,28262.827272727274,296.42857142857144,scan:10004:NC-1+B,668172;668175;668176;668177;668180;668181;668182;668190;668191;668192;668195;668196;668197;668202;668205;668206;668207;668210;668211;668212;668217;668232;668235;668236;668237;668241;668246;668249;668250;668251;668254;668255;668260;668263;668264;668265;668268;668269;668274;668275;668276;668282;668283;668290;668303;668304;668311;668312;668313;668318;668319;668320;668321;668326;668327;668328;668329;668334;668335;668336;668337;668343;668344;668345;668357;668359;668364;668365;668366;668371;668372;668373;668378;668379;668380;668381;668382;668383;668388;668389;668390;668391;668392;668393;668398;668399;668400;668401;668402;668403;668414;668419;668420;668422;668423;668424;668425;668430;668431;668432;668433;668434;668435;668441;668442;668443;668444;668445;668446;668447,668170;668185;668200;668215;668230;668244;668258;668272;668279;668286;668293;668300;668308;668316;668324;668332;668340;668348;668355;668362;668369;668376;668386;668396;668406;668417;668428;668439,0.15296310827924442
10821,gdsc:1036:10uM,668178,10004,123,1036,10.0,17678.0,28262.827272727274,296.42857142857144,scan:10004:NC-1+B,668172;668175;668176;668177;668180;668181;668182;668190;668191;668192;668195;668196;668197;668202;668205;668206;668207;668210;668211;668212;668217;668232;668235;668236;668237;668241;668246;668249;668250;668251;668254;668255;668260;668263;668264;668265;668268;668269;668274;668275;668276;668282;668283;668290;668303;668304;668311;668312;668313;668318;668319;668320;668321;668326;668327;668328;668329;668334;668335;668336;668337;668343;668344;668345;668357;668359;668364;668365;668366;668371;668372;668373;668378;668379;668380;668381;668382;668383;668388;668389;668390;668391;668392;668393;668398;668399;668400;668401;668402;668403;668414;668419;668420;668422;668423;668424;668425;668430;668431;668432;668433;668434;668435;668441;668442;668443;668444;668445;668446;668447,668170;668185;668200;668215;668230;668244;668258;668272;668279;668286;668293;668300;668308;668316;668324;668332;668340;668348;668355;668362;668369;668376;668386;668396;668406;668417;668428;668439,0.37848374350165215
10821,gdsc:1060:0.25uM,668174,10004,101,1060,0.25,28573.0,28262.827272727274,296.42857142857144,scan:10004:NC-1+B,668172;668175;668176;668177;668180;668181;668182;668190;668191;668192;668195;668196;668197;668202;668205;668206;668207;668210;668211;668212;668217;668232;668235;668236;668237;668241;668246;668249;668250;668251;668254;668255;668260;668263;668264;668265;668268;668269;668274;668275;668276;668282;668283;668290;668303;668304;668311;668312;668313;668318;668319;668320;668321;668326;668327;668328;668329;668334;668335;668336;668337;668343;668344;668345;668357;668359;668364;668365;668366;668371;668372;668373;668378;668379;668380;668381;668382;668383;668388;668389;668390;668391;668392;668393;668398;668399;668400;668401;668402;668403;668414;668419;668420;668422;668423;668424;668425;668430;668431;668432;668433;668434;668435;668441;668442;668443;668444;668445;668446;668447,668170;668185;668200;668215;668230;668244;668258;668272;668279;668286;668293;668300;668308;668316;668324;668332;668340;668348;668355;668362;668369;668376;668386;668396;668406;668417;668428;668439,-0.011090907005424366
10824,gdsc:1032:2uM,669130,10006,124,1032,2.0,25037.0,56520.93636363636,293.4642857142857,scan:10006:NC-1+B,669123;669126;669127;669128;669131;669132;669133;669141;669142;669143;669146;669147;669148;669153;669156;669157;669158;669161;669162;669163;669168;669183;669186;669187;669188;669192;669197;669200;669201;669202;669205;669206;669211;669214;669215;669216;669219;669220;669225;669226;669227;669233;669234;669241;669254;669255;669262;669263;669264;669269;669270;669271;669272;669277;669278;669279;669280;669285;669286;669287;669288;669294;669295;669296;669308;669310;669315;669316;669317;669322;669323;669324;669329;669330;669331;669332;669333;669334;669339;669340;669341;669342;669343;669344;669349;669350;669351;669352;669353;669354;669365;669370;669371;669373;669374;669375;669376;669381;669382;669383;669384;669385;669386;669392;669393;669394;669395;669396;669397;669398,669121;669136;669151;669166;669181;669195;669209;669223;669230;669237;669244;669251;669259;669267;669275;669283;669291;669299;669306;669313;669320;669327;669337;669347;669357;669368;669379;669390,0.5599386776628474
10824,gdsc:1036:10uM,669129,10006,123,1036,10.0,35263.0,56520.93636363636,293.4642857142857,scan:10006:NC-1+B,669123;669126;669127;669128;669131;669132;669133;669141;669142;669143;669146;669147;669148;669153;669156;669157;669158;669161;669162;669163;669168;669183;669186;669187;669188;669192;669197;669200;669201;669202;669205;669206;669211;669214;669215;669216;669219;669220;669225;669226;669227;669233;669234;669241;669254;669255;669262;669263;669264;669269;669270;669271;669272;669277;669278;669279;669280;669285;669286;669287;669288;669294;669295;669296;669308;669310;669315;669316;669317;669322;669323;669324;669329;669330;669331;669332;669333;669334;669339;669340;669341;669342;669343;669344;669349;669350;669351;669352;669353;669354;669365;669370;669371;669373;669374;669375;669376;669381;669382;669383;669384;669385;669386;669392;669393;669394;669395;669396;669397;669398,669121;669136;669151;669166;669181;669195;669209;669223;669230;669237;669244;669251;669259;669267;669275;669283;669291;669299;669306;669313;669320;669327;669337;669347;669357;669368;669379;669390,0.3780702844719097
10824,gdsc:1060:0.25uM,669125,10006,101,1060,0.25,39087.0,56520.93636363636,293.4642857142857,scan:10006:NC-1+B,669123;669126;669127;669128;669131;669132;669133;669141;669142;669143;669146;669147;669148;669153;669156;669157;669158;669161;669162;669163;669168;669183;669186;669187;669188;669192;669197;669200;669201;669202;669205;669206;669211;669214;669215;669216;669219;669220;669225;669226;669227;669233;669234;669241;669254;669255;669262;669263;669264;669269;669270;669271;669272;669277;669278;669279;669280;669285;669286;669287;669288;669294;669295;669296;669308;669310;669315;669316;669317;669322;669323;669324;669329;669330;669331;669332;669333;669334;669339;669340;669341;669342;669343;669344;669349;669350;669351;669352;669353;669354;669365;669370;669371;669373;669374;669375;669376;669381;669382;669383;669384;669385;669386;669392;669393;669394;669395;669396;669397;669398,669121;669136;669151;669166;669181;669195;669209;669223;669230;669237;669244;669251;669259;669267;669275;669283;669291;669299;669306;669313;669320;669327;669337;669347;669357;669368;669379;669390,0.31006082470639584
10827,gdsc:1032:2uM,670081,10008,124,1032,2.0,12804.0,22282.854545454546,223.5,scan:10008:NC-1+B,670074;670077;670078;670079;670082;670083;670084;670092;670093;670094;670097;670098;670099;670104;670107;670108;670109;670112;670113;670114;670119;670134;670137;670138;670139;670143;670148;670151;670152;670153;670156;670157;670162;670165;670166;670167;670170;670171;670176;670177;670178;670184;670185;670192;670205;670206;670213;670214;670215;670220;670221;670222;670223;670228;670229;670230;670231;670236;670237;670238;670239;670245;670246;670247;670259;670261;670266;670267;670268;670273;670274;670275;670280;670281;670282;670283;670284;670285;670290;670291;670292;670293;670294;670295;670300;670301;670302;670303;670304;670305;670316;670321;670322;670324;670325;670326;670327;670332;670333;670334;670335;670336;670337;670343;670344;670345;670346;670347;670348;670349,670072;670087;670102;670117;670132;670146;670160;670174;670181;670188;670195;670202;670210;670218;670226;670234;670242;670250;670257;670264;670271;670278;670288;670298;670308;670319;670330;670341,0.4296977287310393
10827,gdsc:1036:10uM,670080,10008,123,1036,10.0,14046.0,22282.854545454546,223.5,scan:10008:NC-1+B,670074;670077;670078;670079;670082;670083;670084;670092;670093;670094;670097;670098;670099;670104;670107;670108;670109;670112;670113;670114;670119;670134;670137;670138;670139;670143;670148;670151;670152;670153;670156;670157;670162;670165;670166;670167;670170;670171;670176;670177;670178;670184;670185;670192;670205;670206;670213;670214;670215;670220;670221;670222;670223;670228;670229;670230;670231;670236;670237;670238;670239;670245;670246;670247;670259;670261;670266;670267;670268;670273;670274;670275;670280;670281;670282;670283;670284;670285;670290;670291;670292;670293;670294;670295;670300;670301;670302;670303;670304;670305;670316;670321;670322;670324;670325;670326;670327;670332;670333;670334;670335;670336;670337;670343;670344;670345;670346;670347;670348;670349,670072;670087;670102;670117;670132;670146;670160;670174;670181;670188;670195;670202;670210;670218;670226;670234;670242;670250;670257;670264;670271;670278;670288;670298;670308;670319;670330;670341,0.3733950840892485
10827,gdsc:1060:0.25uM,670076,10008,101,1060,0.25,7548.0,22282.854545454546,223.5,scan:10008:NC-1+B,670074;670077;670078;670079;670082;670083;670084;670092;670093;670094;670097;670098;670099;670104;670107;670108;670109;670112;670113;670114;670119;670134;670137;670138;670139;670143;670148;670151;670152;670153;670156;670157;670162;670165;670166;670167;670170;670171;670176;670177;670178;670184;670185;670192;670205;670206;670213;670214;670215;670220;670221;670222;670223;670228;670229;670230;670231;670236;670237;670238;670239;670245;670246;670247;670259;670261;670266;670267;670268;670273;670274;670275;670280;670281;670282;670283;670284;670285;670290;670291;670292;670293;670294;670295;670300;670301;670302;670303;670304;670305;670316;670321;670322;670324;670325;670326;670327;670332;670333;670334;670335;670336;670337;670343;670344;670345;670346;670347;670348;670349,670072;670087;670102;670117;670132;670146;670160;670174;670181;670188;670195;670202;670210;670218;670226;670234;670242;670250;670257;670264;670271;670278;670288;670298;670308;670319;670330;670341,0.667963993012241
10830,gdsc:1032:2uM,671032,10010,124,1032,2.0,21500.0,36454.88181818182,298.25,scan:10010:NC-1+B,671025;671028;671029;671030;671033;671034;671035;671043;671044;671045;671048;671049;671050;671055;671058;671059;671060;671063;671064;671065;671070;671085;671088;671089;671090;671094;671099;671102;671103;671104;671107;671108;671113;671116;671117;671118;671121;671122;671127;671128;671129;671135;671136;671143;671156;671157;671164;671165;671166;671171;671172;671173;671174;671179;671180;671181;671182;671187;671188;671189;671190;671196;671197;671198;671210;671212;671217;671218;671219;671224;671225;671226;671231;671232;671233;671234;671235;671236;671241;671242;671243;671244;671245;671246;671251;671252;671253;671254;671255;671256;671267;671272;671273;671275;671276;671277;671278;671283;671284;671285;671286;671287;671288;671294;671295;671296;671297;671298;671299;671300,671023;671038;671053;671068;671083;671097;671111;671125;671132;671139;671146;671153;671161;671169;671177;671185;671193;671201;671208;671215;671222;671229;671239;671249;671259;671270;671281;671292,0.41361379824825295
10830,gdsc:1036:10uM,671031,10010,123,1036,10.0,28286.0,36454.88181818182,298.25,scan:10010:NC-1+B,671025;671028;671029;671030;671033;671034;671035;671043;671044;671045;671048;671049;671050;671055;671058;671059;671060;671063;671064;671065;671070;671085;671088;671089;671090;671094;671099;671102;671103;671104;671107;671108;671113;671116;671117;671118;671121;671122;671127;671128;671129;671135;671136;671143;671156;671157;671164;671165;671166;671171;671172;671173;671174;671179;671180;671181;671182;671187;671188;671189;671190;671196;671197;671198;671210;671212;671217;671218;671219;671224;671225;671226;671231;671232;671233;671234;671235;671236;671241;671242;671243;671244;671245;671246;671251;671252;671253;671254;671255;671256;671267;671272;671273;671275;671276;671277;671278;671283;671284;671285;671286;671287;671288;671294;671295;671296;671297;671298;671299;671300,671023;671038;671053;671068;671083;671097;671111;671125;671132;671139;671146;671153;671161;671169;671177;671185;671193;671201;671208;671215;671222;671229;671239;671249;671259;671270;671281;671292,0.22593038696912016
10830,gdsc:1060:0.25uM,671027,10010,101,1060,0.25,20927.0,36454.88181818182,298.25,scan:10010:NC-1+B,671025;671028;671029;671030;671033;671034;671035;671043;671044;671045;671048;671049;671050;671055;671058;671059;671060;671063;671064;671065;671070;671085;671088;671089;671090;671094;671099;671102;671103;671104;671107;671108;671113;671116;671117;671118;671121;671122;671127;671128;671129;671135;671136;671143;671156;671157;671164;671165;671166;671171;671172;671173;671174;671179;671180;671181;671182;671187;671188;671189;671190;671196;671197;671198;671210;671212;671217;671218;671219;671224;671225;671226;671231;671232;671233;671234;671235;671236;671241;671242;671243;671244;671245;671246;671251;671252;671253;671254;671255;671256;671267;671272;671273;671275;671276;671277;671278;671283;671284;671285;671286;671287;671288;671294;671295;671296;671297;671298;671299;671300,671023;671038;671053;671068;671083;671097;671111;671125;671132;671139;671146;671153;671161;671169;671177;671185;671193;671201;671208;671215;671222;671229;671239;671249;671259;671270;671281;671292,0.42946151334741944
10833,gdsc:1032:2uM,671983,10012,124,1032,2.0,20067.0,41648.781818181815,304.7857142857143,scan:10012:NC-1+B,671976;671979;671980;671981;671984;671985;671986;671994;671995;671996;671999;672000;672001;672006;672009;672010;672011;672014;672015;672016;672021;672036;672039;672040;672041;672045;672050;672053;672054;672055;672058;672059;672064;672067;672068;672069;672072;672073;672078;672079;672080;672086;672087;672094;672107;672108;672115;672116;672117;672122;672123;672124;672125;672130;672131;672132;672133;672138;672139;672140;672141;672147;672148;672149;672161;672163;672168;672169;672170;672175;672176;672177;672182;672183;672184;672185;672186;672187;672192;672193;672194;672195;672196;672197;672202;672203;672204;672205;672206;672207;672218;672223;672224;672226;672227;672228;672229;672234;672235;672236;672237;672238;672239;672245;672246;672247;672248;672249;672250;672251,671974;671989;672004;672019;672034;672048;672062;672076;672083;672090;672097;672104;672112;672120;672128;672136;672144;672152;672159;672166;672173;672180;672190;672200;672210;672221;672232;672243,0.5220052208777184
10833,gdsc:1036:10uM,671982,10012,123,1036,10.0,27521.0,41648.781818181815,304.7857142857143,scan:10012:NC-1+B,671976;671979;671980;671981;671984;671985;671986;671994;671995;671996;671999;672000;672001;672006;672009;672010;672011;672014;672015;672016;672021;672036;672039;672040;672041;672045;672050;672053;672054;672055;672058;672059;672064;672067;672068;672069;672072;672073;672078;672079;672080;672086;672087;672094;672107;672108;672115;672116;672117;672122;672123;672124;672125;672130;672131;672132;672133;672138;672139;672140;672141;672147;672148;672149;672161;672163;672168;672169;672170;672175;672176;672177;672182;672183;672184;672185;672186;672187;672192;672193;672194;672195;672196;672197;672202;672203;672204;672205;672206;672207;672218;672223;672224;672226;672227;672228;672229;672234;672235;672236;672237;672238;672239;672245;672246;672247;672248;672249;672250;672251,671974;671989;672004;672019;672034;672048;672062;672076;672083;672090;672097;672104;672112;672120;672128;672136;672144;672152;672159;672166;672173;672180;672190;672200;672210;672221;672232;672243,0.34171302122511726
10833,gdsc:1060:0.25uM,671978,10012,101,1060,0.25,26279.0,41648.781818181815,304.7857142857143,scan:10012:NC-1+B,671976;671979;671980;671981;671984;671985;671986;671994;671995;671996;671999;672000;672001;672006;672009;672010;672011;672014;672015;672016;672021;672036;672039;672040;672041;672045;672050;672053;672054;672055;672058;672059;672064;672067;672068;672069;672072;672073;672078;672079;672080;672086;672087;672094;672107;672108;672115;672116;672117;672122;672123;672124;672125;672130;672131;672132;672133;672138;672139;672140;672141;672147;672148;672149;672161;672163;672168;672169;672170;672175;672176;672177;672182;672183;672184;672185;672186;672187;672192;672193;672194;672195;672196;672197;672202;672203;672204;672205;672206;672207;672218;672223;672224;672226;672227;672228;672229;672234;672235;672236;672237;672238;672239;672245;672246;672247;672248;672249;672250;672251,671974;671989;672004;672019;672034;672048;672062;672076;672083;672090;672097;672104;672112;672120;672128;672136;672144;672152;672159;672166;672173;672180;672190;672200;672210;672221;672232;672243,0.3717536587309571
10836,gdsc:1032:2uM,672934,10014,124,1032,2.0,6115.0,29450.81818181818,304.2857142857143,scan:10014:NC-1+B,672927;672930;672931;672932;672935;672936;672937;672945;672946;672947;672950;672951;672952;672957;672960;672961;672962;672965;672966;672967;672972;672987;672990;672991;672992;672996;673001;673004;673005;673006;673009;673010;673015;673018;673019;673020;673023;673024;673029;673030;673031;673037;673038;673045;673058;673059;673066;673067;673068;673073;673074;673075;673076;673081;673082;673083;673084;673089;673090;673091;673092;673098;673099;673100;673112;673114;673119;673120;673121;673126;673127;673128;673133;673134;673135;673136;673137;673138;673143;673144;673145;673146;673147;673148;673153;673154;673155;673156;673157;673158;673169;673174;673175;673177;673178;673179;673180;673185;673186;673187;673188;673189;673190;673196;673197;673198;673199;673200;673201;673202,672925;672940;672955;672970;672985;672999;673013;673027;673034;673041;673048;673055;673063;673071;673079;673087;673095;673103;673110;673117;673124;673131;673141;673151;673161;673172;673183;673194,0.8006378874678461
10836,gdsc:1036:10uM,672933,10014,123,1036,10.0,25610.0,29450.81818181818,304.2857142857143,scan:10014:NC-1+B,672927;672930;672931;672932;672935;672936;672937;672945;672946;672947;672950;672951;672952;672957;672960;672961;672962;672965;672966;672967;672972;672987;672990;672991;672992;672996;673001;673004;673005;673006;673009;673010;673015;673018;673019;673020;673023;673024;673029;673030;673031;673037;673038;673045;673058;673059;673066;673067;673068;673073;673074;673075;673076;673081;673082;673083;673084;673089;673090;673091;673092;673098;673099;673100;673112;673114;673119;673120;673121;673126;673127;673128;673133;673134;673135;673136;673137;673138;673143;673144;673145;673146;673147;673148;673153;673154;673155;673156;673157;673158;673169;673174;673175;673177;673178;673179;673180;673185;673186;673187;673188;673189;673190;673196;673197;673198;673199;673200;673201;673202,672925;672940;672955;672970;672985;672999;673013;673027;673034;673041;673048;673055;673063;673071;673079;673087;673095;673103;673110;673117;673124;673131;673141;673151;673161;673172;673183;673194,0.13177616191897368
10836,gdsc:1060:0.25uM,672929,10014,101,1060,0.25,28573.0,29450.81818181818,304.2857142857143,scan:10014:NC-1+B,672927;672930;672931;672932;672935;672936;672937;672945;672946;672947;672950;672951;672952;672957;672960;672961;672962;672965;672966;672967;672972;672987;672990;672991;672992;672996;673001;673004;673005;673006;673009;673010;673015;673018;673019;673020;673023;673024;673029;673030;673031;673037;673038;673045;673058;673059;673066;673067;673068;673073;673074;673075;673076;673081;673082;673083;673084;673089;673090;673091;673092;673098;673099;673100;673112;673114;673119;673120;673121;673126;673127;673128;673133;673134;673135;673136;673137;673138;673143;673144;673145;673146;673147;673148;673153;673154;673155;673156;673157;673158;673169;673174;673175;673177;673178;673179;673180;673185;673186;673187;673188;673189;673190;673196;673197;673198;673199;673200;673201;673202,672925;672940;672955;672970;672985;672999;673013;673027;673034;673041;673048;673055;673063;673071;673079;673087;673095;673103;673110;673117;673124;673131;673141;673151;673161;673172;673183;673194,0.030117413891207034
10838,gdsc:1032:2uM,673406,10015,124,1032,2.0,20704.0,28757.936363636363,280.9642857142857,scan:10015:NC-1+B,673399;673402;673403;673404;673407;673408;673409;673417;673418;673419;673422;673423;673424;673429;673432;673433;673434;673437;673438;673439;673444;673459;673462;673463;673464;673468;673473;673476;673477;673478;673481;673482;673487;673490;673491;673492;673495;673496;673501;673502;673503;673509;673510;673517;673530;673531;673538;673539;673540;673545;673546;673547;673548;673553;673554;673555;673556;673561;673562;673563;673564;673570;673571;673572;673584;673586;673591;673592;673593;673598;673599;673600;673605;673606;673607;673608;673609;673610;673615;673616;673617;673618;673619;673620;673625;673626;673627;673628;673629;673630;673641;673646;673647;673649;673650;673651;673652;673657;673658;673659;673660;673661;673662;673668;673669;673670;673671;673672;673673;673674,673397;673412;673427;673442;673457;673471;673485;673499;673506;673513;673520;673527;673535;673543;673551;673559;673567;673575;673582;673589;673596;673603;673613;673623;673633;673644;673655;673666,0.2828227784048889
10838,gdsc:1036:10uM,673405,10015,123,1036,10.0,23699.0,28757.936363636363,280.9642857142857,scan:10015:NC-1+B,673399;673402;673403;673404;673407;673408;673409;673417;673418;673419;673422;673423;673424;673429;673432;673433;673434;673437;673438;673439;673444;673459;673462;673463;673464;673468;673473;673476;673477;673478;673481;673482;673487;673490;673491;673492;673495;673496;673501;673502;673503;673509;673510;673517;673530;673531;673538;673539;673540;673545;673546;673547;673548;673553;673554;673555;673556;673561;673562;673563;673564;673570;673571;673572;673584;673586;673591;673592;673593;673598;673599;673600;673605;673606;673607;673608;673609;673610;673615;673616;673617;673618;673619;673620;673625;673626;673627;673628;673629;673630;673641;673646;673647;673649;673650;673651;673652;673657;673658;673659;673660;673661;673662;673668;673669;673670;673671;673672;673673;673674,673397;673412;673427;673442;673457;673471;673485;673499;673506;673513;673520;673527;673535;673543;673551;673559;673567;673575;673582;673589;673596;673603;673613;673623;673633;673644;673655;673666,0.17765007985376746
10838,gdsc:1060:0.25uM,673401,10015,101,1060,0.25,6784.0,28757.936363636363,280.9642857142857,scan:10015:NC-1+B,673399;673402;673403;673404;673407;673408;673409;673417;673418;673419;673422;673423;673424;673429;673432;673433;673434;673437;673438;673439;673444;673459;673462;673463;673464;673468;673473;673476;673477;673478;673481;673482;673487;673490;673491;673492;673495;673496;673501;673502;673503;673509;673510;673517;673530;673531;673538;673539;673540;673545;673546;673547;673548;673553;673554;673555;673556;673561;673562;673563;673564;673570;673571;673572;673584;673586;673591;673592;673593;673598;673599;673600;673605;673606;673607;673608;673609;673610;673615;673616;673617;673618;673619;673620;673625;673626;673627;673628;673629;673630;673641;673646;673647;673649;673650;673651;673652;673657;673658;673659;673660;673661;673662;673668;673669;673670;673671;673672;673673;673674,673397;673412;673427;673442;673457;673471;673485;673499;673506;673513;673520;673527;673535;673543;673551;673559;673567;673575;673582;673589;673596;673603;673613;673623;673633;673644;673655;673666,0.7716387930398171
10841,gdsc:1032:2uM,674357,10017,124,1032,2.0,42050.0,47155.13636363636,294.57142857142856,scan:10017:NC-1+B,674350;674353;674354;674355;674358;674359;674360;674368;674369;674370;674373;674374;674375;674380;674383;674384;674385;674388;674389;674390;674395;674410;674413;674414;674415;674419;674424;674427;674428;674429;674432;674433;674438;674441;674442;674443;674446;674447;674452;674453;674454;674460;674461;674468;674481;674482;674489;674490;674491;674496;674497;674498;674499;674504;674505;674506;674507;674512;674513;674514;674515;674521;674522;674523;674535;674537;674542;674543;674544;674549;674550;674551;674556;674557;674558;674559;674560;674561;674566;674567;674568;674569;674570;674571;674576;674577;674578;674579;674580;674581;674592;674597;674598;674600;674601;674602;674603;674608;674609;674610;674611;674612;674613;674619;674620;674621;674622;674623;674624;674625,674348;674363;674378;674393;674408;674422;674436;674450;674457;674464;674471;674478;674486;674494;674502;674510;674518;674526;674533;674540;674547;674554;674564;674574;674584;674595;674606;674617,0.10894312458056343
10841,gdsc:1036:10uM,674356,10017,123,1036,10.0,30771.0,47155.13636363636,294.57142857142856,scan:10017:NC-1+B,674350;674353;674354;674355;674358;674359;674360;674368;674369;674370;674373;674374;674375;674380;674383;674384;674385;674388;674389;674390;674395;674410;674413;674414;674415;674419;674424;674427;674428;674429;674432;674433;674438;674441;674442;674443;674446;674447;674452;674453;674454;674460;674461;674468;674481;674482;674489;674490;674491;674496;674497;674498;674499;674504;674505;674506;674507;674512;674513;674514;674515;674521;674522;674523;674535;674537;674542;674543;674544;674549;674550;674551;674556;674557;674558;674559;674560;674561;674566;674567;674568;674569;674570;674571;674576;674577;674578;674579;674580;674581;674592;674597;674598;674600;674601;674602;674603;674608;674609;674610;674611;674612;674613;674619;674620;674621;674622;674623;674624;674625,674348;674363;674378;674393;674408;674422;674436;674450;674457;674464;674471;674478;674486;674494;674502;674510;674518;674526;674533;674540;674547;674554;674564;674574;674584;674595;674606;674617,0.3496359121222715
10841,gdsc:1060:0.25uM,674352,10017,101,1060,0.25,21309.0,47155.13636363636,294.57142857142856,scan:10017:NC-1+B,674350;674353;674354;674355;674358;674359;674360;674368;674369;674370;674373;674374;674375;674380;674383;674384;674385;674388;674389;674390;674395;674410;674413;674414;674415;674419;674424;674427;674428;674429;674432;674433;674438;674441;674442;674443;674446;674447;674452;674453;674454;674460;674461;674468;674481;674482;674489;674490;674491;674496;674497;674498;674499;674504;674505;674506;674507;674512;674513;674514;674515;674521;674522;674523;674535;674537;674542;674543;674544;674549;674550;674551;674556;674557;674558;674559;674560;674561;674566;674567;674568;674569;674570;674571;674576;674577;674578;674579;674580;674581;674592;674597;674598;674600;674601;674602;674603;674608;674609;674610;674611;674612;674613;674619;674620;674621;674622;674623;674624;674625,674348;674363;674378;674393;674408;674422;674436;674450;674457;674464;674471;674478;674486;674494;674502;674510;674518;674526;674533;674540;674547;674554;674564;674574;674584;674595;674606;674617,0.5515540924325509
10844,gdsc:1032:2uM,675308,10019,124,1032,2.0,21309.0,27471.118181818183,243.17857142857142,scan:10019:NC-1+B,675301;675304;675305;675306;675309;675310;675311;675319;675320;675321;675324;675325;675326;675331;675334;675335;675336;675339;675340;675341;675346;675361;675364;675365;675366;675370;675375;675378;675379;675380;675383;675384;675389;675392;675393;675394;675397;675398;675403;675404;675405;675411;675412;675419;675432;675433;675440;675441;675442;675447;675448;675449;675450;675455;675456;675457;675458;675463;675464;675465;675466;675472;675473;675474;675486;675488;675493;675494;675495;675500;675501;675502;675507;675508;675509;675510;675511;675512;675517;675518;675519;675520;675521;675522;675527;675528;675529;675530;675531;675532;675543;675548;675549;675551;675552;675553;675554;675559;675560;675561;675562;675563;675564;675570;675571;675572;675573;675574;675575;675576,675299;675314;675329;675344;675359;675373;675387;675401;675408;675415;675422;675429;675437;675445;675453;675461;675469;675477;675484;675491;675498;675505;675515;675525;675535;675546;675557;675568,0.2263159926896139
10844,gdsc:1036:10uM,675307,10019,123,1036,10.0,30660.0,27471.118181818183,243.17857142857142,scan:10019:NC-1+B,675301;675304;675305;675306;675309;675310;675311;675319;675320;675321;675324;675325;675326;675331;675334;675335;675336;675339;675340;675341;675346;675361;675364;675365;675366;675370;675375;675378;675379;675380;675383;675384;675389;675392;675393;675394;675397;675398;675403;675404;675405;675411;675412;675419;675432;675433;675440;675441;675442;675447;675448;675449;675450;675455;675456;675457;675458;675463;675464;675465;675466;675472;675473;675474;675486;675488;675493;675494;675495;675500;675501;675502;675507;675508;675509;675510;675511;675512;675517;675518;675519;675520;675521;675522;675527;675528;675529;675530;675531;675532;675543;675548;675549;675551;675552;675553;675554;675559;675560;675561;675562;675563;675564;675570;675571;675572;675573;675574;675575;675576,675299;675314;675329;675344;675359;675373;675387;675401;675408;675415;675422;675429;675437;675445;675453;675461;675469;675477;675484;675491;675498;675505;675515;675525;675535;675546;675557;675568,-0.11711799951859025
10844,gdsc:1060:0.25uM,675303,10019,101,1060,0.25,17773.0,27471.118181818183,243.17857142857142,scan:10019:NC-1+B,675301;675304;675305;675306;675309;675310;675311;675319;675320;675321;675324;675325;675326;675331;675334;675335;675336;675339;675340;675341;675346;675361;675364;675365;675366;675370;675375;675378;675379;675380;675383;675384;675389;675392;675393;675394;675397;675398;675403;675404;675405;675411;675412;675419;675432;675433;675440;675441;675442;675447;675448;675449;675450;675455;675456;675457;675458;675463;675464;675465;675466;675472;675473;675474;675486;675488;675493;675494;675495;675500;675501;675502;675507;675508;675509;675510;675511;675512;675517;675518;675519;675520;675521;675522;675527;675528;675529;675530;675531;675532;675543;675548;675549;675551;675552;675553;675554;675559;675560;675561;675562;675563;675564;675570;675571;675572;675573;675574;675575;675576,675299;675314;675329;675344;675359;675373;675387;675401;675408;675415;675422;675429;675437;675445;675453;675461;675469;675477;675484;675491;675498;675505;675515;675525;675535;675546;675557;675568,0.35618259481219006
10846,gdsc:1032:2uM,675780,10020,124,1032,2.0,19876.0,37296.145454545454,276.67857142857144,scan:10020:NC-1+B,675773;675776;675777;675778;675781;675782;675783;675791;675792;675793;675796;675797;675798;675803;675806;675807;675808;675811;675812;675813;675818;675833;675836;675837;675838;675842;675847;675850;675851;675852;675855;675856;675861;675864;675865;675866;675869;675870;675875;675876;675877;675883;675884;675891;675904;675905;675912;675913;675914;675919;675920;675921;675922;675927;675928;675929;675930;675935;675936;675937;675938;675944;675945;675946;675958;675960;675965;675966;675967;675972;675973;675974;675979;675980;675981;675982;675983;675984;675989;675990;675991;675992;675993;675994;675999;676000;676001;676002;676003;676004;676015;676020;676021;676023;676024;676025;676026;676031;676032;676033;676034;676035;676036;676042;676043;676044;676045;676046;676047;676048,675771;675786;675801;675816;675831;675845;675859;675873;675880;675887;675894;675901;675909;675917;675925;675933;675941;675949;675956;675963;675970;675977;675987;675997;676007;676018;676029;676040,0.47056716158411493
10846,gdsc:1036:10uM,675779,10020,123,1036,10.0,31249.0,37296.145454545454,276.67857142857144,scan:10020:NC-1+B,675773;675776;675777;675778;675781;675782;675783;675791;675792;675793;675796;675797;675798;675803;675806;675807;675808;675811;675812;675813;675818;675833;675836;675837;675838;675842;675847;675850;675851;675852;675855;675856;675861;675864;675865;675866;675869;675870;675875;675876;675877;675883;675884;675891;675904;675905;675912;675913;675914;675919;675920;675921;675922;675927;675928;675929;675930;675935;675936;675937;675938;675944;675945;675946;675958;675960;675965;675966;675967;675972;675973;675974;675979;675980;675981;675982;675983;675984;675989;675990;675991;675992;675993;675994;675999;676000;676001;676002;676003;676004;676015;676020;676021;676023;676024;676025;676026;676031;676032;676033;676034;676035;676036;676042;676043;676044;676045;676046;676047;676048,675771;675786;675801;675816;675831;675845;675859;675873;675880;675887;675894;675901;675909;675917;675925;675933;675941;675949;675956;675963;675970;675977;675987;675997;676007;676018;676029;676040,0.16335041975721476
10846,gdsc:1060:0.25uM,675775,10020,101,1060,0.25,15627.0,37296.145454545454,276.67857142857144,scan:10020:NC-1+B,675773;675776;675777;675778;675781;675782;675783;675791;675792;675793;675796;675797;675798;675803;675806;675807;675808;675811;675812;675813;675818;675833;675836;675837;675838;675842;675847;675850;675851;675852;675855;675856;675861;675864;675865;675866;675869;675870;675875;675876;675877;675883;675884;675891;675904;675905;675912;675913;675914;675919;675920;675921;675922;675927;675928;675929;675930;675935;675936;675937;675938;675944;675945;675946;675958;675960;675965;675966;675967;675972;675973;675974;675979;675980;675981;675982;675983;675984;675989;675990;675991;675992;675993;675994;675999;676000;676001;676002;676003;676004;676015;676020;676021;676023;676024;676025;676026;676031;676032;676033;676034;676035;676036;676042;676043;676044;676045;676046;676047;676048,675771;675786;675801;675816;675831;675845;675859;675873;675880;675887;675894;675901;675909;675917;675925;675933;675941;675949;675956;675963;675970;675977;675987;675997;676007;676018;676029;676040,0.5853446113354996
10849,gdsc:1032:2uM,676731,10022,124,1032,2.0,19876.0,25268.381818181817,185.57142857142858,scan:10022:NC-1+B,676724;676727;676728;676729;676732;676733;676734;676742;676743;676744;676747;676748;676749;676754;676757;676758;676759;676762;676763;676764;676769;676784;676787;676788;676789;676793;676798;676801;676802;676803;676806;676807;676812;676815;676816;676817;676820;676821;676826;676827;676828;676834;676835;676842;676855;676856;676863;676864;676865;676870;676871;676872;676873;676878;676879;676880;676881;676886;676887;676888;676889;676895;676896;676897;676909;676911;676916;676917;676918;676923;676924;676925;676930;676931;676932;676933;676934;676935;676940;676941;676942;676943;676944;676945;676950;676951;676952;676953;676954;676955;676966;676971;676972;676974;676975;676976;676977;676982;676983;676984;676985;676986;676987;676993;676994;676995;676996;676997;676998;676999,676722;676737;676752;676767;676782;676796;676810;676824;676831;676838;676845;676852;676860;676868;676876;676884;676892;676900;676907;676914;676921;676928;676938;676948;676958;676969;676980;676991,0.2149831591604826
10849,gdsc:1036:10uM,676730,10022,123,1036,10.0,18729.0,25268.381818181817,185.57142857142858,scan:10022:NC-1+B,676724;676727;676728;676729;676732;676733;676734;676742;676743;676744;676747;676748;676749;676754;676757;676758;676759;676762;676763;676764;676769;676784;676787;676788;676789;676793;676798;676801;676802;676803;676806;676807;676812;676815;676816;676817;676820;676821;676826;676827;676828;676834;676835;676842;676855;676856;676863;676864;676865;676870;676871;676872;676873;676878;676879;676880;676881;676886;676887;676888;676889;676895;676896;676897;676909;676911;676916;676917;676918;676923;676924;676925;676930;676931;676932;676933;676934;676935;676940;676941;676942;676943;676944;676945;676950;676951;676952;676953;676954;676955;676966;676971;676972;676974;676975;676976;676977;676982;676983;676984;676985;676986;676987;676993;676994;676995;676996;676997;676998;676999,676722;676737;676752;676767;676782;676796;676810;676824;676831;676838;676845;676852;676860;676868;676876;676884;676892;676900;676907;676914;676921;676928;676938;676948;676958;676969;676980;676991,0.2607116872713159
10849,gdsc:1060:0.25uM,676726,10022,101,1060,0.25,26852.0,25268.381818181817,185.57142857142858,scan:10022:NC-1+B,676724;676727;676728;676729;676732;676733;676734;676742;676743;676744;676747;676748;676749;676754;676757;676758;676759;676762;676763;676764;676769;676784;676787;676788;676789;676793;676798;676801;676802;676803;676806;676807;676812;676815;676816;676817;676820;676821;676826;676827;676828;676834;676835;676842;676855;676856;676863;676864;676865;676870;676871;676872;676873;676878;676879;676880;676881;676886;676887;676888;676889;676895;676896;676897;676909;676911;676916;676917;676918;676923;676924;676925;676930;676931;676932;676933;676934;676935;676940;676941;676942;676943;676944;676945;676950;676951;676952;676953;676954;676955;676966;676971;676972;676974;676975;676976;676977;676982;676983;676984;676985;676986;676987;676993;676994;676995;676996;676997;676998;676999,676722;676737;676752;676767;676782;676796;676810;676824;676831;676838;676845;676852;676860;676868;676876;676884;676892;676900;676907;676914;676921;676928;676938;676948;676958;676969;676980;676991,-0.06313559594080154
10852,gdsc:1032:2uM,677682,10024,124,1032,2.0,20831.0,26392.98181818182,213.85714285714286,scan:10024:NC-1+B,677675;677678;677679;677680;677683;677684;677685;677693;677694;677695;677698;677699;677700;677705;677708;677709;677710;677713;677714;677715;677720;677735;677738;677739;677740;677744;677749;677752;677753;677754;677757;677758;677763;677766;677767;677768;677771;677772;677777;677778;677779;677785;677786;677793;677806;677807;677814;677815;677816;677821;677822;677823;677824;677829;677830;677831;677832;677837;677838;677839;677840;677846;677847;677848;677860;677862;677867;677868;677869;677874;677875;677876;677881;677882;677883;677884;677885;677886;677891;677892;677893;677894;677895;677896;677901;677902;677903;677904;677905;677906;677917;677922;677923;677925;677926;677927;677928;677933;677934;677935;677936;677937;677938;677944;677945;677946;677947;677948;677949;677950,677673;677688;677703;677718;677733;677747;677761;677775;677782;677789;677796;677803;677811;677819;677827;677835;677843;677851;677858;677865;677872;677879;677889;677899;677909;677920;677931;677942,0.21245866266202185
10852,gdsc:1036:10uM,677681,10024,123,1036,10.0,11657.0,26392.98181818182,213.85714285714286,scan:10024:NC-1+B,677675;677678;677679;677680;677683;677684;677685;677693;677694;677695;677698;677699;677700;677705;677708;677709;677710;677713;677714;677715;677720;677735;677738;677739;677740;677744;677749;677752;677753;677754;677757;677758;677763;677766;677767;677768;677771;677772;677777;677778;677779;677785;677786;677793;677806;677807;677814;677815;677816;677821;677822;677823;677824;677829;677830;677831;677832;677837;677838;677839;677840;677846;677847;677848;677860;677862;677867;677868;677869;677874;677875;677876;677881;677882;677883;677884;677885;677886;677891;677892;677893;677894;677895;677896;677901;677902;677903;677904;677905;677906;677917;677922;677923;677925;677926;677927;677928;677933;677934;677935;677936;677937;677938;677944;677945;677946;677947;677948;677949;677950,677673;677688;677703;677718;677733;677747;677761;677775;677782;677789;677796;677803;677811;677819;677827;677835;677843;677851;677858;677865;677872;677879;677889;677899;677909;677920;677931;677942,0.562890547370796
10852,gdsc:1060:0.25uM,677677,10024,101,1060,0.25,21309.0,26392.98181818182,213.85714285714286,scan:10024:NC-1+B,677675;677678;677679;677680;677683;677684;677685;677693;677694;677695;677698;677699;677700;677705;677708;677709;677710;677713;677714;677715;677720;677735;677738;677739;677740;677744;677749;677752;677753;677754;677757;677758;677763;677766;677767;677768;677771;677772;677777;677778;677779;677785;677786;677793;677806;677807;677814;677815;677816;677821;677822;677823;677824;677829;677830;677831;677832;677837;677838;677839;677840;677846;677847;677848;677860;677862;677867;677868;677869;677874;677875;677876;677881;677882;677883;677884;677885;677886;677891;677892;677893;677894;677895;677896;677901;677902;677903;677904;677905;677906;677917;677922;677923;677925;677926;677927;677928;677933;677934;677935;677936;677937;677938;677944;677945;677946;677947;677948;677949;677950,677673;677688;677703;677718;677733;677747;677761;677775;677782;677789;677796;677803;677811;677819;677827;677835;677843;677851;677858;677865;677872;677879;677889;677899;677909;677920;677931;677942,0.19419983980494826
10855,gdsc:1032:2uM,678633,10026,124,1032,2.0,30676.0,41672.42727272727,313.2142857142857,scan:10026:NC-1+B,678626;678629;678630;678631;678634;678635;678636;678644;678645;678646;678649;678650;678651;678656;678659;678660;678661;678664;678665;678666;678671;678686;678689;678690;678691;678695;678700;678703;678704;678705;678708;678709;678714;678717;678718;678719;678722;678723;678728;678729;678730;678736;678737;678744;678757;678758;678765;678766;678767;678772;678773;678774;678775;678780;678781;678782;678783;678788;678789;678790;678791;678797;678798;678799;678811;678813;678818;678819;678820;678825;678826;678827;678832;678833;678834;678835;678836;678837;678842;678843;678844;678845;678846;678847;678852;678853;678854;678855;678856;678857;678868;678873;678874;678876;678877;678878;678879;678884;678885;678886;678887;678888;678889;678895;678896;678897;678898;678899;678900;678901,678624;678639;678654;678669;678684;678698;678712;678726;678733;678740;678747;678754;678762;678770;678778;678786;678794;678802;678809;678816;678823;678830;678840;678850;678860;678871;678882;678893,0.2658761247749132
10855,gdsc:1036:10uM,678632,10026,123,1036,10.0,36506.0,41672.42727272727,313.2142857142857,scan:10026:NC-1+B,678626;678629;678630;678631;678634;678635;678636;678644;678645;678646;678649;678650;678651;678656;678659;678660;678661;678664;678665;678666;678671;678686;678689;678690;678691;678695;678700;678703;678704;678705;678708;678709;678714;678717;678718;678719;678722;678723;678728;678729;678730;678736;678737;678744;678757;678758;678765;678766;678767;678772;678773;678774;678775;678780;678781;678782;678783;678788;678789;678790;678791;678797;678798;678799;678811;678813;678818;678819;678820;678825;678826;678827;678832;678833;678834;678835;678836;678837;678842;678843;678844;678845;678846;678847;678852;678853;678854;678855;678856;678857;678868;678873;678874;678876;678877;678878;678879;678884;678885;678886;678887;678888;678889;678895;678896;678897;678898;678899;678900;678901,678624;678639;678654;678669;678684;678698;678712;678726;678733;678740;678747;678754;678762;678770;678778;678786;678794;678802;678809;678816;678823;678830;678840;678850;678860;678871;678882;678893,0.12491599572626189
10855,gdsc:1060:0.25uM,678628,10026,101,1060,0.25,35263.0,41672.42727272727,313.2142857142857,scan:10026:NC-1+B,678626;678629;678630;678631;678634;678635;678636;678644;678645;678646;678649;678650;678651;678656;678659;678660;678661;678664;678665;678666;678671;678686;678689;678690;678691;678695;678700;678703;678704;678705;678708;678709;678714;678717;678718;678719;678722;678723;678728;678729;678730;678736;678737;678744;678757;678758;678765;678766;678767;678772;678773;678774;678775;678780;678781;678782;678783;678788;678789;678790;678791;678797;678798;678799;678811;678813;678818;678819;678820;678825;678826;678827;678832;678833;678834;678835;678836;678837;678842;678843;678844;678845;678846;678847;678852;678853;678854;678855;678856;678857;678868;678873;678874;678876;678877;678878;678879;678884;678885;678886;678887;678888;678889;678895;678896;678897;678898;678899;678900;678901,678624;678639;678654;678669;678684;678698;678712;678726;678733;678740;678747;678754;678762;678770;678778;678786;678794;678802;678809;678816;678823;678830;678840;678850;678860;678871;678882;678893,0.15496975908946486
10944,gdsc:1032:2uM,679584,10028,124,1032,2.0,26183.0,71218.73636363636,332.89285714285717,scan:10028:NC-1+B,679577;679580;679581;679582;679585;679586;679587;679595;679596;679597;679600;679601;679602;679607;679610;679611;679612;679615;679616;679617;679622;679637;679640;679641;679642;679646;679651;679654;679655;679656;679659;679660;679665;679668;679669;679670;679673;679674;679679;679680;679681;679687;679688;679695;679708;679709;679716;679717;679718;679723;679724;679725;679726;679731;679732;679733;679734;679739;679740;679741;679742;679748;679749;679750;679762;679764;679769;679770;679771;679776;679777;679778;679783;679784;679785;679786;679787;679788;679793;679794;679795;679796;679797;679798;679803;679804;679805;679806;679807;679808;679819;679824;679825;679827;679828;679829;679830;679835;679836;679837;679838;679839;679840;679846;679847;679848;679849;679850;679851;679852,679575;679590;679605;679620;679635;679649;679663;679677;679684;679691;679698;679705;679713;679721;679729;679737;679745;679753;679760;679767;679774;679781;679791;679801;679811;679822;679833;679844,0.6353276498644029
10944,gdsc:1036:10uM,679583,10028,123,1036,10.0,64899.0,71218.73636363636,332.89285714285717,scan:10028:NC-1+B,679577;679580;679581;679582;679585;679586;679587;679595;679596;679597;679600;679601;679602;679607;679610;679611;679612;679615;679616;679617;679622;679637;679640;679641;679642;679646;679651;679654;679655;679656;679659;679660;679665;679668;679669;679670;679673;679674;679679;679680;679681;679687;679688;679695;679708;679709;679716;679717;679718;679723;679724;679725;679726;679731;679732;679733;679734;679739;679740;679741;679742;679748;679749;679750;679762;679764;679769;679770;679771;679776;679777;679778;679783;679784;679785;679786;679787;679788;679793;679794;679795;679796;679797;679798;679803;679804;679805;679806;679807;679808;679819;679824;679825;679827;679828;679829;679830;679835;679836;679837;679838;679839;679840;679846;679847;679848;679849;679850;679851;679852,679575;679590;679605;679620;679635;679649;679663;679677;679684;679691;679698;679705;679713;679721;679729;679737;679745;679753;679760;679767;679774;679781;679791;679801;679811;679822;679833;679844,0.08915371604567901
10944,gdsc:1060:0.25uM,679579,10028,101,1060,0.25,58015.0,71218.73636363636,332.89285714285717,scan:10028:NC-1+B,679577;679580;679581;679582;679585;679586;679587;679595;679596;679597;679600;679601;679602;679607;679610;679611;679612;679615;679616;679617;679622;679637;679640;679641;679642;679646;679651;679654;679655;679656;679659;679660;679665;679668;679669;679670;679673;679674;679679;679680;679681;679687;679688;679695;679708;679709;679716;679717;679718;679723;679724;679725;679726;679731;679732;679733;679734;679739;679740;679741;679742;679748;679749;679750;679762;679764;679769;679770;679771;679776;679777;679778;679783;679784;679785;679786;679787;679788;679793;679794;679795;679796;679797;679798;679803;679804;679805;679806;679807;679808;679819;679824;679825;679827;679828;679829;679830;679835;679836;679837;679838;679839;679840;679846;679847;679848;679849;679850;679851;679852,679575;679590;679605;679620;679635;679649;679663;679677;679684;679691;679698;679705;679713;679721;679729;679737;679745;679753;679760;679767;679774;679781;679791;679801;679811;679822;679833;679844,0.1862676059208751
10991,gdsc:1032:2uM,708593,10210,124,1032,2.0,39182.0,65381.57272727273,365.7142857142857,scan:10210:NC-1+B,708586;708589;708590;708591;708594;708595;708596;708604;708605;708606;708609;708610;708611;708616;708619;708620;708621;708624;708625;708626;708631;708646;708649;708650;708651;708655;708660;708663;708664;708665;708668;708669;708674;708677;708678;708679;708682;708683;708688;708689;708690;708696;708697;708704;708717;708718;708725;708726;708727;708732;708733;708734;708735;708740;708741;708742;708743;708748;708749;708750;708751;708757;708758;708759;708771;708773;708778;708779;708780;708785;708786;708787;708792;708793;708794;708795;708796;708797;708802;708803;708804;708805;708806;708807;708812;708813;708814;708815;708816;708817;708828;708833;708834;708836;708837;708838;708839;708844;708845;708846;708847;708848;708849;708855;708856;708857;708858;708859;708860;708861,708584;708599;708614;708629;708644;708658;708672;708686;708693;708700;708707;708714;708722;708730;708738;708746;708754;708762;708769;708776;708783;708790;708800;708810;708820;708831;708842;708853,0.4029720341356877
10991,gdsc:1036:10uM,708592,10210,123,1036,10.0,31345.0,65381.57272727273,365.7142857142857,scan:10210:NC-1+B,708586;708589;708590;708591;708594;708595;708596;708604;708605;708606;708609;708610;708611;708616;708619;708620;708621;708624;708625;708626;708631;708646;708649;708650;708651;708655;708660;708663;708664;708665;708668;708669;708674;708677;708678;708679;708682;708683;708688;708689;708690;708696;708697;708704;708717;708718;708725;708726;708727;708732;708733;708734;708735;708740;708741;708742;708743;708748;708749;708750;708751;708757;708758;708759;708771;708773;708778;708779;708780;708785;708786;708787;708792;708793;708794;708795;708796;708797;708802;708803;708804;708805;708806;708807;708812;708813;708814;708815;708816;708817;708828;708833;708834;708836;708837;708838;708839;708844;708845;708846;708847;708848;708849;708855;708856;708857;708858;708859;708860;708861,708584;708599;708614;708629;708644;708658;708672;708686;708693;708700;708707;708714;708722;708730;708738;708746;708754;708762;708769;708776;708783;708790;708800;708810;708820;708831;708842;708853,0.5235118560784302
10991,gdsc:1060:0.25uM,708588,10210,101,1060,0.25,26661.0,65381.57272727273,365.7142857142857,scan:10210:NC-1+B,708586;708589;708590;708591;708594;708595;708596;708604;708605;708606;708609;708610;708611;708616;708619;708620;708621;708624;708625;708626;708631;708646;708649;708650;708651;708655;708660;708663;708664;708665;708668;708669;708674;708677;708678;708679;708682;708683;708688;708689;708690;708696;708697;708704;708717;708718;708725;708726;708727;708732;708733;708734;708735;708740;708741;708742;708743;708748;708749;708750;708751;708757;708758;708759;708771;708773;708778;708779;708780;708785;708786;708787;708792;708793;708794;708795;708796;708797;708802;708803;708804;708805;708806;708807;708812;708813;708814;708815;708816;708817;708828;708833;708834;708836;708837;708838;708839;708844;708845;708846;708847;708848;708849;708855;708856;708857;708858;708859;708860;708861,708584;708599;708614;708629;708644;708658;708672;708686;708693;708700;708707;708714;708722;708730;708738;708746;708754;708762;708769;708776;708783;708790;708800;708810;708820;708831;708842;708853,0.5955558175406996
10993,gdsc:1032:2uM,709065,10211,124,1032,2.0,31822.0,29339.7,250.32142857142858,scan:10211:NC-1+B,709058;709061;709062;709063;709066;709067;709068;709076;709077;709078;709081;709082;709083;709088;709091;709092;709093;709096;709097;709098;709103;709118;709121;709122;709123;709127;709132;709135;709136;709137;709140;709141;709146;709149;709150;709151;709154;709155;709160;709161;709162;709168;709169;709176;709189;709190;709197;709198;709199;709204;709205;709206;709207;709212;709213;709214;709215;709220;709221;709222;709223;709229;709230;709231;709243;709245;709250;709251;709252;709257;709258;709259;709264;709265;709266;709267;709268;709269;709274;709275;709276;709277;709278;709279;709284;709285;709286;709287;709288;709289;709300;709305;709306;709308;709309;709310;709311;709316;709317;709318;709319;709320;709321;709327;709328;709329;709330;709331;709332;709333,709056;709071;709086;709101;709116;709130;709144;709158;709165;709172;709179;709186;709194;709202;709210;709218;709226;709234;709241;709248;709255;709262;709272;709282;709292;709303;709314;709325,-0.08533355203531579
10993,gdsc:1036:10uM,709064,10211,123,1036,10.0,32109.0,29339.7,250.32142857142858,scan:10211:NC-1+B,709058;709061;709062;709063;709066;709067;709068;709076;709077;709078;709081;709082;709083;709088;709091;709092;709093;709096;709097;709098;709103;709118;709121;709122;709123;709127;709132;709135;709136;709137;709140;709141;709146;709149;709150;709151;709154;709155;709160;709161;709162;709168;709169;709176;709189;709190;709197;709198;709199;709204;709205;709206;709207;709212;709213;709214;709215;709220;709221;709222;709223;709229;709230;709231;709243;709245;709250;709251;709252;709257;709258;709259;709264;709265;709266;709267;709268;709269;709274;709275;709276;709277;709278;709279;709284;709285;709286;709287;709288;709289;709300;709305;709306;709308;709309;709310;709311;709316;709317;709318;709319;709320;709321;709327;709328;709329;709330;709331;709332;709333,709056;709071;709086;709101;709116;709130;709144;709158;709165;709172;709179;709186;709194;709202;709210;709218;709226;709234;709241;709248;709255;709262;709272;709282;709292;709303;709314;709325,-0.0951996961090118
10993,gdsc:1060:0.25uM,709060,10211,101,1060,0.25,33734.0,29339.7,250.32142857142858,scan:10211:NC-1+B,709058;709061;709062;709063;709066;709067;709068;709076;709077;709078;709081;709082;709083;709088;709091;709092;709093;709096;709097;709098;709103;709118;709121;709122;709123;709127;709132;709135;709136;709137;709140;709141;709146;709149;709150;709151;709154;709155;709160;709161;709162;709168;709169;709176;709189;709190;709197;709198;709199;709204;709205;709206;709207;709212;709213;709214;709215;709220;709221;709222;709223;709229;709230;709231;709243;709245;709250;709251;709252;709257;709258;709259;709264;709265;709266;709267;709268;709269;709274;709275;709276;709277;709278;709279;709284;709285;709286;709287;709288;709289;709300;709305;709306;709308;709309;709310;709311;709316;709317;709318;709319;709320;709321;709327;709328;709329;709330;709331;709332;709333,709056;709071;709086;709101;709116;709130;709144;709158;709165;709172;709179;709186;709194;709202;709210;709218;709226;709234;709241;709248;709255;709262;709272;709282;709292;709303;709314;709325,-0.15106201011513032
10997,gdsc:1032:2uM,709537,10213,124,1032,2.0,51992.0,61672.32727272727,319.67857142857144,scan:10213:NC-1+B,709530;709533;709534;709535;709538;709539;709540;709548;709549;709550;709553;709554;709555;709560;709563;709564;709565;709568;709569;709570;709575;709590;709593;709594;709595;709599;709604;709607;709608;709609;709612;709613;709618;709621;709622;709623;709626;709627;709632;709633;709634;709640;709641;709648;709661;709662;709669;709670;709671;709676;709677;709678;709679;709684;709685;709686;709687;709692;709693;709694;709695;709701;709702;709703;709715;709717;709722;709723;709724;709729;709730;709731;709736;709737;709738;709739;709740;709741;709746;709747;709748;709749;709750;709751;709756;709757;709758;709759;709760;709761;709772;709777;709778;709780;709781;709782;709783;709788;709789;709790;709791;709792;709793;709799;709800;709801;709802;709803;709804;709805,709528;709543;709558;709573;709588;709602;709616;709630;709637;709644;709651;709658;709666;709674;709682;709690;709698;709706;709713;709720;709727;709734;709744;709754;709764;709775;709786;709797,0.1577817335948588
10997,gdsc:1036:10uM,709536,10213,123,1036,10.0,63465.0,61672.32727272727,319.67857142857144,scan:10213:NC-1+B,709530;709533;709534;709535;709538;709539;709540;709548;709549;709550;709553;709554;709555;709560;709563;709564;709565;709568;709569;709570;709575;709590;709593;709594;709595;709599;709604;709607;709608;709609;709612;709613;709618;709621;709622;709623;709626;709627;709632;709633;709634;709640;709641;709648;709661;709662;709669;709670;709671;709676;709677;709678;709679;709684;709685;709686;709687;709692;709693;709694;709695;709701;709702;709703;709715;709717;709722;709723;709724;709729;709730;709731;709736;709737;709738;709739;709740;709741;709746;709747;709748;709749;709750;709751;709756;709757;709758;709759;709760;709761;709772;709777;709778;709780;709781;709782;709783;709788;709789;709790;709791;709792;709793;709799;709800;709801;709802;709803;709804;709805,709528;709543;709558;709573;709588;709602;709616;709630;709637;709644;709651;709658;709666;709674;709682;709690;709698;709706;709713;709720;709727;709734;709744;709754;709764;709775;709786;709797,-0.02921915785576812
10997,gdsc:1060:0.25uM,709532,10213,101,1060,0.25,69967.0,61672.32727272727,319.67857142857144,scan:10213:NC-1+B,709530;709533;709534;709535;709538;709539;709540;709548;709549;709550;709553;709554;709555;709560;709563;709564;709565;709568;709569;709570;709575;709590;709593;709594;709595;709599;709604;709607;709608;709609;709612;709613;709618;709621;709622;709623;709626;709627;709632;709633;709634;709640;709641;709648;709661;709662;709669;709670;709671;709676;709677;709678;709679;709684;709685;709686;709687;709692;709693;709694;709695;709701;709702;709703;709715;709717;709722;709723;709724;709729;709730;709731;709736;709737;709738;709739;709740;709741;709746;709747;709748;709749;709750;709751;709756;709757;709758;709759;709760;709761;709772;709777;709778;709780;709781;709782;709783;709788;709789;709790;709791;709792;709793;709799;709800;709801;709802;709803;709804;709805,709528;709543;709558;709573;709588;709602;709616;709630;709637;709644;709651;709658;709666;709674;709682;709690;709698;709706;709713;709720;709727;709734;709744;709754;709764;709775;709786;709797,-0.13519665251383284
11000,gdsc:1032:2uM,710488,10215,124,1032,2.0,22552.0,26866.063636363637,243.67857142857142,scan:10215:NC-1+B,710481;710484;710485;710486;710489;710490;710491;710499;710500;710501;710504;710505;710506;710511;710514;710515;710516;710519;710520;710521;710526;710541;710544;710545;710546;710550;710555;710558;710559;710560;710563;710564;710569;710572;710573;710574;710577;710578;710583;710584;710585;710591;710592;710599;710612;710613;710620;710621;710622;710627;710628;710629;710630;710635;710636;710637;710638;710643;710644;710645;710646;710652;710653;710654;710666;710668;710673;710674;710675;710680;710681;710682;710687;710688;710689;710690;710691;710692;710697;710698;710699;710700;710701;710702;710707;710708;710709;710710;710711;710712;710723;710728;710729;710731;710732;710733;710734;710739;710740;710741;710742;710743;710744;710750;710751;710752;710753;710754;710755;710756,710479;710494;710509;710524;710539;710553;710567;710581;710588;710595;710602;710609;710617;710625;710633;710641;710649;710657;710664;710671;710678;710685;710695;710705;710715;710726;710737;710748,0.16204647426746843
11000,gdsc:1036:10uM,710487,10215,123,1036,10.0,24941.0,26866.063636363637,243.67857142857142,scan:10215:NC-1+B,710481;710484;710485;710486;710489;710490;710491;710499;710500;710501;710504;710505;710506;710511;710514;710515;710516;710519;710520;710521;710526;710541;710544;710545;710546;710550;710555;710558;710559;710560;710563;710564;710569;710572;710573;710574;710577;710578;710583;710584;710585;710591;710592;710599;710612;710613;710620;710621;710622;710627;710628;710629;710630;710635;710636;710637;710638;710643;710644;710645;710646;710652;710653;710654;710666;710668;710673;710674;710675;710680;710681;710682;710687;710688;710689;710690;710691;710692;710697;710698;710699;710700;710701;710702;710707;710708;710709;710710;710711;710712;710723;710728;710729;710731;710732;710733;710734;710739;710740;710741;710742;710743;710744;710750;710751;710752;710753;710754;710755;710756,710479;710494;710509;710524;710539;710553;710567;710581;710588;710595;710602;710609;710617;710625;710633;710641;710649;710657;710664;710671;710678;710685;710695;710705;710715;710726;710737;710748,0.07230996139783064
11000,gdsc:1060:0.25uM,710483,10215,101,1060,0.25,26470.0,26866.063636363637,243.67857142857142,scan:10215:NC-1+B,710481;710484;710485;710486;710489;710490;710491;710499;710500;710501;710504;710505;710506;710511;710514;710515;710516;710519;710520;710521;710526;710541;710544;710545;710546;710550;710555;710558;710559;710560;710563;710564;710569;710572;710573;710574;710577;710578;710583;710584;710585;710591;710592;710599;710612;710613;710620;710621;710622;710627;710628;710629;710630;710635;710636;710637;710638;710643;710644;710645;710646;710652;710653;710654;710666;710668;710673;710674;710675;710680;710681;710682;710687;710688;710689;710690;710691;710692;710697;710698;710699;710700;710701;710702;710707;710708;710709;710710;710711;710712;710723;710728;710729;710731;710732;710733;710734;710739;710740;710741;710742;710743;710744;710750;710751;710752;710753;710754;710755;710756,710479;710494;710509;710524;710539;710553;710567;710581;710588;710595;710602;710609;710617;710625;710633;710641;710649;710657;710664;710671;710678;710685;710695;710705;710715;710726;710737;710748,0.01487709066627918
11003,gdsc:1032:2uM,711439,10217,124,1032,2.0,15384.0,25644.627272727274,195.10714285714286,scan:10217:NC-1+B,711432;711435;711436;711437;711440;711441;711442;711450;711451;711452;711455;711456;711457;711462;711465;711466;711467;711470;711471;711472;711477;711492;711495;711496;711497;711501;711506;711509;711510;711511;711514;711515;711520;711523;711524;711525;711528;711529;711534;711535;711536;711542;711543;711550;711563;711564;711571;711572;711573;711578;711579;711580;711581;711586;711587;711588;711589;711594;711595;711596;711597;711603;711604;711605;711617;711619;711624;711625;711626;711631;711632;711633;711638;711639;711640;711641;711642;711643;711648;711649;711650;711651;711652;711653;711658;711659;711660;711661;711662;711663;711674;711679;711680;711682;711683;711684;711685;711690;711691;711692;711693;711694;711695;711701;711702;711703;711704;711705;711706;711707,711430;711445;711460;711475;711490;711504;711518;711532;711539;711546;711553;711560;711568;711576;711584;711592;711600;711608;711615;711622;711629;711636;711646;711656;711666;711677;711688;711699,0.4031756677676749
11003,gdsc:1036:10uM,711438,10217,123,1036,10.0,16818.0,25644.627272727274,195.10714285714286,scan:10217:NC-1+B,711432;711435;711436;711437;711440;711441;711442;711450;711451;711452;711455;711456;711457;711462;711465;711466;711467;711470;711471;711472;711477;711492;711495;711496;711497;711501;711506;711509;711510;711511;711514;711515;711520;711523;711524;711525;711528;711529;711534;711535;711536;711542;711543;711550;711563;711564;711571;711572;711573;711578;711579;711580;711581;711586;711587;711588;711589;711594;711595;711596;711597;711603;711604;711605;711617;711619;711624;711625;711626;711631;711632;711633;711638;711639;711640;711641;711642;711643;711648;711649;711650;711651;711652;711653;711658;711659;711660;711661;711662;711663;711674;711679;711680;711682;711683;711684;711685;711690;711691;711692;711693;711694;711695;711701;711702;711703;711704;711705;711706;711707,711430;711445;711460;711475;711490;711504;711518;711532;711539;711546;711553;711560;711568;711576;711584;711592;711600;711608;711615;711622;711629;711636;711646;711656;711666;711677;711688;711699,0.34682882929362
11003,gdsc:1060:0.25uM,711434,10217,101,1060,0.25,17009.0,25644.627272727274,195.10714285714286,scan:10217:NC-1+B,711432;711435;711436;711437;711440;711441;711442;711450;711451;711452;711455;711456;711457;711462;711465;711466;711467;711470;711471;711472;711477;711492;711495;711496;711497;711501;711506;711509;711510;711511;711514;711515;711520;711523;711524;711525;711528;711529;711534;711535;711536;711542;711543;711550;711563;711564;711571;711572;711573;711578;711579;711580;711581;711586;711587;711588;711589;711594;711595;711596;711597;711603;711604;711605;711617;711619;711624;711625;711626;711631;711632;711633;711638;711639;711640;711641;711642;711643;711648;711649;711650;711651;711652;711653;711658;711659;711660;711661;711662;711663;711674;711679;711680;711682;711683;711684;711685;711690;711691;711692;711693;711694;711695;711701;711702;711703;711704;711705;711706;711707,711430;711445;711460;711475;711490;711504;711518;711532;711539;711546;711553;711560;711568;711576;711584;711592;711600;711608;711615;711622;711629;711636;711646;711656;711666;711677;711688;711699,0.3393237761914272
11006,gdsc:1032:2uM,712390,10219,124,1032,2.0,14142.0,44347.91818181818,271.07142857142856,scan:10219:NC-1+B,712383;712386;712387;712388;712391;712392;712393;712401;712402;712403;712406;712407;712408;712413;712416;712417;712418;712421;712422;712423;712428;712443;712446;712447;712448;712452;712457;712460;712461;712462;712465;712466;712471;712474;712475;712476;712479;712480;712485;712486;712487;712493;712494;712501;712514;712515;712522;712523;712524;712529;712530;712531;712532;712537;712538;712539;712540;712545;712546;712547;712548;712554;712555;712556;712568;712570;712575;712576;712577;712582;712583;712584;712589;712590;712591;712592;712593;712594;712599;712600;712601;712602;712603;712604;712609;712610;712611;712612;712613;712614;712625;712630;712631;712633;712634;712635;712636;712641;712642;712643;712644;712645;712646;712652;712653;712654;712655;712656;712657;712658,712381;712396;712411;712426;712441;712455;712469;712483;712490;712497;712504;712511;712519;712527;712535;712543;712551;712559;712566;712573;712580;712587;712597;712607;712617;712628;712639;712650,0.685301250130675
11006,gdsc:1036:10uM,712389,10219,123,1036,10.0,37366.0,44347.91818181818,271.07142857142856,scan:10219:NC-1+B,712383;712386;712387;712388;712391;712392;712393;712401;712402;712403;712406;712407;712408;712413;712416;712417;712418;712421;712422;712423;712428;712443;712446;712447;712448;712452;712457;712460;712461;712462;712465;712466;712471;712474;712475;712476;712479;712480;712485;712486;712487;712493;712494;712501;712514;712515;712522;712523;712524;712529;712530;712531;712532;712537;712538;712539;712540;712545;712546;712547;712548;712554;712555;712556;712568;712570;712575;712576;712577;712582;712583;712584;712589;712590;712591;712592;712593;712594;712599;712600;712601;712602;712603;712604;712609;712610;712611;712612;712613;712614;712625;712630;712631;712633;712634;712635;712636;712641;712642;712643;712644;712645;712646;712652;712653;712654;712655;712656;712657;712658,712381;712396;712411;712426;712441;712455;712469;712483;712490;712497;712504;712511;712519;712527;712535;712543;712551;712559;712566;712573;712580;712587;712597;712607;712617;712628;712639;712650,0.15840330459446683
11006,gdsc:1060:0.25uM,712385,10219,101,1060,0.25,39469.0,44347.91818181818,271.07142857142856,scan:10219:NC-1+B,712383;712386;712387;712388;712391;712392;712393;712401;712402;712403;712406;712407;712408;712413;712416;712417;712418;712421;712422;712423;712428;712443;712446;712447;712448;712452;712457;712460;712461;712462;712465;712466;712471;712474;712475;712476;712479;712480;712485;712486;712487;712493;712494;712501;712514;712515;712522;712523;712524;712529;712530;712531;712532;712537;712538;712539;712540;712545;712546;712547;712548;712554;712555;712556;712568;712570;712575;712576;712577;712582;712583;712584;712589;712590;712591;712592;712593;712594;712599;712600;712601;712602;712603;712604;712609;712610;712611;712612;712613;712614;712625;712630;712631;712633;712634;712635;712636;712641;712642;712643;712644;712645;712646;712652;712653;712654;712655;712656;712657;712658,712381;712396;712411;712426;712441;712455;712469;712483;712490;712497;712504;712511;712519;712527;712535;712543;712551;712559;712566;712573;712580;712587;712597;712607;712617;712628;712639;712650,0.11069118009125267
11009,gdsc:1032:2uM,713341,10221,124,1032,2.0,40807.0,48629.96363636364,351.14285714285717,scan:10221:NC-1+B,713334;713337;713338;713339;713342;713343;713344;713352;713353;713354;713357;713358;713359;713364;713367;713368;713369;713372;713373;713374;713379;713394;713397;713398;713399;713403;713408;713411;713412;713413;713416;713417;713422;713425;713426;713427;713430;713431;713436;713437;713438;713444;713445;713452;713465;713466;713473;713474;713475;713480;713481;713482;713483;713488;713489;713490;713491;713496;713497;713498;713499;713505;713506;713507;713519;713521;713526;713527;713528;713533;713534;713535;713540;713541;713542;713543;713544;713545;713550;713551;713552;713553;713554;713555;713560;713561;713562;713563;713564;713565;713576;713581;713582;713584;713585;713586;713587;713592;713593;713594;713595;713596;713597;713603;713604;713605;713606;713607;713608;713609,713332;713347;713362;713377;713392;713406;713420;713434;713441;713448;713455;713462;713470;713478;713486;713494;713502;713510;713517;713524;713531;713538;713548;713558;713568;713579;713590;713601,0.16203717303158827
11009,gdsc:1036:10uM,713340,10221,123,1036,10.0,52852.0,48629.96363636364,351.14285714285717,scan:10221:NC-1+B,713334;713337;713338;713339;713342;713343;713344;713352;713353;713354;713357;713358;713359;713364;713367;713368;713369;713372;713373;713374;713379;713394;713397;713398;713399;713403;713408;713411;713412;713413;713416;713417;713422;713425;713426;713427;713430;713431;713436;713437;713438;713444;713445;713452;713465;713466;713473;713474;713475;713480;713481;713482;713483;713488;713489;713490;713491;713496;713497;713498;713499;713505;713506;713507;713519;713521;713526;713527;713528;713533;713534;713535;713540;713541;713542;713543;713544;713545;713550;713551;713552;713553;713554;713555;713560;713561;713562;713563;713564;713565;713576;713581;713582;713584;713585;713586;713587;713592;713593;713594;713595;713596;713597;713603;713604;713605;713606;713607;713608;713609,713332;713347;713362;713377;713392;713406;713420;713434;713441;713448;713455;713462;713470;713478;713486;713494;713502;713510;713517;713524;713531;713538;713548;713558;713568;713579;713590;713601,-0.08745110786660981
11009,gdsc:1060:0.25uM,713336,10221,101,1060,0.25,35932.0,48629.96363636364,351.14285714285717,scan:10221:NC-1+B,713334;713337;713338;713339;713342;713343;713344;713352;713353;713354;713357;713358;713359;713364;713367;713368;713369;713372;713373;713374;713379;713394;713397;713398;713399;713403;713408;713411;713412;713413;713416;713417;713422;713425;713426;713427;713430;713431;713436;713437;713438;713444;713445;713452;713465;713466;713473;713474;713475;713480;713481;713482;713483;713488;713489;713490;713491;713496;713497;713498;713499;713505;713506;713507;713519;713521;713526;713527;713528;713533;713534;713535;713540;713541;713542;713543;713544;713545;713550;713551;713552;713553;713554;713555;713560;713561;713562;713563;713564;713565;713576;713581;713582;713584;713585;713586;713587;713592;713593;713594;713595;713596;713597;713603;713604;713605;713606;713607;713608;713609,713332;713347;713362;713377;713392;713406;713420;713434;713441;713448;713455;713462;713470;713478;713486;713494;713502;713510;713517;713524;713531;713538;713548;713558;713568;713579;713590;713601,0.2630131273179076
11012,gdsc:1032:2uM,714292,10223,124,1032,2.0,19398.0,33828.53636363636,293.0,scan:10223:NC-1+B,714285;714288;714289;714290;714293;714294;714295;714303;714304;714305;714308;714309;714310;714315;714318;714319;714320;714323;714324;714325;714330;714345;714348;714349;714350;714354;714359;714362;714363;714364;714367;714368;714373;714376;714377;714378;714381;714382;714387;714388;714389;714395;714396;714403;714416;714417;714424;714425;714426;714431;714432;714433;714434;714439;714440;714441;714442;714447;714448;714449;714450;714456;714457;714458;714470;714472;714477;714478;714479;714484;714485;714486;714491;714492;714493;714494;714495;714496;714501;714502;714503;714504;714505;714506;714511;714512;714513;714514;714515;714516;714527;714532;714533;714535;714536;714537;714538;714543;714544;714545;714546;714547;714548;714554;714555;714556;714557;714558;714559;714560,714283;714298;714313;714328;714343;714357;714371;714385;714392;714399;714406;714413;714421;714429;714437;714445;714453;714461;714468;714475;714482;714489;714499;714509;714519;714530;714541;714552,0.43030581670624024
11012,gdsc:1036:10uM,714291,10223,123,1036,10.0,25706.0,33828.53636363636,293.0,scan:10223:NC-1+B,714285;714288;714289;714290;714293;714294;714295;714303;714304;714305;714308;714309;714310;714315;714318;714319;714320;714323;714324;714325;714330;714345;714348;714349;714350;714354;714359;714362;714363;714364;714367;714368;714373;714376;714377;714378;714381;714382;714387;714388;714389;714395;714396;714403;714416;714417;714424;714425;714426;714431;714432;714433;714434;714439;714440;714441;714442;714447;714448;714449;714450;714456;714457;714458;714470;714472;714477;714478;714479;714484;714485;714486;714491;714492;714493;714494;714495;714496;714501;714502;714503;714504;714505;714506;714511;714512;714513;714514;714515;714516;714527;714532;714533;714535;714536;714537;714538;714543;714544;714545;714546;714547;714548;714554;714555;714556;714557;714558;714559;714560,714283;714298;714313;714328;714343;714357;714371;714385;714392;714399;714406;714413;714421;714429;714437;714445;714453;714461;714468;714475;714482;714489;714499;714509;714519;714530;714541;714552,0.2422068421855893
11012,gdsc:1060:0.25uM,714287,10223,101,1060,0.25,33256.0,33828.53636363636,293.0,scan:10223:NC-1+B,714285;714288;714289;714290;714293;714294;714295;714303;714304;714305;714308;714309;714310;714315;714318;714319;714320;714323;714324;714325;714330;714345;714348;714349;714350;714354;714359;714362;714363;714364;714367;714368;714373;714376;714377;714378;714381;714382;714387;714388;714389;714395;714396;714403;714416;714417;714424;714425;714426;714431;714432;714433;714434;714439;714440;714441;714442;714447;714448;714449;714450;714456;714457;714458;714470;714472;714477;714478;714479;714484;714485;714486;714491;714492;714493;714494;714495;714496;714501;714502;714503;714504;714505;714506;714511;714512;714513;714514;714515;714516;714527;714532;714533;714535;714536;714537;714538;714543;714544;714545;714546;714547;714548;714554;714555;714556;714557;714558;714559;714560,714283;714298;714313;714328;714343;714357;714371;714385;714392;714399;714406;714413;714421;714429;714437;714445;714453;714461;714468;714475;714482;714489;714499;714509;714519;714530;714541;714552,0.017072527405799343
11015,gdsc:1032:2uM,715243,10225,124,1032,2.0,20927.0,34440.91818181818,312.75,scan:10225:NC-1+B,715236;715239;715240;715241;715244;715245;715246;715254;715255;715256;715259;715260;715261;715266;715269;715270;715271;715274;715275;715276;715281;715296;715299;715300;715301;715305;715310;715313;715314;715315;715318;715319;715324;715327;715328;715329;715332;715333;715338;715339;715340;715346;715347;715354;715367;715368;715375;715376;715377;715382;715383;715384;715385;715390;715391;715392;715393;715398;715399;715400;715401;715407;715408;715409;715421;715423;715428;715429;715430;715435;715436;715437;715442;715443;715444;715445;715446;715447;715452;715453;715454;715455;715456;715457;715462;715463;715464;715465;715466;715467;715478;715483;715484;715486;715487;715488;715489;715494;715495;715496;715497;715498;715499;715505;715506;715507;715508;715509;715510;715511,715234;715249;715264;715279;715294;715308;715322;715336;715343;715350;715357;715364;715372;715380;715388;715396;715404;715412;715419;715426;715433;715440;715450;715460;715470;715481;715492;715503,0.3959754918524381
11015,gdsc:1036:10uM,715242,10225,123,1036,10.0,25801.0,34440.91818181818,312.75,scan:10225:NC-1+B,715236;715239;715240;715241;715244;715245;715246;715254;715255;715256;715259;715260;715261;715266;715269;715270;715271;715274;715275;715276;715281;715296;715299;715300;715301;715305;715310;715313;715314;715315;715318;715319;715324;715327;715328;715329;715332;715333;715338;715339;715340;715346;715347;715354;715367;715368;715375;715376;715377;715382;715383;715384;715385;715390;715391;715392;715393;715398;715399;715400;715401;715407;715408;715409;715421;715423;715428;715429;715430;715435;715436;715437;715442;715443;715444;715445;715446;715447;715452;715453;715454;715455;715456;715457;715462;715463;715464;715465;715466;715467;715478;715483;715484;715486;715487;715488;715489;715494;715495;715496;715497;715498;715499;715505;715506;715507;715508;715509;715510;715511,715234;715249;715264;715279;715294;715308;715322;715336;715343;715350;715357;715364;715372;715380;715388;715396;715404;715412;715419;715426;715433;715440;715450;715460;715470;715481;715492;715503,0.25316091200057755
11015,gdsc:1060:0.25uM,715238,10225,101,1060,0.25,23794.0,34440.91818181818,312.75,scan:10225:NC-1+B,715236;715239;715240;715241;715244;715245;715246;715254;715255;715256;715259;715260;715261;715266;715269;715270;715271;715274;715275;715276;715281;715296;715299;715300;715301;715305;715310;715313;715314;715315;715318;715319;715324;715327;715328;715329;715332;715333;715338;715339;715340;715346;715347;715354;715367;715368;715375;715376;715377;715382;715383;715384;715385;715390;715391;715392;715393;715398;715399;715400;715401;715407;715408;715409;715421;715423;715428;715429;715430;715435;715436;715437;715442;715443;715444;715445;715446;715447;715452;715453;715454;715455;715456;715457;715462;715463;715464;715465;715466;715467;715478;715483;715484;715486;715487;715488;715489;715494;715495;715496;715497;715498;715499;715505;715506;715507;715508;715509;715510;715511,715234;715249;715264;715279;715294;715308;715322;715336;715343;715350;715357;715364;715372;715380;715388;715396;715404;715412;715419;715426;715433;715440;715450;715460;715470;715481;715492;715503,0.31196863907539985
11029,gdsc:1032:2uM,716194,10285,124,1032,2.0,24845.0,26263.68181818182,277.5,scan:10285:NC-1+B,716187;716190;716191;716192;716195;716196;716197;716205;716206;716207;716210;716211;716212;716217;716220;716221;716222;716225;716226;716227;716232;716247;716250;716251;716252;716256;716261;716264;716265;716266;716269;716270;716275;716278;716279;716280;716283;716284;716289;716290;716291;716297;716298;716305;716318;716319;716326;716327;716328;716333;716334;716335;716336;716341;716342;716343;716344;716349;716350;716351;716352;716358;716359;716360;716372;716374;716379;716380;716381;716386;716387;716388;716393;716394;716395;716396;716397;716398;716403;716404;716405;716406;716407;716408;716413;716414;716415;716416;716417;716418;716429;716434;716435;716437;716438;716439;716440;716445;716446;716447;716448;716449;716450;716456;716457;716458;716459;716460;716461;716462,716185;716200;716215;716230;716245;716259;716273;716287;716294;716301;716308;716315;716323;716331;716339;716347;716355;716363;716370;716377;716384;716391;716401;716411;716421;716432;716443;716454,0.05459370014833065
11029,gdsc:1036:10uM,716193,10285,123,1036,10.0,18729.0,26263.68181818182,277.5,scan:10285:NC-1+B,716187;716190;716191;716192;716195;716196;716197;716205;716206;716207;716210;716211;716212;716217;716220;716221;716222;716225;716226;716227;716232;716247;716250;716251;716252;716256;716261;716264;716265;716266;716269;716270;716275;716278;716279;716280;716283;716284;716289;716290;716291;716297;716298;716305;716318;716319;716326;716327;716328;716333;716334;716335;716336;716341;716342;716343;716344;716349;716350;716351;716352;716358;716359;716360;716372;716374;716379;716380;716381;716386;716387;716388;716393;716394;716395;716396;716397;716398;716403;716404;716405;716406;716407;716408;716413;716414;716415;716416;716417;716418;716429;716434;716435;716437;716438;716439;716440;716445;716446;716447;716448;716449;716450;716456;716457;716458;716459;716460;716461;716462,716185;716200;716215;716230;716245;716259;716273;716287;716294;716301;716308;716315;716323;716331;716339;716347;716355;716363;716370;716377;716384;716391;716401;716411;716421;716432;716443;716454,0.28994955360891106
11029,gdsc:1060:0.25uM,716189,10285,101,1060,0.25,15862.0,26263.68181818182,277.5,scan:10285:NC-1+B,716187;716190;716191;716192;716195;716196;716197;716205;716206;716207;716210;716211;716212;716217;716220;716221;716222;716225;716226;716227;716232;716247;716250;716251;716252;716256;716261;716264;716265;716266;716269;716270;716275;716278;716279;716280;716283;716284;716289;716290;716291;716297;716298;716305;716318;716319;716326;716327;716328;716333;716334;716335;716336;716341;716342;716343;716344;716349;716350;716351;716352;716358;716359;716360;716372;716374;716379;716380;716381;716386;716387;716388;716393;716394;716395;716396;716397;716398;716403;716404;716405;716406;716407;716408;716413;716414;716415;716416;716417;716418;716429;716434;716435;716437;716438;716439;716440;716445;716446;716447;716448;716449;716450;716456;716457;716458;716459;716460;716461;716462,716185;716200;716215;716230;716245;716259;716273;716287;716294;716301;716308;716315;716323;716331;716339;716347;716355;716363;716370;716377;716384;716391;716401;716411;716421;716432;716443;716454,0.4002774201673617
11032,gdsc:1032:2uM,717145,10287,124,1032,2.0,17718.0,26161.963636363635,210.10714285714286,scan:10287:NC-1+B,717138;717141;717142;717143;717146;717147;717148;717156;717157;717158;717161;717162;717163;717168;717171;717172;717173;717176;717177;717178;717183;717198;717201;717202;717203;717207;717212;717215;717216;717217;717220;717221;717226;717229;717230;717231;717234;717235;717240;717241;717242;717248;717249;717256;717269;717270;717277;717278;717279;717284;717285;717286;717287;717292;717293;717294;717295;717300;717301;717302;717303;717309;717310;717311;717323;717325;717330;717331;717332;717337;717338;717339;717344;717345;717346;717347;717348;717349;717354;717355;717356;717357;717358;717359;717364;717365;717366;717367;717368;717369;717380;717385;717386;717388;717389;717390;717391;717396;717397;717398;717399;717400;717401;717407;717408;717409;717410;717411;717412;717413,717136;717151;717166;717181;717196;717210;717224;717238;717245;717252;717259;717266;717274;717282;717290;717298;717306;717314;717321;717328;717335;717342;717352;717362;717372;717383;717394;717405,0.3253703116952896
11032,gdsc:1036:10uM,717144,10287,123,1036,10.0,18347.0,26161.963636363635,210.10714285714286,scan:10287:NC-1+B,717138;717141;717142;717143;717146;717147;717148;717156;717157;717158;717161;717162;717163;717168;717171;717172;717173;717176;717177;717178;717183;717198;717201;717202;717203;717207;717212;717215;717216;717217;717220;717221;717226;717229;717230;717231;717234;717235;717240;717241;717242;717248;717249;717256;717269;717270;717277;717278;717279;717284;717285;717286;717287;717292;717293;717294;717295;717300;717301;717302;717303;717309;717310;717311;717323;717325;717330;717331;717332;717337;717338;717339;717344;717345;717346;717347;717348;717349;717354;717355;717356;717357;717358;717359;717364;717365;717366;717367;717368;717369;717380;717385;717386;717388;717389;717390;717391;717396;717397;717398;717399;717400;717401;717407;717408;717409;717410;717411;717412;717413,717136;717151;717166;717181;717196;717210;717224;717238;717245;717252;717259;717266;717274;717282;717290;717298;717306;717314;717321;717328;717335;717342;717352;717362;717372;717383;717394;717405,0.301133124650217
11032,gdsc:1060:0.25uM,717140,10287,101,1060,0.25,19589.0,26161.963636363635,210.10714285714286,scan:10287:NC-1+B,717138;717141;717142;717143;717146;717147;717148;717156;717157;717158;717161;717162;717163;717168;717171;717172;717173;717176;717177;717178;717183;717198;717201;717202;717203;717207;717212;717215;717216;717217;717220;717221;717226;717229;717230;717231;717234;717235;717240;717241;717242;717248;717249;717256;717269;717270;717277;717278;717279;717284;717285;717286;717287;717292;717293;717294;717295;717300;717301;717302;717303;717309;717310;717311;717323;717325;717330;717331;717332;717337;717338;717339;717344;717345;717346;717347;717348;717349;717354;717355;717356;717357;717358;717359;717364;717365;717366;717367;717368;717369;717380;717385;717386;717388;717389;717390;717391;717396;717397;717398;717399;717400;717401;717407;717408;717409;717410;717411;717412;717413,717136;717151;717166;717181;717196;717210;717224;717238;717245;717252;717259;717266;717274;717282;717290;717298;717306;717314;717321;717328;717335;717342;717352;717362;717372;717383;717394;717405,0.2532752767806141
11038,gdsc:1032:2uM,718096,10289,124,1032,2.0,5542.0,26344.036363636365,226.0,scan:10289:NC-1+B,718089;718092;718093;718094;718097;718098;718099;718107;718108;718109;718112;718113;718114;718119;718122;718123;718124;718127;718128;718129;718134;718149;718152;718153;718154;718158;718163;718166;718167;718168;718171;718172;718177;718180;718181;718182;718185;718186;718191;718192;718193;718199;718200;718207;718220;718221;718228;718229;718230;718235;718236;718237;718238;718243;718244;718245;718246;718251;718252;718253;718254;718260;718261;718262;718274;718276;718281;718282;718283;718288;718289;718290;718295;718296;718297;718298;718299;718300;718305;718306;718307;718308;718309;718310;718315;718316;718317;718318;718319;718320;718331;718336;718337;718339;718340;718341;718342;718347;718348;718349;718350;718351;718352;718358;718359;718360;718361;718362;718363;718364,718087;718102;718117;718132;718147;718161;718175;718189;718196;718203;718210;718217;718225;718233;718241;718249;718257;718265;718272;718279;718286;718293;718303;718313;718323;718334;718345;718356,0.7964624933518599
11038,gdsc:1036:10uM,718095,10289,123,1036,10.0,20107.0,26344.036363636365,226.0,scan:10289:NC-1+B,718089;718092;718093;718094;718097;718098;718099;718107;718108;718109;718112;718113;718114;718119;718122;718123;718124;718127;718128;718129;718134;718149;718152;718153;718154;718158;718163;718166;718167;718168;718171;718172;718177;718180;718181;718182;718185;718186;718191;718192;718193;718199;718200;718207;718220;718221;718228;718229;718230;718235;718236;718237;718238;718243;718244;718245;718246;718251;718252;718253;718254;718260;718261;718262;718274;718276;718281;718282;718283;718288;718289;718290;718295;718296;718297;718298;718299;718300;718305;718306;718307;718308;718309;718310;718315;718316;718317;718318;718319;718320;718331;718336;718337;718339;718340;718341;718342;718347;718348;718349;718350;718351;718352;718358;718359;718360;718361;718362;718363;718364,718087;718102;718117;718132;718147;718161;718175;718189;718196;718203;718210;718217;718225;718233;718241;718249;718257;718265;718272;718279;718286;718293;718303;718313;718323;718334;718345;718356,0.23880188681872228
11038,gdsc:1060:0.25uM,718091,10289,101,1060,0.25,15384.0,26344.036363636365,226.0,scan:10289:NC-1+B,718089;718092;718093;718094;718097;718098;718099;718107;718108;718109;718112;718113;718114;718119;718122;718123;718124;718127;718128;718129;718134;718149;718152;718153;718154;718158;718163;718166;718167;718168;718171;718172;718177;718180;718181;718182;718185;718186;718191;718192;718193;718199;718200;718207;718220;718221;718228;718229;718230;718235;718236;718237;718238;718243;718244;718245;718246;718251;718252;718253;718254;718260;718261;718262;718274;718276;718281;718282;718283;718288;718289;718290;718295;718296;718297;718298;718299;718300;718305;718306;718307;718308;718309;718310;718315;718316;718317;718318;718319;718320;718331;718336;718337;718339;718340;718341;718342;718347;718348;718349;718350;718351;718352;718358;718359;718360;718361;718362;718363;718364,718087;718102;718117;718132;718147;718161;718175;718189;718196;718203;718210;718217;718225;718233;718241;718249;718257;718265;718272;718279;718286;718293;718303;718313;718323;718334;718345;718356,0.4196347769427188
11041,gdsc:1032:2uM,719047,10291,124,1032,2.0,18414.0,29277.7,267.4642857142857,scan:10291:NC-1+B,719040;719043;719044;719045;719048;719049;719050;719058;719059;719060;719063;719064;719065;719070;719073;719074;719075;719078;719079;719080;719085;719100;719103;719104;719105;719109;719114;719117;719118;719119;719122;719123;719128;719131;719132;719133;719136;719137;719142;719143;719144;719150;719151;719158;719171;719172;719179;719180;719181;719186;719187;719188;719189;719194;719195;719196;719197;719202;719203;719204;719205;719211;719212;719213;719225;719227;719232;719233;719234;719239;719240;719241;719246;719247;719248;719249;719250;719251;719256;719257;719258;719259;719260;719261;719266;719267;719268;719269;719270;719271;719282;719287;719288;719290;719291;719292;719293;719298;719299;719300;719301;719302;719303;719309;719310;719311;719312;719313;719314;719315,719038;719053;719068;719083;719098;719112;719126;719140;719147;719154;719161;719168;719176;719184;719192;719200;719208;719216;719223;719230;719237;719244;719254;719264;719274;719285;719296;719307,0.3744781706358322
11041,gdsc:1036:10uM,719046,10291,123,1036,10.0,21692.0,29277.7,267.4642857142857,scan:10291:NC-1+B,719040;719043;719044;719045;719048;719049;719050;719058;719059;719060;719063;719064;719065;719070;719073;719074;719075;719078;719079;719080;719085;719100;719103;719104;719105;719109;719114;719117;719118;719119;719122;719123;719128;719131;719132;719133;719136;719137;719142;719143;719144;719150;719151;719158;719171;719172;719179;719180;719181;719186;719187;719188;719189;719194;719195;719196;719197;719202;719203;719204;719205;719211;719212;719213;719225;719227;719232;719233;719234;719239;719240;719241;719246;719247;719248;719249;719250;719251;719256;719257;719258;719259;719260;719261;719266;719267;719268;719269;719270;719271;719282;719287;719288;719290;719291;719292;719293;719298;719299;719300;719301;719302;719303;719309;719310;719311;719312;719313;719314;719315,719038;719053;719068;719083;719098;719112;719126;719140;719147;719154;719161;719168;719176;719184;719192;719200;719208;719216;719223;719230;719237;719244;719254;719264;719274;719285;719296;719307,0.2614835699616367
11041,gdsc:1060:0.25uM,719042,10291,101,1060,0.25,6211.0,29277.7,267.4642857142857,scan:10291:NC-1+B,719040;719043;719044;719045;719048;719049;719050;719058;719059;719060;719063;719064;719065;719070;719073;719074;719075;719078;719079;719080;719085;719100;719103;719104;719105;719109;719114;719117;719118;719119;719122;719123;719128;719131;719132;719133;719136;719137;719142;719143;719144;719150;719151;719158;719171;719172;719179;719180;719181;719186;719187;719188;719189;719194;719195;719196;719197;719202;719203;719204;719205;719211;719212;719213;719225;719227;719232;719233;719234;719239;719240;719241;719246;719247;719248;719249;719250;719251;719256;719257;719258;719259;719260;719261;719266;719267;719268;719269;719270;719271;719282;719287;719288;719290;719291;719292;719293;719298;719299;719300;719301;719302;719303;719309;719310;719311;719312;719313;719314;719315,719038;719053;719068;719083;719098;719112;719126;719140;719147;719154;719161;719168;719176;719184;719192;719200;719208;719216;719223;719230;719237;719244;719254;719264;719274;719285;719296;719307,0.7951228051773844
11050,gdsc:1032:2uM,720477,10297,124,1032,2.0,31536.0,41562.818181818184,358.64285714285717,scan:10297:NC-1+B,720470;720473;720474;720475;720478;720479;720480;720488;720489;720490;720493;720494;720495;720500;720503;720504;720505;720508;720509;720510;720515;720530;720533;720534;720535;720539;720544;720547;720548;720549;720552;720553;720558;720561;720562;720563;720566;720567;720572;720573;720574;720580;720581;720588;720601;720602;720609;720610;720611;720616;720617;720618;720619;720624;720625;720626;720627;720632;720633;720634;720635;720641;720642;720643;720655;720657;720662;720663;720664;720669;720670;720671;720676;720677;720678;720679;720680;720681;720686;720687;720688;720689;720690;720691;720696;720697;720698;720699;720700;720701;720712;720717;720718;720720;720721;720722;720723;720728;720729;720730;720731;720732;720733;720739;720740;720741;720742;720743;720744;720745,720468;720483;720498;720513;720528;720542;720556;720570;720577;720584;720591;720598;720606;720614;720622;720630;720638;720646;720653;720660;720667;720674;720684;720694;720704;720715;720726;720737,0.24334471210284303
11050,gdsc:1036:10uM,720476,10297,123,1036,10.0,37940.0,41562.818181818184,358.64285714285717,scan:10297:NC-1+B,720470;720473;720474;720475;720478;720479;720480;720488;720489;720490;720493;720494;720495;720500;720503;720504;720505;720508;720509;720510;720515;720530;720533;720534;720535;720539;720544;720547;720548;720549;720552;720553;720558;720561;720562;720563;720566;720567;720572;720573;720574;720580;720581;720588;720601;720602;720609;720610;720611;720616;720617;720618;720619;720624;720625;720626;720627;720632;720633;720634;720635;720641;720642;720643;720655;720657;720662;720663;720664;720669;720670;720671;720676;720677;720678;720679;720680;720681;720686;720687;720688;720689;720690;720691;720696;720697;720698;720699;720700;720701;720712;720717;720718;720720;720721;720722;720723;720728;720729;720730;720731;720732;720733;720739;720740;720741;720742;720743;720744;720745,720468;720483;720498;720513;720528;720542;720556;720570;720577;720584;720591;720598;720606;720614;720622;720630;720638;720646;720653;720660;720667;720674;720684;720694;720704;720715;720726;720737,0.0879235697176699
11050,gdsc:1060:0.25uM,720472,10297,101,1060,0.25,6975.0,41562.818181818184,358.64285714285717,scan:10297:NC-1+B,720470;720473;720474;720475;720478;720479;720480;720488;720489;720490;720493;720494;720495;720500;720503;720504;720505;720508;720509;720510;720515;720530;720533;720534;720535;720539;720544;720547;720548;720549;720552;720553;720558;720561;720562;720563;720566;720567;720572;720573;720574;720580;720581;720588;720601;720602;720609;720610;720611;720616;720617;720618;720619;720624;720625;720626;720627;720632;720633;720634;720635;720641;720642;720643;720655;720657;720662;720663;720664;720669;720670;720671;720676;720677;720678;720679;720680;720681;720686;720687;720688;720689;720690;720691;720696;720697;720698;720699;720700;720701;720712;720717;720718;720720;720721;720722;720723;720728;720729;720730;720731;720732;720733;720739;720740;720741;720742;720743;720744;720745,720468;720483;720498;720513;720528;720542;720556;720570;720577;720584;720591;720598;720606;720614;720622;720630;720638;720646;720653;720660;720667;720674;720684;720694;720704;720715;720726;720737,0.8394250803293009
11053,gdsc:1032:2uM,721428,10299,124,1032,2.0,27999.0,38134.80909090909,396.17857142857144,scan:10299:NC-1+B,721421;721424;721425;721426;721429;721430;721431;721439;721440;721441;721444;721445;721446;721451;721454;721455;721456;721459;721460;721461;721466;721481;721484;721485;721486;721490;721495;721498;721499;721500;721503;721504;721509;721512;721513;721514;721517;721518;721523;721524;721525;721531;721532;721539;721552;721553;721560;721561;721562;721567;721568;721569;721570;721575;721576;721577;721578;721583;721584;721585;721586;721592;721593;721594;721606;721608;721613;721614;721615;721620;721621;721622;721627;721628;721629;721630;721631;721632;721637;721638;721639;721640;721641;721642;721647;721648;721649;721650;721651;721652;721663;721668;721669;721671;721672;721673;721674;721679;721680;721681;721682;721683;721684;721690;721691;721692;721693;721694;721695;721696,721419;721434;721449;721464;721479;721493;721507;721521;721528;721535;721542;721549;721557;721565;721573;721581;721589;721597;721604;721611;721618;721625;721635;721645;721655;721666;721677;721688,0.26857914427173046
11053,gdsc:1036:10uM,721427,10299,123,1036,10.0,24654.0,38134.80909090909,396.17857142857144,scan:10299:NC-1+B,721421;721424;721425;721426;721429;721430;721431;721439;721440;721441;721444;721445;721446;721451;721454;721455;721456;721459;721460;721461;721466;721481;721484;721485;721486;721490;721495;721498;721499;721500;721503;721504;721509;721512;721513;721514;721517;721518;721523;721524;721525;721531;721532;721539;721552;721553;721560;721561;721562;721567;721568;721569;721570;721575;721576;721577;721578;721583;721584;721585;721586;721592;721593;721594;721606;721608;721613;721614;721615;721620;721621;721622;721627;721628;721629;721630;721631;721632;721637;721638;721639;721640;721641;721642;721647;721648;721649;721650;721651;721652;721663;721668;721669;721671;721672;721673;721674;721679;721680;721681;721682;721683;721684;721690;721691;721692;721693;721694;721695;721696,721419;721434;721449;721464;721479;721493;721507;721521;721528;721535;721542;721549;721557;721565;721573;721581;721589;721597;721604;721611;721618;721625;721635;721645;721655;721666;721677;721688,0.3572151110239773
11053,gdsc:1060:0.25uM,721423,10299,101,1060,0.25,32109.0,38134.80909090909,396.17857142857144,scan:10299:NC-1+B,721421;721424;721425;721426;721429;721430;721431;721439;721440;721441;721444;721445;721446;721451;721454;721455;721456;721459;721460;721461;721466;721481;721484;721485;721486;721490;721495;721498;721499;721500;721503;721504;721509;721512;721513;721514;721517;721518;721523;721524;721525;721531;721532;721539;721552;721553;721560;721561;721562;721567;721568;721569;721570;721575;721576;721577;721578;721583;721584;721585;721586;721592;721593;721594;721606;721608;721613;721614;721615;721620;721621;721622;721627;721628;721629;721630;721631;721632;721637;721638;721639;721640;721641;721642;721647;721648;721649;721650;721651;721652;721663;721668;721669;721671;721672;721673;721674;721679;721680;721681;721682;721683;721684;721690;721691;721692;721693;721694;721695;721696,721419;721434;721449;721464;721479;721493;721507;721521;721528;721535;721542;721549;721557;721565;721573;721581;721589;721597;721604;721611;721618;721625;721635;721645;721655;721666;721677;721688,0.15967217167031522
11056,gdsc:1032:2uM,722379,10301,124,1032,2.0,30580.0,56863.67272727273,340.07142857142856,scan:10301:NC-1+B,722372;722375;722376;722377;722380;722381;722382;722390;722391;722392;722395;722396;722397;722402;722405;722406;722407;722410;722411;722412;722417;722432;722435;722436;722437;722441;722446;722449;722450;722451;722454;722455;722460;722463;722464;722465;722468;722469;722474;722475;722476;722482;722483;722490;722503;722504;722511;722512;722513;722518;722519;722520;722521;722526;722527;722528;722529;722534;722535;722536;722537;722543;722544;722545;722557;722559;722564;722565;722566;722571;722572;722573;722578;722579;722580;722581;722582;722583;722588;722589;722590;722591;722592;722593;722598;722599;722600;722601;722602;722603;722614;722619;722620;722622;722623;722624;722625;722630;722631;722632;722633;722634;722635;722641;722642;722643;722644;722645;722646;722647,722370;722385;722400;722415;722430;722444;722458;722472;722479;722486;722493;722500;722508;722516;722524;722532;722540;722548;722555;722562;722569;722576;722586;722596;722606;722617;722628;722639,0.4650035051442596
11056,gdsc:1036:10uM,722378,10301,123,1036,10.0,48455.0,56863.67272727273,340.07142857142856,scan:10301:NC-1+B,722372;722375;722376;722377;722380;722381;722382;722390;722391;722392;722395;722396;722397;722402;722405;722406;722407;722410;722411;722412;722417;722432;722435;722436;722437;722441;722446;722449;722450;722451;722454;722455;722460;722463;722464;722465;722468;722469;722474;722475;722476;722482;722483;722490;722503;722504;722511;722512;722513;722518;722519;722520;722521;722526;722527;722528;722529;722534;722535;722536;722537;722543;722544;722545;722557;722559;722564;722565;722566;722571;722572;722573;722578;722579;722580;722581;722582;722583;722588;722589;722590;722591;722592;722593;722598;722599;722600;722601;722602;722603;722614;722619;722620;722622;722623;722624;722625;722630;722631;722632;722633;722634;722635;722641;722642;722643;722644;722645;722646;722647,722370;722385;722400;722415;722430;722444;722458;722472;722479;722486;722493;722500;722508;722516;722524;722532;722540;722548;722555;722562;722569;722576;722586;722596;722606;722617;722628;722639,0.14876392399056015
11056,gdsc:1060:0.25uM,722374,10301,101,1060,0.25,56485.0,56863.67272727273,340.07142857142856,scan:10301:NC-1+B,722372;722375;722376;722377;722380;722381;722382;722390;722391;722392;722395;722396;722397;722402;722405;722406;722407;722410;722411;722412;722417;722432;722435;722436;722437;722441;722446;722449;722450;722451;722454;722455;722460;722463;722464;722465;722468;722469;722474;722475;722476;722482;722483;722490;722503;722504;722511;722512;722513;722518;722519;722520;722521;722526;722527;722528;722529;722534;722535;722536;722537;722543;722544;722545;722557;722559;722564;722565;722566;722571;722572;722573;722578;722579;722580;722581;722582;722583;722588;722589;722590;722591;722592;722593;722598;722599;722600;722601;722602;722603;722614;722619;722620;722622;722623;722624;722625;722630;722631;722632;722633;722634;722635;722641;722642;722643;722644;722645;722646;722647,722370;722385;722400;722415;722430;722444;722458;722472;722479;722486;722493;722500;722508;722516;722524;722532;722540;722548;722555;722562;722569;722576;722586;722596;722606;722617;722628;722639,0.006699373687667487
11059,gdsc:1032:2uM,723330,10303,124,1032,2.0,19589.0,29771.863636363636,216.42857142857142,scan:10303:NC-1+B,723323;723326;723327;723328;723331;723332;723333;723341;723342;723343;723346;723347;723348;723353;723356;723357;723358;723361;723362;723363;723368;723383;723386;723387;723388;723392;723397;723400;723401;723402;723405;723406;723411;723414;723415;723416;723419;723420;723425;723426;723427;723433;723434;723441;723454;723455;723462;723463;723464;723469;723470;723471;723472;723477;723478;723479;723480;723485;723486;723487;723488;723494;723495;723496;723508;723510;723515;723516;723517;723522;723523;723524;723529;723530;723531;723532;723533;723534;723539;723540;723541;723542;723543;723544;723549;723550;723551;723552;723553;723554;723565;723570;723571;723573;723574;723575;723576;723581;723582;723583;723584;723585;723586;723592;723593;723594;723595;723596;723597;723598,723321;723336;723351;723366;723381;723395;723409;723423;723430;723437;723444;723451;723459;723467;723475;723483;723491;723499;723506;723513;723520;723527;723537;723547;723557;723568;723579;723590,0.3445343847583794
11059,gdsc:1036:10uM,723329,10303,123,1036,10.0,16627.0,29771.863636363636,216.42857142857142,scan:10303:NC-1+B,723323;723326;723327;723328;723331;723332;723333;723341;723342;723343;723346;723347;723348;723353;723356;723357;723358;723361;723362;723363;723368;723383;723386;723387;723388;723392;723397;723400;723401;723402;723405;723406;723411;723414;723415;723416;723419;723420;723425;723426;723427;723433;723434;723441;723454;723455;723462;723463;723464;723469;723470;723471;723472;723477;723478;723479;723480;723485;723486;723487;723488;723494;723495;723496;723508;723510;723515;723516;723517;723522;723523;723524;723529;723530;723531;723532;723533;723534;723539;723540;723541;723542;723543;723544;723549;723550;723551;723552;723553;723554;723565;723570;723571;723573;723574;723575;723576;723581;723582;723583;723584;723585;723586;723592;723593;723594;723595;723596;723597;723598,723321;723336;723351;723366;723381;723395;723409;723423;723430;723437;723444;723451;723459;723467;723475;723483;723491;723499;723506;723513;723520;723527;723537;723547;723557;723568;723579;723590,0.44475283843677427
11059,gdsc:1060:0.25uM,723325,10303,101,1060,0.25,21978.0,29771.863636363636,216.42857142857142,scan:10303:NC-1+B,723323;723326;723327;723328;723331;723332;723333;723341;723342;723343;723346;723347;723348;723353;723356;723357;723358;723361;723362;723363;723368;723383;723386;723387;723388;723392;723397;723400;723401;723402;723405;723406;723411;723414;723415;723416;723419;723420;723425;723426;723427;723433;723434;723441;723454;723455;723462;723463;723464;723469;723470;723471;723472;723477;723478;723479;723480;723485;723486;723487;723488;723494;723495;723496;723508;723510;723515;723516;723517;723522;723523;723524;723529;723530;723531;723532;723533;723534;723539;723540;723541;723542;723543;723544;723549;723550;723551;723552;723553;723554;723565;723570;723571;723573;723574;723575;723576;723581;723582;723583;723584;723585;723586;723592;723593;723594;723595;723596;723597;723598,723321;723336;723351;723366;723381;723395;723409;723423;723430;723437;723444;723451;723459;723467;723475;723483;723491;723499;723506;723513;723520;723527;723537;723547;723557;723568;723579;723590,0.263703228162267
11062,gdsc:1032:2uM,724281,10305,124,1032,2.0,53044.0,62937.8,384.14285714285717,scan:10305:NC-1+B,724274;724277;724278;724279;724282;724283;724284;724292;724293;724294;724297;724298;724299;724304;724307;724308;724309;724312;724313;724314;724319;724334;724337;724338;724339;724343;724348;724351;724352;724353;724356;724357;724362;724365;724366;724367;724370;724371;724376;724377;724378;724384;724385;724392;724405;724406;724413;724414;724415;724420;724421;724422;724423;724428;724429;724430;724431;724436;724437;724438;724439;724445;724446;724447;724459;724461;724466;724467;724468;724473;724474;724475;724480;724481;724482;724483;724484;724485;724490;724491;724492;724493;724494;724495;724500;724501;724502;724503;724504;724505;724516;724521;724522;724524;724525;724526;724527;724532;724533;724534;724535;724536;724537;724543;724544;724545;724546;724547;724548;724549,724272;724287;724302;724317;724332;724346;724360;724374;724381;724388;724395;724402;724410;724418;724426;724434;724442;724450;724457;724464;724471;724478;724488;724498;724508;724519;724530;724541,0.15816501307677344
11062,gdsc:1036:10uM,724280,10305,123,1036,10.0,45109.0,62937.8,384.14285714285717,scan:10305:NC-1+B,724274;724277;724278;724279;724282;724283;724284;724292;724293;724294;724297;724298;724299;724304;724307;724308;724309;724312;724313;724314;724319;724334;724337;724338;724339;724343;724348;724351;724352;724353;724356;724357;724362;724365;724366;724367;724370;724371;724376;724377;724378;724384;724385;724392;724405;724406;724413;724414;724415;724420;724421;724422;724423;724428;724429;724430;724431;724436;724437;724438;724439;724445;724446;724447;724459;724461;724466;724467;724468;724473;724474;724475;724480;724481;724482;724483;724484;724485;724490;724491;724492;724493;724494;724495;724500;724501;724502;724503;724504;724505;724516;724521;724522;724524;724525;724526;724527;724532;724533;724534;724535;724536;724537;724543;724544;724545;724546;724547;724548;724549,724272;724287;724302;724317;724332;724346;724360;724374;724381;724388;724395;724402;724410;724418;724426;724434;724442;724450;724457;724464;724471;724478;724488;724498;724508;724519;724530;724541,0.2850161095982512
11062,gdsc:1060:0.25uM,724276,10305,101,1060,0.25,61266.0,62937.8,384.14285714285717,scan:10305:NC-1+B,724274;724277;724278;724279;724282;724283;724284;724292;724293;724294;724297;724298;724299;724304;724307;724308;724309;724312;724313;724314;724319;724334;724337;724338;724339;724343;724348;724351;724352;724353;724356;724357;724362;724365;724366;724367;724370;724371;724376;724377;724378;724384;724385;724392;724405;724406;724413;724414;724415;724420;724421;724422;724423;724428;724429;724430;724431;724436;724437;724438;724439;724445;724446;724447;724459;724461;724466;724467;724468;724473;724474;724475;724480;724481;724482;724483;724484;724485;724490;724491;724492;724493;724494;724495;724500;724501;724502;724503;724504;724505;724516;724521;724522;724524;724525;724526;724527;724532;724533;724534;724535;724536;724537;724543;724544;724545;724546;724547;724548;724549,724272;724287;724302;724317;724332;724346;724360;724374;724381;724388;724395;724402;724410;724418;724426;724434;724442;724450;724457;724464;724471;724478;724488;724498;724508;724519;724530;724541,0.026725855471280036
11065,gdsc:1032:2uM,725232,10307,124,1032,2.0,32205.0,33783.34545454545,291.39285714285717,scan:10307:NC-1+B,725225;725228;725229;725230;725233;725234;725235;725243;725244;725245;725248;725249;725250;725255;725258;725259;725260;725263;725264;725265;725270;725285;725288;725289;725290;725294;725299;725302;725303;725304;725307;725308;725313;725316;725317;725318;725321;725322;725327;725328;725329;725335;725336;725343;725356;725357;725364;725365;725366;725371;725372;725373;725374;725379;725380;725381;725382;725387;725388;725389;725390;725396;725397;725398;725410;725412;725417;725418;725419;725424;725425;725426;725431;725432;725433;725434;725435;725436;725441;725442;725443;725444;725445;725446;725451;725452;725453;725454;725455;725456;725467;725472;725473;725475;725476;725477;725478;725483;725484;725485;725486;725487;725488;725494;725495;725496;725497;725498;725499;725500,725223;725238;725253;725268;725283;725297;725311;725325;725332;725339;725346;725353;725361;725369;725377;725385;725393;725401;725408;725415;725422;725429;725439;725449;725459;725470;725481;725492,0.04712611036801306
11065,gdsc:1036:10uM,725231,10307,123,1036,10.0,21596.0,33783.34545454545,291.39285714285717,scan:10307:NC-1+B,725225;725228;725229;725230;725233;725234;725235;725243;725244;725245;725248;725249;725250;725255;725258;725259;725260;725263;725264;725265;725270;725285;725288;725289;725290;725294;725299;725302;725303;725304;725307;725308;725313;725316;725317;725318;725321;725322;725327;725328;725329;725335;725336;725343;725356;725357;725364;725365;725366;725371;725372;725373;725374;725379;725380;725381;725382;725387;725388;725389;725390;725396;725397;725398;725410;725412;725417;725418;725419;725424;725425;725426;725431;725432;725433;725434;725435;725436;725441;725442;725443;725444;725445;725446;725451;725452;725453;725454;725455;725456;725467;725472;725473;725475;725476;725477;725478;725483;725484;725485;725486;725487;725488;725494;725495;725496;725497;725498;725499;725500,725223;725238;725253;725268;725283;725297;725311;725325;725332;725339;725346;725353;725361;725369;725377;725385;725393;725401;725408;725415;725422;725429;725439;725449;725459;725470;725481;725492,0.36388877056665314
11065,gdsc:1060:0.25uM,725227,10307,101,1060,0.25,31631.0,33783.34545454545,291.39285714285717,scan:10307:NC-1+B,725225;725228;725229;725230;725233;725234;725235;725243;725244;725245;725248;725249;725250;725255;725258;725259;725260;725263;725264;725265;725270;725285;725288;725289;725290;725294;725299;725302;725303;725304;725307;725308;725313;725316;725317;725318;725321;725322;725327;725328;725329;725335;725336;725343;725356;725357;725364;725365;725366;725371;725372;725373;725374;725379;725380;725381;725382;725387;725388;725389;725390;725396;725397;725398;725410;725412;725417;725418;725419;725424;725425;725426;725431;725432;725433;725434;725435;725436;725441;725442;725443;725444;725445;725446;725451;725452;725453;725454;725455;725456;725467;725472;725473;725475;725476;725477;725478;725483;725484;725485;725486;725487;725488;725494;725495;725496;725497;725498;725499;725500,725223;725238;725253;725268;725283;725297;725311;725325;725332;725339;725346;725353;725361;725369;725377;725385;725393;725401;725408;725415;725422;725429;725439;725449;725459;725470;725481;725492,0.06426455574024592
11092,gdsc:1032:2uM,727141,10350,124,1032,2.0,32300.0,31079.68181818182,325.9642857142857,scan:10350:NC-1+B,727134;727137;727138;727139;727142;727143;727144;727152;727153;727154;727157;727158;727159;727164;727167;727168;727169;727172;727173;727174;727179;727194;727197;727198;727199;727203;727208;727211;727212;727213;727216;727217;727222;727225;727226;727227;727230;727231;727236;727237;727238;727244;727245;727252;727265;727266;727273;727274;727275;727280;727281;727282;727283;727288;727289;727290;727291;727296;727297;727298;727299;727305;727306;727307;727319;727321;727326;727327;727328;727333;727334;727335;727340;727341;727342;727343;727344;727345;727350;727351;727352;727353;727354;727355;727360;727361;727362;727363;727364;727365;727376;727381;727382;727384;727385;727386;727387;727392;727393;727394;727395;727396;727397;727403;727404;727405;727406;727407;727408;727409,727132;727147;727162;727177;727192;727206;727220;727234;727241;727248;727255;727262;727270;727278;727286;727294;727302;727310;727317;727324;727331;727338;727348;727358;727368;727379;727390;727401,-0.03968034695414824
11092,gdsc:1036:10uM,727140,10350,123,1036,10.0,28868.0,31079.68181818182,325.9642857142857,scan:10350:NC-1+B,727134;727137;727138;727139;727142;727143;727144;727152;727153;727154;727157;727158;727159;727164;727167;727168;727169;727172;727173;727174;727179;727194;727197;727198;727199;727203;727208;727211;727212;727213;727216;727217;727222;727225;727226;727227;727230;727231;727236;727237;727238;727244;727245;727252;727265;727266;727273;727274;727275;727280;727281;727282;727283;727288;727289;727290;727291;727296;727297;727298;727299;727305;727306;727307;727319;727321;727326;727327;727328;727333;727334;727335;727340;727341;727342;727343;727344;727345;727350;727351;727352;727353;727354;727355;727360;727361;727362;727363;727364;727365;727376;727381;727382;727384;727385;727386;727387;727392;727393;727394;727395;727396;727397;727403;727404;727405;727406;727407;727408;727409,727132;727147;727162;727177;727192;727206;727220;727234;727241;727248;727255;727262;727270;727278;727286;727294;727302;727310;727317;727324;727331;727338;727348;727358;727368;727379;727390;727401,0.07191591767229077
11092,gdsc:1060:0.25uM,727136,10350,101,1060,0.25,34785.0,31079.68181818182,325.9642857142857,scan:10350:NC-1+B,727134;727137;727138;727139;727142;727143;727144;727152;727153;727154;727157;727158;727159;727164;727167;727168;727169;727172;727173;727174;727179;727194;727197;727198;727199;727203;727208;727211;727212;727213;727216;727217;727222;727225;727226;727227;727230;727231;727236;727237;727238;727244;727245;727252;727265;727266;727273;727274;727275;727280;727281;727282;727283;727288;727289;727290;727291;727296;727297;727298;727299;727305;727306;727307;727319;727321;727326;727327;727328;727333;727334;727335;727340;727341;727342;727343;727344;727345;727350;727351;727352;727353;727354;727355;727360;727361;727362;727363;727364;727365;727376;727381;727382;727384;727385;727386;727387;727392;727393;727394;727395;727396;727397;727403;727404;727405;727406;727407;727408;727409,727132;727147;727162;727177;727192;727206;727220;727234;727241;727248;727255;727262;727270;727278;727286;727294;727302;727310;727317;727324;727331;727338;727348;727358;727368;727379;727390;727401,-0.1204835863471263
11120,gdsc:1032:2uM,728092,10353,124,1032,2.0,8361.0,49591.13636363636,229.78571428571428,scan:10353:NC-1+B,728085;728088;728089;728090;728093;728094;728095;728103;728104;728105;728108;728109;728110;728115;728118;728119;728120;728123;728124;728125;728130;728145;728148;728149;728150;728154;728159;728162;728163;728164;728167;728168;728173;728176;728177;728178;728181;728182;728187;728188;728189;728195;728196;728203;728216;728217;728224;728225;728226;728231;728232;728233;728234;728239;728240;728241;728242;728247;728248;728249;728250;728256;728257;728258;728270;728272;728277;728278;728279;728284;728285;728286;728291;728292;728293;728294;728295;728296;728301;728302;728303;728304;728305;728306;728311;728312;728313;728314;728315;728316;728327;728332;728333;728335;728336;728337;728338;728343;728344;728345;728346;728347;728348;728354;728355;728356;728357;728358;728359;728360,728083;728098;728113;728128;728143;728157;728171;728185;728192;728199;728206;728213;728221;728229;728237;728245;728253;728261;728268;728275;728282;728289;728299;728309;728319;728330;728341;728352,0.8352716410967727
11120,gdsc:1036:10uM,728091,10353,123,1036,10.0,28095.0,49591.13636363636,229.78571428571428,scan:10353:NC-1+B,728085;728088;728089;728090;728093;728094;728095;728103;728104;728105;728108;728109;728110;728115;728118;728119;728120;728123;728124;728125;728130;728145;728148;728149;728150;728154;728159;728162;728163;728164;728167;728168;728173;728176;728177;728178;728181;728182;728187;728188;728189;728195;728196;728203;728216;728217;728224;728225;728226;728231;728232;728233;728234;728239;728240;728241;728242;728247;728248;728249;728250;728256;728257;728258;728270;728272;728277;728278;728279;728284;728285;728286;728291;728292;728293;728294;728295;728296;728301;728302;728303;728304;728305;728306;728311;728312;728313;728314;728315;728316;728327;728332;728333;728335;728336;728337;728338;728343;728344;728345;728346;728347;728348;728354;728355;728356;728357;728358;728359;728360,728083;728098;728113;728128;728143;728157;728171;728185;728192;728199;728206;728213;728221;728229;728237;728245;728253;728261;728268;728275;728282;728289;728299;728309;728319;728330;728341;728352,0.4354851737412728
11120,gdsc:1060:0.25uM,728087,10353,101,1060,0.25,42815.0,49591.13636363636,229.78571428571428,scan:10353:NC-1+B,728085;728088;728089;728090;728093;728094;728095;728103;728104;728105;728108;728109;728110;728115;728118;728119;728120;728123;728124;728125;728130;728145;728148;728149;728150;728154;728159;728162;728163;728164;728167;728168;728173;728176;728177;728178;728181;728182;728187;728188;728189;728195;728196;728203;728216;728217;728224;728225;728226;728231;728232;728233;728234;728239;728240;728241;728242;728247;728248;728249;728250;728256;728257;728258;728270;728272;728277;728278;728279;728284;728285;728286;728291;728292;728293;728294;728295;728296;728301;728302;728303;728304;728305;728306;728311;728312;728313;728314;728315;728316;728327;728332;728333;728335;728336;728337;728338;728343;728344;728345;728346;728347;728348;728354;728355;728356;728357;728358;728359;728360,728083;728098;728113;728128;728143;728157;728171;728185;728192;728199;728206;728213;728221;728229;728237;728245;728253;728261;728268;728275;728282;728289;728299;728309;728319;728330;728341;728352,0.13727615380243863
11132,gdsc:1032:2uM,729522,10360,124,1032,2.0,62795.0,58583.736363636366,450.7142857142857,scan:10360:NC-1+B,729515;729518;729519;729520;729523;729524;729525;729533;729534;729535;729538;729539;729540;729545;729548;729549;729550;729553;729554;729555;729560;729575;729578;729579;729580;729584;729589;729592;729593;729594;729597;729598;729603;729606;729607;729608;729611;729612;729617;729618;729619;729625;729626;729633;729646;729647;729654;729655;729656;729661;729662;729663;729664;729669;729670;729671;729672;729677;729678;729679;729680;729686;729687;729688;729700;729702;729707;729708;729709;729714;729715;729716;729721;729722;729723;729724;729725;729726;729731;729732;729733;729734;729735;729736;729741;729742;729743;729744;729745;729746;729757;729762;729763;729765;729766;729767;729768;729773;729774;729775;729776;729777;729778;729784;729785;729786;729787;729788;729789;729790,729513;729528;729543;729558;729573;729587;729601;729615;729622;729629;729636;729643;729651;729659;729667;729675;729683;729691;729698;729705;729712;729719;729729;729739;729749;729760;729771;729782,-0.07244184950025168
11132,gdsc:1036:10uM,729521,10360,123,1036,10.0,49506.0,58583.736363636366,450.7142857142857,scan:10360:NC-1+B,729515;729518;729519;729520;729523;729524;729525;729533;729534;729535;729538;729539;729540;729545;729548;729549;729550;729553;729554;729555;729560;729575;729578;729579;729580;729584;729589;729592;729593;729594;729597;729598;729603;729606;729607;729608;729611;729612;729617;729618;729619;729625;729626;729633;729646;729647;729654;729655;729656;729661;729662;729663;729664;729669;729670;729671;729672;729677;729678;729679;729680;729686;729687;729688;729700;729702;729707;729708;729709;729714;729715;729716;729721;729722;729723;729724;729725;729726;729731;729732;729733;729734;729735;729736;729741;729742;729743;729744;729745;729746;729757;729762;729763;729765;729766;729767;729768;729773;729774;729775;729776;729777;729778;729784;729785;729786;729787;729788;729789;729790,729513;729528;729543;729558;729573;729587;729601;729615;729622;729629;729636;729643;729651;729659;729667;729675;729683;729691;729698;729705;729712;729719;729729;729739;729749;729760;729771;729782,0.15615455792868427
11132,gdsc:1060:0.25uM,729517,10360,101,1060,0.25,49793.0,58583.736363636366,450.7142857142857,scan:10360:NC-1+B,729515;729518;729519;729520;729523;729524;729525;729533;729534;729535;729538;729539;729540;729545;729548;729549;729550;729553;729554;729555;729560;729575;729578;729579;729580;729584;729589;729592;729593;729594;729597;729598;729603;729606;729607;729608;729611;729612;729617;729618;729619;729625;729626;729633;729646;729647;729654;729655;729656;729661;729662;729663;729664;729669;729670;729671;729672;729677;729678;729679;729680;729686;729687;729688;729700;729702;729707;729708;729709;729714;729715;729716;729721;729722;729723;729724;729725;729726;729731;729732;729733;729734;729735;729736;729741;729742;729743;729744;729745;729746;729757;729762;729763;729765;729766;729767;729768;729773;729774;729775;729776;729777;729778;729784;729785;729786;729787;729788;729789;729790,729513;729528;729543;729558;729573;729587;729601;729615;729622;729629;729636;729643;729651;729659;729667;729675;729683;729691;729698;729705;729712;729719;729729;729739;729749;729760;729771;729782,0.15121760488992253
11135,gdsc:1032:2uM,730473,10362,124,1032,2.0,36506.0,39943.9,347.0357142857143,scan:10362:NC-1+B,730466;730469;730470;730471;730474;730475;730476;730484;730485;730486;730489;730490;730491;730496;730499;730500;730501;730504;730505;730506;730511;730526;730529;730530;730531;730535;730540;730543;730544;730545;730548;730549;730554;730557;730558;730559;730562;730563;730568;730569;730570;730576;730577;730584;730597;730598;730605;730606;730607;730612;730613;730614;730615;730620;730621;730622;730623;730628;730629;730630;730631;730637;730638;730639;730651;730653;730658;730659;730660;730665;730666;730667;730672;730673;730674;730675;730676;730677;730682;730683;730684;730685;730686;730687;730692;730693;730694;730695;730696;730697;730708;730713;730714;730716;730717;730718;730719;730724;730725;730726;730727;730728;730729;730735;730736;730737;730738;730739;730740;730741,730464;730479;730494;730509;730524;730538;730552;730566;730573;730580;730587;730594;730602;730610;730618;730626;730634;730642;730649;730656;730663;730670;730680;730690;730700;730711;730722;730733,0.08682253158213649
11135,gdsc:1036:10uM,730472,10362,123,1036,10.0,40043.0,39943.9,347.0357142857143,scan:10362:NC-1+B,730466;730469;730470;730471;730474;730475;730476;730484;730485;730486;730489;730490;730491;730496;730499;730500;730501;730504;730505;730506;730511;730526;730529;730530;730531;730535;730540;730543;730544;730545;730548;730549;730554;730557;730558;730559;730562;730563;730568;730569;730570;730576;730577;730584;730597;730598;730605;730606;730607;730612;730613;730614;730615;730620;730621;730622;730623;730628;730629;730630;730631;730637;730638;730639;730651;730653;730658;730659;730660;730665;730666;730667;730672;730673;730674;730675;730676;730677;730682;730683;730684;730685;730686;730687;730692;730693;730694;730695;730696;730697;730708;730713;730714;730716;730717;730718;730719;730724;730725;730726;730727;730728;730729;730735;730736;730737;730738;730739;730740;730741,730464;730479;730494;730509;730524;730538;730552;730566;730573;730580;730587;730594;730602;730610;730618;730626;730634;730642;730649;730656;730663;730670;730680;730690;730700;730711;730722;730733,-0.002502723429939735
11135,gdsc:1060:0.25uM,730468,10362,101,1060,0.25,28191.0,39943.9,347.0357142857143,scan:10362:NC-1+B,730466;730469;730470;730471;730474;730475;730476;730484;730485;730486;730489;730490;730491;730496;730499;730500;730501;730504;730505;730506;730511;730526;730529;730530;730531;730535;730540;730543;730544;730545;730548;730549;730554;730557;730558;730559;730562;730563;730568;730569;730570;730576;730577;730584;730597;730598;730605;730606;730607;730612;730613;730614;730615;730620;730621;730622;730623;730628;730629;730630;730631;730637;730638;730639;730651;730653;730658;730659;730660;730665;730666;730667;730672;730673;730674;730675;730676;730677;730682;730683;730684;730685;730686;730687;730692;730693;730694;730695;730696;730697;730708;730713;730714;730716;730717;730718;730719;730724;730725;730726;730727;730728;730729;730735;730736;730737;730738;730739;730740;730741,730464;730479;730494;730509;730524;730538;730552;730566;730573;730580;730587;730594;730602;730610;730618;730626;730634;730642;730649;730656;730663;730670;730680;730690;730700;730711;730722;730733,0.29681390716184053
11141,gdsc:1032:2uM,731424,10364,124,1032,2.0,12804.0,27934.70909090909,278.85714285714283,scan:10364:NC-1+B,731417;731420;731421;731422;731425;731426;731427;731435;731436;731437;731440;731441;731442;731447;731450;731451;731452;731455;731456;731457;731462;731477;731480;731481;731482;731486;731491;731494;731495;731496;731499;731500;731505;731508;731509;731510;731513;731514;731519;731520;731521;731527;731528;731535;731548;731549;731556;731557;731558;731563;731564;731565;731566;731571;731572;731573;731574;731579;731580;731581;731582;731588;731589;731590;731602;731604;731609;731610;731611;731616;731617;731618;731623;731624;731625;731626;731627;731628;731633;731634;731635;731636;731637;731638;731643;731644;731645;731646;731647;731648;731659;731664;731665;731667;731668;731669;731670;731675;731676;731677;731678;731679;731680;731686;731687;731688;731689;731690;731691;731692,731415;731430;731445;731460;731475;731489;731503;731517;731524;731531;731538;731545;731553;731561;731569;731577;731585;731593;731600;731607;731614;731621;731631;731641;731651;731662;731673;731684,0.5471069601952683
11141,gdsc:1036:10uM,731423,10364,123,1036,10.0,25037.0,27934.70909090909,278.85714285714283,scan:10364:NC-1+B,731417;731420;731421;731422;731425;731426;731427;731435;731436;731437;731440;731441;731442;731447;731450;731451;731452;731455;731456;731457;731462;731477;731480;731481;731482;731486;731491;731494;731495;731496;731499;731500;731505;731508;731509;731510;731513;731514;731519;731520;731521;731527;731528;731535;731548;731549;731556;731557;731558;731563;731564;731565;731566;731571;731572;731573;731574;731579;731580;731581;731582;731588;731589;731590;731602;731604;731609;731610;731611;731616;731617;731618;731623;731624;731625;731626;731627;731628;731633;731634;731635;731636;731637;731638;731643;731644;731645;731646;731647;731648;731659;731664;731665;731667;731668;731669;731670;731675;731676;731677;731678;731679;731680;731686;731687;731688;731689;731690;731691;731692,731415;731430;731445;731460;731475;731489;731503;731517;731524;731531;731538;731545;731553;731561;731569;731577;731585;731593;731600;731607;731614;731621;731631;731641;731651;731662;731673;731684,0.10477742997583561
11141,gdsc:1060:0.25uM,731419,10364,101,1060,0.25,28370.0,27934.70909090909,278.85714285714283,scan:10364:NC-1+B,731417;731420;731421;731422;731425;731426;731427;731435;731436;731437;731440;731441;731442;731447;731450;731451;731452;731455;731456;731457;731462;731477;731480;731481;731482;731486;731491;731494;731495;731496;731499;731500;731505;731508;731509;731510;731513;731514;731519;731520;731521;731527;731528;731535;731548;731549;731556;731557;731558;731563;731564;731565;731566;731571;731572;731573;731574;731579;731580;731581;731582;731588;731589;731590;731602;731604;731609;731610;731611;731616;731617;731618;731623;731624;731625;731626;731627;731628;731633;731634;731635;731636;731637;731638;731643;731644;731645;731646;731647;731648;731659;731664;731665;731667;731668;731669;731670;731675;731676;731677;731678;731679;731680;731686;731687;731688;731689;731690;731691;731692,731415;731430;731445;731460;731475;731489;731503;731517;731524;731531;731538;731545;731553;731561;731569;731577;731585;731593;731600;731607;731614;731621;731631;731641;731651;731662;731673;731684,-0.01573955884304512
11281,gdsc:1032:2uM,732375,10628,124,1032,2.0,43580.0,79218.81818181818,611.1785714285714,scan:10628:NC-1+B,732368;732371;732372;732373;732376;732377;732378;732386;732387;732388;732391;732392;732393;732398;732401;732402;732403;732406;732407;732408;732413;732428;732431;732432;732433;732437;732442;732445;732446;732447;732450;732451;732456;732459;732460;732461;732464;732465;732470;732471;732472;732478;732479;732486;732499;732500;732507;732508;732509;732514;732515;732516;732517;732522;732523;732524;732525;732530;732531;732532;732533;732539;732540;732541;732553;732555;732560;732561;732562;732567;732568;732569;732574;732575;732576;732577;732578;732579;732584;732585;732586;732587;732588;732589;732594;732595;732596;732597;732598;732599;732610;732615;732616;732618;732619;732620;732621;732626;732627;732628;732629;732630;732631;732637;732638;732639;732640;732641;732642;732643,732366;732381;732396;732411;732426;732440;732454;732468;732475;732482;732489;732496;732504;732512;732520;732528;732536;732544;732551;732558;732565;732572;732582;732592;732602;732613;732624;732635,0.453376012286569
11281,gdsc:1036:10uM,732374,10628,123,1036,10.0,69775.0,79218.81818181818,611.1785714285714,scan:10628:NC-1+B,732368;732371;732372;732373;732376;732377;732378;732386;732387;732388;732391;732392;732393;732398;732401;732402;732403;732406;732407;732408;732413;732428;732431;732432;732433;732437;732442;732445;732446;732447;732450;732451;732456;732459;732460;732461;732464;732465;732470;732471;732472;732478;732479;732486;732499;732500;732507;732508;732509;732514;732515;732516;732517;732522;732523;732524;732525;732530;732531;732532;732533;732539;732540;732541;732553;732555;732560;732561;732562;732567;732568;732569;732574;732575;732576;732577;732578;732579;732584;732585;732586;732587;732588;732589;732594;732595;732596;732597;732598;732599;732610;732615;732616;732618;732619;732620;732621;732626;732627;732628;732629;732630;732631;732637;732638;732639;732640;732641;732642;732643,732366;732381;732396;732411;732426;732440;732454;732468;732475;732482;732489;732496;732504;732512;732520;732528;732536;732544;732551;732558;732565;732572;732582;732592;732602;732613;732624;732635,0.12013868154069318
11281,gdsc:1060:0.25uM,732370,10628,101,1060,0.25,18251.0,79218.81818181818,611.1785714285714,scan:10628:NC-1+B,732368;732371;732372;732373;732376;732377;732378;732386;732387;732388;732391;732392;732393;732398;732401;732402;732403;732406;732407;732408;732413;732428;732431;732432;732433;732437;732442;732445;732446;732447;732450;732451;732456;732459;732460;732461;732464;732465;732470;732471;732472;732478;732479;732486;732499;732500;732507;732508;732509;732514;732515;732516;732517;732522;732523;732524;732525;732530;732531;732532;732533;732539;732540;732541;732553;732555;732560;732561;732562;732567;732568;732569;732574;732575;732576;732577;732578;732579;732584;732585;732586;732587;732588;732589;732594;732595;732596;732597;732598;732599;732610;732615;732616;732618;732619;732620;732621;732626;732627;732628;732629;732630;732631;732637;732638;732639;732640;732641;732642;732643,732366;732381;732396;732411;732426;732440;732454;732468;732475;732482;732489;732496;732504;732512;732520;732528;732536;732544;732551;732558;732565;732572;732582;732592;732602;732613;732624;732635,0.7755966021114319
11286,gdsc:1032:2uM,733805,10631,124,1032,2.0,16244.0,34831.82727272727,298.32142857142856,scan:10631:NC-1+B,733798;733801;733802;733803;733806;733807;733808;733816;733817;733818;733821;733822;733823;733828;733831;733832;733833;733836;733837;733838;733843;733858;733861;733862;733863;733867;733872;733875;733876;733877;733880;733881;733886;733889;733890;733891;733894;733895;733900;733901;733902;733908;733909;733916;733929;733930;733937;733938;733939;733944;733945;733946;733947;733952;733953;733954;733955;733960;733961;733962;733963;733969;733970;733971;733983;733985;733990;733991;733992;733997;733998;733999;734004;734005;734006;734007;734008;734009;734014;734015;734016;734017;734018;734019;734024;734025;734026;734027;734028;734029;734040;734045;734046;734048;734049;734050;734051;734056;734057;734058;734059;734060;734061;734067;734068;734069;734070;734071;734072;734073,733796;733811;733826;733841;733856;733870;733884;733898;733905;733912;733919;733926;733934;733942;733950;733958;733966;733974;733981;733988;733995;734002;734012;734022;734032;734043;734054;734065,0.5382548576623278
11286,gdsc:1036:10uM,733804,10631,123,1036,10.0,31153.0,34831.82727272727,298.32142857142856,scan:10631:NC-1+B,733798;733801;733802;733803;733806;733807;733808;733816;733817;733818;733821;733822;733823;733828;733831;733832;733833;733836;733837;733838;733843;733858;733861;733862;733863;733867;733872;733875;733876;733877;733880;733881;733886;733889;733890;733891;733894;733895;733900;733901;733902;733908;733909;733916;733929;733930;733937;733938;733939;733944;733945;733946;733947;733952;733953;733954;733955;733960;733961;733962;733963;733969;733970;733971;733983;733985;733990;733991;733992;733997;733998;733999;734004;734005;734006;734007;734008;734009;734014;734015;734016;734017;734018;734019;734024;734025;734026;734027;734028;734029;734040;734045;734046;734048;734049;734050;734051;734056;734057;734058;734059;734060;734061;734067;734068;734069;734070;734071;734072;734073,733796;733811;733826;733841;733856;733870;733884;733898;733905;733912;733919;733926;733934;733942;733950;733958;733966;733974;733981;733988;733995;734002;734012;734022;734032;734043;734054;734065,0.10652921511442326
11286,gdsc:1060:0.25uM,733800,10631,101,1060,0.25,23699.0,34831.82727272727,298.32142857142856,scan:10631:NC-1+B,733798;733801;733802;733803;733806;733807;733808;733816;733817;733818;733821;733822;733823;733828;733831;733832;733833;733836;733837;733838;733843;733858;733861;733862;733863;733867;733872;733875;733876;733877;733880;733881;733886;733889;733890;733891;733894;733895;733900;733901;733902;733908;733909;733916;733929;733930;733937;733938;733939;733944;733945;733946;733947;733952;733953;733954;733955;733960;733961;733962;733963;733969;733970;733971;733983;733985;733990;733991;733992;733997;733998;733999;734004;734005;734006;734007;734008;734009;734014;734015;734016;734017;734018;734019;734024;734025;734026;734027;734028;734029;734040;734045;734046;734048;734049;734050;734051;734056;734057;734058;734059;734060;734061;734067;734068;734069;734070;734071;734072;734073,733796;733811;733826;733841;733856;733870;733884;733898;733905;733912;733919;733926;733934;733942;733950;733958;733966;733974;733981;733988;733995;734002;734012;734022;734032;734043;734054;734065,0.3223775576962249
11289,gdsc:1032:2uM,734756,10633,124,1032,2.0,45205.0,58287.354545454546,320.17857142857144,scan:10633:NC-1+B,734749;734752;734753;734754;734757;734758;734759;734767;734768;734769;734772;734773;734774;734779;734782;734783;734784;734787;734788;734789;734794;734809;734812;734813;734814;734818;734823;734826;734827;734828;734831;734832;734837;734840;734841;734842;734845;734846;734851;734852;734853;734859;734860;734867;734880;734881;734888;734889;734890;734895;734896;734897;734898;734903;734904;734905;734906;734911;734912;734913;734914;734920;734921;734922;734934;734936;734941;734942;734943;734948;734949;734950;734955;734956;734957;734958;734959;734960;734965;734966;734967;734968;734969;734970;734975;734976;734977;734978;734979;734980;734991;734996;734997;734999;735000;735001;735002;735007;735008;735009;735010;735011;735012;735018;735019;735020;735021;735022;735023;735024,734747;734762;734777;734792;734807;734821;734835;734849;734856;734863;734870;734877;734885;734893;734901;734909;734917;734925;734932;734939;734946;734953;734963;734973;734983;734994;735005;735016,0.22568555955385006
11289,gdsc:1036:10uM,734755,10633,123,1036,10.0,53713.0,58287.354545454546,320.17857142857144,scan:10633:NC-1+B,734749;734752;734753;734754;734757;734758;734759;734767;734768;734769;734772;734773;734774;734779;734782;734783;734784;734787;734788;734789;734794;734809;734812;734813;734814;734818;734823;734826;734827;734828;734831;734832;734837;734840;734841;734842;734845;734846;734851;734852;734853;734859;734860;734867;734880;734881;734888;734889;734890;734895;734896;734897;734898;734903;734904;734905;734906;734911;734912;734913;734914;734920;734921;734922;734934;734936;734941;734942;734943;734948;734949;734950;734955;734956;734957;734958;734959;734960;734965;734966;734967;734968;734969;734970;734975;734976;734977;734978;734979;734980;734991;734996;734997;734999;735000;735001;735002;735007;735008;735009;735010;735011;735012;735018;735019;735020;735021;735022;735023;735024,734747;734762;734777;734792;734807;734821;734835;734849;734856;734863;734870;734877;734885;734893;734901;734909;734917;734925;734932;734939;734946;734953;734963;734973;734983;734994;735005;735016,0.07891284107930718
11289,gdsc:1060:0.25uM,734751,10633,101,1060,0.25,53713.0,58287.354545454546,320.17857142857144,scan:10633:NC-1+B,734749;734752;734753;734754;734757;734758;734759;734767;734768;734769;734772;734773;734774;734779;734782;734783;734784;734787;734788;734789;734794;734809;734812;734813;734814;734818;734823;734826;734827;734828;734831;734832;734837;734840;734841;734842;734845;734846;734851;734852;734853;734859;734860;734867;734880;734881;734888;734889;734890;734895;734896;734897;734898;734903;734904;734905;734906;734911;734912;734913;734914;734920;734921;734922;734934;734936;734941;734942;734943;734948;734949;734950;734955;734956;734957;734958;734959;734960;734965;734966;734967;734968;734969;734970;734975;734976;734977;734978;734979;734980;734991;734996;734997;734999;735000;735001;735002;735007;735008;735009;735010;735011;735012;735018;735019;735020;735021;735022;735023;735024,734747;734762;734777;734792;734807;734821;734835;734849;734856;734863;734870;734877;734885;734893;734901;734909;734917;734925;734932;734939;734946;734953;734963;734973;734983;734994;735005;735016,0.07891284107930718
11292,gdsc:1032:2uM,735707,10635,124,1032,2.0,31345.0,38667.80909090909,298.4642857142857,scan:10635:NC-1+B,735700;735703;735704;735705;735708;735709;735710;735718;735719;735720;735723;735724;735725;735730;735733;735734;735735;735738;735739;735740;735745;735760;735763;735764;735765;735769;735774;735777;735778;735779;735782;735783;735788;735791;735792;735793;735796;735797;735802;735803;735804;735810;735811;735818;735831;735832;735839;735840;735841;735846;735847;735848;735849;735854;735855;735856;735857;735862;735863;735864;735865;735871;735872;735873;735885;735887;735892;735893;735894;735899;735900;735901;735906;735907;735908;735909;735910;735911;735916;735917;735918;735919;735920;735921;735926;735927;735928;735929;735930;735931;735942;735947;735948;735950;735951;735952;735953;735958;735959;735960;735961;735962;735963;735969;735970;735971;735972;735973;735974;735975,735698;735713;735728;735743;735758;735772;735786;735800;735807;735814;735821;735828;735836;735844;735852;735860;735868;735876;735883;735890;735897;735904;735914;735924;735934;735945;735956;735967,0.19085051173241985
11292,gdsc:1036:10uM,735706,10635,123,1036,10.0,38896.0,38667.80909090909,298.4642857142857,scan:10635:NC-1+B,735700;735703;735704;735705;735708;735709;735710;735718;735719;735720;735723;735724;735725;735730;735733;735734;735735;735738;735739;735740;735745;735760;735763;735764;735765;735769;735774;735777;735778;735779;735782;735783;735788;735791;735792;735793;735796;735797;735802;735803;735804;735810;735811;735818;735831;735832;735839;735840;735841;735846;735847;735848;735849;735854;735855;735856;735857;735862;735863;735864;735865;735871;735872;735873;735885;735887;735892;735893;735894;735899;735900;735901;735906;735907;735908;735909;735910;735911;735916;735917;735918;735919;735920;735921;735926;735927;735928;735929;735930;735931;735942;735947;735948;735950;735951;735952;735953;735958;735959;735960;735961;735962;735963;735969;735970;735971;735972;735973;735974;735975,735698;735713;735728;735743;735758;735772;735786;735800;735807;735814;735821;735828;735836;735844;735852;735860;735868;735876;735883;735890;735897;735904;735914;735924;735934;735945;735956;735967,-0.005947219329635711
11292,gdsc:1060:0.25uM,735702,10635,101,1060,0.25,35072.0,38667.80909090909,298.4642857142857,scan:10635:NC-1+B,735700;735703;735704;735705;735708;735709;735710;735718;735719;735720;735723;735724;735725;735730;735733;735734;735735;735738;735739;735740;735745;735760;735763;735764;735765;735769;735774;735777;735778;735779;735782;735783;735788;735791;735792;735793;735796;735797;735802;735803;735804;735810;735811;735818;735831;735832;735839;735840;735841;735846;735847;735848;735849;735854;735855;735856;735857;735862;735863;735864;735865;735871;735872;735873;735885;735887;735892;735893;735894;735899;735900;735901;735906;735907;735908;735909;735910;735911;735916;735917;735918;735919;735920;735921;735926;735927;735928;735929;735930;735931;735942;735947;735948;735950;735951;735952;735953;735958;735959;735960;735961;735962;735963;735969;735970;735971;735972;735973;735974;735975,735698;735713;735728;735743;735758;735772;735786;735800;735807;735814;735821;735828;735836;735844;735852;735860;735868;735876;735883;735890;735897;735904;735914;735924;735934;735945;735956;735967,0.09371567612544307
11295,gdsc:1032:2uM,736658,10637,124,1032,2.0,36984.0,35427.181818181816,376.17857142857144,scan:10637:NC-1+B,736651;736654;736655;736656;736659;736660;736661;736669;736670;736671;736674;736675;736676;736681;736684;736685;736686;736689;736690;736691;736696;736711;736714;736715;736716;736720;736725;736728;736729;736730;736733;736734;736739;736742;736743;736744;736747;736748;736753;736754;736755;736761;736762;736769;736782;736783;736790;736791;736792;736797;736798;736799;736800;736805;736806;736807;736808;736813;736814;736815;736816;736822;736823;736824;736836;736838;736843;736844;736845;736850;736851;736852;736857;736858;736859;736860;736861;736862;736867;736868;736869;736870;736871;736872;736877;736878;736879;736880;736881;736882;736893;736898;736899;736901;736902;736903;736904;736909;736910;736911;736912;736913;736914;736920;736921;736922;736923;736924;736925;736926,736649;736664;736679;736694;736709;736723;736737;736751;736758;736765;736772;736779;736787;736795;736803;736811;736819;736827;736834;736841;736848;736855;736865;736875;736885;736896;736907;736918,-0.044415795201593555
11295,gdsc:1036:10uM,736657,10637,123,1036,10.0,28573.0,35427.181818181816,376.17857142857144,scan:10637:NC-1+B,736651;736654;736655;736656;736659;736660;736661;736669;736670;736671;736674;736675;736676;736681;736684;736685;736686;736689;736690;736691;736696;736711;736714;736715;736716;736720;736725;736728;736729;736730;736733;736734;736739;736742;736743;736744;736747;736748;736753;736754;736755;736761;736762;736769;736782;736783;736790;736791;736792;736797;736798;736799;736800;736805;736806;736807;736808;736813;736814;736815;736816;736822;736823;736824;736836;736838;736843;736844;736845;736850;736851;736852;736857;736858;736859;736860;736861;736862;736867;736868;736869;736870;736871;736872;736877;736878;736879;736880;736881;736882;736893;736898;736899;736901;736902;736903;736904;736909;736910;736911;736912;736913;736914;736920;736921;736922;736923;736924;736925;736926,736649;736664;736679;736694;736709;736723;736737;736751;736758;736765;736772;736779;736787;736795;736803;736811;736819;736827;736834;736841;736848;736855;736865;736875;736885;736896;736907;736918,0.1955488055485749
11295,gdsc:1060:0.25uM,736653,10637,101,1060,0.25,35168.0,35427.181818181816,376.17857142857144,scan:10637:NC-1+B,736651;736654;736655;736656;736659;736660;736661;736669;736670;736671;736674;736675;736676;736681;736684;736685;736686;736689;736690;736691;736696;736711;736714;736715;736716;736720;736725;736728;736729;736730;736733;736734;736739;736742;736743;736744;736747;736748;736753;736754;736755;736761;736762;736769;736782;736783;736790;736791;736792;736797;736798;736799;736800;736805;736806;736807;736808;736813;736814;736815;736816;736822;736823;736824;736836;736838;736843;736844;736845;736850;736851;736852;736857;736858;736859;736860;736861;736862;736867;736868;736869;736870;736871;736872;736877;736878;736879;736880;736881;736882;736893;736898;736899;736901;736902;736903;736904;736909;736910;736911;736912;736913;736914;736920;736921;736922;736923;736924;736925;736926,736649;736664;736679;736694;736709;736723;736737;736751;736758;736765;736772;736779;736787;736795;736803;736811;736819;736827;736834;736841;736848;736855;736865;736875;736885;736896;736907;736918,0.007394419393853546
11298,gdsc:1032:2uM,737609,10639,124,1032,2.0,17487.0,20150.245454545453,235.82142857142858,scan:10639:NC-1+B,737602;737605;737606;737607;737610;737611;737612;737620;737621;737622;737625;737626;737627;737632;737635;737636;737637;737640;737641;737642;737647;737662;737665;737666;737667;737671;737676;737679;737680;737681;737684;737685;737690;737693;737694;737695;737698;737699;737704;737705;737706;737712;737713;737720;737733;737734;737741;737742;737743;737748;737749;737750;737751;737756;737757;737758;737759;737764;737765;737766;737767;737773;737774;737775;737787;737789;737794;737795;737796;737801;737802;737803;737808;737809;737810;737811;737812;737813;737818;737819;737820;737821;737822;737823;737828;737829;737830;737831;737832;737833;737844;737849;737850;737852;737853;737854;737855;737860;737861;737862;737863;737864;737865;737871;737872;737873;737874;737875;737876;737877,737600;737615;737630;737645;737660;737674;737688;737702;737709;737716;737723;737730;737738;737746;737754;737762;737770;737778;737785;737792;737799;737806;737816;737826;737836;737847;737858;737869,0.13373449571385188
11298,gdsc:1036:10uM,737608,10639,123,1036,10.0,17391.0,20150.245454545453,235.82142857142858,scan:10639:NC-1+B,737602;737605;737606;737607;737610;737611;737612;737620;737621;737622;737625;737626;737627;737632;737635;737636;737637;737640;737641;737642;737647;737662;737665;737666;737667;737671;737676;737679;737680;737681;737684;737685;737690;737693;737694;737695;737698;737699;737704;737705;737706;737712;737713;737720;737733;737734;737741;737742;737743;737748;737749;737750;737751;737756;737757;737758;737759;737764;737765;737766;737767;737773;737774;737775;737787;737789;737794;737795;737796;737801;737802;737803;737808;737809;737810;737811;737812;737813;737818;737819;737820;737821;737822;737823;737828;737829;737830;737831;737832;737833;737844;737849;737850;737852;737853;737854;737855;737860;737861;737862;737863;737864;737865;737871;737872;737873;737874;737875;737876;737877,737600;737615;737630;737645;737660;737674;737688;737702;737709;737716;737723;737730;737738;737746;737754;737762;737770;737778;737785;737792;737799;737806;737816;737826;737836;737847;737858;737869,0.1385551222042184
11298,gdsc:1060:0.25uM,737604,10639,101,1060,0.25,19111.0,20150.245454545453,235.82142857142858,scan:10639:NC-1+B,737602;737605;737606;737607;737610;737611;737612;737620;737621;737622;737625;737626;737627;737632;737635;737636;737637;737640;737641;737642;737647;737662;737665;737666;737667;737671;737676;737679;737680;737681;737684;737685;737690;737693;737694;737695;737698;737699;737704;737705;737706;737712;737713;737720;737733;737734;737741;737742;737743;737748;737749;737750;737751;737756;737757;737758;737759;737764;737765;737766;737767;737773;737774;737775;737787;737789;737794;737795;737796;737801;737802;737803;737808;737809;737810;737811;737812;737813;737818;737819;737820;737821;737822;737823;737828;737829;737830;737831;737832;737833;737844;737849;737850;737852;737853;737854;737855;737860;737861;737862;737863;737864;737865;737871;737872;737873;737874;737875;737876;737877,737600;737615;737630;737645;737660;737674;737688;737702;737709;737716;737723;737730;737738;737746;737754;737762;737770;737778;737785;737792;737799;737806;737816;737826;737836;737847;737858;737869,0.05218556425181986
11301,gdsc:1032:2uM,738560,10641,124,1032,2.0,25706.0,29775.145454545454,247.53571428571428,scan:10641:NC-1+B,738553;738556;738557;738558;738561;738562;738563;738571;738572;738573;738576;738577;738578;738583;738586;738587;738588;738591;738592;738593;738598;738613;738616;738617;738618;738622;738627;738630;738631;738632;738635;738636;738641;738644;738645;738646;738649;738650;738655;738656;738657;738663;738664;738671;738684;738685;738692;738693;738694;738699;738700;738701;738702;738707;738708;738709;738710;738715;738716;738717;738718;738724;738725;738726;738738;738740;738745;738746;738747;738752;738753;738754;738759;738760;738761;738762;738763;738764;738769;738770;738771;738772;738773;738774;738779;738780;738781;738782;738783;738784;738795;738800;738801;738803;738804;738805;738806;738811;738812;738813;738814;738815;738816;738822;738823;738824;738825;738826;738827;738828,738551;738566;738581;738596;738611;738625;738639;738653;738660;738667;738674;738681;738689;738697;738705;738713;738721;738729;738736;738743;738750;738757;738767;738777;738787;738798;738809;738820,0.13780815617450182
11301,gdsc:1036:10uM,738559,10641,123,1036,10.0,31727.0,29775.145454545454,247.53571428571428,scan:10641:NC-1+B,738553;738556;738557;738558;738561;738562;738563;738571;738572;738573;738576;738577;738578;738583;738586;738587;738588;738591;738592;738593;738598;738613;738616;738617;738618;738622;738627;738630;738631;738632;738635;738636;738641;738644;738645;738646;738649;738650;738655;738656;738657;738663;738664;738671;738684;738685;738692;738693;738694;738699;738700;738701;738702;738707;738708;738709;738710;738715;738716;738717;738718;738724;738725;738726;738738;738740;738745;738746;738747;738752;738753;738754;738759;738760;738761;738762;738763;738764;738769;738770;738771;738772;738773;738774;738779;738780;738781;738782;738783;738784;738795;738800;738801;738803;738804;738805;738806;738811;738812;738813;738814;738815;738816;738822;738823;738824;738825;738826;738827;738828,738551;738566;738581;738596;738611;738625;738639;738653;738660;738667;738674;738681;738689;738697;738705;738713;738721;738729;738736;738743;738750;738757;738767;738777;738787;738798;738809;738820,-0.0661026938050211
11301,gdsc:1060:0.25uM,738555,10641,101,1060,0.25,33543.0,29775.145454545454,247.53571428571428,scan:10641:NC-1+B,738553;738556;738557;738558;738561;738562;738563;738571;738572;738573;738576;738577;738578;738583;738586;738587;738588;738591;738592;738593;738598;738613;738616;738617;738618;738622;738627;738630;738631;738632;738635;738636;738641;738644;738645;738646;738649;738650;738655;738656;738657;738663;738664;738671;738684;738685;738692;738693;738694;738699;738700;738701;738702;738707;738708;738709;738710;738715;738716;738717;738718;738724;738725;738726;738738;738740;738745;738746;738747;738752;738753;738754;738759;738760;738761;738762;738763;738764;738769;738770;738771;738772;738773;738774;738779;738780;738781;738782;738783;738784;738795;738800;738801;738803;738804;738805;738806;738811;738812;738813;738814;738815;738816;738822;738823;738824;738825;738826;738827;738828,738551;738566;738581;738596;738611;738625;738639;738653;738660;738667;738674;738681;738689;738697;738705;738713;738721;738729;738736;738743;738750;738757;738767;738777;738787;738798;738809;738820,-0.1276044549016515
11304,gdsc:1032:2uM,739511,10643,124,1032,2.0,17773.0,26486.081818181818,282.4642857142857,scan:10643:NC-1+B,739504;739507;739508;739509;739512;739513;739514;739522;739523;739524;739527;739528;739529;739534;739537;739538;739539;739542;739543;739544;739549;739564;739567;739568;739569;739573;739578;739581;739582;739583;739586;739587;739592;739595;739596;739597;739600;739601;739606;739607;739608;739614;739615;739622;739635;739636;739643;739644;739645;739650;739651;739652;739653;739658;739659;739660;739661;739666;739667;739668;739669;739675;739676;739677;739689;739691;739696;739697;739698;739703;739704;739705;739710;739711;739712;739713;739714;739715;739720;739721;739722;739723;739724;739725;739730;739731;739732;739733;739734;739735;739746;739751;739752;739754;739755;739756;739757;739762;739763;739764;739765;739766;739767;739773;739774;739775;739776;739777;739778;739779,739502;739517;739532;739547;739562;739576;739590;739604;739611;739618;739625;739632;739640;739648;739656;739664;739672;739680;739687;739694;739701;739708;739718;739728;739738;739749;739760;739771,0.3325144632181375
11304,gdsc:1036:10uM,739510,10643,123,1036,10.0,25132.0,26486.081818181818,282.4642857142857,scan:10643:NC-1+B,739504;739507;739508;739509;739512;739513;739514;739522;739523;739524;739527;739528;739529;739534;739537;739538;739539;739542;739543;739544;739549;739564;739567;739568;739569;739573;739578;739581;739582;739583;739586;739587;739592;739595;739596;739597;739600;739601;739606;739607;739608;739614;739615;739622;739635;739636;739643;739644;739645;739650;739651;739652;739653;739658;739659;739660;739661;739666;739667;739668;739669;739675;739676;739677;739689;739691;739696;739697;739698;739703;739704;739705;739710;739711;739712;739713;739714;739715;739720;739721;739722;739723;739724;739725;739730;739731;739732;739733;739734;739735;739746;739751;739752;739754;739755;739756;739757;739762;739763;739764;739765;739766;739767;739773;739774;739775;739776;739777;739778;739779,739502;739517;739532;739547;739562;739576;739590;739604;739611;739618;739625;739632;739640;739648;739656;739664;739672;739680;739687;739694;739701;739708;739718;739728;739738;739749;739760;739771,0.05167537713081205
11304,gdsc:1060:0.25uM,739506,10643,101,1060,0.25,30102.0,26486.081818181818,282.4642857142857,scan:10643:NC-1+B,739504;739507;739508;739509;739512;739513;739514;739522;739523;739524;739527;739528;739529;739534;739537;739538;739539;739542;739543;739544;739549;739564;739567;739568;739569;739573;739578;739581;739582;739583;739586;739587;739592;739595;739596;739597;739600;739601;739606;739607;739608;739614;739615;739622;739635;739636;739643;739644;739645;739650;739651;739652;739653;739658;739659;739660;739661;739666;739667;739668;739669;739675;739676;739677;739689;739691;739696;739697;739698;739703;739704;739705;739710;739711;739712;739713;739714;739715;739720;739721;739722;739723;739724;739725;739730;739731;739732;739733;739734;739735;739746;739751;739752;739754;739755;739756;739757;739762;739763;739764;739765;739766;739767;739773;739774;739775;739776;739777;739778;739779,739502;739517;739532;739547;739562;739576;739590;739604;739611;739618;739625;739632;739640;739648;739656;739664;739672;739680;739687;739694;739701;739708;739718;739728;739738;739749;739760;739771,-0.13799309111949465
11312,gdsc:1032:2uM,740462,10646,124,1032,2.0,21405.0,25604.154545454545,261.0357142857143,scan:10646:NC-1+B,740455;740458;740459;740460;740463;740464;740465;740473;740474;740475;740478;740479;740480;740485;740488;740489;740490;740493;740494;740495;740500;740515;740518;740519;740520;740524;740529;740532;740533;740534;740537;740538;740543;740546;740547;740548;740551;740552;740557;740558;740559;740565;740566;740573;740586;740587;740594;740595;740596;740601;740602;740603;740604;740609;740610;740611;740612;740617;740618;740619;740620;740626;740627;740628;740640;740642;740647;740648;740649;740654;740655;740656;740661;740662;740663;740664;740665;740666;740671;740672;740673;740674;740675;740676;740681;740682;740683;740684;740685;740686;740697;740702;740703;740705;740706;740707;740708;740713;740714;740715;740716;740717;740718;740724;740725;740726;740727;740728;740729;740730,740453;740468;740483;740498;740513;740527;740541;740555;740562;740569;740576;740583;740591;740599;740607;740615;740623;740631;740638;740645;740652;740659;740669;740679;740689;740700;740711;740722,0.1656920986492837
11312,gdsc:1036:10uM,740461,10646,123,1036,10.0,10702.0,25604.154545454545,261.0357142857143,scan:10646:NC-1+B,740455;740458;740459;740460;740463;740464;740465;740473;740474;740475;740478;740479;740480;740485;740488;740489;740490;740493;740494;740495;740500;740515;740518;740519;740520;740524;740529;740532;740533;740534;740537;740538;740543;740546;740547;740548;740551;740552;740557;740558;740559;740565;740566;740573;740586;740587;740594;740595;740596;740601;740602;740603;740604;740609;740610;740611;740612;740617;740618;740619;740620;740626;740627;740628;740640;740642;740647;740648;740649;740654;740655;740656;740661;740662;740663;740664;740665;740666;740671;740672;740673;740674;740675;740676;740681;740682;740683;740684;740685;740686;740697;740702;740703;740705;740706;740707;740708;740713;740714;740715;740716;740717;740718;740724;740725;740726;740727;740728;740729;740730,740453;740468;740483;740498;740513;740527;740541;740555;740562;740569;740576;740583;740591;740599;740607;740615;740623;740631;740638;740645;740652;740659;740669;740679;740689;740700;740711;740722,0.5880158099218151
11312,gdsc:1060:0.25uM,740457,10646,101,1060,0.25,16244.0,25604.154545454545,261.0357142857143,scan:10646:NC-1+B,740455;740458;740459;740460;740463;740464;740465;740473;740474;740475;740478;740479;740480;740485;740488;740489;740490;740493;740494;740495;740500;740515;740518;740519;740520;740524;740529;740532;740533;740534;740537;740538;740543;740546;740547;740548;740551;740552;740557;740558;740559;740565;740566;740573;740586;740587;740594;740595;740596;740601;740602;740603;740604;740609;740610;740611;740612;740617;740618;740619;740620;740626;740627;740628;740640;740642;740647;740648;740649;740654;740655;740656;740661;740662;740663;740664;740665;740666;740671;740672;740673;740674;740675;740676;740681;740682;740683;740684;740685;740686;740697;740702;740703;740705;740706;740707;740708;740713;740714;740715;740716;740717;740718;740724;740725;740726;740727;740728;740729;740730,740453;740468;740483;740498;740513;740527;740541;740555;740562;740569;740576;740583;740591;740599;740607;740615;740623;740631;740638;740645;740652;740659;740669;740679;740689;740700;740711;740722,0.3693371209680293
11315,gdsc:1032:2uM,741413,10648,124,1032,2.0,30484.0,33313.96363636364,290.39285714285717,scan:10648:NC-1+B,741406;741409;741410;741411;741414;741415;741416;741424;741425;741426;741429;741430;741431;741436;741439;741440;741441;741444;741445;741446;741451;741466;741469;741470;741471;741475;741480;741483;741484;741485;741488;741489;741494;741497;741498;741499;741502;741503;741508;741509;741510;741516;741517;741524;741537;741538;741545;741546;741547;741552;741553;741554;741555;741560;741561;741562;741563;741568;741569;741570;741571;741577;741578;741579;741591;741593;741598;741599;741600;741605;741606;741607;741612;741613;741614;741615;741616;741617;741622;741623;741624;741625;741626;741627;741632;741633;741634;741635;741636;741637;741648;741653;741654;741656;741657;741658;741659;741664;741665;741666;741667;741668;741669;741675;741676;741677;741678;741679;741680;741681,741404;741419;741434;741449;741464;741478;741492;741506;741513;741520;741527;741534;741542;741550;741558;741566;741574;741582;741589;741596;741603;741610;741620;741630;741640;741651;741662;741673,0.0856952646121576
11315,gdsc:1036:10uM,741412,10648,123,1036,10.0,31249.0,33313.96363636364,290.39285714285717,scan:10648:NC-1+B,741406;741409;741410;741411;741414;741415;741416;741424;741425;741426;741429;741430;741431;741436;741439;741440;741441;741444;741445;741446;741451;741466;741469;741470;741471;741475;741480;741483;741484;741485;741488;741489;741494;741497;741498;741499;741502;741503;741508;741509;741510;741516;741517;741524;741537;741538;741545;741546;741547;741552;741553;741554;741555;741560;741561;741562;741563;741568;741569;741570;741571;741577;741578;741579;741591;741593;741598;741599;741600;741605;741606;741607;741612;741613;741614;741615;741616;741617;741622;741623;741624;741625;741626;741627;741632;741633;741634;741635;741636;741637;741648;741653;741654;741656;741657;741658;741659;741664;741665;741666;741667;741668;741669;741675;741676;741677;741678;741679;741680;741681,741404;741419;741434;741449;741464;741478;741492;741506;741513;741520;741527;741534;741542;741550;741558;741566;741574;741582;741589;741596;741603;741610;741620;741630;741640;741651;741662;741673,0.06252999259737735
11315,gdsc:1060:0.25uM,741408,10648,101,1060,0.25,26757.0,33313.96363636364,290.39285714285717,scan:10648:NC-1+B,741406;741409;741410;741411;741414;741415;741416;741424;741425;741426;741429;741430;741431;741436;741439;741440;741441;741444;741445;741446;741451;741466;741469;741470;741471;741475;741480;741483;741484;741485;741488;741489;741494;741497;741498;741499;741502;741503;741508;741509;741510;741516;741517;741524;741537;741538;741545;741546;741547;741552;741553;741554;741555;741560;741561;741562;741563;741568;741569;741570;741571;741577;741578;741579;741591;741593;741598;741599;741600;741605;741606;741607;741612;741613;741614;741615;741616;741617;741622;741623;741624;741625;741626;741627;741632;741633;741634;741635;741636;741637;741648;741653;741654;741656;741657;741658;741659;741664;741665;741666;741667;741668;741669;741675;741676;741677;741678;741679;741680;741681,741404;741419;741434;741449;741464;741478;741492;741506;741513;741520;741527;741534;741542;741550;741558;741566;741574;741582;741589;741596;741603;741610;741620;741630;741640;741651;741662;741673,0.1985540473560612
11318,gdsc:1032:2uM,742364,10650,124,1032,2.0,59927.0,87620.27272727272,431.5,scan:10650:NC-1+B,742357;742360;742361;742362;742365;742366;742367;742375;742376;742377;742380;742381;742382;742387;742390;742391;742392;742395;742396;742397;742402;742417;742420;742421;742422;742426;742431;742434;742435;742436;742439;742440;742445;742448;742449;742450;742453;742454;742459;742460;742461;742467;742468;742475;742488;742489;742496;742497;742498;742503;742504;742505;742506;742511;742512;742513;742514;742519;742520;742521;742522;742528;742529;742530;742542;742544;742549;742550;742551;742556;742557;742558;742563;742564;742565;742566;742567;742568;742573;742574;742575;742576;742577;742578;742583;742584;742585;742586;742587;742588;742599;742604;742605;742607;742608;742609;742610;742615;742616;742617;742618;742619;742620;742626;742627;742628;742629;742630;742631;742632,742355;742370;742385;742400;742415;742429;742443;742457;742464;742471;742478;742485;742493;742501;742509;742517;742525;742533;742540;742547;742554;742561;742571;742581;742591;742602;742613;742624,0.31762429795746216
11318,gdsc:1036:10uM,742363,10650,123,1036,10.0,64803.0,87620.27272727272,431.5,scan:10650:NC-1+B,742357;742360;742361;742362;742365;742366;742367;742375;742376;742377;742380;742381;742382;742387;742390;742391;742392;742395;742396;742397;742402;742417;742420;742421;742422;742426;742431;742434;742435;742436;742439;742440;742445;742448;742449;742450;742453;742454;742459;742460;742461;742467;742468;742475;742488;742489;742496;742497;742498;742503;742504;742505;742506;742511;742512;742513;742514;742519;742520;742521;742522;742528;742529;742530;742542;742544;742549;742550;742551;742556;742557;742558;742563;742564;742565;742566;742567;742568;742573;742574;742575;742576;742577;742578;742583;742584;742585;742586;742587;742588;742599;742604;742605;742607;742608;742609;742610;742615;742616;742617;742618;742619;742620;742626;742627;742628;742629;742630;742631;742632,742355;742370;742385;742400;742415;742429;742443;742457;742464;742471;742478;742485;742493;742501;742509;742517;742525;742533;742540;742547;742554;742561;742571;742581;742591;742602;742613;742624,0.26169966629356467
11318,gdsc:1060:0.25uM,742359,10650,101,1060,0.25,67863.0,87620.27272727272,431.5,scan:10650:NC-1+B,742357;742360;742361;742362;742365;742366;742367;742375;742376;742377;742380;742381;742382;742387;742390;742391;742392;742395;742396;742397;742402;742417;742420;742421;742422;742426;742431;742434;742435;742436;742439;742440;742445;742448;742449;742450;742453;742454;742459;742460;742461;742467;742468;742475;742488;742489;742496;742497;742498;742503;742504;742505;742506;742511;742512;742513;742514;742519;742520;742521;742522;742528;742529;742530;742542;742544;742549;742550;742551;742556;742557;742558;742563;742564;742565;742566;742567;742568;742573;742574;742575;742576;742577;742578;742583;742584;742585;742586;742587;742588;742599;742604;742605;742607;742608;742609;742610;742615;742616;742617;742618;742619;742620;742626;742627;742628;742629;742630;742631;742632,742355;742370;742385;742400;742415;742429;742443;742457;742464;742471;742478;742485;742493;742501;742509;742517;742525;742533;742540;742547;742554;742561;742571;742581;742591;742602;742613;742624,0.22660340442081517
11320,gdsc:1032:2uM,742836,10651,124,1032,2.0,27044.0,49682.509090909094,320.7142857142857,scan:10651:NC-1+B,742829;742832;742833;742834;742837;742838;742839;742847;742848;742849;742852;742853;742854;742859;742862;742863;742864;742867;742868;742869;742874;742889;742892;742893;742894;742898;742903;742906;742907;742908;742911;742912;742917;742920;742921;742922;742925;742926;742931;742932;742933;742939;742940;742947;742960;742961;742968;742969;742970;742975;742976;742977;742978;742983;742984;742985;742986;742991;742992;742993;742994;743000;743001;743002;743014;743016;743021;743022;743023;743028;743029;743030;743035;743036;743037;743038;743039;743040;743045;743046;743047;743048;743049;743050;743055;743056;743057;743058;743059;743060;743071;743076;743077;743079;743080;743081;743082;743087;743088;743089;743090;743091;743092;743098;743099;743100;743101;743102;743103;743104,742827;742842;742857;742872;742887;742901;742915;742929;742936;742943;742950;742957;742965;742973;742981;742989;742997;743005;743012;743019;743026;743033;743043;743053;743063;743074;743085;743096,0.4586241075765469
11320,gdsc:1036:10uM,742835,10651,123,1036,10.0,45491.0,49682.509090909094,320.7142857142857,scan:10651:NC-1+B,742829;742832;742833;742834;742837;742838;742839;742847;742848;742849;742852;742853;742854;742859;742862;742863;742864;742867;742868;742869;742874;742889;742892;742893;742894;742898;742903;742906;742907;742908;742911;742912;742917;742920;742921;742922;742925;742926;742931;742932;742933;742939;742940;742947;742960;742961;742968;742969;742970;742975;742976;742977;742978;742983;742984;742985;742986;742991;742992;742993;742994;743000;743001;743002;743014;743016;743021;743022;743023;743028;743029;743030;743035;743036;743037;743038;743039;743040;743045;743046;743047;743048;743049;743050;743055;743056;743057;743058;743059;743060;743071;743076;743077;743079;743080;743081;743082;743087;743088;743089;743090;743091;743092;743098;743099;743100;743101;743102;743103;743104,742827;742842;742857;742872;742887;742901;742915;742929;742936;742943;742950;742957;742965;742973;742981;742989;742997;743005;743012;743019;743026;743033;743043;743053;743063;743074;743085;743096,0.08491403336225489
11320,gdsc:1060:0.25uM,742831,10651,101,1060,0.25,54191.0,49682.509090909094,320.7142857142857,scan:10651:NC-1+B,742829;742832;742833;742834;742837;742838;742839;742847;742848;742849;742852;742853;742854;742859;742862;742863;742864;742867;742868;742869;742874;742889;742892;742893;742894;742898;742903;742906;742907;742908;742911;742912;742917;742920;742921;742922;742925;742926;742931;742932;742933;742939;742940;742947;742960;742961;742968;742969;742970;742975;742976;742977;742978;742983;742984;742985;742986;742991;742992;742993;742994;743000;743001;743002;743014;743016;743021;743022;743023;743028;743029;743030;743035;743036;743037;743038;743039;743040;743045;743046;743047;743048;743049;743050;743055;743056;743057;743058;743059;743060;743071;743076;743077;743079;743080;743081;743082;743087;743088;743089;743090;743091;743092;743098;743099;743100;743101;743102;743103;743104,742827;742842;742857;742872;742887;742901;742915;742929;742936;742943;742950;742957;742965;742973;742981;742989;742997;743005;743012;743019;743026;743033;743043;743053;743063;743074;743085;743096,-0.09133563572563674
11326,gdsc:1032:2uM,743308,10655,124,1032,2.0,43006.0,60236.37272727273,348.67857142857144,scan:10655:NC-1+B,743301;743304;743305;743306;743309;743310;743311;743319;743320;743321;743324;743325;743326;743331;743334;743335;743336;743339;743340;743341;743346;743361;743364;743365;743366;743370;743375;743378;743379;743380;743383;743384;743389;743392;743393;743394;743397;743398;743403;743404;743405;743411;743412;743419;743432;743433;743440;743441;743442;743447;743448;743449;743450;743455;743456;743457;743458;743463;743464;743465;743466;743472;743473;743474;743486;743488;743493;743494;743495;743500;743501;743502;743507;743508;743509;743510;743511;743512;743517;743518;743519;743520;743521;743522;743527;743528;743529;743530;743531;743532;743543;743548;743549;743551;743552;743553;743554;743559;743560;743561;743562;743563;743564;743570;743571;743572;743573;743574;743575;743576,743299;743314;743329;743344;743359;743373;743387;743401;743408;743415;743422;743429;743437;743445;743453;743461;743469;743477;743484;743491;743498;743505;743515;743525;743535;743546;743557;743568,0.28771140666118467
11326,gdsc:1036:10uM,743307,10655,123,1036,10.0,65855.0,60236.37272727273,348.67857142857144,scan:10655:NC-1+B,743301;743304;743305;743306;743309;743310;743311;743319;743320;743321;743324;743325;743326;743331;743334;743335;743336;743339;743340;743341;743346;743361;743364;743365;743366;743370;743375;743378;743379;743380;743383;743384;743389;743392;743393;743394;743397;743398;743403;743404;743405;743411;743412;743419;743432;743433;743440;743441;743442;743447;743448;743449;743450;743455;743456;743457;743458;743463;743464;743465;743466;743472;743473;743474;743486;743488;743493;743494;743495;743500;743501;743502;743507;743508;743509;743510;743511;743512;743517;743518;743519;743520;743521;743522;743527;743528;743529;743530;743531;743532;743543;743548;743549;743551;743552;743553;743554;743559;743560;743561;743562;743563;743564;743570;743571;743572;743573;743574;743575;743576,743299;743314;743329;743344;743359;743373;743387;743401;743408;743415;743422;743429;743437;743445;743453;743461;743469;743477;743484;743491;743498;743505;743515;743525;743535;743546;743557;743568,-0.09381939565257036
11326,gdsc:1060:0.25uM,743303,10655,101,1060,0.25,64134.0,60236.37272727273,348.67857142857144,scan:10655:NC-1+B,743301;743304;743305;743306;743309;743310;743311;743319;743320;743321;743324;743325;743326;743331;743334;743335;743336;743339;743340;743341;743346;743361;743364;743365;743366;743370;743375;743378;743379;743380;743383;743384;743389;743392;743393;743394;743397;743398;743403;743404;743405;743411;743412;743419;743432;743433;743440;743441;743442;743447;743448;743449;743450;743455;743456;743457;743458;743463;743464;743465;743466;743472;743473;743474;743486;743488;743493;743494;743495;743500;743501;743502;743507;743508;743509;743510;743511;743512;743517;743518;743519;743520;743521;743522;743527;743528;743529;743530;743531;743532;743543;743548;743549;743551;743552;743553;743554;743559;743560;743561;743562;743563;743564;743570;743571;743572;743573;743574;743575;743576,743299;743314;743329;743344;743359;743373;743387;743401;743408;743415;743422;743429;743437;743445;743453;743461;743469;743477;743484;743491;743498;743505;743515;743525;743535;743546;743557;743568,-0.06508227320598747
11180,gdsc:1032:2uM,744738,10668,124,1032,2.0,39469.0,40523.55454545454,324.2857142857143,scan:10668:NC-1+B,744731;744734;744735;744736;744739;744740;744741;744749;744750;744751;744754;744755;744756;744761;744764;744765;744766;744769;744770;744771;744776;744791;744794;744795;744796;744800;744805;744808;744809;744810;744813;744814;744819;744822;744823;744824;744827;744828;744833;744834;744835;744841;744842;744849;744862;744863;744870;744871;744872;744877;744878;744879;744880;744885;744886;744887;744888;744893;744894;744895;744896;744902;744903;744904;744916;744918;744923;744924;744925;744930;744931;744932;744937;744938;744939;744940;744941;744942;744947;744948;744949;744950;744951;744952;744957;744958;744959;744960;744961;744962;744973;744978;744979;744981;744982;744983;744984;744989;744990;744991;744992;744993;744994;745000;745001;745002;745003;745004;745005;745006,744729;744744;744759;744774;744789;744803;744817;744831;744838;744845;744852;744859;744867;744875;744883;744891;744899;744907;744914;744921;744928;744935;744945;744955;744965;744976;744987;744998,0.02623317727204244
11180,gdsc:1036:10uM,744737,10668,123,1036,10.0,29624.0,40523.55454545454,324.2857142857143,scan:10668:NC-1+B,744731;744734;744735;744736;744739;744740;744741;744749;744750;744751;744754;744755;744756;744761;744764;744765;744766;744769;744770;744771;744776;744791;744794;744795;744796;744800;744805;744808;744809;744810;744813;744814;744819;744822;744823;744824;744827;744828;744833;744834;744835;744841;744842;744849;744862;744863;744870;744871;744872;744877;744878;744879;744880;744885;744886;744887;744888;744893;744894;744895;744896;744902;744903;744904;744916;744918;744923;744924;744925;744930;744931;744932;744937;744938;744939;744940;744941;744942;744947;744948;744949;744950;744951;744952;744957;744958;744959;744960;744961;744962;744973;744978;744979;744981;744982;744983;744984;744989;744990;744991;744992;744993;744994;745000;745001;745002;745003;745004;745005;745006,744729;744744;744759;744774;744789;744803;744817;744831;744838;744845;744852;744859;744867;744875;744883;744891;744899;744907;744914;744921;744928;744935;744945;744955;744965;744976;744987;744998,0.2711381291841677
11180,gdsc:1060:0.25uM,744733,10668,101,1060,0.25,36793.0,40523.55454545454,324.2857142857143,scan:10668:NC-1+B,744731;744734;744735;744736;744739;744740;744741;744749;744750;744751;744754;744755;744756;744761;744764;744765;744766;744769;744770;744771;744776;744791;744794;744795;744796;744800;744805;744808;744809;744810;744813;744814;744819;744822;744823;744824;744827;744828;744833;744834;744835;744841;744842;744849;744862;744863;744870;744871;744872;744877;744878;744879;744880;744885;744886;744887;744888;744893;744894;744895;744896;744902;744903;744904;744916;744918;744923;744924;744925;744930;744931;744932;744937;744938;744939;744940;744941;744942;744947;744948;744949;744950;744951;744952;744957;744958;744959;744960;744961;744962;744973;744978;744979;744981;744982;744983;744984;744989;744990;744991;744992;744993;744994;745000;745001;745002;745003;745004;745005;745006,744729;744744;744759;744774;744789;744803;744817;744831;744838;744845;744852;744859;744867;744875;744883;744891;744899;744907;744914;744921;744928;744935;744945;744955;744965;744976;744987;744998,0.09280155221534847
11186,gdsc:1032:2uM,745689,10671,124,1032,2.0,28573.0,43508.38181818182,422.9642857142857,scan:10671:NC-1+B,745682;745685;745686;745687;745690;745691;745692;745700;745701;745702;745705;745706;745707;745712;745715;745716;745717;745720;745721;745722;745727;745742;745745;745746;745747;745751;745756;745759;745760;745761;745764;745765;745770;745773;745774;745775;745778;745779;745784;745785;745786;745792;745793;745800;745813;745814;745821;745822;745823;745828;745829;745830;745831;745836;745837;745838;745839;745844;745845;745846;745847;745853;745854;745855;745867;745869;745874;745875;745876;745881;745882;745883;745888;745889;745890;745891;745892;745893;745898;745899;745900;745901;745902;745903;745908;745909;745910;745911;745912;745913;745924;745929;745930;745932;745933;745934;745935;745940;745941;745942;745943;745944;745945;745951;745952;745953;745954;745955;745956;745957,745680;745695;745710;745725;745740;745754;745768;745782;745789;745796;745803;745810;745818;745826;745834;745842;745850;745858;745865;745872;745879;745886;745896;745906;745916;745927;745938;745949,0.34664586473897085
11186,gdsc:1036:10uM,745688,10671,123,1036,10.0,36315.0,43508.38181818182,422.9642857142857,scan:10671:NC-1+B,745682;745685;745686;745687;745690;745691;745692;745700;745701;745702;745705;745706;745707;745712;745715;745716;745717;745720;745721;745722;745727;745742;745745;745746;745747;745751;745756;745759;745760;745761;745764;745765;745770;745773;745774;745775;745778;745779;745784;745785;745786;745792;745793;745800;745813;745814;745821;745822;745823;745828;745829;745830;745831;745836;745837;745838;745839;745844;745845;745846;745847;745853;745854;745855;745867;745869;745874;745875;745876;745881;745882;745883;745888;745889;745890;745891;745892;745893;745898;745899;745900;745901;745902;745903;745908;745909;745910;745911;745912;745913;745924;745929;745930;745932;745933;745934;745935;745940;745941;745942;745943;745944;745945;745951;745952;745953;745954;745955;745956;745957,745680;745695;745710;745725;745740;745754;745768;745782;745789;745796;745803;745810;745818;745826;745834;745842;745850;745858;745865;745872;745879;745886;745896;745906;745916;745927;745938;745949,0.16695629821298963
11186,gdsc:1060:0.25uM,745684,10671,101,1060,0.25,41381.0,43508.38181818182,422.9642857142857,scan:10671:NC-1+B,745682;745685;745686;745687;745690;745691;745692;745700;745701;745702;745705;745706;745707;745712;745715;745716;745717;745720;745721;745722;745727;745742;745745;745746;745747;745751;745756;745759;745760;745761;745764;745765;745770;745773;745774;745775;745778;745779;745784;745785;745786;745792;745793;745800;745813;745814;745821;745822;745823;745828;745829;745830;745831;745836;745837;745838;745839;745844;745845;745846;745847;745853;745854;745855;745867;745869;745874;745875;745876;745881;745882;745883;745888;745889;745890;745891;745892;745893;745898;745899;745900;745901;745902;745903;745908;745909;745910;745911;745912;745913;745924;745929;745930;745932;745933;745934;745935;745940;745941;745942;745943;745944;745945;745951;745952;745953;745954;745955;745956;745957,745680;745695;745710;745725;745740;745754;745768;745782;745789;745796;745803;745810;745818;745826;745834;745842;745850;745858;745865;745872;745879;745886;745896;745906;745916;745927;745938;745949,0.0493759127802047
11192,gdsc:1032:2uM,746161,10677,124,1032,2.0,28955.0,43282.34545454545,432.89285714285717,scan:10677:NC-1+B,746154;746157;746158;746159;746162;746163;746164;746172;746173;746174;746177;746178;746179;746184;746187;746188;746189;746192;746193;746194;746199;746214;746217;746218;746219;746223;746228;746231;746232;746233;746236;746237;746242;746245;746246;746247;746250;746251;746256;746257;746258;746264;746265;746272;746285;746286;746293;746294;746295;746300;746301;746302;746303;746308;746309;746310;746311;746316;746317;746318;746319;746325;746326;746327;746339;746341;746346;746347;746348;746353;746354;746355;746360;746361;746362;746363;746364;746365;746370;746371;746372;746373;746374;746375;746380;746381;746382;746383;746384;746385;746396;746401;746402;746404;746405;746406;746407;746412;746413;746414;746415;746416;746417;746423;746424;746425;746426;746427;746428;746429,746152;746167;746182;746197;746212;746226;746240;746254;746261;746268;746275;746282;746290;746298;746306;746314;746322;746330;746337;746344;746351;746358;746368;746378;746388;746399;746410;746421,0.3343647254764215
11192,gdsc:1036:10uM,746160,10677,123,1036,10.0,31249.0,43282.34545454545,432.89285714285717,scan:10677:NC-1+B,746154;746157;746158;746159;746162;746163;746164;746172;746173;746174;746177;746178;746179;746184;746187;746188;746189;746192;746193;746194;746199;746214;746217;746218;746219;746223;746228;746231;746232;746233;746236;746237;746242;746245;746246;746247;746250;746251;746256;746257;746258;746264;746265;746272;746285;746286;746293;746294;746295;746300;746301;746302;746303;746308;746309;746310;746311;746316;746317;746318;746319;746325;746326;746327;746339;746341;746346;746347;746348;746353;746354;746355;746360;746361;746362;746363;746364;746365;746370;746371;746372;746373;746374;746375;746380;746381;746382;746383;746384;746385;746396;746401;746402;746404;746405;746406;746407;746412;746413;746414;746415;746416;746417;746423;746424;746425;746426;746427;746428;746429,746152;746167;746182;746197;746212;746226;746240;746254;746261;746268;746275;746282;746290;746298;746306;746314;746322;746330;746337;746344;746351;746358;746368;746378;746388;746399;746410;746421,0.2808284522933411
11192,gdsc:1060:0.25uM,746156,10677,101,1060,0.25,45491.0,43282.34545454545,432.89285714285717,scan:10677:NC-1+B,746154;746157;746158;746159;746162;746163;746164;746172;746173;746174;746177;746178;746179;746184;746187;746188;746189;746192;746193;746194;746199;746214;746217;746218;746219;746223;746228;746231;746232;746233;746236;746237;746242;746245;746246;746247;746250;746251;746256;746257;746258;746264;746265;746272;746285;746286;746293;746294;746295;746300;746301;746302;746303;746308;746309;746310;746311;746316;746317;746318;746319;746325;746326;746327;746339;746341;746346;746347;746348;746353;746354;746355;746360;746361;746362;746363;746364;746365;746370;746371;746372;746373;746374;746375;746380;746381;746382;746383;746384;746385;746396;746401;746402;746404;746405;746406;746407;746412;746413;746414;746415;746416;746417;746423;746424;746425;746426;746427;746428;746429,746152;746167;746182;746197;746212;746226;746240;746254;746261;746268;746275;746282;746290;746298;746306;746314;746322;746330;746337;746344;746351;746358;746368;746378;746388;746399;746410;746421,-0.051544521845033664
11195,gdsc:1032:2uM,746633,10680,124,1032,2.0,24750.0,40026.84545454545,413.75,scan:10680:NC-1+B,746626;746629;746630;746631;746634;746635;746636;746644;746645;746646;746649;746650;746651;746656;746659;746660;746661;746664;746665;746666;746671;746686;746689;746690;746691;746695;746700;746703;746704;746705;746708;746709;746714;746717;746718;746719;746722;746723;746728;746729;746730;746736;746737;746744;746757;746758;746765;746766;746767;746772;746773;746774;746775;746780;746781;746782;746783;746788;746789;746790;746791;746797;746798;746799;746811;746813;746818;746819;746820;746825;746826;746827;746832;746833;746834;746835;746836;746837;746842;746843;746844;746845;746846;746847;746852;746853;746854;746855;746856;746857;746868;746873;746874;746876;746877;746878;746879;746884;746885;746886;746887;746888;746889;746895;746896;746897;746898;746899;746900;746901,746624;746639;746654;746669;746684;746698;746712;746726;746733;746740;746747;746754;746762;746770;746778;746786;746794;746802;746809;746816;746823;746830;746840;746850;746860;746871;746882;746893,0.3856513932892486
11195,gdsc:1036:10uM,746632,10680,123,1036,10.0,25037.0,40026.84545454545,413.75,scan:10680:NC-1+B,746626;746629;746630;746631;746634;746635;746636;746644;746645;746646;746649;746650;746651;746656;746659;746660;746661;746664;746665;746666;746671;746686;746689;746690;746691;746695;746700;746703;746704;746705;746708;746709;746714;746717;746718;746719;746722;746723;746728;746729;746730;746736;746737;746744;746757;746758;746765;746766;746767;746772;746773;746774;746775;746780;746781;746782;746783;746788;746789;746790;746791;746797;746798;746799;746811;746813;746818;746819;746820;746825;746826;746827;746832;746833;746834;746835;746836;746837;746842;746843;746844;746845;746846;746847;746852;746853;746854;746855;746856;746857;746868;746873;746874;746876;746877;746878;746879;746884;746885;746886;746887;746888;746889;746895;746896;746897;746898;746899;746900;746901,746624;746639;746654;746669;746684;746698;746712;746726;746733;746740;746747;746754;746762;746770;746778;746786;746794;746802;746809;746816;746823;746830;746840;746850;746860;746871;746882;746893,0.3784063144407823
11195,gdsc:1060:0.25uM,746628,10680,101,1060,0.25,30580.0,40026.84545454545,413.75,scan:10680:NC-1+B,746626;746629;746630;746631;746634;746635;746636;746644;746645;746646;746649;746650;746651;746656;746659;746660;746661;746664;746665;746666;746671;746686;746689;746690;746691;746695;746700;746703;746704;746705;746708;746709;746714;746717;746718;746719;746722;746723;746728;746729;746730;746736;746737;746744;746757;746758;746765;746766;746767;746772;746773;746774;746775;746780;746781;746782;746783;746788;746789;746790;746791;746797;746798;746799;746811;746813;746818;746819;746820;746825;746826;746827;746832;746833;746834;746835;746836;746837;746842;746843;746844;746845;746846;746847;746852;746853;746854;746855;746856;746857;746868;746873;746874;746876;746877;746878;746879;746884;746885;746886;746887;746888;746889;746895;746896;746897;746898;746899;746900;746901,746624;746639;746654;746669;746684;746698;746712;746726;746733;746740;746747;746754;746762;746770;746778;746786;746794;746802;746809;746816;746823;746830;746840;746850;746860;746871;746882;746893,0.23847784037441244
11198,gdsc:1032:2uM,747105,10683,124,1032,2.0,23125.0,30832.19090909091,220.5,scan:10683:NC-1+B,747098;747101;747102;747103;747106;747107;747108;747116;747117;747118;747121;747122;747123;747128;747131;747132;747133;747136;747137;747138;747143;747158;747161;747162;747163;747167;747172;747175;747176;747177;747180;747181;747186;747189;747190;747191;747194;747195;747200;747201;747202;747208;747209;747216;747229;747230;747237;747238;747239;747244;747245;747246;747247;747252;747253;747254;747255;747260;747261;747262;747263;747269;747270;747271;747283;747285;747290;747291;747292;747297;747298;747299;747304;747305;747306;747307;747308;747309;747314;747315;747316;747317;747318;747319;747324;747325;747326;747327;747328;747329;747340;747345;747346;747348;747349;747350;747351;747356;747357;747358;747359;747360;747361;747367;747368;747369;747370;747371;747372;747373,747096;747111;747126;747141;747156;747170;747184;747198;747205;747212;747219;747226;747234;747242;747250;747258;747266;747274;747281;747288;747295;747302;747312;747322;747332;747343;747354;747365,0.25177279268823616
11198,gdsc:1036:10uM,747104,10683,123,1036,10.0,28382.0,30832.19090909091,220.5,scan:10683:NC-1+B,747098;747101;747102;747103;747106;747107;747108;747116;747117;747118;747121;747122;747123;747128;747131;747132;747133;747136;747137;747138;747143;747158;747161;747162;747163;747167;747172;747175;747176;747177;747180;747181;747186;747189;747190;747191;747194;747195;747200;747201;747202;747208;747209;747216;747229;747230;747237;747238;747239;747244;747245;747246;747247;747252;747253;747254;747255;747260;747261;747262;747263;747269;747270;747271;747283;747285;747290;747291;747292;747297;747298;747299;747304;747305;747306;747307;747308;747309;747314;747315;747316;747317;747318;747319;747324;747325;747326;747327;747328;747329;747340;747345;747346;747348;747349;747350;747351;747356;747357;747358;747359;747360;747361;747367;747368;747369;747370;747371;747372;747373,747096;747111;747126;747141;747156;747170;747184;747198;747205;747212;747219;747226;747234;747242;747250;747258;747266;747274;747281;747288;747295;747302;747312;747322;747332;747343;747354;747365,0.08004101819685061
11198,gdsc:1060:0.25uM,747100,10683,101,1060,0.25,27044.0,30832.19090909091,220.5,scan:10683:NC-1+B,747098;747101;747102;747103;747106;747107;747108;747116;747117;747118;747121;747122;747123;747128;747131;747132;747133;747136;747137;747138;747143;747158;747161;747162;747163;747167;747172;747175;747176;747177;747180;747181;747186;747189;747190;747191;747194;747195;747200;747201;747202;747208;747209;747216;747229;747230;747237;747238;747239;747244;747245;747246;747247;747252;747253;747254;747255;747260;747261;747262;747263;747269;747270;747271;747283;747285;747290;747291;747292;747297;747298;747299;747304;747305;747306;747307;747308;747309;747314;747315;747316;747317;747318;747319;747324;747325;747326;747327;747328;747329;747340;747345;747346;747348;747349;747350;747351;747356;747357;747358;747359;747360;747361;747367;747368;747369;747370;747371;747372;747373,747096;747111;747126;747141;747156;747170;747184;747198;747205;747212;747219;747226;747234;747242;747250;747258;747266;747274;747281;747288;747295;747302;747312;747322;747332;747343;747354;747365,0.12374980919351675
11204,gdsc:1032:2uM,748056,10689,124,1032,2.0,24463.0,25878.609090909093,218.92857142857142,scan:10689:NC-1+B,748049;748052;748053;748054;748057;748058;748059;748067;748068;748069;748072;748073;748074;748079;748082;748083;748084;748087;748088;748089;748094;748109;748112;748113;748114;748118;748123;748126;748127;748128;748131;748132;748137;748140;748141;748142;748145;748146;748151;748152;748153;748159;748160;748167;748180;748181;748188;748189;748190;748195;748196;748197;748198;748203;748204;748205;748206;748211;748212;748213;748214;748220;748221;748222;748234;748236;748241;748242;748243;748248;748249;748250;748255;748256;748257;748258;748259;748260;748265;748266;748267;748268;748269;748270;748275;748276;748277;748278;748279;748280;748291;748296;748297;748299;748300;748301;748302;748307;748308;748309;748310;748311;748312;748318;748319;748320;748321;748322;748323;748324,748047;748062;748077;748092;748107;748121;748135;748149;748156;748163;748170;748177;748185;748193;748201;748209;748217;748225;748232;748239;748246;748253;748263;748273;748283;748294;748305;748316,0.05516861715539989
11204,gdsc:1036:10uM,748055,10689,123,1036,10.0,19494.0,25878.609090909093,218.92857142857142,scan:10689:NC-1+B,748049;748052;748053;748054;748057;748058;748059;748067;748068;748069;748072;748073;748074;748079;748082;748083;748084;748087;748088;748089;748094;748109;748112;748113;748114;748118;748123;748126;748127;748128;748131;748132;748137;748140;748141;748142;748145;748146;748151;748152;748153;748159;748160;748167;748180;748181;748188;748189;748190;748195;748196;748197;748198;748203;748204;748205;748206;748211;748212;748213;748214;748220;748221;748222;748234;748236;748241;748242;748243;748248;748249;748250;748255;748256;748257;748258;748259;748260;748265;748266;748267;748268;748269;748270;748275;748276;748277;748278;748279;748280;748291;748296;748297;748299;748300;748301;748302;748307;748308;748309;748310;748311;748312;748318;748319;748320;748321;748322;748323;748324,748047;748062;748077;748092;748107;748121;748135;748149;748156;748163;748170;748177;748185;748193;748201;748209;748217;748225;748232;748239;748246;748253;748263;748273;748283;748294;748305;748316,0.24881872890280043
11204,gdsc:1060:0.25uM,748051,10689,101,1060,0.25,26470.0,25878.609090909093,218.92857142857142,scan:10689:NC-1+B,748049;748052;748053;748054;748057;748058;748059;748067;748068;748069;748072;748073;748074;748079;748082;748083;748084;748087;748088;748089;748094;748109;748112;748113;748114;748118;748123;748126;748127;748128;748131;748132;748137;748140;748141;748142;748145;748146;748151;748152;748153;748159;748160;748167;748180;748181;748188;748189;748190;748195;748196;748197;748198;748203;748204;748205;748206;748211;748212;748213;748214;748220;748221;748222;748234;748236;748241;748242;748243;748248;748249;748250;748255;748256;748257;748258;748259;748260;748265;748266;748267;748268;748269;748270;748275;748276;748277;748278;748279;748280;748291;748296;748297;748299;748300;748301;748302;748307;748308;748309;748310;748311;748312;748318;748319;748320;748321;748322;748323;748324,748047;748062;748077;748092;748107;748121;748135;748149;748156;748163;748170;748177;748185;748193;748201;748209;748217;748225;748232;748239;748246;748253;748263;748273;748283;748294;748305;748316,-0.02304747748678837
11210,gdsc:1032:2uM,749007,10692,124,1032,2.0,11849.0,53592.60909090909,209.17857142857142,scan:10692:NC-1+B,749000;749003;749004;749005;749008;749009;749010;749018;749019;749020;749023;749024;749025;749030;749033;749034;749035;749038;749039;749040;749045;749060;749063;749064;749065;749069;749074;749077;749078;749079;749082;749083;749088;749091;749092;749093;749096;749097;749102;749103;749104;749110;749111;749118;749131;749132;749139;749140;749141;749146;749147;749148;749149;749154;749155;749156;749157;749162;749163;749164;749165;749171;749172;749173;749185;749187;749192;749193;749194;749199;749200;749201;749206;749207;749208;749209;749210;749211;749216;749217;749218;749219;749220;749221;749226;749227;749228;749229;749230;749231;749242;749247;749248;749250;749251;749252;749253;749258;749259;749260;749261;749262;749263;749269;749270;749271;749272;749273;749274;749275,748998;749013;749028;749043;749058;749072;749086;749100;749107;749114;749121;749128;749136;749144;749152;749160;749168;749176;749183;749190;749197;749204;749214;749224;749234;749245;749256;749267,0.7819581597641264
11210,gdsc:1036:10uM,749006,10692,123,1036,10.0,28382.0,53592.60909090909,209.17857142857142,scan:10692:NC-1+B,749000;749003;749004;749005;749008;749009;749010;749018;749019;749020;749023;749024;749025;749030;749033;749034;749035;749038;749039;749040;749045;749060;749063;749064;749065;749069;749074;749077;749078;749079;749082;749083;749088;749091;749092;749093;749096;749097;749102;749103;749104;749110;749111;749118;749131;749132;749139;749140;749141;749146;749147;749148;749149;749154;749155;749156;749157;749162;749163;749164;749165;749171;749172;749173;749185;749187;749192;749193;749194;749199;749200;749201;749206;749207;749208;749209;749210;749211;749216;749217;749218;749219;749220;749221;749226;749227;749228;749229;749230;749231;749242;749247;749248;749250;749251;749252;749253;749258;749259;749260;749261;749262;749263;749269;749270;749271;749272;749273;749274;749275,748998;749013;749028;749043;749058;749072;749086;749100;749107;749114;749121;749128;749136;749144;749152;749160;749168;749176;749183;749190;749197;749204;749214;749224;749234;749245;749256;749267,0.47225532052889174
11210,gdsc:1060:0.25uM,749002,10692,101,1060,0.25,46065.0,53592.60909090909,209.17857142857142,scan:10692:NC-1+B,749000;749003;749004;749005;749008;749009;749010;749018;749019;749020;749023;749024;749025;749030;749033;749034;749035;749038;749039;749040;749045;749060;749063;749064;749065;749069;749074;749077;749078;749079;749082;749083;749088;749091;749092;749093;749096;749097;749102;749103;749104;749110;749111;749118;749131;749132;749139;749140;749141;749146;749147;749148;749149;749154;749155;749156;749157;749162;749163;749164;749165;749171;749172;749173;749185;749187;749192;749193;749194;749199;749200;749201;749206;749207;749208;749209;749210;749211;749216;749217;749218;749219;749220;749221;749226;749227;749228;749229;749230;749231;749242;749247;749248;749250;749251;749252;749253;749258;749259;749260;749261;749262;749263;749269;749270;749271;749272;749273;749274;749275,748998;749013;749028;749043;749058;749072;749086;749100;749107;749114;749121;749128;749136;749144;749152;749160;749168;749176;749183;749190;749197;749204;749214;749224;749234;749245;749256;749267,0.14101021642215628
11213,gdsc:1032:2uM,749958,10695,124,1032,2.0,14811.0,23474.02727272727,277.82142857142856,scan:10695:NC-1+B,749951;749954;749955;749956;749959;749960;749961;749969;749970;749971;749974;749975;749976;749981;749984;749985;749986;749989;749990;749991;749996;750011;750014;750015;750016;750020;750025;750028;750029;750030;750033;750034;750039;750042;750043;750044;750047;750048;750053;750054;750055;750061;750062;750069;750082;750083;750090;750091;750092;750097;750098;750099;750100;750105;750106;750107;750108;750113;750114;750115;750116;750122;750123;750124;750136;750138;750143;750144;750145;750150;750151;750152;750157;750158;750159;750160;750161;750162;750167;750168;750169;750170;750171;750172;750177;750178;750179;750180;750181;750182;750193;750198;750199;750201;750202;750203;750204;750209;750210;750211;750212;750213;750214;750220;750221;750222;750223;750224;750225;750226,749949;749964;749979;749994;750009;750023;750037;750051;750058;750065;750072;750079;750087;750095;750103;750111;750119;750127;750134;750141;750148;750155;750165;750175;750185;750196;750207;750218,0.3734674252733394
11213,gdsc:1036:10uM,749957,10695,123,1036,10.0,22456.0,23474.02727272727,277.82142857142856,scan:10695:NC-1+B,749951;749954;749955;749956;749959;749960;749961;749969;749970;749971;749974;749975;749976;749981;749984;749985;749986;749989;749990;749991;749996;750011;750014;750015;750016;750020;750025;750028;750029;750030;750033;750034;750039;750042;750043;750044;750047;750048;750053;750054;750055;750061;750062;750069;750082;750083;750090;750091;750092;750097;750098;750099;750100;750105;750106;750107;750108;750113;750114;750115;750116;750122;750123;750124;750136;750138;750143;750144;750145;750150;750151;750152;750157;750158;750159;750160;750161;750162;750167;750168;750169;750170;750171;750172;750177;750178;750179;750180;750181;750182;750193;750198;750199;750201;750202;750203;750204;750209;750210;750211;750212;750213;750214;750220;750221;750222;750223;750224;750225;750226,749949;749964;749979;749994;750009;750023;750037;750051;750058;750065;750072;750079;750087;750095;750103;750111;750119;750127;750134;750141;750148;750155;750165;750175;750185;750196;750207;750218,0.04388766333455163
11213,gdsc:1060:0.25uM,749953,10695,101,1060,0.25,11944.0,23474.02727272727,277.82142857142856,scan:10695:NC-1+B,749951;749954;749955;749956;749959;749960;749961;749969;749970;749971;749974;749975;749976;749981;749984;749985;749986;749989;749990;749991;749996;750011;750014;750015;750016;750020;750025;750028;750029;750030;750033;750034;750039;750042;750043;750044;750047;750048;750053;750054;750055;750061;750062;750069;750082;750083;750090;750091;750092;750097;750098;750099;750100;750105;750106;750107;750108;750113;750114;750115;750116;750122;750123;750124;750136;750138;750143;750144;750145;750150;750151;750152;750157;750158;750159;750160;750161;750162;750167;750168;750169;750170;750171;750172;750177;750178;750179;750180;750181;750182;750193;750198;750199;750201;750202;750203;750204;750209;750210;750211;750212;750213;750214;750220;750221;750222;750223;750224;750225;750226,749949;749964;749979;749994;750009;750023;750037;750051;750058;750065;750072;750079;750087;750095;750103;750111;750119;750127;750134;750141;750148;750155;750165;750175;750185;750196;750207;750218,0.4970652248127122
11222,gdsc:1032:2uM,750909,10701,124,1032,2.0,22647.0,32371.945454545454,339.7857142857143,scan:10701:NC-1+B,750902;750905;750906;750907;750910;750911;750912;750920;750921;750922;750925;750926;750927;750932;750935;750936;750937;750940;750941;750942;750947;750962;750965;750966;750967;750971;750976;750979;750980;750981;750984;750985;750990;750993;750994;750995;750998;750999;751004;751005;751006;751012;751013;751020;751033;751034;751041;751042;751043;751048;751049;751050;751051;751056;751057;751058;751059;751064;751065;751066;751067;751073;751074;751075;751087;751089;751094;751095;751096;751101;751102;751103;751108;751109;751110;751111;751112;751113;751118;751119;751120;751121;751122;751123;751128;751129;751130;751131;751132;751133;751144;751149;751150;751152;751153;751154;751155;751160;751161;751162;751163;751164;751165;751171;751172;751173;751174;751175;751176;751177,750900;750915;750930;750945;750960;750974;750988;751002;751009;751016;751023;751030;751038;751046;751054;751062;751070;751078;751085;751092;751099;751106;751116;751126;751136;751147;751158;751169,0.3035994304911829
11222,gdsc:1036:10uM,750908,10701,123,1036,10.0,25992.0,32371.945454545454,339.7857142857143,scan:10701:NC-1+B,750902;750905;750906;750907;750910;750911;750912;750920;750921;750922;750925;750926;750927;750932;750935;750936;750937;750940;750941;750942;750947;750962;750965;750966;750967;750971;750976;750979;750980;750981;750984;750985;750990;750993;750994;750995;750998;750999;751004;751005;751006;751012;751013;751020;751033;751034;751041;751042;751043;751048;751049;751050;751051;751056;751057;751058;751059;751064;751065;751066;751067;751073;751074;751075;751087;751089;751094;751095;751096;751101;751102;751103;751108;751109;751110;751111;751112;751113;751118;751119;751120;751121;751122;751123;751128;751129;751130;751131;751132;751133;751144;751149;751150;751152;751153;751154;751155;751160;751161;751162;751163;751164;751165;751171;751172;751173;751174;751175;751176;751177,750900;750915;750930;750945;750960;750974;750988;751002;751009;751016;751023;751030;751038;751046;751054;751062;751070;751078;751085;751092;751099;751106;751116;751126;751136;751147;751158;751169,0.19917312807749254
11222,gdsc:1060:0.25uM,750904,10701,101,1060,0.25,25323.0,32371.945454545454,339.7857142857143,scan:10701:NC-1+B,750902;750905;750906;750907;750910;750911;750912;750920;750921;750922;750925;750926;750927;750932;750935;750936;750937;750940;750941;750942;750947;750962;750965;750966;750967;750971;750976;750979;750980;750981;750984;750985;750990;750993;750994;750995;750998;750999;751004;751005;751006;751012;751013;751020;751033;751034;751041;751042;751043;751048;751049;751050;751051;751056;751057;751058;751059;751064;751065;751066;751067;751073;751074;751075;751087;751089;751094;751095;751096;751101;751102;751103;751108;751109;751110;751111;751112;751113;751118;751119;751120;751121;751122;751123;751128;751129;751130;751131;751132;751133;751144;751149;751150;751152;751153;751154;751155;751160;751161;751162;751163;751164;751165;751171;751172;751173;751174;751175;751176;751177,750900;750915;750930;750945;750960;750974;750988;751002;751009;751016;751023;751030;751038;751046;751054;751062;751070;751078;751085;751092;751099;751106;751116;751126;751136;751147;751158;751169,0.22005838856023063
11225,gdsc:1032:2uM,751860,10704,124,1032,2.0,30006.0,30619.927272727273,254.10714285714286,scan:10704:NC-1+B,751853;751856;751857;751858;751861;751862;751863;751871;751872;751873;751876;751877;751878;751883;751886;751887;751888;751891;751892;751893;751898;751913;751916;751917;751918;751922;751927;751930;751931;751932;751935;751936;751941;751944;751945;751946;751949;751950;751955;751956;751957;751963;751964;751971;751984;751985;751992;751993;751994;751999;752000;752001;752002;752007;752008;752009;752010;752015;752016;752017;752018;752024;752025;752026;752038;752040;752045;752046;752047;752052;752053;752054;752059;752060;752061;752062;752063;752064;752069;752070;752071;752072;752073;752074;752079;752080;752081;752082;752083;752084;752095;752100;752101;752103;752104;752105;752106;752111;752112;752113;752114;752115;752116;752122;752123;752124;752125;752126;752127;752128,751851;751866;751881;751896;751911;751925;751939;751953;751960;751967;751974;751981;751989;751997;752005;752013;752021;752029;752036;752043;752050;752057;752067;752077;752087;752098;752109;752120,0.020217707610122093
11225,gdsc:1036:10uM,751859,10704,123,1036,10.0,23591.0,30619.927272727273,254.10714285714286,scan:10704:NC-1+B,751853;751856;751857;751858;751861;751862;751863;751871;751872;751873;751876;751877;751878;751883;751886;751887;751888;751891;751892;751893;751898;751913;751916;751917;751918;751922;751927;751930;751931;751932;751935;751936;751941;751944;751945;751946;751949;751950;751955;751956;751957;751963;751964;751971;751984;751985;751992;751993;751994;751999;752000;752001;752002;752007;752008;752009;752010;752015;752016;752017;752018;752024;752025;752026;752038;752040;752045;752046;752047;752052;752053;752054;752059;752060;752061;752062;752063;752064;752069;752070;752071;752072;752073;752074;752079;752080;752081;752082;752083;752084;752095;752100;752101;752103;752104;752105;752106;752111;752112;752113;752114;752115;752116;752122;752123;752124;752125;752126;752127;752128,751851;751866;751881;751896;751911;751925;751939;751953;751960;751967;751974;751981;751989;751997;752005;752013;752021;752029;752036;752043;752050;752057;752067;752077;752087;752098;752109;752120,0.231474968983732
11225,gdsc:1060:0.25uM,751855,10704,101,1060,0.25,31249.0,30619.927272727273,254.10714285714286,scan:10704:NC-1+B,751853;751856;751857;751858;751861;751862;751863;751871;751872;751873;751876;751877;751878;751883;751886;751887;751888;751891;751892;751893;751898;751913;751916;751917;751918;751922;751927;751930;751931;751932;751935;751936;751941;751944;751945;751946;751949;751950;751955;751956;751957;751963;751964;751971;751984;751985;751992;751993;751994;751999;752000;752001;752002;752007;752008;752009;752010;752015;752016;752017;752018;752024;752025;752026;752038;752040;752045;752046;752047;752052;752053;752054;752059;752060;752061;752062;752063;752064;752069;752070;752071;752072;752073;752074;752079;752080;752081;752082;752083;752084;752095;752100;752101;752103;752104;752105;752106;752111;752112;752113;752114;752115;752116;752122;752123;752124;752125;752126;752127;752128,751851;751866;751881;751896;751911;751925;751939;751953;751960;751967;751974;751981;751989;751997;752005;752013;752021;752029;752036;752043;752050;752057;752067;752077;752087;752098;752109;752120,-0.020716474133821272
11228,gdsc:1032:2uM,752811,10707,124,1032,2.0,31153.0,34103.62727272727,272.2857142857143,scan:10707:NC-1+B,752804;752807;752808;752809;752812;752813;752814;752822;752823;752824;752827;752828;752829;752834;752837;752838;752839;752842;752843;752844;752849;752864;752867;752868;752869;752873;752878;752881;752882;752883;752886;752887;752892;752895;752896;752897;752900;752901;752906;752907;752908;752914;752915;752922;752935;752936;752943;752944;752945;752950;752951;752952;752953;752958;752959;752960;752961;752966;752967;752968;752969;752975;752976;752977;752989;752991;752996;752997;752998;753003;753004;753005;753010;753011;753012;753013;753014;753015;753020;753021;753022;753023;753024;753025;753030;753031;753032;753033;753034;753035;753046;753051;753052;753054;753055;753056;753057;753062;753063;753064;753065;753066;753067;753073;753074;753075;753076;753077;753078;753079,752802;752817;752832;752847;752862;752876;752890;752904;752911;752918;752925;752932;752940;752948;752956;752964;752972;752980;752987;752994;753001;753008;753018;753028;753038;753049;753060;753071,0.08721579271783364
11228,gdsc:1036:10uM,752810,10707,123,1036,10.0,37749.0,34103.62727272727,272.2857142857143,scan:10707:NC-1+B,752804;752807;752808;752809;752812;752813;752814;752822;752823;752824;752827;752828;752829;752834;752837;752838;752839;752842;752843;752844;752849;752864;752867;752868;752869;752873;752878;752881;752882;752883;752886;752887;752892;752895;752896;752897;752900;752901;752906;752907;752908;752914;752915;752922;752935;752936;752943;752944;752945;752950;752951;752952;752953;752958;752959;752960;752961;752966;752967;752968;752969;752975;752976;752977;752989;752991;752996;752997;752998;753003;753004;753005;753010;753011;753012;753013;753014;753015;753020;753021;753022;753023;753024;753025;753030;753031;753032;753033;753034;753035;753046;753051;753052;753054;753055;753056;753057;753062;753063;753064;753065;753066;753067;753073;753074;753075;753076;753077;753078;753079,752802;752817;752832;752847;752862;752876;752890;752904;752911;752918;752925;752932;752940;752948;752956;752964;752972;752980;752987;752994;753001;753008;753018;753028;753038;753049;753060;753071,-0.10775135006028558
11228,gdsc:1060:0.25uM,752806,10707,101,1060,0.25,21692.0,34103.62727272727,272.2857142857143,scan:10707:NC-1+B,752804;752807;752808;752809;752812;752813;752814;752822;752823;752824;752827;752828;752829;752834;752837;752838;752839;752842;752843;752844;752849;752864;752867;752868;752869;752873;752878;752881;752882;752883;752886;752887;752892;752895;752896;752897;752900;752901;752906;752907;752908;752914;752915;752922;752935;752936;752943;752944;752945;752950;752951;752952;752953;752958;752959;752960;752961;752966;752967;752968;752969;752975;752976;752977;752989;752991;752996;752997;752998;753003;753004;753005;753010;753011;753012;753013;753014;753015;753020;753021;753022;753023;753024;753025;753030;753031;753032;753033;753034;753035;753046;753051;753052;753054;753055;753056;753057;753062;753063;753064;753065;753066;753067;753073;753074;753075;753076;753077;753078;753079,752802;752817;752832;752847;752862;752876;752890;752904;752911;752918;752925;752932;752940;752948;752956;752964;752972;752980;752987;752994;753001;753008;753018;753028;753038;753049;753060;753071,0.366867723861525
11231,gdsc:1032:2uM,753762,10710,124,1032,2.0,15671.0,22536.445454545454,219.07142857142858,scan:10710:NC-1+B,753755;753758;753759;753760;753763;753764;753765;753773;753774;753775;753778;753779;753780;753785;753788;753789;753790;753793;753794;753795;753800;753815;753818;753819;753820;753824;753829;753832;753833;753834;753837;753838;753843;753846;753847;753848;753851;753852;753857;753858;753859;753865;753866;753873;753886;753887;753894;753895;753896;753901;753902;753903;753904;753909;753910;753911;753912;753917;753918;753919;753920;753926;753927;753928;753940;753942;753947;753948;753949;753954;753955;753956;753961;753962;753963;753964;753965;753966;753971;753972;753973;753974;753975;753976;753981;753982;753983;753984;753985;753986;753997;754002;754003;754005;754006;754007;754008;754013;754014;754015;754016;754017;754018;754024;754025;754026;754027;754028;754029;754030,753753;753768;753783;753798;753813;753827;753841;753855;753862;753869;753876;753883;753891;753899;753907;753915;753923;753931;753938;753945;753952;753959;753969;753979;753989;754000;754011;754022,0.3076278350022329
11231,gdsc:1036:10uM,753761,10710,123,1036,10.0,21883.0,22536.445454545454,219.07142857142858,scan:10710:NC-1+B,753755;753758;753759;753760;753763;753764;753765;753773;753774;753775;753778;753779;753780;753785;753788;753789;753790;753793;753794;753795;753800;753815;753818;753819;753820;753824;753829;753832;753833;753834;753837;753838;753843;753846;753847;753848;753851;753852;753857;753858;753859;753865;753866;753873;753886;753887;753894;753895;753896;753901;753902;753903;753904;753909;753910;753911;753912;753917;753918;753919;753920;753926;753927;753928;753940;753942;753947;753948;753949;753954;753955;753956;753961;753962;753963;753964;753965;753966;753971;753972;753973;753974;753975;753976;753981;753982;753983;753984;753985;753986;753997;754002;754003;754005;754006;754007;754008;754013;754014;754015;754016;754017;754018;754024;754025;754026;754027;754028;754029;754030,753753;753768;753783;753798;753813;753827;753841;753855;753862;753869;753876;753883;753891;753899;753907;753915;753923;753931;753938;753945;753952;753959;753969;753979;753989;754000;754011;754022,0.029279674830244073
11231,gdsc:1060:0.25uM,753757,10710,101,1060,0.25,16340.0,22536.445454545454,219.07142857142858,scan:10710:NC-1+B,753755;753758;753759;753760;753763;753764;753765;753773;753774;753775;753778;753779;753780;753785;753788;753789;753790;753793;753794;753795;753800;753815;753818;753819;753820;753824;753829;753832;753833;753834;753837;753838;753843;753846;753847;753848;753851;753852;753857;753858;753859;753865;753866;753873;753886;753887;753894;753895;753896;753901;753902;753903;753904;753909;753910;753911;753912;753917;753918;753919;753920;753926;753927;753928;753940;753942;753947;753948;753949;753954;753955;753956;753961;753962;753963;753964;753965;753966;753971;753972;753973;753974;753975;753976;753981;753982;753983;753984;753985;753986;753997;754002;754003;754005;754006;754007;754008;754013;754014;754015;754016;754017;754018;754024;754025;754026;754027;754028;754029;754030,753753;753768;753783;753798;753813;753827;753841;753855;753862;753869;753876;753883;753891;753899;753907;753915;753923;753931;753938;753945;753952;753959;753969;753979;753989;754000;754011;754022,0.27765118993541693
11236,gdsc:1032:2uM,755192,10715,124,1032,2.0,54764.0,49508.87272727273,389.17857142857144,scan:10715:NC-1+B,755185;755188;755189;755190;755193;755194;755195;755203;755204;755205;755208;755209;755210;755215;755218;755219;755220;755223;755224;755225;755230;755245;755248;755249;755250;755254;755259;755262;755263;755264;755267;755268;755273;755276;755277;755278;755281;755282;755287;755288;755289;755295;755296;755303;755316;755317;755324;755325;755326;755331;755332;755333;755334;755339;755340;755341;755342;755347;755348;755349;755350;755356;755357;755358;755370;755372;755377;755378;755379;755384;755385;755386;755391;755392;755393;755394;755395;755396;755401;755402;755403;755404;755405;755406;755411;755412;755413;755414;755415;755416;755427;755432;755433;755435;755436;755437;755438;755443;755444;755445;755446;755447;755448;755454;755455;755456;755457;755458;755459;755460,755183;755198;755213;755228;755243;755257;755271;755285;755292;755299;755306;755313;755321;755329;755337;755345;755353;755361;755368;755375;755382;755389;755399;755409;755419;755430;755441;755452,-0.10698615622593466
11236,gdsc:1036:10uM,755191,10715,123,1036,10.0,43293.0,49508.87272727273,389.17857142857144,scan:10715:NC-1+B,755185;755188;755189;755190;755193;755194;755195;755203;755204;755205;755208;755209;755210;755215;755218;755219;755220;755223;755224;755225;755230;755245;755248;755249;755250;755254;755259;755262;755263;755264;755267;755268;755273;755276;755277;755278;755281;755282;755287;755288;755289;755295;755296;755303;755316;755317;755324;755325;755326;755331;755332;755333;755334;755339;755340;755341;755342;755347;755348;755349;755350;755356;755357;755358;755370;755372;755377;755378;755379;755384;755385;755386;755391;755392;755393;755394;755395;755396;755401;755402;755403;755404;755405;755406;755411;755412;755413;755414;755415;755416;755427;755432;755433;755435;755436;755437;755438;755443;755444;755445;755446;755447;755448;755454;755455;755456;755457;755458;755459;755460,755183;755198;755213;755228;755243;755257;755271;755285;755292;755299;755306;755313;755321;755329;755337;755345;755353;755361;755368;755375;755382;755389;755399;755409;755419;755430;755441;755452,0.12654542814438874
11236,gdsc:1060:0.25uM,755187,10715,101,1060,0.25,46925.0,49508.87272727273,389.17857142857144,scan:10715:NC-1+B,755185;755188;755189;755190;755193;755194;755195;755203;755204;755205;755208;755209;755210;755215;755218;755219;755220;755223;755224;755225;755230;755245;755248;755249;755250;755254;755259;755262;755263;755264;755267;755268;755273;755276;755277;755278;755281;755282;755287;755288;755289;755295;755296;755303;755316;755317;755324;755325;755326;755331;755332;755333;755334;755339;755340;755341;755342;755347;755348;755349;755350;755356;755357;755358;755370;755372;755377;755378;755379;755384;755385;755386;755391;755392;755393;755394;755395;755396;755401;755402;755403;755404;755405;755406;755411;755412;755413;755414;755415;755416;755427;755432;755433;755435;755436;755437;755438;755443;755444;755445;755446;755447;755448;755454;755455;755456;755457;755458;755459;755460,755183;755198;755213;755228;755243;755257;755271;755285;755292;755299;755306;755313;755321;755329;755337;755345;755353;755361;755368;755375;755382;755389;755399;755409;755419;755430;755441;755452,0.052603599669712175
11267,gdsc:1032:2uM,763300,10746,124,1032,2.0,32683.0,35007.48181818182,345.2142857142857,scan:10746:NC-1+B,763293;763296;763297;763298;763301;763302;763303;763311;763312;763313;763316;763317;763318;763323;763326;763327;763328;763331;763332;763333;763338;763353;763356;763357;763358;763362;763367;763370;763371;763372;763375;763376;763381;763384;763385;763386;763389;763390;763395;763396;763397;763403;763404;763411;763424;763425;763432;763433;763434;763439;763440;763441;763442;763447;763448;763449;763450;763455;763456;763457;763458;763464;763465;763466;763478;763480;763485;763486;763487;763492;763493;763494;763499;763500;763501;763502;763503;763504;763509;763510;763511;763512;763513;763514;763519;763520;763521;763522;763523;763524;763535;763540;763541;763543;763544;763545;763546;763551;763552;763553;763554;763555;763556;763562;763563;763564;763565;763566;763567;763568,763291;763306;763321;763336;763351;763365;763379;763393;763400;763407;763414;763421;763429;763437;763445;763453;763461;763469;763476;763483;763490;763497;763507;763517;763527;763538;763549;763560,0.06706087003697958
11267,gdsc:1036:10uM,763299,10746,123,1036,10.0,29815.0,35007.48181818182,345.2142857142857,scan:10746:NC-1+B,763293;763296;763297;763298;763301;763302;763303;763311;763312;763313;763316;763317;763318;763323;763326;763327;763328;763331;763332;763333;763338;763353;763356;763357;763358;763362;763367;763370;763371;763372;763375;763376;763381;763384;763385;763386;763389;763390;763395;763396;763397;763403;763404;763411;763424;763425;763432;763433;763434;763439;763440;763441;763442;763447;763448;763449;763450;763455;763456;763457;763458;763464;763465;763466;763478;763480;763485;763486;763487;763492;763493;763494;763499;763500;763501;763502;763503;763504;763509;763510;763511;763512;763513;763514;763519;763520;763521;763522;763523;763524;763535;763540;763541;763543;763544;763545;763546;763551;763552;763553;763554;763555;763556;763562;763563;763564;763565;763566;763567;763568,763291;763306;763321;763336;763351;763365;763379;763393;763400;763407;763414;763421;763429;763437;763445;763453;763461;763469;763476;763483;763490;763497;763507;763517;763527;763538;763549;763560,0.14980213897772598
11267,gdsc:1060:0.25uM,763295,10746,101,1060,0.25,38322.0,35007.48181818182,345.2142857142857,scan:10746:NC-1+B,763293;763296;763297;763298;763301;763302;763303;763311;763312;763313;763316;763317;763318;763323;763326;763327;763328;763331;763332;763333;763338;763353;763356;763357;763358;763362;763367;763370;763371;763372;763375;763376;763381;763384;763385;763386;763389;763390;763395;763396;763397;763403;763404;763411;763424;763425;763432;763433;763434;763439;763440;763441;763442;763447;763448;763449;763450;763455;763456;763457;763458;763464;763465;763466;763478;763480;763485;763486;763487;763492;763493;763494;763499;763500;763501;763502;763503;763504;763509;763510;763511;763512;763513;763514;763519;763520;763521;763522;763523;763524;763535;763540;763541;763543;763544;763545;763546;763551;763552;763553;763554;763555;763556;763562;763563;763564;763565;763566;763567;763568,763291;763306;763321;763336;763351;763365;763379;763393;763400;763407;763414;763421;763429;763437;763445;763453;763461;763469;763476;763483;763490;763497;763507;763517;763527;763538;763549;763560,-0.09562323580572252
11376,gdsc:1032:2uM,764730,10786,124,1032,2.0,14811.0,16160.10909090909,198.35714285714286,scan:10786:NC-1+B,764723;764726;764727;764728;764731;764732;764733;764741;764742;764743;764746;764747;764748;764753;764756;764757;764758;764761;764762;764763;764768;764783;764786;764787;764788;764792;764797;764800;764801;764802;764805;764806;764811;764814;764815;764816;764819;764820;764825;764826;764827;764833;764834;764841;764854;764855;764862;764863;764864;764869;764870;764871;764872;764877;764878;764879;764880;764885;764886;764887;764888;764894;764895;764896;764908;764910;764915;764916;764917;764922;764923;764924;764929;764930;764931;764932;764933;764934;764939;764940;764941;764942;764943;764944;764949;764950;764951;764952;764953;764954;764965;764970;764971;764973;764974;764975;764976;764981;764982;764983;764984;764985;764986;764992;764993;764994;764995;764996;764997;764998,764721;764736;764751;764766;764781;764795;764809;764823;764830;764837;764844;764851;764859;764867;764875;764883;764891;764899;764906;764913;764920;764927;764937;764947;764957;764968;764979;764990,0.08452136678353428
11376,gdsc:1036:10uM,764729,10786,123,1036,10.0,15289.0,16160.10909090909,198.35714285714286,scan:10786:NC-1+B,764723;764726;764727;764728;764731;764732;764733;764741;764742;764743;764746;764747;764748;764753;764756;764757;764758;764761;764762;764763;764768;764783;764786;764787;764788;764792;764797;764800;764801;764802;764805;764806;764811;764814;764815;764816;764819;764820;764825;764826;764827;764833;764834;764841;764854;764855;764862;764863;764864;764869;764870;764871;764872;764877;764878;764879;764880;764885;764886;764887;764888;764894;764895;764896;764908;764910;764915;764916;764917;764922;764923;764924;764929;764930;764931;764932;764933;764934;764939;764940;764941;764942;764943;764944;764949;764950;764951;764952;764953;764954;764965;764970;764971;764973;764974;764975;764976;764981;764982;764983;764984;764985;764986;764992;764993;764994;764995;764996;764997;764998,764721;764736;764751;764766;764781;764795;764809;764823;764830;764837;764844;764851;764859;764867;764875;764883;764891;764899;764906;764913;764920;764927;764937;764947;764957;764968;764979;764990,0.05457477936909083
11376,gdsc:1060:0.25uM,764725,10786,101,1060,0.25,19207.0,16160.10909090909,198.35714285714286,scan:10786:NC-1+B,764723;764726;764727;764728;764731;764732;764733;764741;764742;764743;764746;764747;764748;764753;764756;764757;764758;764761;764762;764763;764768;764783;764786;764787;764788;764792;764797;764800;764801;764802;764805;764806;764811;764814;764815;764816;764819;764820;764825;764826;764827;764833;764834;764841;764854;764855;764862;764863;764864;764869;764870;764871;764872;764877;764878;764879;764880;764885;764886;764887;764888;764894;764895;764896;764908;764910;764915;764916;764917;764922;764923;764924;764929;764930;764931;764932;764933;764934;764939;764940;764941;764942;764943;764944;764949;764950;764951;764952;764953;764954;764965;764970;764971;764973;764974;764975;764976;764981;764982;764983;764984;764985;764986;764992;764993;764994;764995;764996;764997;764998,764721;764736;764751;764766;764781;764795;764809;764823;764830;764837;764844;764851;764859;764867;764875;764883;764891;764899;764906;764913;764920;764927;764937;764947;764957;764968;764979;764990,-0.19088699780620066
11335,gdsc:1032:2uM,765681,10789,124,1032,2.0,47786.0,44823.74545454545,329.57142857142856,scan:10789:NC-1+B,765674;765677;765678;765679;765682;765683;765684;765692;765693;765694;765697;765698;765699;765704;765707;765708;765709;765712;765713;765714;765719;765734;765737;765738;765739;765743;765748;765751;765752;765753;765756;765757;765762;765765;765766;765767;765770;765771;765776;765777;765778;765784;765785;765792;765805;765806;765813;765814;765815;765820;765821;765822;765823;765828;765829;765830;765831;765836;765837;765838;765839;765845;765846;765847;765859;765861;765866;765867;765868;765873;765874;765875;765880;765881;765882;765883;765884;765885;765890;765891;765892;765893;765894;765895;765900;765901;765902;765903;765904;765905;765916;765921;765922;765924;765925;765926;765927;765932;765933;765934;765935;765936;765937;765943;765944;765945;765946;765947;765948;765949,765672;765687;765702;765717;765732;765746;765760;765774;765781;765788;765795;765802;765810;765818;765826;765834;765842;765850;765857;765864;765871;765878;765888;765898;765908;765919;765930;765941,-0.06657623408685587
11335,gdsc:1036:10uM,765680,10789,123,1036,10.0,49124.0,44823.74545454545,329.57142857142856,scan:10789:NC-1+B,765674;765677;765678;765679;765682;765683;765684;765692;765693;765694;765697;765698;765699;765704;765707;765708;765709;765712;765713;765714;765719;765734;765737;765738;765739;765743;765748;765751;765752;765753;765756;765757;765762;765765;765766;765767;765770;765771;765776;765777;765778;765784;765785;765792;765805;765806;765813;765814;765815;765820;765821;765822;765823;765828;765829;765830;765831;765836;765837;765838;765839;765845;765846;765847;765859;765861;765866;765867;765868;765873;765874;765875;765880;765881;765882;765883;765884;765885;765890;765891;765892;765893;765894;765895;765900;765901;765902;765903;765904;765905;765916;765921;765922;765924;765925;765926;765927;765932;765933;765934;765935;765936;765937;765943;765944;765945;765946;765947;765948;765949,765672;765687;765702;765717;765732;765746;765760;765774;765781;765788;765795;765802;765810;765818;765826;765834;765842;765850;765857;765864;765871;765878;765888;765898;765908;765919;765930;765941,-0.09664758678168117
11335,gdsc:1060:0.25uM,765676,10789,101,1060,0.25,46638.0,44823.74545454545,329.57142857142856,scan:10789:NC-1+B,765674;765677;765678;765679;765682;765683;765684;765692;765693;765694;765697;765698;765699;765704;765707;765708;765709;765712;765713;765714;765719;765734;765737;765738;765739;765743;765748;765751;765752;765753;765756;765757;765762;765765;765766;765767;765770;765771;765776;765777;765778;765784;765785;765792;765805;765806;765813;765814;765815;765820;765821;765822;765823;765828;765829;765830;765831;765836;765837;765838;765839;765845;765846;765847;765859;765861;765866;765867;765868;765873;765874;765875;765880;765881;765882;765883;765884;765885;765890;765891;765892;765893;765894;765895;765900;765901;765902;765903;765904;765905;765916;765921;765922;765924;765925;765926;765927;765932;765933;765934;765935;765936;765937;765943;765944;765945;765946;765947;765948;765949,765672;765687;765702;765717;765732;765746;765760;765774;765781;765788;765795;765802;765810;765818;765826;765834;765842;765850;765857;765864;765871;765878;765888;765898;765908;765919;765930;765941,-0.04077510337410595
11338,gdsc:1032:2uM,766632,10791,124,1032,2.0,53139.0,79406.68181818182,521.0714285714286,scan:10791:NC-1+B,766625;766628;766629;766630;766633;766634;766635;766643;766644;766645;766648;766649;766650;766655;766658;766659;766660;766663;766664;766665;766670;766685;766688;766689;766690;766694;766699;766702;766703;766704;766707;766708;766713;766716;766717;766718;766721;766722;766727;766728;766729;766735;766736;766743;766756;766757;766764;766765;766766;766771;766772;766773;766774;766779;766780;766781;766782;766787;766788;766789;766790;766796;766797;766798;766810;766812;766817;766818;766819;766824;766825;766826;766831;766832;766833;766834;766835;766836;766841;766842;766843;766844;766845;766846;766851;766852;766853;766854;766855;766856;766867;766872;766873;766875;766876;766877;766878;766883;766884;766885;766886;766887;766888;766894;766895;766896;766897;766898;766899;766900,766623;766638;766653;766668;766683;766697;766711;766725;766732;766739;766746;766753;766761;766769;766777;766785;766793;766801;766808;766815;766822;766829;766839;766849;766859;766870;766881;766892,0.33298445291159706
11338,gdsc:1036:10uM,766631,10791,123,1036,10.0,55816.0,79406.68181818182,521.0714285714286,scan:10791:NC-1+B,766625;766628;766629;766630;766633;766634;766635;766643;766644;766645;766648;766649;766650;766655;766658;766659;766660;766663;766664;766665;766670;766685;766688;766689;766690;766694;766699;766702;766703;766704;766707;766708;766713;766716;766717;766718;766721;766722;766727;766728;766729;766735;766736;766743;766756;766757;766764;766765;766766;766771;766772;766773;766774;766779;766780;766781;766782;766787;766788;766789;766790;766796;766797;766798;766810;766812;766817;766818;766819;766824;766825;766826;766831;766832;766833;766834;766835;766836;766841;766842;766843;766844;766845;766846;766851;766852;766853;766854;766855;766856;766867;766872;766873;766875;766876;766877;766878;766883;766884;766885;766886;766887;766888;766894;766895;766896;766897;766898;766899;766900,766623;766638;766653;766668;766683;766697;766711;766725;766732;766739;766746;766753;766761;766769;766777;766785;766793;766801;766808;766815;766822;766829;766839;766849;766859;766870;766881;766892,0.2990492398001249
11338,gdsc:1060:0.25uM,766627,10791,101,1060,0.25,89762.0,79406.68181818182,521.0714285714286,scan:10791:NC-1+B,766625;766628;766629;766630;766633;766634;766635;766643;766644;766645;766648;766649;766650;766655;766658;766659;766660;766663;766664;766665;766670;766685;766688;766689;766690;766694;766699;766702;766703;766704;766707;766708;766713;766716;766717;766718;766721;766722;766727;766728;766729;766735;766736;766743;766756;766757;766764;766765;766766;766771;766772;766773;766774;766779;766780;766781;766782;766787;766788;766789;766790;766796;766797;766798;766810;766812;766817;766818;766819;766824;766825;766826;766831;766832;766833;766834;766835;766836;766841;766842;766843;766844;766845;766846;766851;766852;766853;766854;766855;766856;766867;766872;766873;766875;766876;766877;766878;766883;766884;766885;766886;766887;766888;766894;766895;766896;766897;766898;766899;766900,766623;766638;766653;766668;766683;766697;766711;766725;766732;766739;766746;766753;766761;766769;766777;766785;766793;766801;766808;766815;766822;766829;766839;766849;766859;766870;766881;766892,-0.1312700520497212
11343,gdsc:1032:2uM,767104,10792,124,1032,2.0,25132.0,57330.37272727273,347.35714285714283,scan:10792:NC-1+B,767097;767100;767101;767102;767105;767106;767107;767115;767116;767117;767120;767121;767122;767127;767130;767131;767132;767135;767136;767137;767142;767157;767160;767161;767162;767166;767171;767174;767175;767176;767179;767180;767185;767188;767189;767190;767193;767194;767199;767200;767201;767207;767208;767215;767228;767229;767236;767237;767238;767243;767244;767245;767246;767251;767252;767253;767254;767259;767260;767261;767262;767268;767269;767270;767282;767284;767289;767290;767291;767296;767297;767298;767303;767304;767305;767306;767307;767308;767313;767314;767315;767316;767317;767318;767323;767324;767325;767326;767327;767328;767339;767344;767345;767347;767348;767349;767350;767355;767356;767357;767358;767359;767360;767366;767367;767368;767369;767370;767371;767372,767095;767110;767125;767140;767155;767169;767183;767197;767204;767211;767218;767225;767233;767241;767249;767257;767265;767273;767280;767287;767294;767301;767311;767321;767331;767342;767353;767364,0.5650521018771553
11343,gdsc:1036:10uM,767103,10792,123,1036,10.0,56103.0,57330.37272727273,347.35714285714283,scan:10792:NC-1+B,767097;767100;767101;767102;767105;767106;767107;767115;767116;767117;767120;767121;767122;767127;767130;767131;767132;767135;767136;767137;767142;767157;767160;767161;767162;767166;767171;767174;767175;767176;767179;767180;767185;767188;767189;767190;767193;767194;767199;767200;767201;767207;767208;767215;767228;767229;767236;767237;767238;767243;767244;767245;767246;767251;767252;767253;767254;767259;767260;767261;767262;767268;767269;767270;767282;767284;767289;767290;767291;767296;767297;767298;767303;767304;767305;767306;767307;767308;767313;767314;767315;767316;767317;767318;767323;767324;767325;767326;767327;767328;767339;767344;767345;767347;767348;767349;767350;767355;767356;767357;767358;767359;767360;767366;767367;767368;767369;767370;767371;767372,767095;767110;767125;767140;767155;767169;767183;767197;767204;767211;767218;767225;767233;767241;767249;767257;767265;767273;767280;767287;767294;767301;767311;767321;767331;767342;767353;767364,0.021539272969056444
11343,gdsc:1060:0.25uM,767099,10792,101,1060,0.25,49220.0,57330.37272727273,347.35714285714283,scan:10792:NC-1+B,767097;767100;767101;767102;767105;767106;767107;767115;767116;767117;767120;767121;767122;767127;767130;767131;767132;767135;767136;767137;767142;767157;767160;767161;767162;767166;767171;767174;767175;767176;767179;767180;767185;767188;767189;767190;767193;767194;767199;767200;767201;767207;767208;767215;767228;767229;767236;767237;767238;767243;767244;767245;767246;767251;767252;767253;767254;767259;767260;767261;767262;767268;767269;767270;767282;767284;767289;767290;767291;767296;767297;767298;767303;767304;767305;767306;767307;767308;767313;767314;767315;767316;767317;767318;767323;767324;767325;767326;767327;767328;767339;767344;767345;767347;767348;767349;767350;767355;767356;767357;767358;767359;767360;767366;767367;767368;767369;767370;767371;767372,767095;767110;767125;767140;767155;767169;767183;767197;767204;767211;767218;767225;767233;767241;767249;767257;767265;767273;767280;767287;767294;767301;767311;767321;767331;767342;767353;767364,0.1423296511090728
11354,gdsc:1032:2uM,768055,10797,124,1032,2.0,34881.0,39455.009090909094,323.39285714285717,scan:10797:NC-1+B,768048;768051;768052;768053;768056;768057;768058;768066;768067;768068;768071;768072;768073;768078;768081;768082;768083;768086;768087;768088;768093;768108;768111;768112;768113;768117;768122;768125;768126;768127;768130;768131;768136;768139;768140;768141;768144;768145;768150;768151;768152;768158;768159;768166;768179;768180;768187;768188;768189;768194;768195;768196;768197;768202;768203;768204;768205;768210;768211;768212;768213;768219;768220;768221;768233;768235;768240;768241;768242;768247;768248;768249;768254;768255;768256;768257;768258;768259;768264;768265;768266;768267;768268;768269;768274;768275;768276;768277;768278;768279;768290;768295;768296;768298;768299;768300;768301;768306;768307;768308;768309;768310;768311;768317;768318;768319;768320;768321;768322;768323,768046;768061;768076;768091;768106;768120;768134;768148;768155;768162;768169;768176;768184;768192;768200;768208;768216;768224;768231;768238;768245;768252;768262;768272;768282;768293;768304;768315,0.11688781428256556
11354,gdsc:1036:10uM,768054,10797,123,1036,10.0,34403.0,39455.009090909094,323.39285714285717,scan:10797:NC-1+B,768048;768051;768052;768053;768056;768057;768058;768066;768067;768068;768071;768072;768073;768078;768081;768082;768083;768086;768087;768088;768093;768108;768111;768112;768113;768117;768122;768125;768126;768127;768130;768131;768136;768139;768140;768141;768144;768145;768150;768151;768152;768158;768159;768166;768179;768180;768187;768188;768189;768194;768195;768196;768197;768202;768203;768204;768205;768210;768211;768212;768213;768219;768220;768221;768233;768235;768240;768241;768242;768247;768248;768249;768254;768255;768256;768257;768258;768259;768264;768265;768266;768267;768268;768269;768274;768275;768276;768277;768278;768279;768290;768295;768296;768298;768299;768300;768301;768306;768307;768308;768309;768310;768311;768317;768318;768319;768320;768321;768322;768323,768046;768061;768076;768091;768106;768120;768134;768148;768155;768162;768169;768176;768184;768192;768200;768208;768216;768224;768231;768238;768245;768252;768262;768272;768282;768293;768304;768315,0.12910300102937666
11354,gdsc:1060:0.25uM,768050,10797,101,1060,0.25,26375.0,39455.009090909094,323.39285714285717,scan:10797:NC-1+B,768048;768051;768052;768053;768056;768057;768058;768066;768067;768068;768071;768072;768073;768078;768081;768082;768083;768086;768087;768088;768093;768108;768111;768112;768113;768117;768122;768125;768126;768127;768130;768131;768136;768139;768140;768141;768144;768145;768150;768151;768152;768158;768159;768166;768179;768180;768187;768188;768189;768194;768195;768196;768197;768202;768203;768204;768205;768210;768211;768212;768213;768219;768220;768221;768233;768235;768240;768241;768242;768247;768248;768249;768254;768255;768256;768257;768258;768259;768264;768265;768266;768267;768268;768269;768274;768275;768276;768277;768278;768279;768290;768295;768296;768298;768299;768300;768301;768306;768307;768308;768309;768310;768311;768317;768318;768319;768320;768321;768322;768323,768046;768061;768076;768091;768106;768120;768134;768148;768155;768162;768169;768176;768184;768192;768200;768208;768216;768224;768231;768238;768245;768252;768262;768272;768282;768293;768304;768315,0.33425680689422954
11359,gdsc:1032:2uM,769006,10800,124,1032,2.0,29051.0,30347.063636363637,230.60714285714286,scan:10800:NC-1+B,768999;769002;769003;769004;769007;769008;769009;769017;769018;769019;769022;769023;769024;769029;769032;769033;769034;769037;769038;769039;769044;769059;769062;769063;769064;769068;769073;769076;769077;769078;769081;769082;769087;769090;769091;769092;769095;769096;769101;769102;769103;769109;769110;769117;769130;769131;769138;769139;769140;769145;769146;769147;769148;769153;769154;769155;769156;769161;769162;769163;769164;769170;769171;769172;769184;769186;769191;769192;769193;769198;769199;769200;769205;769206;769207;769208;769209;769210;769215;769216;769217;769218;769219;769220;769225;769226;769227;769228;769229;769230;769241;769246;769247;769249;769250;769251;769252;769257;769258;769259;769260;769261;769262;769268;769269;769270;769271;769272;769273;769274,768997;769012;769027;769042;769057;769071;769085;769099;769106;769113;769120;769127;769135;769143;769151;769159;769167;769175;769182;769189;769196;769203;769213;769223;769233;769244;769255;769266,0.043035064123267075
11359,gdsc:1036:10uM,769005,10800,123,1036,10.0,25706.0,30347.063636363637,230.60714285714286,scan:10800:NC-1+B,768999;769002;769003;769004;769007;769008;769009;769017;769018;769019;769022;769023;769024;769029;769032;769033;769034;769037;769038;769039;769044;769059;769062;769063;769064;769068;769073;769076;769077;769078;769081;769082;769087;769090;769091;769092;769095;769096;769101;769102;769103;769109;769110;769117;769130;769131;769138;769139;769140;769145;769146;769147;769148;769153;769154;769155;769156;769161;769162;769163;769164;769170;769171;769172;769184;769186;769191;769192;769193;769198;769199;769200;769205;769206;769207;769208;769209;769210;769215;769216;769217;769218;769219;769220;769225;769226;769227;769228;769229;769230;769241;769246;769247;769249;769250;769251;769252;769257;769258;769259;769260;769261;769262;769268;769269;769270;769271;769272;769273;769274,768997;769012;769027;769042;769057;769071;769085;769099;769106;769113;769120;769127;769135;769143;769151;769159;769167;769175;769182;769189;769196;769203;769213;769223;769233;769244;769255;769266,0.1541039078539771
11359,gdsc:1060:0.25uM,769001,10800,101,1060,0.25,21405.0,30347.063636363637,230.60714285714286,scan:10800:NC-1+B,768999;769002;769003;769004;769007;769008;769009;769017;769018;769019;769022;769023;769024;769029;769032;769033;769034;769037;769038;769039;769044;769059;769062;769063;769064;769068;769073;769076;769077;769078;769081;769082;769087;769090;769091;769092;769095;769096;769101;769102;769103;769109;769110;769117;769130;769131;769138;769139;769140;769145;769146;769147;769148;769153;769154;769155;769156;769161;769162;769163;769164;769170;769171;769172;769184;769186;769191;769192;769193;769198;769199;769200;769205;769206;769207;769208;769209;769210;769215;769216;769217;769218;769219;769220;769225;769226;769227;769228;769229;769230;769241;769246;769247;769249;769250;769251;769252;769257;769258;769259;769260;769261;769262;769268;769269;769270;769271;769272;769273;769274,768997;769012;769027;769042;769057;769071;769085;769099;769106;769113;769120;769127;769135;769143;769151;769159;769167;769175;769182;769189;769196;769203;769213;769223;769233;769244;769255;769266,0.29691619391848656
11364,gdsc:1032:2uM,769957,10803,124,1032,2.0,31153.0,42657.46363636364,308.4642857142857,scan:10803:NC-1+B,769950;769953;769954;769955;769958;769959;769960;769968;769969;769970;769973;769974;769975;769980;769983;769984;769985;769988;769989;769990;769995;770010;770013;770014;770015;770019;770024;770027;770028;770029;770032;770033;770038;770041;770042;770043;770046;770047;770052;770053;770054;770060;770061;770068;770081;770082;770089;770090;770091;770096;770097;770098;770099;770104;770105;770106;770107;770112;770113;770114;770115;770121;770122;770123;770135;770137;770142;770143;770144;770149;770150;770151;770156;770157;770158;770159;770160;770161;770166;770167;770168;770169;770170;770171;770176;770177;770178;770179;770180;770181;770192;770197;770198;770200;770201;770202;770203;770208;770209;770210;770211;770212;770213;770219;770220;770221;770222;770223;770224;770225,769948;769963;769978;769993;770008;770022;770036;770050;770057;770064;770071;770078;770086;770094;770102;770110;770118;770126;770133;770140;770147;770154;770164;770174;770184;770195;770206;770217,0.27165845268519284
11364,gdsc:1036:10uM,769956,10803,123,1036,10.0,38035.0,42657.46363636364,308.4642857142857,scan:10803:NC-1+B,769950;769953;769954;769955;769958;769959;769960;769968;769969;769970;769973;769974;769975;769980;769983;769984;769985;769988;769989;769990;769995;770010;770013;770014;770015;770019;770024;770027;770028;770029;770032;770033;770038;770041;770042;770043;770046;770047;770052;770053;770054;770060;770061;770068;770081;770082;770089;770090;770091;770096;770097;770098;770099;770104;770105;770106;770107;770112;770113;770114;770115;770121;770122;770123;770135;770137;770142;770143;770144;770149;770150;770151;770156;770157;770158;770159;770160;770161;770166;770167;770168;770169;770170;770171;770176;770177;770178;770179;770180;770181;770192;770197;770198;770200;770201;770202;770203;770208;770209;770210;770211;770212;770213;770219;770220;770221;770222;770223;770224;770225,769948;769963;769978;769993;770008;770022;770036;770050;770057;770064;770071;770078;770086;770094;770102;770110;770118;770126;770133;770140;770147;770154;770164;770174;770184;770195;770206;770217,0.10915166136724219
11364,gdsc:1060:0.25uM,769952,10803,101,1060,0.25,37940.0,42657.46363636364,308.4642857142857,scan:10803:NC-1+B,769950;769953;769954;769955;769958;769959;769960;769968;769969;769970;769973;769974;769975;769980;769983;769984;769985;769988;769989;769990;769995;770010;770013;770014;770015;770019;770024;770027;770028;770029;770032;770033;770038;770041;770042;770043;770046;770047;770052;770053;770054;770060;770061;770068;770081;770082;770089;770090;770091;770096;770097;770098;770099;770104;770105;770106;770107;770112;770113;770114;770115;770121;770122;770123;770135;770137;770142;770143;770144;770149;770150;770151;770156;770157;770158;770159;770160;770161;770166;770167;770168;770169;770170;770171;770176;770177;770178;770179;770180;770181;770192;770197;770198;770200;770201;770202;770203;770208;770209;770210;770211;770212;770213;770219;770220;770221;770222;770223;770224;770225,769948;769963;769978;769993;770008;770022;770036;770050;770057;770064;770071;770078;770086;770094;770102;770110;770118;770126;770133;770140;770147;770154;770164;770174;770184;770195;770206;770217,0.11139492570540044
11367,gdsc:1032:2uM,770908,10805,124,1032,2.0,27044.0,28724.090909090908,288.60714285714283,scan:10805:NC-1+B,770901;770904;770905;770906;770909;770910;770911;770919;770920;770921;770924;770925;770926;770931;770934;770935;770936;770939;770940;770941;770946;770961;770964;770965;770966;770970;770975;770978;770979;770980;770983;770984;770989;770992;770993;770994;770997;770998;771003;771004;771005;771011;771012;771019;771032;771033;771040;771041;771042;771047;771048;771049;771050;771055;771056;771057;771058;771063;771064;771065;771066;771072;771073;771074;771086;771088;771093;771094;771095;771100;771101;771102;771107;771108;771109;771110;771111;771112;771117;771118;771119;771120;771121;771122;771127;771128;771129;771130;771131;771132;771143;771148;771149;771151;771152;771153;771154;771159;771160;771161;771162;771163;771164;771170;771171;771172;771173;771174;771175;771176,770899;770914;770929;770944;770959;770973;770987;771001;771008;771015;771022;771029;771037;771045;771053;771061;771069;771077;771084;771091;771098;771105;771115;771125;771135;771146;771157;771168,0.05908430898882622
11367,gdsc:1036:10uM,770907,10805,123,1036,10.0,28382.0,28724.090909090908,288.60714285714283,scan:10805:NC-1+B,770901;770904;770905;770906;770909;770910;770911;770919;770920;770921;770924;770925;770926;770931;770934;770935;770936;770939;770940;770941;770946;770961;770964;770965;770966;770970;770975;770978;770979;770980;770983;770984;770989;770992;770993;770994;770997;770998;771003;771004;771005;771011;771012;771019;771032;771033;771040;771041;771042;771047;771048;771049;771050;771055;771056;771057;771058;771063;771064;771065;771066;771072;771073;771074;771086;771088;771093;771094;771095;771100;771101;771102;771107;771108;771109;771110;771111;771112;771117;771118;771119;771120;771121;771122;771127;771128;771129;771130;771131;771132;771143;771148;771149;771151;771152;771153;771154;771159;771160;771161;771162;771163;771164;771170;771171;771172;771173;771174;771175;771176,770899;770914;770929;770944;770959;770973;770987;771001;771008;771015;771022;771029;771037;771045;771053;771061;771069;771077;771084;771091;771098;771105;771115;771125;771135;771146;771157;771168,0.01203042339294158
11367,gdsc:1060:0.25uM,770903,10805,101,1060,0.25,23794.0,28724.090909090908,288.60714285714283,scan:10805:NC-1+B,770901;770904;770905;770906;770909;770910;770911;770919;770920;770921;770924;770925;770926;770931;770934;770935;770936;770939;770940;770941;770946;770961;770964;770965;770966;770970;770975;770978;770979;770980;770983;770984;770989;770992;770993;770994;770997;770998;771003;771004;771005;771011;771012;771019;771032;771033;771040;771041;771042;771047;771048;771049;771050;771055;771056;771057;771058;771063;771064;771065;771066;771072;771073;771074;771086;771088;771093;771094;771095;771100;771101;771102;771107;771108;771109;771110;771111;771112;771117;771118;771119;771120;771121;771122;771127;771128;771129;771130;771131;771132;771143;771148;771149;771151;771152;771153;771154;771159;771160;771161;771162;771163;771164;771170;771171;771172;771173;771174;771175;771176,770899;770914;770929;770944;770959;770973;770987;771001;771008;771015;771022;771029;771037;771045;771053;771061;771069;771077;771084;771091;771098;771105;771115;771125;771135;771146;771157;771168,0.17337812676657305
11370,gdsc:1032:2uM,771859,10807,124,1032,2.0,32778.0,41142.9,321.32142857142856,scan:10807:NC-1+B,771852;771855;771856;771857;771860;771861;771862;771870;771871;771872;771875;771876;771877;771882;771885;771886;771887;771890;771891;771892;771897;771912;771915;771916;771917;771921;771926;771929;771930;771931;771934;771935;771940;771943;771944;771945;771948;771949;771954;771955;771956;771962;771963;771970;771983;771984;771991;771992;771993;771998;771999;772000;772001;772006;772007;772008;772009;772014;772015;772016;772017;772023;772024;772025;772037;772039;772044;772045;772046;772051;772052;772053;772058;772059;772060;772061;772062;772063;772068;772069;772070;772071;772072;772073;772078;772079;772080;772081;772082;772083;772094;772099;772100;772102;772103;772104;772105;772110;772111;772112;772113;772114;772115;772121;772122;772123;772124;772125;772126;772127,771850;771865;771880;771895;771910;771924;771938;771952;771959;771966;771973;771980;771988;771996;772004;772012;772020;772028;772035;772042;772049;772056;772066;772076;772086;772097;772108;772119,0.2049136827318745
11370,gdsc:1036:10uM,771858,10807,123,1036,10.0,28370.0,41142.9,321.32142857142856,scan:10807:NC-1+B,771852;771855;771856;771857;771860;771861;771862;771870;771871;771872;771875;771876;771877;771882;771885;771886;771887;771890;771891;771892;771897;771912;771915;771916;771917;771921;771926;771929;771930;771931;771934;771935;771940;771943;771944;771945;771948;771949;771954;771955;771956;771962;771963;771970;771983;771984;771991;771992;771993;771998;771999;772000;772001;772006;772007;772008;772009;772014;772015;772016;772017;772023;772024;772025;772037;772039;772044;772045;772046;772051;772052;772053;772058;772059;772060;772061;772062;772063;772068;772069;772070;772071;772072;772073;772078;772079;772080;772081;772082;772083;772094;772099;772100;772102;772103;772104;772105;772110;772111;772112;772113;772114;772115;772121;772122;772123;772124;772125;772126;772127,771850;771865;771880;771895;771910;771924;771938;771952;771959;771966;771973;771980;771988;771996;772004;772012;772020;772028;772035;772042;772049;772056;772066;772076;772086;772097;772108;772119,0.31289578813446184
11370,gdsc:1060:0.25uM,771854,10807,101,1060,0.25,30867.0,41142.9,321.32142857142856,scan:10807:NC-1+B,771852;771855;771856;771857;771860;771861;771862;771870;771871;771872;771875;771876;771877;771882;771885;771886;771887;771890;771891;771892;771897;771912;771915;771916;771917;771921;771926;771929;771930;771931;771934;771935;771940;771943;771944;771945;771948;771949;771954;771955;771956;771962;771963;771970;771983;771984;771991;771992;771993;771998;771999;772000;772001;772006;772007;772008;772009;772014;772015;772016;772017;772023;772024;772025;772037;772039;772044;772045;772046;772051;772052;772053;772058;772059;772060;772061;772062;772063;772068;772069;772070;772071;772072;772073;772078;772079;772080;772081;772082;772083;772094;772099;772100;772102;772103;772104;772105;772110;772111;772112;772113;772114;772115;772121;772122;772123;772124;772125;772126;772127,771850;771865;771880;771895;771910;771924;771938;771952;771959;771966;771973;771980;771988;771996;772004;772012;772020;772028;772035;772042;772049;772056;772066;772076;772086;772097;772108;772119,0.2517271590078147
11373,gdsc:1032:2uM,772810,10809,124,1032,2.0,35072.0,33859.527272727275,325.42857142857144,scan:10809:NC-1+B,772803;772806;772807;772808;772811;772812;772813;772821;772822;772823;772826;772827;772828;772833;772836;772837;772838;772841;772842;772843;772848;772863;772866;772867;772868;772872;772877;772880;772881;772882;772885;772886;772891;772894;772895;772896;772899;772900;772905;772906;772907;772913;772914;772921;772934;772935;772942;772943;772944;772949;772950;772951;772952;772957;772958;772959;772960;772965;772966;772967;772968;772974;772975;772976;772988;772990;772995;772996;772997;773002;773003;773004;773009;773010;773011;773012;773013;773014;773019;773020;773021;773022;773023;773024;773029;773030;773031;773032;773033;773034;773045;773050;773051;773053;773054;773055;773056;773061;773062;773063;773064;773065;773066;773072;773073;773074;773075;773076;773077;773078,772801;772816;772831;772846;772861;772875;772889;772903;772910;772917;772924;772931;772939;772947;772955;772963;772971;772979;772986;772993;773000;773007;773017;773027;773037;773048;773059;773070,-0.036156413150467914
11373,gdsc:1036:10uM,772809,10809,123,1036,10.0,34642.0,33859.527272727275,325.42857142857144,scan:10809:NC-1+B,772803;772806;772807;772808;772811;772812;772813;772821;772822;772823;772826;772827;772828;772833;772836;772837;772838;772841;772842;772843;772848;772863;772866;772867;772868;772872;772877;772880;772881;772882;772885;772886;772891;772894;772895;772896;772899;772900;772905;772906;772907;772913;772914;772921;772934;772935;772942;772943;772944;772949;772950;772951;772952;772957;772958;772959;772960;772965;772966;772967;772968;772974;772975;772976;772988;772990;772995;772996;772997;773002;773003;773004;773009;773010;773011;773012;773013;773014;773019;773020;773021;773022;773023;773024;773029;773030;773031;773032;773033;773034;773045;773050;773051;773053;773054;773055;773056;773061;773062;773063;773064;773065;773066;773072;773073;773074;773075;773076;773077;773078,772801;772816;772831;772846;772861;772875;772889;772903;772910;772917;772924;772931;772939;772947;772955;772963;772971;772979;772986;772993;773000;773007;773017;773027;773037;773048;773059;773070,-0.023333644188338498
11373,gdsc:1060:0.25uM,772805,10809,101,1060,0.25,22552.0,33859.527272727275,325.42857142857144,scan:10809:NC-1+B,772803;772806;772807;772808;772811;772812;772813;772821;772822;772823;772826;772827;772828;772833;772836;772837;772838;772841;772842;772843;772848;772863;772866;772867;772868;772872;772877;772880;772881;772882;772885;772886;772891;772894;772895;772896;772899;772900;772905;772906;772907;772913;772914;772921;772934;772935;772942;772943;772944;772949;772950;772951;772952;772957;772958;772959;772960;772965;772966;772967;772968;772974;772975;772976;772988;772990;772995;772996;772997;773002;773003;773004;773009;773010;773011;773012;773013;773014;773019;773020;773021;773022;773023;773024;773029;773030;773031;773032;773033;773034;773045;773050;773051;773053;773054;773055;773056;773061;773062;773063;773064;773065;773066;773072;773073;773074;773075;773076;773077;773078,772801;772816;772831;772846;772861;772875;772889;772903;772910;772917;772924;772931;772939;772947;772955;772963;772971;772979;772986;772993;773000;773007;773017;773027;773037;773048;773059;773070,0.3371949063980467
11399,gdsc:1032:2uM,773282,10866,124,1032,2.0,63082.0,82715.31818181818,585.75,scan:10866:NC-1+B,773275;773278;773279;773280;773283;773284;773285;773293;773294;773295;773298;773299;773300;773305;773308;773309;773310;773313;773314;773315;773320;773335;773338;773339;773340;773344;773349;773352;773353;773354;773357;773358;773363;773366;773367;773368;773371;773372;773377;773378;773379;773385;773386;773393;773406;773407;773414;773415;773416;773421;773422;773423;773424;773429;773430;773431;773432;773437;773438;773439;773440;773446;773447;773448;773460;773462;773467;773468;773469;773474;773475;773476;773481;773482;773483;773484;773485;773486;773491;773492;773493;773494;773495;773496;773501;773502;773503;773504;773505;773506;773517;773522;773523;773525;773526;773527;773528;773533;773534;773535;773536;773537;773538;773544;773545;773546;773547;773548;773549;773550,773273;773288;773303;773318;773333;773347;773361;773375;773382;773389;773396;773403;773411;773419;773427;773435;773443;773451;773458;773465;773472;773479;773489;773499;773509;773520;773531;773542,0.23905298197056146
11399,gdsc:1036:10uM,773281,10866,123,1036,10.0,51514.0,82715.31818181818,585.75,scan:10866:NC-1+B,773275;773278;773279;773280;773283;773284;773285;773293;773294;773295;773298;773299;773300;773305;773308;773309;773310;773313;773314;773315;773320;773335;773338;773339;773340;773344;773349;773352;773353;773354;773357;773358;773363;773366;773367;773368;773371;773372;773377;773378;773379;773385;773386;773393;773406;773407;773414;773415;773416;773421;773422;773423;773424;773429;773430;773431;773432;773437;773438;773439;773440;773446;773447;773448;773460;773462;773467;773468;773469;773474;773475;773476;773481;773482;773483;773484;773485;773486;773491;773492;773493;773494;773495;773496;773501;773502;773503;773504;773505;773506;773517;773522;773523;773525;773526;773527;773528;773533;773534;773535;773536;773537;773538;773544;773545;773546;773547;773548;773549;773550,773273;773288;773303;773318;773333;773347;773361;773375;773382;773389;773396;773403;773411;773419;773427;773435;773443;773451;773458;773465;773472;773479;773489;773499;773509;773520;773531;773542,0.3799035946803567
11399,gdsc:1060:0.25uM,773277,10866,101,1060,0.25,52470.0,82715.31818181818,585.75,scan:10866:NC-1+B,773275;773278;773279;773280;773283;773284;773285;773293;773294;773295;773298;773299;773300;773305;773308;773309;773310;773313;773314;773315;773320;773335;773338;773339;773340;773344;773349;773352;773353;773354;773357;773358;773363;773366;773367;773368;773371;773372;773377;773378;773379;773385;773386;773393;773406;773407;773414;773415;773416;773421;773422;773423;773424;773429;773430;773431;773432;773437;773438;773439;773440;773446;773447;773448;773460;773462;773467;773468;773469;773474;773475;773476;773481;773482;773483;773484;773485;773486;773491;773492;773493;773494;773495;773496;773501;773502;773503;773504;773505;773506;773517;773522;773523;773525;773526;773527;773528;773533;773534;773535;773536;773537;773538;773544;773545;773546;773547;773548;773549;773550,773273;773288;773303;773318;773333;773347;773361;773375;773382;773389;773396;773403;773411;773419;773427;773435;773443;773451;773458;773465;773472;773479;773489;773499;773509;773520;773531;773542,0.3682634506839386
11402,gdsc:1032:2uM,774233,10868,124,1032,2.0,55625.0,71556.75454545455,411.5357142857143,scan:10868:NC-1+B,774226;774229;774230;774231;774234;774235;774236;774244;774245;774246;774249;774250;774251;774256;774259;774260;774261;774264;774265;774266;774271;774286;774289;774290;774291;774295;774300;774303;774304;774305;774308;774309;774314;774317;774318;774319;774322;774323;774328;774329;774330;774336;774337;774344;774357;774358;774365;774366;774367;774372;774373;774374;774375;774380;774381;774382;774383;774388;774389;774390;774391;774397;774398;774399;774411;774413;774418;774419;774420;774425;774426;774427;774432;774433;774434;774435;774436;774437;774442;774443;774444;774445;774446;774447;774452;774453;774454;774455;774456;774457;774468;774473;774474;774476;774477;774478;774479;774484;774485;774486;774487;774488;774489;774495;774496;774497;774498;774499;774500;774501,774224;774239;774254;774269;774284;774298;774312;774326;774333;774340;774347;774354;774362;774370;774378;774386;774394;774402;774409;774416;774423;774430;774440;774450;774460;774471;774482;774493,0.22393289116534176
11402,gdsc:1036:10uM,774232,10868,123,1036,10.0,49411.0,71556.75454545455,411.5357142857143,scan:10868:NC-1+B,774226;774229;774230;774231;774234;774235;774236;774244;774245;774246;774249;774250;774251;774256;774259;774260;774261;774264;774265;774266;774271;774286;774289;774290;774291;774295;774300;774303;774304;774305;774308;774309;774314;774317;774318;774319;774322;774323;774328;774329;774330;774336;774337;774344;774357;774358;774365;774366;774367;774372;774373;774374;774375;774380;774381;774382;774383;774388;774389;774390;774391;774397;774398;774399;774411;774413;774418;774419;774420;774425;774426;774427;774432;774433;774434;774435;774436;774437;774442;774443;774444;774445;774446;774447;774452;774453;774454;774455;774456;774457;774468;774473;774474;774476;774477;774478;774479;774484;774485;774486;774487;774488;774489;774495;774496;774497;774498;774499;774500;774501,774224;774239;774254;774269;774284;774298;774312;774326;774333;774340;774347;774354;774362;774370;774378;774386;774394;774402;774409;774416;774423;774430;774440;774450;774460;774471;774482;774493,0.31127537323354837
11402,gdsc:1060:0.25uM,774228,10868,101,1060,0.25,57059.0,71556.75454545455,411.5357142857143,scan:10868:NC-1+B,774226;774229;774230;774231;774234;774235;774236;774244;774245;774246;774249;774250;774251;774256;774259;774260;774261;774264;774265;774266;774271;774286;774289;774290;774291;774295;774300;774303;774304;774305;774308;774309;774314;774317;774318;774319;774322;774323;774328;774329;774330;774336;774337;774344;774357;774358;774365;774366;774367;774372;774373;774374;774375;774380;774381;774382;774383;774388;774389;774390;774391;774397;774398;774399;774411;774413;774418;774419;774420;774425;774426;774427;774432;774433;774434;774435;774436;774437;774442;774443;774444;774445;774446;774447;774452;774453;774454;774455;774456;774457;774468;774473;774474;774476;774477;774478;774479;774484;774485;774486;774487;774488;774489;774495;774496;774497;774498;774499;774500;774501,774224;774239;774254;774269;774284;774298;774312;774326;774333;774340;774347;774354;774362;774370;774378;774386;774394;774402;774409;774416;774423;774430;774440;774450;774460;774471;774482;774493,0.2037769337649864
11410,gdsc:1032:2uM,776142,10872,124,1032,2.0,38704.0,39174.218181818185,294.39285714285717,scan:10872:NC-1+B,776135;776138;776139;776140;776143;776144;776145;776153;776154;776155;776158;776159;776160;776165;776168;776169;776170;776173;776174;776175;776180;776195;776198;776199;776200;776204;776209;776212;776213;776214;776217;776218;776223;776226;776227;776228;776231;776232;776237;776238;776239;776245;776246;776253;776266;776267;776274;776275;776276;776281;776282;776283;776284;776289;776290;776291;776292;776297;776298;776299;776300;776306;776307;776308;776320;776322;776327;776328;776329;776334;776335;776336;776341;776342;776343;776344;776345;776346;776351;776352;776353;776354;776355;776356;776361;776362;776363;776364;776365;776366;776377;776382;776383;776385;776386;776387;776388;776393;776394;776395;776396;776397;776398;776404;776405;776406;776407;776408;776409;776410,776133;776148;776163;776178;776193;776207;776221;776235;776242;776249;776256;776263;776271;776279;776287;776295;776303;776311;776318;776325;776332;776339;776349;776359;776369;776380;776391;776402,0.012094143373626687
11410,gdsc:1036:10uM,776141,10872,123,1036,10.0,39756.0,39174.218181818185,294.39285714285717,scan:10872:NC-1+B,776135;776138;776139;776140;776143;776144;776145;776153;776154;776155;776158;776159;776160;776165;776168;776169;776170;776173;776174;776175;776180;776195;776198;776199;776200;776204;776209;776212;776213;776214;776217;776218;776223;776226;776227;776228;776231;776232;776237;776238;776239;776245;776246;776253;776266;776267;776274;776275;776276;776281;776282;776283;776284;776289;776290;776291;776292;776297;776298;776299;776300;776306;776307;776308;776320;776322;776327;776328;776329;776334;776335;776336;776341;776342;776343;776344;776345;776346;776351;776352;776353;776354;776355;776356;776361;776362;776363;776364;776365;776366;776377;776382;776383;776385;776386;776387;776388;776393;776394;776395;776396;776397;776398;776404;776405;776406;776407;776408;776409;776410,776133;776148;776163;776178;776193;776207;776221;776235;776242;776249;776256;776263;776271;776279;776287;776295;776303;776311;776318;776325;776332;776339;776349;776359;776369;776380;776391;776402,-0.01496359135679004
11410,gdsc:1060:0.25uM,776137,10872,101,1060,0.25,37653.0,39174.218181818185,294.39285714285717,scan:10872:NC-1+B,776135;776138;776139;776140;776143;776144;776145;776153;776154;776155;776158;776159;776160;776165;776168;776169;776170;776173;776174;776175;776180;776195;776198;776199;776200;776204;776209;776212;776213;776214;776217;776218;776223;776226;776227;776228;776231;776232;776237;776238;776239;776245;776246;776253;776266;776267;776274;776275;776276;776281;776282;776283;776284;776289;776290;776291;776292;776297;776298;776299;776300;776306;776307;776308;776320;776322;776327;776328;776329;776334;776335;776336;776341;776342;776343;776344;776345;776346;776351;776352;776353;776354;776355;776356;776361;776362;776363;776364;776365;776366;776377;776382;776383;776385;776386;776387;776388;776393;776394;776395;776396;776397;776398;776404;776405;776406;776407;776408;776409;776410,776133;776148;776163;776178;776193;776207;776221;776235;776242;776249;776256;776263;776271;776279;776287;776295;776303;776311;776318;776325;776332;776339;776349;776359;776369;776380;776391;776402,0.03912615782388129
11413,gdsc:1032:2uM,777093,10874,124,1032,2.0,10511.0,24315.927272727273,232.21428571428572,scan:10874:NC-1+B,777086;777089;777090;777091;777094;777095;777096;777104;777105;777106;777109;777110;777111;777116;777119;777120;777121;777124;777125;777126;777131;777146;777149;777150;777151;777155;777160;777163;777164;777165;777168;777169;777174;777177;777178;777179;777182;777183;777188;777189;777190;777196;777197;777204;777217;777218;777225;777226;777227;777232;777233;777234;777235;777240;777241;777242;777243;777248;777249;777250;777251;777257;777258;777259;777271;777273;777278;777279;777280;777285;777286;777287;777292;777293;777294;777295;777296;777297;777302;777303;777304;777305;777306;777307;777312;777313;777314;777315;777316;777317;777328;777333;777334;777336;777337;777338;777339;777344;777345;777346;777347;777348;777349;777355;777356;777357;777358;777359;777360;777361,777084;777099;777114;777129;777144;777158;777172;777186;777193;777200;777207;777214;777222;777230;777238;777246;777254;777262;777269;777276;777283;777290;777300;777310;777320;777331;777342;777353,0.5732059371481261
11413,gdsc:1036:10uM,777092,10874,123,1036,10.0,21309.0,24315.927272727273,232.21428571428572,scan:10874:NC-1+B,777086;777089;777090;777091;777094;777095;777096;777104;777105;777106;777109;777110;777111;777116;777119;777120;777121;777124;777125;777126;777131;777146;777149;777150;777151;777155;777160;777163;777164;777165;777168;777169;777174;777177;777178;777179;777182;777183;777188;777189;777190;777196;777197;777204;777217;777218;777225;777226;777227;777232;777233;777234;777235;777240;777241;777242;777243;777248;777249;777250;777251;777257;777258;777259;777271;777273;777278;777279;777280;777285;777286;777287;777292;777293;777294;777295;777296;777297;777302;777303;777304;777305;777306;777307;777312;777313;777314;777315;777316;777317;777328;777333;777334;777336;777337;777338;777339;777344;777345;777346;777347;777348;777349;777355;777356;777357;777358;777359;777360;777361,777084;777099;777114;777129;777144;777158;777172;777186;777193;777200;777207;777214;777222;777230;777238;777246;777254;777262;777269;777276;777283;777290;777300;777310;777320;777331;777342;777353,0.12485314346457888
11413,gdsc:1060:0.25uM,777088,10874,101,1060,0.25,24941.0,24315.927272727273,232.21428571428572,scan:10874:NC-1+B,777086;777089;777090;777091;777094;777095;777096;777104;777105;777106;777109;777110;777111;777116;777119;777120;777121;777124;777125;777126;777131;777146;777149;777150;777151;777155;777160;777163;777164;777165;777168;777169;777174;777177;777178;777179;777182;777183;777188;777189;777190;777196;777197;777204;777217;777218;777225;777226;777227;777232;777233;777234;777235;777240;777241;777242;777243;777248;777249;777250;777251;777257;777258;777259;777271;777273;777278;777279;777280;777285;777286;777287;777292;777293;777294;777295;777296;777297;777302;777303;777304;777305;777306;777307;777312;777313;777314;777315;777316;777317;777328;777333;777334;777336;777337;777338;777339;777344;777345;777346;777347;777348;777349;777355;777356;777357;777358;777359;777360;777361,777084;777099;777114;777129;777144;777158;777172;777186;777193;777200;777207;777214;777222;777230;777238;777246;777254;777262;777269;777276;777283;777290;777300;777310;777320;777331;777342;777353,-0.025954167765152913
11422,gdsc:1032:2uM,778044,10880,124,1032,2.0,20831.0,30275.854545454546,232.32142857142858,scan:10880:NC-1+B,778037;778040;778041;778042;778045;778046;778047;778055;778056;778057;778060;778061;778062;778067;778070;778071;778072;778075;778076;778077;778082;778097;778100;778101;778102;778106;778111;778114;778115;778116;778119;778120;778125;778128;778129;778130;778133;778134;778139;778140;778141;778147;778148;778155;778168;778169;778176;778177;778178;778183;778184;778185;778186;778191;778192;778193;778194;778199;778200;778201;778202;778208;778209;778210;778222;778224;778229;778230;778231;778236;778237;778238;778243;778244;778245;778246;778247;778248;778253;778254;778255;778256;778257;778258;778263;778264;778265;778266;778267;778268;778279;778284;778285;778287;778288;778289;778290;778295;778296;778297;778298;778299;778300;778306;778307;778308;778309;778310;778311;778312,778035;778050;778065;778080;778095;778109;778123;778137;778144;778151;778158;778165;778173;778181;778189;778197;778205;778213;778220;778227;778234;778241;778251;778261;778271;778282;778293;778304,0.3143722979820559
11422,gdsc:1036:10uM,778043,10880,123,1036,10.0,16818.0,30275.854545454546,232.32142857142858,scan:10880:NC-1+B,778037;778040;778041;778042;778045;778046;778047;778055;778056;778057;778060;778061;778062;778067;778070;778071;778072;778075;778076;778077;778082;778097;778100;778101;778102;778106;778111;778114;778115;778116;778119;778120;778125;778128;778129;778130;778133;778134;778139;778140;778141;778147;778148;778155;778168;778169;778176;778177;778178;778183;778184;778185;778186;778191;778192;778193;778194;778199;778200;778201;778202;778208;778209;778210;778222;778224;778229;778230;778231;778236;778237;778238;778243;778244;778245;778246;778247;778248;778253;778254;778255;778256;778257;778258;778263;778264;778265;778266;778267;778268;778279;778284;778285;778287;778288;778289;778290;778295;778296;778297;778298;778299;778300;778306;778307;778308;778309;778310;778311;778312,778035;778050;778065;778080;778095;778109;778123;778137;778144;778151;778158;778165;778173;778181;778189;778197;778205;778213;778220;778227;778234;778241;778251;778261;778271;778282;778293;778304,0.44794513658221624
11422,gdsc:1060:0.25uM,778039,10880,101,1060,0.25,30484.0,30275.854545454546,232.32142857142858,scan:10880:NC-1+B,778037;778040;778041;778042;778045;778046;778047;778055;778056;778057;778060;778061;778062;778067;778070;778071;778072;778075;778076;778077;778082;778097;778100;778101;778102;778106;778111;778114;778115;778116;778119;778120;778125;778128;778129;778130;778133;778134;778139;778140;778141;778147;778148;778155;778168;778169;778176;778177;778178;778183;778184;778185;778186;778191;778192;778193;778194;778199;778200;778201;778202;778208;778209;778210;778222;778224;778229;778230;778231;778236;778237;778238;778243;778244;778245;778246;778247;778248;778253;778254;778255;778256;778257;778258;778263;778264;778265;778266;778267;778268;778279;778284;778285;778287;778288;778289;778290;778295;778296;778297;778298;778299;778300;778306;778307;778308;778309;778310;778311;778312,778035;778050;778065;778080;778095;778109;778123;778137;778144;778151;778158;778165;778173;778181;778189;778197;778205;778213;778220;778227;778234;778241;778251;778261;778271;778282;778293;778304,-0.006928128384090959
11425,gdsc:1032:2uM,778995,10882,124,1032,2.0,42432.0,50539.86363636364,477.35714285714283,scan:10882:NC-1+B,778988;778991;778992;778993;778996;778997;778998;779006;779007;779008;779011;779012;779013;779018;779021;779022;779023;779026;779027;779028;779033;779048;779051;779052;779053;779057;779062;779065;779066;779067;779070;779071;779076;779079;779080;779081;779084;779085;779090;779091;779092;779098;779099;779106;779119;779120;779127;779128;779129;779134;779135;779136;779137;779142;779143;779144;779145;779150;779151;779152;779153;779159;779160;779161;779173;779175;779180;779181;779182;779187;779188;779189;779194;779195;779196;779197;779198;779199;779204;779205;779206;779207;779208;779209;779214;779215;779216;779217;779218;779219;779230;779235;779236;779238;779239;779240;779241;779246;779247;779248;779249;779250;779251;779257;779258;779259;779260;779261;779262;779263,778986;779001;779016;779031;779046;779060;779074;779088;779095;779102;779109;779116;779124;779132;779140;779148;779156;779164;779171;779178;779185;779192;779202;779212;779222;779233;779244;779255,0.16195480818395092
11425,gdsc:1036:10uM,778994,10882,123,1036,10.0,45109.0,50539.86363636364,477.35714285714283,scan:10882:NC-1+B,778988;778991;778992;778993;778996;778997;778998;779006;779007;779008;779011;779012;779013;779018;779021;779022;779023;779026;779027;779028;779033;779048;779051;779052;779053;779057;779062;779065;779066;779067;779070;779071;779076;779079;779080;779081;779084;779085;779090;779091;779092;779098;779099;779106;779119;779120;779127;779128;779129;779134;779135;779136;779137;779142;779143;779144;779145;779150;779151;779152;779153;779159;779160;779161;779173;779175;779180;779181;779182;779187;779188;779189;779194;779195;779196;779197;779198;779199;779204;779205;779206;779207;779208;779209;779214;779215;779216;779217;779218;779219;779230;779235;779236;779238;779239;779240;779241;779246;779247;779248;779249;779250;779251;779257;779258;779259;779260;779261;779262;779263,778986;779001;779016;779031;779046;779060;779074;779088;779095;779102;779109;779116;779124;779132;779140;779148;779156;779164;779171;779178;779185;779192;779202;779212;779222;779233;779244;779255,0.10848165656803588
11425,gdsc:1060:0.25uM,778990,10882,101,1060,0.25,38513.0,50539.86363636364,477.35714285714283,scan:10882:NC-1+B,778988;778991;778992;778993;778996;778997;778998;779006;779007;779008;779011;779012;779013;779018;779021;779022;779023;779026;779027;779028;779033;779048;779051;779052;779053;779057;779062;779065;779066;779067;779070;779071;779076;779079;779080;779081;779084;779085;779090;779091;779092;779098;779099;779106;779119;779120;779127;779128;779129;779134;779135;779136;779137;779142;779143;779144;779145;779150;779151;779152;779153;779159;779160;779161;779173;779175;779180;779181;779182;779187;779188;779189;779194;779195;779196;779197;779198;779199;779204;779205;779206;779207;779208;779209;779214;779215;779216;779217;779218;779219;779230;779235;779236;779238;779239;779240;779241;779246;779247;779248;779249;779250;779251;779257;779258;779259;779260;779261;779262;779263,778986;779001;779016;779031;779046;779060;779074;779088;779095;779102;779109;779116;779124;779132;779140;779148;779156;779164;779171;779178;779185;779192;779202;779212;779222;779233;779244;779255,0.24023694534598705
11428,gdsc:1032:2uM,779946,10884,124,1032,2.0,55242.0,52375.65454545455,361.7857142857143,scan:10884:NC-1+B,779939;779942;779943;779944;779947;779948;779949;779957;779958;779959;779962;779963;779964;779969;779972;779973;779974;779977;779978;779979;779984;779999;780002;780003;780004;780008;780013;780016;780017;780018;780021;780022;780027;780030;780031;780032;780035;780036;780041;780042;780043;780049;780050;780057;780070;780071;780078;780079;780080;780085;780086;780087;780088;780093;780094;780095;780096;780101;780102;780103;780104;780110;780111;780112;780124;780126;780131;780132;780133;780138;780139;780140;780145;780146;780147;780148;780149;780150;780155;780156;780157;780158;780159;780160;780165;780166;780167;780168;780169;780170;780181;780186;780187;780189;780190;780191;780192;780197;780198;780199;780200;780201;780202;780208;780209;780210;780211;780212;780213;780214,779937;779952;779967;779982;779997;780011;780025;780039;780046;780053;780060;780067;780075;780083;780091;780099;780107;780115;780122;780129;780136;780143;780153;780163;780173;780184;780195;780206,-0.05510733039007887
11428,gdsc:1036:10uM,779945,10884,123,1036,10.0,32492.0,52375.65454545455,361.7857142857143,scan:10884:NC-1+B,779939;779942;779943;779944;779947;779948;779949;779957;779958;779959;779962;779963;779964;779969;779972;779973;779974;779977;779978;779979;779984;779999;780002;780003;780004;780008;780013;780016;780017;780018;780021;780022;780027;780030;780031;780032;780035;780036;780041;780042;780043;780049;780050;780057;780070;780071;780078;780079;780080;780085;780086;780087;780088;780093;780094;780095;780096;780101;780102;780103;780104;780110;780111;780112;780124;780126;780131;780132;780133;780138;780139;780140;780145;780146;780147;780148;780149;780150;780155;780156;780157;780158;780159;780160;780165;780166;780167;780168;780169;780170;780181;780186;780187;780189;780190;780191;780192;780197;780198;780199;780200;780201;780202;780208;780209;780210;780211;780212;780213;780214,779937;779952;779967;779982;779997;780011;780025;780039;780046;780053;780060;780067;780075;780083;780091;780099;780107;780115;780122;780129;780136;780143;780153;780163;780173;780184;780195;780206,0.38227601584482496
11428,gdsc:1060:0.25uM,779941,10884,101,1060,0.25,35837.0,52375.65454545455,361.7857142857143,scan:10884:NC-1+B,779939;779942;779943;779944;779947;779948;779949;779957;779958;779959;779962;779963;779964;779969;779972;779973;779974;779977;779978;779979;779984;779999;780002;780003;780004;780008;780013;780016;780017;780018;780021;780022;780027;780030;780031;780032;780035;780036;780041;780042;780043;780049;780050;780057;780070;780071;780078;780079;780080;780085;780086;780087;780088;780093;780094;780095;780096;780101;780102;780103;780104;780110;780111;780112;780124;780126;780131;780132;780133;780138;780139;780140;780145;780146;780147;780148;780149;780150;780155;780156;780157;780158;780159;780160;780165;780166;780167;780168;780169;780170;780181;780186;780187;780189;780190;780191;780192;780197;780198;780199;780200;780201;780202;780208;780209;780210;780211;780212;780213;780214,779937;779952;779967;779982;779997;780011;780025;780039;780046;780053;780060;780067;780075;780083;780091;780099;780107;780115;780122;780129;780136;780143;780153;780163;780173;780184;780195;780206,0.31796624471709967
11433,gdsc:1032:2uM,781376,10887,124,1032,2.0,45300.0,65408.29090909091,304.9642857142857,scan:10887:NC-1+B,781369;781372;781373;781374;781377;781378;781379;781387;781388;781389;781392;781393;781394;781399;781402;781403;781404;781407;781408;781409;781414;781429;781432;781433;781434;781438;781443;781446;781447;781448;781451;781452;781457;781460;781461;781462;781465;781466;781471;781472;781473;781479;781480;781487;781500;781501;781508;781509;781510;781515;781516;781517;781518;781523;781524;781525;781526;781531;781532;781533;781534;781540;781541;781542;781554;781556;781561;781562;781563;781568;781569;781570;781575;781576;781577;781578;781579;781580;781585;781586;781587;781588;781589;781590;781595;781596;781597;781598;781599;781600;781611;781616;781617;781619;781620;781621;781622;781627;781628;781629;781630;781631;781632;781638;781639;781640;781641;781642;781643;781644,781367;781382;781397;781412;781427;781441;781455;781469;781476;781483;781490;781497;781505;781513;781521;781529;781537;781545;781552;781559;781566;781573;781583;781593;781603;781614;781625;781636,0.3088673336988994
11433,gdsc:1036:10uM,781375,10887,123,1036,10.0,48550.0,65408.29090909091,304.9642857142857,scan:10887:NC-1+B,781369;781372;781373;781374;781377;781378;781379;781387;781388;781389;781392;781393;781394;781399;781402;781403;781404;781407;781408;781409;781414;781429;781432;781433;781434;781438;781443;781446;781447;781448;781451;781452;781457;781460;781461;781462;781465;781466;781471;781472;781473;781479;781480;781487;781500;781501;781508;781509;781510;781515;781516;781517;781518;781523;781524;781525;781526;781531;781532;781533;781534;781540;781541;781542;781554;781556;781561;781562;781563;781568;781569;781570;781575;781576;781577;781578;781579;781580;781585;781586;781587;781588;781589;781590;781595;781596;781597;781598;781599;781600;781611;781616;781617;781619;781620;781621;781622;781627;781628;781629;781630;781631;781632;781638;781639;781640;781641;781642;781643;781644,781367;781382;781397;781412;781427;781441;781455;781469;781476;781483;781490;781497;781505;781513;781521;781529;781537;781545;781552;781559;781566;781573;781583;781593;781603;781614;781625;781636,0.25894668956958655
11433,gdsc:1060:0.25uM,781371,10887,101,1060,0.25,69297.0,65408.29090909091,304.9642857142857,scan:10887:NC-1+B,781369;781372;781373;781374;781377;781378;781379;781387;781388;781389;781392;781393;781394;781399;781402;781403;781404;781407;781408;781409;781414;781429;781432;781433;781434;781438;781443;781446;781447;781448;781451;781452;781457;781460;781461;781462;781465;781466;781471;781472;781473;781479;781480;781487;781500;781501;781508;781509;781510;781515;781516;781517;781518;781523;781524;781525;781526;781531;781532;781533;781534;781540;781541;781542;781554;781556;781561;781562;781563;781568;781569;781570;781575;781576;781577;781578;781579;781580;781585;781586;781587;781588;781589;781590;781595;781596;781597;781598;781599;781600;781611;781616;781617;781619;781620;781621;781622;781627;781628;781629;781630;781631;781632;781638;781639;781640;781641;781642;781643;781644,781367;781382;781397;781412;781427;781441;781455;781469;781476;781483;781490;781497;781505;781513;781521;781529;781537;781545;781552;781559;781566;781573;781583;781593;781603;781614;781625;781636,-0.05973134235375266
11439,gdsc:1032:2uM,782327,10889,124,1032,2.0,6115.0,33775.60909090909,270.32142857142856,scan:10889:NC-1+B,782320;782323;782324;782325;782328;782329;782330;782338;782339;782340;782343;782344;782345;782350;782353;782354;782355;782358;782359;782360;782365;782380;782383;782384;782385;782389;782394;782397;782398;782399;782402;782403;782408;782411;782412;782413;782416;782417;782422;782423;782424;782430;782431;782438;782451;782452;782459;782460;782461;782466;782467;782468;782469;782474;782475;782476;782477;782482;782483;782484;782485;782491;782492;782493;782505;782507;782512;782513;782514;782519;782520;782521;782526;782527;782528;782529;782530;782531;782536;782537;782538;782539;782540;782541;782546;782547;782548;782549;782550;782551;782562;782567;782568;782570;782571;782572;782573;782578;782579;782580;782581;782582;782583;782589;782590;782591;782592;782593;782594;782595,782318;782333;782348;782363;782378;782392;782406;782420;782427;782434;782441;782448;782456;782464;782472;782480;782488;782496;782503;782510;782517;782524;782534;782544;782554;782565;782576;782587,0.8255595167446239
11439,gdsc:1036:10uM,782326,10889,123,1036,10.0,25323.0,33775.60909090909,270.32142857142856,scan:10889:NC-1+B,782320;782323;782324;782325;782328;782329;782330;782338;782339;782340;782343;782344;782345;782350;782353;782354;782355;782358;782359;782360;782365;782380;782383;782384;782385;782389;782394;782397;782398;782399;782402;782403;782408;782411;782412;782413;782416;782417;782422;782423;782424;782430;782431;782438;782451;782452;782459;782460;782461;782466;782467;782468;782469;782474;782475;782476;782477;782482;782483;782484;782485;782491;782492;782493;782505;782507;782512;782513;782514;782519;782520;782521;782526;782527;782528;782529;782530;782531;782536;782537;782538;782539;782540;782541;782546;782547;782548;782549;782550;782551;782562;782567;782568;782570;782571;782572;782573;782578;782579;782580;782581;782582;782583;782589;782590;782591;782592;782593;782594;782595,782318;782333;782348;782363;782378;782392;782406;782420;782427;782434;782441;782448;782456;782464;782472;782480;782488;782496;782503;782510;782517;782524;782534;782544;782554;782565;782576;782587,0.25227686973153285
11439,gdsc:1060:0.25uM,782322,10889,101,1060,0.25,33065.0,33775.60909090909,270.32142857142856,scan:10889:NC-1+B,782320;782323;782324;782325;782328;782329;782330;782338;782339;782340;782343;782344;782345;782350;782353;782354;782355;782358;782359;782360;782365;782380;782383;782384;782385;782389;782394;782397;782398;782399;782402;782403;782408;782411;782412;782413;782416;782417;782422;782423;782424;782430;782431;782438;782451;782452;782459;782460;782461;782466;782467;782468;782469;782474;782475;782476;782477;782482;782483;782484;782485;782491;782492;782493;782505;782507;782512;782513;782514;782519;782520;782521;782526;782527;782528;782529;782530;782531;782536;782537;782538;782539;782540;782541;782546;782547;782548;782549;782550;782551;782562;782567;782568;782570;782571;782572;782573;782578;782579;782580;782581;782582;782583;782589;782590;782591;782592;782593;782594;782595,782318;782333;782348;782363;782378;782392;782406;782420;782427;782434;782441;782448;782456;782464;782472;782480;782488;782496;782503;782510;782517;782524;782534;782544;782554;782565;782576;782587,0.02120886404768485
11451,gdsc:1032:2uM,783278,10897,124,1032,2.0,26757.0,32098.5,299.57142857142856,scan:10897:NC-1+B,783271;783274;783275;783276;783279;783280;783281;783289;783290;783291;783294;783295;783296;783301;783304;783305;783306;783309;783310;783311;783316;783331;783334;783335;783336;783340;783345;783348;783349;783350;783353;783354;783359;783362;783363;783364;783367;783368;783373;783374;783375;783381;783382;783389;783402;783403;783410;783411;783412;783417;783418;783419;783420;783425;783426;783427;783428;783433;783434;783435;783436;783442;783443;783444;783456;783458;783463;783464;783465;783470;783471;783472;783477;783478;783479;783480;783481;783482;783487;783488;783489;783490;783491;783492;783497;783498;783499;783500;783501;783502;783513;783518;783519;783521;783522;783523;783524;783529;783530;783531;783532;783533;783534;783540;783541;783542;783543;783544;783545;783546,783269;783284;783299;783314;783329;783343;783357;783371;783378;783385;783392;783399;783407;783415;783423;783431;783439;783447;783454;783461;783468;783475;783485;783495;783505;783516;783527;783538,0.16797735772768618
11451,gdsc:1036:10uM,783277,10897,123,1036,10.0,26661.0,32098.5,299.57142857142856,scan:10897:NC-1+B,783271;783274;783275;783276;783279;783280;783281;783289;783290;783291;783294;783295;783296;783301;783304;783305;783306;783309;783310;783311;783316;783331;783334;783335;783336;783340;783345;783348;783349;783350;783353;783354;783359;783362;783363;783364;783367;783368;783373;783374;783375;783381;783382;783389;783402;783403;783410;783411;783412;783417;783418;783419;783420;783425;783426;783427;783428;783433;783434;783435;783436;783442;783443;783444;783456;783458;783463;783464;783465;783470;783471;783472;783477;783478;783479;783480;783481;783482;783487;783488;783489;783490;783491;783492;783497;783498;783499;783500;783501;783502;783513;783518;783519;783521;783522;783523;783524;783529;783530;783531;783532;783533;783534;783540;783541;783542;783543;783544;783545;783546,783269;783284;783299;783314;783329;783343;783357;783371;783378;783385;783392;783399;783407;783415;783423;783431;783439;783447;783454;783461;783468;783475;783485;783495;783505;783516;783527;783538,0.17099632736952053
11451,gdsc:1060:0.25uM,783273,10897,101,1060,0.25,25897.0,32098.5,299.57142857142856,scan:10897:NC-1+B,783271;783274;783275;783276;783279;783280;783281;783289;783290;783291;783294;783295;783296;783301;783304;783305;783306;783309;783310;783311;783316;783331;783334;783335;783336;783340;783345;783348;783349;783350;783353;783354;783359;783362;783363;783364;783367;783368;783373;783374;783375;783381;783382;783389;783402;783403;783410;783411;783412;783417;783418;783419;783420;783425;783426;783427;783428;783433;783434;783435;783436;783442;783443;783444;783456;783458;783463;783464;783465;783470;783471;783472;783477;783478;783479;783480;783481;783482;783487;783488;783489;783490;783491;783492;783497;783498;783499;783500;783501;783502;783513;783518;783519;783521;783522;783523;783524;783529;783530;783531;783532;783533;783534;783540;783541;783542;783543;783544;783545;783546,783269;783284;783299;783314;783329;783343;783357;783371;783378;783385;783392;783399;783407;783415;783423;783431;783439;783447;783454;783461;783468;783475;783485;783495;783505;783516;783527;783538,0.19502229410245175
11454,gdsc:1032:2uM,784229,10899,124,1032,2.0,24188.0,28717.909090909092,280.7142857142857,scan:10899:NC-1+B,784222;784225;784226;784227;784230;784231;784232;784240;784241;784242;784245;784246;784247;784252;784255;784256;784257;784260;784261;784262;784267;784282;784285;784286;784287;784291;784296;784299;784300;784301;784304;784305;784310;784313;784314;784315;784318;784319;784324;784325;784326;784332;784333;784340;784353;784354;784361;784362;784363;784368;784369;784370;784371;784376;784377;784378;784379;784384;784385;784386;784387;784393;784394;784395;784407;784409;784414;784415;784416;784421;784422;784423;784428;784429;784430;784431;784432;784433;784438;784439;784440;784441;784442;784443;784448;784449;784450;784451;784452;784453;784464;784469;784470;784472;784473;784474;784475;784480;784481;784482;784483;784484;784485;784491;784492;784493;784494;784495;784496;784497,784220;784235;784250;784265;784280;784294;784308;784322;784329;784336;784343;784350;784358;784366;784374;784382;784390;784398;784405;784412;784419;784426;784436;784446;784456;784467;784478;784489,0.1592952160696801
11454,gdsc:1036:10uM,784228,10899,123,1036,10.0,17582.0,28717.909090909092,280.7142857142857,scan:10899:NC-1+B,784222;784225;784226;784227;784230;784231;784232;784240;784241;784242;784245;784246;784247;784252;784255;784256;784257;784260;784261;784262;784267;784282;784285;784286;784287;784291;784296;784299;784300;784301;784304;784305;784310;784313;784314;784315;784318;784319;784324;784325;784326;784332;784333;784340;784353;784354;784361;784362;784363;784368;784369;784370;784371;784376;784377;784378;784379;784384;784385;784386;784387;784393;784394;784395;784407;784409;784414;784415;784416;784421;784422;784423;784428;784429;784430;784431;784432;784433;784438;784439;784440;784441;784442;784443;784448;784449;784450;784451;784452;784453;784464;784469;784470;784472;784473;784474;784475;784480;784481;784482;784483;784484;784485;784491;784492;784493;784494;784495;784496;784497,784220;784235;784250;784265;784280;784294;784308;784322;784329;784336;784343;784350;784358;784366;784374;784382;784390;784398;784405;784412;784419;784426;784436;784446;784456;784467;784478;784489,0.3915966102561854
11454,gdsc:1060:0.25uM,784224,10899,101,1060,0.25,22838.0,28717.909090909092,280.7142857142857,scan:10899:NC-1+B,784222;784225;784226;784227;784230;784231;784232;784240;784241;784242;784245;784246;784247;784252;784255;784256;784257;784260;784261;784262;784267;784282;784285;784286;784287;784291;784296;784299;784300;784301;784304;784305;784310;784313;784314;784315;784318;784319;784324;784325;784326;784332;784333;784340;784353;784354;784361;784362;784363;784368;784369;784370;784371;784376;784377;784378;784379;784384;784385;784386;784387;784393;784394;784395;784407;784409;784414;784415;784416;784421;784422;784423;784428;784429;784430;784431;784432;784433;784438;784439;784440;784441;784442;784443;784448;784449;784450;784451;784452;784453;784464;784469;784470;784472;784473;784474;784475;784480;784481;784482;784483;784484;784485;784491;784492;784493;784494;784495;784496;784497,784220;784235;784250;784265;784280;784294;784308;784322;784329;784336;784343;784350;784358;784366;784374;784382;784390;784398;784405;784412;784419;784426;784436;784446;784456;784467;784478;784489,0.20676825302877522
11458,gdsc:1032:2uM,785180,10901,124,1032,2.0,12613.0,26579.736363636363,332.25,scan:10901:NC-1+B,785173;785176;785177;785178;785181;785182;785183;785191;785192;785193;785196;785197;785198;785203;785206;785207;785208;785211;785212;785213;785218;785233;785236;785237;785238;785242;785247;785250;785251;785252;785255;785256;785261;785264;785265;785266;785269;785270;785275;785276;785277;785283;785284;785291;785304;785305;785312;785313;785314;785319;785320;785321;785322;785327;785328;785329;785330;785335;785336;785337;785338;785344;785345;785346;785358;785360;785365;785366;785367;785372;785373;785374;785379;785380;785381;785382;785383;785384;785389;785390;785391;785392;785393;785394;785399;785400;785401;785402;785403;785404;785415;785420;785421;785423;785424;785425;785426;785431;785432;785433;785434;785435;785436;785442;785443;785444;785445;785446;785447;785448,785171;785186;785201;785216;785231;785245;785259;785273;785280;785287;785294;785301;785309;785317;785325;785333;785341;785349;785356;785363;785370;785377;785387;785397;785407;785418;785429;785440,0.5321171014297992
11458,gdsc:1036:10uM,785179,10901,123,1036,10.0,12422.0,26579.736363636363,332.25,scan:10901:NC-1+B,785173;785176;785177;785178;785181;785182;785183;785191;785192;785193;785196;785197;785198;785203;785206;785207;785208;785211;785212;785213;785218;785233;785236;785237;785238;785242;785247;785250;785251;785252;785255;785256;785261;785264;785265;785266;785269;785270;785275;785276;785277;785283;785284;785291;785304;785305;785312;785313;785314;785319;785320;785321;785322;785327;785328;785329;785330;785335;785336;785337;785338;785344;785345;785346;785358;785360;785365;785366;785367;785372;785373;785374;785379;785380;785381;785382;785383;785384;785389;785390;785391;785392;785393;785394;785399;785400;785401;785402;785403;785404;785415;785420;785421;785423;785424;785425;785426;785431;785432;785433;785434;785435;785436;785442;785443;785444;785445;785446;785447;785448,785171;785186;785201;785216;785231;785245;785259;785273;785280;785287;785294;785301;785309;785317;785325;785333;785341;785349;785356;785363;785370;785377;785387;785397;785407;785418;785429;785440,0.539393988723076
11458,gdsc:1060:0.25uM,785175,10901,101,1060,0.25,20640.0,26579.736363636363,332.25,scan:10901:NC-1+B,785173;785176;785177;785178;785181;785182;785183;785191;785192;785193;785196;785197;785198;785203;785206;785207;785208;785211;785212;785213;785218;785233;785236;785237;785238;785242;785247;785250;785251;785252;785255;785256;785261;785264;785265;785266;785269;785270;785275;785276;785277;785283;785284;785291;785304;785305;785312;785313;785314;785319;785320;785321;785322;785327;785328;785329;785330;785335;785336;785337;785338;785344;785345;785346;785358;785360;785365;785366;785367;785372;785373;785374;785379;785380;785381;785382;785383;785384;785389;785390;785391;785392;785393;785394;785399;785400;785401;785402;785403;785404;785415;785420;785421;785423;785424;785425;785426;785431;785432;785433;785434;785435;785436;785442;785443;785444;785445;785446;785447;785448,785171;785186;785201;785216;785231;785245;785259;785273;785280;785287;785294;785301;785309;785317;785325;785333;785341;785349;785356;785363;785370;785377;785387;785397;785407;785418;785429;785440,0.22629734068041496
11463,gdsc:1032:2uM,786610,10904,124,1032,2.0,23316.0,40675.763636363634,357.39285714285717,scan:10904:NC-1+B,786603;786606;786607;786608;786611;786612;786613;786621;786622;786623;786626;786627;786628;786633;786636;786637;786638;786641;786642;786643;786648;786663;786666;786667;786668;786672;786677;786680;786681;786682;786685;786686;786691;786694;786695;786696;786699;786700;786705;786706;786707;786713;786714;786721;786734;786735;786742;786743;786744;786749;786750;786751;786752;786757;786758;786759;786760;786765;786766;786767;786768;786774;786775;786776;786788;786790;786795;786796;786797;786802;786803;786804;786809;786810;786811;786812;786813;786814;786819;786820;786821;786822;786823;786824;786829;786830;786831;786832;786833;786834;786845;786850;786851;786853;786854;786855;786856;786861;786862;786863;786864;786865;786866;786872;786873;786874;786875;786876;786877;786878,786601;786616;786631;786646;786661;786675;786689;786703;786710;786717;786724;786731;786739;786747;786755;786763;786771;786779;786786;786793;786800;786807;786817;786827;786837;786848;786859;786870,0.43056709139920124
11463,gdsc:1036:10uM,786609,10904,123,1036,10.0,30484.0,40675.763636363634,357.39285714285717,scan:10904:NC-1+B,786603;786606;786607;786608;786611;786612;786613;786621;786622;786623;786626;786627;786628;786633;786636;786637;786638;786641;786642;786643;786648;786663;786666;786667;786668;786672;786677;786680;786681;786682;786685;786686;786691;786694;786695;786696;786699;786700;786705;786706;786707;786713;786714;786721;786734;786735;786742;786743;786744;786749;786750;786751;786752;786757;786758;786759;786760;786765;786766;786767;786768;786774;786775;786776;786788;786790;786795;786796;786797;786802;786803;786804;786809;786810;786811;786812;786813;786814;786819;786820;786821;786822;786823;786824;786829;786830;786831;786832;786833;786834;786845;786850;786851;786853;786854;786855;786856;786861;786862;786863;786864;786865;786866;786872;786873;786874;786875;786876;786877;786878,786601;786616;786631;786646;786661;786675;786689;786703;786710;786717;786724;786731;786739;786747;786755;786763;786771;786779;786786;786793;786800;786807;786817;786827;786837;786848;786859;786870,0.25278212981800974
11463,gdsc:1060:0.25uM,786605,10904,101,1060,0.25,38513.0,40675.763636363634,357.39285714285717,scan:10904:NC-1+B,786603;786606;786607;786608;786611;786612;786613;786621;786622;786623;786626;786627;786628;786633;786636;786637;786638;786641;786642;786643;786648;786663;786666;786667;786668;786672;786677;786680;786681;786682;786685;786686;786691;786694;786695;786696;786699;786700;786705;786706;786707;786713;786714;786721;786734;786735;786742;786743;786744;786749;786750;786751;786752;786757;786758;786759;786760;786765;786766;786767;786768;786774;786775;786776;786788;786790;786795;786796;786797;786802;786803;786804;786809;786810;786811;786812;786813;786814;786819;786820;786821;786822;786823;786824;786829;786830;786831;786832;786833;786834;786845;786850;786851;786853;786854;786855;786856;786861;786862;786863;786864;786865;786866;786872;786873;786874;786875;786876;786877;786878,786601;786616;786631;786646;786661;786675;786689;786703;786710;786717;786724;786731;786739;786747;786755;786763;786771;786779;786786;786793;786800;786807;786817;786827;786837;786848;786859;786870,0.05364213867188983
11472,gdsc:1032:2uM,787561,10910,124,1032,2.0,39087.0,41416.181818181816,303.14285714285717,scan:10910:NC-1+B,787554;787557;787558;787559;787562;787563;787564;787572;787573;787574;787577;787578;787579;787584;787587;787588;787589;787592;787593;787594;787599;787614;787617;787618;787619;787623;787628;787631;787632;787633;787636;787637;787642;787645;787646;787647;787650;787651;787656;787657;787658;787664;787665;787672;787685;787686;787693;787694;787695;787700;787701;787702;787703;787708;787709;787710;787711;787716;787717;787718;787719;787725;787726;787727;787739;787741;787746;787747;787748;787753;787754;787755;787760;787761;787762;787763;787764;787765;787770;787771;787772;787773;787774;787775;787780;787781;787782;787783;787784;787785;787796;787801;787802;787804;787805;787806;787807;787812;787813;787814;787815;787816;787817;787823;787824;787825;787826;787827;787828;787829,787552;787567;787582;787597;787612;787626;787640;787654;787661;787668;787675;787682;787690;787698;787706;787714;787722;787730;787737;787744;787751;787758;787768;787778;787788;787799;787810;787821,0.05665311728449651
11472,gdsc:1036:10uM,787560,10910,123,1036,10.0,37271.0,41416.181818181816,303.14285714285717,scan:10910:NC-1+B,787554;787557;787558;787559;787562;787563;787564;787572;787573;787574;787577;787578;787579;787584;787587;787588;787589;787592;787593;787594;787599;787614;787617;787618;787619;787623;787628;787631;787632;787633;787636;787637;787642;787645;787646;787647;787650;787651;787656;787657;787658;787664;787665;787672;787685;787686;787693;787694;787695;787700;787701;787702;787703;787708;787709;787710;787711;787716;787717;787718;787719;787725;787726;787727;787739;787741;787746;787747;787748;787753;787754;787755;787760;787761;787762;787763;787764;787765;787770;787771;787772;787773;787774;787775;787780;787781;787782;787783;787784;787785;787796;787801;787802;787804;787805;787806;787807;787812;787813;787814;787815;787816;787817;787823;787824;787825;787826;787827;787828;787829,787552;787567;787582;787597;787612;787626;787640;787654;787661;787668;787675;787682;787690;787698;787706;787714;787722;787730;787737;787744;787751;787758;787768;787778;787788;787799;787810;787821,0.10082401892280513
11472,gdsc:1060:0.25uM,787556,10910,101,1060,0.25,17519.0,41416.181818181816,303.14285714285717,scan:10910:NC-1+B,787554;787557;787558;787559;787562;787563;787564;787572;787573;787574;787577;787578;787579;787584;787587;787588;787589;787592;787593;787594;787599;787614;787617;787618;787619;787623;787628;787631;787632;787633;787636;787637;787642;787645;787646;787647;787650;787651;787656;787657;787658;787664;787665;787672;787685;787686;787693;787694;787695;787700;787701;787702;787703;787708;787709;787710;787711;787716;787717;787718;787719;787725;787726;787727;787739;787741;787746;787747;787748;787753;787754;787755;787760;787761;787762;787763;787764;787765;787770;787771;787772;787773;787774;787775;787780;787781;787782;787783;787784;787785;787796;787801;787802;787804;787805;787806;787807;787812;787813;787814;787815;787816;787817;787823;787824;787825;787826;787827;787828;787829,787552;787567;787582;787597;787612;787626;787640;787654;787661;787668;787675;787682;787690;787698;787706;787714;787722;787730;787737;787744;787751;787758;787768;787778;787788;787799;787810;787821,0.5812555437905755
11396,gdsc:1032:2uM,788512,10912,124,1032,2.0,24272.0,47671.24545454545,355.75,scan:10912:NC-1+B,788505;788508;788509;788510;788513;788514;788515;788523;788524;788525;788528;788529;788530;788535;788538;788539;788540;788543;788544;788545;788550;788565;788568;788569;788570;788574;788579;788582;788583;788584;788587;788588;788593;788596;788597;788598;788601;788602;788607;788608;788609;788615;788616;788623;788636;788637;788644;788645;788646;788651;788652;788653;788654;788659;788660;788661;788662;788667;788668;788669;788670;788676;788677;788678;788690;788692;788697;788698;788699;788704;788705;788706;788711;788712;788713;788714;788715;788716;788721;788722;788723;788724;788725;788726;788731;788732;788733;788734;788735;788736;788747;788752;788753;788755;788756;788757;788758;788763;788764;788765;788766;788767;788768;788774;788775;788776;788777;788778;788779;788780,788503;788518;788533;788548;788563;788577;788591;788605;788612;788619;788626;788633;788641;788649;788657;788665;788673;788681;788688;788695;788702;788709;788719;788729;788739;788750;788761;788772,0.49453662547028365
11396,gdsc:1036:10uM,788511,10912,123,1036,10.0,25781.0,47671.24545454545,355.75,scan:10912:NC-1+B,788505;788508;788509;788510;788513;788514;788515;788523;788524;788525;788528;788529;788530;788535;788538;788539;788540;788543;788544;788545;788550;788565;788568;788569;788570;788574;788579;788582;788583;788584;788587;788588;788593;788596;788597;788598;788601;788602;788607;788608;788609;788615;788616;788623;788636;788637;788644;788645;788646;788651;788652;788653;788654;788659;788660;788661;788662;788667;788668;788669;788670;788676;788677;788678;788690;788692;788697;788698;788699;788704;788705;788706;788711;788712;788713;788714;788715;788716;788721;788722;788723;788724;788725;788726;788731;788732;788733;788734;788735;788736;788747;788752;788753;788755;788756;788757;788758;788763;788764;788765;788766;788767;788768;788774;788775;788776;788777;788778;788779;788780,788503;788518;788533;788548;788563;788577;788591;788605;788612;788619;788626;788633;788641;788649;788657;788665;788673;788681;788688;788695;788702;788709;788719;788729;788739;788750;788761;788772,0.46264432495639285
11396,gdsc:1060:0.25uM,788507,10912,101,1060,0.25,30484.0,47671.24545454545,355.75,scan:10912:NC-1+B,788505;788508;788509;788510;788513;788514;788515;788523;788524;788525;788528;788529;788530;788535;788538;788539;788540;788543;788544;788545;788550;788565;788568;788569;788570;788574;788579;788582;788583;788584;788587;788588;788593;788596;788597;788598;788601;788602;788607;788608;788609;788615;788616;788623;788636;788637;788644;788645;788646;788651;788652;788653;788654;788659;788660;788661;788662;788667;788668;788669;788670;788676;788677;788678;788690;788692;788697;788698;788699;788704;788705;788706;788711;788712;788713;788714;788715;788716;788721;788722;788723;788724;788725;788726;788731;788732;788733;788734;788735;788736;788747;788752;788753;788755;788756;788757;788758;788763;788764;788765;788766;788767;788768;788774;788775;788776;788777;788778;788779;788780,788503;788518;788533;788548;788563;788577;788591;788605;788612;788619;788626;788633;788641;788649;788657;788665;788673;788681;788688;788695;788702;788709;788719;788729;788739;788750;788761;788772,0.3632477117576992
11610,gdsc:1032:2uM,789463,11015,124,1032,2.0,19398.0,29954.881818181817,348.39285714285717,scan:11015:NC-1+B,789456;789459;789460;789461;789464;789465;789466;789474;789475;789476;789479;789480;789481;789486;789489;789490;789491;789494;789495;789496;789501;789516;789519;789520;789521;789525;789530;789533;789534;789535;789538;789539;789544;789547;789548;789549;789552;789553;789558;789559;789560;789566;789567;789574;789587;789588;789595;789596;789597;789602;789603;789604;789605;789610;789611;789612;789613;789618;789619;789620;789621;789627;789628;789629;789641;789643;789648;789649;789650;789655;789656;789657;789662;789663;789664;789665;789666;789667;789672;789673;789674;789675;789676;789677;789682;789683;789684;789685;789686;789687;789698;789703;789704;789706;789707;789708;789709;789714;789715;789716;789717;789718;789719;789725;789726;789727;789728;789729;789730;789731,789454;789469;789484;789499;789514;789528;789542;789556;789563;789570;789577;789584;789592;789600;789608;789616;789624;789632;789639;789646;789653;789660;789670;789680;789690;789701;789712;789723,0.3565732441990769
11610,gdsc:1036:10uM,789462,11015,123,1036,10.0,19494.0,29954.881818181817,348.39285714285717,scan:11015:NC-1+B,789456;789459;789460;789461;789464;789465;789466;789474;789475;789476;789479;789480;789481;789486;789489;789490;789491;789494;789495;789496;789501;789516;789519;789520;789521;789525;789530;789533;789534;789535;789538;789539;789544;789547;789548;789549;789552;789553;789558;789559;789560;789566;789567;789574;789587;789588;789595;789596;789597;789602;789603;789604;789605;789610;789611;789612;789613;789618;789619;789620;789621;789627;789628;789629;789641;789643;789648;789649;789650;789655;789656;789657;789662;789663;789664;789665;789666;789667;789672;789673;789674;789675;789676;789677;789682;789683;789684;789685;789686;789687;789698;789703;789704;789706;789707;789708;789709;789714;789715;789716;789717;789718;789719;789725;789726;789727;789728;789729;789730;789731,789454;789469;789484;789499;789514;789528;789542;789556;789563;789570;789577;789584;789592;789600;789608;789616;789624;789632;789639;789646;789653;789660;789670;789680;789690;789701;789712;789723,0.3533307117891604
11610,gdsc:1060:0.25uM,789458,11015,101,1060,0.25,23890.0,29954.881818181817,348.39285714285717,scan:11015:NC-1+B,789456;789459;789460;789461;789464;789465;789466;789474;789475;789476;789479;789480;789481;789486;789489;789490;789491;789494;789495;789496;789501;789516;789519;789520;789521;789525;789530;789533;789534;789535;789538;789539;789544;789547;789548;789549;789552;789553;789558;789559;789560;789566;789567;789574;789587;789588;789595;789596;789597;789602;789603;789604;789605;789610;789611;789612;789613;789618;789619;789620;789621;789627;789628;789629;789641;789643;789648;789649;789650;789655;789656;789657;789662;789663;789664;789665;789666;789667;789672;789673;789674;789675;789676;789677;789682;789683;789684;789685;789686;789687;789698;789703;789704;789706;789707;789708;789709;789714;789715;789716;789717;789718;789719;789725;789726;789727;789728;789729;789730;789731,789454;789469;789484;789499;789514;789528;789542;789556;789563;789570;789577;789584;789592;789600;789608;789616;789624;789632;789639;789646;789653;789660;789670;789680;789690;789701;789712;789723,0.20484974851840676
11621,gdsc:1032:2uM,790414,11019,124,1032,2.0,46638.0,41958.545454545456,352.7857142857143,scan:11019:NC-1+B,790407;790410;790411;790412;790415;790416;790417;790425;790426;790427;790430;790431;790432;790437;790440;790441;790442;790445;790446;790447;790452;790467;790470;790471;790472;790476;790481;790484;790485;790486;790489;790490;790495;790498;790499;790500;790503;790504;790509;790510;790511;790517;790518;790525;790538;790539;790546;790547;790548;790553;790554;790555;790556;790561;790562;790563;790564;790569;790570;790571;790572;790578;790579;790580;790592;790594;790599;790600;790601;790606;790607;790608;790613;790614;790615;790616;790617;790618;790623;790624;790625;790626;790627;790628;790633;790634;790635;790636;790637;790638;790649;790654;790655;790657;790658;790659;790660;790665;790666;790667;790668;790669;790670;790676;790677;790678;790679;790680;790681;790682,790405;790420;790435;790450;790465;790479;790493;790507;790514;790521;790528;790535;790543;790551;790559;790567;790575;790583;790590;790597;790604;790611;790621;790631;790641;790652;790663;790674,-0.11247131586270442
11621,gdsc:1036:10uM,790413,11019,123,1036,10.0,30484.0,41958.545454545456,352.7857142857143,scan:11019:NC-1+B,790407;790410;790411;790412;790415;790416;790417;790425;790426;790427;790430;790431;790432;790437;790440;790441;790442;790445;790446;790447;790452;790467;790470;790471;790472;790476;790481;790484;790485;790486;790489;790490;790495;790498;790499;790500;790503;790504;790509;790510;790511;790517;790518;790525;790538;790539;790546;790547;790548;790553;790554;790555;790556;790561;790562;790563;790564;790569;790570;790571;790572;790578;790579;790580;790592;790594;790599;790600;790601;790606;790607;790608;790613;790614;790615;790616;790617;790618;790623;790624;790625;790626;790627;790628;790633;790634;790635;790636;790637;790638;790649;790654;790655;790657;790658;790659;790660;790665;790666;790667;790668;790669;790670;790676;790677;790678;790679;790680;790681;790682,790405;790420;790435;790450;790465;790479;790493;790507;790514;790521;790528;790535;790543;790551;790559;790567;790575;790583;790590;790597;790604;790611;790621;790631;790641;790652;790663;790674,0.2757922346852888
11621,gdsc:1060:0.25uM,790409,11019,101,1060,0.25,36697.0,41958.545454545456,352.7857142857143,scan:11019:NC-1+B,790407;790410;790411;790412;790415;790416;790417;790425;790426;790427;790430;790431;790432;790437;790440;790441;790442;790445;790446;790447;790452;790467;790470;790471;790472;790476;790481;790484;790485;790486;790489;790490;790495;790498;790499;790500;790503;790504;790509;790510;790511;790517;790518;790525;790538;790539;790546;790547;790548;790553;790554;790555;790556;790561;790562;790563;790564;790569;790570;790571;790572;790578;790579;790580;790592;790594;790599;790600;790601;790606;790607;790608;790613;790614;790615;790616;790617;790618;790623;790624;790625;790626;790627;790628;790633;790634;790635;790636;790637;790638;790649;790654;790655;790657;790658;790659;790660;790665;790666;790667;790668;790669;790670;790676;790677;790678;790679;790680;790681;790682,790405;790420;790435;790450;790465;790479;790493;790507;790514;790521;790528;790535;790543;790551;790559;790567;790575;790583;790590;790597;790604;790611;790621;790631;790641;790652;790663;790674,0.1264619487155797
11624,gdsc:1032:2uM,791365,11021,124,1032,2.0,30102.0,36006.818181818184,337.89285714285717,scan:11021:NC-1+B,791358;791361;791362;791363;791366;791367;791368;791376;791377;791378;791381;791382;791383;791388;791391;791392;791393;791396;791397;791398;791403;791418;791421;791422;791423;791427;791432;791435;791436;791437;791440;791441;791446;791449;791450;791451;791454;791455;791460;791461;791462;791468;791469;791476;791489;791490;791497;791498;791499;791504;791505;791506;791507;791512;791513;791514;791515;791520;791521;791522;791523;791529;791530;791531;791543;791545;791550;791551;791552;791557;791558;791559;791564;791565;791566;791567;791568;791569;791574;791575;791576;791577;791578;791579;791584;791585;791586;791587;791588;791589;791600;791605;791606;791608;791609;791610;791611;791616;791617;791618;791619;791620;791621;791627;791628;791629;791630;791631;791632;791633,791356;791371;791386;791401;791416;791430;791444;791458;791465;791472;791479;791486;791494;791502;791510;791518;791526;791534;791541;791548;791555;791562;791572;791582;791592;791603;791614;791625,0.1655451665019273
11624,gdsc:1036:10uM,791364,11021,123,1036,10.0,24750.0,36006.818181818184,337.89285714285717,scan:11021:NC-1+B,791358;791361;791362;791363;791366;791367;791368;791376;791377;791378;791381;791382;791383;791388;791391;791392;791393;791396;791397;791398;791403;791418;791421;791422;791423;791427;791432;791435;791436;791437;791440;791441;791446;791449;791450;791451;791454;791455;791460;791461;791462;791468;791469;791476;791489;791490;791497;791498;791499;791504;791505;791506;791507;791512;791513;791514;791515;791520;791521;791522;791523;791529;791530;791531;791543;791545;791550;791551;791552;791557;791558;791559;791564;791565;791566;791567;791568;791569;791574;791575;791576;791577;791578;791579;791584;791585;791586;791587;791588;791589;791600;791605;791606;791608;791609;791610;791611;791616;791617;791618;791619;791620;791621;791627;791628;791629;791630;791631;791632;791633,791356;791371;791386;791401;791416;791430;791444;791458;791465;791472;791479;791486;791494;791502;791510;791518;791526;791534;791541;791548;791555;791562;791572;791582;791592;791603;791614;791625,0.31559173928996553
11624,gdsc:1060:0.25uM,791360,11021,101,1060,0.25,27999.0,36006.818181818184,337.89285714285717,scan:11021:NC-1+B,791358;791361;791362;791363;791366;791367;791368;791376;791377;791378;791381;791382;791383;791388;791391;791392;791393;791396;791397;791398;791403;791418;791421;791422;791423;791427;791432;791435;791436;791437;791440;791441;791446;791449;791450;791451;791454;791455;791460;791461;791462;791468;791469;791476;791489;791490;791497;791498;791499;791504;791505;791506;791507;791512;791513;791514;791515;791520;791521;791522;791523;791529;791530;791531;791543;791545;791550;791551;791552;791557;791558;791559;791564;791565;791566;791567;791568;791569;791574;791575;791576;791577;791578;791579;791584;791585;791586;791587;791588;791589;791600;791605;791606;791608;791609;791610;791611;791616;791617;791618;791619;791620;791621;791627;791628;791629;791630;791631;791632;791633,791356;791371;791386;791401;791416;791430;791444;791458;791465;791472;791479;791486;791494;791502;791510;791518;791526;791534;791541;791548;791555;791562;791572;791582;791592;791603;791614;791625,0.22450404964341542
11635,gdsc:1032:2uM,792316,11028,124,1032,2.0,62222.0,56588.509090909094,565.25,scan:11028:NC-1+B,792309;792312;792313;792314;792317;792318;792319;792327;792328;792329;792332;792333;792334;792339;792342;792343;792344;792347;792348;792349;792354;792369;792372;792373;792374;792378;792383;792386;792387;792388;792391;792392;792397;792400;792401;792402;792405;792406;792411;792412;792413;792419;792420;792427;792440;792441;792448;792449;792450;792455;792456;792457;792458;792463;792464;792465;792466;792471;792472;792473;792474;792480;792481;792482;792494;792496;792501;792502;792503;792508;792509;792510;792515;792516;792517;792518;792519;792520;792525;792526;792527;792528;792529;792530;792535;792536;792537;792538;792539;792540;792551;792556;792557;792559;792560;792561;792562;792567;792568;792569;792570;792571;792572;792578;792579;792580;792581;792582;792583;792584,792307;792322;792337;792352;792367;792381;792395;792409;792416;792423;792430;792437;792445;792453;792461;792469;792477;792485;792492;792499;792506;792513;792523;792533;792543;792554;792565;792576,-0.10055628680847395
11635,gdsc:1036:10uM,792315,11028,123,1036,10.0,48582.0,56588.509090909094,565.25,scan:11028:NC-1+B,792309;792312;792313;792314;792317;792318;792319;792327;792328;792329;792332;792333;792334;792339;792342;792343;792344;792347;792348;792349;792354;792369;792372;792373;792374;792378;792383;792386;792387;792388;792391;792392;792397;792400;792401;792402;792405;792406;792411;792412;792413;792419;792420;792427;792440;792441;792448;792449;792450;792455;792456;792457;792458;792463;792464;792465;792466;792471;792472;792473;792474;792480;792481;792482;792494;792496;792501;792502;792503;792508;792509;792510;792515;792516;792517;792518;792519;792520;792525;792526;792527;792528;792529;792530;792535;792536;792537;792538;792539;792540;792551;792556;792557;792559;792560;792561;792562;792567;792568;792569;792570;792571;792572;792578;792579;792580;792581;792582;792583;792584,792307;792322;792337;792352;792367;792381;792395;792409;792416;792423;792430;792437;792445;792453;792461;792469;792477;792485;792492;792499;792506;792513;792523;792533;792543;792554;792565;792576,0.14291401858497577
11635,gdsc:1060:0.25uM,792311,11028,101,1060,0.25,52852.0,56588.509090909094,565.25,scan:11028:NC-1+B,792309;792312;792313;792314;792317;792318;792319;792327;792328;792329;792332;792333;792334;792339;792342;792343;792344;792347;792348;792349;792354;792369;792372;792373;792374;792378;792383;792386;792387;792388;792391;792392;792397;792400;792401;792402;792405;792406;792411;792412;792413;792419;792420;792427;792440;792441;792448;792449;792450;792455;792456;792457;792458;792463;792464;792465;792466;792471;792472;792473;792474;792480;792481;792482;792494;792496;792501;792502;792503;792508;792509;792510;792515;792516;792517;792518;792519;792520;792525;792526;792527;792528;792529;792530;792535;792536;792537;792538;792539;792540;792551;792556;792557;792559;792560;792561;792562;792567;792568;792569;792570;792571;792572;792578;792579;792580;792581;792582;792583;792584,792307;792322;792337;792352;792367;792381;792395;792409;792416;792423;792430;792437;792445;792453;792461;792469;792477;792485;792492;792499;792506;792513;792523;792533;792543;792554;792565;792576,0.0666956751810146
11639,gdsc:1032:2uM,793267,11030,124,1032,2.0,36219.0,48462.80909090909,424.07142857142856,scan:11030:NC-1+B,793260;793263;793264;793265;793268;793269;793270;793278;793279;793280;793283;793284;793285;793290;793293;793294;793295;793298;793299;793300;793305;793320;793323;793324;793325;793329;793334;793337;793338;793339;793342;793343;793348;793351;793352;793353;793356;793357;793362;793363;793364;793370;793371;793378;793391;793392;793399;793400;793401;793406;793407;793408;793409;793414;793415;793416;793417;793422;793423;793424;793425;793431;793432;793433;793445;793447;793452;793453;793454;793459;793460;793461;793466;793467;793468;793469;793470;793471;793476;793477;793478;793479;793480;793481;793486;793487;793488;793489;793490;793491;793502;793507;793508;793510;793511;793512;793513;793518;793519;793520;793521;793522;793523;793529;793530;793531;793532;793533;793534;793535,793258;793273;793288;793303;793318;793332;793346;793360;793367;793374;793381;793388;793396;793404;793412;793420;793428;793436;793443;793450;793457;793464;793474;793484;793494;793505;793516;793527,0.2548736641868137
11639,gdsc:1036:10uM,793266,11030,123,1036,10.0,42050.0,48462.80909090909,424.07142857142856,scan:11030:NC-1+B,793260;793263;793264;793265;793268;793269;793270;793278;793279;793280;793283;793284;793285;793290;793293;793294;793295;793298;793299;793300;793305;793320;793323;793324;793325;793329;793334;793337;793338;793339;793342;793343;793348;793351;793352;793353;793356;793357;793362;793363;793364;793370;793371;793378;793391;793392;793399;793400;793401;793406;793407;793408;793409;793414;793415;793416;793417;793422;793423;793424;793425;793431;793432;793433;793445;793447;793452;793453;793454;793459;793460;793461;793466;793467;793468;793469;793470;793471;793476;793477;793478;793479;793480;793481;793486;793487;793488;793489;793490;793491;793502;793507;793508;793510;793511;793512;793513;793518;793519;793520;793521;793522;793523;793529;793530;793531;793532;793533;793534;793535,793258;793273;793288;793303;793318;793332;793346;793360;793367;793374;793381;793388;793396;793404;793412;793420;793428;793436;793443;793450;793457;793464;793474;793484;793494;793505;793516;793527,0.13349245635854268
11639,gdsc:1060:0.25uM,793262,11030,101,1060,0.25,40999.0,48462.80909090909,424.07142857142856,scan:11030:NC-1+B,793260;793263;793264;793265;793268;793269;793270;793278;793279;793280;793283;793284;793285;793290;793293;793294;793295;793298;793299;793300;793305;793320;793323;793324;793325;793329;793334;793337;793338;793339;793342;793343;793348;793351;793352;793353;793356;793357;793362;793363;793364;793370;793371;793378;793391;793392;793399;793400;793401;793406;793407;793408;793409;793414;793415;793416;793417;793422;793423;793424;793425;793431;793432;793433;793445;793447;793452;793453;793454;793459;793460;793461;793466;793467;793468;793469;793470;793471;793476;793477;793478;793479;793480;793481;793486;793487;793488;793489;793490;793491;793502;793507;793508;793510;793511;793512;793513;793518;793519;793520;793521;793522;793523;793529;793530;793531;793532;793533;793534;793535,793258;793273;793288;793303;793318;793332;793346;793360;793367;793374;793381;793388;793396;793404;793412;793420;793428;793436;793443;793450;793457;793464;793474;793484;793494;793505;793516;793527,0.15537063324544242
11642,gdsc:1032:2uM,794218,11032,124,1032,2.0,22838.0,28100.245454545453,294.2857142857143,scan:11032:NC-1+B,794211;794214;794215;794216;794219;794220;794221;794229;794230;794231;794234;794235;794236;794241;794244;794245;794246;794249;794250;794251;794256;794271;794274;794275;794276;794280;794285;794288;794289;794290;794293;794294;794299;794302;794303;794304;794307;794308;794313;794314;794315;794321;794322;794329;794342;794343;794350;794351;794352;794357;794358;794359;794360;794365;794366;794367;794368;794373;794374;794375;794376;794382;794383;794384;794396;794398;794403;794404;794405;794410;794411;794412;794417;794418;794419;794420;794421;794422;794427;794428;794429;794430;794431;794432;794437;794438;794439;794440;794441;794442;794453;794458;794459;794461;794462;794463;794464;794469;794470;794471;794472;794473;794474;794480;794481;794482;794483;794484;794485;794486,794209;794224;794239;794254;794269;794283;794297;794311;794318;794325;794332;794339;794347;794355;794363;794371;794379;794387;794394;794401;794408;794415;794425;794435;794445;794456;794467;794478,0.1892488338363788
11642,gdsc:1036:10uM,794217,11032,123,1036,10.0,20545.0,28100.245454545453,294.2857142857143,scan:11032:NC-1+B,794211;794214;794215;794216;794219;794220;794221;794229;794230;794231;794234;794235;794236;794241;794244;794245;794246;794249;794250;794251;794256;794271;794274;794275;794276;794280;794285;794288;794289;794290;794293;794294;794299;794302;794303;794304;794307;794308;794313;794314;794315;794321;794322;794329;794342;794343;794350;794351;794352;794357;794358;794359;794360;794365;794366;794367;794368;794373;794374;794375;794376;794382;794383;794384;794396;794398;794403;794404;794405;794410;794411;794412;794417;794418;794419;794420;794421;794422;794427;794428;794429;794430;794431;794432;794437;794438;794439;794440;794441;794442;794453;794458;794459;794461;794462;794463;794464;794469;794470;794471;794472;794473;794474;794480;794481;794482;794483;794484;794485;794486,794209;794224;794239;794254;794269;794283;794297;794311;794318;794325;794332;794339;794347;794355;794363;794371;794379;794387;794394;794401;794408;794415;794425;794435;794445;794456;794467;794478,0.2717131695909907
11642,gdsc:1060:0.25uM,794213,11032,101,1060,0.25,18251.0,28100.245454545453,294.2857142857143,scan:11032:NC-1+B,794211;794214;794215;794216;794219;794220;794221;794229;794230;794231;794234;794235;794236;794241;794244;794245;794246;794249;794250;794251;794256;794271;794274;794275;794276;794280;794285;794288;794289;794290;794293;794294;794299;794302;794303;794304;794307;794308;794313;794314;794315;794321;794322;794329;794342;794343;794350;794351;794352;794357;794358;794359;794360;794365;794366;794367;794368;794373;794374;794375;794376;794382;794383;794384;794396;794398;794403;794404;794405;794410;794411;794412;794417;794418;794419;794420;794421;794422;794427;794428;794429;794430;794431;794432;794437;794438;794439;794440;794441;794442;794453;794458;794459;794461;794462;794463;794464;794469;794470;794471;794472;794473;794474;794480;794481;794482;794483;794484;794485;794486,794209;794224;794239;794254;794269;794283;794297;794311;794318;794325;794332;794339;794347;794355;794363;794371;794379;794387;794394;794401;794408;794415;794425;794435;794445;794456;794467;794478,0.3542134688587969
11645,gdsc:1032:2uM,795169,11034,124,1032,2.0,25132.0,30130.545454545456,331.2857142857143,scan:11034:NC-1+B,795162;795165;795166;795167;795170;795171;795172;795180;795181;795182;795185;795186;795187;795192;795195;795196;795197;795200;795201;795202;795207;795222;795225;795226;795227;795231;795236;795239;795240;795241;795244;795245;795250;795253;795254;795255;795258;795259;795264;795265;795266;795272;795273;795280;795293;795294;795301;795302;795303;795308;795309;795310;795311;795316;795317;795318;795319;795324;795325;795326;795327;795333;795334;795335;795347;795349;795354;795355;795356;795361;795362;795363;795368;795369;795370;795371;795372;795373;795378;795379;795380;795381;795382;795383;795388;795389;795390;795391;795392;795393;795404;795409;795410;795412;795413;795414;795415;795420;795421;795422;795423;795424;795425;795431;795432;795433;795434;795435;795436;795437,795160;795175;795190;795205;795220;795234;795248;795262;795269;795276;795283;795290;795298;795306;795314;795322;795330;795338;795345;795352;795359;795366;795376;795386;795396;795407;795418;795429,0.16774059148161535
11645,gdsc:1036:10uM,795168,11034,123,1036,10.0,30293.0,30130.545454545456,331.2857142857143,scan:11034:NC-1+B,795162;795165;795166;795167;795170;795171;795172;795180;795181;795182;795185;795186;795187;795192;795195;795196;795197;795200;795201;795202;795207;795222;795225;795226;795227;795231;795236;795239;795240;795241;795244;795245;795250;795253;795254;795255;795258;795259;795264;795265;795266;795272;795273;795280;795293;795294;795301;795302;795303;795308;795309;795310;795311;795316;795317;795318;795319;795324;795325;795326;795327;795333;795334;795335;795347;795349;795354;795355;795356;795361;795362;795363;795368;795369;795370;795371;795372;795373;795378;795379;795380;795381;795382;795383;795388;795389;795390;795391;795392;795393;795404;795409;795410;795412;795413;795414;795415;795420;795421;795422;795423;795424;795425;795431;795432;795433;795434;795435;795436;795437,795160;795175;795190;795205;795220;795234;795248;795262;795269;795276;795283;795290;795298;795306;795314;795322;795330;795338;795345;795352;795359;795366;795376;795386;795396;795407;795418;795429,-0.005451630237480742
11645,gdsc:1060:0.25uM,795164,11034,101,1060,0.25,26661.0,30130.545454545456,331.2857142857143,scan:11034:NC-1+B,795162;795165;795166;795167;795170;795171;795172;795180;795181;795182;795185;795186;795187;795192;795195;795196;795197;795200;795201;795202;795207;795222;795225;795226;795227;795231;795236;795239;795240;795241;795244;795245;795250;795253;795254;795255;795258;795259;795264;795265;795266;795272;795273;795280;795293;795294;795301;795302;795303;795308;795309;795310;795311;795316;795317;795318;795319;795324;795325;795326;795327;795333;795334;795335;795347;795349;795354;795355;795356;795361;795362;795363;795368;795369;795370;795371;795372;795373;795378;795379;795380;795381;795382;795383;795388;795389;795390;795391;795392;795393;795404;795409;795410;795412;795413;795414;795415;795420;795421;795422;795423;795424;795425;795431;795432;795433;795434;795435;795436;795437,795160;795175;795190;795205;795220;795234;795248;795262;795269;795276;795283;795290;795298;795306;795314;795322;795330;795338;795345;795352;795359;795366;795376;795386;795396;795407;795418;795429,0.1164305920612515
11654,gdsc:1032:2uM,796120,11036,124,1032,2.0,22552.0,36140.163636363635,339.64285714285717,scan:11036:NC-1+B,796113;796116;796117;796118;796121;796122;796123;796131;796132;796133;796136;796137;796138;796143;796146;796147;796148;796151;796152;796153;796158;796173;796176;796177;796178;796182;796187;796190;796191;796192;796195;796196;796201;796204;796205;796206;796209;796210;796215;796216;796217;796223;796224;796231;796244;796245;796252;796253;796254;796259;796260;796261;796262;796267;796268;796269;796270;796275;796276;796277;796278;796284;796285;796286;796298;796300;796305;796306;796307;796312;796313;796314;796319;796320;796321;796322;796323;796324;796329;796330;796331;796332;796333;796334;796339;796340;796341;796342;796343;796344;796355;796360;796361;796363;796364;796365;796366;796371;796372;796373;796374;796375;796376;796382;796383;796384;796385;796386;796387;796388,796111;796126;796141;796156;796171;796185;796199;796213;796220;796227;796234;796241;796249;796257;796265;796273;796281;796289;796296;796303;796310;796317;796327;796337;796347;796358;796369;796380,0.37955212216495005
11654,gdsc:1036:10uM,796119,11036,123,1036,10.0,26470.0,36140.163636363635,339.64285714285717,scan:11036:NC-1+B,796113;796116;796117;796118;796121;796122;796123;796131;796132;796133;796136;796137;796138;796143;796146;796147;796148;796151;796152;796153;796158;796173;796176;796177;796178;796182;796187;796190;796191;796192;796195;796196;796201;796204;796205;796206;796209;796210;796215;796216;796217;796223;796224;796231;796244;796245;796252;796253;796254;796259;796260;796261;796262;796267;796268;796269;796270;796275;796276;796277;796278;796284;796285;796286;796298;796300;796305;796306;796307;796312;796313;796314;796319;796320;796321;796322;796323;796324;796329;796330;796331;796332;796333;796334;796339;796340;796341;796342;796343;796344;796355;796360;796361;796363;796364;796365;796366;796371;796372;796373;796374;796375;796376;796382;796383;796384;796385;796386;796387;796388,796111;796126;796141;796156;796171;796185;796199;796213;796220;796227;796234;796241;796249;796257;796265;796273;796281;796289;796296;796303;796310;796317;796327;796337;796347;796358;796369;796380,0.27011237339252236
11654,gdsc:1060:0.25uM,796115,11036,101,1060,0.25,19780.0,36140.163636363635,339.64285714285717,scan:11036:NC-1+B,796113;796116;796117;796118;796121;796122;796123;796131;796132;796133;796136;796137;796138;796143;796146;796147;796148;796151;796152;796153;796158;796173;796176;796177;796178;796182;796187;796190;796191;796192;796195;796196;796201;796204;796205;796206;796209;796210;796215;796216;796217;796223;796224;796231;796244;796245;796252;796253;796254;796259;796260;796261;796262;796267;796268;796269;796270;796275;796276;796277;796278;796284;796285;796286;796298;796300;796305;796306;796307;796312;796313;796314;796319;796320;796321;796322;796323;796324;796329;796330;796331;796332;796333;796334;796339;796340;796341;796342;796343;796344;796355;796360;796361;796363;796364;796365;796366;796371;796372;796373;796374;796375;796376;796382;796383;796384;796385;796386;796387;796388,796111;796126;796141;796156;796171;796185;796199;796213;796220;796227;796234;796241;796249;796257;796265;796273;796281;796289;796296;796303;796310;796317;796327;796337;796347;796358;796369;796380,0.45698116340976114
11663,gdsc:1032:2uM,797071,11040,124,1032,2.0,40329.0,46532.15454545455,445.60714285714283,scan:11040:NC-1+B,797064;797067;797068;797069;797072;797073;797074;797082;797083;797084;797087;797088;797089;797094;797097;797098;797099;797102;797103;797104;797109;797124;797127;797128;797129;797133;797138;797141;797142;797143;797146;797147;797152;797155;797156;797157;797160;797161;797166;797167;797168;797174;797175;797182;797195;797196;797203;797204;797205;797210;797211;797212;797213;797218;797219;797220;797221;797226;797227;797228;797229;797235;797236;797237;797249;797251;797256;797257;797258;797263;797264;797265;797270;797271;797272;797273;797274;797275;797280;797281;797282;797283;797284;797285;797290;797291;797292;797293;797294;797295;797306;797311;797312;797314;797315;797316;797317;797322;797323;797324;797325;797326;797327;797333;797334;797335;797336;797337;797338;797339,797062;797077;797092;797107;797122;797136;797150;797164;797171;797178;797185;797192;797200;797208;797216;797224;797232;797240;797247;797254;797261;797268;797278;797288;797298;797309;797320;797331,0.13459794441240658
11663,gdsc:1036:10uM,797070,11040,123,1036,10.0,45396.0,46532.15454545455,445.60714285714283,scan:11040:NC-1+B,797064;797067;797068;797069;797072;797073;797074;797082;797083;797084;797087;797088;797089;797094;797097;797098;797099;797102;797103;797104;797109;797124;797127;797128;797129;797133;797138;797141;797142;797143;797146;797147;797152;797155;797156;797157;797160;797161;797166;797167;797168;797174;797175;797182;797195;797196;797203;797204;797205;797210;797211;797212;797213;797218;797219;797220;797221;797226;797227;797228;797229;797235;797236;797237;797249;797251;797256;797257;797258;797263;797264;797265;797270;797271;797272;797273;797274;797275;797280;797281;797282;797283;797284;797285;797290;797291;797292;797293;797294;797295;797306;797311;797312;797314;797315;797316;797317;797322;797323;797324;797325;797326;797327;797333;797334;797335;797336;797337;797338;797339,797062;797077;797092;797107;797122;797136;797150;797164;797171;797178;797185;797192;797200;797208;797216;797224;797232;797240;797247;797254;797261;797268;797278;797288;797298;797309;797320;797331,0.024652628792724784
11663,gdsc:1060:0.25uM,797066,11040,101,1060,0.25,38513.0,46532.15454545455,445.60714285714283,scan:11040:NC-1+B,797064;797067;797068;797069;797072;797073;797074;797082;797083;797084;797087;797088;797089;797094;797097;797098;797099;797102;797103;797104;797109;797124;797127;797128;797129;797133;797138;797141;797142;797143;797146;797147;797152;797155;797156;797157;797160;797161;797166;797167;797168;797174;797175;797182;797195;797196;797203;797204;797205;797210;797211;797212;797213;797218;797219;797220;797221;797226;797227;797228;797229;797235;797236;797237;797249;797251;797256;797257;797258;797263;797264;797265;797270;797271;797272;797273;797274;797275;797280;797281;797282;797283;797284;797285;797290;797291;797292;797293;797294;797295;797306;797311;797312;797314;797315;797316;797317;797322;797323;797324;797325;797326;797327;797333;797334;797335;797336;797337;797338;797339,797062;797077;797092;797107;797122;797136;797150;797164;797171;797178;797185;797192;797200;797208;797216;797224;797232;797240;797247;797254;797261;797268;797278;797288;797298;797309;797320;797331,0.17400206779218608
11669,gdsc:1032:2uM,798022,11042,124,1032,2.0,21023.0,28024.063636363637,313.17857142857144,scan:11042:NC-1+B,798015;798018;798019;798020;798023;798024;798025;798033;798034;798035;798038;798039;798040;798045;798048;798049;798050;798053;798054;798055;798060;798075;798078;798079;798080;798084;798089;798092;798093;798094;798097;798098;798103;798106;798107;798108;798111;798112;798117;798118;798119;798125;798126;798133;798146;798147;798154;798155;798156;798161;798162;798163;798164;798169;798170;798171;798172;798177;798178;798179;798180;798186;798187;798188;798200;798202;798207;798208;798209;798214;798215;798216;798221;798222;798223;798224;798225;798226;798231;798232;798233;798234;798235;798236;798241;798242;798243;798244;798245;798246;798257;798262;798263;798265;798266;798267;798268;798273;798274;798275;798276;798277;798278;798284;798285;798286;798287;798288;798289;798290,798013;798028;798043;798058;798073;798087;798101;798115;798122;798129;798136;798143;798151;798159;798167;798175;798183;798191;798198;798205;798212;798219;798229;798239;798249;798260;798271;798282,0.25264669894007385
11669,gdsc:1036:10uM,798021,11042,123,1036,10.0,32300.0,28024.063636363637,313.17857142857144,scan:11042:NC-1+B,798015;798018;798019;798020;798023;798024;798025;798033;798034;798035;798038;798039;798040;798045;798048;798049;798050;798053;798054;798055;798060;798075;798078;798079;798080;798084;798089;798092;798093;798094;798097;798098;798103;798106;798107;798108;798111;798112;798117;798118;798119;798125;798126;798133;798146;798147;798154;798155;798156;798161;798162;798163;798164;798169;798170;798171;798172;798177;798178;798179;798180;798186;798187;798188;798200;798202;798207;798208;798209;798214;798215;798216;798221;798222;798223;798224;798225;798226;798231;798232;798233;798234;798235;798236;798241;798242;798243;798244;798245;798246;798257;798262;798263;798265;798266;798267;798268;798273;798274;798275;798276;798277;798278;798284;798285;798286;798287;798288;798289;798290,798013;798028;798043;798058;798073;798087;798101;798115;798122;798129;798136;798143;798151;798159;798167;798175;798183;798191;798198;798205;798212;798219;798229;798239;798249;798260;798271;798282,-0.15430529748929134
11669,gdsc:1060:0.25uM,798017,11042,101,1060,0.25,24463.0,28024.063636363637,313.17857142857144,scan:11042:NC-1+B,798015;798018;798019;798020;798023;798024;798025;798033;798034;798035;798038;798039;798040;798045;798048;798049;798050;798053;798054;798055;798060;798075;798078;798079;798080;798084;798089;798092;798093;798094;798097;798098;798103;798106;798107;798108;798111;798112;798117;798118;798119;798125;798126;798133;798146;798147;798154;798155;798156;798161;798162;798163;798164;798169;798170;798171;798172;798177;798178;798179;798180;798186;798187;798188;798200;798202;798207;798208;798209;798214;798215;798216;798221;798222;798223;798224;798225;798226;798231;798232;798233;798234;798235;798236;798241;798242;798243;798244;798245;798246;798257;798262;798263;798265;798266;798267;798268;798273;798274;798275;798276;798277;798278;798284;798285;798286;798287;798288;798289;798290,798013;798028;798043;798058;798073;798087;798101;798115;798122;798129;798136;798143;798151;798159;798167;798175;798183;798191;798198;798205;798212;798219;798229;798239;798249;798260;798271;798282,0.1285077552744699
11679,gdsc:1032:2uM,798973,11047,124,1032,2.0,25992.0,30500.98181818182,362.35714285714283,scan:11047:NC-1+B,798966;798969;798970;798971;798974;798975;798976;798984;798985;798986;798989;798990;798991;798996;798999;799000;799001;799004;799005;799006;799011;799026;799029;799030;799031;799035;799040;799043;799044;799045;799048;799049;799054;799057;799058;799059;799062;799063;799068;799069;799070;799076;799077;799084;799097;799098;799105;799106;799107;799112;799113;799114;799115;799120;799121;799122;799123;799128;799129;799130;799131;799137;799138;799139;799151;799153;799158;799159;799160;799165;799166;799167;799172;799173;799174;799175;799176;799177;799182;799183;799184;799185;799186;799187;799192;799193;799194;799195;799196;799197;799208;799213;799214;799216;799217;799218;799219;799224;799225;799226;799227;799228;799229;799235;799236;799237;799238;799239;799240;799241,798964;798979;798994;799009;799024;799038;799052;799066;799073;799080;799087;799094;799102;799110;799118;799126;799134;799142;799149;799156;799163;799170;799180;799190;799200;799211;799222;799233,0.14960808154837424
11679,gdsc:1036:10uM,798972,11047,123,1036,10.0,28286.0,30500.98181818182,362.35714285714283,scan:11047:NC-1+B,798966;798969;798970;798971;798974;798975;798976;798984;798985;798986;798989;798990;798991;798996;798999;799000;799001;799004;799005;799006;799011;799026;799029;799030;799031;799035;799040;799043;799044;799045;799048;799049;799054;799057;799058;799059;799062;799063;799068;799069;799070;799076;799077;799084;799097;799098;799105;799106;799107;799112;799113;799114;799115;799120;799121;799122;799123;799128;799129;799130;799131;799137;799138;799139;799151;799153;799158;799159;799160;799165;799166;799167;799172;799173;799174;799175;799176;799177;799182;799183;799184;799185;799186;799187;799192;799193;799194;799195;799196;799197;799208;799213;799214;799216;799217;799218;799219;799224;799225;799226;799227;799228;799229;799235;799236;799237;799238;799239;799240;799241,798964;798979;798994;799009;799024;799038;799052;799066;799073;799080;799087;799094;799102;799110;799118;799126;799134;799142;799149;799156;799163;799170;799180;799190;799200;799211;799222;799233,0.07349312856984103
11679,gdsc:1060:0.25uM,798968,11047,101,1060,0.25,30006.0,30500.98181818182,362.35714285714283,scan:11047:NC-1+B,798966;798969;798970;798971;798974;798975;798976;798984;798985;798986;798989;798990;798991;798996;798999;799000;799001;799004;799005;799006;799011;799026;799029;799030;799031;799035;799040;799043;799044;799045;799048;799049;799054;799057;799058;799059;799062;799063;799068;799069;799070;799076;799077;799084;799097;799098;799105;799106;799107;799112;799113;799114;799115;799120;799121;799122;799123;799128;799129;799130;799131;799137;799138;799139;799151;799153;799158;799159;799160;799165;799166;799167;799172;799173;799174;799175;799176;799177;799182;799183;799184;799185;799186;799187;799192;799193;799194;799195;799196;799197;799208;799213;799214;799216;799217;799218;799219;799224;799225;799226;799227;799228;799229;799235;799236;799237;799238;799239;799240;799241,798964;798979;798994;799009;799024;799038;799052;799066;799073;799080;799087;799094;799102;799110;799118;799126;799134;799142;799149;799156;799163;799170;799180;799190;799200;799211;799222;799233,0.016423503843129073
11690,gdsc:1032:2uM,800403,11052,124,1032,2.0,68245.0,87267.90909090909,479.75,scan:11052:NC-1+B,800396;800399;800400;800401;800404;800405;800406;800414;800415;800416;800419;800420;800421;800426;800429;800430;800431;800434;800435;800436;800441;800456;800459;800460;800461;800465;800470;800473;800474;800475;800478;800479;800484;800487;800488;800489;800492;800493;800498;800499;800500;800506;800507;800514;800527;800528;800535;800536;800537;800542;800543;800544;800545;800550;800551;800552;800553;800558;800559;800560;800561;800567;800568;800569;800581;800583;800588;800589;800590;800595;800596;800597;800602;800603;800604;800605;800606;800607;800612;800613;800614;800615;800616;800617;800622;800623;800624;800625;800626;800627;800638;800643;800644;800646;800647;800648;800649;800654;800655;800656;800657;800658;800659;800665;800666;800667;800668;800669;800670;800671,800394;800409;800424;800439;800454;800468;800482;800496;800503;800510;800517;800524;800532;800540;800548;800556;800564;800572;800579;800586;800593;800600;800610;800620;800630;800641;800652;800663,0.2191878395644148
11690,gdsc:1036:10uM,800402,11052,123,1036,10.0,73218.0,87267.90909090909,479.75,scan:11052:NC-1+B,800396;800399;800400;800401;800404;800405;800406;800414;800415;800416;800419;800420;800421;800426;800429;800430;800431;800434;800435;800436;800441;800456;800459;800460;800461;800465;800470;800473;800474;800475;800478;800479;800484;800487;800488;800489;800492;800493;800498;800499;800500;800506;800507;800514;800527;800528;800535;800536;800537;800542;800543;800544;800545;800550;800551;800552;800553;800558;800559;800560;800561;800567;800568;800569;800581;800583;800588;800589;800590;800595;800596;800597;800602;800603;800604;800605;800606;800607;800612;800613;800614;800615;800616;800617;800622;800623;800624;800625;800626;800627;800638;800643;800644;800646;800647;800648;800649;800654;800655;800656;800657;800658;800659;800665;800666;800667;800668;800669;800670;800671,800394;800409;800424;800439;800454;800468;800482;800496;800503;800510;800517;800524;800532;800540;800548;800556;800564;800572;800579;800586;800593;800600;800610;800620;800630;800641;800652;800663,0.16188739613882175
11690,gdsc:1060:0.25uM,800398,11052,101,1060,0.25,89379.0,87267.90909090909,479.75,scan:11052:NC-1+B,800396;800399;800400;800401;800404;800405;800406;800414;800415;800416;800419;800420;800421;800426;800429;800430;800431;800434;800435;800436;800441;800456;800459;800460;800461;800465;800470;800473;800474;800475;800478;800479;800484;800487;800488;800489;800492;800493;800498;800499;800500;800506;800507;800514;800527;800528;800535;800536;800537;800542;800543;800544;800545;800550;800551;800552;800553;800558;800559;800560;800561;800567;800568;800569;800581;800583;800588;800589;800590;800595;800596;800597;800602;800603;800604;800605;800606;800607;800612;800613;800614;800615;800616;800617;800622;800623;800624;800625;800626;800627;800638;800643;800644;800646;800647;800648;800649;800654;800655;800656;800657;800658;800659;800665;800666;800667;800668;800669;800670;800671,800394;800409;800424;800439;800454;800468;800482;800496;800503;800510;800517;800524;800532;800540;800548;800556;800564;800572;800579;800586;800593;800600;800610;800620;800630;800641;800652;800663,-0.024324642107912187
11766,gdsc:1032:2uM,832265,11206,124,1032,2.0,45205.0,58967.27272727273,330.14285714285717,scan:11206:NC-1+B,832258;832261;832262;832263;832266;832267;832268;832276;832277;832278;832281;832282;832283;832288;832291;832292;832293;832296;832297;832298;832303;832318;832321;832322;832323;832327;832332;832335;832336;832337;832340;832341;832346;832349;832350;832351;832354;832355;832360;832361;832362;832368;832369;832376;832389;832390;832397;832398;832399;832404;832405;832406;832407;832412;832413;832414;832415;832420;832421;832422;832423;832429;832430;832431;832443;832445;832450;832451;832452;832457;832458;832459;832464;832465;832466;832467;832468;832469;832474;832475;832476;832477;832478;832479;832484;832485;832486;832487;832488;832489;832500;832505;832506;832508;832509;832510;832511;832516;832517;832518;832519;832520;832521;832527;832528;832529;832530;832531;832532;832533,832256;832271;832286;832301;832316;832330;832344;832358;832365;832372;832379;832386;832394;832402;832410;832418;832426;832434;832441;832448;832455;832462;832472;832482;832492;832503;832514;832525,0.23470235937116213
11766,gdsc:1036:10uM,832264,11206,123,1036,10.0,58111.0,58967.27272727273,330.14285714285717,scan:11206:NC-1+B,832258;832261;832262;832263;832266;832267;832268;832276;832277;832278;832281;832282;832283;832288;832291;832292;832293;832296;832297;832298;832303;832318;832321;832322;832323;832327;832332;832335;832336;832337;832340;832341;832346;832349;832350;832351;832354;832355;832360;832361;832362;832368;832369;832376;832389;832390;832397;832398;832399;832404;832405;832406;832407;832412;832413;832414;832415;832420;832421;832422;832423;832429;832430;832431;832443;832445;832450;832451;832452;832457;832458;832459;832464;832465;832466;832467;832468;832469;832474;832475;832476;832477;832478;832479;832484;832485;832486;832487;832488;832489;832500;832505;832506;832508;832509;832510;832511;832516;832517;832518;832519;832520;832521;832527;832528;832529;832530;832531;832532;832533,832256;832271;832286;832301;832316;832330;832344;832358;832365;832372;832379;832386;832394;832402;832410;832418;832426;832434;832441;832448;832455;832462;832472;832482;832492;832503;832514;832525,0.014602909950899856
11766,gdsc:1060:0.25uM,832260,11206,101,1060,0.25,30102.0,58967.27272727273,330.14285714285717,scan:11206:NC-1+B,832258;832261;832262;832263;832266;832267;832268;832276;832277;832278;832281;832282;832283;832288;832291;832292;832293;832296;832297;832298;832303;832318;832321;832322;832323;832327;832332;832335;832336;832337;832340;832341;832346;832349;832350;832351;832354;832355;832360;832361;832362;832368;832369;832376;832389;832390;832397;832398;832399;832404;832405;832406;832407;832412;832413;832414;832415;832420;832421;832422;832423;832429;832430;832431;832443;832445;832450;832451;832452;832457;832458;832459;832464;832465;832466;832467;832468;832469;832474;832475;832476;832477;832478;832479;832484;832485;832486;832487;832488;832489;832500;832505;832506;832508;832509;832510;832511;832516;832517;832518;832519;832520;832521;832527;832528;832529;832530;832531;832532;832533,832256;832271;832286;832301;832316;832330;832344;832358;832365;832372;832379;832386;832394;832402;832410;832418;832426;832434;832441;832448;832455;832462;832472;832482;832492;832503;832514;832525,0.4922695362341888
11771,gdsc:1032:2uM,833216,11208,124,1032,2.0,8886.0,21408.50909090909,212.57142857142858,scan:11208:NC-1+B,833209;833212;833213;833214;833217;833218;833219;833227;833228;833229;833232;833233;833234;833239;833242;833243;833244;833247;833248;833249;833254;833269;833272;833273;833274;833278;833283;833286;833287;833288;833291;833292;833297;833300;833301;833302;833305;833306;833311;833312;833313;833319;833320;833327;833340;833341;833348;833349;833350;833355;833356;833357;833358;833363;833364;833365;833366;833371;833372;833373;833374;833380;833381;833382;833394;833396;833401;833402;833403;833408;833409;833410;833415;833416;833417;833418;833419;833420;833425;833426;833427;833428;833429;833430;833435;833436;833437;833438;833439;833440;833451;833456;833457;833459;833460;833461;833462;833467;833468;833469;833470;833471;833472;833478;833479;833480;833481;833482;833483;833484,833207;833222;833237;833252;833267;833281;833295;833309;833316;833323;833330;833337;833345;833353;833361;833369;833377;833385;833392;833399;833406;833413;833423;833433;833443;833454;833465;833476,0.5907975995400246
11771,gdsc:1036:10uM,833215,11208,123,1036,10.0,12517.0,21408.50909090909,212.57142857142858,scan:11208:NC-1+B,833209;833212;833213;833214;833217;833218;833219;833227;833228;833229;833232;833233;833234;833239;833242;833243;833244;833247;833248;833249;833254;833269;833272;833273;833274;833278;833283;833286;833287;833288;833291;833292;833297;833300;833301;833302;833305;833306;833311;833312;833313;833319;833320;833327;833340;833341;833348;833349;833350;833355;833356;833357;833358;833363;833364;833365;833366;833371;833372;833373;833374;833380;833381;833382;833394;833396;833401;833402;833403;833408;833409;833410;833415;833416;833417;833418;833419;833420;833425;833426;833427;833428;833429;833430;833435;833436;833437;833438;833439;833440;833451;833456;833457;833459;833460;833461;833462;833467;833468;833469;833470;833471;833472;833478;833479;833480;833481;833482;833483;833484,833207;833222;833237;833252;833267;833281;833295;833309;833316;833323;833330;833337;833345;833353;833361;833369;833377;833385;833392;833399;833406;833413;833423;833433;833443;833454;833465;833476,0.41949118895117865
11771,gdsc:1060:0.25uM,833211,11208,101,1060,0.25,18713.0,21408.50909090909,212.57142857142858,scan:11208:NC-1+B,833209;833212;833213;833214;833217;833218;833219;833227;833228;833229;833232;833233;833234;833239;833242;833243;833244;833247;833248;833249;833254;833269;833272;833273;833274;833278;833283;833286;833287;833288;833291;833292;833297;833300;833301;833302;833305;833306;833311;833312;833313;833319;833320;833327;833340;833341;833348;833349;833350;833355;833356;833357;833358;833363;833364;833365;833366;833371;833372;833373;833374;833380;833381;833382;833394;833396;833401;833402;833403;833408;833409;833410;833415;833416;833417;833418;833419;833420;833425;833426;833427;833428;833429;833430;833435;833436;833437;833438;833439;833440;833451;833456;833457;833459;833460;833461;833462;833467;833468;833469;833470;833471;833472;833478;833479;833480;833481;833482;833483;833484,833207;833222;833237;833252;833267;833281;833295;833309;833316;833323;833330;833337;833345;833353;833361;833369;833377;833385;833392;833399;833406;833413;833423;833433;833443;833454;833465;833476,0.1271710237051059
11786,gdsc:1032:2uM,834167,11210,124,1032,2.0,18920.0,27516.28181818182,255.35714285714286,scan:11210:NC-1+B,834160;834163;834164;834165;834168;834169;834170;834178;834179;834180;834183;834184;834185;834190;834193;834194;834195;834198;834199;834200;834205;834220;834223;834224;834225;834229;834234;834237;834238;834239;834242;834243;834248;834251;834252;834253;834256;834257;834262;834263;834264;834270;834271;834278;834291;834292;834299;834300;834301;834306;834307;834308;834309;834314;834315;834316;834317;834322;834323;834324;834325;834331;834332;834333;834345;834347;834352;834353;834354;834359;834360;834361;834366;834367;834368;834369;834370;834371;834376;834377;834378;834379;834380;834381;834386;834387;834388;834389;834390;834391;834402;834407;834408;834410;834411;834412;834413;834418;834419;834420;834421;834422;834423;834429;834430;834431;834432;834433;834434;834435,834158;834173;834188;834203;834218;834232;834246;834260;834267;834274;834281;834288;834296;834304;834312;834320;834328;834336;834343;834350;834357;834364;834374;834384;834394;834405;834416;834427,0.31533346431065024
11786,gdsc:1036:10uM,834166,11210,123,1036,10.0,22361.0,27516.28181818182,255.35714285714286,scan:11210:NC-1+B,834160;834163;834164;834165;834168;834169;834170;834178;834179;834180;834183;834184;834185;834190;834193;834194;834195;834198;834199;834200;834205;834220;834223;834224;834225;834229;834234;834237;834238;834239;834242;834243;834248;834251;834252;834253;834256;834257;834262;834263;834264;834270;834271;834278;834291;834292;834299;834300;834301;834306;834307;834308;834309;834314;834315;834316;834317;834322;834323;834324;834325;834331;834332;834333;834345;834347;834352;834353;834354;834359;834360;834361;834366;834367;834368;834369;834370;834371;834376;834377;834378;834379;834380;834381;834386;834387;834388;834389;834390;834391;834402;834407;834408;834410;834411;834412;834413;834418;834419;834420;834421;834422;834423;834429;834430;834431;834432;834433;834434;834435,834158;834173;834188;834203;834218;834232;834246;834260;834267;834274;834281;834288;834296;834304;834312;834320;834328;834336;834343;834350;834357;834364;834374;834384;834394;834405;834416;834427,0.18910883910141685
11786,gdsc:1060:0.25uM,834162,11210,101,1060,0.25,24368.0,27516.28181818182,255.35714285714286,scan:11210:NC-1+B,834160;834163;834164;834165;834168;834169;834170;834178;834179;834180;834183;834184;834185;834190;834193;834194;834195;834198;834199;834200;834205;834220;834223;834224;834225;834229;834234;834237;834238;834239;834242;834243;834248;834251;834252;834253;834256;834257;834262;834263;834264;834270;834271;834278;834291;834292;834299;834300;834301;834306;834307;834308;834309;834314;834315;834316;834317;834322;834323;834324;834325;834331;834332;834333;834345;834347;834352;834353;834354;834359;834360;834361;834366;834367;834368;834369;834370;834371;834376;834377;834378;834379;834380;834381;834386;834387;834388;834389;834390;834391;834402;834407;834408;834410;834411;834412;834413;834418;834419;834420;834421;834422;834423;834429;834430;834431;834432;834433;834434;834435,834158;834173;834188;834203;834218;834232;834246;834260;834267;834274;834281;834288;834296;834304;834312;834320;834328;834336;834343;834350;834357;834364;834374;834384;834394;834405;834416;834427,0.11548697836473232
11801,gdsc:1032:2uM,835118,11212,124,1032,2.0,19780.0,23891.927272727273,253.07142857142858,scan:11212:NC-1+B,835111;835114;835115;835116;835119;835120;835121;835129;835130;835131;835134;835135;835136;835141;835144;835145;835146;835149;835150;835151;835156;835171;835174;835175;835176;835180;835185;835188;835189;835190;835193;835194;835199;835202;835203;835204;835207;835208;835213;835214;835215;835221;835222;835229;835242;835243;835250;835251;835252;835257;835258;835259;835260;835265;835266;835267;835268;835273;835274;835275;835276;835282;835283;835284;835296;835298;835303;835304;835305;835310;835311;835312;835317;835318;835319;835320;835321;835322;835327;835328;835329;835330;835331;835332;835337;835338;835339;835340;835341;835342;835353;835358;835359;835361;835362;835363;835364;835369;835370;835371;835372;835373;835374;835380;835381;835382;835383;835384;835385;835386,835109;835124;835139;835154;835169;835183;835197;835211;835218;835225;835232;835239;835247;835255;835263;835271;835279;835287;835294;835301;835308;835315;835325;835335;835345;835356;835367;835378,0.17394781286522587
11801,gdsc:1036:10uM,835117,11212,123,1036,10.0,20605.0,23891.927272727273,253.07142857142858,scan:11212:NC-1+B,835111;835114;835115;835116;835119;835120;835121;835129;835130;835131;835134;835135;835136;835141;835144;835145;835146;835149;835150;835151;835156;835171;835174;835175;835176;835180;835185;835188;835189;835190;835193;835194;835199;835202;835203;835204;835207;835208;835213;835214;835215;835221;835222;835229;835242;835243;835250;835251;835252;835257;835258;835259;835260;835265;835266;835267;835268;835273;835274;835275;835276;835282;835283;835284;835296;835298;835303;835304;835305;835310;835311;835312;835317;835318;835319;835320;835321;835322;835327;835328;835329;835330;835331;835332;835337;835338;835339;835340;835341;835342;835353;835358;835359;835361;835362;835363;835364;835369;835370;835371;835372;835373;835374;835380;835381;835382;835383;835384;835385;835386,835109;835124;835139;835154;835169;835183;835197;835211;835218;835225;835232;835239;835247;835255;835263;835271;835279;835287;835294;835301;835308;835315;835325;835335;835345;835356;835367;835378,0.13904764656957325
11801,gdsc:1060:0.25uM,835113,11212,101,1060,0.25,23699.0,23891.927272727273,253.07142857142858,scan:11212:NC-1+B,835111;835114;835115;835116;835119;835120;835121;835129;835130;835131;835134;835135;835136;835141;835144;835145;835146;835149;835150;835151;835156;835171;835174;835175;835176;835180;835185;835188;835189;835190;835193;835194;835199;835202;835203;835204;835207;835208;835213;835214;835215;835221;835222;835229;835242;835243;835250;835251;835252;835257;835258;835259;835260;835265;835266;835267;835268;835273;835274;835275;835276;835282;835283;835284;835296;835298;835303;835304;835305;835310;835311;835312;835317;835318;835319;835320;835321;835322;835327;835328;835329;835330;835331;835332;835337;835338;835339;835340;835341;835342;835353;835358;835359;835361;835362;835363;835364;835369;835370;835371;835372;835373;835374;835380;835381;835382;835383;835384;835385;835386,835109;835124;835139;835154;835169;835183;835197;835211;835218;835225;835232;835239;835247;835255;835263;835271;835279;835287;835294;835301;835308;835315;835325;835335;835345;835356;835367;835378,0.008161447152907342
11804,gdsc:1032:2uM,836069,11214,124,1032,2.0,21692.0,54151.32727272727,308.92857142857144,scan:11214:NC-1+B,836062;836065;836066;836067;836070;836071;836072;836080;836081;836082;836085;836086;836087;836092;836095;836096;836097;836100;836101;836102;836107;836122;836125;836126;836127;836131;836136;836139;836140;836141;836144;836145;836150;836153;836154;836155;836158;836159;836164;836165;836166;836172;836173;836180;836193;836194;836201;836202;836203;836208;836209;836210;836211;836216;836217;836218;836219;836224;836225;836226;836227;836233;836234;836235;836247;836249;836254;836255;836256;836261;836262;836263;836268;836269;836270;836271;836272;836273;836278;836279;836280;836281;836282;836283;836288;836289;836290;836291;836292;836293;836304;836309;836310;836312;836313;836314;836315;836320;836321;836322;836323;836324;836325;836331;836332;836333;836334;836335;836336;836337,836060;836075;836090;836105;836120;836134;836148;836162;836169;836176;836183;836190;836198;836206;836214;836222;836230;836238;836245;836252;836259;836266;836276;836286;836296;836307;836318;836329,0.6028581202854979
11804,gdsc:1036:10uM,836068,11214,123,1036,10.0,58302.0,54151.32727272727,308.92857142857144,scan:11214:NC-1+B,836062;836065;836066;836067;836070;836071;836072;836080;836081;836082;836085;836086;836087;836092;836095;836096;836097;836100;836101;836102;836107;836122;836125;836126;836127;836131;836136;836139;836140;836141;836144;836145;836150;836153;836154;836155;836158;836159;836164;836165;836166;836172;836173;836180;836193;836194;836201;836202;836203;836208;836209;836210;836211;836216;836217;836218;836219;836224;836225;836226;836227;836233;836234;836235;836247;836249;836254;836255;836256;836261;836262;836263;836268;836269;836270;836271;836272;836273;836278;836279;836280;836281;836282;836283;836288;836289;836290;836291;836292;836293;836304;836309;836310;836312;836313;836314;836315;836320;836321;836322;836323;836324;836325;836331;836332;836333;836334;836335;836336;836337,836060;836075;836090;836105;836120;836134;836148;836162;836169;836176;836183;836190;836198;836206;836214;836222;836230;836238;836245;836252;836259;836266;836276;836286;836296;836307;836318;836329,-0.07708929816257637
11804,gdsc:1060:0.25uM,836064,11214,101,1060,0.25,12040.0,54151.32727272727,308.92857142857144,scan:11214:NC-1+B,836062;836065;836066;836067;836070;836071;836072;836080;836081;836082;836085;836086;836087;836092;836095;836096;836097;836100;836101;836102;836107;836122;836125;836126;836127;836131;836136;836139;836140;836141;836144;836145;836150;836153;836154;836155;836158;836159;836164;836165;836166;836172;836173;836180;836193;836194;836201;836202;836203;836208;836209;836210;836211;836216;836217;836218;836219;836224;836225;836226;836227;836233;836234;836235;836247;836249;836254;836255;836256;836261;836262;836263;836268;836269;836270;836271;836272;836273;836278;836279;836280;836281;836282;836283;836288;836289;836290;836291;836292;836293;836304;836309;836310;836312;836313;836314;836315;836320;836321;836322;836323;836324;836325;836331;836332;836333;836334;836335;836336;836337,836060;836075;836090;836105;836120;836134;836148;836162;836169;836176;836183;836190;836198;836206;836214;836222;836230;836238;836245;836252;836259;836266;836276;836286;836296;836307;836318;836329,0.7821220504373912
11813,gdsc:1032:2uM,836541,11216,124,1032,2.0,21500.0,26888.763636363637,237.17857142857142,scan:11216:NC-1+B,836534;836537;836538;836539;836542;836543;836544;836552;836553;836554;836557;836558;836559;836564;836567;836568;836569;836572;836573;836574;836579;836594;836597;836598;836599;836603;836608;836611;836612;836613;836616;836617;836622;836625;836626;836627;836630;836631;836636;836637;836638;836644;836645;836652;836665;836666;836673;836674;836675;836680;836681;836682;836683;836688;836689;836690;836691;836696;836697;836698;836699;836705;836706;836707;836719;836721;836726;836727;836728;836733;836734;836735;836740;836741;836742;836743;836744;836745;836750;836751;836752;836753;836754;836755;836760;836761;836762;836763;836764;836765;836776;836781;836782;836784;836785;836786;836787;836792;836793;836794;836795;836796;836797;836803;836804;836805;836806;836807;836808;836809,836532;836547;836562;836577;836592;836606;836620;836634;836641;836648;836655;836662;836670;836678;836686;836694;836702;836710;836717;836724;836731;836738;836748;836758;836768;836779;836790;836801,0.20219298864342294
11813,gdsc:1036:10uM,836540,11216,123,1036,10.0,16149.0,26888.763636363637,237.17857142857142,scan:11216:NC-1+B,836534;836537;836538;836539;836542;836543;836544;836552;836553;836554;836557;836558;836559;836564;836567;836568;836569;836572;836573;836574;836579;836594;836597;836598;836599;836603;836608;836611;836612;836613;836616;836617;836622;836625;836626;836627;836630;836631;836636;836637;836638;836644;836645;836652;836665;836666;836673;836674;836675;836680;836681;836682;836683;836688;836689;836690;836691;836696;836697;836698;836699;836705;836706;836707;836719;836721;836726;836727;836728;836733;836734;836735;836740;836741;836742;836743;836744;836745;836750;836751;836752;836753;836754;836755;836760;836761;836762;836763;836764;836765;836776;836781;836782;836784;836785;836786;836787;836792;836793;836794;836795;836796;836797;836803;836804;836805;836806;836807;836808;836809,836532;836547;836562;836577;836592;836606;836620;836634;836641;836648;836655;836662;836670;836678;836686;836694;836702;836710;836717;836724;836731;836738;836748;836758;836768;836779;836790;836801,0.40296903955981656
11813,gdsc:1060:0.25uM,836536,11216,101,1060,0.25,16913.0,26888.763636363637,237.17857142857142,scan:11216:NC-1+B,836534;836537;836538;836539;836542;836543;836544;836552;836553;836554;836557;836558;836559;836564;836567;836568;836569;836572;836573;836574;836579;836594;836597;836598;836599;836603;836608;836611;836612;836613;836616;836617;836622;836625;836626;836627;836630;836631;836636;836637;836638;836644;836645;836652;836665;836666;836673;836674;836675;836680;836681;836682;836683;836688;836689;836690;836691;836696;836697;836698;836699;836705;836706;836707;836719;836721;836726;836727;836728;836733;836734;836735;836740;836741;836742;836743;836744;836745;836750;836751;836752;836753;836754;836755;836760;836761;836762;836763;836764;836765;836776;836781;836782;836784;836785;836786;836787;836792;836793;836794;836795;836796;836797;836803;836804;836805;836806;836807;836808;836809,836532;836547;836562;836577;836592;836606;836620;836634;836641;836648;836655;836662;836670;836678;836686;836694;836702;836710;836717;836724;836731;836738;836748;836758;836768;836779;836790;836801,0.37430282709483353
11816,gdsc:1032:2uM,837492,11218,124,1032,2.0,22361.0,15599.60909090909,226.78571428571428,scan:11218:NC-1+B,837485;837488;837489;837490;837493;837494;837495;837503;837504;837505;837508;837509;837510;837515;837518;837519;837520;837523;837524;837525;837530;837545;837548;837549;837550;837554;837559;837562;837563;837564;837567;837568;837573;837576;837577;837578;837581;837582;837587;837588;837589;837595;837596;837603;837616;837617;837624;837625;837626;837631;837632;837633;837634;837639;837640;837641;837642;837647;837648;837649;837650;837656;837657;837658;837670;837672;837677;837678;837679;837684;837685;837686;837691;837692;837693;837694;837695;837696;837701;837702;837703;837704;837705;837706;837711;837712;837713;837714;837715;837716;837727;837732;837733;837735;837736;837737;837738;837743;837744;837745;837746;837747;837748;837754;837755;837756;837757;837758;837759;837760,837483;837498;837513;837528;837543;837557;837571;837585;837592;837599;837606;837613;837621;837629;837637;837645;837653;837661;837668;837675;837682;837689;837699;837709;837719;837730;837741;837752,-0.4398275283233002
11816,gdsc:1036:10uM,837491,11218,123,1036,10.0,27713.0,15599.60909090909,226.78571428571428,scan:11218:NC-1+B,837485;837488;837489;837490;837493;837494;837495;837503;837504;837505;837508;837509;837510;837515;837518;837519;837520;837523;837524;837525;837530;837545;837548;837549;837550;837554;837559;837562;837563;837564;837567;837568;837573;837576;837577;837578;837581;837582;837587;837588;837589;837595;837596;837603;837616;837617;837624;837625;837626;837631;837632;837633;837634;837639;837640;837641;837642;837647;837648;837649;837650;837656;837657;837658;837670;837672;837677;837678;837679;837684;837685;837686;837691;837692;837693;837694;837695;837696;837701;837702;837703;837704;837705;837706;837711;837712;837713;837714;837715;837716;837727;837732;837733;837735;837736;837737;837738;837743;837744;837745;837746;837747;837748;837754;837755;837756;837757;837758;837759;837760,837483;837498;837513;837528;837543;837557;837571;837585;837592;837599;837606;837613;837621;837629;837637;837645;837653;837661;837668;837675;837682;837689;837699;837709;837719;837730;837741;837752,-0.7879743761000395
11816,gdsc:1060:0.25uM,837487,11218,101,1060,0.25,10750.0,15599.60909090909,226.78571428571428,scan:11218:NC-1+B,837485;837488;837489;837490;837493;837494;837495;837503;837504;837505;837508;837509;837510;837515;837518;837519;837520;837523;837524;837525;837530;837545;837548;837549;837550;837554;837559;837562;837563;837564;837567;837568;837573;837576;837577;837578;837581;837582;837587;837588;837589;837595;837596;837603;837616;837617;837624;837625;837626;837631;837632;837633;837634;837639;837640;837641;837642;837647;837648;837649;837650;837656;837657;837658;837670;837672;837677;837678;837679;837684;837685;837686;837691;837692;837693;837694;837695;837696;837701;837702;837703;837704;837705;837706;837711;837712;837713;837714;837715;837716;837727;837732;837733;837735;837736;837737;837738;837743;837744;837745;837746;837747;837748;837754;837755;837756;837757;837758;837759;837760,837483;837498;837513;837528;837543;837557;837571;837585;837592;837599;837606;837613;837621;837629;837637;837645;837653;837661;837668;837675;837682;837689;837699;837709;837719;837730;837741;837752,0.3154663897513862
11819,gdsc:1032:2uM,838443,11220,124,1032,2.0,41094.0,53574.954545454544,329.35714285714283,scan:11220:NC-1+B,838436;838439;838440;838441;838444;838445;838446;838454;838455;838456;838459;838460;838461;838466;838469;838470;838471;838474;838475;838476;838481;838496;838499;838500;838501;838505;838510;838513;838514;838515;838518;838519;838524;838527;838528;838529;838532;838533;838538;838539;838540;838546;838547;838554;838567;838568;838575;838576;838577;838582;838583;838584;838585;838590;838591;838592;838593;838598;838599;838600;838601;838607;838608;838609;838621;838623;838628;838629;838630;838635;838636;838637;838642;838643;838644;838645;838646;838647;838652;838653;838654;838655;838656;838657;838662;838663;838664;838665;838666;838667;838678;838683;838684;838686;838687;838688;838689;838694;838695;838696;838697;838698;838699;838705;838706;838707;838708;838709;838710;838711,838434;838449;838464;838479;838494;838508;838522;838536;838543;838550;838557;838564;838572;838580;838588;838596;838604;838612;838619;838626;838633;838640;838650;838660;838670;838681;838692;838703,0.23440350290530698
11819,gdsc:1036:10uM,838442,11220,123,1036,10.0,39278.0,53574.954545454544,329.35714285714283,scan:11220:NC-1+B,838436;838439;838440;838441;838444;838445;838446;838454;838455;838456;838459;838460;838461;838466;838469;838470;838471;838474;838475;838476;838481;838496;838499;838500;838501;838505;838510;838513;838514;838515;838518;838519;838524;838527;838528;838529;838532;838533;838538;838539;838540;838546;838547;838554;838567;838568;838575;838576;838577;838582;838583;838584;838585;838590;838591;838592;838593;838598;838599;838600;838601;838607;838608;838609;838621;838623;838628;838629;838630;838635;838636;838637;838642;838643;838644;838645;838646;838647;838652;838653;838654;838655;838656;838657;838662;838663;838664;838665;838666;838667;838678;838683;838684;838686;838687;838688;838689;838694;838695;838696;838697;838698;838699;838705;838706;838707;838708;838709;838710;838711,838434;838449;838464;838479;838494;838508;838522;838536;838543;838550;838557;838564;838572;838580;838588;838596;838604;838612;838619;838626;838633;838640;838650;838660;838670;838681;838692;838703,0.26850960911102706
11819,gdsc:1060:0.25uM,838438,11220,101,1060,0.25,40521.0,53574.954545454544,329.35714285714283,scan:11220:NC-1+B,838436;838439;838440;838441;838444;838445;838446;838454;838455;838456;838459;838460;838461;838466;838469;838470;838471;838474;838475;838476;838481;838496;838499;838500;838501;838505;838510;838513;838514;838515;838518;838519;838524;838527;838528;838529;838532;838533;838538;838539;838540;838546;838547;838554;838567;838568;838575;838576;838577;838582;838583;838584;838585;838590;838591;838592;838593;838598;838599;838600;838601;838607;838608;838609;838621;838623;838628;838629;838630;838635;838636;838637;838642;838643;838644;838645;838646;838647;838652;838653;838654;838655;838656;838657;838662;838663;838664;838665;838666;838667;838678;838683;838684;838686;838687;838688;838689;838694;838695;838696;838697;838698;838699;838705;838706;838707;838708;838709;838710;838711,838434;838449;838464;838479;838494;838508;838522;838536;838543;838550;838557;838564;838572;838580;838588;838596;838604;838612;838619;838626;838633;838640;838650;838660;838670;838681;838692;838703,0.24516495601977706
11763,gdsc:1032:2uM,839394,11224,124,1032,2.0,16435.0,17770.863636363636,200.17857142857142,scan:11224:NC-1+B,839387;839390;839391;839392;839395;839396;839397;839405;839406;839407;839410;839411;839412;839417;839420;839421;839422;839425;839426;839427;839432;839447;839450;839451;839452;839456;839461;839464;839465;839466;839469;839470;839475;839478;839479;839480;839483;839484;839489;839490;839491;839497;839498;839505;839518;839519;839526;839527;839528;839533;839534;839535;839536;839541;839542;839543;839544;839549;839550;839551;839552;839558;839559;839560;839572;839574;839579;839580;839581;839586;839587;839588;839593;839594;839595;839596;839597;839598;839603;839604;839605;839606;839607;839608;839613;839614;839615;839616;839617;839618;839629;839634;839635;839637;839638;839639;839640;839645;839646;839647;839648;839649;839650;839656;839657;839658;839659;839660;839661;839662,839385;839400;839415;839430;839445;839459;839473;839487;839494;839501;839508;839515;839523;839531;839539;839547;839555;839563;839570;839577;839584;839591;839601;839611;839621;839632;839643;839654,0.07602797679354867
11763,gdsc:1036:10uM,839393,11224,123,1036,10.0,13091.0,17770.863636363636,200.17857142857142,scan:11224:NC-1+B,839387;839390;839391;839392;839395;839396;839397;839405;839406;839407;839410;839411;839412;839417;839420;839421;839422;839425;839426;839427;839432;839447;839450;839451;839452;839456;839461;839464;839465;839466;839469;839470;839475;839478;839479;839480;839483;839484;839489;839490;839491;839497;839498;839505;839518;839519;839526;839527;839528;839533;839534;839535;839536;839541;839542;839543;839544;839549;839550;839551;839552;839558;839559;839560;839572;839574;839579;839580;839581;839586;839587;839588;839593;839594;839595;839596;839597;839598;839603;839604;839605;839606;839607;839608;839613;839614;839615;839616;839617;839618;839629;839634;839635;839637;839638;839639;839640;839645;839646;839647;839648;839649;839650;839656;839657;839658;839659;839660;839661;839662,839385;839400;839415;839430;839445;839459;839473;839487;839494;839501;839508;839515;839523;839531;839539;839547;839555;839563;839570;839577;839584;839591;839601;839611;839621;839632;839643;839654,0.2663449728379119
11763,gdsc:1060:0.25uM,839389,11224,101,1060,0.25,13377.0,17770.863636363636,200.17857142857142,scan:11224:NC-1+B,839387;839390;839391;839392;839395;839396;839397;839405;839406;839407;839410;839411;839412;839417;839420;839421;839422;839425;839426;839427;839432;839447;839450;839451;839452;839456;839461;839464;839465;839466;839469;839470;839475;839478;839479;839480;839483;839484;839489;839490;839491;839497;839498;839505;839518;839519;839526;839527;839528;839533;839534;839535;839536;839541;839542;839543;839544;839549;839550;839551;839552;839558;839559;839560;839572;839574;839579;839580;839581;839586;839587;839588;839593;839594;839595;839596;839597;839598;839603;839604;839605;839606;839607;839608;839613;839614;839615;839616;839617;839618;839629;839634;839635;839637;839638;839639;839640;839645;839646;839647;839648;839649;839650;839656;839657;839658;839659;839660;839661;839662,839385;839400;839415;839430;839445;839459;839473;839487;839494;839501;839508;839515;839523;839531;839539;839547;839555;839563;839570;839577;839584;839591;839601;839611;839621;839632;839643;839654,0.25006786133411774
11798,gdsc:1032:2uM,840345,11239,124,1032,2.0,32109.0,36142.454545454544,304.39285714285717,scan:11239:NC-1+B,840338;840341;840342;840343;840346;840347;840348;840356;840357;840358;840361;840362;840363;840368;840371;840372;840373;840376;840377;840378;840383;840398;840401;840402;840403;840407;840412;840415;840416;840417;840420;840421;840426;840429;840430;840431;840434;840435;840440;840441;840442;840448;840449;840456;840469;840470;840477;840478;840479;840484;840485;840486;840487;840492;840493;840494;840495;840500;840501;840502;840503;840509;840510;840511;840523;840525;840530;840531;840532;840537;840538;840539;840544;840545;840546;840547;840548;840549;840554;840555;840556;840557;840558;840559;840564;840565;840566;840567;840568;840569;840580;840585;840586;840588;840589;840590;840591;840596;840597;840598;840599;840600;840601;840607;840608;840609;840610;840611;840612;840613,840336;840351;840366;840381;840396;840410;840424;840438;840445;840452;840459;840466;840474;840482;840490;840498;840506;840514;840521;840528;840535;840542;840552;840562;840572;840583;840594;840605,0.11254667120487793
11798,gdsc:1036:10uM,840344,11239,123,1036,10.0,32492.0,36142.454545454544,304.39285714285717,scan:11239:NC-1+B,840338;840341;840342;840343;840346;840347;840348;840356;840357;840358;840361;840362;840363;840368;840371;840372;840373;840376;840377;840378;840383;840398;840401;840402;840403;840407;840412;840415;840416;840417;840420;840421;840426;840429;840430;840431;840434;840435;840440;840441;840442;840448;840449;840456;840469;840470;840477;840478;840479;840484;840485;840486;840487;840492;840493;840494;840495;840500;840501;840502;840503;840509;840510;840511;840523;840525;840530;840531;840532;840537;840538;840539;840544;840545;840546;840547;840548;840549;840554;840555;840556;840557;840558;840559;840564;840565;840566;840567;840568;840569;840580;840585;840586;840588;840589;840590;840591;840596;840597;840598;840599;840600;840601;840607;840608;840609;840610;840611;840612;840613,840336;840351;840366;840381;840396;840410;840424;840438;840445;840452;840459;840466;840474;840482;840490;840498;840506;840514;840521;840528;840535;840542;840552;840562;840572;840583;840594;840605,0.10185970930021349
11798,gdsc:1060:0.25uM,840340,11239,101,1060,0.25,24176.0,36142.454545454544,304.39285714285717,scan:11239:NC-1+B,840338;840341;840342;840343;840346;840347;840348;840356;840357;840358;840361;840362;840363;840368;840371;840372;840373;840376;840377;840378;840383;840398;840401;840402;840403;840407;840412;840415;840416;840417;840420;840421;840426;840429;840430;840431;840434;840435;840440;840441;840442;840448;840449;840456;840469;840470;840477;840478;840479;840484;840485;840486;840487;840492;840493;840494;840495;840500;840501;840502;840503;840509;840510;840511;840523;840525;840530;840531;840532;840537;840538;840539;840544;840545;840546;840547;840548;840549;840554;840555;840556;840557;840558;840559;840564;840565;840566;840567;840568;840569;840580;840585;840586;840588;840589;840590;840591;840596;840597;840598;840599;840600;840601;840607;840608;840609;840610;840611;840612;840613,840336;840351;840366;840381;840396;840410;840424;840438;840445;840452;840459;840466;840474;840482;840490;840498;840506;840514;840521;840528;840535;840542;840552;840562;840572;840583;840594;840605,0.33390350877590336
11807,gdsc:1032:2uM,841296,11241,124,1032,2.0,19971.0,27542.654545454545,226.92857142857142,scan:11241:NC-1+B,841289;841292;841293;841294;841297;841298;841299;841307;841308;841309;841312;841313;841314;841319;841322;841323;841324;841327;841328;841329;841334;841349;841352;841353;841354;841358;841363;841366;841367;841368;841371;841372;841377;841380;841381;841382;841385;841386;841391;841392;841393;841399;841400;841407;841420;841421;841428;841429;841430;841435;841436;841437;841438;841443;841444;841445;841446;841451;841452;841453;841454;841460;841461;841462;841474;841476;841481;841482;841483;841488;841489;841490;841495;841496;841497;841498;841499;841500;841505;841506;841507;841508;841509;841510;841515;841516;841517;841518;841519;841520;841531;841536;841537;841539;841540;841541;841542;841547;841548;841549;841550;841551;841552;841558;841559;841560;841561;841562;841563;841564,841287;841302;841317;841332;841347;841361;841375;841389;841396;841403;841410;841417;841425;841433;841441;841449;841457;841465;841472;841479;841486;841493;841503;841513;841523;841534;841545;841556,0.27719030981106973
11807,gdsc:1036:10uM,841295,11241,123,1036,10.0,21596.0,27542.654545454545,226.92857142857142,scan:11241:NC-1+B,841289;841292;841293;841294;841297;841298;841299;841307;841308;841309;841312;841313;841314;841319;841322;841323;841324;841327;841328;841329;841334;841349;841352;841353;841354;841358;841363;841366;841367;841368;841371;841372;841377;841380;841381;841382;841385;841386;841391;841392;841393;841399;841400;841407;841420;841421;841428;841429;841430;841435;841436;841437;841438;841443;841444;841445;841446;841451;841452;841453;841454;841460;841461;841462;841474;841476;841481;841482;841483;841488;841489;841490;841495;841496;841497;841498;841499;841500;841505;841506;841507;841508;841509;841510;841515;841516;841517;841518;841519;841520;841531;841536;841537;841539;841540;841541;841542;841547;841548;841549;841550;841551;841552;841558;841559;841560;841561;841562;841563;841564,841287;841302;841317;841332;841347;841361;841375;841389;841396;841403;841410;841417;841425;841433;841441;841449;841457;841465;841472;841479;841486;841493;841503;841513;841523;841534;841545;841556,0.21770076882119516
11807,gdsc:1060:0.25uM,841291,11241,101,1060,0.25,18442.0,27542.654545454545,226.92857142857142,scan:11241:NC-1+B,841289;841292;841293;841294;841297;841298;841299;841307;841308;841309;841312;841313;841314;841319;841322;841323;841324;841327;841328;841329;841334;841349;841352;841353;841354;841358;841363;841366;841367;841368;841371;841372;841377;841380;841381;841382;841385;841386;841391;841392;841393;841399;841400;841407;841420;841421;841428;841429;841430;841435;841436;841437;841438;841443;841444;841445;841446;841451;841452;841453;841454;841460;841461;841462;841474;841476;841481;841482;841483;841488;841489;841490;841495;841496;841497;841498;841499;841500;841505;841506;841507;841508;841509;841510;841515;841516;841517;841518;841519;841520;841531;841536;841537;841539;841540;841541;841542;841547;841548;841549;841550;841551;841552;841558;841559;841560;841561;841562;841563;841564,841287;841302;841317;841332;841347;841361;841375;841389;841396;841403;841410;841417;841425;841433;841441;841449;841457;841465;841472;841479;841486;841493;841503;841513;841523;841534;841545;841556,0.33316539176400406
11822,gdsc:1032:2uM,841768,11242,124,1032,2.0,25706.0,31358.836363636365,257.2857142857143,scan:11242:NC-1+B,841761;841764;841765;841766;841769;841770;841771;841779;841780;841781;841784;841785;841786;841791;841794;841795;841796;841799;841800;841801;841806;841821;841824;841825;841826;841830;841835;841838;841839;841840;841843;841844;841849;841852;841853;841854;841857;841858;841863;841864;841865;841871;841872;841879;841892;841893;841900;841901;841902;841907;841908;841909;841910;841915;841916;841917;841918;841923;841924;841925;841926;841932;841933;841934;841946;841948;841953;841954;841955;841960;841961;841962;841967;841968;841969;841970;841971;841972;841977;841978;841979;841980;841981;841982;841987;841988;841989;841990;841991;841992;842003;842008;842009;842011;842012;842013;842014;842019;842020;842021;842022;842023;842024;842030;842031;842032;842033;842034;842035;842036,841759;841774;841789;841804;841819;841833;841847;841861;841868;841875;841882;841889;841897;841905;841913;841921;841929;841937;841944;841951;841958;841965;841975;841985;841995;842006;842017;842028,0.18175416484433027
11822,gdsc:1036:10uM,841767,11242,123,1036,10.0,20640.0,31358.836363636365,257.2857142857143,scan:11242:NC-1+B,841761;841764;841765;841766;841769;841770;841771;841779;841780;841781;841784;841785;841786;841791;841794;841795;841796;841799;841800;841801;841806;841821;841824;841825;841826;841830;841835;841838;841839;841840;841843;841844;841849;841852;841853;841854;841857;841858;841863;841864;841865;841871;841872;841879;841892;841893;841900;841901;841902;841907;841908;841909;841910;841915;841916;841917;841918;841923;841924;841925;841926;841932;841933;841934;841946;841948;841953;841954;841955;841960;841961;841962;841967;841968;841969;841970;841971;841972;841977;841978;841979;841980;841981;841982;841987;841988;841989;841990;841991;841992;842003;842008;842009;842011;842012;842013;842014;842019;842020;842021;842022;842023;842024;842030;842031;842032;842033;842034;842035;842036,841759;841774;841789;841804;841819;841833;841847;841861;841868;841875;841882;841889;841897;841905;841913;841921;841929;841937;841944;841951;841958;841965;841975;841985;841995;842006;842017;842028,0.3446399340175714
11822,gdsc:1060:0.25uM,841763,11242,101,1060,0.25,21692.0,31358.836363636365,257.2857142857143,scan:11242:NC-1+B,841761;841764;841765;841766;841769;841770;841771;841779;841780;841781;841784;841785;841786;841791;841794;841795;841796;841799;841800;841801;841806;841821;841824;841825;841826;841830;841835;841838;841839;841840;841843;841844;841849;841852;841853;841854;841857;841858;841863;841864;841865;841871;841872;841879;841892;841893;841900;841901;841902;841907;841908;841909;841910;841915;841916;841917;841918;841923;841924;841925;841926;841932;841933;841934;841946;841948;841953;841954;841955;841960;841961;841962;841967;841968;841969;841970;841971;841972;841977;841978;841979;841980;841981;841982;841987;841988;841989;841990;841991;841992;842003;842008;842009;842011;842012;842013;842014;842019;842020;842021;842022;842023;842024;842030;842031;842032;842033;842034;842035;842036,841759;841774;841789;841804;841819;841833;841847;841861;841868;841875;841882;841889;841897;841905;841913;841921;841929;841937;841944;841951;841958;841965;841975;841985;841995;842006;842017;842028,0.31081525396027776
11792,gdsc:1032:2uM,842719,11261,124,1032,2.0,30962.0,36817.1,346.5357142857143,scan:11261:NC-1+B,842712;842715;842716;842717;842720;842721;842722;842730;842731;842732;842735;842736;842737;842742;842745;842746;842747;842750;842751;842752;842757;842772;842775;842776;842777;842781;842786;842789;842790;842791;842794;842795;842800;842803;842804;842805;842808;842809;842814;842815;842816;842822;842823;842830;842843;842844;842851;842852;842853;842858;842859;842860;842861;842866;842867;842868;842869;842874;842875;842876;842877;842883;842884;842885;842897;842899;842904;842905;842906;842911;842912;842913;842918;842919;842920;842921;842922;842923;842928;842929;842930;842931;842932;842933;842938;842939;842940;842941;842942;842943;842954;842959;842960;842962;842963;842964;842965;842970;842971;842972;842973;842974;842975;842981;842982;842983;842984;842985;842986;842987,842710;842725;842740;842755;842770;842784;842798;842812;842819;842826;842833;842840;842848;842856;842864;842872;842880;842888;842895;842902;842909;842916;842926;842936;842946;842957;842968;842979,0.1605431699419433
11792,gdsc:1036:10uM,842718,11261,123,1036,10.0,34021.0,36817.1,346.5357142857143,scan:11261:NC-1+B,842712;842715;842716;842717;842720;842721;842722;842730;842731;842732;842735;842736;842737;842742;842745;842746;842747;842750;842751;842752;842757;842772;842775;842776;842777;842781;842786;842789;842790;842791;842794;842795;842800;842803;842804;842805;842808;842809;842814;842815;842816;842822;842823;842830;842843;842844;842851;842852;842853;842858;842859;842860;842861;842866;842867;842868;842869;842874;842875;842876;842877;842883;842884;842885;842897;842899;842904;842905;842906;842911;842912;842913;842918;842919;842920;842921;842922;842923;842928;842929;842930;842931;842932;842933;842938;842939;842940;842941;842942;842943;842954;842959;842960;842962;842963;842964;842965;842970;842971;842972;842973;842974;842975;842981;842982;842983;842984;842985;842986;842987,842710;842725;842740;842755;842770;842784;842798;842812;842819;842826;842833;842840;842848;842856;842864;842872;842880;842888;842895;842902;842909;842916;842926;842936;842946;842957;842968;842979,0.07666730841055969
11792,gdsc:1060:0.25uM,842714,11261,101,1060,0.25,24750.0,36817.1,346.5357142857143,scan:11261:NC-1+B,842712;842715;842716;842717;842720;842721;842722;842730;842731;842732;842735;842736;842737;842742;842745;842746;842747;842750;842751;842752;842757;842772;842775;842776;842777;842781;842786;842789;842790;842791;842794;842795;842800;842803;842804;842805;842808;842809;842814;842815;842816;842822;842823;842830;842843;842844;842851;842852;842853;842858;842859;842860;842861;842866;842867;842868;842869;842874;842875;842876;842877;842883;842884;842885;842897;842899;842904;842905;842906;842911;842912;842913;842918;842919;842920;842921;842922;842923;842928;842929;842930;842931;842932;842933;842938;842939;842940;842941;842942;842943;842954;842959;842960;842962;842963;842964;842965;842970;842971;842972;842973;842974;842975;842981;842982;842983;842984;842985;842986;842987,842710;842725;842740;842755;842770;842784;842798;842812;842819;842826;842833;842840;842848;842856;842864;842872;842880;842888;842895;842902;842909;842916;842926;842936;842946;842957;842968;842979,0.3308723140520955
11839,gdsc:1032:2uM,843191,11287,124,1032,2.0,26566.0,60705.336363636365,367.17857142857144,scan:11287:NC-1+B,843184;843187;843188;843189;843192;843193;843194;843202;843203;843204;843207;843208;843209;843214;843217;843218;843219;843222;843223;843224;843229;843244;843247;843248;843249;843253;843258;843261;843262;843263;843266;843267;843272;843275;843276;843277;843280;843281;843286;843287;843288;843294;843295;843302;843315;843316;843323;843324;843325;843330;843331;843332;843333;843338;843339;843340;843341;843346;843347;843348;843349;843355;843356;843357;843369;843371;843376;843377;843378;843383;843384;843385;843390;843391;843392;843393;843394;843395;843400;843401;843402;843403;843404;843405;843410;843411;843412;843413;843414;843415;843426;843431;843432;843434;843435;843436;843437;843442;843443;843444;843445;843446;843447;843453;843454;843455;843456;843457;843458;843459,843182;843197;843212;843227;843242;843256;843270;843284;843291;843298;843305;843312;843320;843328;843336;843344;843352;843360;843367;843374;843381;843388;843398;843408;843418;843429;843440;843451,0.5658001107890172
11839,gdsc:1036:10uM,843190,11287,123,1036,10.0,27617.0,60705.336363636365,367.17857142857144,scan:11287:NC-1+B,843184;843187;843188;843189;843192;843193;843194;843202;843203;843204;843207;843208;843209;843214;843217;843218;843219;843222;843223;843224;843229;843244;843247;843248;843249;843253;843258;843261;843262;843263;843266;843267;843272;843275;843276;843277;843280;843281;843286;843287;843288;843294;843295;843302;843315;843316;843323;843324;843325;843330;843331;843332;843333;843338;843339;843340;843341;843346;843347;843348;843349;843355;843356;843357;843369;843371;843376;843377;843378;843383;843384;843385;843390;843391;843392;843393;843394;843395;843400;843401;843402;843403;843404;843405;843410;843411;843412;843413;843414;843415;843426;843431;843432;843434;843435;843436;843437;843442;843443;843444;843445;843446;843447;843453;843454;843455;843456;843457;843458;843459,843182;843197;843212;843227;843242;843256;843270;843284;843291;843298;843305;843312;843320;843328;843336;843344;843352;843360;843367;843374;843381;843388;843398;843408;843418;843429;843440;843451,0.5483816141285882
11839,gdsc:1060:0.25uM,843186,11287,101,1060,0.25,13569.0,60705.336363636365,367.17857142857144,scan:11287:NC-1+B,843184;843187;843188;843189;843192;843193;843194;843202;843203;843204;843207;843208;843209;843214;843217;843218;843219;843222;843223;843224;843229;843244;843247;843248;843249;843253;843258;843261;843262;843263;843266;843267;843272;843275;843276;843277;843280;843281;843286;843287;843288;843294;843295;843302;843315;843316;843323;843324;843325;843330;843331;843332;843333;843338;843339;843340;843341;843346;843347;843348;843349;843355;843356;843357;843369;843371;843376;843377;843378;843383;843384;843385;843390;843391;843392;843393;843394;843395;843400;843401;843402;843403;843404;843405;843410;843411;843412;843413;843414;843415;843426;843431;843432;843434;843435;843436;843437;843442;843443;843444;843445;843446;843447;843453;843454;843455;843456;843457;843458;843459,843182;843197;843212;843227;843242;843256;843270;843284;843291;843298;843305;843312;843320;843328;843336;843344;843352;843360;843367;843374;843381;843388;843398;843408;843418;843429;843440;843451,0.7812027759608474
11844,gdsc:1032:2uM,843663,11288,124,1032,2.0,75991.0,86989.32727272727,472.07142857142856,scan:11288:NC-1+B,843656;843659;843660;843661;843664;843665;843666;843674;843675;843676;843679;843680;843681;843686;843689;843690;843691;843694;843695;843696;843701;843716;843719;843720;843721;843725;843730;843733;843734;843735;843738;843739;843744;843747;843748;843749;843752;843753;843758;843759;843760;843766;843767;843774;843787;843788;843795;843796;843797;843802;843803;843804;843805;843810;843811;843812;843813;843818;843819;843820;843821;843827;843828;843829;843841;843843;843848;843849;843850;843855;843856;843857;843862;843863;843864;843865;843866;843867;843872;843873;843874;843875;843876;843877;843882;843883;843884;843885;843886;843887;843898;843903;843904;843906;843907;843908;843909;843914;843915;843916;843917;843918;843919;843925;843926;843927;843928;843929;843930;843931,843654;843669;843684;843699;843714;843728;843742;843756;843763;843770;843777;843784;843792;843800;843808;843816;843824;843832;843839;843846;843853;843860;843870;843880;843890;843901;843912;843923,0.12712293247648354
11844,gdsc:1036:10uM,843662,11288,123,1036,10.0,63178.0,86989.32727272727,472.07142857142856,scan:11288:NC-1+B,843656;843659;843660;843661;843664;843665;843666;843674;843675;843676;843679;843680;843681;843686;843689;843690;843691;843694;843695;843696;843701;843716;843719;843720;843721;843725;843730;843733;843734;843735;843738;843739;843744;843747;843748;843749;843752;843753;843758;843759;843760;843766;843767;843774;843787;843788;843795;843796;843797;843802;843803;843804;843805;843810;843811;843812;843813;843818;843819;843820;843821;843827;843828;843829;843841;843843;843848;843849;843850;843855;843856;843857;843862;843863;843864;843865;843866;843867;843872;843873;843874;843875;843876;843877;843882;843883;843884;843885;843886;843887;843898;843903;843904;843906;843907;843908;843909;843914;843915;843916;843917;843918;843919;843925;843926;843927;843928;843929;843930;843931,843654;843669;843684;843699;843714;843728;843742;843756;843763;843770;843777;843784;843792;843800;843808;843816;843824;843832;843839;843846;843853;843860;843870;843880;843890;843901;843912;843923,0.2752205561815181
11844,gdsc:1060:0.25uM,843658,11288,101,1060,0.25,85650.0,86989.32727272727,472.07142857142856,scan:11288:NC-1+B,843656;843659;843660;843661;843664;843665;843666;843674;843675;843676;843679;843680;843681;843686;843689;843690;843691;843694;843695;843696;843701;843716;843719;843720;843721;843725;843730;843733;843734;843735;843738;843739;843744;843747;843748;843749;843752;843753;843758;843759;843760;843766;843767;843774;843787;843788;843795;843796;843797;843802;843803;843804;843805;843810;843811;843812;843813;843818;843819;843820;843821;843827;843828;843829;843841;843843;843848;843849;843850;843855;843856;843857;843862;843863;843864;843865;843866;843867;843872;843873;843874;843875;843876;843877;843882;843883;843884;843885;843886;843887;843898;843903;843904;843906;843907;843908;843909;843914;843915;843916;843917;843918;843919;843925;843926;843927;843928;843929;843930;843931,843654;843669;843684;843699;843714;843728;843742;843756;843763;843770;843777;843784;843792;843800;843808;843816;843824;843832;843839;843846;843853;843860;843870;843880;843890;843901;843912;843923,0.015480464095391722
11857,gdsc:1032:2uM,845093,11296,124,1032,2.0,2484.0,30626.79090909091,198.96428571428572,scan:11296:NC-1+B,845086;845089;845090;845091;845094;845095;845096;845104;845105;845106;845109;845110;845111;845116;845119;845120;845121;845124;845125;845126;845131;845146;845149;845150;845151;845155;845160;845163;845164;845165;845168;845169;845174;845177;845178;845179;845182;845183;845188;845189;845190;845196;845197;845204;845217;845218;845225;845226;845227;845232;845233;845234;845235;845240;845241;845242;845243;845248;845249;845250;845251;845257;845258;845259;845271;845273;845278;845279;845280;845285;845286;845287;845292;845293;845294;845295;845296;845297;845302;845303;845304;845305;845306;845307;845312;845313;845314;845315;845316;845317;845328;845333;845334;845336;845337;845338;845339;845344;845345;845346;845347;845348;845349;845355;845356;845357;845358;845359;845360;845361,845084;845099;845114;845129;845144;845158;845172;845186;845193;845200;845207;845214;845222;845230;845238;845246;845254;845262;845269;845276;845283;845290;845300;845310;845320;845331;845342;845353,0.9249030914179653
11857,gdsc:1036:10uM,845092,11296,123,1036,10.0,4873.0,30626.79090909091,198.96428571428572,scan:11296:NC-1+B,845086;845089;845090;845091;845094;845095;845096;845104;845105;845106;845109;845110;845111;845116;845119;845120;845121;845124;845125;845126;845131;845146;845149;845150;845151;845155;845160;845163;845164;845165;845168;845169;845174;845177;845178;845179;845182;845183;845188;845189;845190;845196;845197;845204;845217;845218;845225;845226;845227;845232;845233;845234;845235;845240;845241;845242;845243;845248;845249;845250;845251;845257;845258;845259;845271;845273;845278;845279;845280;845285;845286;845287;845292;845293;845294;845295;845296;845297;845302;845303;845304;845305;845306;845307;845312;845313;845314;845315;845316;845317;845328;845333;845334;845336;845337;845338;845339;845344;845345;845346;845347;845348;845349;845355;845356;845357;845358;845359;845360;845361,845084;845099;845114;845129;845144;845158;845172;845186;845193;845200;845207;845214;845222;845230;845238;845246;845254;845262;845269;845276;845283;845290;845300;845310;845320;845331;845342;845353,0.8463894325368997
11857,gdsc:1060:0.25uM,845088,11296,101,1060,0.25,15958.0,30626.79090909091,198.96428571428572,scan:11296:NC-1+B,845086;845089;845090;845091;845094;845095;845096;845104;845105;845106;845109;845110;845111;845116;845119;845120;845121;845124;845125;845126;845131;845146;845149;845150;845151;845155;845160;845163;845164;845165;845168;845169;845174;845177;845178;845179;845182;845183;845188;845189;845190;845196;845197;845204;845217;845218;845225;845226;845227;845232;845233;845234;845235;845240;845241;845242;845243;845248;845249;845250;845251;845257;845258;845259;845271;845273;845278;845279;845280;845285;845286;845287;845292;845293;845294;845295;845296;845297;845302;845303;845304;845305;845306;845307;845312;845313;845314;845315;845316;845317;845328;845333;845334;845336;845337;845338;845339;845344;845345;845346;845347;845348;845349;845355;845356;845357;845358;845359;845360;845361,845084;845099;845114;845129;845144;845158;845172;845186;845193;845200;845207;845214;845222;845230;845238;845246;845254;845262;845269;845276;845283;845290;845300;845310;845320;845331;845342;845353,0.4820847407425871
11865,gdsc:1032:2uM,845565,11298,124,1032,2.0,16531.0,30578.97272727273,261.39285714285717,scan:11298:NC-1+B,845558;845561;845562;845563;845566;845567;845568;845576;845577;845578;845581;845582;845583;845588;845591;845592;845593;845596;845597;845598;845603;845618;845621;845622;845623;845627;845632;845635;845636;845637;845640;845641;845646;845649;845650;845651;845654;845655;845660;845661;845662;845668;845669;845676;845689;845690;845697;845698;845699;845704;845705;845706;845707;845712;845713;845714;845715;845720;845721;845722;845723;845729;845730;845731;845743;845745;845750;845751;845752;845757;845758;845759;845764;845765;845766;845767;845768;845769;845774;845775;845776;845777;845778;845779;845784;845785;845786;845787;845788;845789;845800;845805;845806;845808;845809;845810;845811;845816;845817;845818;845819;845820;845821;845827;845828;845829;845830;845831;845832;845833,845556;845571;845586;845601;845616;845630;845644;845658;845665;845672;845679;845686;845694;845702;845710;845718;845726;845734;845741;845748;845755;845762;845772;845782;845792;845803;845814;845825,0.46336062401581624
11865,gdsc:1036:10uM,845564,11298,123,1036,10.0,18060.0,30578.97272727273,261.39285714285717,scan:11298:NC-1+B,845558;845561;845562;845563;845566;845567;845568;845576;845577;845578;845581;845582;845583;845588;845591;845592;845593;845596;845597;845598;845603;845618;845621;845622;845623;845627;845632;845635;845636;845637;845640;845641;845646;845649;845650;845651;845654;845655;845660;845661;845662;845668;845669;845676;845689;845690;845697;845698;845699;845704;845705;845706;845707;845712;845713;845714;845715;845720;845721;845722;845723;845729;845730;845731;845743;845745;845750;845751;845752;845757;845758;845759;845764;845765;845766;845767;845768;845769;845774;845775;845776;845777;845778;845779;845784;845785;845786;845787;845788;845789;845800;845805;845806;845808;845809;845810;845811;845816;845817;845818;845819;845820;845821;845827;845828;845829;845830;845831;845832;845833,845556;845571;845586;845601;845616;845630;845644;845658;845665;845672;845679;845686;845694;845702;845710;845718;845726;845734;845741;845748;845755;845762;845772;845782;845792;845803;845814;845825,0.41292783859726667
11865,gdsc:1060:0.25uM,845560,11298,101,1060,0.25,25781.0,30578.97272727273,261.39285714285717,scan:11298:NC-1+B,845558;845561;845562;845563;845566;845567;845568;845576;845577;845578;845581;845582;845583;845588;845591;845592;845593;845596;845597;845598;845603;845618;845621;845622;845623;845627;845632;845635;845636;845637;845640;845641;845646;845649;845650;845651;845654;845655;845660;845661;845662;845668;845669;845676;845689;845690;845697;845698;845699;845704;845705;845706;845707;845712;845713;845714;845715;845720;845721;845722;845723;845729;845730;845731;845743;845745;845750;845751;845752;845757;845758;845759;845764;845765;845766;845767;845768;845769;845774;845775;845776;845777;845778;845779;845784;845785;845786;845787;845788;845789;845800;845805;845806;845808;845809;845810;845811;845816;845817;845818;845819;845820;845821;845827;845828;845829;845830;845831;845832;845833,845556;845571;845586;845601;845616;845630;845644;845658;845665;845672;845679;845686;845694;845702;845710;845718;845726;845734;845741;845748;845755;845762;845772;845782;845792;845803;845814;845825,0.15825711510699736
11871,gdsc:1032:2uM,846516,11300,124,1032,2.0,31536.0,34226.472727272725,346.5357142857143,scan:11300:NC-1+B,846509;846512;846513;846514;846517;846518;846519;846527;846528;846529;846532;846533;846534;846539;846542;846543;846544;846547;846548;846549;846554;846569;846572;846573;846574;846578;846583;846586;846587;846588;846591;846592;846597;846600;846601;846602;846605;846606;846611;846612;846613;846619;846620;846627;846640;846641;846648;846649;846650;846655;846656;846657;846658;846663;846664;846665;846666;846671;846672;846673;846674;846680;846681;846682;846694;846696;846701;846702;846703;846708;846709;846710;846715;846716;846717;846718;846719;846720;846725;846726;846727;846728;846729;846730;846735;846736;846737;846738;846739;846740;846751;846756;846757;846759;846760;846761;846762;846767;846768;846769;846770;846771;846772;846778;846779;846780;846781;846782;846783;846784,846507;846522;846537;846552;846567;846581;846595;846609;846616;846623;846630;846637;846645;846653;846661;846669;846677;846685;846692;846699;846706;846713;846723;846733;846743;846754;846765;846776,0.0794119754780358
11871,gdsc:1036:10uM,846515,11300,123,1036,10.0,34594.0,34226.472727272725,346.5357142857143,scan:11300:NC-1+B,846509;846512;846513;846514;846517;846518;846519;846527;846528;846529;846532;846533;846534;846539;846542;846543;846544;846547;846548;846549;846554;846569;846572;846573;846574;846578;846583;846586;846587;846588;846591;846592;846597;846600;846601;846602;846605;846606;846611;846612;846613;846619;846620;846627;846640;846641;846648;846649;846650;846655;846656;846657;846658;846663;846664;846665;846666;846671;846672;846673;846674;846680;846681;846682;846694;846696;846701;846702;846703;846708;846709;846710;846715;846716;846717;846718;846719;846720;846725;846726;846727;846728;846729;846730;846735;846736;846737;846738;846739;846740;846751;846756;846757;846759;846760;846761;846762;846767;846768;846769;846770;846771;846772;846778;846779;846780;846781;846782;846783;846784,846507;846522;846537;846552;846567;846581;846595;846609;846616;846623;846630;846637;846645;846653;846661;846669;846677;846685;846692;846699;846706;846713;846723;846733;846743;846754;846765;846776,-0.010847932585777542
11871,gdsc:1060:0.25uM,846511,11300,101,1060,0.25,29624.0,34226.472727272725,346.5357142857143,scan:11300:NC-1+B,846509;846512;846513;846514;846517;846518;846519;846527;846528;846529;846532;846533;846534;846539;846542;846543;846544;846547;846548;846549;846554;846569;846572;846573;846574;846578;846583;846586;846587;846588;846591;846592;846597;846600;846601;846602;846605;846606;846611;846612;846613;846619;846620;846627;846640;846641;846648;846649;846650;846655;846656;846657;846658;846663;846664;846665;846666;846671;846672;846673;846674;846680;846681;846682;846694;846696;846701;846702;846703;846708;846709;846710;846715;846716;846717;846718;846719;846720;846725;846726;846727;846728;846729;846730;846735;846736;846737;846738;846739;846740;846751;846756;846757;846759;846760;846761;846762;846767;846768;846769;846770;846771;846772;846778;846779;846780;846781;846782;846783;846784,846507;846522;846537;846552;846567;846581;846595;846609;846616;846623;846630;846637;846645;846653;846661;846669;846677;846685;846692;846699;846706;846713;846723;846733;846743;846754;846765;846776,0.13584655501302967
11877,gdsc:1032:2uM,847467,11304,124,1032,2.0,33830.0,32204.30909090909,320.75,scan:11304:NC-1+B,847460;847463;847464;847465;847468;847469;847470;847478;847479;847480;847483;847484;847485;847490;847493;847494;847495;847498;847499;847500;847505;847520;847523;847524;847525;847529;847534;847537;847538;847539;847542;847543;847548;847551;847552;847553;847556;847557;847562;847563;847564;847570;847571;847578;847591;847592;847599;847600;847601;847606;847607;847608;847609;847614;847615;847616;847617;847622;847623;847624;847625;847631;847632;847633;847645;847647;847652;847653;847654;847659;847660;847661;847666;847667;847668;847669;847670;847671;847676;847677;847678;847679;847680;847681;847686;847687;847688;847689;847690;847691;847702;847707;847708;847710;847711;847712;847713;847718;847719;847720;847721;847722;847723;847729;847730;847731;847732;847733;847734;847735,847458;847473;847488;847503;847518;847532;847546;847560;847567;847574;847581;847588;847596;847604;847612;847620;847628;847636;847643;847650;847657;847664;847674;847684;847694;847705;847716;847727,-0.05098837631192943
11877,gdsc:1036:10uM,847466,11304,123,1036,10.0,30771.0,32204.30909090909,320.75,scan:11304:NC-1+B,847460;847463;847464;847465;847468;847469;847470;847478;847479;847480;847483;847484;847485;847490;847493;847494;847495;847498;847499;847500;847505;847520;847523;847524;847525;847529;847534;847537;847538;847539;847542;847543;847548;847551;847552;847553;847556;847557;847562;847563;847564;847570;847571;847578;847591;847592;847599;847600;847601;847606;847607;847608;847609;847614;847615;847616;847617;847622;847623;847624;847625;847631;847632;847633;847645;847647;847652;847653;847654;847659;847660;847661;847666;847667;847668;847669;847670;847671;847676;847677;847678;847679;847680;847681;847686;847687;847688;847689;847690;847691;847702;847707;847708;847710;847711;847712;847713;847718;847719;847720;847721;847722;847723;847729;847730;847731;847732;847733;847734;847735,847458;847473;847488;847503;847518;847532;847546;847560;847567;847574;847581;847588;847596;847604;847612;847620;847628;847636;847643;847650;847657;847664;847674;847684;847694;847705;847716;847727,0.04495448851310224
11877,gdsc:1060:0.25uM,847462,11304,101,1060,0.25,22552.0,32204.30909090909,320.75,scan:11304:NC-1+B,847460;847463;847464;847465;847468;847469;847470;847478;847479;847480;847483;847484;847485;847490;847493;847494;847495;847498;847499;847500;847505;847520;847523;847524;847525;847529;847534;847537;847538;847539;847542;847543;847548;847551;847552;847553;847556;847557;847562;847563;847564;847570;847571;847578;847591;847592;847599;847600;847601;847606;847607;847608;847609;847614;847615;847616;847617;847622;847623;847624;847625;847631;847632;847633;847645;847647;847652;847653;847654;847659;847660;847661;847666;847667;847668;847669;847670;847671;847676;847677;847678;847679;847680;847681;847686;847687;847688;847689;847690;847691;847702;847707;847708;847710;847711;847712;847713;847718;847719;847720;847721;847722;847723;847729;847730;847731;847732;847733;847734;847735,847458;847473;847488;847503;847518;847532;847546;847560;847567;847574;847581;847588;847596;847604;847612;847620;847628;847636;847643;847650;847657;847664;847674;847684;847694;847705;847716;847727,0.3027362492182135
11880,gdsc:1032:2uM,848418,11306,124,1032,2.0,9651.0,15057.472727272727,170.75,scan:11306:NC-1+B,848411;848414;848415;848416;848419;848420;848421;848429;848430;848431;848434;848435;848436;848441;848444;848445;848446;848449;848450;848451;848456;848471;848474;848475;848476;848480;848485;848488;848489;848490;848493;848494;848499;848502;848503;848504;848507;848508;848513;848514;848515;848521;848522;848529;848542;848543;848550;848551;848552;848557;848558;848559;848560;848565;848566;848567;848568;848573;848574;848575;848576;848582;848583;848584;848596;848598;848603;848604;848605;848610;848611;848612;848617;848618;848619;848620;848621;848622;848627;848628;848629;848630;848631;848632;848637;848638;848639;848640;848641;848642;848653;848658;848659;848661;848662;848663;848664;848669;848670;848671;848672;848673;848674;848680;848681;848682;848683;848684;848685;848686,848409;848424;848439;848454;848469;848483;848497;848511;848518;848525;848532;848539;848547;848555;848563;848571;848579;848587;848594;848601;848608;848615;848625;848635;848645;848656;848667;848678,0.36317414022684646
11880,gdsc:1036:10uM,848417,11306,123,1036,10.0,12326.0,15057.472727272727,170.75,scan:11306:NC-1+B,848411;848414;848415;848416;848419;848420;848421;848429;848430;848431;848434;848435;848436;848441;848444;848445;848446;848449;848450;848451;848456;848471;848474;848475;848476;848480;848485;848488;848489;848490;848493;848494;848499;848502;848503;848504;848507;848508;848513;848514;848515;848521;848522;848529;848542;848543;848550;848551;848552;848557;848558;848559;848560;848565;848566;848567;848568;848573;848574;848575;848576;848582;848583;848584;848596;848598;848603;848604;848605;848610;848611;848612;848617;848618;848619;848620;848621;848622;848627;848628;848629;848630;848631;848632;848637;848638;848639;848640;848641;848642;848653;848658;848659;848661;848662;848663;848664;848669;848670;848671;848672;848673;848674;848680;848681;848682;848683;848684;848685;848686,848409;848424;848439;848454;848469;848483;848497;848511;848518;848525;848532;848539;848547;848555;848563;848571;848579;848587;848594;848601;848608;848615;848625;848635;848645;848656;848667;848678,0.1834838182529337
11880,gdsc:1060:0.25uM,848413,11306,101,1060,0.25,15480.0,15057.472727272727,170.75,scan:11306:NC-1+B,848411;848414;848415;848416;848419;848420;848421;848429;848430;848431;848434;848435;848436;848441;848444;848445;848446;848449;848450;848451;848456;848471;848474;848475;848476;848480;848485;848488;848489;848490;848493;848494;848499;848502;848503;848504;848507;848508;848513;848514;848515;848521;848522;848529;848542;848543;848550;848551;848552;848557;848558;848559;848560;848565;848566;848567;848568;848573;848574;848575;848576;848582;848583;848584;848596;848598;848603;848604;848605;848610;848611;848612;848617;848618;848619;848620;848621;848622;848627;848628;848629;848630;848631;848632;848637;848638;848639;848640;848641;848642;848653;848658;848659;848661;848662;848663;848664;848669;848670;848671;848672;848673;848674;848680;848681;848682;848683;848684;848685;848686,848409;848424;848439;848454;848469;848483;848497;848511;848518;848525;848532;848539;848547;848555;848563;848571;848579;848587;848594;848601;848608;848615;848625;848635;848645;848656;848667;848678,-0.028382826795933846
11883,gdsc:1032:2uM,849369,11308,124,1032,2.0,42815.0,53291.72727272727,357.75,scan:11308:NC-1+B,849362;849365;849366;849367;849370;849371;849372;849380;849381;849382;849385;849386;849387;849392;849395;849396;849397;849400;849401;849402;849407;849422;849425;849426;849427;849431;849436;849439;849440;849441;849444;849445;849450;849453;849454;849455;849458;849459;849464;849465;849466;849472;849473;849480;849493;849494;849501;849502;849503;849508;849509;849510;849511;849516;849517;849518;849519;849524;849525;849526;849527;849533;849534;849535;849547;849549;849554;849555;849556;849561;849562;849563;849568;849569;849570;849571;849572;849573;849578;849579;849580;849581;849582;849583;849588;849589;849590;849591;849592;849593;849604;849609;849610;849612;849613;849614;849615;849620;849621;849622;849623;849624;849625;849631;849632;849633;849634;849635;849636;849637,849360;849375;849390;849405;849420;849434;849448;849462;849469;849476;849483;849490;849498;849506;849514;849522;849530;849538;849545;849552;849559;849566;849576;849586;849596;849607;849618;849629,0.19792065158355499
11883,gdsc:1036:10uM,849368,11308,123,1036,10.0,39087.0,53291.72727272727,357.75,scan:11308:NC-1+B,849362;849365;849366;849367;849370;849371;849372;849380;849381;849382;849385;849386;849387;849392;849395;849396;849397;849400;849401;849402;849407;849422;849425;849426;849427;849431;849436;849439;849440;849441;849444;849445;849450;849453;849454;849455;849458;849459;849464;849465;849466;849472;849473;849480;849493;849494;849501;849502;849503;849508;849509;849510;849511;849516;849517;849518;849519;849524;849525;849526;849527;849533;849534;849535;849547;849549;849554;849555;849556;849561;849562;849563;849568;849569;849570;849571;849572;849573;849578;849579;849580;849581;849582;849583;849588;849589;849590;849591;849592;849593;849604;849609;849610;849612;849613;849614;849615;849620;849621;849622;849623;849624;849625;849631;849632;849633;849634;849635;849636;849637,849360;849375;849390;849405;849420;849434;849448;849462;849469;849476;849483;849490;849498;849506;849514;849522;849530;849538;849545;849552;849559;849566;849576;849586;849596;849607;849618;849629,0.2683480064145086
11883,gdsc:1060:0.25uM,849364,11308,101,1060,0.25,53904.0,53291.72727272727,357.75,scan:11308:NC-1+B,849362;849365;849366;849367;849370;849371;849372;849380;849381;849382;849385;849386;849387;849392;849395;849396;849397;849400;849401;849402;849407;849422;849425;849426;849427;849431;849436;849439;849440;849441;849444;849445;849450;849453;849454;849455;849458;849459;849464;849465;849466;849472;849473;849480;849493;849494;849501;849502;849503;849508;849509;849510;849511;849516;849517;849518;849519;849524;849525;849526;849527;849533;849534;849535;849547;849549;849554;849555;849556;849561;849562;849563;849568;849569;849570;849571;849572;849573;849578;849579;849580;849581;849582;849583;849588;849589;849590;849591;849592;849593;849604;849609;849610;849612;849613;849614;849615;849620;849621;849622;849623;849624;849625;849631;849632;849633;849634;849635;849636;849637,849360;849375;849390;849405;849420;849434;849448;849462;849469;849476;849483;849490;849498;849506;849514;849522;849530;849538;849545;849552;849559;849566;849576;849586;849596;849607;849618;849629,-0.011566724414418417
11927,gdsc:1032:2uM,851278,11342,124,1032,2.0,29433.0,40712.32727272727,336.75,scan:11342:NC-1+B,851271;851274;851275;851276;851279;851280;851281;851289;851290;851291;851294;851295;851296;851301;851304;851305;851306;851309;851310;851311;851316;851331;851334;851335;851336;851340;851345;851348;851349;851350;851353;851354;851359;851362;851363;851364;851367;851368;851373;851374;851375;851381;851382;851389;851402;851403;851410;851411;851412;851417;851418;851419;851420;851425;851426;851427;851428;851433;851434;851435;851436;851442;851443;851444;851456;851458;851463;851464;851465;851470;851471;851472;851477;851478;851479;851480;851481;851482;851487;851488;851489;851490;851491;851492;851497;851498;851499;851500;851501;851502;851513;851518;851519;851521;851522;851523;851524;851529;851530;851531;851532;851533;851534;851540;851541;851542;851543;851544;851545;851546,851269;851284;851299;851314;851329;851343;851357;851371;851378;851385;851392;851399;851407;851415;851423;851431;851439;851447;851454;851461;851468;851475;851485;851495;851505;851516;851527;851538,0.2793601487487879
11927,gdsc:1036:10uM,851277,11342,123,1036,10.0,30560.0,40712.32727272727,336.75,scan:11342:NC-1+B,851271;851274;851275;851276;851279;851280;851281;851289;851290;851291;851294;851295;851296;851301;851304;851305;851306;851309;851310;851311;851316;851331;851334;851335;851336;851340;851345;851348;851349;851350;851353;851354;851359;851362;851363;851364;851367;851368;851373;851374;851375;851381;851382;851389;851402;851403;851410;851411;851412;851417;851418;851419;851420;851425;851426;851427;851428;851433;851434;851435;851436;851442;851443;851444;851456;851458;851463;851464;851465;851470;851471;851472;851477;851478;851479;851480;851481;851482;851487;851488;851489;851490;851491;851492;851497;851498;851499;851500;851501;851502;851513;851518;851519;851521;851522;851523;851524;851529;851530;851531;851532;851533;851534;851540;851541;851542;851543;851544;851545;851546,851269;851284;851299;851314;851329;851343;851357;851371;851378;851385;851392;851399;851407;851415;851423;851431;851439;851447;851454;851461;851468;851475;851485;851495;851505;851516;851527;851538,0.25144723514789036
11927,gdsc:1060:0.25uM,851273,11342,101,1060,0.25,31536.0,40712.32727272727,336.75,scan:11342:NC-1+B,851271;851274;851275;851276;851279;851280;851281;851289;851290;851291;851294;851295;851296;851301;851304;851305;851306;851309;851310;851311;851316;851331;851334;851335;851336;851340;851345;851348;851349;851350;851353;851354;851359;851362;851363;851364;851367;851368;851373;851374;851375;851381;851382;851389;851402;851403;851410;851411;851412;851417;851418;851419;851420;851425;851426;851427;851428;851433;851434;851435;851436;851442;851443;851444;851456;851458;851463;851464;851465;851470;851471;851472;851477;851478;851479;851480;851481;851482;851487;851488;851489;851490;851491;851492;851497;851498;851499;851500;851501;851502;851513;851518;851519;851521;851522;851523;851524;851529;851530;851531;851532;851533;851534;851540;851541;851542;851543;851544;851545;851546,851269;851284;851299;851314;851329;851343;851357;851371;851378;851385;851392;851399;851407;851415;851423;851431;851439;851447;851454;851461;851468;851475;851485;851495;851505;851516;851527;851538,0.2272742061554538
11930,gdsc:1032:2uM,852229,11344,124,1032,2.0,40425.0,45126.24545454545,396.85714285714283,scan:11344:NC-1+B,852222;852225;852226;852227;852230;852231;852232;852240;852241;852242;852245;852246;852247;852252;852255;852256;852257;852260;852261;852262;852267;852282;852285;852286;852287;852291;852296;852299;852300;852301;852304;852305;852310;852313;852314;852315;852318;852319;852324;852325;852326;852332;852333;852340;852353;852354;852361;852362;852363;852368;852369;852370;852371;852376;852377;852378;852379;852384;852385;852386;852387;852393;852394;852395;852407;852409;852414;852415;852416;852421;852422;852423;852428;852429;852430;852431;852432;852433;852438;852439;852440;852441;852442;852443;852448;852449;852450;852451;852452;852453;852464;852469;852470;852472;852473;852474;852475;852480;852481;852482;852483;852484;852485;852491;852492;852493;852494;852495;852496;852497,852220;852235;852250;852265;852280;852294;852308;852322;852329;852336;852343;852350;852358;852366;852374;852382;852390;852398;852405;852412;852419;852426;852436;852446;852456;852467;852478;852489,0.10510417495060986
11930,gdsc:1036:10uM,852228,11344,123,1036,10.0,43197.0,45126.24545454545,396.85714285714283,scan:11344:NC-1+B,852222;852225;852226;852227;852230;852231;852232;852240;852241;852242;852245;852246;852247;852252;852255;852256;852257;852260;852261;852262;852267;852282;852285;852286;852287;852291;852296;852299;852300;852301;852304;852305;852310;852313;852314;852315;852318;852319;852324;852325;852326;852332;852333;852340;852353;852354;852361;852362;852363;852368;852369;852370;852371;852376;852377;852378;852379;852384;852385;852386;852387;852393;852394;852395;852407;852409;852414;852415;852416;852421;852422;852423;852428;852429;852430;852431;852432;852433;852438;852439;852440;852441;852442;852443;852448;852449;852450;852451;852452;852453;852464;852469;852470;852472;852473;852474;852475;852480;852481;852482;852483;852484;852485;852491;852492;852493;852494;852495;852496;852497,852220;852235;852250;852265;852280;852294;852308;852322;852329;852336;852343;852350;852358;852366;852374;852382;852390;852398;852405;852412;852419;852426;852436;852446;852456;852467;852478;852489,0.043131496480610654
11930,gdsc:1060:0.25uM,852224,11344,101,1060,0.25,44535.0,45126.24545454545,396.85714285714283,scan:11344:NC-1+B,852222;852225;852226;852227;852230;852231;852232;852240;852241;852242;852245;852246;852247;852252;852255;852256;852257;852260;852261;852262;852267;852282;852285;852286;852287;852291;852296;852299;852300;852301;852304;852305;852310;852313;852314;852315;852318;852319;852324;852325;852326;852332;852333;852340;852353;852354;852361;852362;852363;852368;852369;852370;852371;852376;852377;852378;852379;852384;852385;852386;852387;852393;852394;852395;852407;852409;852414;852415;852416;852421;852422;852423;852428;852429;852430;852431;852432;852433;852438;852439;852440;852441;852442;852443;852448;852449;852450;852451;852452;852453;852464;852469;852470;852472;852473;852474;852475;852480;852481;852482;852483;852484;852485;852491;852492;852493;852494;852495;852496;852497,852220;852235;852250;852265;852280;852294;852308;852322;852329;852336;852343;852350;852358;852366;852374;852382;852390;852398;852405;852412;852419;852426;852436;852446;852456;852467;852478;852489,0.013218277219117613
11951,gdsc:1032:2uM,853659,11350,124,1032,2.0,49506.0,71922.83636363636,443.82142857142856,scan:11350:NC-1+B,853652;853655;853656;853657;853660;853661;853662;853670;853671;853672;853675;853676;853677;853682;853685;853686;853687;853690;853691;853692;853697;853712;853715;853716;853717;853721;853726;853729;853730;853731;853734;853735;853740;853743;853744;853745;853748;853749;853754;853755;853756;853762;853763;853770;853783;853784;853791;853792;853793;853798;853799;853800;853801;853806;853807;853808;853809;853814;853815;853816;853817;853823;853824;853825;853837;853839;853844;853845;853846;853851;853852;853853;853858;853859;853860;853861;853862;853863;853868;853869;853870;853871;853872;853873;853878;853879;853880;853881;853882;853883;853894;853899;853900;853902;853903;853904;853905;853910;853911;853912;853913;853914;853915;853921;853922;853923;853924;853925;853926;853927,853650;853665;853680;853695;853710;853724;853738;853752;853759;853766;853773;853780;853788;853796;853804;853812;853820;853828;853835;853842;853849;853856;853866;853876;853886;853897;853908;853919,0.31361423186932447
11951,gdsc:1036:10uM,853658,11350,123,1036,10.0,50462.0,71922.83636363636,443.82142857142856,scan:11350:NC-1+B,853652;853655;853656;853657;853660;853661;853662;853670;853671;853672;853675;853676;853677;853682;853685;853686;853687;853690;853691;853692;853697;853712;853715;853716;853717;853721;853726;853729;853730;853731;853734;853735;853740;853743;853744;853745;853748;853749;853754;853755;853756;853762;853763;853770;853783;853784;853791;853792;853793;853798;853799;853800;853801;853806;853807;853808;853809;853814;853815;853816;853817;853823;853824;853825;853837;853839;853844;853845;853846;853851;853852;853853;853858;853859;853860;853861;853862;853863;853868;853869;853870;853871;853872;853873;853878;853879;853880;853881;853882;853883;853894;853899;853900;853902;853903;853904;853905;853910;853911;853912;853913;853914;853915;853921;853922;853923;853924;853925;853926;853927,853650;853665;853680;853695;853710;853724;853738;853752;853759;853766;853773;853780;853788;853796;853804;853812;853820;853828;853835;853842;853849;853856;853866;853876;853886;853897;853908;853919,0.30023967710148836
11951,gdsc:1060:0.25uM,853654,11350,101,1060,0.25,72262.0,71922.83636363636,443.82142857142856,scan:11350:NC-1+B,853652;853655;853656;853657;853660;853661;853662;853670;853671;853672;853675;853676;853677;853682;853685;853686;853687;853690;853691;853692;853697;853712;853715;853716;853717;853721;853726;853729;853730;853731;853734;853735;853740;853743;853744;853745;853748;853749;853754;853755;853756;853762;853763;853770;853783;853784;853791;853792;853793;853798;853799;853800;853801;853806;853807;853808;853809;853814;853815;853816;853817;853823;853824;853825;853837;853839;853844;853845;853846;853851;853852;853853;853858;853859;853860;853861;853862;853863;853868;853869;853870;853871;853872;853873;853878;853879;853880;853881;853882;853883;853894;853899;853900;853902;853903;853904;853905;853910;853911;853912;853913;853914;853915;853921;853922;853923;853924;853925;853926;853927,853650;853665;853680;853695;853710;853724;853738;853752;853759;853766;853773;853780;853788;853796;853804;853812;853820;853828;853835;853842;853849;853856;853866;853876;853886;853897;853908;853919,-0.004744939989334673
11957,gdsc:1032:2uM,855089,11354,124,1032,2.0,40521.0,55287.69090909091,452.2142857142857,scan:11354:NC-1+B,855082;855085;855086;855087;855090;855091;855092;855100;855101;855102;855105;855106;855107;855112;855115;855116;855117;855120;855121;855122;855127;855142;855145;855146;855147;855151;855156;855159;855160;855161;855164;855165;855170;855173;855174;855175;855178;855179;855184;855185;855186;855192;855193;855200;855213;855214;855221;855222;855223;855228;855229;855230;855231;855236;855237;855238;855239;855244;855245;855246;855247;855253;855254;855255;855267;855269;855274;855275;855276;855281;855282;855283;855288;855289;855290;855291;855292;855293;855298;855299;855300;855301;855302;855303;855308;855309;855310;855311;855312;855313;855324;855329;855330;855332;855333;855334;855335;855340;855341;855342;855343;855344;855345;855351;855352;855353;855354;855355;855356;855357,855080;855095;855110;855125;855140;855154;855168;855182;855189;855196;855203;855210;855218;855226;855234;855242;855250;855258;855265;855272;855279;855286;855296;855306;855316;855327;855338;855349,0.26929082809860727
11957,gdsc:1036:10uM,855088,11354,123,1036,10.0,44153.0,55287.69090909091,452.2142857142857,scan:11354:NC-1+B,855082;855085;855086;855087;855090;855091;855092;855100;855101;855102;855105;855106;855107;855112;855115;855116;855117;855120;855121;855122;855127;855142;855145;855146;855147;855151;855156;855159;855160;855161;855164;855165;855170;855173;855174;855175;855178;855179;855184;855185;855186;855192;855193;855200;855213;855214;855221;855222;855223;855228;855229;855230;855231;855236;855237;855238;855239;855244;855245;855246;855247;855253;855254;855255;855267;855269;855274;855275;855276;855281;855282;855283;855288;855289;855290;855291;855292;855293;855298;855299;855300;855301;855302;855303;855308;855309;855310;855311;855312;855313;855324;855329;855330;855332;855333;855334;855335;855340;855341;855342;855343;855344;855345;855351;855352;855353;855354;855355;855356;855357,855080;855095;855110;855125;855140;855154;855168;855182;855189;855196;855203;855210;855218;855226;855234;855242;855250;855258;855265;855272;855279;855286;855296;855306;855316;855327;855338;855349,0.20305633496297792
11957,gdsc:1060:0.25uM,855084,11354,101,1060,0.25,50558.0,55287.69090909091,452.2142857142857,scan:11354:NC-1+B,855082;855085;855086;855087;855090;855091;855092;855100;855101;855102;855105;855106;855107;855112;855115;855116;855117;855120;855121;855122;855127;855142;855145;855146;855147;855151;855156;855159;855160;855161;855164;855165;855170;855173;855174;855175;855178;855179;855184;855185;855186;855192;855193;855200;855213;855214;855221;855222;855223;855228;855229;855230;855231;855236;855237;855238;855239;855244;855245;855246;855247;855253;855254;855255;855267;855269;855274;855275;855276;855281;855282;855283;855288;855289;855290;855291;855292;855293;855298;855299;855300;855301;855302;855303;855308;855309;855310;855311;855312;855313;855324;855329;855330;855332;855333;855334;855335;855340;855341;855342;855343;855344;855345;855351;855352;855353;855354;855355;855356;855357,855080;855095;855110;855125;855140;855154;855168;855182;855189;855196;855203;855210;855218;855226;855234;855242;855250;855258;855265;855272;855279;855286;855296;855306;855316;855327;855338;855349,0.08625238988211181
11988,gdsc:1032:2uM,855561,11369,124,1032,2.0,102196.0,117299.77272727272,693.5714285714286,scan:11369:NC-1+B,855554;855557;855558;855559;855562;855563;855564;855572;855573;855574;855577;855578;855579;855584;855587;855588;855589;855592;855593;855594;855599;855614;855617;855618;855619;855623;855628;855631;855632;855633;855636;855637;855642;855645;855646;855647;855650;855651;855656;855657;855658;855664;855665;855672;855685;855686;855693;855694;855695;855700;855701;855702;855703;855708;855709;855710;855711;855716;855717;855718;855719;855725;855726;855727;855739;855741;855746;855747;855748;855753;855754;855755;855760;855761;855762;855763;855764;855765;855770;855771;855772;855773;855774;855775;855780;855781;855782;855783;855784;855785;855796;855801;855802;855804;855805;855806;855807;855812;855813;855814;855815;855816;855817;855823;855824;855825;855826;855827;855828;855829,855552;855567;855582;855597;855612;855626;855640;855654;855661;855668;855675;855682;855690;855698;855706;855714;855722;855730;855737;855744;855751;855758;855768;855778;855788;855799;855810;855821,0.12952804018186415
11988,gdsc:1036:10uM,855560,11369,123,1036,10.0,117693.0,117299.77272727272,693.5714285714286,scan:11369:NC-1+B,855554;855557;855558;855559;855562;855563;855564;855572;855573;855574;855577;855578;855579;855584;855587;855588;855589;855592;855593;855594;855599;855614;855617;855618;855619;855623;855628;855631;855632;855633;855636;855637;855642;855645;855646;855647;855650;855651;855656;855657;855658;855664;855665;855672;855685;855686;855693;855694;855695;855700;855701;855702;855703;855708;855709;855710;855711;855716;855717;855718;855719;855725;855726;855727;855739;855741;855746;855747;855748;855753;855754;855755;855760;855761;855762;855763;855764;855765;855770;855771;855772;855773;855774;855775;855780;855781;855782;855783;855784;855785;855796;855801;855802;855804;855805;855806;855807;855812;855813;855814;855815;855816;855817;855823;855824;855825;855826;855827;855828;855829,855552;855567;855582;855597;855612;855626;855640;855654;855661;855668;855675;855682;855690;855698;855706;855714;855722;855730;855737;855744;855751;855758;855768;855778;855788;855799;855810;855821,-0.0033722672409162158
11988,gdsc:1060:0.25uM,855556,11369,101,1060,0.25,80390.0,117299.77272727272,693.5714285714286,scan:11369:NC-1+B,855554;855557;855558;855559;855562;855563;855564;855572;855573;855574;855577;855578;855579;855584;855587;855588;855589;855592;855593;855594;855599;855614;855617;855618;855619;855623;855628;855631;855632;855633;855636;855637;855642;855645;855646;855647;855650;855651;855656;855657;855658;855664;855665;855672;855685;855686;855693;855694;855695;855700;855701;855702;855703;855708;855709;855710;855711;855716;855717;855718;855719;855725;855726;855727;855739;855741;855746;855747;855748;855753;855754;855755;855760;855761;855762;855763;855764;855765;855770;855771;855772;855773;855774;855775;855780;855781;855782;855783;855784;855785;855796;855801;855802;855804;855805;855806;855807;855812;855813;855814;855815;855816;855817;855823;855824;855825;855826;855827;855828;855829,855552;855567;855582;855597;855612;855626;855640;855654;855661;855668;855675;855682;855690;855698;855706;855714;855722;855730;855737;855744;855751;855758;855768;855778;855788;855799;855810;855821,0.31653353180354227
11989,gdsc:1032:2uM,856033,11370,124,1032,2.0,118171.0,132965.20909090908,1042.1785714285713,scan:11370:NC-1+B,856026;856029;856030;856031;856034;856035;856036;856044;856045;856046;856049;856050;856051;856056;856059;856060;856061;856064;856065;856066;856071;856086;856089;856090;856091;856095;856100;856103;856104;856105;856108;856109;856114;856117;856118;856119;856122;856123;856128;856129;856130;856136;856137;856144;856157;856158;856165;856166;856167;856172;856173;856174;856175;856180;856181;856182;856183;856188;856189;856190;856191;856197;856198;856199;856211;856213;856218;856219;856220;856225;856226;856227;856232;856233;856234;856235;856236;856237;856242;856243;856244;856245;856246;856247;856252;856253;856254;856255;856256;856257;856268;856273;856274;856276;856277;856278;856279;856284;856285;856286;856287;856288;856289;856295;856296;856297;856298;856299;856300;856301,856024;856039;856054;856069;856084;856098;856112;856126;856133;856140;856147;856154;856162;856170;856178;856186;856194;856202;856209;856216;856223;856230;856240;856250;856260;856271;856282;856293,0.11214273226329852
11989,gdsc:1036:10uM,856032,11370,123,1036,10.0,132810.0,132965.20909090908,1042.1785714285713,scan:11370:NC-1+B,856026;856029;856030;856031;856034;856035;856036;856044;856045;856046;856049;856050;856051;856056;856059;856060;856061;856064;856065;856066;856071;856086;856089;856090;856091;856095;856100;856103;856104;856105;856108;856109;856114;856117;856118;856119;856122;856123;856128;856129;856130;856136;856137;856144;856157;856158;856165;856166;856167;856172;856173;856174;856175;856180;856181;856182;856183;856188;856189;856190;856191;856197;856198;856199;856211;856213;856218;856219;856220;856225;856226;856227;856232;856233;856234;856235;856236;856237;856242;856243;856244;856245;856246;856247;856252;856253;856254;856255;856256;856257;856268;856273;856274;856276;856277;856278;856279;856284;856285;856286;856287;856288;856289;856295;856296;856297;856298;856299;856300;856301,856024;856039;856054;856069;856084;856098;856112;856126;856133;856140;856147;856154;856162;856170;856178;856186;856194;856202;856209;856216;856223;856230;856240;856250;856260;856271;856282;856293,0.001176512473204272
11989,gdsc:1060:0.25uM,856028,11370,101,1060,0.25,94066.0,132965.20909090908,1042.1785714285713,scan:11370:NC-1+B,856026;856029;856030;856031;856034;856035;856036;856044;856045;856046;856049;856050;856051;856056;856059;856060;856061;856064;856065;856066;856071;856086;856089;856090;856091;856095;856100;856103;856104;856105;856108;856109;856114;856117;856118;856119;856122;856123;856128;856129;856130;856136;856137;856144;856157;856158;856165;856166;856167;856172;856173;856174;856175;856180;856181;856182;856183;856188;856189;856190;856191;856197;856198;856199;856211;856213;856218;856219;856220;856225;856226;856227;856232;856233;856234;856235;856236;856237;856242;856243;856244;856245;856246;856247;856252;856253;856254;856255;856256;856257;856268;856273;856274;856276;856277;856278;856279;856284;856285;856286;856287;856288;856289;856295;856296;856297;856298;856299;856300;856301,856024;856039;856054;856069;856084;856098;856112;856126;856133;856140;856147;856154;856162;856170;856178;856186;856194;856202;856209;856216;856223;856230;856240;856250;856260;856271;856282;856293,0.29486291315271884
11992,gdsc:1032:2uM,856984,11372,124,1032,2.0,28860.0,31360.5,280.85714285714283,scan:11372:NC-1+B,856977;856980;856981;856982;856985;856986;856987;856995;856996;856997;857000;857001;857002;857007;857010;857011;857012;857015;857016;857017;857022;857037;857040;857041;857042;857046;857051;857054;857055;857056;857059;857060;857065;857068;857069;857070;857073;857074;857079;857080;857081;857087;857088;857095;857108;857109;857116;857117;857118;857123;857124;857125;857126;857131;857132;857133;857134;857139;857140;857141;857142;857148;857149;857150;857162;857164;857169;857170;857171;857176;857177;857178;857183;857184;857185;857186;857187;857188;857193;857194;857195;857196;857197;857198;857203;857204;857205;857206;857207;857208;857219;857224;857225;857227;857228;857229;857230;857235;857236;857237;857238;857239;857240;857246;857247;857248;857249;857250;857251;857252,856975;856990;857005;857020;857035;857049;857063;857077;857084;857091;857098;857105;857113;857121;857129;857137;857145;857153;857160;857167;857174;857181;857191;857201;857211;857222;857233;857244,0.08045459246406117
11992,gdsc:1036:10uM,856983,11372,123,1036,10.0,29529.0,31360.5,280.85714285714283,scan:11372:NC-1+B,856977;856980;856981;856982;856985;856986;856987;856995;856996;856997;857000;857001;857002;857007;857010;857011;857012;857015;857016;857017;857022;857037;857040;857041;857042;857046;857051;857054;857055;857056;857059;857060;857065;857068;857069;857070;857073;857074;857079;857080;857081;857087;857088;857095;857108;857109;857116;857117;857118;857123;857124;857125;857126;857131;857132;857133;857134;857139;857140;857141;857142;857148;857149;857150;857162;857164;857169;857170;857171;857176;857177;857178;857183;857184;857185;857186;857187;857188;857193;857194;857195;857196;857197;857198;857203;857204;857205;857206;857207;857208;857219;857224;857225;857227;857228;857229;857230;857235;857236;857237;857238;857239;857240;857246;857247;857248;857249;857250;857251;857252,856975;856990;857005;857020;857035;857049;857063;857077;857084;857091;857098;857105;857113;857121;857129;857137;857145;857153;857160;857167;857174;857181;857191;857201;857211;857222;857233;857244,0.058929248589453365
11992,gdsc:1060:0.25uM,856979,11372,101,1060,0.25,28095.0,31360.5,280.85714285714283,scan:11372:NC-1+B,856977;856980;856981;856982;856985;856986;856987;856995;856996;856997;857000;857001;857002;857007;857010;857011;857012;857015;857016;857017;857022;857037;857040;857041;857042;857046;857051;857054;857055;857056;857059;857060;857065;857068;857069;857070;857073;857074;857079;857080;857081;857087;857088;857095;857108;857109;857116;857117;857118;857123;857124;857125;857126;857131;857132;857133;857134;857139;857140;857141;857142;857148;857149;857150;857162;857164;857169;857170;857171;857176;857177;857178;857183;857184;857185;857186;857187;857188;857193;857194;857195;857196;857197;857198;857203;857204;857205;857206;857207;857208;857219;857224;857225;857227;857228;857229;857230;857235;857236;857237;857238;857239;857240;857246;857247;857248;857249;857250;857251;857252,856975;856990;857005;857020;857035;857049;857063;857077;857084;857091;857098;857105;857113;857121;857129;857137;857145;857153;857160;857167;857174;857181;857191;857201;857211;857222;857233;857244,0.1050687749215724
12003,gdsc:1032:2uM,857935,11374,124,1032,2.0,14811.0,23007.454545454544,260.2857142857143,scan:11374:NC-1+B,857928;857931;857932;857933;857936;857937;857938;857946;857947;857948;857951;857952;857953;857958;857961;857962;857963;857966;857967;857968;857973;857988;857991;857992;857993;857997;858002;858005;858006;858007;858010;858011;858016;858019;858020;858021;858024;858025;858030;858031;858032;858038;858039;858046;858059;858060;858067;858068;858069;858074;858075;858076;858077;858082;858083;858084;858085;858090;858091;858092;858093;858099;858100;858101;858113;858115;858120;858121;858122;858127;858128;858129;858134;858135;858136;858137;858138;858139;858144;858145;858146;858147;858148;858149;858154;858155;858156;858157;858158;858159;858170;858175;858176;858178;858179;858180;858181;858186;858187;858188;858189;858190;858191;858197;858198;858199;858200;858201;858202;858203,857926;857941;857956;857971;857986;858000;858014;858028;858035;858042;858049;858056;858064;858072;858080;858088;858096;858104;858111;858118;858125;858132;858142;858152;858162;858173;858184;858195,0.3603285580851505
12003,gdsc:1036:10uM,857934,11374,123,1036,10.0,17773.0,23007.454545454544,260.2857142857143,scan:11374:NC-1+B,857928;857931;857932;857933;857936;857937;857938;857946;857947;857948;857951;857952;857953;857958;857961;857962;857963;857966;857967;857968;857973;857988;857991;857992;857993;857997;858002;858005;858006;858007;858010;858011;858016;858019;858020;858021;858024;858025;858030;858031;858032;858038;858039;858046;858059;858060;858067;858068;858069;858074;858075;858076;858077;858082;858083;858084;858085;858090;858091;858092;858093;858099;858100;858101;858113;858115;858120;858121;858122;858127;858128;858129;858134;858135;858136;858137;858138;858139;858144;858145;858146;858147;858148;858149;858154;858155;858156;858157;858158;858159;858170;858175;858176;858178;858179;858180;858181;858186;858187;858188;858189;858190;858191;858197;858198;858199;858200;858201;858202;858203,857926;857941;857956;857971;857986;858000;858014;858028;858035;858042;858049;858056;858064;858072;858080;858088;858096;858104;858111;858118;858125;858132;858142;858152;858162;858173;858184;858195,0.23011455114722423
12003,gdsc:1060:0.25uM,857930,11374,101,1060,0.25,18060.0,23007.454545454544,260.2857142857143,scan:11374:NC-1+B,857928;857931;857932;857933;857936;857937;857938;857946;857947;857948;857951;857952;857953;857958;857961;857962;857963;857966;857967;857968;857973;857988;857991;857992;857993;857997;858002;858005;858006;858007;858010;858011;858016;858019;858020;858021;858024;858025;858030;858031;858032;858038;858039;858046;858059;858060;858067;858068;858069;858074;858075;858076;858077;858082;858083;858084;858085;858090;858091;858092;858093;858099;858100;858101;858113;858115;858120;858121;858122;858127;858128;858129;858134;858135;858136;858137;858138;858139;858144;858145;858146;858147;858148;858149;858154;858155;858156;858157;858158;858159;858170;858175;858176;858178;858179;858180;858181;858186;858187;858188;858189;858190;858191;858197;858198;858199;858200;858201;858202;858203,857926;857941;857956;857971;857986;858000;858014;858028;858035;858042;858049;858056;858064;858072;858080;858088;858096;858104;858111;858118;858125;858132;858142;858152;858162;858173;858184;858195,0.21749759638990318
12007,gdsc:1032:2uM,859365,11377,124,1032,2.0,33543.0,39526.90909090909,289.0357142857143,scan:11377:NC-1+B,859358;859361;859362;859363;859366;859367;859368;859376;859377;859378;859381;859382;859383;859388;859391;859392;859393;859396;859397;859398;859403;859418;859421;859422;859423;859427;859432;859435;859436;859437;859440;859441;859446;859449;859450;859451;859454;859455;859460;859461;859462;859468;859469;859476;859489;859490;859497;859498;859499;859504;859505;859506;859507;859512;859513;859514;859515;859520;859521;859522;859523;859529;859530;859531;859543;859545;859550;859551;859552;859557;859558;859559;859564;859565;859566;859567;859568;859569;859574;859575;859576;859577;859578;859579;859584;859585;859586;859587;859588;859589;859600;859605;859606;859608;859609;859610;859611;859616;859617;859618;859619;859620;859621;859627;859628;859629;859630;859631;859632;859633,859356;859371;859386;859401;859416;859430;859444;859458;859465;859472;859479;859486;859494;859502;859510;859518;859526;859534;859541;859548;859555;859562;859572;859582;859592;859603;859614;859625,0.15250339980132832
12007,gdsc:1036:10uM,859364,11377,123,1036,10.0,36219.0,39526.90909090909,289.0357142857143,scan:11377:NC-1+B,859358;859361;859362;859363;859366;859367;859368;859376;859377;859378;859381;859382;859383;859388;859391;859392;859393;859396;859397;859398;859403;859418;859421;859422;859423;859427;859432;859435;859436;859437;859440;859441;859446;859449;859450;859451;859454;859455;859460;859461;859462;859468;859469;859476;859489;859490;859497;859498;859499;859504;859505;859506;859507;859512;859513;859514;859515;859520;859521;859522;859523;859529;859530;859531;859543;859545;859550;859551;859552;859557;859558;859559;859564;859565;859566;859567;859568;859569;859574;859575;859576;859577;859578;859579;859584;859585;859586;859587;859588;859589;859600;859605;859606;859608;859609;859610;859611;859616;859617;859618;859619;859620;859621;859627;859628;859629;859630;859631;859632;859633,859356;859371;859386;859401;859416;859430;859444;859458;859465;859472;859479;859486;859494;859502;859510;859518;859526;859534;859541;859548;859555;859562;859572;859582;859592;859603;859614;859625,0.08430398505949177
12007,gdsc:1060:0.25uM,859360,11377,101,1060,0.25,29911.0,39526.90909090909,289.0357142857143,scan:11377:NC-1+B,859358;859361;859362;859363;859366;859367;859368;859376;859377;859378;859381;859382;859383;859388;859391;859392;859393;859396;859397;859398;859403;859418;859421;859422;859423;859427;859432;859435;859436;859437;859440;859441;859446;859449;859450;859451;859454;859455;859460;859461;859462;859468;859469;859476;859489;859490;859497;859498;859499;859504;859505;859506;859507;859512;859513;859514;859515;859520;859521;859522;859523;859529;859530;859531;859543;859545;859550;859551;859552;859557;859558;859559;859564;859565;859566;859567;859568;859569;859574;859575;859576;859577;859578;859579;859584;859585;859586;859587;859588;859589;859600;859605;859606;859608;859609;859610;859611;859616;859617;859618;859619;859620;859621;859627;859628;859629;859630;859631;859632;859633,859356;859371;859386;859401;859416;859430;859444;859458;859465;859472;859479;859486;859494;859502;859510;859518;859526;859534;859541;859548;859555;859562;859572;859582;859592;859603;859614;859625,0.24506702997410468
12008,gdsc:1032:2uM,859837,11378,124,1032,2.0,35168.0,42317.32727272727,278.57142857142856,scan:11378:NC-1+B,859830;859833;859834;859835;859838;859839;859840;859848;859849;859850;859853;859854;859855;859860;859863;859864;859865;859868;859869;859870;859875;859890;859893;859894;859895;859899;859904;859907;859908;859909;859912;859913;859918;859921;859922;859923;859926;859927;859932;859933;859934;859940;859941;859948;859961;859962;859969;859970;859971;859976;859977;859978;859979;859984;859985;859986;859987;859992;859993;859994;859995;860001;860002;860003;860015;860017;860022;860023;860024;860029;860030;860031;860036;860037;860038;860039;860040;860041;860046;860047;860048;860049;860050;860051;860056;860057;860058;860059;860060;860061;860072;860077;860078;860080;860081;860082;860083;860088;860089;860090;860091;860092;860093;860099;860100;860101;860102;860103;860104;860105,859828;859843;859858;859873;859888;859902;859916;859930;859937;859944;859951;859958;859966;859974;859982;859990;859998;860006;860013;860020;860027;860034;860044;860054;860064;860075;860086;860097,0.17006514891237334
12008,gdsc:1036:10uM,859836,11378,123,1036,10.0,34021.0,42317.32727272727,278.57142857142856,scan:11378:NC-1+B,859830;859833;859834;859835;859838;859839;859840;859848;859849;859850;859853;859854;859855;859860;859863;859864;859865;859868;859869;859870;859875;859890;859893;859894;859895;859899;859904;859907;859908;859909;859912;859913;859918;859921;859922;859923;859926;859927;859932;859933;859934;859940;859941;859948;859961;859962;859969;859970;859971;859976;859977;859978;859979;859984;859985;859986;859987;859992;859993;859994;859995;860001;860002;860003;860015;860017;860022;860023;860024;860029;860030;860031;860036;860037;860038;860039;860040;860041;860046;860047;860048;860049;860050;860051;860056;860057;860058;860059;860060;860061;860072;860077;860078;860080;860081;860082;860083;860088;860089;860090;860091;860092;860093;860099;860100;860101;860102;860103;860104;860105,859828;859843;859858;859873;859888;859902;859916;859930;859937;859944;859951;859958;859966;859974;859982;859990;859998;860006;860013;860020;860027;860034;860044;860054;860064;860075;860086;860097,0.19734949586717165
12008,gdsc:1060:0.25uM,859832,11378,101,1060,0.25,29720.0,42317.32727272727,278.57142857142856,scan:11378:NC-1+B,859830;859833;859834;859835;859838;859839;859840;859848;859849;859850;859853;859854;859855;859860;859863;859864;859865;859868;859869;859870;859875;859890;859893;859894;859895;859899;859904;859907;859908;859909;859912;859913;859918;859921;859922;859923;859926;859927;859932;859933;859934;859940;859941;859948;859961;859962;859969;859970;859971;859976;859977;859978;859979;859984;859985;859986;859987;859992;859993;859994;859995;860001;860002;860003;860015;860017;860022;860023;860024;860029;860030;860031;860036;860037;860038;860039;860040;860041;860046;860047;860048;860049;860050;860051;860056;860057;860058;860059;860060;860061;860072;860077;860078;860080;860081;860082;860083;860088;860089;860090;860091;860092;860093;860099;860100;860101;860102;860103;860104;860105,859828;859843;859858;859873;859888;859902;859916;859930;859937;859944;859951;859958;859966;859974;859982;859990;859998;860006;860013;860020;860027;860034;860044;860054;860064;860075;860086;860097,0.2996598500542572
12014,gdsc:1032:2uM,861746,11382,124,1032,2.0,20163.0,23889.47272727273,335.60714285714283,scan:11382:NC-1+B,861739;861742;861743;861744;861747;861748;861749;861757;861758;861759;861762;861763;861764;861769;861772;861773;861774;861777;861778;861779;861784;861799;861802;861803;861804;861808;861813;861816;861817;861818;861821;861822;861827;861830;861831;861832;861835;861836;861841;861842;861843;861849;861850;861857;861870;861871;861878;861879;861880;861885;861886;861887;861888;861893;861894;861895;861896;861901;861902;861903;861904;861910;861911;861912;861924;861926;861931;861932;861933;861938;861939;861940;861945;861946;861947;861948;861949;861950;861955;861956;861957;861958;861959;861960;861965;861966;861967;861968;861969;861970;861981;861986;861987;861989;861990;861991;861992;861997;861998;861999;862000;862001;862002;862008;862009;862010;862011;862012;862013;862014,861737;861752;861767;861782;861797;861811;861825;861839;861846;861853;861860;861867;861875;861883;861891;861899;861907;861915;861922;861929;861936;861943;861953;861963;861973;861984;861995;862006,0.15821066456872157
12014,gdsc:1036:10uM,861745,11382,123,1036,10.0,15575.0,23889.47272727273,335.60714285714283,scan:11382:NC-1+B,861739;861742;861743;861744;861747;861748;861749;861757;861758;861759;861762;861763;861764;861769;861772;861773;861774;861777;861778;861779;861784;861799;861802;861803;861804;861808;861813;861816;861817;861818;861821;861822;861827;861830;861831;861832;861835;861836;861841;861842;861843;861849;861850;861857;861870;861871;861878;861879;861880;861885;861886;861887;861888;861893;861894;861895;861896;861901;861902;861903;861904;861910;861911;861912;861924;861926;861931;861932;861933;861938;861939;861940;861945;861946;861947;861948;861949;861950;861955;861956;861957;861958;861959;861960;861965;861966;861967;861968;861969;861970;861981;861986;861987;861989;861990;861991;861992;861997;861998;861999;862000;862001;862002;862008;862009;862010;862011;862012;862013;862014,861737;861752;861767;861782;861797;861811;861825;861839;861846;861853;861860;861867;861875;861883;861891;861899;861907;861915;861922;861929;861936;861943;861953;861963;861973;861984;861995;862006,0.3529982243243335
12014,gdsc:1060:0.25uM,861741,11382,101,1060,0.25,24368.0,23889.47272727273,335.60714285714283,scan:11382:NC-1+B,861739;861742;861743;861744;861747;861748;861749;861757;861758;861759;861762;861763;861764;861769;861772;861773;861774;861777;861778;861779;861784;861799;861802;861803;861804;861808;861813;861816;861817;861818;861821;861822;861827;861830;861831;861832;861835;861836;861841;861842;861843;861849;861850;861857;861870;861871;861878;861879;861880;861885;861886;861887;861888;861893;861894;861895;861896;861901;861902;861903;861904;861910;861911;861912;861924;861926;861931;861932;861933;861938;861939;861940;861945;861946;861947;861948;861949;861950;861955;861956;861957;861958;861959;861960;861965;861966;861967;861968;861969;861970;861981;861986;861987;861989;861990;861991;861992;861997;861998;861999;862000;862001;862002;862008;862009;862010;862011;862012;862013;862014,861737;861752;861767;861782;861797;861811;861825;861839;861846;861853;861860;861867;861875;861883;861891;861899;861907;861915;861922;861929;861936;861943;861953;861963;861973;861984;861995;862006,-0.02031629462315898
12035,gdsc:1032:2uM,863176,11385,124,1032,2.0,85267.0,93970.47272727273,550.1071428571429,scan:11385:NC-1+B,863169;863172;863173;863174;863177;863178;863179;863187;863188;863189;863192;863193;863194;863199;863202;863203;863204;863207;863208;863209;863214;863229;863232;863233;863234;863238;863243;863246;863247;863248;863251;863252;863257;863260;863261;863262;863265;863266;863271;863272;863273;863279;863280;863287;863300;863301;863308;863309;863310;863315;863316;863317;863318;863323;863324;863325;863326;863331;863332;863333;863334;863340;863341;863342;863354;863356;863361;863362;863363;863368;863369;863370;863375;863376;863377;863378;863379;863380;863385;863386;863387;863388;863389;863390;863395;863396;863397;863398;863399;863400;863411;863416;863417;863419;863420;863421;863422;863427;863428;863429;863430;863431;863432;863438;863439;863440;863441;863442;863443;863444,863167;863182;863197;863212;863227;863241;863255;863269;863276;863283;863290;863297;863305;863313;863321;863329;863337;863345;863352;863359;863366;863373;863383;863393;863403;863414;863425;863436,0.0931646185799625
12035,gdsc:1036:10uM,863175,11385,123,1036,10.0,80390.0,93970.47272727273,550.1071428571429,scan:11385:NC-1+B,863169;863172;863173;863174;863177;863178;863179;863187;863188;863189;863192;863193;863194;863199;863202;863203;863204;863207;863208;863209;863214;863229;863232;863233;863234;863238;863243;863246;863247;863248;863251;863252;863257;863260;863261;863262;863265;863266;863271;863272;863273;863279;863280;863287;863300;863301;863308;863309;863310;863315;863316;863317;863318;863323;863324;863325;863326;863331;863332;863333;863334;863340;863341;863342;863354;863356;863361;863362;863363;863368;863369;863370;863375;863376;863377;863378;863379;863380;863385;863386;863387;863388;863389;863390;863395;863396;863397;863398;863399;863400;863411;863416;863417;863419;863420;863421;863422;863427;863428;863429;863430;863431;863432;863438;863439;863440;863441;863442;863443;863444,863167;863182;863197;863212;863227;863241;863255;863269;863276;863283;863290;863297;863305;863313;863321;863329;863337;863345;863352;863359;863366;863373;863383;863393;863403;863414;863425;863436,0.14536950955304584
12035,gdsc:1060:0.25uM,863171,11385,101,1060,0.25,95405.0,93970.47272727273,550.1071428571429,scan:11385:NC-1+B,863169;863172;863173;863174;863177;863178;863179;863187;863188;863189;863192;863193;863194;863199;863202;863203;863204;863207;863208;863209;863214;863229;863232;863233;863234;863238;863243;863246;863247;863248;863251;863252;863257;863260;863261;863262;863265;863266;863271;863272;863273;863279;863280;863287;863300;863301;863308;863309;863310;863315;863316;863317;863318;863323;863324;863325;863326;863331;863332;863333;863334;863340;863341;863342;863354;863356;863361;863362;863363;863368;863369;863370;863375;863376;863377;863378;863379;863380;863385;863386;863387;863388;863389;863390;863395;863396;863397;863398;863399;863400;863411;863416;863417;863419;863420;863421;863422;863427;863428;863429;863430;863431;863432;863438;863439;863440;863441;863442;863443;863444,863167;863182;863197;863212;863227;863241;863255;863269;863276;863283;863290;863297;863305;863313;863321;863329;863337;863345;863352;863359;863366;863373;863383;863393;863403;863414;863425;863436,-0.015355616130949601
12036,gdsc:1032:2uM,863648,11386,124,1032,2.0,83546.0,93383.89090909091,613.5714285714286,scan:11386:NC-1+B,863641;863644;863645;863646;863649;863650;863651;863659;863660;863661;863664;863665;863666;863671;863674;863675;863676;863679;863680;863681;863686;863701;863704;863705;863706;863710;863715;863718;863719;863720;863723;863724;863729;863732;863733;863734;863737;863738;863743;863744;863745;863751;863752;863759;863772;863773;863780;863781;863782;863787;863788;863789;863790;863795;863796;863797;863798;863803;863804;863805;863806;863812;863813;863814;863826;863828;863833;863834;863835;863840;863841;863842;863847;863848;863849;863850;863851;863852;863857;863858;863859;863860;863861;863862;863867;863868;863869;863870;863871;863872;863883;863888;863889;863891;863892;863893;863894;863899;863900;863901;863902;863903;863904;863910;863911;863912;863913;863914;863915;863916,863639;863654;863669;863684;863699;863713;863727;863741;863748;863755;863762;863769;863777;863785;863793;863801;863809;863817;863824;863831;863838;863845;863855;863865;863875;863886;863897;863908,0.1060456724109562
12036,gdsc:1036:10uM,863647,11386,123,1036,10.0,74652.0,93383.89090909091,613.5714285714286,scan:11386:NC-1+B,863641;863644;863645;863646;863649;863650;863651;863659;863660;863661;863664;863665;863666;863671;863674;863675;863676;863679;863680;863681;863686;863701;863704;863705;863706;863710;863715;863718;863719;863720;863723;863724;863729;863732;863733;863734;863737;863738;863743;863744;863745;863751;863752;863759;863772;863773;863780;863781;863782;863787;863788;863789;863790;863795;863796;863797;863798;863803;863804;863805;863806;863812;863813;863814;863826;863828;863833;863834;863835;863840;863841;863842;863847;863848;863849;863850;863851;863852;863857;863858;863859;863860;863861;863862;863867;863868;863869;863870;863871;863872;863883;863888;863889;863891;863892;863893;863894;863899;863900;863901;863902;863903;863904;863910;863911;863912;863913;863914;863915;863916,863639;863654;863669;863684;863699;863713;863727;863741;863748;863755;863762;863769;863777;863785;863793;863801;863809;863817;863824;863831;863838;863845;863855;863865;863875;863886;863897;863908,0.20191685243710256
12036,gdsc:1060:0.25uM,863643,11386,101,1060,0.25,86797.0,93383.89090909091,613.5714285714286,scan:11386:NC-1+B,863641;863644;863645;863646;863649;863650;863651;863659;863660;863661;863664;863665;863666;863671;863674;863675;863676;863679;863680;863681;863686;863701;863704;863705;863706;863710;863715;863718;863719;863720;863723;863724;863729;863732;863733;863734;863737;863738;863743;863744;863745;863751;863752;863759;863772;863773;863780;863781;863782;863787;863788;863789;863790;863795;863796;863797;863798;863803;863804;863805;863806;863812;863813;863814;863826;863828;863833;863834;863835;863840;863841;863842;863847;863848;863849;863850;863851;863852;863857;863858;863859;863860;863861;863862;863867;863868;863869;863870;863871;863872;863883;863888;863889;863891;863892;863893;863894;863899;863900;863901;863902;863903;863904;863910;863911;863912;863913;863914;863915;863916,863639;863654;863669;863684;863699;863713;863727;863741;863748;863755;863762;863769;863777;863785;863793;863801;863809;863817;863824;863831;863838;863845;863855;863865;863875;863886;863897;863908,0.07100213673915479
12107,gdsc:1032:2uM,871735,11451,124,1032,2.0,3249.0,62539.818181818184,467.92857142857144,scan:11451:NC-1+B,871728;871731;871732;871733;871736;871737;871738;871746;871747;871748;871751;871752;871753;871758;871761;871762;871763;871766;871767;871768;871773;871788;871791;871792;871793;871797;871802;871805;871806;871807;871810;871811;871816;871819;871820;871821;871824;871825;871830;871831;871832;871838;871839;871846;871859;871860;871867;871868;871869;871874;871875;871876;871877;871882;871883;871884;871885;871890;871891;871892;871893;871899;871900;871901;871913;871915;871920;871921;871922;871927;871928;871929;871934;871935;871936;871937;871938;871939;871944;871945;871946;871947;871948;871949;871954;871955;871956;871957;871958;871959;871970;871975;871976;871978;871979;871980;871981;871986;871987;871988;871989;871990;871991;871997;871998;871999;872000;872001;872002;872003,871726;871741;871756;871771;871786;871800;871814;871828;871835;871842;871849;871856;871864;871872;871880;871888;871896;871904;871911;871918;871925;871932;871942;871952;871962;871973;871984;871995,0.9551959599421325
12107,gdsc:1036:10uM,871734,11451,123,1036,10.0,51896.0,62539.818181818184,467.92857142857144,scan:11451:NC-1+B,871728;871731;871732;871733;871736;871737;871738;871746;871747;871748;871751;871752;871753;871758;871761;871762;871763;871766;871767;871768;871773;871788;871791;871792;871793;871797;871802;871805;871806;871807;871810;871811;871816;871819;871820;871821;871824;871825;871830;871831;871832;871838;871839;871846;871859;871860;871867;871868;871869;871874;871875;871876;871877;871882;871883;871884;871885;871890;871891;871892;871893;871899;871900;871901;871913;871915;871920;871921;871922;871927;871928;871929;871934;871935;871936;871937;871938;871939;871944;871945;871946;871947;871948;871949;871954;871955;871956;871957;871958;871959;871970;871975;871976;871978;871979;871980;871981;871986;871987;871988;871989;871990;871991;871997;871998;871999;872000;872001;872002;872003,871726;871741;871756;871771;871786;871800;871814;871828;871835;871842;871849;871856;871864;871872;871880;871888;871896;871904;871911;871918;871925;871932;871942;871952;871962;871973;871984;871995,0.17147565908862905
12107,gdsc:1060:0.25uM,871730,11451,101,1060,0.25,49315.0,62539.818181818184,467.92857142857144,scan:11451:NC-1+B,871728;871731;871732;871733;871736;871737;871738;871746;871747;871748;871751;871752;871753;871758;871761;871762;871763;871766;871767;871768;871773;871788;871791;871792;871793;871797;871802;871805;871806;871807;871810;871811;871816;871819;871820;871821;871824;871825;871830;871831;871832;871838;871839;871846;871859;871860;871867;871868;871869;871874;871875;871876;871877;871882;871883;871884;871885;871890;871891;871892;871893;871899;871900;871901;871913;871915;871920;871921;871922;871927;871928;871929;871934;871935;871936;871937;871938;871939;871944;871945;871946;871947;871948;871949;871954;871955;871956;871957;871958;871959;871970;871975;871976;871978;871979;871980;871981;871986;871987;871988;871989;871990;871991;871997;871998;871999;872000;872001;872002;872003,871726;871741;871756;871771;871786;871800;871814;871828;871835;871842;871849;871856;871864;871872;871880;871888;871896;871904;871911;871918;871925;871932;871942;871952;871962;871973;871984;871995,0.21305647797782867
12125,gdsc:1032:2uM,872207,11457,124,1032,2.0,3153.0,20791.881818181817,181.5,scan:11457:NC-1+B,872200;872203;872204;872205;872208;872209;872210;872218;872219;872220;872223;872224;872225;872230;872233;872234;872235;872238;872239;872240;872245;872260;872263;872264;872265;872269;872274;872277;872278;872279;872282;872283;872288;872291;872292;872293;872296;872297;872302;872303;872304;872310;872311;872318;872331;872332;872339;872340;872341;872346;872347;872348;872349;872354;872355;872356;872357;872362;872363;872364;872365;872371;872372;872373;872385;872387;872392;872393;872394;872399;872400;872401;872406;872407;872408;872409;872410;872411;872416;872417;872418;872419;872420;872421;872426;872427;872428;872429;872430;872431;872442;872447;872448;872450;872451;872452;872453;872458;872459;872460;872461;872462;872463;872469;872470;872471;872472;872473;872474;872475,872198;872213;872228;872243;872258;872272;872286;872300;872307;872314;872321;872328;872336;872344;872352;872360;872368;872376;872383;872390;872397;872404;872414;872424;872434;872445;872456;872467,0.855825087268464
12125,gdsc:1036:10uM,872206,11457,123,1036,10.0,15480.0,20791.881818181817,181.5,scan:11457:NC-1+B,872200;872203;872204;872205;872208;872209;872210;872218;872219;872220;872223;872224;872225;872230;872233;872234;872235;872238;872239;872240;872245;872260;872263;872264;872265;872269;872274;872277;872278;872279;872282;872283;872288;872291;872292;872293;872296;872297;872302;872303;872304;872310;872311;872318;872331;872332;872339;872340;872341;872346;872347;872348;872349;872354;872355;872356;872357;872362;872363;872364;872365;872371;872372;872373;872385;872387;872392;872393;872394;872399;872400;872401;872406;872407;872408;872409;872410;872411;872416;872417;872418;872419;872420;872421;872426;872427;872428;872429;872430;872431;872442;872447;872448;872450;872451;872452;872453;872458;872459;872460;872461;872462;872463;872469;872470;872471;872472;872473;872474;872475,872198;872213;872228;872243;872258;872272;872286;872300;872307;872314;872321;872328;872336;872344;872352;872360;872368;872376;872383;872390;872397;872404;872414;872424;872434;872445;872456;872467,0.2577284528273923
12125,gdsc:1060:0.25uM,872202,11457,101,1060,0.25,19111.0,20791.881818181817,181.5,scan:11457:NC-1+B,872200;872203;872204;872205;872208;872209;872210;872218;872219;872220;872223;872224;872225;872230;872233;872234;872235;872238;872239;872240;872245;872260;872263;872264;872265;872269;872274;872277;872278;872279;872282;872283;872288;872291;872292;872293;872296;872297;872302;872303;872304;872310;872311;872318;872331;872332;872339;872340;872341;872346;872347;872348;872349;872354;872355;872356;872357;872362;872363;872364;872365;872371;872372;872373;872385;872387;872392;872393;872394;872399;872400;872401;872406;872407;872408;872409;872410;872411;872416;872417;872418;872419;872420;872421;872426;872427;872428;872429;872430;872431;872442;872447;872448;872450;872451;872452;872453;872458;872459;872460;872461;872462;872463;872469;872470;872471;872472;872473;872474;872475,872198;872213;872228;872243;872258;872272;872286;872300;872307;872314;872321;872328;872336;872344;872352;872360;872368;872376;872383;872390;872397;872404;872414;872424;872434;872445;872456;872467,0.08155510329745552
12149,gdsc:1032:2uM,873158,11463,124,1032,2.0,24368.0,48109.38181818182,257.0,scan:11463:NC-1+B,873151;873154;873155;873156;873159;873160;873161;873169;873170;873171;873174;873175;873176;873181;873184;873185;873186;873189;873190;873191;873196;873211;873214;873215;873216;873220;873225;873228;873229;873230;873233;873234;873239;873242;873243;873244;873247;873248;873253;873254;873255;873261;873262;873269;873282;873283;873290;873291;873292;873297;873298;873299;873300;873305;873306;873307;873308;873313;873314;873315;873316;873322;873323;873324;873336;873338;873343;873344;873345;873350;873351;873352;873357;873358;873359;873360;873361;873362;873367;873368;873369;873370;873371;873372;873377;873378;873379;873380;873381;873382;873393;873398;873399;873401;873402;873403;873404;873409;873410;873411;873412;873413;873414;873420;873421;873422;873423;873424;873425;873426,873149;873164;873179;873194;873209;873223;873237;873251;873258;873265;873272;873279;873287;873295;873303;873311;873319;873327;873334;873341;873348;873355;873365;873375;873385;873396;873407;873418,0.49613793328801725
12149,gdsc:1036:10uM,873157,11463,123,1036,10.0,25992.0,48109.38181818182,257.0,scan:11463:NC-1+B,873151;873154;873155;873156;873159;873160;873161;873169;873170;873171;873174;873175;873176;873181;873184;873185;873186;873189;873190;873191;873196;873211;873214;873215;873216;873220;873225;873228;873229;873230;873233;873234;873239;873242;873243;873244;873247;873248;873253;873254;873255;873261;873262;873269;873282;873283;873290;873291;873292;873297;873298;873299;873300;873305;873306;873307;873308;873313;873314;873315;873316;873322;873323;873324;873336;873338;873343;873344;873345;873350;873351;873352;873357;873358;873359;873360;873361;873362;873367;873368;873369;873370;873371;873372;873377;873378;873379;873380;873381;873382;873393;873398;873399;873401;873402;873403;873404;873409;873410;873411;873412;873413;873414;873420;873421;873422;873423;873424;873425;873426,873149;873164;873179;873194;873209;873223;873237;873251;873258;873265;873272;873279;873287;873295;873303;873311;873319;873327;873334;873341;873348;873355;873365;873375;873385;873396;873407;873418,0.4622002286577547
12149,gdsc:1060:0.25uM,873153,11463,101,1060,0.25,28860.0,48109.38181818182,257.0,scan:11463:NC-1+B,873151;873154;873155;873156;873159;873160;873161;873169;873170;873171;873174;873175;873176;873181;873184;873185;873186;873189;873190;873191;873196;873211;873214;873215;873216;873220;873225;873228;873229;873230;873233;873234;873239;873242;873243;873244;873247;873248;873253;873254;873255;873261;873262;873269;873282;873283;873290;873291;873292;873297;873298;873299;873300;873305;873306;873307;873308;873313;873314;873315;873316;873322;873323;873324;873336;873338;873343;873344;873345;873350;873351;873352;873357;873358;873359;873360;873361;873362;873367;873368;873369;873370;873371;873372;873377;873378;873379;873380;873381;873382;873393;873398;873399;873401;873402;873403;873404;873409;873410;873411;873412;873413;873414;873420;873421;873422;873423;873424;873425;873426,873149;873164;873179;873194;873209;873223;873237;873251;873258;873265;873272;873279;873287;873295;873303;873311;873319;873327;873334;873341;873348;873355;873365;873375;873385;873396;873407;873418,0.4022659079190891
