compound,action,cell_line,time,dose,in_episodes,design_planned,raw_cells,raw_plates,raw_wells,raw_replicates,raw_cells_rep1,raw_cells_rep2,same_plate_cells_at_dose,prep_row,prep_replicates,prep_n_cells_rep1,prep_n_cells_rep2,prep_plate_rep1,prep_well_rep1,prep_plate_rep2,prep_well_rep2,qc_rule_passed,control_wells_rep1,control_wells_rep2,protocol_lifecycle,protocol_readout,protocol_outcome,status,control_missing,physical_unit
A-366,A549|024h|00010nM,A549,24.0,10.0,True,True,266,plate12|plate36,plate6_B12|plate6_B6,rep1|rep2,101,165,11338,True,2,101,165,plate12,plate6_B12,plate36,plate6_B6,True,16,16,measured_valid,undetected,undetected,result_valid,False,1
A-366,A549|024h|00100nM,A549,24.0,100.0,True,True,241,plate12|plate35,plate5_B12|plate6_B6,rep1|rep2,90,151,11179,True,2,90,151,plate12,plate6_B6,plate35,plate5_B12,True,16,16,measured_valid,undetected,undetected,result_valid,False,1
A-366,A549|024h|01000nM,A549,24.0,1000.0,True,True,194,plate11|plate35,plate5_B12|plate5_B6,rep1|rep2,55,139,10404,True,2,55,139,plate11,plate5_B12,plate35,plate5_B6,True,16,16,measured_valid,undetected,undetected,result_valid,False,1
A-366,A549|024h|10000nM,A549,24.0,10000.0,True,True,281,plate11|plate36,plate5_B6|plate6_B12,rep1|rep2,99,182,9895,True,2,99,182,plate11,plate5_B6,plate36,plate6_B12,True,16,16,measured_valid,undetected,undetected,result_valid,False,1
A-366,K562|024h|00010nM,K562,24.0,10.0,True,True,295,plate28|plate4,plate6_B12|plate6_B6,rep1|rep2,145,150,11863,True,2,145,150,plate4,plate6_B12,plate28,plate6_B6,True,16,16,measured_valid,undetected,undetected,result_valid,False,1
A-366,K562|024h|00100nM,K562,24.0,100.0,True,True,233,plate27|plate4,plate5_B12|plate6_B6,rep1|rep2,143,90,10898,True,2,143,90,plate4,plate6_B6,plate27,plate5_B12,True,16,16,measured_valid,undetected,undetected,result_valid,False,1
A-366,K562|024h|01000nM,K562,24.0,1000.0,True,True,269,plate27|plate3,plate5_B12|plate5_B6,rep1|rep2,132,137,10473,True,2,132,137,plate3,plate5_B12,plate27,plate5_B6,True,16,16,measured_valid,undetected,undetected,result_valid,False,1
A-366,K562|024h|10000nM,K562,24.0,10000.0,True,True,260,plate28|plate3,plate5_B6|plate6_B12,rep1|rep2,138,122,8992,True,2,138,122,plate3,plate5_B6,plate28,plate6_B12,True,16,16,measured_valid,undetected,undetected,result_valid,False,1
A-366,MCF7|024h|00010nM,MCF7,24.0,10.0,True,True,527,plate20|plate44,plate6_B12|plate6_B6,rep1|rep2,232,295,26856,True,2,232,295,plate20,plate6_B12,plate44,plate6_B6,True,16,16,measured_valid,undetected,undetected,result_valid,False,1
A-366,MCF7|024h|00100nM,MCF7,24.0,100.0,True,True,425,plate20|plate43,plate5_B12|plate6_B6,rep1|rep2,214,211,24746,True,2,214,211,plate20,plate6_B6,plate43,plate5_B12,True,16,16,measured_valid,undetected,undetected,result_valid,False,1
A-366,MCF7|024h|01000nM,MCF7,24.0,1000.0,True,True,420,plate19|plate43,plate5_B12|plate5_B6,rep1|rep2,129,291,22654,True,2,129,291,plate19,plate5_B12,plate43,plate5_B6,True,16,16,measured_valid,undetected,undetected,result_valid,False,1
A-366,MCF7|024h|10000nM,MCF7,24.0,10000.0,True,True,453,plate19|plate44,plate5_B6|plate6_B12,rep1|rep2,176,277,20487,True,2,176,277,plate19,plate5_B6,plate44,plate6_B12,True,16,16,measured_valid,ambiguous,ambiguous,result_valid,False,1
AC480 (BMS-599626),A549|024h|00010nM,A549,24.0,10.0,True,True,233,plate16|plate40,plate10_E3|plate10_E9,rep1|rep2,99,134,11616,True,2,99,134,plate16,plate10_E9,plate40,plate10_E3,True,16,16,measured_valid,undetected,undetected,result_valid,False,1
AC480 (BMS-599626),A549|024h|00100nM,A549,24.0,100.0,True,True,193,plate16|plate39,plate10_E3|plate9_E9,rep1|rep2,81,112,10434,True,2,81,112,plate16,plate10_E3,plate39,plate9_E9,True,16,16,measured_valid,undetected,undetected,result_valid,False,1
AC480 (BMS-599626),A549|024h|01000nM,A549,24.0,1000.0,True,True,234,plate15|plate39,plate9_E3|plate9_E9,rep1|rep2,107,127,9830,True,2,107,127,plate15,plate9_E9,plate39,plate9_E3,True,16,16,measured_valid,ambiguous,ambiguous,result_valid,False,1
AC480 (BMS-599626),A549|024h|10000nM,A549,24.0,10000.0,True,True,237,plate15|plate40,plate10_E9|plate9_E3,rep1|rep2,97,140,9263,True,2,97,140,plate15,plate9_E3,plate40,plate10_E9,True,16,16,measured_valid,ambiguous,ambiguous,result_valid,False,1
AC480 (BMS-599626),K562|024h|00010nM,K562,24.0,10.0,True,True,236,plate32|plate8,plate10_E3|plate10_E9,rep1|rep2,117,119,10989,True,2,117,119,plate8,plate10_E9,plate32,plate10_E3,True,16,16,measured_valid,undetected,undetected,result_valid,False,1
AC480 (BMS-599626),K562|024h|00100nM,K562,24.0,100.0,True,True,241,plate31|plate8,plate10_E3|plate9_E9,rep1|rep2,121,120,10801,True,2,121,120,plate8,plate10_E3,plate31,plate9_E9,True,16,16,measured_valid,undetected,undetected,result_valid,False,1
AC480 (BMS-599626),K562|024h|01000nM,K562,24.0,1000.0,True,True,298,plate31|plate7,plate9_E3|plate9_E9,rep1|rep2,159,139,10759,True,2,159,139,plate7,plate9_E9,plate31,plate9_E3,True,16,16,measured_valid,undetected,undetected,result_valid,False,1
AC480 (BMS-599626),K562|024h|10000nM,K562,24.0,10000.0,True,True,188,plate32|plate7,plate10_E9|plate9_E3,rep1|rep2,116,72,8971,True,2,116,72,plate7,plate9_E3,plate32,plate10_E9,True,16,16,measured_valid,ambiguous,ambiguous,result_valid,False,1
AC480 (BMS-599626),MCF7|024h|00010nM,MCF7,24.0,10.0,True,True,481,plate24|plate48,plate10_E3|plate10_E9,rep1|rep2,217,264,22475,True,2,217,264,plate24,plate10_E9,plate48,plate10_E3,True,16,16,measured_valid,undetected,undetected,result_valid,False,1
AC480 (BMS-599626),MCF7|024h|00100nM,MCF7,24.0,100.0,True,True,574,plate24|plate47,plate10_E3|plate9_E9,rep1|rep2,248,326,23948,True,2,248,326,plate24,plate10_E3,plate47,plate9_E9,True,16,16,measured_valid,ambiguous,ambiguous,result_valid,False,1
AC480 (BMS-599626),MCF7|024h|01000nM,MCF7,24.0,1000.0,True,True,472,plate23|plate47,plate9_E3|plate9_E9,rep1|rep2,195,277,19841,True,2,195,277,plate23,plate9_E9,plate47,plate9_E3,True,16,16,measured_valid,eliminating,eliminate_b,result_valid,False,1
AC480 (BMS-599626),MCF7|024h|10000nM,MCF7,24.0,10000.0,True,True,371,plate23|plate48,plate10_E9|plate9_E3,rep1|rep2,98,273,16814,True,2,98,273,plate23,plate9_E3,plate48,plate10_E9,True,16,16,measured_valid,ambiguous,ambiguous,result_valid,False,1
AG-14361,A549|024h|00010nM,A549,24.0,10.0,True,True,264,plate12|plate36,plate6_E1|plate6_E7,rep1|rep2,102,162,11338,True,2,102,162,plate12,plate6_E7,plate36,plate6_E1,True,16,16,measured_valid,undetected,undetected,result_valid,False,1
AG-14361,A549|024h|00100nM,A549,24.0,100.0,True,True,254,plate12|plate35,plate5_E7|plate6_E1,rep1|rep2,106,148,11179,True,2,106,148,plate12,plate6_E1,plate35,plate5_E7,True,16,16,measured_valid,undetected,undetected,result_valid,False,1
AG-14361,A549|024h|01000nM,A549,24.0,1000.0,True,True,209,plate11|plate35,plate5_E1|plate5_E7,rep1|rep2,92,117,10404,True,2,92,117,plate11,plate5_E7,plate35,plate5_E1,True,16,16,measured_valid,undetected,undetected,result_valid,False,1
AG-14361,A549|024h|10000nM,A549,24.0,10000.0,True,True,233,plate11|plate36,plate5_E1|plate6_E7,rep1|rep2,89,144,9895,True,2,89,144,plate11,plate5_E1,plate36,plate6_E7,True,16,16,measured_valid,eliminating,eliminate_a,result_valid,False,1
AG-14361,K562|024h|00010nM,K562,24.0,10.0,True,True,243,plate28|plate4,plate6_E1|plate6_E7,rep1|rep2,126,117,11863,True,2,126,117,plate4,plate6_E7,plate28,plate6_E1,True,16,16,measured_valid,undetected,undetected,result_valid,False,1
AG-14361,K562|024h|00100nM,K562,24.0,100.0,True,True,236,plate27|plate4,plate5_E7|plate6_E1,rep1|rep2,130,106,10898,True,2,130,106,plate4,plate6_E1,plate27,plate5_E7,True,16,16,measured_valid,undetected,undetected,result_valid,False,1
AG-14361,K562|024h|01000nM,K562,24.0,1000.0,True,True,228,plate27|plate3,plate5_E1|plate5_E7,rep1|rep2,109,119,10473,True,2,109,119,plate3,plate5_E7,plate27,plate5_E1,True,16,16,measured_valid,undetected,undetected,result_valid,False,1
AG-14361,K562|024h|10000nM,K562,24.0,10000.0,True,True,220,plate28|plate3,plate5_E1|plate6_E7,rep1|rep2,110,110,8992,True,2,110,110,plate3,plate5_E1,plate28,plate6_E7,True,16,16,measured_valid,undetected,undetected,result_valid,False,1
AG-14361,MCF7|024h|00010nM,MCF7,24.0,10.0,True,True,543,plate20|plate44,plate6_E1|plate6_E7,rep1|rep2,217,326,26856,True,2,217,326,plate20,plate6_E7,plate44,plate6_E1,True,16,16,measured_valid,undetected,undetected,result_valid,False,1
AG-14361,MCF7|024h|00100nM,MCF7,24.0,100.0,True,True,610,plate20|plate43,plate5_E7|plate6_E1,rep1|rep2,286,324,24746,True,2,286,324,plate20,plate6_E1,plate43,plate5_E7,True,16,16,measured_valid,undetected,undetected,result_valid,False,1
AG-14361,MCF7|024h|01000nM,MCF7,24.0,1000.0,True,True,523,plate19|plate43,plate5_E1|plate5_E7,rep1|rep2,217,306,22654,True,2,217,306,plate19,plate5_E7,plate43,plate5_E1,True,16,16,measured_valid,undetected,undetected,result_valid,False,1
AG-14361,MCF7|024h|10000nM,MCF7,24.0,10000.0,True,True,493,plate19|plate44,plate5_E1|plate6_E7,rep1|rep2,166,327,20487,True,2,166,327,plate19,plate5_E1,plate44,plate6_E7,True,16,16,measured_valid,eliminating,eliminate_b,result_valid,False,1
AG-490 (Tyrphostin B42),A549|024h|00010nM,A549,24.0,10.0,True,True,207,plate14|plate38,plate8_H3|plate8_H9,rep1|rep2,85,122,10740,True,2,85,122,plate14,plate8_H9,plate38,plate8_H3,True,16,16,measured_valid,undetected,undetected,result_valid,False,1
AG-490 (Tyrphostin B42),A549|024h|00100nM,A549,24.0,100.0,True,True,255,plate14|plate37,plate7_H9|plate8_H3,rep1|rep2,111,144,10668,True,2,111,144,plate14,plate8_H3,plate37,plate7_H9,True,16,16,measured_valid,undetected,undetected,result_valid,False,1
AG-490 (Tyrphostin B42),A549|024h|01000nM,A549,24.0,1000.0,True,True,205,plate13|plate37,plate7_H3|plate7_H9,rep1|rep2,110,95,10047,True,2,110,95,plate13,plate7_H9,plate37,plate7_H3,True,16,16,measured_valid,undetected,undetected,result_valid,False,1
AG-490 (Tyrphostin B42),A549|024h|10000nM,A549,24.0,10000.0,True,True,212,plate13|plate38,plate7_H3|plate8_H9,rep1|rep2,92,120,9275,True,2,92,120,plate13,plate7_H3,plate38,plate8_H9,True,16,16,measured_valid,undetected,undetected,result_valid,False,1
AG-490 (Tyrphostin B42),K562|024h|00010nM,K562,24.0,10.0,True,True,283,plate30|plate6,plate8_H3|plate8_H9,rep1|rep2,160,123,12122,True,2,160,123,plate6,plate8_H9,plate30,plate8_H3,True,16,16,measured_valid,undetected,undetected,result_valid,False,1
AG-490 (Tyrphostin B42),K562|024h|00100nM,K562,24.0,100.0,True,True,263,plate29|plate6,plate7_H9|plate8_H3,rep1|rep2,135,128,11851,True,2,135,128,plate6,plate8_H3,plate29,plate7_H9,True,16,16,measured_valid,undetected,undetected,result_valid,False,1
AG-490 (Tyrphostin B42),K562|024h|01000nM,K562,24.0,1000.0,True,True,308,plate29|plate5,plate7_H3|plate7_H9,rep1|rep2,196,112,11697,True,2,196,112,plate5,plate7_H9,plate29,plate7_H3,True,16,16,measured_valid,undetected,undetected,result_valid,False,1
AG-490 (Tyrphostin B42),K562|024h|10000nM,K562,24.0,10000.0,True,True,254,plate30|plate5,plate7_H3|plate8_H9,rep1|rep2,145,109,10666,True,2,145,109,plate5,plate7_H3,plate30,plate8_H9,True,16,16,measured_valid,ambiguous,ambiguous,result_valid,False,1
AG-490 (Tyrphostin B42),MCF7|024h|00010nM,MCF7,24.0,10.0,True,True,465,plate22|plate46,plate8_H3|plate8_H9,rep1|rep2,195,270,20196,True,2,195,270,plate22,plate8_H9,plate46,plate8_H3,True,16,16,measured_valid,undetected,undetected,result_valid,False,1
AG-490 (Tyrphostin B42),MCF7|024h|00100nM,MCF7,24.0,100.0,True,True,527,plate22|plate45,plate7_H9|plate8_H3,rep1|rep2,299,228,18858,True,2,299,228,plate22,plate8_H3,plate45,plate7_H9,True,16,16,measured_valid,undetected,undetected,result_valid,False,1
AG-490 (Tyrphostin B42),MCF7|024h|01000nM,MCF7,24.0,1000.0,True,True,433,plate21|plate45,plate7_H3|plate7_H9,rep1|rep2,211,222,16112,True,2,211,222,plate21,plate7_H9,plate45,plate7_H3,True,16,16,measured_valid,undetected,undetected,result_valid,False,1
AG-490 (Tyrphostin B42),MCF7|024h|10000nM,MCF7,24.0,10000.0,True,True,512,plate21|plate46,plate7_H3|plate8_H9,rep1|rep2,220,292,17665,True,2,220,292,plate21,plate7_H3,plate46,plate8_H9,True,16,16,measured_valid,undetected,undetected,result_valid,False,1
AMG-900,A549|024h|00010nM,A549,24.0,10.0,True,True,169,plate12|plate36,plate6_B3|plate6_B9,rep1|rep2,64,105,11338,True,2,64,105,plate12,plate6_B9,plate36,plate6_B3,True,16,16,measured_valid,eliminating,eliminate_b,result_valid,False,1
AMG-900,A549|024h|00100nM,A549,24.0,100.0,True,True,161,plate12|plate35,plate5_B9|plate6_B3,rep1|rep2,67,94,11179,True,2,67,94,plate12,plate6_B3,plate35,plate5_B9,True,16,16,measured_valid,eliminating,eliminate_b,result_valid,False,1
AMG-900,A549|024h|01000nM,A549,24.0,1000.0,True,True,149,plate11|plate35,plate5_B3|plate5_B9,rep1|rep2,77,72,10404,True,2,77,72,plate11,plate5_B9,plate35,plate5_B3,True,16,16,measured_valid,eliminating,eliminate_b,result_valid,False,1
AMG-900,A549|024h|10000nM,A549,24.0,10000.0,True,True,180,plate11|plate36,plate5_B3|plate6_B9,rep1|rep2,71,109,9895,True,2,71,109,plate11,plate5_B3,plate36,plate6_B9,True,16,16,measured_valid,eliminating,eliminate_b,result_valid,False,1
AMG-900,K562|024h|00010nM,K562,24.0,10.0,True,True,202,plate28|plate4,plate6_B3|plate6_B9,rep1|rep2,115,87,11863,True,2,115,87,plate4,plate6_B9,plate28,plate6_B3,True,16,16,measured_valid,eliminating,eliminate_b,result_valid,False,1
AMG-900,K562|024h|00100nM,K562,24.0,100.0,True,True,209,plate27|plate4,plate5_B9|plate6_B3,rep1|rep2,107,102,10898,True,2,107,102,plate4,plate6_B3,plate27,plate5_B9,True,16,16,measured_valid,eliminating,eliminate_b,result_valid,False,1
AMG-900,K562|024h|01000nM,K562,24.0,1000.0,True,True,223,plate27|plate3,plate5_B3|plate5_B9,rep1|rep2,131,92,10473,True,2,131,92,plate3,plate5_B9,plate27,plate5_B3,True,16,16,measured_valid,eliminating,eliminate_b,result_valid,False,1
AMG-900,K562|024h|10000nM,K562,24.0,10000.0,True,True,213,plate28|plate3,plate5_B3|plate6_B9,rep1|rep2,115,98,8992,True,2,115,98,plate3,plate5_B3,plate28,plate6_B9,True,16,16,measured_valid,eliminating,eliminate_b,result_valid,False,1
AMG-900,MCF7|024h|00010nM,MCF7,24.0,10.0,True,True,425,plate20|plate44,plate6_B3|plate6_B9,rep1|rep2,196,229,26856,True,2,196,229,plate20,plate6_B9,plate44,plate6_B3,True,16,16,measured_valid,eliminating,eliminate_b,result_valid,False,1
AMG-900,MCF7|024h|00100nM,MCF7,24.0,100.0,True,True,419,plate20|plate43,plate5_B9|plate6_B3,rep1|rep2,198,221,24746,True,2,198,221,plate20,plate6_B3,plate43,plate5_B9,True,16,16,measured_valid,eliminating,eliminate_b,result_valid,False,1
AMG-900,MCF7|024h|01000nM,MCF7,24.0,1000.0,True,True,358,plate19|plate43,plate5_B3|plate5_B9,rep1|rep2,129,229,22654,True,2,129,229,plate19,plate5_B9,plate43,plate5_B3,True,16,16,measured_valid,eliminating,eliminate_b,result_valid,False,1
AMG-900,MCF7|024h|10000nM,MCF7,24.0,10000.0,True,True,412,plate19|plate44,plate5_B3|plate6_B9,rep1|rep2,143,269,20487,True,2,143,269,plate19,plate5_B3,plate44,plate6_B9,True,16,16,measured_valid,ambiguous,ambiguous,result_valid,False,1
AR-42,A549|024h|00010nM,A549,24.0,10.0,True,True,213,plate12|plate36,plate6_B2|plate6_B8,rep1|rep2,107,106,11338,True,2,107,106,plate12,plate6_B8,plate36,plate6_B2,True,16,16,measured_valid,eliminating,eliminate_b,result_valid,False,1
AR-42,A549|024h|00100nM,A549,24.0,100.0,True,True,228,plate12|plate35,plate5_B8|plate6_B2,rep1|rep2,104,124,11179,True,2,104,124,plate12,plate6_B2,plate35,plate5_B8,True,16,16,measured_valid,eliminating,eliminate_b,result_valid,False,1
AR-42,A549|024h|01000nM,A549,24.0,1000.0,True,True,168,plate11|plate35,plate5_B2|plate5_B8,rep1|rep2,66,102,10404,True,2,66,102,plate11,plate5_B8,plate35,plate5_B2,True,16,16,measured_valid,eliminating,eliminate_b,result_valid,False,1
AR-42,A549|024h|10000nM,A549,24.0,10000.0,True,True,122,plate11|plate36,plate5_B2|plate6_B8,rep1|rep2,49,73,9895,True,2,49,73,plate11,plate5_B2,plate36,plate6_B8,True,16,16,measured_valid,eliminating,eliminate_b,result_valid,False,1
AR-42,K562|024h|00010nM,K562,24.0,10.0,True,True,256,plate28|plate4,plate6_B2|plate6_B8,rep1|rep2,123,133,11863,True,2,123,133,plate4,plate6_B8,plate28,plate6_B2,True,16,16,measured_valid,eliminating,eliminate_b,result_valid,False,1
AR-42,K562|024h|00100nM,K562,24.0,100.0,True,True,192,plate27|plate4,plate5_B8|plate6_B2,rep1|rep2,97,95,10898,True,2,97,95,plate4,plate6_B2,plate27,plate5_B8,True,16,16,measured_valid,eliminating,eliminate_b,result_valid,False,1
AR-42,K562|024h|01000nM,K562,24.0,1000.0,True,True,137,plate27|plate3,plate5_B2|plate5_B8,rep1|rep2,69,68,10473,True,2,69,68,plate3,plate5_B8,plate27,plate5_B2,True,16,16,measured_valid,eliminating,eliminate_b,result_valid,False,1
AR-42,K562|024h|10000nM,K562,24.0,10000.0,True,True,104,plate28|plate3,plate5_B2|plate6_B8,rep1|rep2,59,45,8992,True,2,59,45,plate3,plate5_B2,plate28,plate6_B8,True,16,16,measured_valid,eliminating,eliminate_b,result_valid,False,1
AR-42,MCF7|024h|00010nM,MCF7,24.0,10.0,True,True,506,plate20|plate44,plate6_B2|plate6_B8,rep1|rep2,240,266,26856,True,2,240,266,plate20,plate6_B8,plate44,plate6_B2,True,16,16,measured_valid,eliminating,eliminate_b,result_valid,False,1
AR-42,MCF7|024h|00100nM,MCF7,24.0,100.0,True,True,496,plate20|plate43,plate5_B8|plate6_B2,rep1|rep2,194,302,24746,True,2,194,302,plate20,plate6_B2,plate43,plate5_B8,True,16,16,measured_valid,eliminating,eliminate_b,result_valid,False,1
AR-42,MCF7|024h|01000nM,MCF7,24.0,1000.0,True,True,450,plate19|plate43,plate5_B2|plate5_B8,rep1|rep2,145,305,22654,True,2,145,305,plate19,plate5_B8,plate43,plate5_B2,True,16,16,measured_valid,eliminating,eliminate_b,result_valid,False,1
AR-42,MCF7|024h|10000nM,MCF7,24.0,10000.0,True,True,457,plate19|plate44,plate5_B2|plate6_B8,rep1|rep2,159,298,20487,True,2,159,298,plate19,plate5_B2,plate44,plate6_B8,True,16,16,measured_valid,eliminating,eliminate_b,result_valid,False,1
AT9283,A549|024h|00010nM,A549,24.0,10.0,True,True,113,plate10|plate34,plate4_F3|plate4_F9,rep1|rep2,33,80,9045,True,2,33,80,plate10,plate4_F9,plate34,plate4_F3,True,16,16,measured_valid,eliminating,eliminate_b,result_valid,False,1
AT9283,A549|024h|00100nM,A549,24.0,100.0,True,True,105,plate10|plate33,plate3_F9|plate4_F3,rep1|rep2,38,67,8564,True,2,38,67,plate10,plate4_F3,plate33,plate3_F9,True,16,16,measured_valid,eliminating,eliminate_b,result_valid,False,1
AT9283,A549|024h|01000nM,A549,24.0,1000.0,True,True,149,plate33|plate9,plate3_F3|plate3_G9,rep1|rep2,63,86,8686,True,2,63,86,plate9,plate3_G9,plate33,plate3_F3,True,16,16,measured_valid,undetected,undetected,result_valid,False,1
AT9283,A549|024h|10000nM,A549,24.0,10000.0,True,True,107,plate34|plate9,plate3_G3|plate4_F9,rep1|rep2,43,64,7414,True,2,43,64,plate9,plate3_G3,plate34,plate4_F9,True,16,16,measured_valid,undetected,undetected,result_valid,False,1
AT9283,K562|024h|00010nM,K562,24.0,10.0,True,True,215,plate2|plate26,plate4_F3|plate4_F9,rep1|rep2,130,85,11078,True,2,130,85,plate2,plate4_F9,plate26,plate4_F3,True,16,16,measured_valid,eliminating,eliminate_b,result_valid,False,1
AT9283,K562|024h|00100nM,K562,24.0,100.0,True,True,184,plate2|plate25,plate3_F9|plate4_F3,rep1|rep2,105,79,10232,True,2,105,79,plate2,plate4_F3,plate25,plate3_F9,True,16,16,measured_valid,eliminating,eliminate_b,result_valid,False,1
AT9283,K562|024h|01000nM,K562,24.0,1000.0,True,True,160,plate1|plate25,plate3_F3|plate3_F9,rep1|rep2,80,80,9884,True,2,80,80,plate1,plate3_F9,plate25,plate3_F3,True,16,16,measured_valid,eliminating,eliminate_b,result_valid,False,1
AT9283,K562|024h|10000nM,K562,24.0,10000.0,True,True,87,plate1|plate26,plate3_F3|plate4_F9,rep1|rep2,45,42,8441,True,2,45,42,plate1,plate3_F3,plate26,plate4_F9,True,16,16,measured_valid,ambiguous,ambiguous,result_valid,False,1
AT9283,MCF7|024h|00010nM,MCF7,24.0,10.0,True,True,404,plate18|plate42,plate4_F3|plate4_F9,rep1|rep2,224,180,22013,True,2,224,180,plate18,plate4_F9,plate42,plate4_F3,True,16,16,measured_valid,eliminating,eliminate_b,result_valid,False,1
AT9283,MCF7|024h|00100nM,MCF7,24.0,100.0,True,True,286,plate18|plate41,plate3_F9|plate4_F3,rep1|rep2,180,106,19868,True,2,180,106,plate18,plate4_F3,plate41,plate3_F9,True,16,16,measured_valid,eliminating,eliminate_b,result_valid,False,1
AT9283,MCF7|024h|01000nM,MCF7,24.0,1000.0,True,True,311,plate17|plate41,plate3_F3|plate3_F9,rep1|rep2,190,121,22621,True,2,190,121,plate17,plate3_F9,plate41,plate3_F3,True,16,16,measured_valid,eliminating,eliminate_b,result_valid,False,1
AT9283,MCF7|024h|10000nM,MCF7,24.0,10000.0,True,True,363,plate17|plate42,plate3_F3|plate4_F9,rep1|rep2,181,182,21922,True,2,181,182,plate17,plate3_F3,plate42,plate4_F9,True,16,16,measured_valid,ambiguous,ambiguous,result_valid,False,1
AZ 960,A549|024h|00010nM,A549,24.0,10.0,True,True,183,plate12|plate36,plate6_H1|plate6_H7,rep1|rep2,85,98,11338,True,2,85,98,plate12,plate6_H7,plate36,plate6_H1,True,16,16,measured_valid,undetected,undetected,result_valid,False,1
AZ 960,A549|024h|00100nM,A549,24.0,100.0,True,True,246,plate12|plate35,plate5_H7|plate6_H1,rep1|rep2,98,148,11179,True,2,98,148,plate12,plate6_H1,plate35,plate5_H7,True,16,16,measured_valid,undetected,undetected,result_valid,False,1
AZ 960,A549|024h|01000nM,A549,24.0,1000.0,True,True,209,plate11|plate35,plate5_H1|plate5_H7,rep1|rep2,100,109,10404,True,2,100,109,plate11,plate5_H7,plate35,plate5_H1,True,16,16,measured_valid,eliminating,eliminate_b,result_valid,False,1
AZ 960,A549|024h|10000nM,A549,24.0,10000.0,True,True,131,plate11|plate36,plate5_H1|plate6_H7,rep1|rep2,45,86,9895,True,2,45,86,plate11,plate5_H1,plate36,plate6_H7,True,16,16,measured_valid,ambiguous,ambiguous,result_valid,False,1
AZ 960,K562|024h|00010nM,K562,24.0,10.0,True,True,249,plate28|plate4,plate6_H1|plate6_H7,rep1|rep2,149,100,11863,True,2,149,100,plate4,plate6_H7,plate28,plate6_H1,True,16,16,measured_valid,undetected,undetected,result_valid,False,1
AZ 960,K562|024h|00100nM,K562,24.0,100.0,True,True,241,plate27|plate4,plate5_H7|plate6_H1,rep1|rep2,140,101,10898,True,2,140,101,plate4,plate6_H1,plate27,plate5_H7,True,16,16,measured_valid,undetected,undetected,result_valid,False,1
AZ 960,K562|024h|01000nM,K562,24.0,1000.0,True,True,180,plate27|plate3,plate5_H1|plate5_H7,rep1|rep2,91,89,10473,True,2,91,89,plate3,plate5_H7,plate27,plate5_H1,True,16,16,measured_valid,eliminating,eliminate_a,result_valid,False,1
AZ 960,K562|024h|10000nM,K562,24.0,10000.0,True,True,154,plate28|plate3,plate5_H1|plate6_H7,rep1|rep2,84,70,8992,True,2,84,70,plate3,plate5_H1,plate28,plate6_H7,True,16,16,measured_valid,eliminating,eliminate_a,result_valid,False,1
AZ 960,MCF7|024h|00010nM,MCF7,24.0,10.0,True,True,641,plate20|plate44,plate6_H1|plate6_H7,rep1|rep2,287,354,26856,True,2,287,354,plate20,plate6_H7,plate44,plate6_H1,True,16,16,measured_valid,ambiguous,ambiguous,result_valid,False,1
AZ 960,MCF7|024h|00100nM,MCF7,24.0,100.0,True,True,545,plate20|plate43,plate5_H7|plate6_H1,rep1|rep2,253,292,24746,True,2,253,292,plate20,plate6_H1,plate43,plate5_H7,True,16,16,measured_valid,eliminating,eliminate_a,result_valid,False,1
AZ 960,MCF7|024h|01000nM,MCF7,24.0,1000.0,True,True,401,plate19|plate43,plate5_H1|plate5_H7,rep1|rep2,202,199,22654,True,2,202,199,plate19,plate5_H7,plate43,plate5_H1,True,16,16,measured_valid,ambiguous,ambiguous,result_valid,False,1
AZ 960,MCF7|024h|10000nM,MCF7,24.0,10000.0,True,True,279,plate19|plate44,plate5_H1|plate6_H7,rep1|rep2,76,203,20487,True,2,76,203,plate19,plate5_H1,plate44,plate6_H7,True,16,16,measured_valid,ambiguous,ambiguous,result_valid,False,1
AZD1480,A549|024h|00010nM,A549,24.0,10.0,True,True,221,plate12|plate36,plate6_C1|plate6_C7,rep1|rep2,80,141,11338,True,2,80,141,plate12,plate6_C7,plate36,plate6_C1,True,16,16,measured_valid,undetected,undetected,result_valid,False,1
AZD1480,A549|024h|00100nM,A549,24.0,100.0,True,True,214,plate12|plate35,plate5_C7|plate6_C1,rep1|rep2,88,126,11179,True,2,88,126,plate12,plate6_C1,plate35,plate5_C7,True,16,16,measured_valid,undetected,undetected,result_valid,False,1
AZD1480,A549|024h|01000nM,A549,24.0,1000.0,True,True,168,plate11|plate35,plate5_C1|plate5_C7,rep1|rep2,93,75,10404,True,2,93,75,plate11,plate5_C7,plate35,plate5_C1,True,16,16,measured_valid,ambiguous,ambiguous,result_valid,False,1
AZD1480,A549|024h|10000nM,A549,24.0,10000.0,True,True,155,plate11|plate36,plate5_C1|plate6_C7,rep1|rep2,55,100,9895,True,2,55,100,plate11,plate5_C1,plate36,plate6_C7,True,16,16,measured_valid,eliminating,eliminate_a,result_valid,False,1
AZD1480,K562|024h|00010nM,K562,24.0,10.0,True,True,273,plate28|plate4,plate6_C1|plate6_C7,rep1|rep2,134,139,11863,True,2,134,139,plate4,plate6_C7,plate28,plate6_C1,True,16,16,measured_valid,undetected,undetected,result_valid,False,1
AZD1480,K562|024h|00100nM,K562,24.0,100.0,True,True,239,plate27|plate4,plate5_C7|plate6_C1,rep1|rep2,112,127,10898,True,2,112,127,plate4,plate6_C1,plate27,plate5_C7,True,16,16,measured_valid,undetected,undetected,result_valid,False,1
AZD1480,K562|024h|01000nM,K562,24.0,1000.0,True,True,209,plate27|plate3,plate5_C1|plate5_C7,rep1|rep2,115,94,10473,True,2,115,94,plate3,plate5_C7,plate27,plate5_C1,True,16,16,measured_valid,undetected,undetected,result_valid,False,1
AZD1480,K562|024h|10000nM,K562,24.0,10000.0,True,True,113,plate28|plate3,plate5_C1|plate6_C7,rep1|rep2,58,55,8992,True,2,58,55,plate3,plate5_C1,plate28,plate6_C7,True,16,16,measured_valid,ambiguous,ambiguous,result_valid,False,1
AZD1480,MCF7|024h|00010nM,MCF7,24.0,10.0,True,True,529,plate20|plate44,plate6_C1|plate6_C7,rep1|rep2,270,259,26856,True,2,270,259,plate20,plate6_C7,plate44,plate6_C1,True,16,16,measured_valid,undetected,undetected,result_valid,False,1
AZD1480,MCF7|024h|00100nM,MCF7,24.0,100.0,True,True,516,plate20|plate43,plate5_C7|plate6_C1,rep1|rep2,222,294,24746,True,2,222,294,plate20,plate6_C1,plate43,plate5_C7,True,16,16,measured_valid,undetected,undetected,result_valid,False,1
AZD1480,MCF7|024h|01000nM,MCF7,24.0,1000.0,True,True,362,plate19|plate43,plate5_C1|plate5_C7,rep1|rep2,156,206,22654,True,2,156,206,plate19,plate5_C7,plate43,plate5_C1,True,16,16,measured_valid,eliminating,eliminate_a,result_valid,False,1
AZD1480,MCF7|024h|10000nM,MCF7,24.0,10000.0,True,True,252,plate19|plate44,plate5_C1|plate6_C7,rep1|rep2,89,163,20487,True,2,89,163,plate19,plate5_C1,plate44,plate6_C7,True,16,16,measured_valid,eliminating,eliminate_a,result_valid,False,1
Abexinostat (PCI-24781),A549|024h|00010nM,A549,24.0,10.0,True,True,208,plate10|plate34,plate4_C2|plate4_C8,rep1|rep2,81,127,9045,True,2,81,127,plate10,plate4_C8,plate34,plate4_C2,True,16,16,measured_valid,eliminating,eliminate_a,result_valid,False,1
Abexinostat (PCI-24781),A549|024h|00100nM,A549,24.0,100.0,True,True,209,plate10|plate33,plate3_C8|plate4_C2,rep1|rep2,82,127,8564,True,2,82,127,plate10,plate4_C2,plate33,plate3_C8,True,16,16,measured_valid,eliminating,eliminate_a,result_valid,False,1
Abexinostat (PCI-24781),A549|024h|01000nM,A549,24.0,1000.0,True,True,198,plate33|plate9,plate3_C2|plate3_C8,rep1|rep2,74,124,8686,True,2,74,124,plate9,plate3_C8,plate33,plate3_C2,True,16,16,measured_valid,eliminating,eliminate_a,result_valid,False,1
Abexinostat (PCI-24781),A549|024h|10000nM,A549,24.0,10000.0,True,True,157,plate34|plate9,plate3_C2|plate4_C8,rep1|rep2,52,105,7414,True,2,52,105,plate9,plate3_C2,plate34,plate4_C8,True,16,16,measured_valid,eliminating,eliminate_a,result_valid,False,1
Abexinostat (PCI-24781),K562|024h|00010nM,K562,24.0,10.0,True,True,223,plate2|plate26,plate4_C2|plate4_C8,rep1|rep2,121,102,11078,True,2,121,102,plate2,plate4_C8,plate26,plate4_C2,True,16,16,measured_valid,eliminating,eliminate_a,result_valid,False,1
Abexinostat (PCI-24781),K562|024h|00100nM,K562,24.0,100.0,True,True,198,plate2|plate25,plate3_C8|plate4_C2,rep1|rep2,121,77,10232,True,2,121,77,plate2,plate4_C2,plate25,plate3_C8,True,16,16,measured_valid,eliminating,eliminate_a,result_valid,False,1
Abexinostat (PCI-24781),K562|024h|01000nM,K562,24.0,1000.0,True,True,126,plate1|plate25,plate3_C2|plate3_C8,rep1|rep2,64,62,9884,True,2,64,62,plate1,plate3_C8,plate25,plate3_C2,True,16,16,measured_valid,eliminating,eliminate_a,result_valid,False,1
Abexinostat (PCI-24781),K562|024h|10000nM,K562,24.0,10000.0,True,True,96,plate1|plate26,plate3_C2|plate4_C8,rep1|rep2,52,44,8441,True,2,52,44,plate1,plate3_C2,plate26,plate4_C8,True,16,16,measured_valid,eliminating,eliminate_a,result_valid,False,1
Abexinostat (PCI-24781),MCF7|024h|00010nM,MCF7,24.0,10.0,True,True,486,plate18|plate42,plate4_C2|plate4_C8,rep1|rep2,207,279,22013,True,2,207,279,plate18,plate4_C8,plate42,plate4_C2,True,16,16,measured_valid,eliminating,eliminate_a,result_valid,False,1
Abexinostat (PCI-24781),MCF7|024h|00100nM,MCF7,24.0,100.0,True,True,456,plate18|plate41,plate3_C8|plate4_C2,rep1|rep2,237,219,19868,True,2,237,219,plate18,plate4_C2,plate41,plate3_C8,True,16,16,measured_valid,eliminating,eliminate_a,result_valid,False,1
Abexinostat (PCI-24781),MCF7|024h|01000nM,MCF7,24.0,1000.0,True,True,450,plate17|plate41,plate3_C2|plate3_C8,rep1|rep2,249,201,22621,True,2,249,201,plate17,plate3_C8,plate41,plate3_C2,True,16,16,measured_valid,eliminating,eliminate_a,result_valid,False,1
Abexinostat (PCI-24781),MCF7|024h|10000nM,MCF7,24.0,10000.0,True,True,536,plate17|plate42,plate3_C2|plate4_C8,rep1|rep2,304,232,21922,True,2,304,232,plate17,plate3_C2,plate42,plate4_C8,True,16,16,measured_valid,eliminating,eliminate_a,result_valid,False,1
Alisertib (MLN8237),A549|024h|00010nM,A549,24.0,10.0,True,True,166,plate10|plate34,plate4_E3|plate4_E9,rep1|rep2,45,121,9045,True,2,45,121,plate10,plate4_E9,plate34,plate4_E3,True,16,16,measured_valid,eliminating,eliminate_a,result_valid,False,1
Alisertib (MLN8237),A549|024h|00100nM,A549,24.0,100.0,True,True,120,plate10|plate33,plate3_E9|plate4_E3,rep1|rep2,41,79,8564,True,2,41,79,plate10,plate4_E3,plate33,plate3_E9,True,16,16,measured_valid,eliminating,eliminate_a,result_valid,False,1
Alisertib (MLN8237),A549|024h|01000nM,A549,24.0,1000.0,True,True,126,plate33|plate9,plate3_E3|plate3_E9,rep1|rep2,32,94,8686,True,2,32,94,plate9,plate3_E9,plate33,plate3_E3,True,16,16,measured_valid,eliminating,eliminate_a,result_valid,False,1
Alisertib (MLN8237),A549|024h|10000nM,A549,24.0,10000.0,True,True,85,plate34|plate9,plate3_E3|plate4_E9,rep1|rep2,13,72,7414,True,1,0,72,nan,nan,plate34,plate4_E9,False,16,16,measured_qc_failed,,quality_failed,qc_failed_protocol_label,False,1
Alisertib (MLN8237),K562|024h|00010nM,K562,24.0,10.0,True,True,125,plate2|plate26,plate4_E3|plate4_E9,rep1|rep2,71,54,11078,True,2,71,54,plate2,plate4_E9,plate26,plate4_E3,True,16,16,measured_valid,eliminating,eliminate_a,result_valid,False,1
Alisertib (MLN8237),K562|024h|00100nM,K562,24.0,100.0,True,True,184,plate2|plate25,plate3_E9|plate4_E3,rep1|rep2,99,85,10232,True,2,99,85,plate2,plate4_E3,plate25,plate3_E9,True,16,16,measured_valid,eliminating,eliminate_a,result_valid,False,1
Alisertib (MLN8237),K562|024h|01000nM,K562,24.0,1000.0,True,True,204,plate1|plate25,plate3_E3|plate3_E9,rep1|rep2,109,95,9884,True,2,109,95,plate1,plate3_E9,plate25,plate3_E3,True,16,16,measured_valid,eliminating,eliminate_a,result_valid,False,1
Alisertib (MLN8237),K562|024h|10000nM,K562,24.0,10000.0,True,True,125,plate1|plate26,plate3_E3|plate4_E9,rep1|rep2,61,64,8441,True,2,61,64,plate1,plate3_E3,plate26,plate4_E9,True,16,16,measured_valid,eliminating,eliminate_a,result_valid,False,1
Alisertib (MLN8237),MCF7|024h|00010nM,MCF7,24.0,10.0,True,True,443,plate18|plate42,plate4_E3|plate4_E9,rep1|rep2,194,249,22013,True,2,194,249,plate18,plate4_E9,plate42,plate4_E3,True,16,16,measured_valid,eliminating,eliminate_a,result_valid,False,1
Alisertib (MLN8237),MCF7|024h|00100nM,MCF7,24.0,100.0,True,True,309,plate18|plate41,plate3_E9|plate4_E3,rep1|rep2,152,157,19868,True,2,152,157,plate18,plate4_E3,plate41,plate3_E9,True,16,16,measured_valid,eliminating,eliminate_a,result_valid,False,1
Alisertib (MLN8237),MCF7|024h|01000nM,MCF7,24.0,1000.0,True,True,388,plate17|plate41,plate3_E3|plate3_E9,rep1|rep2,193,195,22621,True,2,193,195,plate17,plate3_E9,plate41,plate3_E3,True,16,16,measured_valid,eliminating,eliminate_a,result_valid,False,1
Alisertib (MLN8237),MCF7|024h|10000nM,MCF7,24.0,10000.0,True,True,273,plate17|plate42,plate3_E3|plate4_E9,rep1|rep2,119,154,21922,True,2,119,154,plate17,plate3_E3,plate42,plate4_E9,True,16,16,measured_valid,eliminating,eliminate_a,result_valid,False,1
Aurora A Inhibitor I,A549|024h|00010nM,A549,24.0,10.0,True,True,238,plate10|plate34,plate4_G11|plate4_G5,rep1|rep2,84,154,9045,True,2,84,154,plate10,plate4_G11,plate34,plate4_G5,True,16,16,measured_valid,undetected,undetected,result_valid,False,1
Aurora A Inhibitor I,A549|024h|00100nM,A549,24.0,100.0,True,True,166,plate10|plate33,plate3_G11|plate4_G5,rep1|rep2,48,118,8564,True,2,48,118,plate10,plate4_G5,plate33,plate3_G11,True,16,16,measured_valid,undetected,undetected,result_valid,False,1
Aurora A Inhibitor I,A549|024h|01000nM,A549,24.0,1000.0,True,True,214,plate33|plate9,plate3_F11|plate3_G5,rep1|rep2,56,158,8686,True,2,56,158,plate9,plate3_F11,plate33,plate3_G5,True,16,16,measured_valid,undetected,undetected,result_valid,False,1
Aurora A Inhibitor I,A549|024h|10000nM,A549,24.0,10000.0,True,True,147,plate34|plate9,plate3_F5|plate4_G11,rep1|rep2,52,95,7414,True,2,52,95,plate9,plate3_F5,plate34,plate4_G11,True,16,16,measured_valid,eliminating,eliminate_a,result_valid,False,1
Aurora A Inhibitor I,K562|024h|00010nM,K562,24.0,10.0,True,True,259,plate2|plate26,plate4_G11|plate4_G5,rep1|rep2,158,101,11078,True,2,158,101,plate2,plate4_G11,plate26,plate4_G5,True,16,16,measured_valid,undetected,undetected,result_valid,False,1
Aurora A Inhibitor I,K562|024h|00100nM,K562,24.0,100.0,True,True,259,plate2|plate25,plate3_G11|plate4_G5,rep1|rep2,150,109,10232,True,2,150,109,plate2,plate4_G5,plate25,plate3_G11,True,16,16,measured_valid,undetected,undetected,result_valid,False,1
Aurora A Inhibitor I,K562|024h|01000nM,K562,24.0,1000.0,True,True,268,plate1|plate25,plate3_G11|plate3_G5,rep1|rep2,122,146,9884,True,2,122,146,plate1,plate3_G11,plate25,plate3_G5,True,16,16,measured_valid,undetected,undetected,result_valid,False,1
Aurora A Inhibitor I,K562|024h|10000nM,K562,24.0,10000.0,True,True,171,plate1|plate26,plate3_G5|plate4_G11,rep1|rep2,111,60,8441,True,2,111,60,plate1,plate3_G5,plate26,plate4_G11,True,16,16,measured_valid,undetected,undetected,result_valid,False,1
Aurora A Inhibitor I,MCF7|024h|00010nM,MCF7,24.0,10.0,True,True,495,plate18|plate42,plate4_G11|plate4_G5,rep1|rep2,232,263,22013,True,2,232,263,plate18,plate4_G11,plate42,plate4_G5,True,16,16,measured_valid,undetected,undetected,result_valid,False,1
Aurora A Inhibitor I,MCF7|024h|00100nM,MCF7,24.0,100.0,True,True,451,plate18|plate41,plate3_G11|plate4_G5,rep1|rep2,258,193,19868,True,2,258,193,plate18,plate4_G5,plate41,plate3_G11,True,16,16,measured_valid,undetected,undetected,result_valid,False,1
Aurora A Inhibitor I,MCF7|024h|01000nM,MCF7,24.0,1000.0,True,True,464,plate17|plate41,plate3_G11|plate3_G5,rep1|rep2,219,245,22621,True,2,219,245,plate17,plate3_G11,plate41,plate3_G5,True,16,16,measured_valid,undetected,undetected,result_valid,False,1
Aurora A Inhibitor I,MCF7|024h|10000nM,MCF7,24.0,10000.0,True,True,471,plate17|plate42,plate3_G5|plate4_G11,rep1|rep2,256,215,21922,True,2,256,215,plate17,plate3_G5,plate42,plate4_G11,True,16,16,measured_valid,eliminating,eliminate_a,result_valid,False,1
BMS-536924,A549|024h|00010nM,A549,24.0,10.0,True,True,202,plate14|plate38,plate8_C3|plate8_C9,rep1|rep2,87,115,10740,True,2,87,115,plate14,plate8_C9,plate38,plate8_C3,True,16,16,measured_valid,undetected,undetected,result_valid,False,1
BMS-536924,A549|024h|00100nM,A549,24.0,100.0,True,True,205,plate14|plate37,plate7_C9|plate8_C3,rep1|rep2,95,110,10668,True,2,95,110,plate14,plate8_C3,plate37,plate7_C9,True,16,16,measured_valid,undetected,undetected,result_valid,False,1
BMS-536924,A549|024h|01000nM,A549,24.0,1000.0,True,True,182,plate13|plate37,plate7_C3|plate7_C9,rep1|rep2,81,101,10047,True,2,81,101,plate13,plate7_C9,plate37,plate7_C3,True,16,16,measured_valid,undetected,undetected,result_valid,False,1
BMS-536924,A549|024h|10000nM,A549,24.0,10000.0,True,True,139,plate13|plate38,plate7_C3|plate8_C9,rep1|rep2,56,83,9275,True,2,56,83,plate13,plate7_C3,plate38,plate8_C9,True,16,16,measured_valid,eliminating,eliminate_b,result_valid,False,1
BMS-536924,K562|024h|00010nM,K562,24.0,10.0,True,True,259,plate30|plate6,plate8_C3|plate8_C9,rep1|rep2,139,120,12122,True,2,139,120,plate6,plate8_C9,plate30,plate8_C3,True,16,16,measured_valid,undetected,undetected,result_valid,False,1
BMS-536924,K562|024h|00100nM,K562,24.0,100.0,True,True,260,plate29|plate6,plate7_C9|plate8_C3,rep1|rep2,143,117,11851,True,2,143,117,plate6,plate8_C3,plate29,plate7_C9,True,16,16,measured_valid,undetected,undetected,result_valid,False,1
BMS-536924,K562|024h|01000nM,K562,24.0,1000.0,True,True,300,plate29|plate5,plate7_C3|plate7_C9,rep1|rep2,176,124,11697,True,2,176,124,plate5,plate7_C9,plate29,plate7_C3,True,16,16,measured_valid,undetected,undetected,result_valid,False,1
BMS-536924,K562|024h|10000nM,K562,24.0,10000.0,True,True,222,plate30|plate5,plate7_C3|plate8_C9,rep1|rep2,127,95,10666,True,2,127,95,plate5,plate7_C3,plate30,plate8_C9,True,16,16,measured_valid,ambiguous,ambiguous,result_valid,False,1
BMS-536924,MCF7|024h|00010nM,MCF7,24.0,10.0,True,True,459,plate22|plate46,plate8_C3|plate8_C9,rep1|rep2,193,266,20196,True,2,193,266,plate22,plate8_C9,plate46,plate8_C3,True,16,16,measured_valid,undetected,undetected,result_valid,False,1
BMS-536924,MCF7|024h|00100nM,MCF7,24.0,100.0,True,True,338,plate22|plate45,plate7_C9|plate8_C3,rep1|rep2,212,126,18858,True,2,212,126,plate22,plate8_C3,plate45,plate7_C9,True,16,16,measured_valid,undetected,undetected,result_valid,False,1
BMS-536924,MCF7|024h|01000nM,MCF7,24.0,1000.0,True,True,299,plate21|plate45,plate7_C3|plate7_C9,rep1|rep2,163,136,16112,True,2,163,136,plate21,plate7_C9,plate45,plate7_C3,True,16,16,measured_valid,eliminating,eliminate_b,result_valid,False,1
BMS-536924,MCF7|024h|10000nM,MCF7,24.0,10000.0,True,True,359,plate21|plate46,plate7_C3|plate8_C9,rep1|rep2,112,247,17665,True,2,112,247,plate21,plate7_C3,plate46,plate8_C9,True,16,16,measured_valid,eliminating,eliminate_b,result_valid,False,1
BMS-754807,A549|024h|00010nM,A549,24.0,10.0,True,True,182,plate14|plate38,plate8_B1|plate8_B7,rep1|rep2,95,87,10740,True,2,95,87,plate14,plate8_B7,plate38,plate8_B1,True,16,16,measured_valid,undetected,undetected,result_valid,False,1
BMS-754807,A549|024h|00100nM,A549,24.0,100.0,True,True,216,plate14|plate37,plate7_B7|plate8_B1,rep1|rep2,102,114,10668,True,2,102,114,plate14,plate8_B1,plate37,plate7_B7,True,16,16,measured_valid,undetected,undetected,result_valid,False,1
BMS-754807,A549|024h|01000nM,A549,24.0,1000.0,True,True,165,plate13|plate37,plate7_B1|plate7_B7,rep1|rep2,73,92,10047,True,2,73,92,plate13,plate7_B7,plate37,plate7_B1,True,16,16,measured_valid,ambiguous,ambiguous,result_valid,False,1
BMS-754807,A549|024h|10000nM,A549,24.0,10000.0,True,True,141,plate13|plate38,plate7_B1|plate8_B7,rep1|rep2,68,73,9275,True,2,68,73,plate13,plate7_B1,plate38,plate8_B7,True,16,16,measured_valid,eliminating,eliminate_b,result_valid,False,1
BMS-754807,K562|024h|00010nM,K562,24.0,10.0,True,True,264,plate30|plate6,plate8_B1|plate8_B7,rep1|rep2,147,117,12122,True,2,147,117,plate6,plate8_B7,plate30,plate8_B1,True,16,16,measured_valid,undetected,undetected,result_valid,False,1
BMS-754807,K562|024h|00100nM,K562,24.0,100.0,True,True,286,plate29|plate6,plate7_B7|plate8_B1,rep1|rep2,156,130,11851,True,2,156,130,plate6,plate8_B1,plate29,plate7_B7,True,16,16,measured_valid,undetected,undetected,result_valid,False,1
BMS-754807,K562|024h|01000nM,K562,24.0,1000.0,True,True,274,plate29|plate5,plate7_B1|plate7_B7,rep1|rep2,159,115,11697,True,2,159,115,plate5,plate7_B7,plate29,plate7_B1,True,16,16,measured_valid,undetected,undetected,result_valid,False,1
BMS-754807,K562|024h|10000nM,K562,24.0,10000.0,True,True,205,plate30|plate5,plate7_B1|plate8_B7,rep1|rep2,110,95,10666,True,2,110,95,plate5,plate7_B1,plate30,plate8_B7,True,16,16,measured_valid,eliminating,eliminate_b,result_valid,False,1
BMS-754807,MCF7|024h|00010nM,MCF7,24.0,10.0,True,True,398,plate22|plate46,plate8_B1|plate8_B7,rep1|rep2,185,213,20196,True,2,185,213,plate22,plate8_B7,plate46,plate8_B1,True,16,16,measured_valid,undetected,undetected,result_valid,False,1
BMS-754807,MCF7|024h|00100nM,MCF7,24.0,100.0,True,True,331,plate22|plate45,plate7_B7|plate8_B1,rep1|rep2,149,182,18858,True,2,149,182,plate22,plate8_B1,plate45,plate7_B7,True,16,16,measured_valid,ambiguous,ambiguous,result_valid,False,1
BMS-754807,MCF7|024h|01000nM,MCF7,24.0,1000.0,True,True,331,plate21|plate45,plate7_B1|plate7_B7,rep1|rep2,140,191,16112,True,2,140,191,plate21,plate7_B7,plate45,plate7_B1,True,16,16,measured_valid,ambiguous,ambiguous,result_valid,False,1
BMS-754807,MCF7|024h|10000nM,MCF7,24.0,10000.0,True,True,159,plate21|plate46,plate7_B1|plate8_B7,rep1|rep2,51,108,17665,True,2,51,108,plate21,plate7_B1,plate46,plate8_B7,True,16,16,measured_valid,ambiguous,ambiguous,result_valid,False,1
BMS-911543,A549|024h|00010nM,A549,24.0,10.0,True,True,168,plate10|plate34,plate4_B10|plate4_B4,rep1|rep2,71,97,9045,True,2,71,97,plate10,plate4_B10,plate34,plate4_B4,True,16,16,measured_valid,undetected,undetected,result_valid,False,1
BMS-911543,A549|024h|00100nM,A549,24.0,100.0,True,True,190,plate10|plate33,plate3_B10|plate4_B4,rep1|rep2,40,150,8564,True,2,40,150,plate10,plate4_B4,plate33,plate3_B10,True,16,16,measured_valid,undetected,undetected,result_valid,False,1
BMS-911543,A549|024h|01000nM,A549,24.0,1000.0,True,True,219,plate33|plate9,plate3_B10|plate3_B4,rep1|rep2,53,166,8686,True,2,53,166,plate9,plate3_B10,plate33,plate3_B4,True,16,16,measured_valid,undetected,undetected,result_valid,False,1
BMS-911543,A549|024h|10000nM,A549,24.0,10000.0,True,True,156,plate34|plate9,plate3_B4|plate4_B10,rep1|rep2,26,130,7414,True,2,26,130,plate9,plate3_B4,plate34,plate4_B10,True,16,16,measured_valid,undetected,undetected,result_valid,False,1
BMS-911543,K562|024h|00010nM,K562,24.0,10.0,True,True,214,plate2|plate26,plate4_B10|plate4_B4,rep1|rep2,121,93,11078,True,2,121,93,plate2,plate4_B10,plate26,plate4_B4,True,16,16,measured_valid,undetected,undetected,result_valid,False,1
BMS-911543,K562|024h|00100nM,K562,24.0,100.0,True,True,200,plate2|plate25,plate3_B10|plate4_B4,rep1|rep2,112,88,10232,True,2,112,88,plate2,plate4_B4,plate25,plate3_B10,True,16,16,measured_valid,undetected,undetected,result_valid,False,1
BMS-911543,K562|024h|01000nM,K562,24.0,1000.0,True,True,238,plate1|plate25,plate3_B10|plate3_B4,rep1|rep2,133,105,9884,True,2,133,105,plate1,plate3_B10,plate25,plate3_B4,True,16,16,measured_valid,undetected,undetected,result_valid,False,1
BMS-911543,K562|024h|10000nM,K562,24.0,10000.0,True,True,264,plate1|plate26,plate3_B4|plate4_B10,rep1|rep2,151,113,8441,True,2,151,113,plate1,plate3_B4,plate26,plate4_B10,True,16,16,measured_valid,undetected,undetected,result_valid,False,1
BMS-911543,MCF7|024h|00010nM,MCF7,24.0,10.0,True,True,421,plate18|plate42,plate4_B10|plate4_B4,rep1|rep2,213,208,22013,True,2,213,208,plate18,plate4_B10,plate42,plate4_B4,True,16,16,measured_valid,undetected,undetected,result_valid,False,1
BMS-911543,MCF7|024h|00100nM,MCF7,24.0,100.0,True,True,459,plate18|plate41,plate3_B10|plate4_B4,rep1|rep2,154,305,19868,True,2,154,305,plate18,plate4_B4,plate41,plate3_B10,True,16,16,measured_valid,undetected,undetected,result_valid,False,1
BMS-911543,MCF7|024h|01000nM,MCF7,24.0,1000.0,True,True,532,plate17|plate41,plate3_B10|plate3_B4,rep1|rep2,256,276,22621,True,2,256,276,plate17,plate3_B10,plate41,plate3_B4,True,16,16,measured_valid,undetected,undetected,result_valid,False,1
BMS-911543,MCF7|024h|10000nM,MCF7,24.0,10000.0,True,True,543,plate17|plate42,plate3_B4|plate4_B10,rep1|rep2,305,238,21922,True,2,305,238,plate17,plate3_B4,plate42,plate4_B10,True,16,16,measured_valid,eliminating,eliminate_a,result_valid,False,1
BRD4770,A549|024h|00010nM,A549,24.0,10.0,True,True,271,plate12|plate36,plate6_F12|plate6_F6,rep1|rep2,107,164,11338,True,2,107,164,plate12,plate6_F12,plate36,plate6_F6,True,16,16,measured_valid,undetected,undetected,result_valid,False,1
BRD4770,A549|024h|00100nM,A549,24.0,100.0,True,True,212,plate12|plate35,plate5_F12|plate6_F6,rep1|rep2,85,127,11179,True,2,85,127,plate12,plate6_F6,plate35,plate5_F12,True,16,16,measured_valid,undetected,undetected,result_valid,False,1
BRD4770,A549|024h|01000nM,A549,24.0,1000.0,True,True,224,plate11|plate35,plate5_F12|plate5_F6,rep1|rep2,83,141,10404,True,2,83,141,plate11,plate5_F12,plate35,plate5_F6,True,16,16,measured_valid,undetected,undetected,result_valid,False,1
BRD4770,A549|024h|10000nM,A549,24.0,10000.0,True,True,255,plate11|plate36,plate5_F6|plate6_F12,rep1|rep2,113,142,9895,True,2,113,142,plate11,plate5_F6,plate36,plate6_F12,True,16,16,measured_valid,undetected,undetected,result_valid,False,1
BRD4770,K562|024h|00010nM,K562,24.0,10.0,True,True,305,plate28|plate4,plate6_F12|plate6_F6,rep1|rep2,160,145,11863,True,2,160,145,plate4,plate6_F12,plate28,plate6_F6,True,16,16,measured_valid,undetected,undetected,result_valid,False,1
BRD4770,K562|024h|00100nM,K562,24.0,100.0,True,True,244,plate27|plate4,plate5_F12|plate6_F6,rep1|rep2,130,114,10898,True,2,130,114,plate4,plate6_F6,plate27,plate5_F12,True,16,16,measured_valid,undetected,undetected,result_valid,False,1
BRD4770,K562|024h|01000nM,K562,24.0,1000.0,True,True,245,plate27|plate3,plate5_F12|plate5_F6,rep1|rep2,115,130,10473,True,2,115,130,plate3,plate5_F12,plate27,plate5_F6,True,16,16,measured_valid,undetected,undetected,result_valid,False,1
BRD4770,K562|024h|10000nM,K562,24.0,10000.0,True,True,235,plate28|plate3,plate5_F6|plate6_F12,rep1|rep2,122,113,8992,True,2,122,113,plate3,plate5_F6,plate28,plate6_F12,True,16,16,measured_valid,undetected,undetected,result_valid,False,1
BRD4770,MCF7|024h|00010nM,MCF7,24.0,10.0,True,True,605,plate20|plate44,plate6_F12|plate6_F6,rep1|rep2,258,347,26856,True,2,258,347,plate20,plate6_F12,plate44,plate6_F6,True,16,16,measured_valid,undetected,undetected,result_valid,False,1
BRD4770,MCF7|024h|00100nM,MCF7,24.0,100.0,True,True,564,plate20|plate43,plate5_F12|plate6_F6,rep1|rep2,265,299,24746,True,2,265,299,plate20,plate6_F6,plate43,plate5_F12,True,16,16,measured_valid,undetected,undetected,result_valid,False,1
BRD4770,MCF7|024h|01000nM,MCF7,24.0,1000.0,True,True,468,plate19|plate43,plate5_F12|plate5_F6,rep1|rep2,141,327,22654,True,2,141,327,plate19,plate5_F12,plate43,plate5_F6,True,16,16,measured_valid,undetected,undetected,result_valid,False,1
BRD4770,MCF7|024h|10000nM,MCF7,24.0,10000.0,True,True,502,plate19|plate44,plate5_F6|plate6_F12,rep1|rep2,184,318,20487,True,2,184,318,plate19,plate5_F6,plate44,plate6_F12,True,16,16,measured_valid,undetected,undetected,result_valid,False,1
Barasertib (AZD1152-HQPA),A549|024h|00010nM,A549,24.0,10.0,True,True,165,plate10|plate34,plate4_H3|plate4_H9,rep1|rep2,54,111,9045,True,2,54,111,plate10,plate4_H9,plate34,plate4_H3,True,16,16,measured_valid,eliminating,eliminate_b,result_valid,False,1
Barasertib (AZD1152-HQPA),A549|024h|00100nM,A549,24.0,100.0,True,True,142,plate10|plate33,plate3_H9|plate4_H3,rep1|rep2,53,89,8564,True,2,53,89,plate10,plate4_H3,plate33,plate3_H9,True,16,16,measured_valid,eliminating,eliminate_b,result_valid,False,1
Barasertib (AZD1152-HQPA),A549|024h|01000nM,A549,24.0,1000.0,True,True,130,plate33|plate9,plate3_H3|plate3_H9,rep1|rep2,59,71,8686,True,2,59,71,plate9,plate3_H9,plate33,plate3_H3,True,16,16,measured_valid,eliminating,eliminate_b,result_valid,False,1
Barasertib (AZD1152-HQPA),A549|024h|10000nM,A549,24.0,10000.0,True,True,115,plate34|plate9,plate3_H3|plate4_H9,rep1|rep2,30,85,7414,True,2,30,85,plate9,plate3_H3,plate34,plate4_H9,True,16,16,measured_valid,eliminating,eliminate_b,result_valid,False,1
Barasertib (AZD1152-HQPA),K562|024h|00010nM,K562,24.0,10.0,True,True,210,plate2|plate26,plate4_H3|plate4_H9,rep1|rep2,129,81,11078,True,2,129,81,plate2,plate4_H9,plate26,plate4_H3,True,16,16,measured_valid,eliminating,eliminate_b,result_valid,False,1
Barasertib (AZD1152-HQPA),K562|024h|00100nM,K562,24.0,100.0,True,True,175,plate2|plate25,plate3_H9|plate4_H3,rep1|rep2,85,90,10232,True,2,85,90,plate2,plate4_H3,plate25,plate3_H9,True,16,16,measured_valid,eliminating,eliminate_b,result_valid,False,1
Barasertib (AZD1152-HQPA),K562|024h|01000nM,K562,24.0,1000.0,True,True,180,plate1|plate25,plate3_H3|plate3_H9,rep1|rep2,94,86,9884,True,2,94,86,plate1,plate3_H9,plate25,plate3_H3,True,16,16,measured_valid,eliminating,eliminate_b,result_valid,False,1
Barasertib (AZD1152-HQPA),K562|024h|10000nM,K562,24.0,10000.0,True,True,179,plate1|plate26,plate3_H3|plate4_H9,rep1|rep2,100,79,8441,True,2,100,79,plate1,plate3_H3,plate26,plate4_H9,True,16,16,measured_valid,eliminating,eliminate_b,result_valid,False,1
Barasertib (AZD1152-HQPA),MCF7|024h|00010nM,MCF7,24.0,10.0,True,True,402,plate18|plate42,plate4_H3|plate4_H9,rep1|rep2,166,236,22013,True,2,166,236,plate18,plate4_H9,plate42,plate4_H3,True,16,16,measured_valid,eliminating,eliminate_b,result_valid,False,1
Barasertib (AZD1152-HQPA),MCF7|024h|00100nM,MCF7,24.0,100.0,True,True,363,plate18|plate41,plate3_H9|plate4_H3,rep1|rep2,186,177,19868,True,2,186,177,plate18,plate4_H3,plate41,plate3_H9,True,16,16,measured_valid,eliminating,eliminate_b,result_valid,False,1
Barasertib (AZD1152-HQPA),MCF7|024h|01000nM,MCF7,24.0,1000.0,True,True,426,plate17|plate41,plate3_H3|plate3_H9,rep1|rep2,210,216,22621,True,2,210,216,plate17,plate3_H9,plate41,plate3_H3,True,16,16,measured_valid,eliminating,eliminate_b,result_valid,False,1
Barasertib (AZD1152-HQPA),MCF7|024h|10000nM,MCF7,24.0,10000.0,True,True,402,plate17|plate42,plate3_H3|plate4_H9,rep1|rep2,217,185,21922,True,2,217,185,plate17,plate3_H3,plate42,plate4_H9,True,16,16,measured_valid,eliminating,eliminate_b,result_valid,False,1
"Baricitinib (LY3009104, INCB028050)",A549|024h|00010nM,A549,24.0,10.0,True,True,234,plate12|plate36,plate6_F10|plate6_F4,rep1|rep2,83,151,11338,True,2,83,151,plate12,plate6_F10,plate36,plate6_F4,True,16,16,measured_valid,undetected,undetected,result_valid,False,1
"Baricitinib (LY3009104, INCB028050)",A549|024h|00100nM,A549,24.0,100.0,True,True,231,plate12|plate35,plate5_F10|plate6_F4,rep1|rep2,93,138,11179,True,2,93,138,plate12,plate6_F4,plate35,plate5_F10,True,16,16,measured_valid,undetected,undetected,result_valid,False,1
"Baricitinib (LY3009104, INCB028050)",A549|024h|01000nM,A549,24.0,1000.0,True,True,225,plate11|plate35,plate5_F10|plate5_F4,rep1|rep2,81,144,10404,True,2,81,144,plate11,plate5_F10,plate35,plate5_F4,True,16,16,measured_valid,undetected,undetected,result_valid,False,1
"Baricitinib (LY3009104, INCB028050)",A549|024h|10000nM,A549,24.0,10000.0,True,True,280,plate11|plate36,plate5_F4|plate6_F10,rep1|rep2,122,158,9895,True,2,122,158,plate11,plate5_F4,plate36,plate6_F10,True,16,16,measured_valid,eliminating,eliminate_a,result_valid,False,1
"Baricitinib (LY3009104, INCB028050)",K562|024h|00010nM,K562,24.0,10.0,True,True,264,plate28|plate4,plate6_F10|plate6_F4,rep1|rep2,137,127,11863,True,2,137,127,plate4,plate6_F10,plate28,plate6_F4,True,16,16,measured_valid,undetected,undetected,result_valid,False,1
"Baricitinib (LY3009104, INCB028050)",K562|024h|00100nM,K562,24.0,100.0,True,True,256,plate27|plate4,plate5_F10|plate6_F4,rep1|rep2,132,124,10898,True,2,132,124,plate4,plate6_F4,plate27,plate5_F10,True,16,16,measured_valid,undetected,undetected,result_valid,False,1
"Baricitinib (LY3009104, INCB028050)",K562|024h|01000nM,K562,24.0,1000.0,True,True,284,plate27|plate3,plate5_F10|plate5_F4,rep1|rep2,152,132,10473,True,2,152,132,plate3,plate5_F10,plate27,plate5_F4,True,16,16,measured_valid,undetected,undetected,result_valid,False,1
"Baricitinib (LY3009104, INCB028050)",K562|024h|10000nM,K562,24.0,10000.0,True,True,261,plate28|plate3,plate5_F4|plate6_F10,rep1|rep2,151,110,8992,True,2,151,110,plate3,plate5_F4,plate28,plate6_F10,True,16,16,measured_valid,ambiguous,ambiguous,result_valid,False,1
"Baricitinib (LY3009104, INCB028050)",MCF7|024h|00010nM,MCF7,24.0,10.0,True,True,584,plate20|plate44,plate6_F10|plate6_F4,rep1|rep2,250,334,26856,True,2,250,334,plate20,plate6_F10,plate44,plate6_F4,True,16,16,measured_valid,undetected,undetected,result_valid,False,1
"Baricitinib (LY3009104, INCB028050)",MCF7|024h|00100nM,MCF7,24.0,100.0,True,True,556,plate20|plate43,plate5_F10|plate6_F4,rep1|rep2,292,264,24746,True,2,292,264,plate20,plate6_F4,plate43,plate5_F10,True,16,16,measured_valid,eliminating,eliminate_a,result_valid,False,1
"Baricitinib (LY3009104, INCB028050)",MCF7|024h|01000nM,MCF7,24.0,1000.0,True,True,520,plate19|plate43,plate5_F10|plate5_F4,rep1|rep2,205,315,22654,True,2,205,315,plate19,plate5_F10,plate43,plate5_F4,True,16,16,measured_valid,undetected,undetected,result_valid,False,1
"Baricitinib (LY3009104, INCB028050)",MCF7|024h|10000nM,MCF7,24.0,10000.0,True,True,620,plate19|plate44,plate5_F4|plate6_F10,rep1|rep2,258,362,20487,True,2,258,362,plate19,plate5_F4,plate44,plate6_F10,True,16,16,measured_valid,eliminating,eliminate_a,result_valid,False,1
Belinostat (PXD101),A549|024h|00010nM,A549,24.0,10.0,True,True,190,plate10|plate34,plate4_A2|plate4_A8,rep1|rep2,67,123,9045,True,2,67,123,plate10,plate4_A8,plate34,plate4_A2,True,16,16,measured_valid,ambiguous,ambiguous,result_valid,False,1
Belinostat (PXD101),A549|024h|00100nM,A549,24.0,100.0,True,True,239,plate10|plate33,plate3_A8|plate4_A2,rep1|rep2,94,145,8564,True,2,94,145,plate10,plate4_A2,plate33,plate3_A8,True,16,16,measured_valid,eliminating,eliminate_a,result_valid,False,1
Belinostat (PXD101),A549|024h|01000nM,A549,24.0,1000.0,True,True,209,plate33|plate9,plate3_A2|plate3_A8,rep1|rep2,67,142,8686,True,2,67,142,plate9,plate3_A8,plate33,plate3_A2,True,16,16,measured_valid,eliminating,eliminate_a,result_valid,False,1
Belinostat (PXD101),A549|024h|10000nM,A549,24.0,10000.0,True,True,106,plate34|plate9,plate3_A2|plate4_A8,rep1|rep2,38,68,7414,True,2,38,68,plate9,plate3_A2,plate34,plate4_A8,True,16,16,measured_valid,eliminating,eliminate_a,result_valid,False,1
Belinostat (PXD101),K562|024h|00010nM,K562,24.0,10.0,True,True,256,plate2|plate26,plate4_A2|plate4_A8,rep1|rep2,144,112,11078,True,2,144,112,plate2,plate4_A8,plate26,plate4_A2,True,16,16,measured_valid,undetected,undetected,result_valid,False,1
Belinostat (PXD101),K562|024h|00100nM,K562,24.0,100.0,True,True,241,plate2|plate25,plate3_A8|plate4_A2,rep1|rep2,143,98,10232,True,2,143,98,plate2,plate4_A2,plate25,plate3_A8,True,16,16,measured_valid,eliminating,eliminate_a,result_valid,False,1
Belinostat (PXD101),K562|024h|01000nM,K562,24.0,1000.0,True,True,222,plate1|plate25,plate3_A2|plate3_A8,rep1|rep2,119,103,9884,True,2,119,103,plate1,plate3_A8,plate25,plate3_A2,True,16,16,measured_valid,eliminating,eliminate_a,result_valid,False,1
Belinostat (PXD101),K562|024h|10000nM,K562,24.0,10000.0,True,True,89,plate1|plate26,plate3_A2|plate4_A8,rep1|rep2,50,39,8441,True,2,50,39,plate1,plate3_A2,plate26,plate4_A8,True,16,16,measured_valid,eliminating,eliminate_a,result_valid,False,1
Belinostat (PXD101),MCF7|024h|00010nM,MCF7,24.0,10.0,True,True,486,plate18|plate42,plate4_A2|plate4_A8,rep1|rep2,173,313,22013,True,2,173,313,plate18,plate4_A8,plate42,plate4_A2,True,16,16,measured_valid,eliminating,eliminate_a,result_valid,False,1
Belinostat (PXD101),MCF7|024h|00100nM,MCF7,24.0,100.0,True,True,451,plate18|plate41,plate3_A8|plate4_A2,rep1|rep2,189,262,19868,True,2,189,262,plate18,plate4_A2,plate41,plate3_A8,True,16,16,measured_valid,eliminating,eliminate_a,result_valid,False,1
Belinostat (PXD101),MCF7|024h|01000nM,MCF7,24.0,1000.0,True,True,443,plate17|plate41,plate3_A2|plate3_A8,rep1|rep2,238,205,22621,True,2,238,205,plate17,plate3_A8,plate41,plate3_A2,True,16,16,measured_valid,eliminating,eliminate_a,result_valid,False,1
Belinostat (PXD101),MCF7|024h|10000nM,MCF7,24.0,10000.0,True,True,510,plate17|plate42,plate3_A2|plate4_A8,rep1|rep2,263,247,21922,True,2,263,247,plate17,plate3_A2,plate42,plate4_A8,True,16,16,measured_valid,eliminating,eliminate_a,result_valid,False,1
CEP-33779,A549|024h|00010nM,A549,24.0,10.0,True,True,243,plate12|plate36,plate6_C10|plate6_C4,rep1|rep2,79,164,11338,True,2,79,164,plate12,plate6_C10,plate36,plate6_C4,True,16,16,measured_valid,ambiguous,ambiguous,result_valid,False,1
CEP-33779,A549|024h|00100nM,A549,24.0,100.0,True,True,278,plate12|plate35,plate5_C10|plate6_C4,rep1|rep2,127,151,11179,True,2,127,151,plate12,plate6_C4,plate35,plate5_C10,True,16,16,measured_valid,undetected,undetected,result_valid,False,1
CEP-33779,A549|024h|01000nM,A549,24.0,1000.0,True,True,253,plate11|plate35,plate5_C10|plate5_C4,rep1|rep2,104,149,10404,True,2,104,149,plate11,plate5_C10,plate35,plate5_C4,True,16,16,measured_valid,undetected,undetected,result_valid,False,1
CEP-33779,A549|024h|10000nM,A549,24.0,10000.0,True,True,250,plate11|plate36,plate5_C4|plate6_C10,rep1|rep2,100,150,9895,True,2,100,150,plate11,plate5_C4,plate36,plate6_C10,True,16,16,measured_valid,eliminating,eliminate_b,result_valid,False,1
CEP-33779,K562|024h|00010nM,K562,24.0,10.0,True,True,258,plate28|plate4,plate6_C10|plate6_C4,rep1|rep2,120,138,11863,True,2,120,138,plate4,plate6_C10,plate28,plate6_C4,True,16,16,measured_valid,undetected,undetected,result_valid,False,1
CEP-33779,K562|024h|00100nM,K562,24.0,100.0,True,True,225,plate27|plate4,plate5_C10|plate6_C4,rep1|rep2,110,115,10898,True,2,110,115,plate4,plate6_C4,plate27,plate5_C10,True,16,16,measured_valid,undetected,undetected,result_valid,False,1
CEP-33779,K562|024h|01000nM,K562,24.0,1000.0,True,True,268,plate27|plate3,plate5_C10|plate5_C4,rep1|rep2,139,129,10473,True,2,139,129,plate3,plate5_C10,plate27,plate5_C4,True,16,16,measured_valid,undetected,undetected,result_valid,False,1
CEP-33779,K562|024h|10000nM,K562,24.0,10000.0,True,True,236,plate28|plate3,plate5_C4|plate6_C10,rep1|rep2,116,120,8992,True,2,116,120,plate3,plate5_C4,plate28,plate6_C10,True,16,16,measured_valid,eliminating,eliminate_b,result_valid,False,1
CEP-33779,MCF7|024h|00010nM,MCF7,24.0,10.0,True,True,555,plate20|plate44,plate6_C10|plate6_C4,rep1|rep2,235,320,26856,True,2,235,320,plate20,plate6_C10,plate44,plate6_C4,True,16,16,measured_valid,undetected,undetected,result_valid,False,1
CEP-33779,MCF7|024h|00100nM,MCF7,24.0,100.0,True,True,521,plate20|plate43,plate5_C10|plate6_C4,rep1|rep2,239,282,24746,True,2,239,282,plate20,plate6_C4,plate43,plate5_C10,True,16,16,measured_valid,undetected,undetected,result_valid,False,1
CEP-33779,MCF7|024h|01000nM,MCF7,24.0,1000.0,True,True,505,plate19|plate43,plate5_C10|plate5_C4,rep1|rep2,190,315,22654,True,2,190,315,plate19,plate5_C10,plate43,plate5_C4,True,16,16,measured_valid,undetected,undetected,result_valid,False,1
CEP-33779,MCF7|024h|10000nM,MCF7,24.0,10000.0,True,True,645,plate19|plate44,plate5_C4|plate6_C10,rep1|rep2,286,359,20487,True,2,286,359,plate19,plate5_C4,plate44,plate6_C10,True,16,16,measured_valid,ambiguous,ambiguous,result_valid,False,1
CUDC-101,A549|024h|00010nM,A549,24.0,10.0,True,True,271,plate16|plate40,plate10_H12|plate10_H6,rep1|rep2,99,172,11616,True,2,99,172,plate16,plate10_H12,plate40,plate10_H6,True,16,16,measured_valid,undetected,undetected,result_valid,False,1
CUDC-101,A549|024h|00100nM,A549,24.0,100.0,True,True,223,plate16|plate39,plate10_H6|plate9_H12,rep1|rep2,109,114,10434,True,2,109,114,plate16,plate10_H6,plate39,plate9_H12,True,16,16,measured_valid,undetected,undetected,result_valid,False,1
CUDC-101,A549|024h|01000nM,A549,24.0,1000.0,True,True,216,plate15|plate39,plate9_H12|plate9_H6,rep1|rep2,76,140,9830,True,2,76,140,plate15,plate9_H12,plate39,plate9_H6,True,16,16,measured_valid,ambiguous,ambiguous,result_valid,False,1
CUDC-101,A549|024h|10000nM,A549,24.0,10000.0,True,True,157,plate15|plate40,plate10_H12|plate9_H6,rep1|rep2,77,80,9263,True,2,77,80,plate15,plate9_H6,plate40,plate10_H12,True,16,16,measured_valid,eliminating,eliminate_a,result_valid,False,1
CUDC-101,K562|024h|00010nM,K562,24.0,10.0,True,True,315,plate32|plate8,plate10_H12|plate10_H6,rep1|rep2,176,139,10989,True,2,176,139,plate8,plate10_H12,plate32,plate10_H6,True,16,16,measured_valid,undetected,undetected,result_valid,False,1
CUDC-101,K562|024h|00100nM,K562,24.0,100.0,True,True,214,plate31|plate8,plate10_H6|plate9_H12,rep1|rep2,136,78,10801,True,2,136,78,plate8,plate10_H6,plate31,plate9_H12,True,16,16,measured_valid,ambiguous,ambiguous,result_valid,False,1
CUDC-101,K562|024h|01000nM,K562,24.0,1000.0,True,True,189,plate31|plate7,plate9_H12|plate9_H6,rep1|rep2,96,93,10759,True,2,96,93,plate7,plate9_H12,plate31,plate9_H6,True,16,16,measured_valid,eliminating,eliminate_a,result_valid,False,1
CUDC-101,K562|024h|10000nM,K562,24.0,10000.0,True,True,94,plate32|plate7,plate10_H12|plate9_H6,rep1|rep2,48,46,8971,True,2,48,46,plate7,plate9_H6,plate32,plate10_H12,True,16,16,measured_valid,eliminating,eliminate_a,result_valid,False,1
CUDC-101,MCF7|024h|00010nM,MCF7,24.0,10.0,True,True,579,plate24|plate48,plate10_H12|plate10_H6,rep1|rep2,239,340,22475,True,2,239,340,plate24,plate10_H12,plate48,plate10_H6,True,16,16,measured_valid,undetected,undetected,result_valid,False,1
CUDC-101,MCF7|024h|00100nM,MCF7,24.0,100.0,True,True,521,plate24|plate47,plate10_H6|plate9_H12,rep1|rep2,233,288,23948,True,2,233,288,plate24,plate10_H6,plate47,plate9_H12,True,16,16,measured_valid,ambiguous,ambiguous,result_valid,False,1
CUDC-101,MCF7|024h|01000nM,MCF7,24.0,1000.0,True,True,456,plate23|plate47,plate9_H12|plate9_H6,rep1|rep2,212,244,19841,True,2,212,244,plate23,plate9_H12,plate47,plate9_H6,True,16,16,measured_valid,ambiguous,ambiguous,result_valid,False,1
CUDC-101,MCF7|024h|10000nM,MCF7,24.0,10000.0,True,True,428,plate23|plate48,plate10_H12|plate9_H6,rep1|rep2,181,247,16814,True,2,181,247,plate23,plate9_H6,plate48,plate10_H12,True,16,16,measured_valid,eliminating,eliminate_a,result_valid,False,1
CUDC-907,A549|024h|00010nM,A549,24.0,10.0,True,True,220,plate12|plate36,plate6_E3|plate6_E9,rep1|rep2,89,131,11338,True,2,89,131,plate12,plate6_E9,plate36,plate6_E3,True,16,16,measured_valid,eliminating,eliminate_b,result_valid,False,1
CUDC-907,A549|024h|00100nM,A549,24.0,100.0,True,True,175,plate12|plate35,plate5_E9|plate6_E3,rep1|rep2,82,93,11179,True,2,82,93,plate12,plate6_E3,plate35,plate5_E9,True,16,16,measured_valid,eliminating,eliminate_b,result_valid,False,1
CUDC-907,A549|024h|01000nM,A549,24.0,1000.0,True,True,165,plate11|plate35,plate5_E3|plate5_E9,rep1|rep2,71,94,10404,True,2,71,94,plate11,plate5_E9,plate35,plate5_E3,True,16,16,measured_valid,eliminating,eliminate_b,result_valid,False,1
CUDC-907,A549|024h|10000nM,A549,24.0,10000.0,True,True,70,plate11|plate36,plate5_E3|plate6_E9,rep1|rep2,22,48,9895,True,2,22,48,plate11,plate5_E3,plate36,plate6_E9,True,16,16,measured_valid,eliminating,eliminate_b,result_valid,False,1
CUDC-907,K562|024h|00010nM,K562,24.0,10.0,True,True,158,plate28|plate4,plate6_E3|plate6_E9,rep1|rep2,83,75,11863,True,2,83,75,plate4,plate6_E9,plate28,plate6_E3,True,16,16,measured_valid,eliminating,eliminate_b,result_valid,False,1
CUDC-907,K562|024h|00100nM,K562,24.0,100.0,True,True,110,plate27|plate4,plate5_E9|plate6_E3,rep1|rep2,65,45,10898,True,2,65,45,plate4,plate6_E3,plate27,plate5_E9,True,16,16,measured_valid,eliminating,eliminate_b,result_valid,False,1
CUDC-907,K562|024h|01000nM,K562,24.0,1000.0,True,True,113,plate27|plate3,plate5_E3|plate5_E9,rep1|rep2,59,54,10473,True,2,59,54,plate3,plate5_E9,plate27,plate5_E3,True,16,16,measured_valid,eliminating,eliminate_b,result_valid,False,1
CUDC-907,K562|024h|10000nM,K562,24.0,10000.0,True,True,57,plate28|plate3,plate5_E3|plate6_E9,rep1|rep2,37,20,8992,True,2,37,20,plate3,plate5_E3,plate28,plate6_E9,True,16,16,measured_valid,eliminating,eliminate_b,result_valid,False,1
CUDC-907,MCF7|024h|00010nM,MCF7,24.0,10.0,True,True,522,plate20|plate44,plate6_E3|plate6_E9,rep1|rep2,213,309,26856,True,2,213,309,plate20,plate6_E9,plate44,plate6_E3,True,16,16,measured_valid,eliminating,eliminate_b,result_valid,False,1
CUDC-907,MCF7|024h|00100nM,MCF7,24.0,100.0,True,True,471,plate20|plate43,plate5_E9|plate6_E3,rep1|rep2,207,264,24746,True,2,207,264,plate20,plate6_E3,plate43,plate5_E9,True,16,16,measured_valid,eliminating,eliminate_b,result_valid,False,1
CUDC-907,MCF7|024h|01000nM,MCF7,24.0,1000.0,True,True,408,plate19|plate43,plate5_E3|plate5_E9,rep1|rep2,167,241,22654,True,2,167,241,plate19,plate5_E9,plate43,plate5_E3,True,16,16,measured_valid,eliminating,eliminate_b,result_valid,False,1
CUDC-907,MCF7|024h|10000nM,MCF7,24.0,10000.0,True,True,331,plate19|plate44,plate5_E3|plate6_E9,rep1|rep2,143,188,20487,True,2,143,188,plate19,plate5_E3,plate44,plate6_E9,True,16,16,measured_valid,eliminating,eliminate_b,result_valid,False,1
CYC116,A549|024h|00010nM,A549,24.0,10.0,True,True,251,plate16|plate40,plate10_F1|plate10_F7,rep1|rep2,102,149,11616,True,2,102,149,plate16,plate10_F7,plate40,plate10_F1,True,16,16,measured_valid,ambiguous,ambiguous,result_valid,False,1
CYC116,A549|024h|00100nM,A549,24.0,100.0,True,True,210,plate16|plate39,plate10_F1|plate9_F7,rep1|rep2,88,122,10434,True,2,88,122,plate16,plate10_F1,plate39,plate9_F7,True,16,16,measured_valid,ambiguous,ambiguous,result_valid,False,1
CYC116,A549|024h|01000nM,A549,24.0,1000.0,True,True,153,plate15|plate39,plate9_F1|plate9_F7,rep1|rep2,96,57,9830,True,2,96,57,plate15,plate9_F7,plate39,plate9_F1,True,16,16,measured_valid,undetected,undetected,result_valid,False,1
CYC116,A549|024h|10000nM,A549,24.0,10000.0,True,True,150,plate15|plate40,plate10_F7|plate9_F1,rep1|rep2,66,84,9263,True,2,66,84,plate15,plate9_F1,plate40,plate10_F7,True,16,16,measured_valid,undetected,undetected,result_valid,False,1
CYC116,K562|024h|00010nM,K562,24.0,10.0,True,True,252,plate32|plate8,plate10_F1|plate10_F7,rep1|rep2,117,135,10989,True,2,117,135,plate8,plate10_F7,plate32,plate10_F1,True,16,16,measured_valid,undetected,undetected,result_valid,False,1
CYC116,K562|024h|00100nM,K562,24.0,100.0,True,True,230,plate31|plate8,plate10_F1|plate9_F7,rep1|rep2,145,85,10801,True,2,145,85,plate8,plate10_F1,plate31,plate9_F7,True,16,16,measured_valid,undetected,undetected,result_valid,False,1
CYC116,K562|024h|01000nM,K562,24.0,1000.0,True,True,256,plate31|plate7,plate9_F1|plate9_F7,rep1|rep2,130,126,10759,True,2,130,126,plate7,plate9_F7,plate31,plate9_F1,True,16,16,measured_valid,undetected,undetected,result_valid,False,1
CYC116,K562|024h|10000nM,K562,24.0,10000.0,True,True,198,plate32|plate7,plate10_F7|plate9_F1,rep1|rep2,107,91,8971,True,2,107,91,plate7,plate9_F1,plate32,plate10_F7,True,16,16,measured_valid,eliminating,eliminate_a,result_valid,False,1
CYC116,MCF7|024h|00010nM,MCF7,24.0,10.0,True,True,454,plate24|plate48,plate10_F1|plate10_F7,rep1|rep2,201,253,22475,True,2,201,253,plate24,plate10_F7,plate48,plate10_F1,True,16,16,measured_valid,ambiguous,ambiguous,result_valid,False,1
CYC116,MCF7|024h|00100nM,MCF7,24.0,100.0,True,True,568,plate24|plate47,plate10_F1|plate9_F7,rep1|rep2,220,348,23948,True,2,220,348,plate24,plate10_F1,plate47,plate9_F7,True,16,16,measured_valid,ambiguous,ambiguous,result_valid,False,1
CYC116,MCF7|024h|01000nM,MCF7,24.0,1000.0,True,True,441,plate23|plate47,plate9_F1|plate9_F7,rep1|rep2,164,277,19841,True,2,164,277,plate23,plate9_F7,plate47,plate9_F1,True,16,16,measured_valid,eliminating,eliminate_a,result_valid,False,1
CYC116,MCF7|024h|10000nM,MCF7,24.0,10000.0,True,True,345,plate23|plate48,plate10_F7|plate9_F1,rep1|rep2,154,191,16814,True,2,154,191,plate23,plate9_F1,plate48,plate10_F7,True,16,16,measured_valid,eliminating,eliminate_a,result_valid,False,1
Capecitabine,A549|024h|00010nM,A549,24.0,10.0,True,True,234,plate14|plate38,plate8_H11|plate8_H5,rep1|rep2,100,134,10740,True,2,100,134,plate14,plate8_H11,plate38,plate8_H5,True,16,16,measured_valid,undetected,undetected,result_valid,False,1
Capecitabine,A549|024h|00100nM,A549,24.0,100.0,True,True,265,plate14|plate37,plate7_H11|plate8_H5,rep1|rep2,130,135,10668,True,2,130,135,plate14,plate8_H5,plate37,plate7_H11,True,16,16,measured_valid,undetected,undetected,result_valid,False,1
Capecitabine,A549|024h|01000nM,A549,24.0,1000.0,True,True,247,plate13|plate37,plate7_H11|plate7_H5,rep1|rep2,103,144,10047,True,2,103,144,plate13,plate7_H11,plate37,plate7_H5,True,16,16,measured_valid,undetected,undetected,result_valid,False,1
Capecitabine,A549|024h|10000nM,A549,24.0,10000.0,True,True,227,plate13|plate38,plate7_H5|plate8_H11,rep1|rep2,115,112,9275,True,2,115,112,plate13,plate7_H5,plate38,plate8_H11,True,16,16,measured_valid,undetected,undetected,result_valid,False,1
Capecitabine,K562|024h|00010nM,K562,24.0,10.0,True,True,265,plate30|plate6,plate8_H11|plate8_H5,rep1|rep2,132,133,12122,True,2,132,133,plate6,plate8_H11,plate30,plate8_H5,True,16,16,measured_valid,undetected,undetected,result_valid,False,1
Capecitabine,K562|024h|00100nM,K562,24.0,100.0,True,True,283,plate29|plate6,plate7_H11|plate8_H5,rep1|rep2,160,123,11851,True,2,160,123,plate6,plate8_H5,plate29,plate7_H11,True,16,16,measured_valid,undetected,undetected,result_valid,False,1
Capecitabine,K562|024h|01000nM,K562,24.0,1000.0,True,True,291,plate29|plate5,plate7_H11|plate7_H5,rep1|rep2,158,133,11697,True,2,158,133,plate5,plate7_H11,plate29,plate7_H5,True,16,16,measured_valid,undetected,undetected,result_valid,False,1
Capecitabine,K562|024h|10000nM,K562,24.0,10000.0,True,True,318,plate30|plate5,plate7_H5|plate8_H11,rep1|rep2,191,127,10666,True,2,191,127,plate5,plate7_H5,plate30,plate8_H11,True,16,16,measured_valid,undetected,undetected,result_valid,False,1
Capecitabine,MCF7|024h|00010nM,MCF7,24.0,10.0,True,True,467,plate22|plate46,plate8_H11|plate8_H5,rep1|rep2,172,295,20196,True,2,172,295,plate22,plate8_H11,plate46,plate8_H5,True,16,16,measured_valid,undetected,undetected,result_valid,False,1
Capecitabine,MCF7|024h|00100nM,MCF7,24.0,100.0,True,True,473,plate22|plate45,plate7_H11|plate8_H5,rep1|rep2,240,233,18858,True,2,240,233,plate22,plate8_H5,plate45,plate7_H11,True,16,16,measured_valid,undetected,undetected,result_valid,False,1
Capecitabine,MCF7|024h|01000nM,MCF7,24.0,1000.0,True,True,466,plate21|plate45,plate7_H11|plate7_H5,rep1|rep2,207,259,16112,True,2,207,259,plate21,plate7_H11,plate45,plate7_H5,True,16,16,measured_valid,undetected,undetected,result_valid,False,1
Capecitabine,MCF7|024h|10000nM,MCF7,24.0,10000.0,True,True,530,plate21|plate46,plate7_H5|plate8_H11,rep1|rep2,225,305,17665,True,2,225,305,plate21,plate7_H5,plate46,plate8_H11,True,16,16,measured_valid,undetected,undetected,result_valid,False,1
Carmofur,A549|024h|00010nM,A549,24.0,10.0,True,True,244,plate14|plate38,plate8_E10|plate8_E4,rep1|rep2,126,118,10740,True,2,126,118,plate14,plate8_E10,plate38,plate8_E4,True,16,16,measured_valid,undetected,undetected,result_valid,False,1
Carmofur,A549|024h|00100nM,A549,24.0,100.0,True,True,275,plate14|plate37,plate7_E10|plate8_E4,rep1|rep2,129,146,10668,True,2,129,146,plate14,plate8_E4,plate37,plate7_E10,True,16,16,measured_valid,undetected,undetected,result_valid,False,1
Carmofur,A549|024h|01000nM,A549,24.0,1000.0,True,True,207,plate13|plate37,plate7_E10|plate7_E4,rep1|rep2,84,123,10047,True,2,84,123,plate13,plate7_E10,plate37,plate7_E4,True,16,16,measured_valid,eliminating,eliminate_a,result_valid,False,1
Carmofur,A549|024h|10000nM,A549,24.0,10000.0,True,True,160,plate13|plate38,plate7_E4|plate8_E10,rep1|rep2,72,88,9275,True,2,72,88,plate13,plate7_E4,plate38,plate8_E10,True,16,16,measured_valid,eliminating,eliminate_a,result_valid,False,1
Carmofur,K562|024h|00010nM,K562,24.0,10.0,True,True,269,plate30|plate6,plate8_E10|plate8_E4,rep1|rep2,143,126,12122,True,2,143,126,plate6,plate8_E10,plate30,plate8_E4,True,16,16,measured_valid,undetected,undetected,result_valid,False,1
Carmofur,K562|024h|00100nM,K562,24.0,100.0,True,True,257,plate29|plate6,plate7_E10|plate8_E4,rep1|rep2,130,127,11851,True,2,130,127,plate6,plate8_E4,plate29,plate7_E10,True,16,16,measured_valid,undetected,undetected,result_valid,False,1
Carmofur,K562|024h|01000nM,K562,24.0,1000.0,True,True,301,plate29|plate5,plate7_E10|plate7_E4,rep1|rep2,186,115,11697,True,2,186,115,plate5,plate7_E10,plate29,plate7_E4,True,16,16,measured_valid,undetected,undetected,result_valid,False,1
Carmofur,K562|024h|10000nM,K562,24.0,10000.0,True,True,274,plate30|plate5,plate7_E4|plate8_E10,rep1|rep2,146,128,10666,True,2,146,128,plate5,plate7_E4,plate30,plate8_E10,True,16,16,measured_valid,ambiguous,ambiguous,result_valid,False,1
Carmofur,MCF7|024h|00010nM,MCF7,24.0,10.0,True,True,422,plate22|plate46,plate8_E10|plate8_E4,rep1|rep2,155,267,20196,True,2,155,267,plate22,plate8_E10,plate46,plate8_E4,True,16,16,measured_valid,undetected,undetected,result_valid,False,1
Carmofur,MCF7|024h|00100nM,MCF7,24.0,100.0,True,True,351,plate22|plate45,plate7_E10|plate8_E4,rep1|rep2,180,171,18858,True,2,180,171,plate22,plate8_E4,plate45,plate7_E10,True,16,16,measured_valid,undetected,undetected,result_valid,False,1
Carmofur,MCF7|024h|01000nM,MCF7,24.0,1000.0,True,True,405,plate21|plate45,plate7_E10|plate7_E4,rep1|rep2,202,203,16112,True,2,202,203,plate21,plate7_E10,plate45,plate7_E4,True,16,16,measured_valid,undetected,undetected,result_valid,False,1
Carmofur,MCF7|024h|10000nM,MCF7,24.0,10000.0,True,True,427,plate21|plate46,plate7_E4|plate8_E10,rep1|rep2,195,232,17665,True,2,195,232,plate21,plate7_E4,plate46,plate8_E10,True,16,16,measured_valid,eliminating,eliminate_a,result_valid,False,1
Cediranib (AZD2171),A549|024h|00010nM,A549,24.0,10.0,True,True,269,plate14|plate38,plate8_G3|plate8_G9,rep1|rep2,126,143,10740,True,2,126,143,plate14,plate8_G9,plate38,plate8_G3,True,16,16,measured_valid,undetected,undetected,result_valid,False,1
Cediranib (AZD2171),A549|024h|00100nM,A549,24.0,100.0,True,True,228,plate14|plate37,plate7_G9|plate8_G3,rep1|rep2,102,126,10668,True,2,102,126,plate14,plate8_G3,plate37,plate7_G9,True,16,16,measured_valid,undetected,undetected,result_valid,False,1
Cediranib (AZD2171),A549|024h|01000nM,A549,24.0,1000.0,True,True,200,plate13|plate37,plate7_G3|plate7_G9,rep1|rep2,76,124,10047,True,2,76,124,plate13,plate7_G9,plate37,plate7_G3,True,16,16,measured_valid,undetected,undetected,result_valid,False,1
Cediranib (AZD2171),A549|024h|10000nM,A549,24.0,10000.0,True,True,161,plate13|plate38,plate7_G3|plate8_G9,rep1|rep2,70,91,9275,True,2,70,91,plate13,plate7_G3,plate38,plate8_G9,True,16,16,measured_valid,ambiguous,ambiguous,result_valid,False,1
Cediranib (AZD2171),K562|024h|00010nM,K562,24.0,10.0,True,True,272,plate30|plate6,plate8_G3|plate8_G9,rep1|rep2,158,114,12122,True,2,158,114,plate6,plate8_G9,plate30,plate8_G3,True,16,16,measured_valid,undetected,undetected,result_valid,False,1
Cediranib (AZD2171),K562|024h|00100nM,K562,24.0,100.0,True,True,299,plate29|plate6,plate7_G9|plate8_G3,rep1|rep2,169,130,11851,True,2,169,130,plate6,plate8_G3,plate29,plate7_G9,True,16,16,measured_valid,ambiguous,ambiguous,result_valid,False,1
Cediranib (AZD2171),K562|024h|01000nM,K562,24.0,1000.0,True,True,279,plate29|plate5,plate7_G3|plate7_G9,rep1|rep2,169,110,11697,True,2,169,110,plate5,plate7_G9,plate29,plate7_G3,True,16,16,measured_valid,undetected,undetected,result_valid,False,1
Cediranib (AZD2171),K562|024h|10000nM,K562,24.0,10000.0,True,True,133,plate30|plate5,plate7_G3|plate8_G9,rep1|rep2,72,61,10666,True,2,72,61,plate5,plate7_G3,plate30,plate8_G9,True,16,16,measured_valid,ambiguous,ambiguous,result_valid,False,1
Cediranib (AZD2171),MCF7|024h|00010nM,MCF7,24.0,10.0,True,True,464,plate22|plate46,plate8_G3|plate8_G9,rep1|rep2,181,283,20196,True,2,181,283,plate22,plate8_G9,plate46,plate8_G3,True,16,16,measured_valid,undetected,undetected,result_valid,False,1
Cediranib (AZD2171),MCF7|024h|00100nM,MCF7,24.0,100.0,True,True,436,plate22|plate45,plate7_G9|plate8_G3,rep1|rep2,184,252,18858,True,2,184,252,plate22,plate8_G3,plate45,plate7_G9,True,16,16,measured_valid,undetected,undetected,result_valid,False,1
Cediranib (AZD2171),MCF7|024h|01000nM,MCF7,24.0,1000.0,True,True,353,plate21|plate45,plate7_G3|plate7_G9,rep1|rep2,146,207,16112,True,2,146,207,plate21,plate7_G9,plate45,plate7_G3,True,16,16,measured_valid,ambiguous,ambiguous,result_valid,False,1
Cediranib (AZD2171),MCF7|024h|10000nM,MCF7,24.0,10000.0,True,True,317,plate21|plate46,plate7_G3|plate8_G9,rep1|rep2,67,250,17665,True,2,67,250,plate21,plate7_G3,plate46,plate8_G9,True,16,16,measured_valid,eliminating,eliminate_a,result_valid,False,1
"Cerdulatinib (PRT062070, PRT2070)",A549|024h|00010nM,A549,24.0,10.0,True,True,231,plate12|plate36,plate6_H3|plate6_H9,rep1|rep2,90,141,11338,True,2,90,141,plate12,plate6_H9,plate36,plate6_H3,True,16,16,measured_valid,undetected,undetected,result_valid,False,1
"Cerdulatinib (PRT062070, PRT2070)",A549|024h|00100nM,A549,24.0,100.0,True,True,253,plate12|plate35,plate5_H9|plate6_H3,rep1|rep2,119,134,11179,True,2,119,134,plate12,plate6_H3,plate35,plate5_H9,True,16,16,measured_valid,undetected,undetected,result_valid,False,1
"Cerdulatinib (PRT062070, PRT2070)",A549|024h|01000nM,A549,24.0,1000.0,True,True,256,plate11|plate35,plate5_H3|plate5_H9,rep1|rep2,134,122,10404,True,2,134,122,plate11,plate5_H9,plate35,plate5_H3,True,16,16,measured_valid,ambiguous,ambiguous,result_valid,False,1
"Cerdulatinib (PRT062070, PRT2070)",A549|024h|10000nM,A549,24.0,10000.0,True,True,189,plate11|plate36,plate5_H3|plate6_H9,rep1|rep2,69,120,9895,True,2,69,120,plate11,plate5_H3,plate36,plate6_H9,True,16,16,measured_valid,eliminating,eliminate_b,result_valid,False,1
"Cerdulatinib (PRT062070, PRT2070)",K562|024h|00010nM,K562,24.0,10.0,True,True,281,plate28|plate4,plate6_H3|plate6_H9,rep1|rep2,132,149,11863,True,2,132,149,plate4,plate6_H9,plate28,plate6_H3,True,16,16,measured_valid,undetected,undetected,result_valid,False,1
"Cerdulatinib (PRT062070, PRT2070)",K562|024h|00100nM,K562,24.0,100.0,True,True,255,plate27|plate4,plate5_H9|plate6_H3,rep1|rep2,148,107,10898,True,2,148,107,plate4,plate6_H3,plate27,plate5_H9,True,16,16,measured_valid,undetected,undetected,result_valid,False,1
"Cerdulatinib (PRT062070, PRT2070)",K562|024h|01000nM,K562,24.0,1000.0,True,True,247,plate27|plate3,plate5_H3|plate5_H9,rep1|rep2,144,103,10473,True,2,144,103,plate3,plate5_H9,plate27,plate5_H3,True,16,16,measured_valid,undetected,undetected,result_valid,False,1
"Cerdulatinib (PRT062070, PRT2070)",K562|024h|10000nM,K562,24.0,10000.0,True,True,226,plate28|plate3,plate5_H3|plate6_H9,rep1|rep2,126,100,8992,True,2,126,100,plate3,plate5_H3,plate28,plate6_H9,True,16,16,measured_valid,eliminating,eliminate_a,result_valid,False,1
"Cerdulatinib (PRT062070, PRT2070)",MCF7|024h|00010nM,MCF7,24.0,10.0,True,True,657,plate20|plate44,plate6_H3|plate6_H9,rep1|rep2,281,376,26856,True,2,281,376,plate20,plate6_H9,plate44,plate6_H3,True,16,16,measured_valid,undetected,undetected,result_valid,False,1
"Cerdulatinib (PRT062070, PRT2070)",MCF7|024h|00100nM,MCF7,24.0,100.0,True,True,560,plate20|plate43,plate5_H9|plate6_H3,rep1|rep2,236,324,24746,True,2,236,324,plate20,plate6_H3,plate43,plate5_H9,True,16,16,measured_valid,undetected,undetected,result_valid,False,1
"Cerdulatinib (PRT062070, PRT2070)",MCF7|024h|01000nM,MCF7,24.0,1000.0,True,True,534,plate19|plate43,plate5_H3|plate5_H9,rep1|rep2,219,315,22654,True,2,219,315,plate19,plate5_H9,plate43,plate5_H3,True,16,16,measured_valid,undetected,undetected,result_valid,False,1
"Cerdulatinib (PRT062070, PRT2070)",MCF7|024h|10000nM,MCF7,24.0,10000.0,True,True,427,plate19|plate44,plate5_H3|plate6_H9,rep1|rep2,166,261,20487,True,2,166,261,plate19,plate5_H3,plate44,plate6_H9,True,16,16,measured_valid,ambiguous,ambiguous,result_valid,False,1
Clevudine,A549|024h|00010nM,A549,24.0,10.0,True,True,288,plate12|plate36,plate6_C11|plate6_C5,rep1|rep2,123,165,11338,True,2,123,165,plate12,plate6_C11,plate36,plate6_C5,True,16,16,measured_valid,undetected,undetected,result_valid,False,1
Clevudine,A549|024h|00100nM,A549,24.0,100.0,True,True,217,plate12|plate35,plate5_C11|plate6_C5,rep1|rep2,82,135,11179,True,2,82,135,plate12,plate6_C5,plate35,plate5_C11,True,16,16,measured_valid,undetected,undetected,result_valid,False,1
Clevudine,A549|024h|01000nM,A549,24.0,1000.0,True,True,240,plate11|plate35,plate5_C11|plate5_C5,rep1|rep2,94,146,10404,True,2,94,146,plate11,plate5_C11,plate35,plate5_C5,True,16,16,measured_valid,undetected,undetected,result_valid,False,1
Clevudine,A549|024h|10000nM,A549,24.0,10000.0,True,True,292,plate11|plate36,plate5_C5|plate6_C11,rep1|rep2,107,185,9895,True,2,107,185,plate11,plate5_C5,plate36,plate6_C11,True,16,16,measured_valid,undetected,undetected,result_valid,False,1
Clevudine,K562|024h|00010nM,K562,24.0,10.0,True,True,248,plate28|plate4,plate6_C11|plate6_C5,rep1|rep2,120,128,11863,True,2,120,128,plate4,plate6_C11,plate28,plate6_C5,True,16,16,measured_valid,undetected,undetected,result_valid,False,1
Clevudine,K562|024h|00100nM,K562,24.0,100.0,True,True,248,plate27|plate4,plate5_C11|plate6_C5,rep1|rep2,137,111,10898,True,2,137,111,plate4,plate6_C5,plate27,plate5_C11,True,16,16,measured_valid,undetected,undetected,result_valid,False,1
Clevudine,K562|024h|01000nM,K562,24.0,1000.0,True,True,237,plate27|plate3,plate5_C11|plate5_C5,rep1|rep2,130,107,10473,True,2,130,107,plate3,plate5_C11,plate27,plate5_C5,True,16,16,measured_valid,undetected,undetected,result_valid,False,1
Clevudine,K562|024h|10000nM,K562,24.0,10000.0,True,True,247,plate28|plate3,plate5_C5|plate6_C11,rep1|rep2,108,139,8992,True,2,108,139,plate3,plate5_C5,plate28,plate6_C11,True,16,16,measured_valid,undetected,undetected,result_valid,False,1
Clevudine,MCF7|024h|00010nM,MCF7,24.0,10.0,True,True,579,plate20|plate44,plate6_C11|plate6_C5,rep1|rep2,225,354,26856,True,2,225,354,plate20,plate6_C11,plate44,plate6_C5,True,16,16,measured_valid,undetected,undetected,result_valid,False,1
Clevudine,MCF7|024h|00100nM,MCF7,24.0,100.0,True,True,540,plate20|plate43,plate5_C11|plate6_C5,rep1|rep2,257,283,24746,True,2,257,283,plate20,plate6_C5,plate43,plate5_C11,True,16,16,measured_valid,undetected,undetected,result_valid,False,1
Clevudine,MCF7|024h|01000nM,MCF7,24.0,1000.0,True,True,460,plate19|plate43,plate5_C11|plate5_C5,rep1|rep2,156,304,22654,True,2,156,304,plate19,plate5_C11,plate43,plate5_C5,True,16,16,measured_valid,undetected,undetected,result_valid,False,1
Clevudine,MCF7|024h|10000nM,MCF7,24.0,10000.0,True,True,488,plate19|plate44,plate5_C5|plate6_C11,rep1|rep2,193,295,20487,True,2,193,295,plate19,plate5_C5,plate44,plate6_C11,True,16,16,measured_valid,undetected,undetected,result_valid,False,1
Costunolide,A549|024h|00010nM,A549,24.0,10.0,True,True,242,plate14|plate38,plate8_G12|plate8_G6,rep1|rep2,122,120,10740,True,2,122,120,plate14,plate8_G12,plate38,plate8_G6,True,16,16,measured_valid,undetected,undetected,result_valid,False,1
Costunolide,A549|024h|00100nM,A549,24.0,100.0,True,True,245,plate14|plate37,plate7_G12|plate8_G6,rep1|rep2,116,129,10668,True,2,116,129,plate14,plate8_G6,plate37,plate7_G12,True,16,16,measured_valid,undetected,undetected,result_valid,False,1
Costunolide,A549|024h|01000nM,A549,24.0,1000.0,True,True,238,plate13|plate37,plate7_G12|plate7_G6,rep1|rep2,94,144,10047,True,2,94,144,plate13,plate7_G12,plate37,plate7_G6,True,16,16,measured_valid,undetected,undetected,result_valid,False,1
Costunolide,A549|024h|10000nM,A549,24.0,10000.0,True,True,244,plate13|plate38,plate7_G6|plate8_G12,rep1|rep2,111,133,9275,True,2,111,133,plate13,plate7_G6,plate38,plate8_G12,True,16,16,measured_valid,undetected,undetected,result_valid,False,1
Costunolide,K562|024h|00010nM,K562,24.0,10.0,True,True,291,plate30|plate6,plate8_G12|plate8_G6,rep1|rep2,152,139,12122,True,2,152,139,plate6,plate8_G12,plate30,plate8_G6,True,16,16,measured_valid,ambiguous,ambiguous,result_valid,False,1
Costunolide,K562|024h|00100nM,K562,24.0,100.0,True,True,294,plate29|plate6,plate7_G12|plate8_G6,rep1|rep2,182,112,11851,True,2,182,112,plate6,plate8_G6,plate29,plate7_G12,True,16,16,measured_valid,undetected,undetected,result_valid,False,1
Costunolide,K562|024h|01000nM,K562,24.0,1000.0,True,True,248,plate29|plate5,plate7_G12|plate7_G6,rep1|rep2,146,102,11697,True,2,146,102,plate5,plate7_G12,plate29,plate7_G6,True,16,16,measured_valid,undetected,undetected,result_valid,False,1
Costunolide,K562|024h|10000nM,K562,24.0,10000.0,True,True,273,plate30|plate5,plate7_G6|plate8_G12,rep1|rep2,140,133,10666,True,2,140,133,plate5,plate7_G6,plate30,plate8_G12,True,16,16,measured_valid,ambiguous,ambiguous,result_valid,False,1
Costunolide,MCF7|024h|00010nM,MCF7,24.0,10.0,True,True,506,plate22|plate46,plate8_G12|plate8_G6,rep1|rep2,185,321,20196,True,2,185,321,plate22,plate8_G12,plate46,plate8_G6,True,16,16,measured_valid,undetected,undetected,result_valid,False,1
Costunolide,MCF7|024h|00100nM,MCF7,24.0,100.0,True,True,417,plate22|plate45,plate7_G12|plate8_G6,rep1|rep2,164,253,18858,True,2,164,253,plate22,plate8_G6,plate45,plate7_G12,True,16,16,measured_valid,undetected,undetected,result_valid,False,1
Costunolide,MCF7|024h|01000nM,MCF7,24.0,1000.0,True,True,381,plate21|plate45,plate7_G12|plate7_G6,rep1|rep2,134,247,16112,True,2,134,247,plate21,plate7_G12,plate45,plate7_G6,True,16,16,measured_valid,undetected,undetected,result_valid,False,1
Costunolide,MCF7|024h|10000nM,MCF7,24.0,10000.0,True,True,462,plate21|plate46,plate7_G6|plate8_G12,rep1|rep2,172,290,17665,True,2,172,290,plate21,plate7_G6,plate46,plate8_G12,True,16,16,measured_valid,ambiguous,ambiguous,result_valid,False,1
Crizotinib (PF-02341066),A549|024h|00010nM,A549,24.0,10.0,True,True,231,plate16|plate40,plate10_E12|plate10_E6,rep1|rep2,108,123,11616,True,2,108,123,plate16,plate10_E12,plate40,plate10_E6,True,16,16,measured_valid,undetected,undetected,result_valid,False,1
Crizotinib (PF-02341066),A549|024h|00100nM,A549,24.0,100.0,True,True,232,plate16|plate39,plate10_E6|plate9_E12,rep1|rep2,110,122,10434,True,2,110,122,plate16,plate10_E6,plate39,plate9_E12,True,16,16,measured_valid,undetected,undetected,result_valid,False,1
Crizotinib (PF-02341066),A549|024h|01000nM,A549,24.0,1000.0,True,True,237,plate15|plate39,plate9_E12|plate9_E6,rep1|rep2,104,133,9830,True,2,104,133,plate15,plate9_E12,plate39,plate9_E6,True,16,16,measured_valid,eliminating,eliminate_a,result_valid,False,1
Crizotinib (PF-02341066),A549|024h|10000nM,A549,24.0,10000.0,True,True,118,plate15|plate40,plate10_E12|plate9_E6,rep1|rep2,59,59,9263,True,2,59,59,plate15,plate9_E6,plate40,plate10_E12,True,16,16,measured_valid,ambiguous,ambiguous,result_valid,False,1
Crizotinib (PF-02341066),K562|024h|00010nM,K562,24.0,10.0,True,True,269,plate32|plate8,plate10_E12|plate10_E6,rep1|rep2,144,125,10989,True,2,144,125,plate8,plate10_E12,plate32,plate10_E6,True,16,16,measured_valid,undetected,undetected,result_valid,False,1
Crizotinib (PF-02341066),K562|024h|00100nM,K562,24.0,100.0,True,True,229,plate31|plate8,plate10_E6|plate9_E12,rep1|rep2,130,99,10801,True,2,130,99,plate8,plate10_E6,plate31,plate9_E12,True,16,16,measured_valid,undetected,undetected,result_valid,False,1
Crizotinib (PF-02341066),K562|024h|01000nM,K562,24.0,1000.0,True,True,148,plate31|plate7,plate9_E12|plate9_E6,rep1|rep2,76,72,10759,True,2,76,72,plate7,plate9_E12,plate31,plate9_E6,True,16,16,measured_valid,eliminating,eliminate_a,result_valid,False,1
Crizotinib (PF-02341066),K562|024h|10000nM,K562,24.0,10000.0,True,True,114,plate32|plate7,plate10_E12|plate9_E6,rep1|rep2,69,45,8971,True,2,69,45,plate7,plate9_E6,plate32,plate10_E12,True,16,16,measured_valid,eliminating,eliminate_a,result_valid,False,1
Crizotinib (PF-02341066),MCF7|024h|00010nM,MCF7,24.0,10.0,True,True,501,plate24|plate48,plate10_E12|plate10_E6,rep1|rep2,223,278,22475,True,2,223,278,plate24,plate10_E12,plate48,plate10_E6,True,16,16,measured_valid,undetected,undetected,result_valid,False,1
Crizotinib (PF-02341066),MCF7|024h|00100nM,MCF7,24.0,100.0,True,True,451,plate24|plate47,plate10_E6|plate9_E12,rep1|rep2,211,240,23948,True,2,211,240,plate24,plate10_E6,plate47,plate9_E12,True,16,16,measured_valid,undetected,undetected,result_valid,False,1
Crizotinib (PF-02341066),MCF7|024h|01000nM,MCF7,24.0,1000.0,True,True,407,plate23|plate47,plate9_E12|plate9_E6,rep1|rep2,114,293,19841,True,2,114,293,plate23,plate9_E12,plate47,plate9_E6,True,16,16,measured_valid,undetected,undetected,result_valid,False,1
Crizotinib (PF-02341066),MCF7|024h|10000nM,MCF7,24.0,10000.0,True,True,310,plate23|plate48,plate10_E12|plate9_E6,rep1|rep2,139,171,16814,True,2,139,171,plate23,plate9_E6,plate48,plate10_E12,True,16,16,measured_valid,eliminating,eliminate_b,result_valid,False,1
Cyclocytidine HCl,A549|024h|00010nM,A549,24.0,10.0,True,True,231,plate16|plate40,plate10_B11|plate10_B5,rep1|rep2,111,120,11616,True,2,111,120,plate16,plate10_B11,plate40,plate10_B5,True,16,16,measured_valid,undetected,undetected,result_valid,False,1
Cyclocytidine HCl,A549|024h|00100nM,A549,24.0,100.0,True,True,176,plate16|plate39,plate10_B5|plate9_B11,rep1|rep2,98,78,10434,True,2,98,78,plate16,plate10_B5,plate39,plate9_B11,True,16,16,measured_valid,ambiguous,ambiguous,result_valid,False,1
Cyclocytidine HCl,A549|024h|01000nM,A549,24.0,1000.0,True,True,163,plate15|plate39,plate9_B11|plate9_B5,rep1|rep2,77,86,9830,True,2,77,86,plate15,plate9_B11,plate39,plate9_B5,True,16,16,measured_valid,eliminating,eliminate_a,result_valid,False,1
Cyclocytidine HCl,A549|024h|10000nM,A549,24.0,10000.0,True,True,164,plate15|plate40,plate10_B11|plate9_B5,rep1|rep2,81,83,9263,True,2,81,83,plate15,plate9_B5,plate40,plate10_B11,True,16,16,measured_valid,eliminating,eliminate_a,result_valid,False,1
Cyclocytidine HCl,K562|024h|00010nM,K562,24.0,10.0,True,True,213,plate32|plate8,plate10_B11|plate10_B5,rep1|rep2,113,100,10989,True,2,113,100,plate8,plate10_B11,plate32,plate10_B5,True,16,16,measured_valid,eliminating,eliminate_a,result_valid,False,1
Cyclocytidine HCl,K562|024h|00100nM,K562,24.0,100.0,True,True,274,plate31|plate8,plate10_B5|plate9_B11,rep1|rep2,156,118,10801,True,2,156,118,plate8,plate10_B5,plate31,plate9_B11,True,16,16,measured_valid,eliminating,eliminate_a,result_valid,False,1
Cyclocytidine HCl,K562|024h|01000nM,K562,24.0,1000.0,True,True,225,plate31|plate7,plate9_B11|plate9_B5,rep1|rep2,110,115,10759,True,2,110,115,plate7,plate9_B11,plate31,plate9_B5,True,16,16,measured_valid,eliminating,eliminate_a,result_valid,False,1
Cyclocytidine HCl,K562|024h|10000nM,K562,24.0,10000.0,True,True,245,plate32|plate7,plate10_B11|plate9_B5,rep1|rep2,151,94,8971,True,2,151,94,plate7,plate9_B5,plate32,plate10_B11,True,16,16,measured_valid,eliminating,eliminate_a,result_valid,False,1
Cyclocytidine HCl,MCF7|024h|00010nM,MCF7,24.0,10.0,True,True,536,plate24|plate48,plate10_B11|plate10_B5,rep1|rep2,224,312,22475,True,2,224,312,plate24,plate10_B11,plate48,plate10_B5,True,16,16,measured_valid,undetected,undetected,result_valid,False,1
Cyclocytidine HCl,MCF7|024h|00100nM,MCF7,24.0,100.0,True,True,557,plate24|plate47,plate10_B5|plate9_B11,rep1|rep2,217,340,23948,True,2,217,340,plate24,plate10_B5,plate47,plate9_B11,True,16,16,measured_valid,undetected,undetected,result_valid,False,1
Cyclocytidine HCl,MCF7|024h|01000nM,MCF7,24.0,1000.0,True,True,399,plate23|plate47,plate9_B11|plate9_B5,rep1|rep2,138,261,19841,True,2,138,261,plate23,plate9_B11,plate47,plate9_B5,True,16,16,measured_valid,ambiguous,ambiguous,result_valid,False,1
Cyclocytidine HCl,MCF7|024h|10000nM,MCF7,24.0,10000.0,True,True,248,plate23|plate48,plate10_B11|plate9_B5,rep1|rep2,40,208,16814,True,2,40,208,plate23,plate9_B5,plate48,plate10_B11,True,16,16,measured_valid,eliminating,eliminate_a,result_valid,False,1
Dacinostat (LAQ824),A549|024h|00010nM,A549,24.0,10.0,True,True,231,plate10|plate34,plate4_D2|plate4_D8,rep1|rep2,88,143,9045,True,2,88,143,plate10,plate4_D8,plate34,plate4_D2,True,16,16,measured_valid,eliminating,eliminate_a,result_valid,False,1
Dacinostat (LAQ824),A549|024h|00100nM,A549,24.0,100.0,True,True,175,plate10|plate33,plate3_D8|plate4_D2,rep1|rep2,62,113,8564,True,2,62,113,plate10,plate4_D2,plate33,plate3_D8,True,16,16,measured_valid,eliminating,eliminate_a,result_valid,False,1
Dacinostat (LAQ824),A549|024h|01000nM,A549,24.0,1000.0,True,True,115,plate33|plate9,plate3_D2|plate3_D8,rep1|rep2,39,76,8686,True,2,39,76,plate9,plate3_D8,plate33,plate3_D2,True,16,16,measured_valid,eliminating,eliminate_a,result_valid,False,1
Dacinostat (LAQ824),A549|024h|10000nM,A549,24.0,10000.0,True,True,108,plate34|plate9,plate3_D2|plate4_D8,rep1|rep2,34,74,7414,True,2,34,74,plate9,plate3_D2,plate34,plate4_D8,True,16,16,measured_valid,eliminating,eliminate_a,result_valid,False,1
Dacinostat (LAQ824),K562|024h|00010nM,K562,24.0,10.0,True,True,158,plate2|plate26,plate4_D2|plate4_D8,rep1|rep2,78,80,11078,True,2,78,80,plate2,plate4_D8,plate26,plate4_D2,True,16,16,measured_valid,eliminating,eliminate_a,result_valid,False,1
Dacinostat (LAQ824),K562|024h|00100nM,K562,24.0,100.0,True,True,127,plate2|plate25,plate3_D8|plate4_D2,rep1|rep2,76,51,10232,True,2,76,51,plate2,plate4_D2,plate25,plate3_D8,True,16,16,measured_valid,eliminating,eliminate_a,result_valid,False,1
Dacinostat (LAQ824),K562|024h|01000nM,K562,24.0,1000.0,True,True,116,plate1|plate25,plate3_D2|plate3_D8,rep1|rep2,59,57,9884,True,2,59,57,plate1,plate3_D8,plate25,plate3_D2,True,16,16,measured_valid,eliminating,eliminate_a,result_valid,False,1
Dacinostat (LAQ824),K562|024h|10000nM,K562,24.0,10000.0,True,True,94,plate1|plate26,plate3_D2|plate4_D8,rep1|rep2,49,45,8441,True,2,49,45,plate1,plate3_D2,plate26,plate4_D8,True,16,16,measured_valid,eliminating,eliminate_a,result_valid,False,1
Dacinostat (LAQ824),MCF7|024h|00010nM,MCF7,24.0,10.0,True,True,490,plate18|plate42,plate4_D2|plate4_D8,rep1|rep2,223,267,22013,True,2,223,267,plate18,plate4_D8,plate42,plate4_D2,True,16,16,measured_valid,eliminating,eliminate_a,result_valid,False,1
Dacinostat (LAQ824),MCF7|024h|00100nM,MCF7,24.0,100.0,True,True,355,plate18|plate41,plate3_D8|plate4_D2,rep1|rep2,167,188,19868,True,2,167,188,plate18,plate4_D2,plate41,plate3_D8,True,16,16,measured_valid,eliminating,eliminate_a,result_valid,False,1
Dacinostat (LAQ824),MCF7|024h|01000nM,MCF7,24.0,1000.0,True,True,397,plate17|plate41,plate3_D2|plate3_D8,rep1|rep2,223,174,22621,True,2,223,174,plate17,plate3_D8,plate41,plate3_D2,True,16,16,measured_valid,eliminating,eliminate_a,result_valid,False,1
Dacinostat (LAQ824),MCF7|024h|10000nM,MCF7,24.0,10000.0,True,True,473,plate17|plate42,plate3_D2|plate4_D8,rep1|rep2,238,235,21922,True,2,238,235,plate17,plate3_D2,plate42,plate4_D8,True,16,16,measured_valid,eliminating,eliminate_a,result_valid,False,1
Danusertib (PHA-739358),A549|024h|00010nM,A549,24.0,10.0,True,True,214,plate10|plate34,plate4_A3|plate4_A9,rep1|rep2,76,138,9045,True,2,76,138,plate10,plate4_A9,plate34,plate4_A3,True,16,16,measured_valid,undetected,undetected,result_valid,False,1
Danusertib (PHA-739358),A549|024h|00100nM,A549,24.0,100.0,True,True,149,plate10|plate33,plate3_A9|plate4_A3,rep1|rep2,61,88,8564,True,2,61,88,plate10,plate4_A3,plate33,plate3_A9,True,16,16,measured_valid,eliminating,eliminate_b,result_valid,False,1
Danusertib (PHA-739358),A549|024h|01000nM,A549,24.0,1000.0,True,True,140,plate33|plate9,plate3_A3|plate3_A9,rep1|rep2,31,109,8686,True,2,31,109,plate9,plate3_A9,plate33,plate3_A3,True,16,16,measured_valid,eliminating,eliminate_b,result_valid,False,1
Danusertib (PHA-739358),A549|024h|10000nM,A549,24.0,10000.0,True,True,116,plate34|plate9,plate3_A3|plate4_A9,rep1|rep2,29,87,7414,True,2,29,87,plate9,plate3_A3,plate34,plate4_A9,True,16,16,measured_valid,eliminating,eliminate_b,result_valid,False,1
Danusertib (PHA-739358),K562|024h|00010nM,K562,24.0,10.0,True,True,192,plate2|plate26,plate4_A3|plate4_A9,rep1|rep2,119,73,11078,True,2,119,73,plate2,plate4_A9,plate26,plate4_A3,True,16,16,measured_valid,ambiguous,ambiguous,result_valid,False,1
Danusertib (PHA-739358),K562|024h|00100nM,K562,24.0,100.0,True,True,155,plate2|plate25,plate3_A9|plate4_A3,rep1|rep2,87,68,10232,True,2,87,68,plate2,plate4_A3,plate25,plate3_A9,True,16,16,measured_valid,ambiguous,ambiguous,result_valid,False,1
Danusertib (PHA-739358),K562|024h|01000nM,K562,24.0,1000.0,True,True,152,plate1|plate25,plate3_A3|plate3_A9,rep1|rep2,98,54,9884,True,2,98,54,plate1,plate3_A9,plate25,plate3_A3,True,16,16,measured_valid,eliminating,eliminate_b,result_valid,False,1
Danusertib (PHA-739358),K562|024h|10000nM,K562,24.0,10000.0,True,True,149,plate1|plate26,plate3_A3|plate4_A9,rep1|rep2,100,49,8441,True,2,100,49,plate1,plate3_A3,plate26,plate4_A9,True,16,16,measured_valid,eliminating,eliminate_b,result_valid,False,1
Danusertib (PHA-739358),MCF7|024h|00010nM,MCF7,24.0,10.0,True,True,416,plate18|plate42,plate4_A3|plate4_A9,rep1|rep2,171,245,22013,True,2,171,245,plate18,plate4_A9,plate42,plate4_A3,True,16,16,measured_valid,eliminating,eliminate_b,result_valid,False,1
Danusertib (PHA-739358),MCF7|024h|00100nM,MCF7,24.0,100.0,True,True,385,plate18|plate41,plate3_A9|plate4_A3,rep1|rep2,173,212,19868,True,2,173,212,plate18,plate4_A3,plate41,plate3_A9,True,16,16,measured_valid,eliminating,eliminate_b,result_valid,False,1
Danusertib (PHA-739358),MCF7|024h|01000nM,MCF7,24.0,1000.0,True,True,411,plate17|plate41,plate3_A3|plate3_A9,rep1|rep2,196,215,22621,True,2,196,215,plate17,plate3_A9,plate41,plate3_A3,True,16,16,measured_valid,eliminating,eliminate_b,result_valid,False,1
Danusertib (PHA-739358),MCF7|024h|10000nM,MCF7,24.0,10000.0,True,True,320,plate17|plate42,plate3_A3|plate4_A9,rep1|rep2,144,176,21922,True,2,144,176,plate17,plate3_A3,plate42,plate4_A9,True,16,16,measured_valid,eliminating,eliminate_b,result_valid,False,1
Divalproex Sodium,A549|024h|00010nM,A549,24.0,10.0,True,True,184,plate10|plate34,plate4_G1|plate4_G7,rep1|rep2,46,138,9045,True,2,46,138,plate10,plate4_G7,plate34,plate4_G1,True,16,16,measured_valid,undetected,undetected,result_valid,False,1
Divalproex Sodium,A549|024h|00100nM,A549,24.0,100.0,True,True,220,plate10|plate33,plate3_G7|plate4_G1,rep1|rep2,89,131,8564,True,2,89,131,plate10,plate4_G1,plate33,plate3_G7,True,16,16,measured_valid,undetected,undetected,result_valid,False,1
Divalproex Sodium,A549|024h|01000nM,A549,24.0,1000.0,True,True,134,plate33|plate9,plate3_F7|plate3_G1,rep1|rep2,30,104,8686,True,2,30,104,plate9,plate3_F7,plate33,plate3_G1,True,16,16,measured_valid,undetected,undetected,result_valid,False,1
Divalproex Sodium,A549|024h|10000nM,A549,24.0,10000.0,True,True,171,plate34|plate9,plate3_F1|plate4_G7,rep1|rep2,23,148,7414,True,2,23,148,plate9,plate3_F1,plate34,plate4_G7,True,16,16,measured_valid,undetected,undetected,result_valid,False,1
Divalproex Sodium,K562|024h|00010nM,K562,24.0,10.0,True,True,254,plate2|plate26,plate4_G1|plate4_G7,rep1|rep2,146,108,11078,True,2,146,108,plate2,plate4_G7,plate26,plate4_G1,True,16,16,measured_valid,undetected,undetected,result_valid,False,1
Divalproex Sodium,K562|024h|00100nM,K562,24.0,100.0,True,True,235,plate2|plate25,plate3_G7|plate4_G1,rep1|rep2,125,110,10232,True,2,125,110,plate2,plate4_G1,plate25,plate3_G7,True,16,16,measured_valid,undetected,undetected,result_valid,False,1
Divalproex Sodium,K562|024h|01000nM,K562,24.0,1000.0,True,True,289,plate1|plate25,plate3_G1|plate3_G7,rep1|rep2,127,162,9884,True,2,127,162,plate1,plate3_G7,plate25,plate3_G1,True,16,16,measured_valid,undetected,undetected,result_valid,False,1
Divalproex Sodium,K562|024h|10000nM,K562,24.0,10000.0,True,True,241,plate1|plate26,plate3_G1|plate4_G7,rep1|rep2,127,114,8441,True,2,127,114,plate1,plate3_G1,plate26,plate4_G7,True,16,16,measured_valid,undetected,undetected,result_valid,False,1
Divalproex Sodium,MCF7|024h|00010nM,MCF7,24.0,10.0,True,True,529,plate18|plate42,plate4_G1|plate4_G7,rep1|rep2,246,283,22013,True,2,246,283,plate18,plate4_G7,plate42,plate4_G1,True,16,16,measured_valid,undetected,undetected,result_valid,False,1
Divalproex Sodium,MCF7|024h|00100nM,MCF7,24.0,100.0,True,True,500,plate18|plate41,plate3_G7|plate4_G1,rep1|rep2,270,230,19868,True,2,270,230,plate18,plate4_G1,plate41,plate3_G7,True,16,16,measured_valid,undetected,undetected,result_valid,False,1
Divalproex Sodium,MCF7|024h|01000nM,MCF7,24.0,1000.0,True,True,641,plate17|plate41,plate3_G1|plate3_G7,rep1|rep2,303,338,22621,True,2,303,338,plate17,plate3_G7,plate41,plate3_G1,True,16,16,measured_valid,undetected,undetected,result_valid,False,1
Divalproex Sodium,MCF7|024h|10000nM,MCF7,24.0,10000.0,True,True,584,plate17|plate42,plate3_G1|plate4_G7,rep1|rep2,325,259,21922,True,2,325,259,plate17,plate3_G1,plate42,plate4_G7,True,16,16,measured_valid,undetected,undetected,result_valid,False,1
Droxinostat,A549|024h|00010nM,A549,24.0,10.0,True,True,283,plate16|plate40,plate10_E11|plate10_E5,rep1|rep2,104,179,11616,True,2,104,179,plate16,plate10_E11,plate40,plate10_E5,True,16,16,measured_valid,undetected,undetected,result_valid,False,1
Droxinostat,A549|024h|00100nM,A549,24.0,100.0,True,True,276,plate16|plate39,plate10_E5|plate9_E11,rep1|rep2,116,160,10434,True,2,116,160,plate16,plate10_E5,plate39,plate9_E11,True,16,16,measured_valid,undetected,undetected,result_valid,False,1
Droxinostat,A549|024h|01000nM,A549,24.0,1000.0,True,True,256,plate15|plate39,plate9_E11|plate9_E5,rep1|rep2,106,150,9830,True,2,106,150,plate15,plate9_E11,plate39,plate9_E5,True,16,16,measured_valid,undetected,undetected,result_valid,False,1
Droxinostat,A549|024h|10000nM,A549,24.0,10000.0,True,True,242,plate15|plate40,plate10_E11|plate9_E5,rep1|rep2,94,148,9263,True,2,94,148,plate15,plate9_E5,plate40,plate10_E11,True,16,16,measured_valid,ambiguous,ambiguous,result_valid,False,1
Droxinostat,K562|024h|00010nM,K562,24.0,10.0,True,True,236,plate32|plate8,plate10_E11|plate10_E5,rep1|rep2,127,109,10989,True,2,127,109,plate8,plate10_E11,plate32,plate10_E5,True,16,16,measured_valid,undetected,undetected,result_valid,False,1
Droxinostat,K562|024h|00100nM,K562,24.0,100.0,True,True,236,plate31|plate8,plate10_E5|plate9_E11,rep1|rep2,109,127,10801,True,2,109,127,plate8,plate10_E5,plate31,plate9_E11,True,16,16,measured_valid,undetected,undetected,result_valid,False,1
Droxinostat,K562|024h|01000nM,K562,24.0,1000.0,True,True,261,plate31|plate7,plate9_E11|plate9_E5,rep1|rep2,153,108,10759,True,2,153,108,plate7,plate9_E11,plate31,plate9_E5,True,16,16,measured_valid,undetected,undetected,result_valid,False,1
Droxinostat,K562|024h|10000nM,K562,24.0,10000.0,True,True,204,plate32|plate7,plate10_E11|plate9_E5,rep1|rep2,121,83,8971,True,2,121,83,plate7,plate9_E5,plate32,plate10_E11,True,16,16,measured_valid,eliminating,eliminate_b,result_valid,False,1
Droxinostat,MCF7|024h|00010nM,MCF7,24.0,10.0,True,True,490,plate24|plate48,plate10_E11|plate10_E5,rep1|rep2,238,252,22475,True,2,238,252,plate24,plate10_E11,plate48,plate10_E5,True,16,16,measured_valid,undetected,undetected,result_valid,False,1
Droxinostat,MCF7|024h|00100nM,MCF7,24.0,100.0,True,True,514,plate24|plate47,plate10_E5|plate9_E11,rep1|rep2,218,296,23948,True,2,218,296,plate24,plate10_E5,plate47,plate9_E11,True,16,16,measured_valid,undetected,undetected,result_valid,False,1
Droxinostat,MCF7|024h|01000nM,MCF7,24.0,1000.0,True,True,477,plate23|plate47,plate9_E11|plate9_E5,rep1|rep2,171,306,19841,True,2,171,306,plate23,plate9_E11,plate47,plate9_E5,True,16,16,measured_valid,undetected,undetected,result_valid,False,1
Droxinostat,MCF7|024h|10000nM,MCF7,24.0,10000.0,True,True,532,plate23|plate48,plate10_E11|plate9_E5,rep1|rep2,231,301,16814,True,2,231,301,plate23,plate9_E5,plate48,plate10_E11,True,16,16,measured_valid,undetected,undetected,result_valid,False,1
EED226,A549|024h|00010nM,A549,24.0,10.0,True,True,170,plate10|plate34,plate4_E10|plate4_E4,rep1|rep2,49,121,9045,True,2,49,121,plate10,plate4_E10,plate34,plate4_E4,True,16,16,measured_valid,undetected,undetected,result_valid,False,1
EED226,A549|024h|00100nM,A549,24.0,100.0,True,True,186,plate10|plate33,plate3_E10|plate4_E4,rep1|rep2,35,151,8564,True,2,35,151,plate10,plate4_E4,plate33,plate3_E10,True,16,16,measured_valid,undetected,undetected,result_valid,False,1
EED226,A549|024h|01000nM,A549,24.0,1000.0,True,True,224,plate33|plate9,plate3_E10|plate3_E4,rep1|rep2,70,154,8686,True,2,70,154,plate9,plate3_E10,plate33,plate3_E4,True,16,16,measured_valid,undetected,undetected,result_valid,False,1
EED226,A549|024h|10000nM,A549,24.0,10000.0,True,True,182,plate34|plate9,plate3_E4|plate4_E10,rep1|rep2,44,138,7414,True,2,44,138,plate9,plate3_E4,plate34,plate4_E10,True,16,16,measured_valid,ambiguous,ambiguous,result_valid,False,1
EED226,K562|024h|00010nM,K562,24.0,10.0,True,True,255,plate2|plate26,plate4_E10|plate4_E4,rep1|rep2,154,101,11078,True,2,154,101,plate2,plate4_E10,plate26,plate4_E4,True,16,16,measured_valid,undetected,undetected,result_valid,False,1
EED226,K562|024h|00100nM,K562,24.0,100.0,True,True,249,plate2|plate25,plate3_E10|plate4_E4,rep1|rep2,134,115,10232,True,2,134,115,plate2,plate4_E4,plate25,plate3_E10,True,16,16,measured_valid,undetected,undetected,result_valid,False,1
EED226,K562|024h|01000nM,K562,24.0,1000.0,True,True,254,plate1|plate25,plate3_E10|plate3_E4,rep1|rep2,139,115,9884,True,2,139,115,plate1,plate3_E10,plate25,plate3_E4,True,16,16,measured_valid,undetected,undetected,result_valid,False,1
EED226,K562|024h|10000nM,K562,24.0,10000.0,True,True,236,plate1|plate26,plate3_E4|plate4_E10,rep1|rep2,134,102,8441,True,2,134,102,plate1,plate3_E4,plate26,plate4_E10,True,16,16,measured_valid,undetected,undetected,result_valid,False,1
EED226,MCF7|024h|00010nM,MCF7,24.0,10.0,True,True,514,plate18|plate42,plate4_E10|plate4_E4,rep1|rep2,221,293,22013,True,2,221,293,plate18,plate4_E10,plate42,plate4_E4,True,16,16,measured_valid,undetected,undetected,result_valid,False,1
EED226,MCF7|024h|00100nM,MCF7,24.0,100.0,True,True,433,plate18|plate41,plate3_E10|plate4_E4,rep1|rep2,242,191,19868,True,2,242,191,plate18,plate4_E4,plate41,plate3_E10,True,16,16,measured_valid,undetected,undetected,result_valid,False,1
EED226,MCF7|024h|01000nM,MCF7,24.0,1000.0,True,True,528,plate17|plate41,plate3_E10|plate3_E4,rep1|rep2,291,237,22621,True,2,291,237,plate17,plate3_E10,plate41,plate3_E4,True,16,16,measured_valid,undetected,undetected,result_valid,False,1
EED226,MCF7|024h|10000nM,MCF7,24.0,10000.0,True,True,589,plate17|plate42,plate3_E4|plate4_E10,rep1|rep2,290,299,21922,True,2,290,299,plate17,plate3_E4,plate42,plate4_E10,True,16,16,measured_valid,ambiguous,ambiguous,result_valid,False,1
ENMD-2076,A549|024h|00010nM,A549,24.0,10.0,True,True,251,plate16|plate40,plate10_H3|plate10_H9,rep1|rep2,104,147,11616,True,2,104,147,plate16,plate10_H9,plate40,plate10_H3,True,16,16,measured_valid,undetected,undetected,result_valid,False,1
ENMD-2076,A549|024h|00100nM,A549,24.0,100.0,True,True,252,plate16|plate39,plate10_H3|plate9_H9,rep1|rep2,110,142,10434,True,2,110,142,plate16,plate10_H3,plate39,plate9_H9,True,16,16,measured_valid,undetected,undetected,result_valid,False,1
ENMD-2076,A549|024h|01000nM,A549,24.0,1000.0,True,True,170,plate15|plate39,plate9_H3|plate9_H9,rep1|rep2,76,94,9830,True,2,76,94,plate15,plate9_H9,plate39,plate9_H3,True,16,16,measured_valid,eliminating,eliminate_a,result_valid,False,1
ENMD-2076,A549|024h|10000nM,A549,24.0,10000.0,True,True,140,plate15|plate40,plate10_H9|plate9_H3,rep1|rep2,67,73,9263,True,2,67,73,plate15,plate9_H3,plate40,plate10_H9,True,16,16,measured_valid,eliminating,eliminate_a,result_valid,False,1
ENMD-2076,K562|024h|00010nM,K562,24.0,10.0,True,True,294,plate32|plate8,plate10_H3|plate10_H9,rep1|rep2,169,125,10989,True,2,169,125,plate8,plate10_H9,plate32,plate10_H3,True,16,16,measured_valid,undetected,undetected,result_valid,False,1
ENMD-2076,K562|024h|00100nM,K562,24.0,100.0,True,True,218,plate31|plate8,plate10_H3|plate9_H9,rep1|rep2,127,91,10801,True,2,127,91,plate8,plate10_H3,plate31,plate9_H9,True,16,16,measured_valid,undetected,undetected,result_valid,False,1
ENMD-2076,K562|024h|01000nM,K562,24.0,1000.0,True,True,195,plate31|plate7,plate9_H3|plate9_H9,rep1|rep2,111,84,10759,True,2,111,84,plate7,plate9_H9,plate31,plate9_H3,True,16,16,measured_valid,eliminating,eliminate_a,result_valid,False,1
ENMD-2076,K562|024h|10000nM,K562,24.0,10000.0,True,True,169,plate32|plate7,plate10_H9|plate9_H3,rep1|rep2,84,85,8971,True,2,84,85,plate7,plate9_H3,plate32,plate10_H9,True,16,16,measured_valid,eliminating,eliminate_a,result_valid,False,1
ENMD-2076,MCF7|024h|00010nM,MCF7,24.0,10.0,True,True,565,plate24|plate48,plate10_H3|plate10_H9,rep1|rep2,265,300,22475,True,2,265,300,plate24,plate10_H9,plate48,plate10_H3,True,16,16,measured_valid,undetected,undetected,result_valid,False,1
ENMD-2076,MCF7|024h|00100nM,MCF7,24.0,100.0,True,True,545,plate24|plate47,plate10_H3|plate9_H9,rep1|rep2,222,323,23948,True,2,222,323,plate24,plate10_H3,plate47,plate9_H9,True,16,16,measured_valid,eliminating,eliminate_a,result_valid,False,1
ENMD-2076,MCF7|024h|01000nM,MCF7,24.0,1000.0,True,True,409,plate23|plate47,plate9_H3|plate9_H9,rep1|rep2,163,246,19841,True,2,163,246,plate23,plate9_H9,plate47,plate9_H3,True,16,16,measured_valid,eliminating,eliminate_a,result_valid,False,1
ENMD-2076,MCF7|024h|10000nM,MCF7,24.0,10000.0,True,True,270,plate23|plate48,plate10_H9|plate9_H3,rep1|rep2,117,153,16814,True,2,117,153,plate23,plate9_H3,plate48,plate10_H9,True,16,16,measured_valid,eliminating,eliminate_a,result_valid,False,1
ENMD-2076 L-(+)-Tartaric acid,A549|024h|00010nM,A549,24.0,10.0,True,True,205,plate12|plate36,plate6_A1|plate6_A7,rep1|rep2,105,100,11338,True,2,105,100,plate12,plate6_A7,plate36,plate6_A1,True,16,16,measured_valid,ambiguous,ambiguous,result_valid,False,1
ENMD-2076 L-(+)-Tartaric acid,A549|024h|00100nM,A549,24.0,100.0,True,True,266,plate12|plate35,plate5_A7|plate6_A1,rep1|rep2,103,163,11179,True,2,103,163,plate12,plate6_A1,plate35,plate5_A7,True,16,16,measured_valid,ambiguous,ambiguous,result_valid,False,1
ENMD-2076 L-(+)-Tartaric acid,A549|024h|01000nM,A549,24.0,1000.0,True,True,171,plate11|plate35,plate5_A1|plate5_A7,rep1|rep2,100,71,10404,True,2,100,71,plate11,plate5_A7,plate35,plate5_A1,True,16,16,measured_valid,eliminating,eliminate_b,result_valid,False,1
ENMD-2076 L-(+)-Tartaric acid,A549|024h|10000nM,A549,24.0,10000.0,True,True,128,plate11|plate36,plate5_A1|plate6_A7,rep1|rep2,57,71,9895,True,2,57,71,plate11,plate5_A1,plate36,plate6_A7,True,16,16,measured_valid,eliminating,eliminate_b,result_valid,False,1
ENMD-2076 L-(+)-Tartaric acid,K562|024h|00010nM,K562,24.0,10.0,True,True,221,plate28|plate4,plate6_A1|plate6_A7,rep1|rep2,138,83,11863,True,2,138,83,plate4,plate6_A7,plate28,plate6_A1,True,16,16,measured_valid,undetected,undetected,result_valid,False,1
ENMD-2076 L-(+)-Tartaric acid,K562|024h|00100nM,K562,24.0,100.0,True,True,233,plate27|plate4,plate5_A7|plate6_A1,rep1|rep2,105,128,10898,True,2,105,128,plate4,plate6_A1,plate27,plate5_A7,True,16,16,measured_valid,ambiguous,ambiguous,result_valid,False,1
ENMD-2076 L-(+)-Tartaric acid,K562|024h|01000nM,K562,24.0,1000.0,True,True,169,plate27|plate3,plate5_A1|plate5_A7,rep1|rep2,82,87,10473,True,2,82,87,plate3,plate5_A7,plate27,plate5_A1,True,16,16,measured_valid,eliminating,eliminate_b,result_valid,False,1
ENMD-2076 L-(+)-Tartaric acid,K562|024h|10000nM,K562,24.0,10000.0,True,True,172,plate28|plate3,plate5_A1|plate6_A7,rep1|rep2,102,70,8992,True,2,102,70,plate3,plate5_A1,plate28,plate6_A7,True,16,16,measured_valid,eliminating,eliminate_b,result_valid,False,1
ENMD-2076 L-(+)-Tartaric acid,MCF7|024h|00010nM,MCF7,24.0,10.0,True,True,535,plate20|plate44,plate6_A1|plate6_A7,rep1|rep2,219,316,26856,True,2,219,316,plate20,plate6_A7,plate44,plate6_A1,True,16,16,measured_valid,undetected,undetected,result_valid,False,1
ENMD-2076 L-(+)-Tartaric acid,MCF7|024h|00100nM,MCF7,24.0,100.0,True,True,535,plate20|plate43,plate5_A7|plate6_A1,rep1|rep2,214,321,24746,True,2,214,321,plate20,plate6_A1,plate43,plate5_A7,True,16,16,measured_valid,eliminating,eliminate_b,result_valid,False,1
ENMD-2076 L-(+)-Tartaric acid,MCF7|024h|01000nM,MCF7,24.0,1000.0,True,True,433,plate19|plate43,plate5_A1|plate5_A7,rep1|rep2,147,286,22654,True,2,147,286,plate19,plate5_A7,plate43,plate5_A1,True,16,16,measured_valid,eliminating,eliminate_b,result_valid,False,1
ENMD-2076 L-(+)-Tartaric acid,MCF7|024h|10000nM,MCF7,24.0,10000.0,True,True,228,plate19|plate44,plate5_A1|plate6_A7,rep1|rep2,74,154,20487,True,2,74,154,plate19,plate5_A1,plate44,plate6_A7,True,16,16,measured_valid,eliminating,eliminate_b,result_valid,False,1
Entinostat (MS-275),A549|024h|00010nM,A549,24.0,10.0,True,True,293,plate16|plate40,plate10_A3|plate10_A9,rep1|rep2,127,166,11616,True,2,127,166,plate16,plate10_A9,plate40,plate10_A3,True,16,16,measured_valid,undetected,undetected,result_valid,False,1
Entinostat (MS-275),A549|024h|00100nM,A549,24.0,100.0,True,True,247,plate16|plate39,plate10_A3|plate9_A9,rep1|rep2,136,111,10434,True,2,136,111,plate16,plate10_A3,plate39,plate9_A9,True,16,16,measured_valid,undetected,undetected,result_valid,False,1
Entinostat (MS-275),A549|024h|01000nM,A549,24.0,1000.0,True,True,265,plate15|plate39,plate9_A3|plate9_A9,rep1|rep2,123,142,9830,True,2,123,142,plate15,plate9_A9,plate39,plate9_A3,True,16,16,measured_valid,eliminating,eliminate_b,result_valid,False,1
Entinostat (MS-275),A549|024h|10000nM,A549,24.0,10000.0,True,True,213,plate15|plate40,plate10_A9|plate9_A3,rep1|rep2,106,107,9263,True,2,106,107,plate15,plate9_A3,plate40,plate10_A9,True,16,16,measured_valid,eliminating,eliminate_b,result_valid,False,1
Entinostat (MS-275),K562|024h|00010nM,K562,24.0,10.0,True,True,269,plate32|plate8,plate10_A3|plate10_A9,rep1|rep2,120,149,10989,True,2,120,149,plate8,plate10_A9,plate32,plate10_A3,True,16,16,measured_valid,ambiguous,ambiguous,result_valid,False,1
Entinostat (MS-275),K562|024h|00100nM,K562,24.0,100.0,True,True,270,plate31|plate8,plate10_A3|plate9_A9,rep1|rep2,146,124,10801,True,2,146,124,plate8,plate10_A3,plate31,plate9_A9,True,16,16,measured_valid,eliminating,eliminate_b,result_valid,False,1
Entinostat (MS-275),K562|024h|01000nM,K562,24.0,1000.0,True,True,241,plate31|plate7,plate9_A3|plate9_A9,rep1|rep2,120,121,10759,True,2,120,121,plate7,plate9_A9,plate31,plate9_A3,True,16,16,measured_valid,eliminating,eliminate_b,result_valid,False,1
Entinostat (MS-275),K562|024h|10000nM,K562,24.0,10000.0,True,True,126,plate32|plate7,plate10_A9|plate9_A3,rep1|rep2,59,67,8971,True,2,59,67,plate7,plate9_A3,plate32,plate10_A9,True,16,16,measured_valid,eliminating,eliminate_b,result_valid,False,1
Entinostat (MS-275),MCF7|024h|00010nM,MCF7,24.0,10.0,True,True,477,plate24|plate48,plate10_A3|plate10_A9,rep1|rep2,190,287,22475,True,2,190,287,plate24,plate10_A9,plate48,plate10_A3,True,16,16,measured_valid,ambiguous,ambiguous,result_valid,False,1
Entinostat (MS-275),MCF7|024h|00100nM,MCF7,24.0,100.0,True,True,557,plate24|plate47,plate10_A3|plate9_A9,rep1|rep2,228,329,23948,True,2,228,329,plate24,plate10_A3,plate47,plate9_A9,True,16,16,measured_valid,eliminating,eliminate_b,result_valid,False,1
Entinostat (MS-275),MCF7|024h|01000nM,MCF7,24.0,1000.0,True,True,447,plate23|plate47,plate9_A3|plate9_A9,rep1|rep2,169,278,19841,True,2,169,278,plate23,plate9_A9,plate47,plate9_A3,True,16,16,measured_valid,eliminating,eliminate_b,result_valid,False,1
Entinostat (MS-275),MCF7|024h|10000nM,MCF7,24.0,10000.0,True,True,445,plate23|plate48,plate10_A9|plate9_A3,rep1|rep2,139,306,16814,True,2,139,306,plate23,plate9_A3,plate48,plate10_A9,True,16,16,measured_valid,eliminating,eliminate_b,result_valid,False,1
FLLL32,A549|024h|00010nM,A549,24.0,10.0,True,True,188,plate10|plate34,plate4_D3|plate4_D9,rep1|rep2,51,137,9045,True,2,51,137,plate10,plate4_D9,plate34,plate4_D3,True,16,16,measured_valid,undetected,undetected,result_valid,False,1
FLLL32,A549|024h|00100nM,A549,24.0,100.0,True,True,184,plate10|plate33,plate3_D9|plate4_D3,rep1|rep2,32,152,8564,True,2,32,152,plate10,plate4_D3,plate33,plate3_D9,True,16,16,measured_valid,undetected,undetected,result_valid,False,1
FLLL32,A549|024h|01000nM,A549,24.0,1000.0,True,True,192,plate33|plate9,plate3_D3|plate3_D9,rep1|rep2,33,159,8686,True,2,33,159,plate9,plate3_D9,plate33,plate3_D3,True,16,16,measured_valid,undetected,undetected,result_valid,False,1
FLLL32,A549|024h|10000nM,A549,24.0,10000.0,True,True,184,plate34|plate9,plate3_D3|plate4_D9,rep1|rep2,40,144,7414,True,2,40,144,plate9,plate3_D3,plate34,plate4_D9,True,16,16,measured_valid,ambiguous,ambiguous,result_valid,False,1
FLLL32,K562|024h|00010nM,K562,24.0,10.0,True,True,277,plate2|plate26,plate4_D3|plate4_D9,rep1|rep2,154,123,11078,True,2,154,123,plate2,plate4_D9,plate26,plate4_D3,True,16,16,measured_valid,undetected,undetected,result_valid,False,1
FLLL32,K562|024h|00100nM,K562,24.0,100.0,True,True,246,plate2|plate25,plate3_D9|plate4_D3,rep1|rep2,148,98,10232,True,2,148,98,plate2,plate4_D3,plate25,plate3_D9,True,16,16,measured_valid,undetected,undetected,result_valid,False,1
FLLL32,K562|024h|01000nM,K562,24.0,1000.0,True,True,251,plate1|plate25,plate3_D3|plate3_D9,rep1|rep2,130,121,9884,True,2,130,121,plate1,plate3_D9,plate25,plate3_D3,True,16,16,measured_valid,undetected,undetected,result_valid,False,1
FLLL32,K562|024h|10000nM,K562,24.0,10000.0,True,True,105,plate1|plate26,plate3_D3|plate4_D9,rep1|rep2,55,50,8441,True,2,55,50,plate1,plate3_D3,plate26,plate4_D9,True,16,16,measured_valid,ambiguous,ambiguous,result_valid,False,1
FLLL32,MCF7|024h|00010nM,MCF7,24.0,10.0,True,True,561,plate18|plate42,plate4_D3|plate4_D9,rep1|rep2,258,303,22013,True,2,258,303,plate18,plate4_D9,plate42,plate4_D3,True,16,16,measured_valid,undetected,undetected,result_valid,False,1
FLLL32,MCF7|024h|00100nM,MCF7,24.0,100.0,True,True,486,plate18|plate41,plate3_D9|plate4_D3,rep1|rep2,261,225,19868,True,2,261,225,plate18,plate4_D3,plate41,plate3_D9,True,16,16,measured_valid,undetected,undetected,result_valid,False,1
FLLL32,MCF7|024h|01000nM,MCF7,24.0,1000.0,True,True,562,plate17|plate41,plate3_D3|plate3_D9,rep1|rep2,317,245,22621,True,2,317,245,plate17,plate3_D9,plate41,plate3_D3,True,16,16,measured_valid,eliminating,eliminate_a,result_valid,False,1
FLLL32,MCF7|024h|10000nM,MCF7,24.0,10000.0,True,True,405,plate17|plate42,plate3_D3|plate4_D9,rep1|rep2,204,201,21922,True,2,204,201,plate17,plate3_D3,plate42,plate4_D9,True,16,16,measured_valid,eliminating,eliminate_b,result_valid,False,1
"Fedratinib (SAR302503, TG101348)",A549|024h|00010nM,A549,24.0,10.0,True,True,246,plate12|plate36,plate6_C3|plate6_C9,rep1|rep2,83,163,11338,True,2,83,163,plate12,plate6_C9,plate36,plate6_C3,True,16,16,measured_valid,undetected,undetected,result_valid,False,1
"Fedratinib (SAR302503, TG101348)",A549|024h|00100nM,A549,24.0,100.0,True,True,214,plate12|plate35,plate5_C9|plate6_C3,rep1|rep2,85,129,11179,True,2,85,129,plate12,plate6_C3,plate35,plate5_C9,True,16,16,measured_valid,undetected,undetected,result_valid,False,1
"Fedratinib (SAR302503, TG101348)",A549|024h|01000nM,A549,24.0,1000.0,True,True,188,plate11|plate35,plate5_C3|plate5_C9,rep1|rep2,73,115,10404,True,2,73,115,plate11,plate5_C9,plate35,plate5_C3,True,16,16,measured_valid,undetected,undetected,result_valid,False,1
"Fedratinib (SAR302503, TG101348)",A549|024h|10000nM,A549,24.0,10000.0,True,True,116,plate11|plate36,plate5_C3|plate6_C9,rep1|rep2,27,89,9895,True,2,27,89,plate11,plate5_C3,plate36,plate6_C9,True,16,16,measured_valid,eliminating,eliminate_b,result_valid,False,1
"Fedratinib (SAR302503, TG101348)",K562|024h|00010nM,K562,24.0,10.0,True,True,257,plate28|plate4,plate6_C3|plate6_C9,rep1|rep2,128,129,11863,True,2,128,129,plate4,plate6_C9,plate28,plate6_C3,True,16,16,measured_valid,undetected,undetected,result_valid,False,1
"Fedratinib (SAR302503, TG101348)",K562|024h|00100nM,K562,24.0,100.0,True,True,191,plate27|plate4,plate5_C9|plate6_C3,rep1|rep2,93,98,10898,True,2,93,98,plate4,plate6_C3,plate27,plate5_C9,True,16,16,measured_valid,undetected,undetected,result_valid,False,1
"Fedratinib (SAR302503, TG101348)",K562|024h|01000nM,K562,24.0,1000.0,True,True,202,plate27|plate3,plate5_C3|plate5_C9,rep1|rep2,111,91,10473,True,2,111,91,plate3,plate5_C9,plate27,plate5_C3,True,16,16,measured_valid,eliminating,eliminate_b,result_valid,False,1
"Fedratinib (SAR302503, TG101348)",K562|024h|10000nM,K562,24.0,10000.0,True,True,88,plate28|plate3,plate5_C3|plate6_C9,rep1|rep2,45,43,8992,True,2,45,43,plate3,plate5_C3,plate28,plate6_C9,True,16,16,measured_valid,eliminating,eliminate_b,result_valid,False,1
"Fedratinib (SAR302503, TG101348)",MCF7|024h|00010nM,MCF7,24.0,10.0,True,True,525,plate20|plate44,plate6_C3|plate6_C9,rep1|rep2,250,275,26856,True,2,250,275,plate20,plate6_C9,plate44,plate6_C3,True,16,16,measured_valid,undetected,undetected,result_valid,False,1
"Fedratinib (SAR302503, TG101348)",MCF7|024h|00100nM,MCF7,24.0,100.0,True,True,566,plate20|plate43,plate5_C9|plate6_C3,rep1|rep2,247,319,24746,True,2,247,319,plate20,plate6_C3,plate43,plate5_C9,True,16,16,measured_valid,undetected,undetected,result_valid,False,1
"Fedratinib (SAR302503, TG101348)",MCF7|024h|01000nM,MCF7,24.0,1000.0,True,True,483,plate19|plate43,plate5_C3|plate5_C9,rep1|rep2,181,302,22654,True,2,181,302,plate19,plate5_C9,plate43,plate5_C3,True,16,16,measured_valid,eliminating,eliminate_b,result_valid,False,1
"Fedratinib (SAR302503, TG101348)",MCF7|024h|10000nM,MCF7,24.0,10000.0,True,True,208,plate19|plate44,plate5_C3|plate6_C9,rep1|rep2,78,130,20487,True,2,78,130,plate19,plate5_C3,plate44,plate6_C9,True,16,16,measured_valid,eliminating,eliminate_b,result_valid,False,1
Filgotinib (GLPG0634),A549|024h|00010nM,A549,24.0,10.0,True,True,272,plate12|plate36,plate6_G12|plate6_G6,rep1|rep2,110,162,11338,True,2,110,162,plate12,plate6_G12,plate36,plate6_G6,True,16,16,measured_valid,undetected,undetected,result_valid,False,1
Filgotinib (GLPG0634),A549|024h|00100nM,A549,24.0,100.0,True,True,274,plate12|plate35,plate5_G12|plate6_G6,rep1|rep2,106,168,11179,True,2,106,168,plate12,plate6_G6,plate35,plate5_G12,True,16,16,measured_valid,undetected,undetected,result_valid,False,1
Filgotinib (GLPG0634),A549|024h|01000nM,A549,24.0,1000.0,True,True,202,plate11|plate35,plate5_G12|plate5_G6,rep1|rep2,82,120,10404,True,2,82,120,plate11,plate5_G12,plate35,plate5_G6,True,16,16,measured_valid,undetected,undetected,result_valid,False,1
Filgotinib (GLPG0634),A549|024h|10000nM,A549,24.0,10000.0,True,True,247,plate11|plate36,plate5_G6|plate6_G12,rep1|rep2,119,128,9895,True,2,119,128,plate11,plate5_G6,plate36,plate6_G12,True,16,16,measured_valid,undetected,undetected,result_valid,False,1
Filgotinib (GLPG0634),K562|024h|00010nM,K562,24.0,10.0,True,True,288,plate28|plate4,plate6_G12|plate6_G6,rep1|rep2,155,133,11863,True,2,155,133,plate4,plate6_G12,plate28,plate6_G6,True,16,16,measured_valid,undetected,undetected,result_valid,False,1
Filgotinib (GLPG0634),K562|024h|00100nM,K562,24.0,100.0,True,True,224,plate27|plate4,plate5_G12|plate6_G6,rep1|rep2,120,104,10898,True,2,120,104,plate4,plate6_G6,plate27,plate5_G12,True,16,16,measured_valid,undetected,undetected,result_valid,False,1
Filgotinib (GLPG0634),K562|024h|01000nM,K562,24.0,1000.0,True,True,238,plate27|plate3,plate5_G12|plate5_G6,rep1|rep2,120,118,10473,True,2,120,118,plate3,plate5_G12,plate27,plate5_G6,True,16,16,measured_valid,undetected,undetected,result_valid,False,1
Filgotinib (GLPG0634),K562|024h|10000nM,K562,24.0,10000.0,True,True,246,plate28|plate3,plate5_G6|plate6_G12,rep1|rep2,126,120,8992,True,2,126,120,plate3,plate5_G6,plate28,plate6_G12,True,16,16,measured_valid,eliminating,eliminate_b,result_valid,False,1
Filgotinib (GLPG0634),MCF7|024h|00010nM,MCF7,24.0,10.0,True,True,614,plate20|plate44,plate6_G12|plate6_G6,rep1|rep2,285,329,26856,True,2,285,329,plate20,plate6_G12,plate44,plate6_G6,True,16,16,measured_valid,undetected,undetected,result_valid,False,1
Filgotinib (GLPG0634),MCF7|024h|00100nM,MCF7,24.0,100.0,True,True,508,plate20|plate43,plate5_G12|plate6_G6,rep1|rep2,251,257,24746,True,2,251,257,plate20,plate6_G6,plate43,plate5_G12,True,16,16,measured_valid,undetected,undetected,result_valid,False,1
Filgotinib (GLPG0634),MCF7|024h|01000nM,MCF7,24.0,1000.0,True,True,466,plate19|plate43,plate5_G12|plate5_G6,rep1|rep2,176,290,22654,True,2,176,290,plate19,plate5_G12,plate43,plate5_G6,True,16,16,measured_valid,undetected,undetected,result_valid,False,1
Filgotinib (GLPG0634),MCF7|024h|10000nM,MCF7,24.0,10000.0,True,True,435,plate19|plate44,plate5_G6|plate6_G12,rep1|rep2,203,232,20487,True,2,203,232,plate19,plate5_G6,plate44,plate6_G12,True,16,16,measured_valid,undetected,undetected,result_valid,False,1
"Fluorouracil (5-Fluoracil, 5-FU)",A549|024h|00010nM,A549,24.0,10.0,True,True,222,plate16|plate40,plate10_H10|plate10_H4,rep1|rep2,92,130,11616,True,2,92,130,plate16,plate10_H10,plate40,plate10_H4,True,16,16,measured_valid,undetected,undetected,result_valid,False,1
"Fluorouracil (5-Fluoracil, 5-FU)",A549|024h|00100nM,A549,24.0,100.0,True,True,225,plate16|plate39,plate10_H4|plate9_H10,rep1|rep2,102,123,10434,True,2,102,123,plate16,plate10_H4,plate39,plate9_H10,True,16,16,measured_valid,undetected,undetected,result_valid,False,1
"Fluorouracil (5-Fluoracil, 5-FU)",A549|024h|01000nM,A549,24.0,1000.0,True,True,219,plate15|plate39,plate9_H10|plate9_H4,rep1|rep2,97,122,9830,True,2,97,122,plate15,plate9_H10,plate39,plate9_H4,True,16,16,measured_valid,undetected,undetected,result_valid,False,1
"Fluorouracil (5-Fluoracil, 5-FU)",A549|024h|10000nM,A549,24.0,10000.0,True,True,175,plate15|plate40,plate10_H10|plate9_H4,rep1|rep2,76,99,9263,True,2,76,99,plate15,plate9_H4,plate40,plate10_H10,True,16,16,measured_valid,eliminating,eliminate_b,result_valid,False,1
"Fluorouracil (5-Fluoracil, 5-FU)",K562|024h|00010nM,K562,24.0,10.0,True,True,284,plate32|plate8,plate10_H10|plate10_H4,rep1|rep2,158,126,10989,True,2,158,126,plate8,plate10_H10,plate32,plate10_H4,True,16,16,measured_valid,eliminating,eliminate_b,result_valid,False,1
"Fluorouracil (5-Fluoracil, 5-FU)",K562|024h|00100nM,K562,24.0,100.0,True,True,242,plate31|plate8,plate10_H4|plate9_H10,rep1|rep2,141,101,10801,True,2,141,101,plate8,plate10_H4,plate31,plate9_H10,True,16,16,measured_valid,undetected,undetected,result_valid,False,1
"Fluorouracil (5-Fluoracil, 5-FU)",K562|024h|01000nM,K562,24.0,1000.0,True,True,241,plate31|plate7,plate9_H10|plate9_H4,rep1|rep2,135,106,10759,True,2,135,106,plate7,plate9_H10,plate31,plate9_H4,True,16,16,measured_valid,undetected,undetected,result_valid,False,1
"Fluorouracil (5-Fluoracil, 5-FU)",K562|024h|10000nM,K562,24.0,10000.0,True,True,281,plate32|plate7,plate10_H10|plate9_H4,rep1|rep2,148,133,8971,True,2,148,133,plate7,plate9_H4,plate32,plate10_H10,True,16,16,measured_valid,undetected,undetected,result_valid,False,1
"Fluorouracil (5-Fluoracil, 5-FU)",MCF7|024h|00010nM,MCF7,24.0,10.0,True,True,549,plate24|plate48,plate10_H10|plate10_H4,rep1|rep2,226,323,22475,True,2,226,323,plate24,plate10_H10,plate48,plate10_H4,True,16,16,measured_valid,undetected,undetected,result_valid,False,1
"Fluorouracil (5-Fluoracil, 5-FU)",MCF7|024h|00100nM,MCF7,24.0,100.0,True,True,557,plate24|plate47,plate10_H4|plate9_H10,rep1|rep2,236,321,23948,True,2,236,321,plate24,plate10_H4,plate47,plate9_H10,True,16,16,measured_valid,undetected,undetected,result_valid,False,1
"Fluorouracil (5-Fluoracil, 5-FU)",MCF7|024h|01000nM,MCF7,24.0,1000.0,True,True,425,plate23|plate47,plate9_H10|plate9_H4,rep1|rep2,156,269,19841,True,2,156,269,plate23,plate9_H10,plate47,plate9_H4,True,16,16,measured_valid,undetected,undetected,result_valid,False,1
"Fluorouracil (5-Fluoracil, 5-FU)",MCF7|024h|10000nM,MCF7,24.0,10000.0,True,True,375,plate23|plate48,plate10_H10|plate9_H4,rep1|rep2,123,252,16814,True,2,123,252,plate23,plate9_H4,plate48,plate10_H10,True,16,16,measured_valid,eliminating,eliminate_b,result_valid,False,1
G007-LK,A549|024h|00010nM,A549,24.0,10.0,True,True,201,plate10|plate34,plate4_C3|plate4_C9,rep1|rep2,58,143,9045,True,2,58,143,plate10,plate4_C9,plate34,plate4_C3,True,16,16,measured_valid,undetected,undetected,result_valid,False,1
G007-LK,A549|024h|00100nM,A549,24.0,100.0,True,True,187,plate10|plate33,plate3_C9|plate4_C3,rep1|rep2,37,150,8564,True,2,37,150,plate10,plate4_C3,plate33,plate3_C9,True,16,16,measured_valid,undetected,undetected,result_valid,False,1
G007-LK,A549|024h|01000nM,A549,24.0,1000.0,True,True,187,plate33|plate9,plate3_C3|plate3_C9,rep1|rep2,58,129,8686,True,2,58,129,plate9,plate3_C9,plate33,plate3_C3,True,16,16,measured_valid,undetected,undetected,result_valid,False,1
G007-LK,A549|024h|10000nM,A549,24.0,10000.0,True,True,178,plate34|plate9,plate3_C3|plate4_C9,rep1|rep2,41,137,7414,True,2,41,137,plate9,plate3_C3,plate34,plate4_C9,True,16,16,measured_valid,undetected,undetected,result_valid,False,1
G007-LK,K562|024h|00010nM,K562,24.0,10.0,True,True,237,plate2|plate26,plate4_C3|plate4_C9,rep1|rep2,142,95,11078,True,2,142,95,plate2,plate4_C9,plate26,plate4_C3,True,16,16,measured_valid,undetected,undetected,result_valid,False,1
G007-LK,K562|024h|00100nM,K562,24.0,100.0,True,True,211,plate2|plate25,plate3_C9|plate4_C3,rep1|rep2,118,93,10232,True,2,118,93,plate2,plate4_C3,plate25,plate3_C9,True,16,16,measured_valid,undetected,undetected,result_valid,False,1
G007-LK,K562|024h|01000nM,K562,24.0,1000.0,True,True,209,plate1|plate25,plate3_C3|plate3_C9,rep1|rep2,121,88,9884,True,2,121,88,plate1,plate3_C9,plate25,plate3_C3,True,16,16,measured_valid,undetected,undetected,result_valid,False,1
G007-LK,K562|024h|10000nM,K562,24.0,10000.0,True,True,223,plate1|plate26,plate3_C3|plate4_C9,rep1|rep2,131,92,8441,True,2,131,92,plate1,plate3_C3,plate26,plate4_C9,True,16,16,measured_valid,undetected,undetected,result_valid,False,1
G007-LK,MCF7|024h|00010nM,MCF7,24.0,10.0,True,True,519,plate18|plate42,plate4_C3|plate4_C9,rep1|rep2,227,292,22013,True,2,227,292,plate18,plate4_C9,plate42,plate4_C3,True,16,16,measured_valid,undetected,undetected,result_valid,False,1
G007-LK,MCF7|024h|00100nM,MCF7,24.0,100.0,True,True,525,plate18|plate41,plate3_C9|plate4_C3,rep1|rep2,258,267,19868,True,2,258,267,plate18,plate4_C3,plate41,plate3_C9,True,16,16,measured_valid,undetected,undetected,result_valid,False,1
G007-LK,MCF7|024h|01000nM,MCF7,24.0,1000.0,True,True,524,plate17|plate41,plate3_C3|plate3_C9,rep1|rep2,260,264,22621,True,2,260,264,plate17,plate3_C9,plate41,plate3_C3,True,16,16,measured_valid,undetected,undetected,result_valid,False,1
G007-LK,MCF7|024h|10000nM,MCF7,24.0,10000.0,True,True,516,plate17|plate42,plate3_C3|plate4_C9,rep1|rep2,251,265,21922,True,2,251,265,plate17,plate3_C3,plate42,plate4_C9,True,16,16,measured_valid,eliminating,eliminate_b,result_valid,False,1
GSK-LSD1 2HCl,A549|024h|00010nM,A549,24.0,10.0,True,True,234,plate12|plate36,plate6_C12|plate6_C6,rep1|rep2,83,151,11338,True,2,83,151,plate12,plate6_C12,plate36,plate6_C6,True,16,16,measured_valid,undetected,undetected,result_valid,False,1
GSK-LSD1 2HCl,A549|024h|00100nM,A549,24.0,100.0,True,True,236,plate12|plate35,plate5_C12|plate6_C6,rep1|rep2,97,139,11179,True,2,97,139,plate12,plate6_C6,plate35,plate5_C12,True,16,16,measured_valid,undetected,undetected,result_valid,False,1
GSK-LSD1 2HCl,A549|024h|01000nM,A549,24.0,1000.0,True,True,235,plate11|plate35,plate5_C12|plate5_C6,rep1|rep2,94,141,10404,True,2,94,141,plate11,plate5_C12,plate35,plate5_C6,True,16,16,measured_valid,undetected,undetected,result_valid,False,1
GSK-LSD1 2HCl,A549|024h|10000nM,A549,24.0,10000.0,True,True,258,plate11|plate36,plate5_C6|plate6_C12,rep1|rep2,121,137,9895,True,2,121,137,plate11,plate5_C6,plate36,plate6_C12,True,16,16,measured_valid,undetected,undetected,result_valid,False,1
GSK-LSD1 2HCl,K562|024h|00010nM,K562,24.0,10.0,True,True,291,plate28|plate4,plate6_C12|plate6_C6,rep1|rep2,154,137,11863,True,2,154,137,plate4,plate6_C12,plate28,plate6_C6,True,16,16,measured_valid,ambiguous,ambiguous,result_valid,False,1
GSK-LSD1 2HCl,K562|024h|00100nM,K562,24.0,100.0,True,True,211,plate27|plate4,plate5_C12|plate6_C6,rep1|rep2,118,93,10898,True,2,118,93,plate4,plate6_C6,plate27,plate5_C12,True,16,16,measured_valid,ambiguous,ambiguous,result_valid,False,1
GSK-LSD1 2HCl,K562|024h|01000nM,K562,24.0,1000.0,True,True,208,plate27|plate3,plate5_C12|plate5_C6,rep1|rep2,104,104,10473,True,2,104,104,plate3,plate5_C12,plate27,plate5_C6,True,16,16,measured_valid,ambiguous,ambiguous,result_valid,False,1
GSK-LSD1 2HCl,K562|024h|10000nM,K562,24.0,10000.0,True,True,234,plate28|plate3,plate5_C6|plate6_C12,rep1|rep2,118,116,8992,True,2,118,116,plate3,plate5_C6,plate28,plate6_C12,True,16,16,measured_valid,ambiguous,ambiguous,result_valid,False,1
GSK-LSD1 2HCl,MCF7|024h|00010nM,MCF7,24.0,10.0,True,True,629,plate20|plate44,plate6_C12|plate6_C6,rep1|rep2,264,365,26856,True,2,264,365,plate20,plate6_C12,plate44,plate6_C6,True,16,16,measured_valid,ambiguous,ambiguous,result_valid,False,1
GSK-LSD1 2HCl,MCF7|024h|00100nM,MCF7,24.0,100.0,True,True,528,plate20|plate43,plate5_C12|plate6_C6,rep1|rep2,247,281,24746,True,2,247,281,plate20,plate6_C6,plate43,plate5_C12,True,16,16,measured_valid,ambiguous,ambiguous,result_valid,False,1
GSK-LSD1 2HCl,MCF7|024h|01000nM,MCF7,24.0,1000.0,True,True,568,plate19|plate43,plate5_C12|plate5_C6,rep1|rep2,179,389,22654,True,2,179,389,plate19,plate5_C12,plate43,plate5_C6,True,16,16,measured_valid,ambiguous,ambiguous,result_valid,False,1
GSK-LSD1 2HCl,MCF7|024h|10000nM,MCF7,24.0,10000.0,True,True,540,plate19|plate44,plate5_C6|plate6_C12,rep1|rep2,216,324,20487,True,2,216,324,plate19,plate5_C6,plate44,plate6_C12,True,16,16,measured_valid,undetected,undetected,result_valid,False,1
GSK1070916,A549|024h|00010nM,A549,24.0,10.0,True,True,146,plate12|plate36,plate6_D3|plate6_D9,rep1|rep2,76,70,11338,True,2,76,70,plate12,plate6_D9,plate36,plate6_D3,True,16,16,measured_valid,eliminating,eliminate_a,result_valid,False,1
GSK1070916,A549|024h|00100nM,A549,24.0,100.0,True,True,166,plate12|plate35,plate5_D9|plate6_D3,rep1|rep2,81,85,11179,True,2,81,85,plate12,plate6_D3,plate35,plate5_D9,True,16,16,measured_valid,eliminating,eliminate_a,result_valid,False,1
GSK1070916,A549|024h|01000nM,A549,24.0,1000.0,True,True,138,plate11|plate35,plate5_D3|plate5_D9,rep1|rep2,51,87,10404,True,2,51,87,plate11,plate5_D9,plate35,plate5_D3,True,16,16,measured_valid,eliminating,eliminate_a,result_valid,False,1
GSK1070916,A549|024h|10000nM,A549,24.0,10000.0,True,True,137,plate11|plate36,plate5_D3|plate6_D9,rep1|rep2,51,86,9895,True,2,51,86,plate11,plate5_D3,plate36,plate6_D9,True,16,16,measured_valid,eliminating,eliminate_a,result_valid,False,1
GSK1070916,K562|024h|00010nM,K562,24.0,10.0,True,True,206,plate28|plate4,plate6_D3|plate6_D9,rep1|rep2,117,89,11863,True,2,117,89,plate4,plate6_D9,plate28,plate6_D3,True,16,16,measured_valid,eliminating,eliminate_a,result_valid,False,1
GSK1070916,K562|024h|00100nM,K562,24.0,100.0,True,True,167,plate27|plate4,plate5_D9|plate6_D3,rep1|rep2,94,73,10898,True,2,94,73,plate4,plate6_D3,plate27,plate5_D9,True,16,16,measured_valid,eliminating,eliminate_a,result_valid,False,1
GSK1070916,K562|024h|01000nM,K562,24.0,1000.0,True,True,165,plate27|plate3,plate5_D3|plate5_D9,rep1|rep2,86,79,10473,True,2,86,79,plate3,plate5_D9,plate27,plate5_D3,True,16,16,measured_valid,undetected,undetected,result_valid,False,1
GSK1070916,K562|024h|10000nM,K562,24.0,10000.0,True,True,172,plate28|plate3,plate5_D3|plate6_D9,rep1|rep2,89,83,8992,True,2,89,83,plate3,plate5_D3,plate28,plate6_D9,True,16,16,measured_valid,ambiguous,ambiguous,result_valid,False,1
GSK1070916,MCF7|024h|00010nM,MCF7,24.0,10.0,True,True,491,plate20|plate44,plate6_D3|plate6_D9,rep1|rep2,190,301,26856,True,2,190,301,plate20,plate6_D9,plate44,plate6_D3,True,16,16,measured_valid,eliminating,eliminate_a,result_valid,False,1
GSK1070916,MCF7|024h|00100nM,MCF7,24.0,100.0,True,True,431,plate20|plate43,plate5_D9|plate6_D3,rep1|rep2,184,247,24746,True,2,184,247,plate20,plate6_D3,plate43,plate5_D9,True,16,16,measured_valid,eliminating,eliminate_a,result_valid,False,1
GSK1070916,MCF7|024h|01000nM,MCF7,24.0,1000.0,True,True,411,plate19|plate43,plate5_D3|plate5_D9,rep1|rep2,163,248,22654,True,2,163,248,plate19,plate5_D9,plate43,plate5_D3,True,16,16,measured_valid,ambiguous,ambiguous,result_valid,False,1
GSK1070916,MCF7|024h|10000nM,MCF7,24.0,10000.0,True,True,307,plate19|plate44,plate5_D3|plate6_D9,rep1|rep2,103,204,20487,True,2,103,204,plate19,plate5_D3,plate44,plate6_D9,True,16,16,measured_valid,eliminating,eliminate_a,result_valid,False,1
Gandotinib (LY2784544),A549|024h|00010nM,A549,24.0,10.0,True,True,217,plate12|plate36,plate6_F1|plate6_F7,rep1|rep2,85,132,11338,True,2,85,132,plate12,plate6_F7,plate36,plate6_F1,True,16,16,measured_valid,undetected,undetected,result_valid,False,1
Gandotinib (LY2784544),A549|024h|00100nM,A549,24.0,100.0,True,True,268,plate12|plate35,plate5_F7|plate6_F1,rep1|rep2,103,165,11179,True,2,103,165,plate12,plate6_F1,plate35,plate5_F7,True,16,16,measured_valid,undetected,undetected,result_valid,False,1
Gandotinib (LY2784544),A549|024h|01000nM,A549,24.0,1000.0,True,True,217,plate11|plate35,plate5_F1|plate5_F7,rep1|rep2,90,127,10404,True,2,90,127,plate11,plate5_F7,plate35,plate5_F1,True,16,16,measured_valid,undetected,undetected,result_valid,False,1
Gandotinib (LY2784544),A549|024h|10000nM,A549,24.0,10000.0,True,True,172,plate11|plate36,plate5_F1|plate6_F7,rep1|rep2,90,82,9895,True,2,90,82,plate11,plate5_F1,plate36,plate6_F7,True,16,16,measured_valid,ambiguous,ambiguous,result_valid,False,1
Gandotinib (LY2784544),K562|024h|00010nM,K562,24.0,10.0,True,True,220,plate28|plate4,plate6_F1|plate6_F7,rep1|rep2,111,109,11863,True,2,111,109,plate4,plate6_F7,plate28,plate6_F1,True,16,16,measured_valid,undetected,undetected,result_valid,False,1
Gandotinib (LY2784544),K562|024h|00100nM,K562,24.0,100.0,True,True,238,plate27|plate4,plate5_F7|plate6_F1,rep1|rep2,127,111,10898,True,2,127,111,plate4,plate6_F1,plate27,plate5_F7,True,16,16,measured_valid,undetected,undetected,result_valid,False,1
Gandotinib (LY2784544),K562|024h|01000nM,K562,24.0,1000.0,True,True,238,plate27|plate3,plate5_F1|plate5_F7,rep1|rep2,124,114,10473,True,2,124,114,plate3,plate5_F7,plate27,plate5_F1,True,16,16,measured_valid,undetected,undetected,result_valid,False,1
Gandotinib (LY2784544),K562|024h|10000nM,K562,24.0,10000.0,True,True,202,plate28|plate3,plate5_F1|plate6_F7,rep1|rep2,106,96,8992,True,2,106,96,plate3,plate5_F1,plate28,plate6_F7,True,16,16,measured_valid,ambiguous,ambiguous,result_valid,False,1
Gandotinib (LY2784544),MCF7|024h|00010nM,MCF7,24.0,10.0,True,True,619,plate20|plate44,plate6_F1|plate6_F7,rep1|rep2,253,366,26856,True,2,253,366,plate20,plate6_F7,plate44,plate6_F1,True,16,16,measured_valid,undetected,undetected,result_valid,False,1
Gandotinib (LY2784544),MCF7|024h|00100nM,MCF7,24.0,100.0,True,True,553,plate20|plate43,plate5_F7|plate6_F1,rep1|rep2,258,295,24746,True,2,258,295,plate20,plate6_F1,plate43,plate5_F7,True,16,16,measured_valid,undetected,undetected,result_valid,False,1
Gandotinib (LY2784544),MCF7|024h|01000nM,MCF7,24.0,1000.0,True,True,448,plate19|plate43,plate5_F1|plate5_F7,rep1|rep2,160,288,22654,True,2,160,288,plate19,plate5_F7,plate43,plate5_F1,True,16,16,measured_valid,undetected,undetected,result_valid,False,1
Gandotinib (LY2784544),MCF7|024h|10000nM,MCF7,24.0,10000.0,True,True,308,plate19|plate44,plate5_F1|plate6_F7,rep1|rep2,125,183,20487,True,2,125,183,plate19,plate5_F1,plate44,plate6_F7,True,16,16,measured_valid,undetected,undetected,result_valid,False,1
Givinostat (ITF2357),A549|024h|00010nM,A549,24.0,10.0,True,True,205,plate12|plate36,plate6_D1|plate6_D7,rep1|rep2,88,117,11338,True,2,88,117,plate12,plate6_D7,plate36,plate6_D1,True,16,16,measured_valid,eliminating,eliminate_a,result_valid,False,1
Givinostat (ITF2357),A549|024h|00100nM,A549,24.0,100.0,True,True,213,plate12|plate35,plate5_D7|plate6_D1,rep1|rep2,90,123,11179,True,2,90,123,plate12,plate6_D1,plate35,plate5_D7,True,16,16,measured_valid,eliminating,eliminate_a,result_valid,False,1
Givinostat (ITF2357),A549|024h|01000nM,A549,24.0,1000.0,True,True,219,plate11|plate35,plate5_D1|plate5_D7,rep1|rep2,93,126,10404,True,2,93,126,plate11,plate5_D7,plate35,plate5_D1,True,16,16,measured_valid,eliminating,eliminate_a,result_valid,False,1
Givinostat (ITF2357),A549|024h|10000nM,A549,24.0,10000.0,True,True,148,plate11|plate36,plate5_D1|plate6_D7,rep1|rep2,43,105,9895,True,2,43,105,plate11,plate5_D1,plate36,plate6_D7,True,16,16,measured_valid,eliminating,eliminate_a,result_valid,False,1
Givinostat (ITF2357),K562|024h|00010nM,K562,24.0,10.0,True,True,256,plate28|plate4,plate6_D1|plate6_D7,rep1|rep2,135,121,11863,True,2,135,121,plate4,plate6_D7,plate28,plate6_D1,True,16,16,measured_valid,eliminating,eliminate_a,result_valid,False,1
Givinostat (ITF2357),K562|024h|00100nM,K562,24.0,100.0,True,True,228,plate27|plate4,plate5_D7|plate6_D1,rep1|rep2,119,109,10898,True,2,119,109,plate4,plate6_D1,plate27,plate5_D7,True,16,16,measured_valid,eliminating,eliminate_a,result_valid,False,1
Givinostat (ITF2357),K562|024h|01000nM,K562,24.0,1000.0,True,True,153,plate27|plate3,plate5_D1|plate5_D7,rep1|rep2,103,50,10473,True,2,103,50,plate3,plate5_D7,plate27,plate5_D1,True,16,16,measured_valid,eliminating,eliminate_a,result_valid,False,1
Givinostat (ITF2357),K562|024h|10000nM,K562,24.0,10000.0,True,True,103,plate28|plate3,plate5_D1|plate6_D7,rep1|rep2,59,44,8992,True,2,59,44,plate3,plate5_D1,plate28,plate6_D7,True,16,16,measured_valid,eliminating,eliminate_a,result_valid,False,1
Givinostat (ITF2357),MCF7|024h|00010nM,MCF7,24.0,10.0,True,True,556,plate20|plate44,plate6_D1|plate6_D7,rep1|rep2,213,343,26856,True,2,213,343,plate20,plate6_D7,plate44,plate6_D1,True,16,16,measured_valid,eliminating,eliminate_a,result_valid,False,1
Givinostat (ITF2357),MCF7|024h|00100nM,MCF7,24.0,100.0,True,True,548,plate20|plate43,plate5_D7|plate6_D1,rep1|rep2,214,334,24746,True,2,214,334,plate20,plate6_D1,plate43,plate5_D7,True,16,16,measured_valid,eliminating,eliminate_a,result_valid,False,1
Givinostat (ITF2357),MCF7|024h|01000nM,MCF7,24.0,1000.0,True,True,446,plate19|plate43,plate5_D1|plate5_D7,rep1|rep2,205,241,22654,True,2,205,241,plate19,plate5_D7,plate43,plate5_D1,True,16,16,measured_valid,eliminating,eliminate_a,result_valid,False,1
Givinostat (ITF2357),MCF7|024h|10000nM,MCF7,24.0,10000.0,True,True,470,plate19|plate44,plate5_D1|plate6_D7,rep1|rep2,184,286,20487,True,2,184,286,plate19,plate5_D1,plate44,plate6_D7,True,16,16,measured_valid,eliminating,eliminate_a,result_valid,False,1
Glesatinib?(MGCD265),A549|024h|00010nM,A549,24.0,10.0,True,True,246,plate16|plate40,plate10_A2|plate10_A8,rep1|rep2,104,142,11616,True,2,104,142,plate16,plate10_A8,plate40,plate10_A2,True,16,16,measured_valid,undetected,undetected,result_valid,False,1
Glesatinib?(MGCD265),A549|024h|00100nM,A549,24.0,100.0,True,True,225,plate16|plate39,plate10_A2|plate9_A8,rep1|rep2,123,102,10434,True,2,123,102,plate16,plate10_A2,plate39,plate9_A8,True,16,16,measured_valid,undetected,undetected,result_valid,False,1
Glesatinib?(MGCD265),A549|024h|01000nM,A549,24.0,1000.0,True,True,257,plate15|plate39,plate9_A2|plate9_A8,rep1|rep2,130,127,9830,True,2,130,127,plate15,plate9_A8,plate39,plate9_A2,True,16,16,measured_valid,undetected,undetected,result_valid,False,1
Glesatinib?(MGCD265),A549|024h|10000nM,A549,24.0,10000.0,True,True,180,plate15|plate40,plate10_A8|plate9_A2,rep1|rep2,69,111,9263,True,2,69,111,plate15,plate9_A2,plate40,plate10_A8,True,16,16,measured_valid,ambiguous,ambiguous,result_valid,False,1
Glesatinib?(MGCD265),K562|024h|00010nM,K562,24.0,10.0,True,True,280,plate32|plate8,plate10_A2|plate10_A8,rep1|rep2,146,134,10989,True,2,146,134,plate8,plate10_A8,plate32,plate10_A2,True,16,16,measured_valid,undetected,undetected,result_valid,False,1
Glesatinib?(MGCD265),K562|024h|00100nM,K562,24.0,100.0,True,True,298,plate31|plate8,plate10_A2|plate9_A8,rep1|rep2,153,145,10801,True,2,153,145,plate8,plate10_A2,plate31,plate9_A8,True,16,16,measured_valid,undetected,undetected,result_valid,False,1
Glesatinib?(MGCD265),K562|024h|01000nM,K562,24.0,1000.0,True,True,251,plate31|plate7,plate9_A2|plate9_A8,rep1|rep2,139,112,10759,True,2,139,112,plate7,plate9_A8,plate31,plate9_A2,True,16,16,measured_valid,undetected,undetected,result_valid,False,1
Glesatinib?(MGCD265),K562|024h|10000nM,K562,24.0,10000.0,True,True,134,plate32|plate7,plate10_A8|plate9_A2,rep1|rep2,71,63,8971,True,2,71,63,plate7,plate9_A2,plate32,plate10_A8,True,16,16,measured_valid,ambiguous,ambiguous,result_valid,False,1
Glesatinib?(MGCD265),MCF7|024h|00010nM,MCF7,24.0,10.0,True,True,498,plate24|plate48,plate10_A2|plate10_A8,rep1|rep2,224,274,22475,True,2,224,274,plate24,plate10_A8,plate48,plate10_A2,True,16,16,measured_valid,undetected,undetected,result_valid,False,1
Glesatinib?(MGCD265),MCF7|024h|00100nM,MCF7,24.0,100.0,True,True,548,plate24|plate47,plate10_A2|plate9_A8,rep1|rep2,256,292,23948,True,2,256,292,plate24,plate10_A2,plate47,plate9_A8,True,16,16,measured_valid,undetected,undetected,result_valid,False,1
Glesatinib?(MGCD265),MCF7|024h|01000nM,MCF7,24.0,1000.0,True,True,432,plate23|plate47,plate9_A2|plate9_A8,rep1|rep2,162,270,19841,True,2,162,270,plate23,plate9_A8,plate47,plate9_A2,True,16,16,measured_valid,undetected,undetected,result_valid,False,1
Glesatinib?(MGCD265),MCF7|024h|10000nM,MCF7,24.0,10000.0,True,True,303,plate23|plate48,plate10_A8|plate9_A2,rep1|rep2,90,213,16814,True,2,90,213,plate23,plate9_A2,plate48,plate10_A8,True,16,16,measured_valid,eliminating,eliminate_b,result_valid,False,1
Hesperadin,A549|024h|00010nM,A549,24.0,10.0,True,True,129,plate10|plate34,plate4_E12|plate4_E6,rep1|rep2,27,102,9045,True,2,27,102,plate10,plate4_E12,plate34,plate4_E6,True,16,16,measured_valid,eliminating,eliminate_b,result_valid,False,1
Hesperadin,A549|024h|00100nM,A549,24.0,100.0,True,True,118,plate10|plate33,plate3_E12|plate4_E6,rep1|rep2,26,92,8564,True,2,26,92,plate10,plate4_E6,plate33,plate3_E12,True,16,16,measured_valid,eliminating,eliminate_b,result_valid,False,1
Hesperadin,A549|024h|01000nM,A549,24.0,1000.0,True,True,141,plate33|plate9,plate3_E12|plate3_E6,rep1|rep2,59,82,8686,True,2,59,82,plate9,plate3_E12,plate33,plate3_E6,True,16,16,measured_valid,eliminating,eliminate_b,result_valid,False,1
Hesperadin,A549|024h|10000nM,A549,24.0,10000.0,True,True,118,plate34|plate9,plate3_E6|plate4_E12,rep1|rep2,29,89,7414,True,2,29,89,plate9,plate3_E6,plate34,plate4_E12,True,16,16,measured_valid,ambiguous,ambiguous,result_valid,False,1
Hesperadin,K562|024h|00010nM,K562,24.0,10.0,True,True,204,plate2|plate26,plate4_E12|plate4_E6,rep1|rep2,116,88,11078,True,2,116,88,plate2,plate4_E12,plate26,plate4_E6,True,16,16,measured_valid,eliminating,eliminate_b,result_valid,False,1
Hesperadin,K562|024h|00100nM,K562,24.0,100.0,True,True,180,plate2|plate25,plate3_E12|plate4_E6,rep1|rep2,92,88,10232,True,2,92,88,plate2,plate4_E6,plate25,plate3_E12,True,16,16,measured_valid,eliminating,eliminate_b,result_valid,False,1
Hesperadin,K562|024h|01000nM,K562,24.0,1000.0,True,True,216,plate1|plate25,plate3_E12|plate3_E6,rep1|rep2,102,114,9884,True,2,102,114,plate1,plate3_E12,plate25,plate3_E6,True,16,16,measured_valid,eliminating,eliminate_b,result_valid,False,1
Hesperadin,K562|024h|10000nM,K562,24.0,10000.0,True,True,140,plate1|plate26,plate3_E6|plate4_E12,rep1|rep2,83,57,8441,True,2,83,57,plate1,plate3_E6,plate26,plate4_E12,True,16,16,measured_valid,eliminating,eliminate_b,result_valid,False,1
Hesperadin,MCF7|024h|00010nM,MCF7,24.0,10.0,True,True,333,plate18|plate42,plate4_E12|plate4_E6,rep1|rep2,118,215,22013,True,2,118,215,plate18,plate4_E12,plate42,plate4_E6,True,16,16,measured_valid,eliminating,eliminate_b,result_valid,False,1
Hesperadin,MCF7|024h|00100nM,MCF7,24.0,100.0,True,True,204,plate18|plate41,plate3_E12|plate4_E6,rep1|rep2,110,94,19868,True,2,110,94,plate18,plate4_E6,plate41,plate3_E12,True,16,16,measured_valid,eliminating,eliminate_b,result_valid,False,1
Hesperadin,MCF7|024h|01000nM,MCF7,24.0,1000.0,True,True,271,plate17|plate41,plate3_E12|plate3_E6,rep1|rep2,140,131,22621,True,2,140,131,plate17,plate3_E12,plate41,plate3_E6,True,16,16,measured_valid,eliminating,eliminate_b,result_valid,False,1
Hesperadin,MCF7|024h|10000nM,MCF7,24.0,10000.0,True,True,269,plate17|plate42,plate3_E6|plate4_E12,rep1|rep2,134,135,21922,True,2,134,135,plate17,plate3_E6,plate42,plate4_E12,True,16,16,measured_valid,eliminating,eliminate_b,result_valid,False,1
INO-1001 (3-Aminobenzamide),A549|024h|00010nM,A549,24.0,10.0,True,True,179,plate14|plate38,plate8_H1|plate8_H7,rep1|rep2,110,69,10740,True,2,110,69,plate14,plate8_H7,plate38,plate8_H1,True,16,16,measured_valid,undetected,undetected,result_valid,False,1
INO-1001 (3-Aminobenzamide),A549|024h|00100nM,A549,24.0,100.0,True,True,217,plate14|plate37,plate7_H7|plate8_H1,rep1|rep2,93,124,10668,True,2,93,124,plate14,plate8_H1,plate37,plate7_H7,True,16,16,measured_valid,undetected,undetected,result_valid,False,1
INO-1001 (3-Aminobenzamide),A549|024h|01000nM,A549,24.0,1000.0,True,True,220,plate13|plate37,plate7_H1|plate7_H7,rep1|rep2,98,122,10047,True,2,98,122,plate13,plate7_H7,plate37,plate7_H1,True,16,16,measured_valid,undetected,undetected,result_valid,False,1
INO-1001 (3-Aminobenzamide),A549|024h|10000nM,A549,24.0,10000.0,True,True,220,plate13|plate38,plate7_H1|plate8_H7,rep1|rep2,93,127,9275,True,2,93,127,plate13,plate7_H1,plate38,plate8_H7,True,16,16,measured_valid,undetected,undetected,result_valid,False,1
INO-1001 (3-Aminobenzamide),K562|024h|00010nM,K562,24.0,10.0,True,True,250,plate30|plate6,plate8_H1|plate8_H7,rep1|rep2,144,106,12122,True,2,144,106,plate6,plate8_H7,plate30,plate8_H1,True,16,16,measured_valid,undetected,undetected,result_valid,False,1
INO-1001 (3-Aminobenzamide),K562|024h|00100nM,K562,24.0,100.0,True,True,263,plate29|plate6,plate7_H7|plate8_H1,rep1|rep2,139,124,11851,True,2,139,124,plate6,plate8_H1,plate29,plate7_H7,True,16,16,measured_valid,undetected,undetected,result_valid,False,1
INO-1001 (3-Aminobenzamide),K562|024h|01000nM,K562,24.0,1000.0,True,True,270,plate29|plate5,plate7_H1|plate7_H7,rep1|rep2,177,93,11697,True,2,177,93,plate5,plate7_H7,plate29,plate7_H1,True,16,16,measured_valid,undetected,undetected,result_valid,False,1
INO-1001 (3-Aminobenzamide),K562|024h|10000nM,K562,24.0,10000.0,True,True,275,plate30|plate5,plate7_H1|plate8_H7,rep1|rep2,147,128,10666,True,2,147,128,plate5,plate7_H1,plate30,plate8_H7,True,16,16,measured_valid,undetected,undetected,result_valid,False,1
INO-1001 (3-Aminobenzamide),MCF7|024h|00010nM,MCF7,24.0,10.0,True,True,488,plate22|plate46,plate8_H1|plate8_H7,rep1|rep2,217,271,20196,True,2,217,271,plate22,plate8_H7,plate46,plate8_H1,True,16,16,measured_valid,undetected,undetected,result_valid,False,1
INO-1001 (3-Aminobenzamide),MCF7|024h|00100nM,MCF7,24.0,100.0,True,True,492,plate22|plate45,plate7_H7|plate8_H1,rep1|rep2,192,300,18858,True,2,192,300,plate22,plate8_H1,plate45,plate7_H7,True,16,16,measured_valid,undetected,undetected,result_valid,False,1
INO-1001 (3-Aminobenzamide),MCF7|024h|01000nM,MCF7,24.0,1000.0,True,True,424,plate21|plate45,plate7_H1|plate7_H7,rep1|rep2,232,192,16112,True,2,232,192,plate21,plate7_H7,plate45,plate7_H1,True,16,16,measured_valid,undetected,undetected,result_valid,False,1
INO-1001 (3-Aminobenzamide),MCF7|024h|10000nM,MCF7,24.0,10000.0,True,True,493,plate21|plate46,plate7_H1|plate8_H7,rep1|rep2,162,331,17665,True,2,162,331,plate21,plate7_H1,plate46,plate8_H7,True,16,16,measured_valid,ambiguous,ambiguous,result_valid,False,1
ITSA-1 (ITSA1),A549|024h|00010nM,A549,24.0,10.0,True,True,167,plate10|plate34,plate4_H1|plate4_H7,rep1|rep2,63,104,9045,True,2,63,104,plate10,plate4_H7,plate34,plate4_H1,True,16,16,measured_valid,undetected,undetected,result_valid,False,1
ITSA-1 (ITSA1),A549|024h|00100nM,A549,24.0,100.0,True,True,196,plate10|plate33,plate3_H7|plate4_H1,rep1|rep2,44,152,8564,True,2,44,152,plate10,plate4_H1,plate33,plate3_H7,True,16,16,measured_valid,undetected,undetected,result_valid,False,1
ITSA-1 (ITSA1),A549|024h|01000nM,A549,24.0,1000.0,True,True,187,plate33|plate9,plate3_H1|plate3_H7,rep1|rep2,87,100,8686,True,2,87,100,plate9,plate3_H7,plate33,plate3_H1,True,16,16,measured_valid,undetected,undetected,result_valid,False,1
ITSA-1 (ITSA1),A549|024h|10000nM,A549,24.0,10000.0,True,True,218,plate34|plate9,plate3_H1|plate4_H7,rep1|rep2,76,142,7414,True,2,76,142,plate9,plate3_H1,plate34,plate4_H7,True,16,16,measured_valid,undetected,undetected,result_valid,False,1
ITSA-1 (ITSA1),K562|024h|00010nM,K562,24.0,10.0,True,True,239,plate2|plate26,plate4_H1|plate4_H7,rep1|rep2,136,103,11078,True,2,136,103,plate2,plate4_H7,plate26,plate4_H1,True,16,16,measured_valid,undetected,undetected,result_valid,False,1
ITSA-1 (ITSA1),K562|024h|00100nM,K562,24.0,100.0,True,True,217,plate2|plate25,plate3_H7|plate4_H1,rep1|rep2,109,108,10232,True,2,109,108,plate2,plate4_H1,plate25,plate3_H7,True,16,16,measured_valid,undetected,undetected,result_valid,False,1
ITSA-1 (ITSA1),K562|024h|01000nM,K562,24.0,1000.0,True,True,215,plate1|plate25,plate3_H1|plate3_H7,rep1|rep2,110,105,9884,True,2,110,105,plate1,plate3_H7,plate25,plate3_H1,True,16,16,measured_valid,eliminating,eliminate_a,result_valid,False,1
ITSA-1 (ITSA1),K562|024h|10000nM,K562,24.0,10000.0,True,True,207,plate1|plate26,plate3_H1|plate4_H7,rep1|rep2,136,71,8441,True,2,136,71,plate1,plate3_H1,plate26,plate4_H7,True,16,16,measured_valid,undetected,undetected,result_valid,False,1
ITSA-1 (ITSA1),MCF7|024h|00010nM,MCF7,24.0,10.0,True,True,401,plate18|plate42,plate4_H1|plate4_H7,rep1|rep2,161,240,22013,True,2,161,240,plate18,plate4_H7,plate42,plate4_H1,True,16,16,measured_valid,undetected,undetected,result_valid,False,1
ITSA-1 (ITSA1),MCF7|024h|00100nM,MCF7,24.0,100.0,True,True,469,plate18|plate41,plate3_H7|plate4_H1,rep1|rep2,198,271,19868,True,2,198,271,plate18,plate4_H1,plate41,plate3_H7,True,16,16,measured_valid,undetected,undetected,result_valid,False,1
ITSA-1 (ITSA1),MCF7|024h|01000nM,MCF7,24.0,1000.0,True,True,622,plate17|plate41,plate3_H1|plate3_H7,rep1|rep2,259,363,22621,True,2,259,363,plate17,plate3_H7,plate41,plate3_H1,True,16,16,measured_valid,undetected,undetected,result_valid,False,1
ITSA-1 (ITSA1),MCF7|024h|10000nM,MCF7,24.0,10000.0,True,True,498,plate17|plate42,plate3_H1|plate4_H7,rep1|rep2,267,231,21922,True,2,267,231,plate17,plate3_H1,plate42,plate4_H7,True,16,16,measured_valid,undetected,undetected,result_valid,False,1
Iniparib (BSI-201),A549|024h|00010nM,A549,24.0,10.0,True,True,140,plate10|plate34,plate4_B2|plate4_B8,rep1|rep2,40,100,9045,True,2,40,100,plate10,plate4_B8,plate34,plate4_B2,True,16,16,measured_valid,undetected,undetected,result_valid,False,1
Iniparib (BSI-201),A549|024h|00100nM,A549,24.0,100.0,True,True,188,plate10|plate33,plate3_B8|plate4_B2,rep1|rep2,56,132,8564,True,2,56,132,plate10,plate4_B2,plate33,plate3_B8,True,16,16,measured_valid,undetected,undetected,result_valid,False,1
Iniparib (BSI-201),A549|024h|01000nM,A549,24.0,1000.0,True,True,228,plate33|plate9,plate3_B2|plate3_B8,rep1|rep2,46,182,8686,True,2,46,182,plate9,plate3_B8,plate33,plate3_B2,True,16,16,measured_valid,undetected,undetected,result_valid,False,1
Iniparib (BSI-201),A549|024h|10000nM,A549,24.0,10000.0,True,True,138,plate34|plate9,plate3_B2|plate4_B8,rep1|rep2,39,99,7414,True,2,39,99,plate9,plate3_B2,plate34,plate4_B8,True,16,16,measured_valid,undetected,undetected,result_valid,False,1
Iniparib (BSI-201),K562|024h|00010nM,K562,24.0,10.0,True,True,242,plate2|plate26,plate4_B2|plate4_B8,rep1|rep2,142,100,11078,True,2,142,100,plate2,plate4_B8,plate26,plate4_B2,True,16,16,measured_valid,undetected,undetected,result_valid,False,1
Iniparib (BSI-201),K562|024h|00100nM,K562,24.0,100.0,True,True,220,plate2|plate25,plate3_B8|plate4_B2,rep1|rep2,122,98,10232,True,2,122,98,plate2,plate4_B2,plate25,plate3_B8,True,16,16,measured_valid,undetected,undetected,result_valid,False,1
Iniparib (BSI-201),K562|024h|01000nM,K562,24.0,1000.0,True,True,271,plate1|plate25,plate3_B2|plate3_B8,rep1|rep2,138,133,9884,True,2,138,133,plate1,plate3_B8,plate25,plate3_B2,True,16,16,measured_valid,undetected,undetected,result_valid,False,1
Iniparib (BSI-201),K562|024h|10000nM,K562,24.0,10000.0,True,True,231,plate1|plate26,plate3_B2|plate4_B8,rep1|rep2,164,67,8441,True,2,164,67,plate1,plate3_B2,plate26,plate4_B8,True,16,16,measured_valid,undetected,undetected,result_valid,False,1
Iniparib (BSI-201),MCF7|024h|00010nM,MCF7,24.0,10.0,True,True,325,plate18|plate42,plate4_B2|plate4_B8,rep1|rep2,140,185,22013,True,2,140,185,plate18,plate4_B8,plate42,plate4_B2,True,16,16,measured_valid,undetected,undetected,result_valid,False,1
Iniparib (BSI-201),MCF7|024h|00100nM,MCF7,24.0,100.0,True,True,479,plate18|plate41,plate3_B8|plate4_B2,rep1|rep2,152,327,19868,True,2,152,327,plate18,plate4_B2,plate41,plate3_B8,True,16,16,measured_valid,undetected,undetected,result_valid,False,1
Iniparib (BSI-201),MCF7|024h|01000nM,MCF7,24.0,1000.0,True,True,519,plate17|plate41,plate3_B2|plate3_B8,rep1|rep2,301,218,22621,True,2,301,218,plate17,plate3_B8,plate41,plate3_B2,True,16,16,measured_valid,undetected,undetected,result_valid,False,1
Iniparib (BSI-201),MCF7|024h|10000nM,MCF7,24.0,10000.0,True,True,506,plate17|plate42,plate3_B2|plate4_B8,rep1|rep2,311,195,21922,True,2,311,195,plate17,plate3_B2,plate42,plate4_B8,True,16,16,measured_valid,undetected,undetected,result_valid,False,1
KW-2449,A549|024h|00010nM,A549,24.0,10.0,True,True,240,plate12|plate36,plate6_B1|plate6_B7,rep1|rep2,105,135,11338,True,2,105,135,plate12,plate6_B7,plate36,plate6_B1,True,16,16,measured_valid,undetected,undetected,result_valid,False,1
KW-2449,A549|024h|00100nM,A549,24.0,100.0,True,True,239,plate12|plate35,plate5_B7|plate6_B1,rep1|rep2,105,134,11179,True,2,105,134,plate12,plate6_B1,plate35,plate5_B7,True,16,16,measured_valid,undetected,undetected,result_valid,False,1
KW-2449,A549|024h|01000nM,A549,24.0,1000.0,True,True,167,plate11|plate35,plate5_B1|plate5_B7,rep1|rep2,85,82,10404,True,2,85,82,plate11,plate5_B7,plate35,plate5_B1,True,16,16,measured_valid,ambiguous,ambiguous,result_valid,False,1
KW-2449,A549|024h|10000nM,A549,24.0,10000.0,True,True,119,plate11|plate36,plate5_B1|plate6_B7,rep1|rep2,58,61,9895,True,2,58,61,plate11,plate5_B1,plate36,plate6_B7,True,16,16,measured_valid,eliminating,eliminate_b,result_valid,False,1
KW-2449,K562|024h|00010nM,K562,24.0,10.0,True,True,246,plate28|plate4,plate6_B1|plate6_B7,rep1|rep2,140,106,11863,True,2,140,106,plate4,plate6_B7,plate28,plate6_B1,True,16,16,measured_valid,undetected,undetected,result_valid,False,1
KW-2449,K562|024h|00100nM,K562,24.0,100.0,True,True,246,plate27|plate4,plate5_B7|plate6_B1,rep1|rep2,124,122,10898,True,2,124,122,plate4,plate6_B1,plate27,plate5_B7,True,16,16,measured_valid,undetected,undetected,result_valid,False,1
KW-2449,K562|024h|01000nM,K562,24.0,1000.0,True,True,229,plate27|plate3,plate5_B1|plate5_B7,rep1|rep2,140,89,10473,True,2,140,89,plate3,plate5_B7,plate27,plate5_B1,True,16,16,measured_valid,ambiguous,ambiguous,result_valid,False,1
KW-2449,K562|024h|10000nM,K562,24.0,10000.0,True,True,174,plate28|plate3,plate5_B1|plate6_B7,rep1|rep2,100,74,8992,True,2,100,74,plate3,plate5_B1,plate28,plate6_B7,True,16,16,measured_valid,ambiguous,ambiguous,result_valid,False,1
KW-2449,MCF7|024h|00010nM,MCF7,24.0,10.0,True,True,623,plate20|plate44,plate6_B1|plate6_B7,rep1|rep2,279,344,26856,True,2,279,344,plate20,plate6_B7,plate44,plate6_B1,True,16,16,measured_valid,undetected,undetected,result_valid,False,1
KW-2449,MCF7|024h|00100nM,MCF7,24.0,100.0,True,True,538,plate20|plate43,plate5_B7|plate6_B1,rep1|rep2,242,296,24746,True,2,242,296,plate20,plate6_B1,plate43,plate5_B7,True,16,16,measured_valid,undetected,undetected,result_valid,False,1
KW-2449,MCF7|024h|01000nM,MCF7,24.0,1000.0,True,True,395,plate19|plate43,plate5_B1|plate5_B7,rep1|rep2,149,246,22654,True,2,149,246,plate19,plate5_B7,plate43,plate5_B1,True,16,16,measured_valid,ambiguous,ambiguous,result_valid,False,1
KW-2449,MCF7|024h|10000nM,MCF7,24.0,10000.0,True,True,309,plate19|plate44,plate5_B1|plate6_B7,rep1|rep2,108,201,20487,True,2,108,201,plate19,plate5_B1,plate44,plate6_B7,True,16,16,measured_valid,ambiguous,ambiguous,result_valid,False,1
Ki8751,A549|024h|00010nM,A549,24.0,10.0,True,True,311,plate16|plate40,plate10_E2|plate10_E8,rep1|rep2,143,168,11616,True,2,143,168,plate16,plate10_E8,plate40,plate10_E2,True,16,16,measured_valid,undetected,undetected,result_valid,False,1
Ki8751,A549|024h|00100nM,A549,24.0,100.0,True,True,244,plate16|plate39,plate10_E2|plate9_E8,rep1|rep2,113,131,10434,True,2,113,131,plate16,plate10_E2,plate39,plate9_E8,True,16,16,measured_valid,undetected,undetected,result_valid,False,1
Ki8751,A549|024h|01000nM,A549,24.0,1000.0,True,True,232,plate15|plate39,plate9_E2|plate9_E8,rep1|rep2,99,133,9830,True,2,99,133,plate15,plate9_E8,plate39,plate9_E2,True,16,16,measured_valid,undetected,undetected,result_valid,False,1
Ki8751,A549|024h|10000nM,A549,24.0,10000.0,True,True,263,plate15|plate40,plate10_E8|plate9_E2,rep1|rep2,115,148,9263,True,2,115,148,plate15,plate9_E2,plate40,plate10_E8,True,16,16,measured_valid,undetected,undetected,result_valid,False,1
Ki8751,K562|024h|00010nM,K562,24.0,10.0,True,True,225,plate32|plate8,plate10_E2|plate10_E8,rep1|rep2,102,123,10989,True,2,102,123,plate8,plate10_E8,plate32,plate10_E2,True,16,16,measured_valid,undetected,undetected,result_valid,False,1
Ki8751,K562|024h|00100nM,K562,24.0,100.0,True,True,233,plate31|plate8,plate10_E2|plate9_E8,rep1|rep2,117,116,10801,True,2,117,116,plate8,plate10_E2,plate31,plate9_E8,True,16,16,measured_valid,undetected,undetected,result_valid,False,1
Ki8751,K562|024h|01000nM,K562,24.0,1000.0,True,True,247,plate31|plate7,plate9_E2|plate9_E8,rep1|rep2,121,126,10759,True,2,121,126,plate7,plate9_E8,plate31,plate9_E2,True,16,16,measured_valid,undetected,undetected,result_valid,False,1
Ki8751,K562|024h|10000nM,K562,24.0,10000.0,True,True,187,plate32|plate7,plate10_E8|plate9_E2,rep1|rep2,102,85,8971,True,2,102,85,plate7,plate9_E2,plate32,plate10_E8,True,16,16,measured_valid,ambiguous,ambiguous,result_valid,False,1
Ki8751,MCF7|024h|00010nM,MCF7,24.0,10.0,True,True,569,plate24|plate48,plate10_E2|plate10_E8,rep1|rep2,249,320,22475,True,2,249,320,plate24,plate10_E8,plate48,plate10_E2,True,16,16,measured_valid,undetected,undetected,result_valid,False,1
Ki8751,MCF7|024h|00100nM,MCF7,24.0,100.0,True,True,543,plate24|plate47,plate10_E2|plate9_E8,rep1|rep2,216,327,23948,True,2,216,327,plate24,plate10_E2,plate47,plate9_E8,True,16,16,measured_valid,undetected,undetected,result_valid,False,1
Ki8751,MCF7|024h|01000nM,MCF7,24.0,1000.0,True,True,448,plate23|plate47,plate9_E2|plate9_E8,rep1|rep2,171,277,19841,True,2,171,277,plate23,plate9_E8,plate47,plate9_E2,True,16,16,measured_valid,undetected,undetected,result_valid,False,1
Ki8751,MCF7|024h|10000nM,MCF7,24.0,10000.0,True,True,346,plate23|plate48,plate10_E8|plate9_E2,rep1|rep2,112,234,16814,True,2,112,234,plate23,plate9_E2,plate48,plate10_E8,True,16,16,measured_valid,undetected,undetected,result_valid,False,1
Lapatinib (GW-572016) Ditosylate,A549|024h|00010nM,A549,24.0,10.0,True,True,280,plate14|plate38,plate8_A11|plate8_A5,rep1|rep2,114,166,10740,True,2,114,166,plate14,plate8_A11,plate38,plate8_A5,True,16,16,measured_valid,undetected,undetected,result_valid,False,1
Lapatinib (GW-572016) Ditosylate,A549|024h|00100nM,A549,24.0,100.0,True,True,270,plate14|plate37,plate7_A11|plate8_A5,rep1|rep2,119,151,10668,True,2,119,151,plate14,plate8_A5,plate37,plate7_A11,True,16,16,measured_valid,undetected,undetected,result_valid,False,1
Lapatinib (GW-572016) Ditosylate,A549|024h|01000nM,A549,24.0,1000.0,True,True,239,plate13|plate37,plate7_A11|plate7_A5,rep1|rep2,84,155,10047,True,2,84,155,plate13,plate7_A11,plate37,plate7_A5,True,16,16,measured_valid,undetected,undetected,result_valid,False,1
Lapatinib (GW-572016) Ditosylate,A549|024h|10000nM,A549,24.0,10000.0,True,True,134,plate13|plate38,plate7_A5|plate8_A11,rep1|rep2,58,76,9275,True,2,58,76,plate13,plate7_A5,plate38,plate8_A11,True,16,16,measured_valid,eliminating,eliminate_a,result_valid,False,1
Lapatinib (GW-572016) Ditosylate,K562|024h|00010nM,K562,24.0,10.0,True,True,286,plate30|plate6,plate8_A11|plate8_A5,rep1|rep2,162,124,12122,True,2,162,124,plate6,plate8_A11,plate30,plate8_A5,True,16,16,measured_valid,ambiguous,ambiguous,result_valid,False,1
Lapatinib (GW-572016) Ditosylate,K562|024h|00100nM,K562,24.0,100.0,True,True,273,plate29|plate6,plate7_A11|plate8_A5,rep1|rep2,163,110,11851,True,2,163,110,plate6,plate8_A5,plate29,plate7_A11,True,16,16,measured_valid,undetected,undetected,result_valid,False,1
Lapatinib (GW-572016) Ditosylate,K562|024h|01000nM,K562,24.0,1000.0,True,True,207,plate29|plate5,plate7_A11|plate7_A5,rep1|rep2,127,80,11697,True,2,127,80,plate5,plate7_A11,plate29,plate7_A5,True,16,16,measured_valid,undetected,undetected,result_valid,False,1
Lapatinib (GW-572016) Ditosylate,K562|024h|10000nM,K562,24.0,10000.0,True,True,203,plate30|plate5,plate7_A5|plate8_A11,rep1|rep2,79,124,10666,True,2,79,124,plate5,plate7_A5,plate30,plate8_A11,True,16,16,measured_valid,ambiguous,ambiguous,result_valid,False,1
Lapatinib (GW-572016) Ditosylate,MCF7|024h|00010nM,MCF7,24.0,10.0,True,True,474,plate22|plate46,plate8_A11|plate8_A5,rep1|rep2,221,253,20196,True,2,221,253,plate22,plate8_A11,plate46,plate8_A5,True,16,16,measured_valid,undetected,undetected,result_valid,False,1
Lapatinib (GW-572016) Ditosylate,MCF7|024h|00100nM,MCF7,24.0,100.0,True,True,426,plate22|plate45,plate7_A11|plate8_A5,rep1|rep2,199,227,18858,True,2,199,227,plate22,plate8_A5,plate45,plate7_A11,True,16,16,measured_valid,undetected,undetected,result_valid,False,1
Lapatinib (GW-572016) Ditosylate,MCF7|024h|01000nM,MCF7,24.0,1000.0,True,True,362,plate21|plate45,plate7_A11|plate7_A5,rep1|rep2,124,238,16112,True,2,124,238,plate21,plate7_A11,plate45,plate7_A5,True,16,16,measured_valid,ambiguous,ambiguous,result_valid,False,1
Lapatinib (GW-572016) Ditosylate,MCF7|024h|10000nM,MCF7,24.0,10000.0,True,True,206,plate21|plate46,plate7_A5|plate8_A11,rep1|rep2,123,83,17665,True,2,123,83,plate21,plate7_A5,plate46,plate8_A11,True,16,16,measured_valid,ambiguous,ambiguous,result_valid,False,1
Linifanib (ABT-869),A549|024h|00010nM,A549,24.0,10.0,True,True,221,plate14|plate38,plate8_E1|plate8_E7,rep1|rep2,129,92,10740,True,2,129,92,plate14,plate8_E7,plate38,plate8_E1,True,16,16,measured_valid,undetected,undetected,result_valid,False,1
Linifanib (ABT-869),A549|024h|00100nM,A549,24.0,100.0,True,True,241,plate14|plate37,plate7_E7|plate8_E1,rep1|rep2,94,147,10668,True,2,94,147,plate14,plate8_E1,plate37,plate7_E7,True,16,16,measured_valid,undetected,undetected,result_valid,False,1
Linifanib (ABT-869),A549|024h|01000nM,A549,24.0,1000.0,True,True,241,plate13|plate37,plate7_E1|plate7_E7,rep1|rep2,109,132,10047,True,2,109,132,plate13,plate7_E7,plate37,plate7_E1,True,16,16,measured_valid,undetected,undetected,result_valid,False,1
Linifanib (ABT-869),A549|024h|10000nM,A549,24.0,10000.0,True,True,235,plate13|plate38,plate7_E1|plate8_E7,rep1|rep2,105,130,9275,True,2,105,130,plate13,plate7_E1,plate38,plate8_E7,True,16,16,measured_valid,eliminating,eliminate_b,result_valid,False,1
Linifanib (ABT-869),K562|024h|00010nM,K562,24.0,10.0,True,True,257,plate30|plate6,plate8_E1|plate8_E7,rep1|rep2,154,103,12122,True,2,154,103,plate6,plate8_E7,plate30,plate8_E1,True,16,16,measured_valid,undetected,undetected,result_valid,False,1
Linifanib (ABT-869),K562|024h|00100nM,K562,24.0,100.0,True,True,271,plate29|plate6,plate7_E7|plate8_E1,rep1|rep2,157,114,11851,True,2,157,114,plate6,plate8_E1,plate29,plate7_E7,True,16,16,measured_valid,undetected,undetected,result_valid,False,1
Linifanib (ABT-869),K562|024h|01000nM,K562,24.0,1000.0,True,True,269,plate29|plate5,plate7_E1|plate7_E7,rep1|rep2,159,110,11697,True,2,159,110,plate5,plate7_E7,plate29,plate7_E1,True,16,16,measured_valid,undetected,undetected,result_valid,False,1
Linifanib (ABT-869),K562|024h|10000nM,K562,24.0,10000.0,True,True,269,plate30|plate5,plate7_E1|plate8_E7,rep1|rep2,161,108,10666,True,2,161,108,plate5,plate7_E1,plate30,plate8_E7,True,16,16,measured_valid,ambiguous,ambiguous,result_valid,False,1
Linifanib (ABT-869),MCF7|024h|00010nM,MCF7,24.0,10.0,True,True,401,plate22|plate46,plate8_E1|plate8_E7,rep1|rep2,163,238,20196,True,2,163,238,plate22,plate8_E7,plate46,plate8_E1,True,16,16,measured_valid,undetected,undetected,result_valid,False,1
Linifanib (ABT-869),MCF7|024h|00100nM,MCF7,24.0,100.0,True,True,403,plate22|plate45,plate7_E7|plate8_E1,rep1|rep2,202,201,18858,True,2,202,201,plate22,plate8_E1,plate45,plate7_E7,True,16,16,measured_valid,undetected,undetected,result_valid,False,1
Linifanib (ABT-869),MCF7|024h|01000nM,MCF7,24.0,1000.0,True,True,413,plate21|plate45,plate7_E1|plate7_E7,rep1|rep2,191,222,16112,True,2,191,222,plate21,plate7_E7,plate45,plate7_E1,True,16,16,measured_valid,undetected,undetected,result_valid,False,1
Linifanib (ABT-869),MCF7|024h|10000nM,MCF7,24.0,10000.0,True,True,291,plate21|plate46,plate7_E1|plate8_E7,rep1|rep2,111,180,17665,True,2,111,180,plate21,plate7_E1,plate46,plate8_E7,True,16,16,measured_valid,eliminating,eliminate_b,result_valid,False,1
M344,A549|024h|00010nM,A549,24.0,10.0,True,True,252,plate12|plate36,plate6_G3|plate6_G9,rep1|rep2,101,151,11338,True,2,101,151,plate12,plate6_G9,plate36,plate6_G3,True,16,16,measured_valid,undetected,undetected,result_valid,False,1
M344,A549|024h|00100nM,A549,24.0,100.0,True,True,218,plate12|plate35,plate5_G9|plate6_G3,rep1|rep2,74,144,11179,True,2,74,144,plate12,plate6_G3,plate35,plate5_G9,True,16,16,measured_valid,eliminating,eliminate_a,result_valid,False,1
M344,A549|024h|01000nM,A549,24.0,1000.0,True,True,225,plate11|plate35,plate5_G3|plate5_G9,rep1|rep2,108,117,10404,True,2,108,117,plate11,plate5_G9,plate35,plate5_G3,True,16,16,measured_valid,eliminating,eliminate_a,result_valid,False,1
M344,A549|024h|10000nM,A549,24.0,10000.0,True,True,165,plate11|plate36,plate5_G3|plate6_G9,rep1|rep2,59,106,9895,True,2,59,106,plate11,plate5_G3,plate36,plate6_G9,True,16,16,measured_valid,eliminating,eliminate_a,result_valid,False,1
M344,K562|024h|00010nM,K562,24.0,10.0,True,True,243,plate28|plate4,plate6_G3|plate6_G9,rep1|rep2,134,109,11863,True,2,134,109,plate4,plate6_G9,plate28,plate6_G3,True,16,16,measured_valid,ambiguous,ambiguous,result_valid,False,1
M344,K562|024h|00100nM,K562,24.0,100.0,True,True,228,plate27|plate4,plate5_G9|plate6_G3,rep1|rep2,133,95,10898,True,2,133,95,plate4,plate6_G3,plate27,plate5_G9,True,16,16,measured_valid,eliminating,eliminate_a,result_valid,False,1
M344,K562|024h|01000nM,K562,24.0,1000.0,True,True,154,plate27|plate3,plate5_G3|plate5_G9,rep1|rep2,74,80,10473,True,2,74,80,plate3,plate5_G9,plate27,plate5_G3,True,16,16,measured_valid,eliminating,eliminate_a,result_valid,False,1
M344,K562|024h|10000nM,K562,24.0,10000.0,True,True,80,plate28|plate3,plate5_G3|plate6_G9,rep1|rep2,41,39,8992,True,2,41,39,plate3,plate5_G3,plate28,plate6_G9,True,16,16,measured_valid,eliminating,eliminate_a,result_valid,False,1
M344,MCF7|024h|00010nM,MCF7,24.0,10.0,True,True,537,plate20|plate44,plate6_G3|plate6_G9,rep1|rep2,217,320,26856,True,2,217,320,plate20,plate6_G9,plate44,plate6_G3,True,16,16,measured_valid,ambiguous,ambiguous,result_valid,False,1
M344,MCF7|024h|00100nM,MCF7,24.0,100.0,True,True,563,plate20|plate43,plate5_G9|plate6_G3,rep1|rep2,249,314,24746,True,2,249,314,plate20,plate6_G3,plate43,plate5_G9,True,16,16,measured_valid,eliminating,eliminate_a,result_valid,False,1
M344,MCF7|024h|01000nM,MCF7,24.0,1000.0,True,True,474,plate19|plate43,plate5_G3|plate5_G9,rep1|rep2,197,277,22654,True,2,197,277,plate19,plate5_G9,plate43,plate5_G3,True,16,16,measured_valid,eliminating,eliminate_a,result_valid,False,1
M344,MCF7|024h|10000nM,MCF7,24.0,10000.0,True,True,450,plate19|plate44,plate5_G3|plate6_G9,rep1|rep2,190,260,20487,True,2,190,260,plate19,plate5_G3,plate44,plate6_G9,True,16,16,measured_valid,eliminating,eliminate_a,result_valid,False,1
MC1568,A549|024h|00010nM,A549,24.0,10.0,True,True,207,plate10|plate34,plate4_B12|plate4_B6,rep1|rep2,64,143,9045,True,2,64,143,plate10,plate4_B12,plate34,plate4_B6,True,16,16,measured_valid,undetected,undetected,result_valid,False,1
MC1568,A549|024h|00100nM,A549,24.0,100.0,True,True,208,plate10|plate33,plate3_B12|plate4_B6,rep1|rep2,57,151,8564,True,2,57,151,plate10,plate4_B6,plate33,plate3_B12,True,16,16,measured_valid,undetected,undetected,result_valid,False,1
MC1568,A549|024h|01000nM,A549,24.0,1000.0,True,True,231,plate33|plate9,plate3_B12|plate3_B6,rep1|rep2,82,149,8686,True,2,82,149,plate9,plate3_B12,plate33,plate3_B6,True,16,16,measured_valid,undetected,undetected,result_valid,False,1
MC1568,A549|024h|10000nM,A549,24.0,10000.0,True,True,162,plate34|plate9,plate3_B6|plate4_B12,rep1|rep2,44,118,7414,True,2,44,118,plate9,plate3_B6,plate34,plate4_B12,True,16,16,measured_valid,undetected,undetected,result_valid,False,1
MC1568,K562|024h|00010nM,K562,24.0,10.0,True,True,228,plate2|plate26,plate4_B12|plate4_B6,rep1|rep2,121,107,11078,True,2,121,107,plate2,plate4_B12,plate26,plate4_B6,True,16,16,measured_valid,undetected,undetected,result_valid,False,1
MC1568,K562|024h|00100nM,K562,24.0,100.0,True,True,249,plate2|plate25,plate3_B12|plate4_B6,rep1|rep2,127,122,10232,True,2,127,122,plate2,plate4_B6,plate25,plate3_B12,True,16,16,measured_valid,undetected,undetected,result_valid,False,1
MC1568,K562|024h|01000nM,K562,24.0,1000.0,True,True,294,plate1|plate25,plate3_B12|plate3_B6,rep1|rep2,194,100,9884,True,2,194,100,plate1,plate3_B12,plate25,plate3_B6,True,16,16,measured_valid,undetected,undetected,result_valid,False,1
MC1568,K562|024h|10000nM,K562,24.0,10000.0,True,True,261,plate1|plate26,plate3_B6|plate4_B12,rep1|rep2,141,120,8441,True,2,141,120,plate1,plate3_B6,plate26,plate4_B12,True,16,16,measured_valid,undetected,undetected,result_valid,False,1
MC1568,MCF7|024h|00010nM,MCF7,24.0,10.0,True,True,522,plate18|plate42,plate4_B12|plate4_B6,rep1|rep2,258,264,22013,True,2,258,264,plate18,plate4_B12,plate42,plate4_B6,True,16,16,measured_valid,undetected,undetected,result_valid,False,1
MC1568,MCF7|024h|00100nM,MCF7,24.0,100.0,True,True,466,plate18|plate41,plate3_B12|plate4_B6,rep1|rep2,175,291,19868,True,2,175,291,plate18,plate4_B6,plate41,plate3_B12,True,16,16,measured_valid,undetected,undetected,result_valid,False,1
MC1568,MCF7|024h|01000nM,MCF7,24.0,1000.0,True,True,571,plate17|plate41,plate3_B12|plate3_B6,rep1|rep2,288,283,22621,True,2,288,283,plate17,plate3_B12,plate41,plate3_B6,True,16,16,measured_valid,undetected,undetected,result_valid,False,1
MC1568,MCF7|024h|10000nM,MCF7,24.0,10000.0,True,True,554,plate17|plate42,plate3_B6|plate4_B12,rep1|rep2,304,250,21922,True,2,304,250,plate17,plate3_B6,plate42,plate4_B12,True,16,16,measured_valid,undetected,undetected,result_valid,False,1
MK-5108 (VX-689),A549|024h|00010nM,A549,24.0,10.0,True,True,225,plate12|plate36,plate6_F3|plate6_F9,rep1|rep2,89,136,11338,True,2,89,136,plate12,plate6_F9,plate36,plate6_F3,True,16,16,measured_valid,undetected,undetected,result_valid,False,1
MK-5108 (VX-689),A549|024h|00100nM,A549,24.0,100.0,True,True,233,plate12|plate35,plate5_F9|plate6_F3,rep1|rep2,92,141,11179,True,2,92,141,plate12,plate6_F3,plate35,plate5_F9,True,16,16,measured_valid,undetected,undetected,result_valid,False,1
MK-5108 (VX-689),A549|024h|01000nM,A549,24.0,1000.0,True,True,238,plate11|plate35,plate5_F3|plate5_F9,rep1|rep2,97,141,10404,True,2,97,141,plate11,plate5_F9,plate35,plate5_F3,True,16,16,measured_valid,ambiguous,ambiguous,result_valid,False,1
MK-5108 (VX-689),A549|024h|10000nM,A549,24.0,10000.0,True,True,140,plate11|plate36,plate5_F3|plate6_F9,rep1|rep2,53,87,9895,True,2,53,87,plate11,plate5_F3,plate36,plate6_F9,True,16,16,measured_valid,eliminating,eliminate_b,result_valid,False,1
MK-5108 (VX-689),K562|024h|00010nM,K562,24.0,10.0,True,True,253,plate28|plate4,plate6_F3|plate6_F9,rep1|rep2,133,120,11863,True,2,133,120,plate4,plate6_F9,plate28,plate6_F3,True,16,16,measured_valid,undetected,undetected,result_valid,False,1
MK-5108 (VX-689),K562|024h|00100nM,K562,24.0,100.0,True,True,208,plate27|plate4,plate5_F9|plate6_F3,rep1|rep2,97,111,10898,True,2,97,111,plate4,plate6_F3,plate27,plate5_F9,True,16,16,measured_valid,undetected,undetected,result_valid,False,1
MK-5108 (VX-689),K562|024h|01000nM,K562,24.0,1000.0,True,True,235,plate27|plate3,plate5_F3|plate5_F9,rep1|rep2,115,120,10473,True,2,115,120,plate3,plate5_F9,plate27,plate5_F3,True,16,16,measured_valid,undetected,undetected,result_valid,False,1
MK-5108 (VX-689),K562|024h|10000nM,K562,24.0,10000.0,True,True,75,plate28|plate3,plate5_F3|plate6_F9,rep1|rep2,38,37,8992,True,2,38,37,plate3,plate5_F3,plate28,plate6_F9,True,16,16,measured_valid,ambiguous,ambiguous,result_valid,False,1
MK-5108 (VX-689),MCF7|024h|00010nM,MCF7,24.0,10.0,True,True,569,plate20|plate44,plate6_F3|plate6_F9,rep1|rep2,262,307,26856,True,2,262,307,plate20,plate6_F9,plate44,plate6_F3,True,16,16,measured_valid,undetected,undetected,result_valid,False,1
MK-5108 (VX-689),MCF7|024h|00100nM,MCF7,24.0,100.0,True,True,526,plate20|plate43,plate5_F9|plate6_F3,rep1|rep2,237,289,24746,True,2,237,289,plate20,plate6_F3,plate43,plate5_F9,True,16,16,measured_valid,ambiguous,ambiguous,result_valid,False,1
MK-5108 (VX-689),MCF7|024h|01000nM,MCF7,24.0,1000.0,True,True,418,plate19|plate43,plate5_F3|plate5_F9,rep1|rep2,176,242,22654,True,2,176,242,plate19,plate5_F9,plate43,plate5_F3,True,16,16,measured_valid,eliminating,eliminate_b,result_valid,False,1
MK-5108 (VX-689),MCF7|024h|10000nM,MCF7,24.0,10000.0,True,True,346,plate19|plate44,plate5_F3|plate6_F9,rep1|rep2,136,210,20487,True,2,136,210,plate19,plate5_F3,plate44,plate6_F9,True,16,16,measured_valid,eliminating,eliminate_b,result_valid,False,1
MLN8054,A549|024h|00010nM,A549,24.0,10.0,True,True,196,plate10|plate34,plate4_G2|plate4_G8,rep1|rep2,40,156,9045,True,2,40,156,plate10,plate4_G8,plate34,plate4_G2,True,16,16,measured_valid,ambiguous,ambiguous,result_valid,False,1
MLN8054,A549|024h|00100nM,A549,24.0,100.0,True,True,137,plate10|plate33,plate3_G8|plate4_G2,rep1|rep2,39,98,8564,True,2,39,98,plate10,plate4_G2,plate33,plate3_G8,True,16,16,measured_valid,eliminating,eliminate_a,result_valid,False,1
MLN8054,A549|024h|01000nM,A549,24.0,1000.0,True,True,109,plate33|plate9,plate3_F8|plate3_G2,rep1|rep2,37,72,8686,True,2,37,72,plate9,plate3_F8,plate33,plate3_G2,True,16,16,measured_valid,undetected,undetected,result_valid,False,1
MLN8054,A549|024h|10000nM,A549,24.0,10000.0,True,True,128,plate34|plate9,plate3_F2|plate4_G8,rep1|rep2,41,87,7414,True,2,41,87,plate9,plate3_F2,plate34,plate4_G8,True,16,16,measured_valid,undetected,undetected,result_valid,False,1
MLN8054,K562|024h|00010nM,K562,24.0,10.0,True,True,179,plate2|plate26,plate4_G2|plate4_G8,rep1|rep2,97,82,11078,True,2,97,82,plate2,plate4_G8,plate26,plate4_G2,True,16,16,measured_valid,undetected,undetected,result_valid,False,1
MLN8054,K562|024h|00100nM,K562,24.0,100.0,True,True,117,plate2|plate25,plate3_G8|plate4_G2,rep1|rep2,72,45,10232,True,2,72,45,plate2,plate4_G2,plate25,plate3_G8,True,16,16,measured_valid,undetected,undetected,result_valid,False,1
MLN8054,K562|024h|01000nM,K562,24.0,1000.0,True,True,188,plate1|plate25,plate3_G2|plate3_G8,rep1|rep2,97,91,9884,True,2,97,91,plate1,plate3_G8,plate25,plate3_G2,True,16,16,measured_valid,eliminating,eliminate_a,result_valid,False,1
MLN8054,K562|024h|10000nM,K562,24.0,10000.0,True,True,205,plate1|plate26,plate3_G2|plate4_G8,rep1|rep2,115,90,8441,True,2,115,90,plate1,plate3_G2,plate26,plate4_G8,True,16,16,measured_valid,eliminating,eliminate_a,result_valid,False,1
MLN8054,MCF7|024h|00010nM,MCF7,24.0,10.0,True,True,419,plate18|plate42,plate4_G2|plate4_G8,rep1|rep2,210,209,22013,True,2,210,209,plate18,plate4_G8,plate42,plate4_G2,True,16,16,measured_valid,eliminating,eliminate_a,result_valid,False,1
MLN8054,MCF7|024h|00100nM,MCF7,24.0,100.0,True,True,377,plate18|plate41,plate3_G8|plate4_G2,rep1|rep2,188,189,19868,True,2,188,189,plate18,plate4_G2,plate41,plate3_G8,True,16,16,measured_valid,eliminating,eliminate_a,result_valid,False,1
MLN8054,MCF7|024h|01000nM,MCF7,24.0,1000.0,True,True,411,plate17|plate41,plate3_G2|plate3_G8,rep1|rep2,224,187,22621,True,2,224,187,plate17,plate3_G8,plate41,plate3_G2,True,16,16,measured_valid,eliminating,eliminate_a,result_valid,False,1
MLN8054,MCF7|024h|10000nM,MCF7,24.0,10000.0,True,True,460,plate17|plate42,plate3_G2|plate4_G8,rep1|rep2,259,201,21922,True,2,259,201,plate17,plate3_G2,plate42,plate4_G8,True,16,16,measured_valid,eliminating,eliminate_a,result_valid,False,1
Mercaptopurine (6-MP),A549|024h|00010nM,A549,24.0,10.0,True,True,260,plate14|plate38,plate8_A12|plate8_A6,rep1|rep2,101,159,10740,True,2,101,159,plate14,plate8_A12,plate38,plate8_A6,True,16,16,measured_valid,undetected,undetected,result_valid,False,1
Mercaptopurine (6-MP),A549|024h|00100nM,A549,24.0,100.0,True,True,319,plate14|plate37,plate7_A12|plate8_A6,rep1|rep2,122,197,10668,True,2,122,197,plate14,plate8_A6,plate37,plate7_A12,True,16,16,measured_valid,undetected,undetected,result_valid,False,1
Mercaptopurine (6-MP),A549|024h|01000nM,A549,24.0,1000.0,True,True,270,plate13|plate37,plate7_A12|plate7_A6,rep1|rep2,104,166,10047,True,2,104,166,plate13,plate7_A12,plate37,plate7_A6,True,16,16,measured_valid,undetected,undetected,result_valid,False,1
Mercaptopurine (6-MP),A549|024h|10000nM,A549,24.0,10000.0,True,True,159,plate13|plate38,plate7_A6|plate8_A12,rep1|rep2,65,94,9275,True,2,65,94,plate13,plate7_A6,plate38,plate8_A12,True,16,16,measured_valid,eliminating,eliminate_b,result_valid,False,1
Mercaptopurine (6-MP),K562|024h|00010nM,K562,24.0,10.0,True,True,253,plate30|plate6,plate8_A12|plate8_A6,rep1|rep2,130,123,12122,True,2,130,123,plate6,plate8_A12,plate30,plate8_A6,True,16,16,measured_valid,ambiguous,ambiguous,result_valid,False,1
Mercaptopurine (6-MP),K562|024h|00100nM,K562,24.0,100.0,True,True,275,plate29|plate6,plate7_A12|plate8_A6,rep1|rep2,145,130,11851,True,2,145,130,plate6,plate8_A6,plate29,plate7_A12,True,16,16,measured_valid,ambiguous,ambiguous,result_valid,False,1
Mercaptopurine (6-MP),K562|024h|01000nM,K562,24.0,1000.0,True,True,203,plate29|plate5,plate7_A12|plate7_A6,rep1|rep2,113,90,11697,True,2,113,90,plate5,plate7_A12,plate29,plate7_A6,True,16,16,measured_valid,ambiguous,ambiguous,result_valid,False,1
Mercaptopurine (6-MP),K562|024h|10000nM,K562,24.0,10000.0,True,True,179,plate30|plate5,plate7_A6|plate8_A12,rep1|rep2,92,87,10666,True,2,92,87,plate5,plate7_A6,plate30,plate8_A12,True,16,16,measured_valid,ambiguous,ambiguous,result_valid,False,1
Mercaptopurine (6-MP),MCF7|024h|00010nM,MCF7,24.0,10.0,True,True,387,plate22|plate46,plate8_A12|plate8_A6,rep1|rep2,167,220,20196,True,2,167,220,plate22,plate8_A12,plate46,plate8_A6,True,16,16,measured_valid,ambiguous,ambiguous,result_valid,False,1
Mercaptopurine (6-MP),MCF7|024h|00100nM,MCF7,24.0,100.0,True,True,603,plate22|plate45,plate7_A12|plate8_A6,rep1|rep2,194,409,18858,True,2,194,409,plate22,plate8_A6,plate45,plate7_A12,True,16,16,measured_valid,undetected,undetected,result_valid,False,1
Mercaptopurine (6-MP),MCF7|024h|01000nM,MCF7,24.0,1000.0,True,True,359,plate21|plate45,plate7_A12|plate7_A6,rep1|rep2,126,233,16112,True,2,126,233,plate21,plate7_A12,plate45,plate7_A6,True,16,16,measured_valid,undetected,undetected,result_valid,False,1
Mercaptopurine (6-MP),MCF7|024h|10000nM,MCF7,24.0,10000.0,True,True,181,plate21|plate46,plate7_A6|plate8_A12,rep1|rep2,86,95,17665,True,2,86,95,plate21,plate7_A6,plate46,plate8_A12,True,16,16,measured_valid,eliminating,eliminate_b,result_valid,False,1
Mocetinostat (MGCD0103),A549|024h|00010nM,A549,24.0,10.0,True,True,140,plate10|plate34,plate4_B3|plate4_B9,rep1|rep2,38,102,9045,True,2,38,102,plate10,plate4_B9,plate34,plate4_B3,True,16,16,measured_valid,ambiguous,ambiguous,result_valid,False,1
Mocetinostat (MGCD0103),A549|024h|00100nM,A549,24.0,100.0,True,True,204,plate10|plate33,plate3_B9|plate4_B3,rep1|rep2,68,136,8564,True,2,68,136,plate10,plate4_B3,plate33,plate3_B9,True,16,16,measured_valid,eliminating,eliminate_a,result_valid,False,1
Mocetinostat (MGCD0103),A549|024h|01000nM,A549,24.0,1000.0,True,True,209,plate33|plate9,plate3_B3|plate3_B9,rep1|rep2,63,146,8686,True,2,63,146,plate9,plate3_B9,plate33,plate3_B3,True,16,16,measured_valid,eliminating,eliminate_a,result_valid,False,1
Mocetinostat (MGCD0103),A549|024h|10000nM,A549,24.0,10000.0,True,True,146,plate34|plate9,plate3_B3|plate4_B9,rep1|rep2,62,84,7414,True,2,62,84,plate9,plate3_B3,plate34,plate4_B9,True,16,16,measured_valid,eliminating,eliminate_a,result_valid,False,1
Mocetinostat (MGCD0103),K562|024h|00010nM,K562,24.0,10.0,True,True,208,plate2|plate26,plate4_B3|plate4_B9,rep1|rep2,115,93,11078,True,2,115,93,plate2,plate4_B9,plate26,plate4_B3,True,16,16,measured_valid,ambiguous,ambiguous,result_valid,False,1
Mocetinostat (MGCD0103),K562|024h|00100nM,K562,24.0,100.0,True,True,211,plate2|plate25,plate3_B9|plate4_B3,rep1|rep2,127,84,10232,True,2,127,84,plate2,plate4_B3,plate25,plate3_B9,True,16,16,measured_valid,eliminating,eliminate_a,result_valid,False,1
Mocetinostat (MGCD0103),K562|024h|01000nM,K562,24.0,1000.0,True,True,195,plate1|plate25,plate3_B3|plate3_B9,rep1|rep2,92,103,9884,True,2,92,103,plate1,plate3_B9,plate25,plate3_B3,True,16,16,measured_valid,eliminating,eliminate_a,result_valid,False,1
Mocetinostat (MGCD0103),K562|024h|10000nM,K562,24.0,10000.0,True,True,86,plate1|plate26,plate3_B3|plate4_B9,rep1|rep2,49,37,8441,True,2,49,37,plate1,plate3_B3,plate26,plate4_B9,True,16,16,measured_valid,eliminating,eliminate_a,result_valid,False,1
Mocetinostat (MGCD0103),MCF7|024h|00010nM,MCF7,24.0,10.0,True,True,379,plate18|plate42,plate4_B3|plate4_B9,rep1|rep2,218,161,22013,True,2,218,161,plate18,plate4_B9,plate42,plate4_B3,True,16,16,measured_valid,ambiguous,ambiguous,result_valid,False,1
Mocetinostat (MGCD0103),MCF7|024h|00100nM,MCF7,24.0,100.0,True,True,456,plate18|plate41,plate3_B9|plate4_B3,rep1|rep2,159,297,19868,True,2,159,297,plate18,plate4_B3,plate41,plate3_B9,True,16,16,measured_valid,eliminating,eliminate_a,result_valid,False,1
Mocetinostat (MGCD0103),MCF7|024h|01000nM,MCF7,24.0,1000.0,True,True,451,plate17|plate41,plate3_B3|plate3_B9,rep1|rep2,211,240,22621,True,2,211,240,plate17,plate3_B9,plate41,plate3_B3,True,16,16,measured_valid,eliminating,eliminate_a,result_valid,False,1
Mocetinostat (MGCD0103),MCF7|024h|10000nM,MCF7,24.0,10000.0,True,True,272,plate17|plate42,plate3_B3|plate4_B9,rep1|rep2,126,146,21922,True,2,126,146,plate17,plate3_B3,plate42,plate4_B9,True,16,16,measured_valid,eliminating,eliminate_a,result_valid,False,1
Momelotinib (CYT387),A549|024h|00010nM,A549,24.0,10.0,True,True,268,plate12|plate36,plate6_A2|plate6_A8,rep1|rep2,112,156,11338,True,2,112,156,plate12,plate6_A8,plate36,plate6_A2,True,16,16,measured_valid,undetected,undetected,result_valid,False,1
Momelotinib (CYT387),A549|024h|00100nM,A549,24.0,100.0,True,True,257,plate12|plate35,plate5_A8|plate6_A2,rep1|rep2,100,157,11179,True,2,100,157,plate12,plate6_A2,plate35,plate5_A8,True,16,16,measured_valid,undetected,undetected,result_valid,False,1
Momelotinib (CYT387),A549|024h|01000nM,A549,24.0,1000.0,True,True,274,plate11|plate35,plate5_A2|plate5_A8,rep1|rep2,144,130,10404,True,2,144,130,plate11,plate5_A8,plate35,plate5_A2,True,16,16,measured_valid,undetected,undetected,result_valid,False,1
Momelotinib (CYT387),A549|024h|10000nM,A549,24.0,10000.0,True,True,151,plate11|plate36,plate5_A2|plate6_A8,rep1|rep2,79,72,9895,True,2,79,72,plate11,plate5_A2,plate36,plate6_A8,True,16,16,measured_valid,eliminating,eliminate_b,result_valid,False,1
Momelotinib (CYT387),K562|024h|00010nM,K562,24.0,10.0,True,True,246,plate28|plate4,plate6_A2|plate6_A8,rep1|rep2,116,130,11863,True,2,116,130,plate4,plate6_A8,plate28,plate6_A2,True,16,16,measured_valid,undetected,undetected,result_valid,False,1
Momelotinib (CYT387),K562|024h|00100nM,K562,24.0,100.0,True,True,235,plate27|plate4,plate5_A8|plate6_A2,rep1|rep2,122,113,10898,True,2,122,113,plate4,plate6_A2,plate27,plate5_A8,True,16,16,measured_valid,undetected,undetected,result_valid,False,1
Momelotinib (CYT387),K562|024h|01000nM,K562,24.0,1000.0,True,True,246,plate27|plate3,plate5_A2|plate5_A8,rep1|rep2,120,126,10473,True,2,120,126,plate3,plate5_A8,plate27,plate5_A2,True,16,16,measured_valid,undetected,undetected,result_valid,False,1
Momelotinib (CYT387),K562|024h|10000nM,K562,24.0,10000.0,True,True,184,plate28|plate3,plate5_A2|plate6_A8,rep1|rep2,118,66,8992,True,2,118,66,plate3,plate5_A2,plate28,plate6_A8,True,16,16,measured_valid,ambiguous,ambiguous,result_valid,False,1
Momelotinib (CYT387),MCF7|024h|00010nM,MCF7,24.0,10.0,True,True,588,plate20|plate44,plate6_A2|plate6_A8,rep1|rep2,247,341,26856,True,2,247,341,plate20,plate6_A8,plate44,plate6_A2,True,16,16,measured_valid,undetected,undetected,result_valid,False,1
Momelotinib (CYT387),MCF7|024h|00100nM,MCF7,24.0,100.0,True,True,579,plate20|plate43,plate5_A8|plate6_A2,rep1|rep2,247,332,24746,True,2,247,332,plate20,plate6_A2,plate43,plate5_A8,True,16,16,measured_valid,undetected,undetected,result_valid,False,1
Momelotinib (CYT387),MCF7|024h|01000nM,MCF7,24.0,1000.0,True,True,493,plate19|plate43,plate5_A2|plate5_A8,rep1|rep2,163,330,22654,True,2,163,330,plate19,plate5_A8,plate43,plate5_A2,True,16,16,measured_valid,ambiguous,ambiguous,result_valid,False,1
Momelotinib (CYT387),MCF7|024h|10000nM,MCF7,24.0,10000.0,True,True,287,plate19|plate44,plate5_A2|plate6_A8,rep1|rep2,136,151,20487,True,2,136,151,plate19,plate5_A2,plate44,plate6_A8,True,16,16,measured_valid,eliminating,eliminate_a,result_valid,False,1
Motesanib Diphosphate (AMG-706),A549|024h|00010nM,A549,24.0,10.0,True,True,229,plate14|plate38,plate8_E11|plate8_E5,rep1|rep2,105,124,10740,True,2,105,124,plate14,plate8_E11,plate38,plate8_E5,True,16,16,measured_valid,undetected,undetected,result_valid,False,1
Motesanib Diphosphate (AMG-706),A549|024h|00100nM,A549,24.0,100.0,True,True,253,plate14|plate37,plate7_E11|plate8_E5,rep1|rep2,120,133,10668,True,2,120,133,plate14,plate8_E5,plate37,plate7_E11,True,16,16,measured_valid,undetected,undetected,result_valid,False,1
Motesanib Diphosphate (AMG-706),A549|024h|01000nM,A549,24.0,1000.0,True,True,230,plate13|plate37,plate7_E11|plate7_E5,rep1|rep2,118,112,10047,True,2,118,112,plate13,plate7_E11,plate37,plate7_E5,True,16,16,measured_valid,undetected,undetected,result_valid,False,1
Motesanib Diphosphate (AMG-706),A549|024h|10000nM,A549,24.0,10000.0,True,True,264,plate13|plate38,plate7_E5|plate8_E11,rep1|rep2,120,144,9275,True,2,120,144,plate13,plate7_E5,plate38,plate8_E11,True,16,16,measured_valid,eliminating,eliminate_a,result_valid,False,1
Motesanib Diphosphate (AMG-706),K562|024h|00010nM,K562,24.0,10.0,True,True,224,plate30|plate6,plate8_E11|plate8_E5,rep1|rep2,112,112,12122,True,2,112,112,plate6,plate8_E11,plate30,plate8_E5,True,16,16,measured_valid,undetected,undetected,result_valid,False,1
Motesanib Diphosphate (AMG-706),K562|024h|00100nM,K562,24.0,100.0,True,True,309,plate29|plate6,plate7_E11|plate8_E5,rep1|rep2,169,140,11851,True,2,169,140,plate6,plate8_E5,plate29,plate7_E11,True,16,16,measured_valid,undetected,undetected,result_valid,False,1
Motesanib Diphosphate (AMG-706),K562|024h|01000nM,K562,24.0,1000.0,True,True,267,plate29|plate5,plate7_E11|plate7_E5,rep1|rep2,159,108,11697,True,2,159,108,plate5,plate7_E11,plate29,plate7_E5,True,16,16,measured_valid,undetected,undetected,result_valid,False,1
Motesanib Diphosphate (AMG-706),K562|024h|10000nM,K562,24.0,10000.0,True,True,242,plate30|plate5,plate7_E5|plate8_E11,rep1|rep2,143,99,10666,True,2,143,99,plate5,plate7_E5,plate30,plate8_E11,True,16,16,measured_valid,undetected,undetected,result_valid,False,1
Motesanib Diphosphate (AMG-706),MCF7|024h|00010nM,MCF7,24.0,10.0,True,True,440,plate22|plate46,plate8_E11|plate8_E5,rep1|rep2,149,291,20196,True,2,149,291,plate22,plate8_E11,plate46,plate8_E5,True,16,16,measured_valid,undetected,undetected,result_valid,False,1
Motesanib Diphosphate (AMG-706),MCF7|024h|00100nM,MCF7,24.0,100.0,True,True,405,plate22|plate45,plate7_E11|plate8_E5,rep1|rep2,194,211,18858,True,2,194,211,plate22,plate8_E5,plate45,plate7_E11,True,16,16,measured_valid,undetected,undetected,result_valid,False,1
Motesanib Diphosphate (AMG-706),MCF7|024h|01000nM,MCF7,24.0,1000.0,True,True,436,plate21|plate45,plate7_E11|plate7_E5,rep1|rep2,169,267,16112,True,2,169,267,plate21,plate7_E11,plate45,plate7_E5,True,16,16,measured_valid,undetected,undetected,result_valid,False,1
Motesanib Diphosphate (AMG-706),MCF7|024h|10000nM,MCF7,24.0,10000.0,True,True,427,plate21|plate46,plate7_E5|plate8_E11,rep1|rep2,164,263,17665,True,2,164,263,plate21,plate7_E5,plate46,plate8_E11,True,16,16,measured_valid,eliminating,eliminate_b,result_valid,False,1
NVP-BSK805 2HCl,A549|024h|00010nM,A549,24.0,10.0,True,True,222,plate12|plate36,plate6_F2|plate6_F8,rep1|rep2,72,150,11338,True,2,72,150,plate12,plate6_F8,plate36,plate6_F2,True,16,16,measured_valid,undetected,undetected,result_valid,False,1
NVP-BSK805 2HCl,A549|024h|00100nM,A549,24.0,100.0,True,True,261,plate12|plate35,plate5_F8|plate6_F2,rep1|rep2,103,158,11179,True,2,103,158,plate12,plate6_F2,plate35,plate5_F8,True,16,16,measured_valid,undetected,undetected,result_valid,False,1
NVP-BSK805 2HCl,A549|024h|01000nM,A549,24.0,1000.0,True,True,246,plate11|plate35,plate5_F2|plate5_F8,rep1|rep2,85,161,10404,True,2,85,161,plate11,plate5_F8,plate35,plate5_F2,True,16,16,measured_valid,undetected,undetected,result_valid,False,1
NVP-BSK805 2HCl,A549|024h|10000nM,A549,24.0,10000.0,True,True,228,plate11|plate36,plate5_F2|plate6_F8,rep1|rep2,100,128,9895,True,2,100,128,plate11,plate5_F2,plate36,plate6_F8,True,16,16,measured_valid,ambiguous,ambiguous,result_valid,False,1
NVP-BSK805 2HCl,K562|024h|00010nM,K562,24.0,10.0,True,True,254,plate28|plate4,plate6_F2|plate6_F8,rep1|rep2,126,128,11863,True,2,126,128,plate4,plate6_F8,plate28,plate6_F2,True,16,16,measured_valid,undetected,undetected,result_valid,False,1
NVP-BSK805 2HCl,K562|024h|00100nM,K562,24.0,100.0,True,True,256,plate27|plate4,plate5_F8|plate6_F2,rep1|rep2,141,115,10898,True,2,141,115,plate4,plate6_F2,plate27,plate5_F8,True,16,16,measured_valid,undetected,undetected,result_valid,False,1
NVP-BSK805 2HCl,K562|024h|01000nM,K562,24.0,1000.0,True,True,220,plate27|plate3,plate5_F2|plate5_F8,rep1|rep2,102,118,10473,True,2,102,118,plate3,plate5_F8,plate27,plate5_F2,True,16,16,measured_valid,undetected,undetected,result_valid,False,1
NVP-BSK805 2HCl,K562|024h|10000nM,K562,24.0,10000.0,True,True,165,plate28|plate3,plate5_F2|plate6_F8,rep1|rep2,79,86,8992,True,2,79,86,plate3,plate5_F2,plate28,plate6_F8,True,16,16,measured_valid,ambiguous,ambiguous,result_valid,False,1
NVP-BSK805 2HCl,MCF7|024h|00010nM,MCF7,24.0,10.0,True,True,602,plate20|plate44,plate6_F2|plate6_F8,rep1|rep2,258,344,26856,True,2,258,344,plate20,plate6_F8,plate44,plate6_F2,True,16,16,measured_valid,undetected,undetected,result_valid,False,1
NVP-BSK805 2HCl,MCF7|024h|00100nM,MCF7,24.0,100.0,True,True,548,plate20|plate43,plate5_F8|plate6_F2,rep1|rep2,257,291,24746,True,2,257,291,plate20,plate6_F2,plate43,plate5_F8,True,16,16,measured_valid,ambiguous,ambiguous,result_valid,False,1
NVP-BSK805 2HCl,MCF7|024h|01000nM,MCF7,24.0,1000.0,True,True,495,plate19|plate43,plate5_F2|plate5_F8,rep1|rep2,206,289,22654,True,2,206,289,plate19,plate5_F8,plate43,plate5_F2,True,16,16,measured_valid,undetected,undetected,result_valid,False,1
NVP-BSK805 2HCl,MCF7|024h|10000nM,MCF7,24.0,10000.0,True,True,532,plate19|plate44,plate5_F2|plate6_F8,rep1|rep2,212,320,20487,True,2,212,320,plate19,plate5_F2,plate44,plate6_F8,True,16,16,measured_valid,ambiguous,ambiguous,result_valid,False,1
Nintedanib (BIBF 1120),A549|024h|00010nM,A549,24.0,10.0,True,True,270,plate14|plate38,plate8_A3|plate8_A9,rep1|rep2,145,125,10740,True,2,145,125,plate14,plate8_A9,plate38,plate8_A3,True,16,16,measured_valid,undetected,undetected,result_valid,False,1
Nintedanib (BIBF 1120),A549|024h|00100nM,A549,24.0,100.0,True,True,283,plate14|plate37,plate7_A9|plate8_A3,rep1|rep2,103,180,10668,True,2,103,180,plate14,plate8_A3,plate37,plate7_A9,True,16,16,measured_valid,undetected,undetected,result_valid,False,1
Nintedanib (BIBF 1120),A549|024h|01000nM,A549,24.0,1000.0,True,True,270,plate13|plate37,plate7_A3|plate7_A9,rep1|rep2,89,181,10047,True,2,89,181,plate13,plate7_A9,plate37,plate7_A3,True,16,16,measured_valid,undetected,undetected,result_valid,False,1
Nintedanib (BIBF 1120),A549|024h|10000nM,A549,24.0,10000.0,True,True,191,plate13|plate38,plate7_A3|plate8_A9,rep1|rep2,112,79,9275,True,2,112,79,plate13,plate7_A3,plate38,plate8_A9,True,16,16,measured_valid,eliminating,eliminate_b,result_valid,False,1
Nintedanib (BIBF 1120),K562|024h|00010nM,K562,24.0,10.0,True,True,297,plate30|plate6,plate8_A3|plate8_A9,rep1|rep2,171,126,12122,True,2,171,126,plate6,plate8_A9,plate30,plate8_A3,True,16,16,measured_valid,eliminating,eliminate_b,result_valid,False,1
Nintedanib (BIBF 1120),K562|024h|00100nM,K562,24.0,100.0,True,True,228,plate29|plate6,plate7_A9|plate8_A3,rep1|rep2,136,92,11851,True,2,136,92,plate6,plate8_A3,plate29,plate7_A9,True,16,16,measured_valid,eliminating,eliminate_a,result_valid,False,1
Nintedanib (BIBF 1120),K562|024h|01000nM,K562,24.0,1000.0,True,True,183,plate29|plate5,plate7_A3|plate7_A9,rep1|rep2,91,92,11697,True,2,91,92,plate5,plate7_A9,plate29,plate7_A3,True,16,16,measured_valid,eliminating,eliminate_a,result_valid,False,1
Nintedanib (BIBF 1120),K562|024h|10000nM,K562,24.0,10000.0,True,True,97,plate30|plate5,plate7_A3|plate8_A9,rep1|rep2,34,63,10666,True,2,34,63,plate5,plate7_A3,plate30,plate8_A9,True,16,16,measured_valid,ambiguous,ambiguous,result_valid,False,1
Nintedanib (BIBF 1120),MCF7|024h|00010nM,MCF7,24.0,10.0,True,True,439,plate22|plate46,plate8_A3|plate8_A9,rep1|rep2,199,240,20196,True,2,199,240,plate22,plate8_A9,plate46,plate8_A3,True,16,16,measured_valid,undetected,undetected,result_valid,False,1
Nintedanib (BIBF 1120),MCF7|024h|00100nM,MCF7,24.0,100.0,True,True,390,plate22|plate45,plate7_A9|plate8_A3,rep1|rep2,148,242,18858,True,2,148,242,plate22,plate8_A3,plate45,plate7_A9,True,16,16,measured_valid,eliminating,eliminate_a,result_valid,False,1
Nintedanib (BIBF 1120),MCF7|024h|01000nM,MCF7,24.0,1000.0,True,True,502,plate21|plate45,plate7_A3|plate7_A9,rep1|rep2,127,375,16112,True,2,127,375,plate21,plate7_A9,plate45,plate7_A3,True,16,16,measured_valid,ambiguous,ambiguous,result_valid,False,1
Nintedanib (BIBF 1120),MCF7|024h|10000nM,MCF7,24.0,10000.0,True,True,217,plate21|plate46,plate7_A3|plate8_A9,rep1|rep2,94,123,17665,True,2,94,123,plate21,plate7_A3,plate46,plate8_A9,True,16,16,measured_valid,eliminating,eliminate_b,result_valid,False,1
PCI-34051,A549|024h|00010nM,A549,24.0,10.0,True,True,196,plate10|plate34,plate4_H12|plate4_H6,rep1|rep2,59,137,9045,True,2,59,137,plate10,plate4_H12,plate34,plate4_H6,True,16,16,measured_valid,undetected,undetected,result_valid,False,1
PCI-34051,A549|024h|00100nM,A549,24.0,100.0,True,True,217,plate10|plate33,plate3_H12|plate4_H6,rep1|rep2,63,154,8564,True,2,63,154,plate10,plate4_H6,plate33,plate3_H12,True,16,16,measured_valid,undetected,undetected,result_valid,False,1
PCI-34051,A549|024h|01000nM,A549,24.0,1000.0,True,True,195,plate33|plate9,plate3_H12|plate3_H6,rep1|rep2,72,123,8686,True,2,72,123,plate9,plate3_H12,plate33,plate3_H6,True,16,16,measured_valid,ambiguous,ambiguous,result_valid,False,1
PCI-34051,A549|024h|10000nM,A549,24.0,10000.0,True,True,149,plate34|plate9,plate3_H6|plate4_H12,rep1|rep2,55,94,7414,True,2,55,94,plate9,plate3_H6,plate34,plate4_H12,True,16,16,measured_valid,undetected,undetected,result_valid,False,1
PCI-34051,K562|024h|00010nM,K562,24.0,10.0,True,True,257,plate2|plate26,plate4_H12|plate4_H6,rep1|rep2,146,111,11078,True,2,146,111,plate2,plate4_H12,plate26,plate4_H6,True,16,16,measured_valid,undetected,undetected,result_valid,False,1
PCI-34051,K562|024h|00100nM,K562,24.0,100.0,True,True,261,plate2|plate25,plate3_H12|plate4_H6,rep1|rep2,142,119,10232,True,2,142,119,plate2,plate4_H6,plate25,plate3_H12,True,16,16,measured_valid,undetected,undetected,result_valid,False,1
PCI-34051,K562|024h|01000nM,K562,24.0,1000.0,True,True,251,plate1|plate25,plate3_H12|plate3_H6,rep1|rep2,126,125,9884,True,2,126,125,plate1,plate3_H12,plate25,plate3_H6,True,16,16,measured_valid,undetected,undetected,result_valid,False,1
PCI-34051,K562|024h|10000nM,K562,24.0,10000.0,True,True,196,plate1|plate26,plate3_H6|plate4_H12,rep1|rep2,109,87,8441,True,2,109,87,plate1,plate3_H6,plate26,plate4_H12,True,16,16,measured_valid,undetected,undetected,result_valid,False,1
PCI-34051,MCF7|024h|00010nM,MCF7,24.0,10.0,True,True,420,plate18|plate42,plate4_H12|plate4_H6,rep1|rep2,156,264,22013,True,2,156,264,plate18,plate4_H12,plate42,plate4_H6,True,16,16,measured_valid,undetected,undetected,result_valid,False,1
PCI-34051,MCF7|024h|00100nM,MCF7,24.0,100.0,True,True,460,plate18|plate41,plate3_H12|plate4_H6,rep1|rep2,206,254,19868,True,2,206,254,plate18,plate4_H6,plate41,plate3_H12,True,16,16,measured_valid,undetected,undetected,result_valid,False,1
PCI-34051,MCF7|024h|01000nM,MCF7,24.0,1000.0,True,True,421,plate17|plate41,plate3_H12|plate3_H6,rep1|rep2,193,228,22621,True,2,193,228,plate17,plate3_H12,plate41,plate3_H6,True,16,16,measured_valid,eliminating,eliminate_a,result_valid,False,1
PCI-34051,MCF7|024h|10000nM,MCF7,24.0,10000.0,True,True,362,plate17|plate42,plate3_H6|plate4_H12,rep1|rep2,279,83,21922,True,2,279,83,plate17,plate3_H6,plate42,plate4_H12,True,16,16,measured_valid,ambiguous,ambiguous,result_valid,False,1
PD173074,A549|024h|00010nM,A549,24.0,10.0,True,True,240,plate14|plate38,plate8_G2|plate8_G8,rep1|rep2,102,138,10740,True,2,102,138,plate14,plate8_G8,plate38,plate8_G2,True,16,16,measured_valid,undetected,undetected,result_valid,False,1
PD173074,A549|024h|00100nM,A549,24.0,100.0,True,True,253,plate14|plate37,plate7_G8|plate8_G2,rep1|rep2,101,152,10668,True,2,101,152,plate14,plate8_G2,plate37,plate7_G8,True,16,16,measured_valid,undetected,undetected,result_valid,False,1
PD173074,A549|024h|01000nM,A549,24.0,1000.0,True,True,227,plate13|plate37,plate7_G2|plate7_G8,rep1|rep2,109,118,10047,True,2,109,118,plate13,plate7_G8,plate37,plate7_G2,True,16,16,measured_valid,undetected,undetected,result_valid,False,1
PD173074,A549|024h|10000nM,A549,24.0,10000.0,True,True,235,plate13|plate38,plate7_G2|plate8_G8,rep1|rep2,110,125,9275,True,2,110,125,plate13,plate7_G2,plate38,plate8_G8,True,16,16,measured_valid,ambiguous,ambiguous,result_valid,False,1
PD173074,K562|024h|00010nM,K562,24.0,10.0,True,True,267,plate30|plate6,plate8_G2|plate8_G8,rep1|rep2,139,128,12122,True,2,139,128,plate6,plate8_G8,plate30,plate8_G2,True,16,16,measured_valid,ambiguous,ambiguous,result_valid,False,1
PD173074,K562|024h|00100nM,K562,24.0,100.0,True,True,286,plate29|plate6,plate7_G8|plate8_G2,rep1|rep2,157,129,11851,True,2,157,129,plate6,plate8_G2,plate29,plate7_G8,True,16,16,measured_valid,undetected,undetected,result_valid,False,1
PD173074,K562|024h|01000nM,K562,24.0,1000.0,True,True,269,plate29|plate5,plate7_G2|plate7_G8,rep1|rep2,163,106,11697,True,2,163,106,plate5,plate7_G8,plate29,plate7_G2,True,16,16,measured_valid,undetected,undetected,result_valid,False,1
PD173074,K562|024h|10000nM,K562,24.0,10000.0,True,True,249,plate30|plate5,plate7_G2|plate8_G8,rep1|rep2,135,114,10666,True,2,135,114,plate5,plate7_G2,plate30,plate8_G8,True,16,16,measured_valid,undetected,undetected,result_valid,False,1
PD173074,MCF7|024h|00010nM,MCF7,24.0,10.0,True,True,474,plate22|plate46,plate8_G2|plate8_G8,rep1|rep2,199,275,20196,True,2,199,275,plate22,plate8_G8,plate46,plate8_G2,True,16,16,measured_valid,undetected,undetected,result_valid,False,1
PD173074,MCF7|024h|00100nM,MCF7,24.0,100.0,True,True,446,plate22|plate45,plate7_G8|plate8_G2,rep1|rep2,215,231,18858,True,2,215,231,plate22,plate8_G2,plate45,plate7_G8,True,16,16,measured_valid,undetected,undetected,result_valid,False,1
PD173074,MCF7|024h|01000nM,MCF7,24.0,1000.0,True,True,351,plate21|plate45,plate7_G2|plate7_G8,rep1|rep2,143,208,16112,True,2,143,208,plate21,plate7_G8,plate45,plate7_G2,True,16,16,measured_valid,undetected,undetected,result_valid,False,1
PD173074,MCF7|024h|10000nM,MCF7,24.0,10000.0,True,True,371,plate21|plate46,plate7_G2|plate8_G8,rep1|rep2,75,296,17665,True,2,75,296,plate21,plate7_G2,plate46,plate8_G8,True,16,16,measured_valid,undetected,undetected,result_valid,False,1
PHA-680632,A549|024h|00010nM,A549,24.0,10.0,True,True,185,plate10|plate34,plate4_H11|plate4_H5,rep1|rep2,46,139,9045,True,2,46,139,plate10,plate4_H11,plate34,plate4_H5,True,16,16,measured_valid,undetected,undetected,result_valid,False,1
PHA-680632,A549|024h|00100nM,A549,24.0,100.0,True,True,199,plate10|plate33,plate3_H11|plate4_H5,rep1|rep2,63,136,8564,True,2,63,136,plate10,plate4_H5,plate33,plate3_H11,True,16,16,measured_valid,undetected,undetected,result_valid,False,1
PHA-680632,A549|024h|01000nM,A549,24.0,1000.0,True,True,154,plate33|plate9,plate3_H11|plate3_H5,rep1|rep2,56,98,8686,True,2,56,98,plate9,plate3_H11,plate33,plate3_H5,True,16,16,measured_valid,eliminating,eliminate_b,result_valid,False,1
PHA-680632,A549|024h|10000nM,A549,24.0,10000.0,True,True,148,plate34|plate9,plate3_H5|plate4_H11,rep1|rep2,48,100,7414,True,2,48,100,plate9,plate3_H5,plate34,plate4_H11,True,16,16,measured_valid,eliminating,eliminate_b,result_valid,False,1
PHA-680632,K562|024h|00010nM,K562,24.0,10.0,True,True,249,plate2|plate26,plate4_H11|plate4_H5,rep1|rep2,129,120,11078,True,2,129,120,plate2,plate4_H11,plate26,plate4_H5,True,16,16,measured_valid,undetected,undetected,result_valid,False,1
PHA-680632,K562|024h|00100nM,K562,24.0,100.0,True,True,228,plate2|plate25,plate3_H11|plate4_H5,rep1|rep2,136,92,10232,True,2,136,92,plate2,plate4_H5,plate25,plate3_H11,True,16,16,measured_valid,undetected,undetected,result_valid,False,1
PHA-680632,K562|024h|01000nM,K562,24.0,1000.0,True,True,177,plate1|plate25,plate3_H11|plate3_H5,rep1|rep2,74,103,9884,True,2,74,103,plate1,plate3_H11,plate25,plate3_H5,True,16,16,measured_valid,eliminating,eliminate_b,result_valid,False,1
PHA-680632,K562|024h|10000nM,K562,24.0,10000.0,True,True,114,plate1|plate26,plate3_H5|plate4_H11,rep1|rep2,74,40,8441,True,2,74,40,plate1,plate3_H5,plate26,plate4_H11,True,16,16,measured_valid,eliminating,eliminate_b,result_valid,False,1
PHA-680632,MCF7|024h|00010nM,MCF7,24.0,10.0,True,True,456,plate18|plate42,plate4_H11|plate4_H5,rep1|rep2,182,274,22013,True,2,182,274,plate18,plate4_H11,plate42,plate4_H5,True,16,16,measured_valid,undetected,undetected,result_valid,False,1
PHA-680632,MCF7|024h|00100nM,MCF7,24.0,100.0,True,True,313,plate18|plate41,plate3_H11|plate4_H5,rep1|rep2,180,133,19868,True,2,180,133,plate18,plate4_H5,plate41,plate3_H11,True,16,16,measured_valid,eliminating,eliminate_b,result_valid,False,1
PHA-680632,MCF7|024h|01000nM,MCF7,24.0,1000.0,True,True,405,plate17|plate41,plate3_H11|plate3_H5,rep1|rep2,158,247,22621,True,2,158,247,plate17,plate3_H11,plate41,plate3_H5,True,16,16,measured_valid,eliminating,eliminate_b,result_valid,False,1
PHA-680632,MCF7|024h|10000nM,MCF7,24.0,10000.0,True,True,242,plate17|plate42,plate3_H5|plate4_H11,rep1|rep2,144,98,21922,True,2,144,98,plate17,plate3_H5,plate42,plate4_H11,True,16,16,measured_valid,eliminating,eliminate_b,result_valid,False,1
PJ34,A549|024h|00010nM,A549,24.0,10.0,True,True,237,plate12|plate36,plate6_H10|plate6_H4,rep1|rep2,109,128,11338,True,2,109,128,plate12,plate6_H10,plate36,plate6_H4,True,16,16,measured_valid,undetected,undetected,result_valid,False,1
PJ34,A549|024h|00100nM,A549,24.0,100.0,True,True,212,plate12|plate35,plate5_H10|plate6_H4,rep1|rep2,91,121,11179,True,2,91,121,plate12,plate6_H4,plate35,plate5_H10,True,16,16,measured_valid,undetected,undetected,result_valid,False,1
PJ34,A549|024h|01000nM,A549,24.0,1000.0,True,True,224,plate11|plate35,plate5_H10|plate5_H4,rep1|rep2,80,144,10404,True,2,80,144,plate11,plate5_H10,plate35,plate5_H4,True,16,16,measured_valid,undetected,undetected,result_valid,False,1
PJ34,A549|024h|10000nM,A549,24.0,10000.0,True,True,213,plate11|plate36,plate5_H4|plate6_H10,rep1|rep2,80,133,9895,True,2,80,133,plate11,plate5_H4,plate36,plate6_H10,True,16,16,measured_valid,undetected,undetected,result_valid,False,1
PJ34,K562|024h|00010nM,K562,24.0,10.0,True,True,276,plate28|plate4,plate6_H10|plate6_H4,rep1|rep2,154,122,11863,True,2,154,122,plate4,plate6_H10,plate28,plate6_H4,True,16,16,measured_valid,undetected,undetected,result_valid,False,1
PJ34,K562|024h|00100nM,K562,24.0,100.0,True,True,260,plate27|plate4,plate5_H10|plate6_H4,rep1|rep2,136,124,10898,True,2,136,124,plate4,plate6_H4,plate27,plate5_H10,True,16,16,measured_valid,undetected,undetected,result_valid,False,1
PJ34,K562|024h|01000nM,K562,24.0,1000.0,True,True,251,plate27|plate3,plate5_H10|plate5_H4,rep1|rep2,145,106,10473,True,2,145,106,plate3,plate5_H10,plate27,plate5_H4,True,16,16,measured_valid,undetected,undetected,result_valid,False,1
PJ34,K562|024h|10000nM,K562,24.0,10000.0,True,True,200,plate28|plate3,plate5_H4|plate6_H10,rep1|rep2,97,103,8992,True,2,97,103,plate3,plate5_H4,plate28,plate6_H10,True,16,16,measured_valid,undetected,undetected,result_valid,False,1
PJ34,MCF7|024h|00010nM,MCF7,24.0,10.0,True,True,612,plate20|plate44,plate6_H10|plate6_H4,rep1|rep2,284,328,26856,True,2,284,328,plate20,plate6_H10,plate44,plate6_H4,True,16,16,measured_valid,undetected,undetected,result_valid,False,1
PJ34,MCF7|024h|00100nM,MCF7,24.0,100.0,True,True,546,plate20|plate43,plate5_H10|plate6_H4,rep1|rep2,278,268,24746,True,2,278,268,plate20,plate6_H4,plate43,plate5_H10,True,16,16,measured_valid,undetected,undetected,result_valid,False,1
PJ34,MCF7|024h|01000nM,MCF7,24.0,1000.0,True,True,563,plate19|plate43,plate5_H10|plate5_H4,rep1|rep2,231,332,22654,True,2,231,332,plate19,plate5_H10,plate43,plate5_H4,True,16,16,measured_valid,undetected,undetected,result_valid,False,1
PJ34,MCF7|024h|10000nM,MCF7,24.0,10000.0,True,True,461,plate19|plate44,plate5_H4|plate6_H10,rep1|rep2,205,256,20487,True,2,205,256,plate19,plate5_H4,plate44,plate6_H10,True,16,16,measured_valid,eliminating,eliminate_a,result_valid,False,1
Panobinostat (LBH589),A549|024h|00010nM,A549,24.0,10.0,True,True,225,plate10|plate34,plate4_C1|plate4_C7,rep1|rep2,83,142,9045,True,2,83,142,plate10,plate4_C7,plate34,plate4_C1,True,16,16,measured_valid,eliminating,eliminate_b,result_valid,False,1
Panobinostat (LBH589),A549|024h|00100nM,A549,24.0,100.0,True,True,130,plate10|plate33,plate3_C7|plate4_C1,rep1|rep2,53,77,8564,True,2,53,77,plate10,plate4_C1,plate33,plate3_C7,True,16,16,measured_valid,eliminating,eliminate_b,result_valid,False,1
Panobinostat (LBH589),A549|024h|01000nM,A549,24.0,1000.0,True,True,113,plate33|plate9,plate3_C1|plate3_C7,rep1|rep2,39,74,8686,True,2,39,74,plate9,plate3_C7,plate33,plate3_C1,True,16,16,measured_valid,eliminating,eliminate_b,result_valid,False,1
Panobinostat (LBH589),A549|024h|10000nM,A549,24.0,10000.0,True,True,139,plate34|plate9,plate3_C1|plate4_C7,rep1|rep2,49,90,7414,True,2,49,90,plate9,plate3_C1,plate34,plate4_C7,True,16,16,measured_valid,eliminating,eliminate_b,result_valid,False,1
Panobinostat (LBH589),K562|024h|00010nM,K562,24.0,10.0,True,True,174,plate2|plate26,plate4_C1|plate4_C7,rep1|rep2,101,73,11078,True,2,101,73,plate2,plate4_C7,plate26,plate4_C1,True,16,16,measured_valid,eliminating,eliminate_b,result_valid,False,1
Panobinostat (LBH589),K562|024h|00100nM,K562,24.0,100.0,True,True,106,plate2|plate25,plate3_C7|plate4_C1,rep1|rep2,73,33,10232,True,2,73,33,plate2,plate4_C1,plate25,plate3_C7,True,16,16,measured_valid,eliminating,eliminate_b,result_valid,False,1
Panobinostat (LBH589),K562|024h|01000nM,K562,24.0,1000.0,True,True,86,plate1|plate25,plate3_C1|plate3_C7,rep1|rep2,46,40,9884,True,2,46,40,plate1,plate3_C7,plate25,plate3_C1,True,16,16,measured_valid,eliminating,eliminate_b,result_valid,False,1
Panobinostat (LBH589),K562|024h|10000nM,K562,24.0,10000.0,True,True,83,plate1|plate26,plate3_C1|plate4_C7,rep1|rep2,40,43,8441,True,2,40,43,plate1,plate3_C1,plate26,plate4_C7,True,16,16,measured_valid,eliminating,eliminate_b,result_valid,False,1
Panobinostat (LBH589),MCF7|024h|00010nM,MCF7,24.0,10.0,True,True,374,plate18|plate42,plate4_C1|plate4_C7,rep1|rep2,196,178,22013,True,2,196,178,plate18,plate4_C7,plate42,plate4_C1,True,16,16,measured_valid,eliminating,eliminate_b,result_valid,False,1
Panobinostat (LBH589),MCF7|024h|00100nM,MCF7,24.0,100.0,True,True,414,plate18|plate41,plate3_C7|plate4_C1,rep1|rep2,188,226,19868,True,2,188,226,plate18,plate4_C1,plate41,plate3_C7,True,16,16,measured_valid,eliminating,eliminate_b,result_valid,False,1
Panobinostat (LBH589),MCF7|024h|01000nM,MCF7,24.0,1000.0,True,True,530,plate17|plate41,plate3_C1|plate3_C7,rep1|rep2,266,264,22621,True,2,266,264,plate17,plate3_C7,plate41,plate3_C1,True,16,16,measured_valid,eliminating,eliminate_b,result_valid,False,1
Panobinostat (LBH589),MCF7|024h|10000nM,MCF7,24.0,10000.0,True,True,561,plate17|plate42,plate3_C1|plate4_C7,rep1|rep2,264,297,21922,True,2,264,297,plate17,plate3_C1,plate42,plate4_C7,True,16,16,measured_valid,eliminating,eliminate_b,result_valid,False,1
Pracinostat (SB939),A549|024h|00010nM,A549,24.0,10.0,True,True,215,plate10|plate34,plate4_D12|plate4_D6,rep1|rep2,71,144,9045,True,2,71,144,plate10,plate4_D12,plate34,plate4_D6,True,16,16,measured_valid,eliminating,eliminate_b,result_valid,False,1
Pracinostat (SB939),A549|024h|00100nM,A549,24.0,100.0,True,True,193,plate10|plate33,plate3_D12|plate4_D6,rep1|rep2,64,129,8564,True,2,64,129,plate10,plate4_D6,plate33,plate3_D12,True,16,16,measured_valid,eliminating,eliminate_b,result_valid,False,1
Pracinostat (SB939),A549|024h|01000nM,A549,24.0,1000.0,True,True,212,plate33|plate9,plate3_D12|plate3_D6,rep1|rep2,72,140,8686,True,2,72,140,plate9,plate3_D12,plate33,plate3_D6,True,16,16,measured_valid,eliminating,eliminate_b,result_valid,False,1
Pracinostat (SB939),A549|024h|10000nM,A549,24.0,10000.0,True,True,133,plate34|plate9,plate3_D6|plate4_D12,rep1|rep2,33,100,7414,True,2,33,100,plate9,plate3_D6,plate34,plate4_D12,True,16,16,measured_valid,eliminating,eliminate_b,result_valid,False,1
Pracinostat (SB939),K562|024h|00010nM,K562,24.0,10.0,True,True,256,plate2|plate26,plate4_D12|plate4_D6,rep1|rep2,146,110,11078,True,2,146,110,plate2,plate4_D12,plate26,plate4_D6,True,16,16,measured_valid,eliminating,eliminate_b,result_valid,False,1
Pracinostat (SB939),K562|024h|00100nM,K562,24.0,100.0,True,True,208,plate2|plate25,plate3_D12|plate4_D6,rep1|rep2,129,79,10232,True,2,129,79,plate2,plate4_D6,plate25,plate3_D12,True,16,16,measured_valid,eliminating,eliminate_b,result_valid,False,1
Pracinostat (SB939),K562|024h|01000nM,K562,24.0,1000.0,True,True,132,plate1|plate25,plate3_D12|plate3_D6,rep1|rep2,61,71,9884,True,2,61,71,plate1,plate3_D12,plate25,plate3_D6,True,16,16,measured_valid,eliminating,eliminate_b,result_valid,False,1
Pracinostat (SB939),K562|024h|10000nM,K562,24.0,10000.0,True,True,96,plate1|plate26,plate3_D6|plate4_D12,rep1|rep2,53,43,8441,True,2,53,43,plate1,plate3_D6,plate26,plate4_D12,True,16,16,measured_valid,eliminating,eliminate_b,result_valid,False,1
Pracinostat (SB939),MCF7|024h|00010nM,MCF7,24.0,10.0,True,True,479,plate18|plate42,plate4_D12|plate4_D6,rep1|rep2,213,266,22013,True,2,213,266,plate18,plate4_D12,plate42,plate4_D6,True,16,16,measured_valid,eliminating,eliminate_b,result_valid,False,1
Pracinostat (SB939),MCF7|024h|00100nM,MCF7,24.0,100.0,True,True,404,plate18|plate41,plate3_D12|plate4_D6,rep1|rep2,233,171,19868,True,2,233,171,plate18,plate4_D6,plate41,plate3_D12,True,16,16,measured_valid,eliminating,eliminate_b,result_valid,False,1
Pracinostat (SB939),MCF7|024h|01000nM,MCF7,24.0,1000.0,True,True,478,plate17|plate41,plate3_D12|plate3_D6,rep1|rep2,240,238,22621,True,2,240,238,plate17,plate3_D12,plate41,plate3_D6,True,16,16,measured_valid,eliminating,eliminate_b,result_valid,False,1
Pracinostat (SB939),MCF7|024h|10000nM,MCF7,24.0,10000.0,True,True,521,plate17|plate42,plate3_D6|plate4_D12,rep1|rep2,289,232,21922,True,2,289,232,plate17,plate3_D6,plate42,plate4_D12,True,16,16,measured_valid,eliminating,eliminate_b,result_valid,False,1
Quisinostat (JNJ-26481585) 2HCl,A549|024h|00010nM,A549,24.0,10.0,True,True,185,plate10|plate34,plate4_E2|plate4_E8,rep1|rep2,69,116,9045,True,2,69,116,plate10,plate4_E8,plate34,plate4_E2,True,16,16,measured_valid,eliminating,eliminate_b,result_valid,False,1
Quisinostat (JNJ-26481585) 2HCl,A549|024h|00100nM,A549,24.0,100.0,True,True,144,plate10|plate33,plate3_E8|plate4_E2,rep1|rep2,64,80,8564,True,2,64,80,plate10,plate4_E2,plate33,plate3_E8,True,16,16,measured_valid,eliminating,eliminate_b,result_valid,False,1
Quisinostat (JNJ-26481585) 2HCl,A549|024h|01000nM,A549,24.0,1000.0,True,True,104,plate33|plate9,plate3_E2|plate3_E8,rep1|rep2,31,73,8686,True,2,31,73,plate9,plate3_E8,plate33,plate3_E2,True,16,16,measured_valid,eliminating,eliminate_b,result_valid,False,1
Quisinostat (JNJ-26481585) 2HCl,A549|024h|10000nM,A549,24.0,10000.0,True,True,113,plate34|plate9,plate3_E2|plate4_E8,rep1|rep2,30,83,7414,True,2,30,83,plate9,plate3_E2,plate34,plate4_E8,True,16,16,measured_valid,eliminating,eliminate_b,result_valid,False,1
Quisinostat (JNJ-26481585) 2HCl,K562|024h|00010nM,K562,24.0,10.0,True,True,131,plate2|plate26,plate4_E2|plate4_E8,rep1|rep2,77,54,11078,True,2,77,54,plate2,plate4_E8,plate26,plate4_E2,True,16,16,measured_valid,eliminating,eliminate_b,result_valid,False,1
Quisinostat (JNJ-26481585) 2HCl,K562|024h|00100nM,K562,24.0,100.0,True,True,129,plate2|plate25,plate3_E8|plate4_E2,rep1|rep2,83,46,10232,True,2,83,46,plate2,plate4_E2,plate25,plate3_E8,True,16,16,measured_valid,eliminating,eliminate_b,result_valid,False,1
Quisinostat (JNJ-26481585) 2HCl,K562|024h|01000nM,K562,24.0,1000.0,True,True,102,plate1|plate25,plate3_E2|plate3_E8,rep1|rep2,44,58,9884,True,2,44,58,plate1,plate3_E8,plate25,plate3_E2,True,16,16,measured_valid,eliminating,eliminate_b,result_valid,False,1
Quisinostat (JNJ-26481585) 2HCl,K562|024h|10000nM,K562,24.0,10000.0,True,True,94,plate1|plate26,plate3_E2|plate4_E8,rep1|rep2,56,38,8441,True,2,56,38,plate1,plate3_E2,plate26,plate4_E8,True,16,16,measured_valid,eliminating,eliminate_b,result_valid,False,1
Quisinostat (JNJ-26481585) 2HCl,MCF7|024h|00010nM,MCF7,24.0,10.0,True,True,372,plate18|plate42,plate4_E2|plate4_E8,rep1|rep2,169,203,22013,True,2,169,203,plate18,plate4_E8,plate42,plate4_E2,True,16,16,measured_valid,eliminating,eliminate_b,result_valid,False,1
Quisinostat (JNJ-26481585) 2HCl,MCF7|024h|00100nM,MCF7,24.0,100.0,True,True,371,plate18|plate41,plate3_E8|plate4_E2,rep1|rep2,206,165,19868,True,2,206,165,plate18,plate4_E2,plate41,plate3_E8,True,16,16,measured_valid,eliminating,eliminate_b,result_valid,False,1
Quisinostat (JNJ-26481585) 2HCl,MCF7|024h|01000nM,MCF7,24.0,1000.0,True,True,453,plate17|plate41,plate3_E2|plate3_E8,rep1|rep2,255,198,22621,True,2,255,198,plate17,plate3_E8,plate41,plate3_E2,True,16,16,measured_valid,eliminating,eliminate_b,result_valid,False,1
Quisinostat (JNJ-26481585) 2HCl,MCF7|024h|10000nM,MCF7,24.0,10000.0,True,True,492,plate17|plate42,plate3_E2|plate4_E8,rep1|rep2,250,242,21922,True,2,250,242,plate17,plate3_E2,plate42,plate4_E8,True,16,16,measured_valid,eliminating,eliminate_b,result_valid,False,1
Raltitrexed,A549|024h|00010nM,A549,24.0,10.0,True,True,236,plate16|plate40,plate10_D12|plate10_D6,rep1|rep2,101,135,11616,True,2,101,135,plate16,plate10_D12,plate40,plate10_D6,True,16,16,measured_valid,undetected,undetected,result_valid,False,1
Raltitrexed,A549|024h|00100nM,A549,24.0,100.0,True,True,225,plate16|plate39,plate10_D6|plate9_D12,rep1|rep2,112,113,10434,True,2,112,113,plate16,plate10_D6,plate39,plate9_D12,True,16,16,measured_valid,undetected,undetected,result_valid,False,1
Raltitrexed,A549|024h|01000nM,A549,24.0,1000.0,True,True,144,plate15|plate39,plate9_D12|plate9_D6,rep1|rep2,94,50,9830,True,2,94,50,plate15,plate9_D12,plate39,plate9_D6,True,16,16,measured_valid,eliminating,eliminate_b,result_valid,False,1
Raltitrexed,A549|024h|10000nM,A549,24.0,10000.0,True,True,203,plate15|plate40,plate10_D12|plate9_D6,rep1|rep2,87,116,9263,True,2,87,116,plate15,plate9_D6,plate40,plate10_D12,True,16,16,measured_valid,eliminating,eliminate_b,result_valid,False,1
Raltitrexed,K562|024h|00010nM,K562,24.0,10.0,True,True,173,plate32|plate8,plate10_D12|plate10_D6,rep1|rep2,95,78,10989,True,2,95,78,plate8,plate10_D12,plate32,plate10_D6,True,16,16,measured_valid,ambiguous,ambiguous,result_valid,False,1
Raltitrexed,K562|024h|00100nM,K562,24.0,100.0,True,True,198,plate31|plate8,plate10_D6|plate9_D12,rep1|rep2,122,76,10801,True,2,122,76,plate8,plate10_D6,plate31,plate9_D12,True,16,16,measured_valid,eliminating,eliminate_b,result_valid,False,1
Raltitrexed,K562|024h|01000nM,K562,24.0,1000.0,True,True,208,plate31|plate7,plate9_D12|plate9_D6,rep1|rep2,103,105,10759,True,2,103,105,plate7,plate9_D12,plate31,plate9_D6,True,16,16,measured_valid,eliminating,eliminate_b,result_valid,False,1
Raltitrexed,K562|024h|10000nM,K562,24.0,10000.0,True,True,228,plate32|plate7,plate10_D12|plate9_D6,rep1|rep2,129,99,8971,True,2,129,99,plate7,plate9_D6,plate32,plate10_D12,True,16,16,measured_valid,eliminating,eliminate_b,result_valid,False,1
Raltitrexed,MCF7|024h|00010nM,MCF7,24.0,10.0,True,True,349,plate24|plate48,plate10_D12|plate10_D6,rep1|rep2,177,172,22475,True,2,177,172,plate24,plate10_D12,plate48,plate10_D6,True,16,16,measured_valid,eliminating,eliminate_a,result_valid,False,1
Raltitrexed,MCF7|024h|00100nM,MCF7,24.0,100.0,True,True,358,plate24|plate47,plate10_D6|plate9_D12,rep1|rep2,143,215,23948,True,2,143,215,plate24,plate10_D6,plate47,plate9_D12,True,16,16,measured_valid,ambiguous,ambiguous,result_valid,False,1
Raltitrexed,MCF7|024h|01000nM,MCF7,24.0,1000.0,True,True,318,plate23|plate47,plate9_D12|plate9_D6,rep1|rep2,116,202,19841,True,2,116,202,plate23,plate9_D12,plate47,plate9_D6,True,16,16,measured_valid,ambiguous,ambiguous,result_valid,False,1
Raltitrexed,MCF7|024h|10000nM,MCF7,24.0,10000.0,True,True,367,plate23|plate48,plate10_D12|plate9_D6,rep1|rep2,138,229,16814,True,2,138,229,plate23,plate9_D6,plate48,plate10_D12,True,16,16,measured_valid,eliminating,eliminate_b,result_valid,False,1
Regorafenib (BAY 73-4506),A549|024h|00010nM,A549,24.0,10.0,True,True,265,plate16|plate40,plate10_D3|plate10_D9,rep1|rep2,120,145,11616,True,2,120,145,plate16,plate10_D9,plate40,plate10_D3,True,16,16,measured_valid,undetected,undetected,result_valid,False,1
Regorafenib (BAY 73-4506),A549|024h|00100nM,A549,24.0,100.0,True,True,268,plate16|plate39,plate10_D3|plate9_D9,rep1|rep2,121,147,10434,True,2,121,147,plate16,plate10_D3,plate39,plate9_D9,True,16,16,measured_valid,undetected,undetected,result_valid,False,1
Regorafenib (BAY 73-4506),A549|024h|01000nM,A549,24.0,1000.0,True,True,236,plate15|plate39,plate9_D3|plate9_D9,rep1|rep2,125,111,9830,True,2,125,111,plate15,plate9_D9,plate39,plate9_D3,True,16,16,measured_valid,undetected,undetected,result_valid,False,1
Regorafenib (BAY 73-4506),A549|024h|10000nM,A549,24.0,10000.0,True,True,130,plate15|plate40,plate10_D9|plate9_D3,rep1|rep2,88,42,9263,True,2,88,42,plate15,plate9_D3,plate40,plate10_D9,True,16,16,measured_valid,ambiguous,ambiguous,result_valid,False,1
Regorafenib (BAY 73-4506),K562|024h|00010nM,K562,24.0,10.0,True,True,206,plate32|plate8,plate10_D3|plate10_D9,rep1|rep2,95,111,10989,True,2,95,111,plate8,plate10_D9,plate32,plate10_D3,True,16,16,measured_valid,undetected,undetected,result_valid,False,1
Regorafenib (BAY 73-4506),K562|024h|00100nM,K562,24.0,100.0,True,True,230,plate31|plate8,plate10_D3|plate9_D9,rep1|rep2,117,113,10801,True,2,117,113,plate8,plate10_D3,plate31,plate9_D9,True,16,16,measured_valid,undetected,undetected,result_valid,False,1
Regorafenib (BAY 73-4506),K562|024h|01000nM,K562,24.0,1000.0,True,True,255,plate31|plate7,plate9_D3|plate9_D9,rep1|rep2,142,113,10759,True,2,142,113,plate7,plate9_D9,plate31,plate9_D3,True,16,16,measured_valid,undetected,undetected,result_valid,False,1
Regorafenib (BAY 73-4506),K562|024h|10000nM,K562,24.0,10000.0,True,True,113,plate32|plate7,plate10_D9|plate9_D3,rep1|rep2,70,43,8971,True,2,70,43,plate7,plate9_D3,plate32,plate10_D9,True,16,16,measured_valid,ambiguous,ambiguous,result_valid,False,1
Regorafenib (BAY 73-4506),MCF7|024h|00010nM,MCF7,24.0,10.0,True,True,491,plate24|plate48,plate10_D3|plate10_D9,rep1|rep2,206,285,22475,True,2,206,285,plate24,plate10_D9,plate48,plate10_D3,True,16,16,measured_valid,undetected,undetected,result_valid,False,1
Regorafenib (BAY 73-4506),MCF7|024h|00100nM,MCF7,24.0,100.0,True,True,545,plate24|plate47,plate10_D3|plate9_D9,rep1|rep2,199,346,23948,True,2,199,346,plate24,plate10_D3,plate47,plate9_D9,True,16,16,measured_valid,undetected,undetected,result_valid,False,1
Regorafenib (BAY 73-4506),MCF7|024h|01000nM,MCF7,24.0,1000.0,True,True,431,plate23|plate47,plate9_D3|plate9_D9,rep1|rep2,120,311,19841,True,2,120,311,plate23,plate9_D9,plate47,plate9_D3,True,16,16,measured_valid,undetected,undetected,result_valid,False,1
Regorafenib (BAY 73-4506),MCF7|024h|10000nM,MCF7,24.0,10000.0,True,True,214,plate23|plate48,plate10_D9|plate9_D3,rep1|rep2,101,113,16814,True,2,101,113,plate23,plate9_D3,plate48,plate10_D9,True,16,16,measured_valid,ambiguous,ambiguous,result_valid,False,1
Resminostat,A549|024h|00010nM,A549,24.0,10.0,True,True,220,plate12|plate36,plate6_H2|plate6_H8,rep1|rep2,84,136,11338,True,2,84,136,plate12,plate6_H8,plate36,plate6_H2,True,16,16,measured_valid,undetected,undetected,result_valid,False,1
Resminostat,A549|024h|00100nM,A549,24.0,100.0,True,True,231,plate12|plate35,plate5_H8|plate6_H2,rep1|rep2,86,145,11179,True,2,86,145,plate12,plate6_H2,plate35,plate5_H8,True,16,16,measured_valid,eliminating,eliminate_a,result_valid,False,1
Resminostat,A549|024h|01000nM,A549,24.0,1000.0,True,True,211,plate11|plate35,plate5_H2|plate5_H8,rep1|rep2,101,110,10404,True,2,101,110,plate11,plate5_H8,plate35,plate5_H2,True,16,16,measured_valid,eliminating,eliminate_a,result_valid,False,1
Resminostat,A549|024h|10000nM,A549,24.0,10000.0,True,True,179,plate11|plate36,plate5_H2|plate6_H8,rep1|rep2,62,117,9895,True,2,62,117,plate11,plate5_H2,plate36,plate6_H8,True,16,16,measured_valid,eliminating,eliminate_a,result_valid,False,1
Resminostat,K562|024h|00010nM,K562,24.0,10.0,True,True,270,plate28|plate4,plate6_H2|plate6_H8,rep1|rep2,137,133,11863,True,2,137,133,plate4,plate6_H8,plate28,plate6_H2,True,16,16,measured_valid,undetected,undetected,result_valid,False,1
Resminostat,K562|024h|00100nM,K562,24.0,100.0,True,True,226,plate27|plate4,plate5_H8|plate6_H2,rep1|rep2,130,96,10898,True,2,130,96,plate4,plate6_H2,plate27,plate5_H8,True,16,16,measured_valid,undetected,undetected,result_valid,False,1
Resminostat,K562|024h|01000nM,K562,24.0,1000.0,True,True,202,plate27|plate3,plate5_H2|plate5_H8,rep1|rep2,97,105,10473,True,2,97,105,plate3,plate5_H8,plate27,plate5_H2,True,16,16,measured_valid,eliminating,eliminate_a,result_valid,False,1
Resminostat,K562|024h|10000nM,K562,24.0,10000.0,True,True,147,plate28|plate3,plate5_H2|plate6_H8,rep1|rep2,85,62,8992,True,2,85,62,plate3,plate5_H2,plate28,plate6_H8,True,16,16,measured_valid,eliminating,eliminate_a,result_valid,False,1
Resminostat,MCF7|024h|00010nM,MCF7,24.0,10.0,True,True,619,plate20|plate44,plate6_H2|plate6_H8,rep1|rep2,289,330,26856,True,2,289,330,plate20,plate6_H8,plate44,plate6_H2,True,16,16,measured_valid,undetected,undetected,result_valid,False,1
Resminostat,MCF7|024h|00100nM,MCF7,24.0,100.0,True,True,542,plate20|plate43,plate5_H8|plate6_H2,rep1|rep2,231,311,24746,True,2,231,311,plate20,plate6_H2,plate43,plate5_H8,True,16,16,measured_valid,eliminating,eliminate_a,result_valid,False,1
Resminostat,MCF7|024h|01000nM,MCF7,24.0,1000.0,True,True,475,plate19|plate43,plate5_H2|plate5_H8,rep1|rep2,207,268,22654,True,2,207,268,plate19,plate5_H8,plate43,plate5_H2,True,16,16,measured_valid,eliminating,eliminate_a,result_valid,False,1
Resminostat,MCF7|024h|10000nM,MCF7,24.0,10000.0,True,True,450,plate19|plate44,plate5_H2|plate6_H8,rep1|rep2,179,271,20487,True,2,179,271,plate19,plate5_H2,plate44,plate6_H8,True,16,16,measured_valid,eliminating,eliminate_a,result_valid,False,1
Resveratrol,A549|024h|00010nM,A549,24.0,10.0,True,True,225,plate10|plate34,plate4_E11|plate4_E5,rep1|rep2,54,171,9045,True,2,54,171,plate10,plate4_E11,plate34,plate4_E5,True,16,16,measured_valid,undetected,undetected,result_valid,False,1
Resveratrol,A549|024h|00100nM,A549,24.0,100.0,True,True,187,plate10|plate33,plate3_E11|plate4_E5,rep1|rep2,40,147,8564,True,2,40,147,plate10,plate4_E5,plate33,plate3_E11,True,16,16,measured_valid,undetected,undetected,result_valid,False,1
Resveratrol,A549|024h|01000nM,A549,24.0,1000.0,True,True,175,plate33|plate9,plate3_E11|plate3_E5,rep1|rep2,48,127,8686,True,2,48,127,plate9,plate3_E11,plate33,plate3_E5,True,16,16,measured_valid,undetected,undetected,result_valid,False,1
Resveratrol,A549|024h|10000nM,A549,24.0,10000.0,True,True,188,plate34|plate9,plate3_E5|plate4_E11,rep1|rep2,52,136,7414,True,2,52,136,plate9,plate3_E5,plate34,plate4_E11,True,16,16,measured_valid,undetected,undetected,result_valid,False,1
Resveratrol,K562|024h|00010nM,K562,24.0,10.0,True,True,227,plate2|plate26,plate4_E11|plate4_E5,rep1|rep2,130,97,11078,True,2,130,97,plate2,plate4_E11,plate26,plate4_E5,True,16,16,measured_valid,undetected,undetected,result_valid,False,1
Resveratrol,K562|024h|00100nM,K562,24.0,100.0,True,True,242,plate2|plate25,plate3_E11|plate4_E5,rep1|rep2,137,105,10232,True,2,137,105,plate2,plate4_E5,plate25,plate3_E11,True,16,16,measured_valid,undetected,undetected,result_valid,False,1
Resveratrol,K562|024h|01000nM,K562,24.0,1000.0,True,True,251,plate1|plate25,plate3_E11|plate3_E5,rep1|rep2,121,130,9884,True,2,121,130,plate1,plate3_E11,plate25,plate3_E5,True,16,16,measured_valid,undetected,undetected,result_valid,False,1
Resveratrol,K562|024h|10000nM,K562,24.0,10000.0,True,True,266,plate1|plate26,plate3_E5|plate4_E11,rep1|rep2,155,111,8441,True,2,155,111,plate1,plate3_E5,plate26,plate4_E11,True,16,16,measured_valid,ambiguous,ambiguous,result_valid,False,1
Resveratrol,MCF7|024h|00010nM,MCF7,24.0,10.0,True,True,476,plate18|plate42,plate4_E11|plate4_E5,rep1|rep2,221,255,22013,True,2,221,255,plate18,plate4_E11,plate42,plate4_E5,True,16,16,measured_valid,undetected,undetected,result_valid,False,1
Resveratrol,MCF7|024h|00100nM,MCF7,24.0,100.0,True,True,409,plate18|plate41,plate3_E11|plate4_E5,rep1|rep2,220,189,19868,True,2,220,189,plate18,plate4_E5,plate41,plate3_E11,True,16,16,measured_valid,undetected,undetected,result_valid,False,1
Resveratrol,MCF7|024h|01000nM,MCF7,24.0,1000.0,True,True,477,plate17|plate41,plate3_E11|plate3_E5,rep1|rep2,228,249,22621,True,2,228,249,plate17,plate3_E11,plate41,plate3_E5,True,16,16,measured_valid,ambiguous,ambiguous,result_valid,False,1
Resveratrol,MCF7|024h|10000nM,MCF7,24.0,10000.0,True,True,533,plate17|plate42,plate3_E5|plate4_E11,rep1|rep2,253,280,21922,True,2,253,280,plate17,plate3_E5,plate42,plate4_E11,True,16,16,measured_valid,undetected,undetected,result_valid,False,1
"Rucaparib (AG-014699,PF-01367338) phosphate",A549|024h|00010nM,A549,24.0,10.0,True,True,182,plate10|plate34,plate4_F2|plate4_F8,rep1|rep2,37,145,9045,True,2,37,145,plate10,plate4_F8,plate34,plate4_F2,True,16,16,measured_valid,undetected,undetected,result_valid,False,1
"Rucaparib (AG-014699,PF-01367338) phosphate",A549|024h|00100nM,A549,24.0,100.0,True,True,162,plate10|plate33,plate3_F8|plate4_F2,rep1|rep2,57,105,8564,True,2,57,105,plate10,plate4_F2,plate33,plate3_F8,True,16,16,measured_valid,undetected,undetected,result_valid,False,1
"Rucaparib (AG-014699,PF-01367338) phosphate",A549|024h|01000nM,A549,24.0,1000.0,True,True,178,plate33|plate9,plate3_F2|plate3_G8,rep1|rep2,45,133,8686,True,2,45,133,plate9,plate3_G8,plate33,plate3_F2,True,16,16,measured_valid,undetected,undetected,result_valid,False,1
"Rucaparib (AG-014699,PF-01367338) phosphate",A549|024h|10000nM,A549,24.0,10000.0,True,True,113,plate34|plate9,plate3_G2|plate4_F8,rep1|rep2,25,88,7414,True,2,25,88,plate9,plate3_G2,plate34,plate4_F8,True,16,16,measured_valid,undetected,undetected,result_valid,False,1
"Rucaparib (AG-014699,PF-01367338) phosphate",K562|024h|00010nM,K562,24.0,10.0,True,True,302,plate2|plate26,plate4_F2|plate4_F8,rep1|rep2,179,123,11078,True,2,179,123,plate2,plate4_F8,plate26,plate4_F2,True,16,16,measured_valid,undetected,undetected,result_valid,False,1
"Rucaparib (AG-014699,PF-01367338) phosphate",K562|024h|00100nM,K562,24.0,100.0,True,True,226,plate2|plate25,plate3_F8|plate4_F2,rep1|rep2,121,105,10232,True,2,121,105,plate2,plate4_F2,plate25,plate3_F8,True,16,16,measured_valid,undetected,undetected,result_valid,False,1
"Rucaparib (AG-014699,PF-01367338) phosphate",K562|024h|01000nM,K562,24.0,1000.0,True,True,225,plate1|plate25,plate3_F2|plate3_F8,rep1|rep2,105,120,9884,True,2,105,120,plate1,plate3_F8,plate25,plate3_F2,True,16,16,measured_valid,undetected,undetected,result_valid,False,1
"Rucaparib (AG-014699,PF-01367338) phosphate",K562|024h|10000nM,K562,24.0,10000.0,True,True,225,plate1|plate26,plate3_F2|plate4_F8,rep1|rep2,130,95,8441,True,2,130,95,plate1,plate3_F2,plate26,plate4_F8,True,16,16,measured_valid,undetected,undetected,result_valid,False,1
"Rucaparib (AG-014699,PF-01367338) phosphate",MCF7|024h|00010nM,MCF7,24.0,10.0,True,True,480,plate18|plate42,plate4_F2|plate4_F8,rep1|rep2,203,277,22013,True,2,203,277,plate18,plate4_F8,plate42,plate4_F2,True,16,16,measured_valid,undetected,undetected,result_valid,False,1
"Rucaparib (AG-014699,PF-01367338) phosphate",MCF7|024h|00100nM,MCF7,24.0,100.0,True,True,390,plate18|plate41,plate3_F8|plate4_F2,rep1|rep2,225,165,19868,True,2,225,165,plate18,plate4_F2,plate41,plate3_F8,True,16,16,measured_valid,undetected,undetected,result_valid,False,1
"Rucaparib (AG-014699,PF-01367338) phosphate",MCF7|024h|01000nM,MCF7,24.0,1000.0,True,True,394,plate17|plate41,plate3_F2|plate3_F8,rep1|rep2,202,192,22621,True,2,202,192,plate17,plate3_F8,plate41,plate3_F2,True,16,16,measured_valid,ambiguous,ambiguous,result_valid,False,1
"Rucaparib (AG-014699,PF-01367338) phosphate",MCF7|024h|10000nM,MCF7,24.0,10000.0,True,True,446,plate17|plate42,plate3_F2|plate4_F8,rep1|rep2,245,201,21922,True,2,245,201,plate17,plate3_F2,plate42,plate4_F8,True,16,16,measured_valid,eliminating,eliminate_a,result_valid,False,1
Ruxolitinib (INCB018424),A549|024h|00010nM,A549,24.0,10.0,True,True,221,plate10|plate34,plate4_C11|plate4_C5,rep1|rep2,73,148,9045,True,2,73,148,plate10,plate4_C11,plate34,plate4_C5,True,16,16,measured_valid,undetected,undetected,result_valid,False,1
Ruxolitinib (INCB018424),A549|024h|00100nM,A549,24.0,100.0,True,True,167,plate10|plate33,plate3_C11|plate4_C5,rep1|rep2,28,139,8564,True,2,28,139,plate10,plate4_C5,plate33,plate3_C11,True,16,16,measured_valid,undetected,undetected,result_valid,False,1
Ruxolitinib (INCB018424),A549|024h|01000nM,A549,24.0,1000.0,True,True,256,plate33|plate9,plate3_C11|plate3_C5,rep1|rep2,94,162,8686,True,2,94,162,plate9,plate3_C11,plate33,plate3_C5,True,16,16,measured_valid,undetected,undetected,result_valid,False,1
Ruxolitinib (INCB018424),A549|024h|10000nM,A549,24.0,10000.0,True,True,212,plate34|plate9,plate3_C5|plate4_C11,rep1|rep2,62,150,7414,True,2,62,150,plate9,plate3_C5,plate34,plate4_C11,True,16,16,measured_valid,eliminating,eliminate_a,result_valid,False,1
Ruxolitinib (INCB018424),K562|024h|00010nM,K562,24.0,10.0,True,True,233,plate2|plate26,plate4_C11|plate4_C5,rep1|rep2,136,97,11078,True,2,136,97,plate2,plate4_C11,plate26,plate4_C5,True,16,16,measured_valid,undetected,undetected,result_valid,False,1
Ruxolitinib (INCB018424),K562|024h|00100nM,K562,24.0,100.0,True,True,231,plate2|plate25,plate3_C11|plate4_C5,rep1|rep2,138,93,10232,True,2,138,93,plate2,plate4_C5,plate25,plate3_C11,True,16,16,measured_valid,undetected,undetected,result_valid,False,1
Ruxolitinib (INCB018424),K562|024h|01000nM,K562,24.0,1000.0,True,True,205,plate1|plate25,plate3_C11|plate3_C5,rep1|rep2,95,110,9884,True,2,95,110,plate1,plate3_C11,plate25,plate3_C5,True,16,16,measured_valid,undetected,undetected,result_valid,False,1
Ruxolitinib (INCB018424),K562|024h|10000nM,K562,24.0,10000.0,True,True,264,plate1|plate26,plate3_C5|plate4_C11,rep1|rep2,141,123,8441,True,2,141,123,plate1,plate3_C5,plate26,plate4_C11,True,16,16,measured_valid,undetected,undetected,result_valid,False,1
Ruxolitinib (INCB018424),MCF7|024h|00010nM,MCF7,24.0,10.0,True,True,610,plate18|plate42,plate4_C11|plate4_C5,rep1|rep2,303,307,22013,True,2,303,307,plate18,plate4_C11,plate42,plate4_C5,True,16,16,measured_valid,ambiguous,ambiguous,result_valid,False,1
Ruxolitinib (INCB018424),MCF7|024h|00100nM,MCF7,24.0,100.0,True,True,444,plate18|plate41,plate3_C11|plate4_C5,rep1|rep2,205,239,19868,True,2,205,239,plate18,plate4_C5,plate41,plate3_C11,True,16,16,measured_valid,undetected,undetected,result_valid,False,1
Ruxolitinib (INCB018424),MCF7|024h|01000nM,MCF7,24.0,1000.0,True,True,473,plate17|plate41,plate3_C11|plate3_C5,rep1|rep2,211,262,22621,True,2,211,262,plate17,plate3_C11,plate41,plate3_C5,True,16,16,measured_valid,eliminating,eliminate_a,result_valid,False,1
Ruxolitinib (INCB018424),MCF7|024h|10000nM,MCF7,24.0,10000.0,True,True,629,plate17|plate42,plate3_C5|plate4_C11,rep1|rep2,308,321,21922,True,2,308,321,plate17,plate3_C5,plate42,plate4_C11,True,16,16,measured_valid,eliminating,eliminate_a,result_valid,False,1
S-Ruxolitinib (INCB018424),A549|024h|00010nM,A549,24.0,10.0,True,True,261,plate12|plate36,plate6_A11|plate6_A5,rep1|rep2,117,144,11338,True,2,117,144,plate12,plate6_A11,plate36,plate6_A5,True,16,16,measured_valid,undetected,undetected,result_valid,False,1
S-Ruxolitinib (INCB018424),A549|024h|00100nM,A549,24.0,100.0,True,True,259,plate12|plate35,plate5_A11|plate6_A5,rep1|rep2,126,133,11179,True,2,126,133,plate12,plate6_A5,plate35,plate5_A11,True,16,16,measured_valid,undetected,undetected,result_valid,False,1
S-Ruxolitinib (INCB018424),A549|024h|01000nM,A549,24.0,1000.0,True,True,263,plate11|plate35,plate5_A11|plate5_A5,rep1|rep2,127,136,10404,True,2,127,136,plate11,plate5_A11,plate35,plate5_A5,True,16,16,measured_valid,undetected,undetected,result_valid,False,1
S-Ruxolitinib (INCB018424),A549|024h|10000nM,A549,24.0,10000.0,True,True,304,plate11|plate36,plate5_A5|plate6_A11,rep1|rep2,133,171,9895,True,2,133,171,plate11,plate5_A5,plate36,plate6_A11,True,16,16,measured_valid,eliminating,eliminate_a,result_valid,False,1
S-Ruxolitinib (INCB018424),K562|024h|00010nM,K562,24.0,10.0,True,True,249,plate28|plate4,plate6_A11|plate6_A5,rep1|rep2,130,119,11863,True,2,130,119,plate4,plate6_A11,plate28,plate6_A5,True,16,16,measured_valid,undetected,undetected,result_valid,False,1
S-Ruxolitinib (INCB018424),K562|024h|00100nM,K562,24.0,100.0,True,True,215,plate27|plate4,plate5_A11|plate6_A5,rep1|rep2,108,107,10898,True,2,108,107,plate4,plate6_A5,plate27,plate5_A11,True,16,16,measured_valid,undetected,undetected,result_valid,False,1
S-Ruxolitinib (INCB018424),K562|024h|01000nM,K562,24.0,1000.0,True,True,226,plate27|plate3,plate5_A11|plate5_A5,rep1|rep2,125,101,10473,True,2,125,101,plate3,plate5_A11,plate27,plate5_A5,True,16,16,measured_valid,undetected,undetected,result_valid,False,1
S-Ruxolitinib (INCB018424),K562|024h|10000nM,K562,24.0,10000.0,True,True,245,plate28|plate3,plate5_A5|plate6_A11,rep1|rep2,144,101,8992,True,2,144,101,plate3,plate5_A5,plate28,plate6_A11,True,16,16,measured_valid,undetected,undetected,result_valid,False,1
S-Ruxolitinib (INCB018424),MCF7|024h|00010nM,MCF7,24.0,10.0,True,True,538,plate20|plate44,plate6_A11|plate6_A5,rep1|rep2,233,305,26856,True,2,233,305,plate20,plate6_A11,plate44,plate6_A5,True,16,16,measured_valid,undetected,undetected,result_valid,False,1
S-Ruxolitinib (INCB018424),MCF7|024h|00100nM,MCF7,24.0,100.0,True,True,560,plate20|plate43,plate5_A11|plate6_A5,rep1|rep2,238,322,24746,True,2,238,322,plate20,plate6_A5,plate43,plate5_A11,True,16,16,measured_valid,undetected,undetected,result_valid,False,1
S-Ruxolitinib (INCB018424),MCF7|024h|01000nM,MCF7,24.0,1000.0,True,True,563,plate19|plate43,plate5_A11|plate5_A5,rep1|rep2,197,366,22654,True,2,197,366,plate19,plate5_A11,plate43,plate5_A5,True,16,16,measured_valid,ambiguous,ambiguous,result_valid,False,1
S-Ruxolitinib (INCB018424),MCF7|024h|10000nM,MCF7,24.0,10000.0,True,True,514,plate19|plate44,plate5_A5|plate6_A11,rep1|rep2,190,324,20487,True,2,190,324,plate19,plate5_A5,plate44,plate6_A11,True,16,16,measured_valid,ambiguous,ambiguous,result_valid,False,1
SL-327,A549|024h|00010nM,A549,24.0,10.0,True,True,247,plate16|plate40,plate10_A12|plate10_A6,rep1|rep2,108,139,11616,True,2,108,139,plate16,plate10_A12,plate40,plate10_A6,True,16,16,measured_valid,undetected,undetected,result_valid,False,1
SL-327,A549|024h|00100nM,A549,24.0,100.0,True,True,194,plate16|plate39,plate10_A6|plate9_A12,rep1|rep2,93,101,10434,True,2,93,101,plate16,plate10_A6,plate39,plate9_A12,True,16,16,measured_valid,undetected,undetected,result_valid,False,1
SL-327,A549|024h|01000nM,A549,24.0,1000.0,True,True,197,plate15|plate39,plate9_A12|plate9_A6,rep1|rep2,107,90,9830,True,2,107,90,plate15,plate9_A12,plate39,plate9_A6,True,16,16,measured_valid,ambiguous,ambiguous,result_valid,False,1
SL-327,A549|024h|10000nM,A549,24.0,10000.0,True,True,216,plate15|plate40,plate10_A12|plate9_A6,rep1|rep2,93,123,9263,True,2,93,123,plate15,plate9_A6,plate40,plate10_A12,True,16,16,measured_valid,eliminating,eliminate_b,result_valid,False,1
SL-327,K562|024h|00010nM,K562,24.0,10.0,True,True,227,plate32|plate8,plate10_A12|plate10_A6,rep1|rep2,123,104,10989,True,2,123,104,plate8,plate10_A12,plate32,plate10_A6,True,16,16,measured_valid,ambiguous,ambiguous,result_valid,False,1
SL-327,K562|024h|00100nM,K562,24.0,100.0,True,True,223,plate31|plate8,plate10_A6|plate9_A12,rep1|rep2,119,104,10801,True,2,119,104,plate8,plate10_A6,plate31,plate9_A12,True,16,16,measured_valid,undetected,undetected,result_valid,False,1
SL-327,K562|024h|01000nM,K562,24.0,1000.0,True,True,260,plate31|plate7,plate9_A12|plate9_A6,rep1|rep2,130,130,10759,True,2,130,130,plate7,plate9_A12,plate31,plate9_A6,True,16,16,measured_valid,undetected,undetected,result_valid,False,1
SL-327,K562|024h|10000nM,K562,24.0,10000.0,True,True,252,plate32|plate7,plate10_A12|plate9_A6,rep1|rep2,149,103,8971,True,2,149,103,plate7,plate9_A6,plate32,plate10_A12,True,16,16,measured_valid,ambiguous,ambiguous,result_valid,False,1
SL-327,MCF7|024h|00010nM,MCF7,24.0,10.0,True,True,516,plate24|plate48,plate10_A12|plate10_A6,rep1|rep2,216,300,22475,True,2,216,300,plate24,plate10_A12,plate48,plate10_A6,True,16,16,measured_valid,undetected,undetected,result_valid,False,1
SL-327,MCF7|024h|00100nM,MCF7,24.0,100.0,True,True,515,plate24|plate47,plate10_A6|plate9_A12,rep1|rep2,240,275,23948,True,2,240,275,plate24,plate10_A6,plate47,plate9_A12,True,16,16,measured_valid,ambiguous,ambiguous,result_valid,False,1
SL-327,MCF7|024h|01000nM,MCF7,24.0,1000.0,True,True,438,plate23|plate47,plate9_A12|plate9_A6,rep1|rep2,135,303,19841,True,2,135,303,plate23,plate9_A12,plate47,plate9_A6,True,16,16,measured_valid,eliminating,eliminate_b,result_valid,False,1
SL-327,MCF7|024h|10000nM,MCF7,24.0,10000.0,True,True,369,plate23|plate48,plate10_A12|plate9_A6,rep1|rep2,69,300,16814,True,2,69,300,plate23,plate9_A6,plate48,plate10_A12,True,16,16,measured_valid,eliminating,eliminate_b,result_valid,False,1
SNS-314,A549|024h|00010nM,A549,24.0,10.0,True,True,155,plate14|plate38,plate8_D11|plate8_D5,rep1|rep2,73,82,10740,True,2,73,82,plate14,plate8_D11,plate38,plate8_D5,True,16,16,measured_valid,eliminating,eliminate_a,result_valid,False,1
SNS-314,A549|024h|00100nM,A549,24.0,100.0,True,True,149,plate14|plate37,plate7_D11|plate8_D5,rep1|rep2,87,62,10668,True,2,87,62,plate14,plate8_D5,plate37,plate7_D11,True,16,16,measured_valid,eliminating,eliminate_a,result_valid,False,1
SNS-314,A549|024h|01000nM,A549,24.0,1000.0,True,True,124,plate13|plate37,plate7_D11|plate7_D5,rep1|rep2,62,62,10047,True,2,62,62,plate13,plate7_D11,plate37,plate7_D5,True,16,16,measured_valid,eliminating,eliminate_a,result_valid,False,1
SNS-314,A549|024h|10000nM,A549,24.0,10000.0,True,True,158,plate13|plate38,plate7_D5|plate8_D11,rep1|rep2,61,97,9275,True,2,61,97,plate13,plate7_D5,plate38,plate8_D11,True,16,16,measured_valid,eliminating,eliminate_a,result_valid,False,1
SNS-314,K562|024h|00010nM,K562,24.0,10.0,True,True,191,plate30|plate6,plate8_D11|plate8_D5,rep1|rep2,123,68,12122,True,2,123,68,plate6,plate8_D11,plate30,plate8_D5,True,16,16,measured_valid,eliminating,eliminate_a,result_valid,False,1
SNS-314,K562|024h|00100nM,K562,24.0,100.0,True,True,186,plate29|plate6,plate7_D11|plate8_D5,rep1|rep2,110,76,11851,True,2,110,76,plate6,plate8_D5,plate29,plate7_D11,True,16,16,measured_valid,eliminating,eliminate_a,result_valid,False,1
SNS-314,K562|024h|01000nM,K562,24.0,1000.0,True,True,215,plate29|plate5,plate7_D11|plate7_D5,rep1|rep2,142,73,11697,True,2,142,73,plate5,plate7_D11,plate29,plate7_D5,True,16,16,measured_valid,eliminating,eliminate_a,result_valid,False,1
SNS-314,K562|024h|10000nM,K562,24.0,10000.0,True,True,176,plate30|plate5,plate7_D5|plate8_D11,rep1|rep2,76,100,10666,True,2,76,100,plate5,plate7_D5,plate30,plate8_D11,True,16,16,measured_valid,eliminating,eliminate_a,result_valid,False,1
SNS-314,MCF7|024h|00010nM,MCF7,24.0,10.0,True,True,369,plate22|plate46,plate8_D11|plate8_D5,rep1|rep2,153,216,20196,True,2,153,216,plate22,plate8_D11,plate46,plate8_D5,True,16,16,measured_valid,eliminating,eliminate_a,result_valid,False,1
SNS-314,MCF7|024h|00100nM,MCF7,24.0,100.0,True,True,276,plate22|plate45,plate7_D11|plate8_D5,rep1|rep2,112,164,18858,True,2,112,164,plate22,plate8_D5,plate45,plate7_D11,True,16,16,measured_valid,eliminating,eliminate_a,result_valid,False,1
SNS-314,MCF7|024h|01000nM,MCF7,24.0,1000.0,True,True,262,plate21|plate45,plate7_D11|plate7_D5,rep1|rep2,121,141,16112,True,2,121,141,plate21,plate7_D11,plate45,plate7_D5,True,16,16,measured_valid,eliminating,eliminate_a,result_valid,False,1
SNS-314,MCF7|024h|10000nM,MCF7,24.0,10000.0,True,True,266,plate21|plate46,plate7_D5|plate8_D11,rep1|rep2,91,175,17665,True,2,91,175,plate21,plate7_D5,plate46,plate8_D11,True,16,16,measured_valid,eliminating,eliminate_a,result_valid,False,1
SRT1720 HCl,A549|024h|00010nM,A549,24.0,10.0,True,True,217,plate14|plate38,plate8_D1|plate8_D7,rep1|rep2,105,112,10740,True,2,105,112,plate14,plate8_D7,plate38,plate8_D1,True,16,16,measured_valid,undetected,undetected,result_valid,False,1
SRT1720 HCl,A549|024h|00100nM,A549,24.0,100.0,True,True,254,plate14|plate37,plate7_D7|plate8_D1,rep1|rep2,137,117,10668,True,2,137,117,plate14,plate8_D1,plate37,plate7_D7,True,16,16,measured_valid,undetected,undetected,result_valid,False,1
SRT1720 HCl,A549|024h|01000nM,A549,24.0,1000.0,True,True,236,plate13|plate37,plate7_D1|plate7_D7,rep1|rep2,112,124,10047,True,2,112,124,plate13,plate7_D7,plate37,plate7_D1,True,16,16,measured_valid,undetected,undetected,result_valid,False,1
SRT1720 HCl,A549|024h|10000nM,A549,24.0,10000.0,True,True,210,plate13|plate38,plate7_D1|plate8_D7,rep1|rep2,99,111,9275,True,2,99,111,plate13,plate7_D1,plate38,plate8_D7,True,16,16,measured_valid,undetected,undetected,result_valid,False,1
SRT1720 HCl,K562|024h|00010nM,K562,24.0,10.0,True,True,253,plate30|plate6,plate8_D1|plate8_D7,rep1|rep2,156,97,12122,True,2,156,97,plate6,plate8_D7,plate30,plate8_D1,True,16,16,measured_valid,undetected,undetected,result_valid,False,1
SRT1720 HCl,K562|024h|00100nM,K562,24.0,100.0,True,True,259,plate29|plate6,plate7_D7|plate8_D1,rep1|rep2,144,115,11851,True,2,144,115,plate6,plate8_D1,plate29,plate7_D7,True,16,16,measured_valid,undetected,undetected,result_valid,False,1
SRT1720 HCl,K562|024h|01000nM,K562,24.0,1000.0,True,True,308,plate29|plate5,plate7_D1|plate7_D7,rep1|rep2,168,140,11697,True,2,168,140,plate5,plate7_D7,plate29,plate7_D1,True,16,16,measured_valid,undetected,undetected,result_valid,False,1
SRT1720 HCl,K562|024h|10000nM,K562,24.0,10000.0,True,True,131,plate30|plate5,plate7_D1|plate8_D7,rep1|rep2,107,24,10666,True,2,107,24,plate5,plate7_D1,plate30,plate8_D7,True,16,16,measured_valid,ambiguous,ambiguous,result_valid,False,1
SRT1720 HCl,MCF7|024h|00010nM,MCF7,24.0,10.0,True,True,382,plate22|plate46,plate8_D1|plate8_D7,rep1|rep2,192,190,20196,True,2,192,190,plate22,plate8_D7,plate46,plate8_D1,True,16,16,measured_valid,undetected,undetected,result_valid,False,1
SRT1720 HCl,MCF7|024h|00100nM,MCF7,24.0,100.0,True,True,399,plate22|plate45,plate7_D7|plate8_D1,rep1|rep2,198,201,18858,True,2,198,201,plate22,plate8_D1,plate45,plate7_D7,True,16,16,measured_valid,undetected,undetected,result_valid,False,1
SRT1720 HCl,MCF7|024h|01000nM,MCF7,24.0,1000.0,True,True,401,plate21|plate45,plate7_D1|plate7_D7,rep1|rep2,219,182,16112,True,2,219,182,plate21,plate7_D7,plate45,plate7_D1,True,16,16,measured_valid,undetected,undetected,result_valid,False,1
SRT1720 HCl,MCF7|024h|10000nM,MCF7,24.0,10000.0,True,True,462,plate21|plate46,plate7_D1|plate8_D7,rep1|rep2,168,294,17665,True,2,168,294,plate21,plate7_D1,plate46,plate8_D7,True,16,16,measured_valid,ambiguous,ambiguous,result_valid,False,1
SRT2104 (GSK2245840),A549|024h|00010nM,A549,24.0,10.0,True,True,207,plate10|plate34,plate4_A1|plate4_A7,rep1|rep2,97,110,9045,True,2,97,110,plate10,plate4_A7,plate34,plate4_A1,True,16,16,measured_valid,undetected,undetected,result_valid,False,1
SRT2104 (GSK2245840),A549|024h|00100nM,A549,24.0,100.0,True,True,209,plate10|plate33,plate3_A7|plate4_A1,rep1|rep2,78,131,8564,True,2,78,131,plate10,plate4_A1,plate33,plate3_A7,True,16,16,measured_valid,undetected,undetected,result_valid,False,1
SRT2104 (GSK2245840),A549|024h|01000nM,A549,24.0,1000.0,True,True,204,plate33|plate9,plate3_A1|plate3_A7,rep1|rep2,59,145,8686,True,2,59,145,plate9,plate3_A7,plate33,plate3_A1,True,16,16,measured_valid,undetected,undetected,result_valid,False,1
SRT2104 (GSK2245840),A549|024h|10000nM,A549,24.0,10000.0,True,True,195,plate34|plate9,plate3_A1|plate4_A7,rep1|rep2,49,146,7414,True,2,49,146,plate9,plate3_A1,plate34,plate4_A7,True,16,16,measured_valid,undetected,undetected,result_valid,False,1
SRT2104 (GSK2245840),K562|024h|00010nM,K562,24.0,10.0,True,True,276,plate2|plate26,plate4_A1|plate4_A7,rep1|rep2,154,122,11078,True,2,154,122,plate2,plate4_A7,plate26,plate4_A1,True,16,16,measured_valid,undetected,undetected,result_valid,False,1
SRT2104 (GSK2245840),K562|024h|00100nM,K562,24.0,100.0,True,True,293,plate2|plate25,plate3_A7|plate4_A1,rep1|rep2,155,138,10232,True,2,155,138,plate2,plate4_A1,plate25,plate3_A7,True,16,16,measured_valid,undetected,undetected,result_valid,False,1
SRT2104 (GSK2245840),K562|024h|01000nM,K562,24.0,1000.0,True,True,289,plate1|plate25,plate3_A1|plate3_A7,rep1|rep2,170,119,9884,True,2,170,119,plate1,plate3_A7,plate25,plate3_A1,True,16,16,measured_valid,undetected,undetected,result_valid,False,1
SRT2104 (GSK2245840),K562|024h|10000nM,K562,24.0,10000.0,True,True,268,plate1|plate26,plate3_A1|plate4_A7,rep1|rep2,156,112,8441,True,2,156,112,plate1,plate3_A1,plate26,plate4_A7,True,16,16,measured_valid,undetected,undetected,result_valid,False,1
SRT2104 (GSK2245840),MCF7|024h|00010nM,MCF7,24.0,10.0,True,True,483,plate18|plate42,plate4_A1|plate4_A7,rep1|rep2,215,268,22013,True,2,215,268,plate18,plate4_A7,plate42,plate4_A1,True,16,16,measured_valid,undetected,undetected,result_valid,False,1
SRT2104 (GSK2245840),MCF7|024h|00100nM,MCF7,24.0,100.0,True,True,500,plate18|plate41,plate3_A7|plate4_A1,rep1|rep2,214,286,19868,True,2,214,286,plate18,plate4_A1,plate41,plate3_A7,True,16,16,measured_valid,undetected,undetected,result_valid,False,1
SRT2104 (GSK2245840),MCF7|024h|01000nM,MCF7,24.0,1000.0,True,True,632,plate17|plate41,plate3_A1|plate3_A7,rep1|rep2,329,303,22621,True,2,329,303,plate17,plate3_A7,plate41,plate3_A1,True,16,16,measured_valid,undetected,undetected,result_valid,False,1
SRT2104 (GSK2245840),MCF7|024h|10000nM,MCF7,24.0,10000.0,True,True,588,plate17|plate42,plate3_A1|plate4_A7,rep1|rep2,290,298,21922,True,2,290,298,plate17,plate3_A1,plate42,plate4_A7,True,16,16,measured_valid,ambiguous,ambiguous,result_valid,False,1
SRT3025 HCl,A549|024h|00010nM,A549,24.0,10.0,True,True,187,plate10|plate34,plate4_G3|plate4_G9,rep1|rep2,61,126,9045,True,2,61,126,plate10,plate4_G9,plate34,plate4_G3,True,16,16,measured_valid,undetected,undetected,result_valid,False,1
SRT3025 HCl,A549|024h|00100nM,A549,24.0,100.0,True,True,205,plate10|plate33,plate3_G9|plate4_G3,rep1|rep2,49,156,8564,True,2,49,156,plate10,plate4_G3,plate33,plate3_G9,True,16,16,measured_valid,undetected,undetected,result_valid,False,1
SRT3025 HCl,A549|024h|01000nM,A549,24.0,1000.0,True,True,142,plate33|plate9,plate3_F9|plate3_G3,rep1|rep2,25,117,8686,True,2,25,117,plate9,plate3_F9,plate33,plate3_G3,True,16,16,measured_valid,undetected,undetected,result_valid,False,1
SRT3025 HCl,A549|024h|10000nM,A549,24.0,10000.0,True,True,163,plate34|plate9,plate3_F3|plate4_G9,rep1|rep2,17,146,7414,True,1,0,146,nan,nan,plate34,plate4_G9,False,16,16,measured_qc_failed,,quality_failed,qc_failed_protocol_label,False,1
SRT3025 HCl,K562|024h|00010nM,K562,24.0,10.0,True,True,251,plate2|plate26,plate4_G3|plate4_G9,rep1|rep2,134,117,11078,True,2,134,117,plate2,plate4_G9,plate26,plate4_G3,True,16,16,measured_valid,undetected,undetected,result_valid,False,1
SRT3025 HCl,K562|024h|00100nM,K562,24.0,100.0,True,True,219,plate2|plate25,plate3_G9|plate4_G3,rep1|rep2,117,102,10232,True,2,117,102,plate2,plate4_G3,plate25,plate3_G9,True,16,16,measured_valid,undetected,undetected,result_valid,False,1
SRT3025 HCl,K562|024h|01000nM,K562,24.0,1000.0,True,True,212,plate1|plate25,plate3_G3|plate3_G9,rep1|rep2,100,112,9884,True,2,100,112,plate1,plate3_G9,plate25,plate3_G3,True,16,16,measured_valid,undetected,undetected,result_valid,False,1
SRT3025 HCl,K562|024h|10000nM,K562,24.0,10000.0,True,True,213,plate1|plate26,plate3_G3|plate4_G9,rep1|rep2,119,94,8441,True,2,119,94,plate1,plate3_G3,plate26,plate4_G9,True,16,16,measured_valid,undetected,undetected,result_valid,False,1
SRT3025 HCl,MCF7|024h|00010nM,MCF7,24.0,10.0,True,True,508,plate18|plate42,plate4_G3|plate4_G9,rep1|rep2,249,259,22013,True,2,249,259,plate18,plate4_G9,plate42,plate4_G3,True,16,16,measured_valid,undetected,undetected,result_valid,False,1
SRT3025 HCl,MCF7|024h|00100nM,MCF7,24.0,100.0,True,True,537,plate18|plate41,plate3_G9|plate4_G3,rep1|rep2,290,247,19868,True,2,290,247,plate18,plate4_G3,plate41,plate3_G9,True,16,16,measured_valid,undetected,undetected,result_valid,False,1
SRT3025 HCl,MCF7|024h|01000nM,MCF7,24.0,1000.0,True,True,544,plate17|plate41,plate3_G3|plate3_G9,rep1|rep2,307,237,22621,True,2,307,237,plate17,plate3_G9,plate41,plate3_G3,True,16,16,measured_valid,undetected,undetected,result_valid,False,1
SRT3025 HCl,MCF7|024h|10000nM,MCF7,24.0,10000.0,True,True,540,plate17|plate42,plate3_G3|plate4_G9,rep1|rep2,300,240,21922,True,2,300,240,plate17,plate3_G3,plate42,plate4_G9,True,16,16,measured_valid,undetected,undetected,result_valid,False,1
Selisistat (EX 527),A549|024h|00010nM,A549,24.0,10.0,True,True,220,plate10|plate34,plate4_F12|plate4_F6,rep1|rep2,80,140,9045,True,2,80,140,plate10,plate4_F12,plate34,plate4_F6,True,16,16,measured_valid,undetected,undetected,result_valid,False,1
Selisistat (EX 527),A549|024h|00100nM,A549,24.0,100.0,True,True,193,plate10|plate33,plate3_F12|plate4_F6,rep1|rep2,49,144,8564,True,2,49,144,plate10,plate4_F6,plate33,plate3_F12,True,16,16,measured_valid,undetected,undetected,result_valid,False,1
Selisistat (EX 527),A549|024h|01000nM,A549,24.0,1000.0,True,True,232,plate33|plate9,plate3_F6|plate3_G12,rep1|rep2,75,157,8686,True,2,75,157,plate9,plate3_G12,plate33,plate3_F6,True,16,16,measured_valid,undetected,undetected,result_valid,False,1
Selisistat (EX 527),A549|024h|10000nM,A549,24.0,10000.0,True,True,210,plate34|plate9,plate3_G6|plate4_F12,rep1|rep2,46,164,7414,True,2,46,164,plate9,plate3_G6,plate34,plate4_F12,True,16,16,measured_valid,undetected,undetected,result_valid,False,1
Selisistat (EX 527),K562|024h|00010nM,K562,24.0,10.0,True,True,253,plate2|plate26,plate4_F12|plate4_F6,rep1|rep2,155,98,11078,True,2,155,98,plate2,plate4_F12,plate26,plate4_F6,True,16,16,measured_valid,undetected,undetected,result_valid,False,1
Selisistat (EX 527),K562|024h|00100nM,K562,24.0,100.0,True,True,249,plate2|plate25,plate3_F12|plate4_F6,rep1|rep2,147,102,10232,True,2,147,102,plate2,plate4_F6,plate25,plate3_F12,True,16,16,measured_valid,undetected,undetected,result_valid,False,1
Selisistat (EX 527),K562|024h|01000nM,K562,24.0,1000.0,True,True,222,plate1|plate25,plate3_F12|plate3_F6,rep1|rep2,128,94,9884,True,2,128,94,plate1,plate3_F12,plate25,plate3_F6,True,16,16,measured_valid,undetected,undetected,result_valid,False,1
Selisistat (EX 527),K562|024h|10000nM,K562,24.0,10000.0,True,True,267,plate1|plate26,plate3_F6|plate4_F12,rep1|rep2,144,123,8441,True,2,144,123,plate1,plate3_F6,plate26,plate4_F12,True,16,16,measured_valid,undetected,undetected,result_valid,False,1
Selisistat (EX 527),MCF7|024h|00010nM,MCF7,24.0,10.0,True,True,518,plate18|plate42,plate4_F12|plate4_F6,rep1|rep2,239,279,22013,True,2,239,279,plate18,plate4_F12,plate42,plate4_F6,True,16,16,measured_valid,undetected,undetected,result_valid,False,1
Selisistat (EX 527),MCF7|024h|00100nM,MCF7,24.0,100.0,True,True,424,plate18|plate41,plate3_F12|plate4_F6,rep1|rep2,202,222,19868,True,2,202,222,plate18,plate4_F6,plate41,plate3_F12,True,16,16,measured_valid,undetected,undetected,result_valid,False,1
Selisistat (EX 527),MCF7|024h|01000nM,MCF7,24.0,1000.0,True,True,515,plate17|plate41,plate3_F12|plate3_F6,rep1|rep2,261,254,22621,True,2,261,254,plate17,plate3_F12,plate41,plate3_F6,True,16,16,measured_valid,undetected,undetected,result_valid,False,1
Selisistat (EX 527),MCF7|024h|10000nM,MCF7,24.0,10000.0,True,True,551,plate17|plate42,plate3_F6|plate4_F12,rep1|rep2,349,202,21922,True,2,349,202,plate17,plate3_F6,plate42,plate4_F12,True,16,16,measured_valid,undetected,undetected,result_valid,False,1
Sirtinol,A549|024h|00010nM,A549,24.0,10.0,True,True,242,plate12|plate36,plate6_B10|plate6_B4,rep1|rep2,100,142,11338,True,2,100,142,plate12,plate6_B10,plate36,plate6_B4,True,16,16,measured_valid,undetected,undetected,result_valid,False,1
Sirtinol,A549|024h|00100nM,A549,24.0,100.0,True,True,248,plate12|plate35,plate5_B10|plate6_B4,rep1|rep2,100,148,11179,True,2,100,148,plate12,plate6_B4,plate35,plate5_B10,True,16,16,measured_valid,undetected,undetected,result_valid,False,1
Sirtinol,A549|024h|01000nM,A549,24.0,1000.0,True,True,223,plate11|plate35,plate5_B10|plate5_B4,rep1|rep2,85,138,10404,True,2,85,138,plate11,plate5_B10,plate35,plate5_B4,True,16,16,measured_valid,undetected,undetected,result_valid,False,1
Sirtinol,A549|024h|10000nM,A549,24.0,10000.0,True,True,260,plate11|plate36,plate5_B4|plate6_B10,rep1|rep2,109,151,9895,True,2,109,151,plate11,plate5_B4,plate36,plate6_B10,True,16,16,measured_valid,undetected,undetected,result_valid,False,1
Sirtinol,K562|024h|00010nM,K562,24.0,10.0,True,True,255,plate28|plate4,plate6_B10|plate6_B4,rep1|rep2,134,121,11863,True,2,134,121,plate4,plate6_B10,plate28,plate6_B4,True,16,16,measured_valid,undetected,undetected,result_valid,False,1
Sirtinol,K562|024h|00100nM,K562,24.0,100.0,True,True,243,plate27|plate4,plate5_B10|plate6_B4,rep1|rep2,119,124,10898,True,2,119,124,plate4,plate6_B4,plate27,plate5_B10,True,16,16,measured_valid,undetected,undetected,result_valid,False,1
Sirtinol,K562|024h|01000nM,K562,24.0,1000.0,True,True,260,plate27|plate3,plate5_B10|plate5_B4,rep1|rep2,149,111,10473,True,2,149,111,plate3,plate5_B10,plate27,plate5_B4,True,16,16,measured_valid,undetected,undetected,result_valid,False,1
Sirtinol,K562|024h|10000nM,K562,24.0,10000.0,True,True,295,plate28|plate3,plate5_B4|plate6_B10,rep1|rep2,156,139,8992,True,2,156,139,plate3,plate5_B4,plate28,plate6_B10,True,16,16,measured_valid,ambiguous,ambiguous,result_valid,False,1
Sirtinol,MCF7|024h|00010nM,MCF7,24.0,10.0,True,True,579,plate20|plate44,plate6_B10|plate6_B4,rep1|rep2,251,328,26856,True,2,251,328,plate20,plate6_B10,plate44,plate6_B4,True,16,16,measured_valid,undetected,undetected,result_valid,False,1
Sirtinol,MCF7|024h|00100nM,MCF7,24.0,100.0,True,True,510,plate20|plate43,plate5_B10|plate6_B4,rep1|rep2,253,257,24746,True,2,253,257,plate20,plate6_B4,plate43,plate5_B10,True,16,16,measured_valid,undetected,undetected,result_valid,False,1
Sirtinol,MCF7|024h|01000nM,MCF7,24.0,1000.0,True,True,493,plate19|plate43,plate5_B10|plate5_B4,rep1|rep2,168,325,22654,True,2,168,325,plate19,plate5_B10,plate43,plate5_B4,True,16,16,measured_valid,undetected,undetected,result_valid,False,1
Sirtinol,MCF7|024h|10000nM,MCF7,24.0,10000.0,True,True,482,plate19|plate44,plate5_B4|plate6_B10,rep1|rep2,152,330,20487,True,2,152,330,plate19,plate5_B4,plate44,plate6_B10,True,16,16,measured_valid,undetected,undetected,result_valid,False,1
Sodium Phenylbutyrate,A549|024h|00010nM,A549,24.0,10.0,True,True,278,plate12|plate36,plate6_E11|plate6_E5,rep1|rep2,99,179,11338,True,2,99,179,plate12,plate6_E11,plate36,plate6_E5,True,16,16,measured_valid,undetected,undetected,result_valid,False,1
Sodium Phenylbutyrate,A549|024h|00100nM,A549,24.0,100.0,True,True,237,plate12|plate35,plate5_E11|plate6_E5,rep1|rep2,91,146,11179,True,2,91,146,plate12,plate6_E5,plate35,plate5_E11,True,16,16,measured_valid,undetected,undetected,result_valid,False,1
Sodium Phenylbutyrate,A549|024h|01000nM,A549,24.0,1000.0,True,True,260,plate11|plate35,plate5_E11|plate5_E5,rep1|rep2,107,153,10404,True,2,107,153,plate11,plate5_E11,plate35,plate5_E5,True,16,16,measured_valid,undetected,undetected,result_valid,False,1
Sodium Phenylbutyrate,A549|024h|10000nM,A549,24.0,10000.0,True,True,281,plate11|plate36,plate5_E5|plate6_E11,rep1|rep2,131,150,9895,True,2,131,150,plate11,plate5_E5,plate36,plate6_E11,True,16,16,measured_valid,undetected,undetected,result_valid,False,1
Sodium Phenylbutyrate,K562|024h|00010nM,K562,24.0,10.0,True,True,214,plate28|plate4,plate6_E11|plate6_E5,rep1|rep2,95,119,11863,True,2,95,119,plate4,plate6_E11,plate28,plate6_E5,True,16,16,measured_valid,undetected,undetected,result_valid,False,1
Sodium Phenylbutyrate,K562|024h|00100nM,K562,24.0,100.0,True,True,223,plate27|plate4,plate5_E11|plate6_E5,rep1|rep2,130,93,10898,True,2,130,93,plate4,plate6_E5,plate27,plate5_E11,True,16,16,measured_valid,undetected,undetected,result_valid,False,1
Sodium Phenylbutyrate,K562|024h|01000nM,K562,24.0,1000.0,True,True,242,plate27|plate3,plate5_E11|plate5_E5,rep1|rep2,108,134,10473,True,2,108,134,plate3,plate5_E11,plate27,plate5_E5,True,16,16,measured_valid,eliminating,eliminate_a,result_valid,False,1
Sodium Phenylbutyrate,K562|024h|10000nM,K562,24.0,10000.0,True,True,228,plate28|plate3,plate5_E5|plate6_E11,rep1|rep2,121,107,8992,True,2,121,107,plate3,plate5_E5,plate28,plate6_E11,True,16,16,measured_valid,undetected,undetected,result_valid,False,1
Sodium Phenylbutyrate,MCF7|024h|00010nM,MCF7,24.0,10.0,True,True,545,plate20|plate44,plate6_E11|plate6_E5,rep1|rep2,215,330,26856,True,2,215,330,plate20,plate6_E11,plate44,plate6_E5,True,16,16,measured_valid,undetected,undetected,result_valid,False,1
Sodium Phenylbutyrate,MCF7|024h|00100nM,MCF7,24.0,100.0,True,True,538,plate20|plate43,plate5_E11|plate6_E5,rep1|rep2,254,284,24746,True,2,254,284,plate20,plate6_E5,plate43,plate5_E11,True,16,16,measured_valid,undetected,undetected,result_valid,False,1
Sodium Phenylbutyrate,MCF7|024h|01000nM,MCF7,24.0,1000.0,True,True,535,plate19|plate43,plate5_E11|plate5_E5,rep1|rep2,228,307,22654,True,2,228,307,plate19,plate5_E11,plate43,plate5_E5,True,16,16,measured_valid,undetected,undetected,result_valid,False,1
Sodium Phenylbutyrate,MCF7|024h|10000nM,MCF7,24.0,10000.0,True,True,496,plate19|plate44,plate5_E5|plate6_E11,rep1|rep2,202,294,20487,True,2,202,294,plate19,plate5_E5,plate44,plate6_E11,True,16,16,measured_valid,undetected,undetected,result_valid,False,1
TAK-901,A549|024h|00010nM,A549,24.0,10.0,True,True,218,plate12|plate36,plate6_A3|plate6_A9,rep1|rep2,91,127,11338,True,2,91,127,plate12,plate6_A9,plate36,plate6_A3,True,16,16,measured_valid,undetected,undetected,result_valid,False,1
TAK-901,A549|024h|00100nM,A549,24.0,100.0,True,True,165,plate12|plate35,plate5_A9|plate6_A3,rep1|rep2,88,77,11179,True,2,88,77,plate12,plate6_A3,plate35,plate5_A9,True,16,16,measured_valid,eliminating,eliminate_b,result_valid,False,1
TAK-901,A549|024h|01000nM,A549,24.0,1000.0,True,True,147,plate11|plate35,plate5_A3|plate5_A9,rep1|rep2,74,73,10404,True,2,74,73,plate11,plate5_A9,plate35,plate5_A3,True,16,16,measured_valid,eliminating,eliminate_b,result_valid,False,1
TAK-901,A549|024h|10000nM,A549,24.0,10000.0,True,True,123,plate11|plate36,plate5_A3|plate6_A9,rep1|rep2,59,64,9895,True,2,59,64,plate11,plate5_A3,plate36,plate6_A9,True,16,16,measured_valid,ambiguous,ambiguous,result_valid,False,1
TAK-901,K562|024h|00010nM,K562,24.0,10.0,True,True,233,plate28|plate4,plate6_A3|plate6_A9,rep1|rep2,125,108,11863,True,2,125,108,plate4,plate6_A9,plate28,plate6_A3,True,16,16,measured_valid,undetected,undetected,result_valid,False,1
TAK-901,K562|024h|00100nM,K562,24.0,100.0,True,True,203,plate27|plate4,plate5_A9|plate6_A3,rep1|rep2,105,98,10898,True,2,105,98,plate4,plate6_A3,plate27,plate5_A9,True,16,16,measured_valid,eliminating,eliminate_b,result_valid,False,1
TAK-901,K562|024h|01000nM,K562,24.0,1000.0,True,True,132,plate27|plate3,plate5_A3|plate5_A9,rep1|rep2,63,69,10473,True,2,63,69,plate3,plate5_A9,plate27,plate5_A3,True,16,16,measured_valid,eliminating,eliminate_b,result_valid,False,1
TAK-901,K562|024h|10000nM,K562,24.0,10000.0,True,True,102,plate28|plate3,plate5_A3|plate6_A9,rep1|rep2,61,41,8992,True,2,61,41,plate3,plate5_A3,plate28,plate6_A9,True,16,16,measured_valid,eliminating,eliminate_b,result_valid,False,1
TAK-901,MCF7|024h|00010nM,MCF7,24.0,10.0,True,True,421,plate20|plate44,plate6_A3|plate6_A9,rep1|rep2,178,243,26856,True,2,178,243,plate20,plate6_A9,plate44,plate6_A3,True,16,16,measured_valid,eliminating,eliminate_b,result_valid,False,1
TAK-901,MCF7|024h|00100nM,MCF7,24.0,100.0,True,True,409,plate20|plate43,plate5_A9|plate6_A3,rep1|rep2,171,238,24746,True,2,171,238,plate20,plate6_A3,plate43,plate5_A9,True,16,16,measured_valid,eliminating,eliminate_b,result_valid,False,1
TAK-901,MCF7|024h|01000nM,MCF7,24.0,1000.0,True,True,281,plate19|plate43,plate5_A3|plate5_A9,rep1|rep2,95,186,22654,True,2,95,186,plate19,plate5_A9,plate43,plate5_A3,True,16,16,measured_valid,eliminating,eliminate_b,result_valid,False,1
TAK-901,MCF7|024h|10000nM,MCF7,24.0,10000.0,True,True,125,plate19|plate44,plate5_A3|plate6_A9,rep1|rep2,58,67,20487,True,2,58,67,plate19,plate5_A3,plate44,plate6_A9,True,16,16,measured_valid,eliminating,eliminate_b,result_valid,False,1
TG101209,A549|024h|00010nM,A549,24.0,10.0,True,True,212,plate12|plate36,plate6_G2|plate6_G8,rep1|rep2,66,146,11338,True,2,66,146,plate12,plate6_G8,plate36,plate6_G2,True,16,16,measured_valid,undetected,undetected,result_valid,False,1
TG101209,A549|024h|00100nM,A549,24.0,100.0,True,True,300,plate12|plate35,plate5_G8|plate6_G2,rep1|rep2,122,178,11179,True,2,122,178,plate12,plate6_G2,plate35,plate5_G8,True,16,16,measured_valid,undetected,undetected,result_valid,False,1
TG101209,A549|024h|01000nM,A549,24.0,1000.0,True,True,205,plate11|plate35,plate5_G2|plate5_G8,rep1|rep2,86,119,10404,True,2,86,119,plate11,plate5_G8,plate35,plate5_G2,True,16,16,measured_valid,ambiguous,ambiguous,result_valid,False,1
TG101209,A549|024h|10000nM,A549,24.0,10000.0,True,True,141,plate11|plate36,plate5_G2|plate6_G8,rep1|rep2,48,93,9895,True,2,48,93,plate11,plate5_G2,plate36,plate6_G8,True,16,16,measured_valid,eliminating,eliminate_a,result_valid,False,1
TG101209,K562|024h|00010nM,K562,24.0,10.0,True,True,252,plate28|plate4,plate6_G2|plate6_G8,rep1|rep2,124,128,11863,True,2,124,128,plate4,plate6_G8,plate28,plate6_G2,True,16,16,measured_valid,undetected,undetected,result_valid,False,1
TG101209,K562|024h|00100nM,K562,24.0,100.0,True,True,264,plate27|plate4,plate5_G8|plate6_G2,rep1|rep2,146,118,10898,True,2,146,118,plate4,plate6_G2,plate27,plate5_G8,True,16,16,measured_valid,undetected,undetected,result_valid,False,1
TG101209,K562|024h|01000nM,K562,24.0,1000.0,True,True,198,plate27|plate3,plate5_G2|plate5_G8,rep1|rep2,85,113,10473,True,2,85,113,plate3,plate5_G8,plate27,plate5_G2,True,16,16,measured_valid,eliminating,eliminate_a,result_valid,False,1
TG101209,K562|024h|10000nM,K562,24.0,10000.0,True,True,100,plate28|plate3,plate5_G2|plate6_G8,rep1|rep2,62,38,8992,True,2,62,38,plate3,plate5_G2,plate28,plate6_G8,True,16,16,measured_valid,eliminating,eliminate_a,result_valid,False,1
TG101209,MCF7|024h|00010nM,MCF7,24.0,10.0,True,True,567,plate20|plate44,plate6_G2|plate6_G8,rep1|rep2,250,317,26856,True,2,250,317,plate20,plate6_G8,plate44,plate6_G2,True,16,16,measured_valid,ambiguous,ambiguous,result_valid,False,1
TG101209,MCF7|024h|00100nM,MCF7,24.0,100.0,True,True,533,plate20|plate43,plate5_G8|plate6_G2,rep1|rep2,238,295,24746,True,2,238,295,plate20,plate6_G2,plate43,plate5_G8,True,16,16,measured_valid,eliminating,eliminate_b,result_valid,False,1
TG101209,MCF7|024h|01000nM,MCF7,24.0,1000.0,True,True,469,plate19|plate43,plate5_G2|plate5_G8,rep1|rep2,206,263,22654,True,2,206,263,plate19,plate5_G8,plate43,plate5_G2,True,16,16,measured_valid,eliminating,eliminate_a,result_valid,False,1
TG101209,MCF7|024h|10000nM,MCF7,24.0,10000.0,True,True,233,plate19|plate44,plate5_G2|plate6_G8,rep1|rep2,86,147,20487,True,2,86,147,plate19,plate5_G2,plate44,plate6_G8,True,16,16,measured_valid,eliminating,eliminate_a,result_valid,False,1
TMP195,A549|024h|00010nM,A549,24.0,10.0,True,True,191,plate10|plate34,plate4_D11|plate4_D5,rep1|rep2,60,131,9045,True,2,60,131,plate10,plate4_D11,plate34,plate4_D5,True,16,16,measured_valid,undetected,undetected,result_valid,False,1
TMP195,A549|024h|00100nM,A549,24.0,100.0,True,True,154,plate10|plate33,plate3_D11|plate4_D5,rep1|rep2,34,120,8564,True,2,34,120,plate10,plate4_D5,plate33,plate3_D11,True,16,16,measured_valid,undetected,undetected,result_valid,False,1
TMP195,A549|024h|01000nM,A549,24.0,1000.0,True,True,199,plate33|plate9,plate3_D11|plate3_D5,rep1|rep2,61,138,8686,True,2,61,138,plate9,plate3_D11,plate33,plate3_D5,True,16,16,measured_valid,undetected,undetected,result_valid,False,1
TMP195,A549|024h|10000nM,A549,24.0,10000.0,True,True,186,plate34|plate9,plate3_D5|plate4_D11,rep1|rep2,31,155,7414,True,2,31,155,plate9,plate3_D5,plate34,plate4_D11,True,16,16,measured_valid,undetected,undetected,result_valid,False,1
TMP195,K562|024h|00010nM,K562,24.0,10.0,True,True,243,plate2|plate26,plate4_D11|plate4_D5,rep1|rep2,133,110,11078,True,2,133,110,plate2,plate4_D11,plate26,plate4_D5,True,16,16,measured_valid,undetected,undetected,result_valid,False,1
TMP195,K562|024h|00100nM,K562,24.0,100.0,True,True,245,plate2|plate25,plate3_D11|plate4_D5,rep1|rep2,138,107,10232,True,2,138,107,plate2,plate4_D5,plate25,plate3_D11,True,16,16,measured_valid,undetected,undetected,result_valid,False,1
TMP195,K562|024h|01000nM,K562,24.0,1000.0,True,True,245,plate1|plate25,plate3_D11|plate3_D5,rep1|rep2,116,129,9884,True,2,116,129,plate1,plate3_D11,plate25,plate3_D5,True,16,16,measured_valid,undetected,undetected,result_valid,False,1
TMP195,K562|024h|10000nM,K562,24.0,10000.0,True,True,226,plate1|plate26,plate3_D5|plate4_D11,rep1|rep2,139,87,8441,True,2,139,87,plate1,plate3_D5,plate26,plate4_D11,True,16,16,measured_valid,undetected,undetected,result_valid,False,1
TMP195,MCF7|024h|00010nM,MCF7,24.0,10.0,True,True,490,plate18|plate42,plate4_D11|plate4_D5,rep1|rep2,204,286,22013,True,2,204,286,plate18,plate4_D11,plate42,plate4_D5,True,16,16,measured_valid,undetected,undetected,result_valid,False,1
TMP195,MCF7|024h|00100nM,MCF7,24.0,100.0,True,True,380,plate18|plate41,plate3_D11|plate4_D5,rep1|rep2,217,163,19868,True,2,217,163,plate18,plate4_D5,plate41,plate3_D11,True,16,16,measured_valid,undetected,undetected,result_valid,False,1
TMP195,MCF7|024h|01000nM,MCF7,24.0,1000.0,True,True,421,plate17|plate41,plate3_D11|plate3_D5,rep1|rep2,169,252,22621,True,2,169,252,plate17,plate3_D11,plate41,plate3_D5,True,16,16,measured_valid,undetected,undetected,result_valid,False,1
TMP195,MCF7|024h|10000nM,MCF7,24.0,10000.0,True,True,468,plate17|plate42,plate3_D5|plate4_D11,rep1|rep2,205,263,21922,True,2,205,263,plate17,plate3_D5,plate42,plate4_D11,True,16,16,measured_valid,undetected,undetected,result_valid,False,1
Tacedinaline (CI994),A549|024h|00010nM,A549,24.0,10.0,True,True,236,plate12|plate36,plate6_D10|plate6_D4,rep1|rep2,96,140,11338,True,2,96,140,plate12,plate6_D10,plate36,plate6_D4,True,16,16,measured_valid,undetected,undetected,result_valid,False,1
Tacedinaline (CI994),A549|024h|00100nM,A549,24.0,100.0,True,True,256,plate12|plate35,plate5_D10|plate6_D4,rep1|rep2,98,158,11179,True,2,98,158,plate12,plate6_D4,plate35,plate5_D10,True,16,16,measured_valid,undetected,undetected,result_valid,False,1
Tacedinaline (CI994),A549|024h|01000nM,A549,24.0,1000.0,True,True,226,plate11|plate35,plate5_D10|plate5_D4,rep1|rep2,80,146,10404,True,2,80,146,plate11,plate5_D10,plate35,plate5_D4,True,16,16,measured_valid,eliminating,eliminate_b,result_valid,False,1
Tacedinaline (CI994),A549|024h|10000nM,A549,24.0,10000.0,True,True,238,plate11|plate36,plate5_D4|plate6_D10,rep1|rep2,95,143,9895,True,2,95,143,plate11,plate5_D4,plate36,plate6_D10,True,16,16,measured_valid,eliminating,eliminate_b,result_valid,False,1
Tacedinaline (CI994),K562|024h|00010nM,K562,24.0,10.0,True,True,277,plate28|plate4,plate6_D10|plate6_D4,rep1|rep2,144,133,11863,True,2,144,133,plate4,plate6_D10,plate28,plate6_D4,True,16,16,measured_valid,ambiguous,ambiguous,result_valid,False,1
Tacedinaline (CI994),K562|024h|00100nM,K562,24.0,100.0,True,True,214,plate27|plate4,plate5_D10|plate6_D4,rep1|rep2,111,103,10898,True,2,111,103,plate4,plate6_D4,plate27,plate5_D10,True,16,16,measured_valid,undetected,undetected,result_valid,False,1
Tacedinaline (CI994),K562|024h|01000nM,K562,24.0,1000.0,True,True,245,plate27|plate3,plate5_D10|plate5_D4,rep1|rep2,112,133,10473,True,2,112,133,plate3,plate5_D10,plate27,plate5_D4,True,16,16,measured_valid,eliminating,eliminate_b,result_valid,False,1
Tacedinaline (CI994),K562|024h|10000nM,K562,24.0,10000.0,True,True,167,plate28|plate3,plate5_D4|plate6_D10,rep1|rep2,74,93,8992,True,2,74,93,plate3,plate5_D4,plate28,plate6_D10,True,16,16,measured_valid,eliminating,eliminate_b,result_valid,False,1
Tacedinaline (CI994),MCF7|024h|00010nM,MCF7,24.0,10.0,True,True,637,plate20|plate44,plate6_D10|plate6_D4,rep1|rep2,286,351,26856,True,2,286,351,plate20,plate6_D10,plate44,plate6_D4,True,16,16,measured_valid,undetected,undetected,result_valid,False,1
Tacedinaline (CI994),MCF7|024h|00100nM,MCF7,24.0,100.0,True,True,565,plate20|plate43,plate5_D10|plate6_D4,rep1|rep2,253,312,24746,True,2,253,312,plate20,plate6_D4,plate43,plate5_D10,True,16,16,measured_valid,eliminating,eliminate_b,result_valid,False,1
Tacedinaline (CI994),MCF7|024h|01000nM,MCF7,24.0,1000.0,True,True,543,plate19|plate43,plate5_D10|plate5_D4,rep1|rep2,212,331,22654,True,2,212,331,plate19,plate5_D10,plate43,plate5_D4,True,16,16,measured_valid,eliminating,eliminate_b,result_valid,False,1
Tacedinaline (CI994),MCF7|024h|10000nM,MCF7,24.0,10000.0,True,True,541,plate19|plate44,plate5_D4|plate6_D10,rep1|rep2,224,317,20487,True,2,224,317,plate19,plate5_D4,plate44,plate6_D10,True,16,16,measured_valid,eliminating,eliminate_b,result_valid,False,1
Tazemetostat (EPZ-6438),A549|024h|00010nM,A549,24.0,10.0,True,True,213,plate10|plate34,plate4_A10|plate4_A4,rep1|rep2,81,132,9045,True,2,81,132,plate10,plate4_A10,plate34,plate4_A4,True,16,16,measured_valid,undetected,undetected,result_valid,False,1
Tazemetostat (EPZ-6438),A549|024h|00100nM,A549,24.0,100.0,True,True,248,plate10|plate33,plate3_A10|plate4_A4,rep1|rep2,95,153,8564,True,2,95,153,plate10,plate4_A4,plate33,plate3_A10,True,16,16,measured_valid,undetected,undetected,result_valid,False,1
Tazemetostat (EPZ-6438),A549|024h|01000nM,A549,24.0,1000.0,True,True,189,plate33|plate9,plate3_A10|plate3_A4,rep1|rep2,51,138,8686,True,2,51,138,plate9,plate3_A10,plate33,plate3_A4,True,16,16,measured_valid,undetected,undetected,result_valid,False,1
Tazemetostat (EPZ-6438),A549|024h|10000nM,A549,24.0,10000.0,True,True,203,plate34|plate9,plate3_A4|plate4_A10,rep1|rep2,47,156,7414,True,2,47,156,plate9,plate3_A4,plate34,plate4_A10,True,16,16,measured_valid,eliminating,eliminate_a,result_valid,False,1
Tazemetostat (EPZ-6438),K562|024h|00010nM,K562,24.0,10.0,True,True,265,plate2|plate26,plate4_A10|plate4_A4,rep1|rep2,141,124,11078,True,2,141,124,plate2,plate4_A10,plate26,plate4_A4,True,16,16,measured_valid,undetected,undetected,result_valid,False,1
Tazemetostat (EPZ-6438),K562|024h|00100nM,K562,24.0,100.0,True,True,301,plate2|plate25,plate3_A10|plate4_A4,rep1|rep2,157,144,10232,True,2,157,144,plate2,plate4_A4,plate25,plate3_A10,True,16,16,measured_valid,undetected,undetected,result_valid,False,1
Tazemetostat (EPZ-6438),K562|024h|01000nM,K562,24.0,1000.0,True,True,264,plate1|plate25,plate3_A10|plate3_A4,rep1|rep2,151,113,9884,True,2,151,113,plate1,plate3_A10,plate25,plate3_A4,True,16,16,measured_valid,undetected,undetected,result_valid,False,1
Tazemetostat (EPZ-6438),K562|024h|10000nM,K562,24.0,10000.0,True,True,260,plate1|plate26,plate3_A4|plate4_A10,rep1|rep2,148,112,8441,True,2,148,112,plate1,plate3_A4,plate26,plate4_A10,True,16,16,measured_valid,undetected,undetected,result_valid,False,1
Tazemetostat (EPZ-6438),MCF7|024h|00010nM,MCF7,24.0,10.0,True,True,509,plate18|plate42,plate4_A10|plate4_A4,rep1|rep2,179,330,22013,True,2,179,330,plate18,plate4_A10,plate42,plate4_A4,True,16,16,measured_valid,undetected,undetected,result_valid,False,1
Tazemetostat (EPZ-6438),MCF7|024h|00100nM,MCF7,24.0,100.0,True,True,473,plate18|plate41,plate3_A10|plate4_A4,rep1|rep2,214,259,19868,True,2,214,259,plate18,plate4_A4,plate41,plate3_A10,True,16,16,measured_valid,undetected,undetected,result_valid,False,1
Tazemetostat (EPZ-6438),MCF7|024h|01000nM,MCF7,24.0,1000.0,True,True,588,plate17|plate41,plate3_A10|plate3_A4,rep1|rep2,285,303,22621,True,2,285,303,plate17,plate3_A10,plate41,plate3_A4,True,16,16,measured_valid,undetected,undetected,result_valid,False,1
Tazemetostat (EPZ-6438),MCF7|024h|10000nM,MCF7,24.0,10000.0,True,True,600,plate17|plate42,plate3_A4|plate4_A10,rep1|rep2,293,307,21922,True,2,293,307,plate17,plate3_A4,plate42,plate4_A10,True,16,16,measured_valid,undetected,undetected,result_valid,False,1
Tie2 kinase inhibitor,A549|024h|00010nM,A549,24.0,10.0,True,True,236,plate14|plate38,plate8_B2|plate8_B8,rep1|rep2,110,126,10740,True,2,110,126,plate14,plate8_B8,plate38,plate8_B2,True,16,16,measured_valid,undetected,undetected,result_valid,False,1
Tie2 kinase inhibitor,A549|024h|00100nM,A549,24.0,100.0,True,True,227,plate14|plate37,plate7_B8|plate8_B2,rep1|rep2,119,108,10668,True,2,119,108,plate14,plate8_B2,plate37,plate7_B8,True,16,16,measured_valid,undetected,undetected,result_valid,False,1
Tie2 kinase inhibitor,A549|024h|01000nM,A549,24.0,1000.0,True,True,214,plate13|plate37,plate7_B2|plate7_B8,rep1|rep2,99,115,10047,True,2,99,115,plate13,plate7_B8,plate37,plate7_B2,True,16,16,measured_valid,undetected,undetected,result_valid,False,1
Tie2 kinase inhibitor,A549|024h|10000nM,A549,24.0,10000.0,True,True,284,plate13|plate38,plate7_B2|plate8_B8,rep1|rep2,119,165,9275,True,2,119,165,plate13,plate7_B2,plate38,plate8_B8,True,16,16,measured_valid,ambiguous,ambiguous,result_valid,False,1
Tie2 kinase inhibitor,K562|024h|00010nM,K562,24.0,10.0,True,True,292,plate30|plate6,plate8_B2|plate8_B8,rep1|rep2,150,142,12122,True,2,150,142,plate6,plate8_B8,plate30,plate8_B2,True,16,16,measured_valid,undetected,undetected,result_valid,False,1
Tie2 kinase inhibitor,K562|024h|00100nM,K562,24.0,100.0,True,True,255,plate29|plate6,plate7_B8|plate8_B2,rep1|rep2,147,108,11851,True,2,147,108,plate6,plate8_B2,plate29,plate7_B8,True,16,16,measured_valid,undetected,undetected,result_valid,False,1
Tie2 kinase inhibitor,K562|024h|01000nM,K562,24.0,1000.0,True,True,304,plate29|plate5,plate7_B2|plate7_B8,rep1|rep2,169,135,11697,True,2,169,135,plate5,plate7_B8,plate29,plate7_B2,True,16,16,measured_valid,undetected,undetected,result_valid,False,1
Tie2 kinase inhibitor,K562|024h|10000nM,K562,24.0,10000.0,True,True,291,plate30|plate5,plate7_B2|plate8_B8,rep1|rep2,153,138,10666,True,2,153,138,plate5,plate7_B2,plate30,plate8_B8,True,16,16,measured_valid,undetected,undetected,result_valid,False,1
Tie2 kinase inhibitor,MCF7|024h|00010nM,MCF7,24.0,10.0,True,True,440,plate22|plate46,plate8_B2|plate8_B8,rep1|rep2,185,255,20196,True,2,185,255,plate22,plate8_B8,plate46,plate8_B2,True,16,16,measured_valid,undetected,undetected,result_valid,False,1
Tie2 kinase inhibitor,MCF7|024h|00100nM,MCF7,24.0,100.0,True,True,401,plate22|plate45,plate7_B8|plate8_B2,rep1|rep2,193,208,18858,True,2,193,208,plate22,plate8_B2,plate45,plate7_B8,True,16,16,measured_valid,undetected,undetected,result_valid,False,1
Tie2 kinase inhibitor,MCF7|024h|01000nM,MCF7,24.0,1000.0,True,True,285,plate21|plate45,plate7_B2|plate7_B8,rep1|rep2,158,127,16112,True,2,158,127,plate21,plate7_B8,plate45,plate7_B2,True,16,16,measured_valid,undetected,undetected,result_valid,False,1
Tie2 kinase inhibitor,MCF7|024h|10000nM,MCF7,24.0,10000.0,True,True,374,plate21|plate46,plate7_B2|plate8_B8,rep1|rep2,141,233,17665,True,2,141,233,plate21,plate7_B2,plate46,plate8_B8,True,16,16,measured_valid,eliminating,eliminate_a,result_valid,False,1
Tofacitinib (CP-690550) Citrate,A549|024h|00010nM,A549,24.0,10.0,True,True,236,plate12|plate36,plate6_H11|plate6_H5,rep1|rep2,85,151,11338,True,2,85,151,plate12,plate6_H11,plate36,plate6_H5,True,16,16,measured_valid,undetected,undetected,result_valid,False,1
Tofacitinib (CP-690550) Citrate,A549|024h|00100nM,A549,24.0,100.0,True,True,208,plate12|plate35,plate5_H11|plate6_H5,rep1|rep2,103,105,11179,True,2,103,105,plate12,plate6_H5,plate35,plate5_H11,True,16,16,measured_valid,undetected,undetected,result_valid,False,1
Tofacitinib (CP-690550) Citrate,A549|024h|01000nM,A549,24.0,1000.0,True,True,237,plate11|plate35,plate5_H11|plate5_H5,rep1|rep2,108,129,10404,True,2,108,129,plate11,plate5_H11,plate35,plate5_H5,True,16,16,measured_valid,ambiguous,ambiguous,result_valid,False,1
Tofacitinib (CP-690550) Citrate,A549|024h|10000nM,A549,24.0,10000.0,True,True,245,plate11|plate36,plate5_H5|plate6_H11,rep1|rep2,109,136,9895,True,2,109,136,plate11,plate5_H5,plate36,plate6_H11,True,16,16,measured_valid,undetected,undetected,result_valid,False,1
Tofacitinib (CP-690550) Citrate,K562|024h|00010nM,K562,24.0,10.0,True,True,297,plate28|plate4,plate6_H11|plate6_H5,rep1|rep2,181,116,11863,True,2,181,116,plate4,plate6_H11,plate28,plate6_H5,True,16,16,measured_valid,undetected,undetected,result_valid,False,1
Tofacitinib (CP-690550) Citrate,K562|024h|00100nM,K562,24.0,100.0,True,True,263,plate27|plate4,plate5_H11|plate6_H5,rep1|rep2,141,122,10898,True,2,141,122,plate4,plate6_H5,plate27,plate5_H11,True,16,16,measured_valid,undetected,undetected,result_valid,False,1
Tofacitinib (CP-690550) Citrate,K562|024h|01000nM,K562,24.0,1000.0,True,True,243,plate27|plate3,plate5_H11|plate5_H5,rep1|rep2,124,119,10473,True,2,124,119,plate3,plate5_H11,plate27,plate5_H5,True,16,16,measured_valid,undetected,undetected,result_valid,False,1
Tofacitinib (CP-690550) Citrate,K562|024h|10000nM,K562,24.0,10000.0,True,True,245,plate28|plate3,plate5_H5|plate6_H11,rep1|rep2,124,121,8992,True,2,124,121,plate3,plate5_H5,plate28,plate6_H11,True,16,16,measured_valid,undetected,undetected,result_valid,False,1
Tofacitinib (CP-690550) Citrate,MCF7|024h|00010nM,MCF7,24.0,10.0,True,True,621,plate20|plate44,plate6_H11|plate6_H5,rep1|rep2,266,355,26856,True,2,266,355,plate20,plate6_H11,plate44,plate6_H5,True,16,16,measured_valid,undetected,undetected,result_valid,False,1
Tofacitinib (CP-690550) Citrate,MCF7|024h|00100nM,MCF7,24.0,100.0,True,True,464,plate20|plate43,plate5_H11|plate6_H5,rep1|rep2,216,248,24746,True,2,216,248,plate20,plate6_H5,plate43,plate5_H11,True,16,16,measured_valid,undetected,undetected,result_valid,False,1
Tofacitinib (CP-690550) Citrate,MCF7|024h|01000nM,MCF7,24.0,1000.0,True,True,535,plate19|plate43,plate5_H11|plate5_H5,rep1|rep2,203,332,22654,True,2,203,332,plate19,plate5_H11,plate43,plate5_H5,True,16,16,measured_valid,undetected,undetected,result_valid,False,1
Tofacitinib (CP-690550) Citrate,MCF7|024h|10000nM,MCF7,24.0,10000.0,True,True,545,plate19|plate44,plate5_H5|plate6_H11,rep1|rep2,240,305,20487,True,2,240,305,plate19,plate5_H5,plate44,plate6_H11,True,16,16,measured_valid,ambiguous,ambiguous,result_valid,False,1
"Tozasertib (VX-680, MK-0457)",A549|024h|00010nM,A549,24.0,10.0,True,True,175,plate10|plate34,plate4_F1|plate4_F7,rep1|rep2,41,134,9045,True,2,41,134,plate10,plate4_F7,plate34,plate4_F1,True,16,16,measured_valid,undetected,undetected,result_valid,False,1
"Tozasertib (VX-680, MK-0457)",A549|024h|00100nM,A549,24.0,100.0,True,True,102,plate10|plate33,plate3_F7|plate4_F1,rep1|rep2,39,63,8564,True,2,39,63,plate10,plate4_F1,plate33,plate3_F7,True,16,16,measured_valid,eliminating,eliminate_a,result_valid,False,1
"Tozasertib (VX-680, MK-0457)",A549|024h|01000nM,A549,24.0,1000.0,True,True,167,plate33|plate9,plate3_F1|plate3_G7,rep1|rep2,65,102,8686,True,2,65,102,plate9,plate3_G7,plate33,plate3_F1,True,16,16,measured_valid,undetected,undetected,result_valid,False,1
"Tozasertib (VX-680, MK-0457)",A549|024h|10000nM,A549,24.0,10000.0,True,True,159,plate34|plate9,plate3_G1|plate4_F7,rep1|rep2,68,91,7414,True,2,68,91,plate9,plate3_G1,plate34,plate4_F7,True,16,16,measured_valid,undetected,undetected,result_valid,False,1
"Tozasertib (VX-680, MK-0457)",K562|024h|00010nM,K562,24.0,10.0,True,True,225,plate2|plate26,plate4_F1|plate4_F7,rep1|rep2,137,88,11078,True,2,137,88,plate2,plate4_F7,plate26,plate4_F1,True,16,16,measured_valid,undetected,undetected,result_valid,False,1
"Tozasertib (VX-680, MK-0457)",K562|024h|00100nM,K562,24.0,100.0,True,True,158,plate2|plate25,plate3_F7|plate4_F1,rep1|rep2,95,63,10232,True,2,95,63,plate2,plate4_F1,plate25,plate3_F7,True,16,16,measured_valid,eliminating,eliminate_a,result_valid,False,1
"Tozasertib (VX-680, MK-0457)",K562|024h|01000nM,K562,24.0,1000.0,True,True,131,plate1|plate25,plate3_F1|plate3_F7,rep1|rep2,75,56,9884,True,2,75,56,plate1,plate3_F7,plate25,plate3_F1,True,16,16,measured_valid,eliminating,eliminate_a,result_valid,False,1
"Tozasertib (VX-680, MK-0457)",K562|024h|10000nM,K562,24.0,10000.0,True,True,140,plate1|plate26,plate3_F1|plate4_F7,rep1|rep2,84,56,8441,True,2,84,56,plate1,plate3_F1,plate26,plate4_F7,True,16,16,measured_valid,eliminating,eliminate_a,result_valid,False,1
"Tozasertib (VX-680, MK-0457)",MCF7|024h|00010nM,MCF7,24.0,10.0,True,True,480,plate18|plate42,plate4_F1|plate4_F7,rep1|rep2,253,227,22013,True,2,253,227,plate18,plate4_F7,plate42,plate4_F1,True,16,16,measured_valid,eliminating,eliminate_a,result_valid,False,1
"Tozasertib (VX-680, MK-0457)",MCF7|024h|00100nM,MCF7,24.0,100.0,True,True,290,plate18|plate41,plate3_F7|plate4_F1,rep1|rep2,178,112,19868,True,2,178,112,plate18,plate4_F1,plate41,plate3_F7,True,16,16,measured_valid,eliminating,eliminate_a,result_valid,False,1
"Tozasertib (VX-680, MK-0457)",MCF7|024h|01000nM,MCF7,24.0,1000.0,True,True,341,plate17|plate41,plate3_F1|plate3_F7,rep1|rep2,163,178,22621,True,2,163,178,plate17,plate3_F7,plate41,plate3_F1,True,16,16,measured_valid,eliminating,eliminate_a,result_valid,False,1
"Tozasertib (VX-680, MK-0457)",MCF7|024h|10000nM,MCF7,24.0,10000.0,True,True,420,plate17|plate42,plate3_F1|plate4_F7,rep1|rep2,219,201,21922,True,2,219,201,plate17,plate3_F1,plate42,plate4_F7,True,16,16,measured_valid,eliminating,eliminate_a,result_valid,False,1
Trichostatin A (TSA),A549|024h|00010nM,A549,24.0,10.0,True,True,271,plate16|plate40,plate10_E1|plate10_E7,rep1|rep2,103,168,11616,True,2,103,168,plate16,plate10_E7,plate40,plate10_E1,True,16,16,measured_valid,undetected,undetected,result_valid,False,1
Trichostatin A (TSA),A549|024h|00100nM,A549,24.0,100.0,True,True,227,plate16|plate39,plate10_E1|plate9_E7,rep1|rep2,88,139,10434,True,2,88,139,plate16,plate10_E1,plate39,plate9_E7,True,16,16,measured_valid,undetected,undetected,result_valid,False,1
Trichostatin A (TSA),A549|024h|01000nM,A549,24.0,1000.0,True,True,215,plate15|plate39,plate9_E1|plate9_E7,rep1|rep2,87,128,9830,True,2,87,128,plate15,plate9_E7,plate39,plate9_E1,True,16,16,measured_valid,ambiguous,ambiguous,result_valid,False,1
Trichostatin A (TSA),A549|024h|10000nM,A549,24.0,10000.0,True,True,170,plate15|plate40,plate10_E7|plate9_E1,rep1|rep2,63,107,9263,True,2,63,107,plate15,plate9_E1,plate40,plate10_E7,True,16,16,measured_valid,eliminating,eliminate_b,result_valid,False,1
Trichostatin A (TSA),K562|024h|00010nM,K562,24.0,10.0,True,True,247,plate32|plate8,plate10_E1|plate10_E7,rep1|rep2,134,113,10989,True,2,134,113,plate8,plate10_E7,plate32,plate10_E1,True,16,16,measured_valid,undetected,undetected,result_valid,False,1
Trichostatin A (TSA),K562|024h|00100nM,K562,24.0,100.0,True,True,243,plate31|plate8,plate10_E1|plate9_E7,rep1|rep2,125,118,10801,True,2,125,118,plate8,plate10_E1,plate31,plate9_E7,True,16,16,measured_valid,undetected,undetected,result_valid,False,1
Trichostatin A (TSA),K562|024h|01000nM,K562,24.0,1000.0,True,True,203,plate31|plate7,plate9_E1|plate9_E7,rep1|rep2,105,98,10759,True,2,105,98,plate7,plate9_E7,plate31,plate9_E1,True,16,16,measured_valid,eliminating,eliminate_b,result_valid,False,1
Trichostatin A (TSA),K562|024h|10000nM,K562,24.0,10000.0,True,True,96,plate32|plate7,plate10_E7|plate9_E1,rep1|rep2,44,52,8971,True,2,44,52,plate7,plate9_E1,plate32,plate10_E7,True,16,16,measured_valid,eliminating,eliminate_b,result_valid,False,1
Trichostatin A (TSA),MCF7|024h|00010nM,MCF7,24.0,10.0,True,True,471,plate24|plate48,plate10_E1|plate10_E7,rep1|rep2,171,300,22475,True,2,171,300,plate24,plate10_E7,plate48,plate10_E1,True,16,16,measured_valid,undetected,undetected,result_valid,False,1
Trichostatin A (TSA),MCF7|024h|00100nM,MCF7,24.0,100.0,True,True,555,plate24|plate47,plate10_E1|plate9_E7,rep1|rep2,239,316,23948,True,2,239,316,plate24,plate10_E1,plate47,plate9_E7,True,16,16,measured_valid,ambiguous,ambiguous,result_valid,False,1
Trichostatin A (TSA),MCF7|024h|01000nM,MCF7,24.0,1000.0,True,True,408,plate23|plate47,plate9_E1|plate9_E7,rep1|rep2,193,215,19841,True,2,193,215,plate23,plate9_E7,plate47,plate9_E1,True,16,16,measured_valid,eliminating,eliminate_b,result_valid,False,1
Trichostatin A (TSA),MCF7|024h|10000nM,MCF7,24.0,10000.0,True,True,415,plate23|plate48,plate10_E7|plate9_E1,rep1|rep2,162,253,16814,True,2,162,253,plate23,plate9_E1,plate48,plate10_E7,True,16,16,measured_valid,eliminating,eliminate_b,result_valid,False,1
Tubastatin A HCl,A549|024h|00010nM,A549,24.0,10.0,True,True,262,plate12|plate36,plate6_E2|plate6_E8,rep1|rep2,101,161,11338,True,2,101,161,plate12,plate6_E8,plate36,plate6_E2,True,16,16,measured_valid,undetected,undetected,result_valid,False,1
Tubastatin A HCl,A549|024h|00100nM,A549,24.0,100.0,True,True,269,plate12|plate35,plate5_E8|plate6_E2,rep1|rep2,117,152,11179,True,2,117,152,plate12,plate6_E2,plate35,plate5_E8,True,16,16,measured_valid,undetected,undetected,result_valid,False,1
Tubastatin A HCl,A549|024h|01000nM,A549,24.0,1000.0,True,True,244,plate11|plate35,plate5_E2|plate5_E8,rep1|rep2,96,148,10404,True,2,96,148,plate11,plate5_E8,plate35,plate5_E2,True,16,16,measured_valid,undetected,undetected,result_valid,False,1
Tubastatin A HCl,A549|024h|10000nM,A549,24.0,10000.0,True,True,268,plate11|plate36,plate5_E2|plate6_E8,rep1|rep2,101,167,9895,True,2,101,167,plate11,plate5_E2,plate36,plate6_E8,True,16,16,measured_valid,ambiguous,ambiguous,result_valid,False,1
Tubastatin A HCl,K562|024h|00010nM,K562,24.0,10.0,True,True,256,plate28|plate4,plate6_E2|plate6_E8,rep1|rep2,123,133,11863,True,2,123,133,plate4,plate6_E8,plate28,plate6_E2,True,16,16,measured_valid,undetected,undetected,result_valid,False,1
Tubastatin A HCl,K562|024h|00100nM,K562,24.0,100.0,True,True,205,plate27|plate4,plate5_E8|plate6_E2,rep1|rep2,96,109,10898,True,2,96,109,plate4,plate6_E2,plate27,plate5_E8,True,16,16,measured_valid,undetected,undetected,result_valid,False,1
Tubastatin A HCl,K562|024h|01000nM,K562,24.0,1000.0,True,True,246,plate27|plate3,plate5_E2|plate5_E8,rep1|rep2,122,124,10473,True,2,122,124,plate3,plate5_E8,plate27,plate5_E2,True,16,16,measured_valid,undetected,undetected,result_valid,False,1
Tubastatin A HCl,K562|024h|10000nM,K562,24.0,10000.0,True,True,235,plate28|plate3,plate5_E2|plate6_E8,rep1|rep2,131,104,8992,True,2,131,104,plate3,plate5_E2,plate28,plate6_E8,True,16,16,measured_valid,ambiguous,ambiguous,result_valid,False,1
Tubastatin A HCl,MCF7|024h|00010nM,MCF7,24.0,10.0,True,True,616,plate20|plate44,plate6_E2|plate6_E8,rep1|rep2,252,364,26856,True,2,252,364,plate20,plate6_E8,plate44,plate6_E2,True,16,16,measured_valid,undetected,undetected,result_valid,False,1
Tubastatin A HCl,MCF7|024h|00100nM,MCF7,24.0,100.0,True,True,569,plate20|plate43,plate5_E8|plate6_E2,rep1|rep2,273,296,24746,True,2,273,296,plate20,plate6_E2,plate43,plate5_E8,True,16,16,measured_valid,undetected,undetected,result_valid,False,1
Tubastatin A HCl,MCF7|024h|01000nM,MCF7,24.0,1000.0,True,True,514,plate19|plate43,plate5_E2|plate5_E8,rep1|rep2,214,300,22654,True,2,214,300,plate19,plate5_E8,plate43,plate5_E2,True,16,16,measured_valid,undetected,undetected,result_valid,False,1
Tubastatin A HCl,MCF7|024h|10000nM,MCF7,24.0,10000.0,True,True,541,plate19|plate44,plate5_E2|plate6_E8,rep1|rep2,203,338,20487,True,2,203,338,plate19,plate5_E2,plate44,plate6_E8,True,16,16,measured_valid,eliminating,eliminate_b,result_valid,False,1
Tucidinostat (Chidamide),A549|024h|00010nM,A549,24.0,10.0,True,True,210,plate10|plate34,plate4_F11|plate4_F5,rep1|rep2,64,146,9045,True,2,64,146,plate10,plate4_F11,plate34,plate4_F5,True,16,16,measured_valid,undetected,undetected,result_valid,False,1
Tucidinostat (Chidamide),A549|024h|00100nM,A549,24.0,100.0,True,True,130,plate10|plate33,plate3_F11|plate4_F5,rep1|rep2,45,85,8564,True,2,45,85,plate10,plate4_F5,plate33,plate3_F11,True,16,16,measured_valid,undetected,undetected,result_valid,False,1
Tucidinostat (Chidamide),A549|024h|01000nM,A549,24.0,1000.0,True,True,221,plate33|plate9,plate3_F5|plate3_G11,rep1|rep2,69,152,8686,True,2,69,152,plate9,plate3_G11,plate33,plate3_F5,True,16,16,measured_valid,undetected,undetected,result_valid,False,1
Tucidinostat (Chidamide),A549|024h|10000nM,A549,24.0,10000.0,True,True,194,plate34|plate9,plate3_G5|plate4_F11,rep1|rep2,39,155,7414,True,2,39,155,plate9,plate3_G5,plate34,plate4_F11,True,16,16,measured_valid,undetected,undetected,result_valid,False,1
Tucidinostat (Chidamide),K562|024h|00010nM,K562,24.0,10.0,True,True,243,plate2|plate26,plate4_F11|plate4_F5,rep1|rep2,132,111,11078,True,2,132,111,plate2,plate4_F11,plate26,plate4_F5,True,16,16,measured_valid,eliminating,eliminate_b,result_valid,False,1
Tucidinostat (Chidamide),K562|024h|00100nM,K562,24.0,100.0,True,True,205,plate2|plate25,plate3_F11|plate4_F5,rep1|rep2,124,81,10232,True,2,124,81,plate2,plate4_F5,plate25,plate3_F11,True,16,16,measured_valid,eliminating,eliminate_b,result_valid,False,1
Tucidinostat (Chidamide),K562|024h|01000nM,K562,24.0,1000.0,True,True,207,plate1|plate25,plate3_F11|plate3_F5,rep1|rep2,102,105,9884,True,2,102,105,plate1,plate3_F11,plate25,plate3_F5,True,16,16,measured_valid,eliminating,eliminate_b,result_valid,False,1
Tucidinostat (Chidamide),K562|024h|10000nM,K562,24.0,10000.0,True,True,139,plate1|plate26,plate3_F5|plate4_F11,rep1|rep2,75,64,8441,True,2,75,64,plate1,plate3_F5,plate26,plate4_F11,True,16,16,measured_valid,eliminating,eliminate_b,result_valid,False,1
Tucidinostat (Chidamide),MCF7|024h|00010nM,MCF7,24.0,10.0,True,True,493,plate18|plate42,plate4_F11|plate4_F5,rep1|rep2,229,264,22013,True,2,229,264,plate18,plate4_F11,plate42,plate4_F5,True,16,16,measured_valid,undetected,undetected,result_valid,False,1
Tucidinostat (Chidamide),MCF7|024h|00100nM,MCF7,24.0,100.0,True,True,326,plate18|plate41,plate3_F11|plate4_F5,rep1|rep2,199,127,19868,True,2,199,127,plate18,plate4_F5,plate41,plate3_F11,True,16,16,measured_valid,undetected,undetected,result_valid,False,1
Tucidinostat (Chidamide),MCF7|024h|01000nM,MCF7,24.0,1000.0,True,True,353,plate17|plate41,plate3_F11|plate3_F5,rep1|rep2,148,205,22621,True,2,148,205,plate17,plate3_F11,plate41,plate3_F5,True,16,16,measured_valid,eliminating,eliminate_b,result_valid,False,1
Tucidinostat (Chidamide),MCF7|024h|10000nM,MCF7,24.0,10000.0,True,True,436,plate17|plate42,plate3_F5|plate4_F11,rep1|rep2,252,184,21922,True,2,252,184,plate17,plate3_F5,plate42,plate4_F11,True,16,16,measured_valid,eliminating,eliminate_b,result_valid,False,1
UNC0631,A549|024h|00010nM,A549,24.0,10.0,True,True,242,plate12|plate36,plate6_H12|plate6_H6,rep1|rep2,86,156,11338,True,2,86,156,plate12,plate6_H12,plate36,plate6_H6,True,16,16,measured_valid,undetected,undetected,result_valid,False,1
UNC0631,A549|024h|00100nM,A549,24.0,100.0,True,True,248,plate12|plate35,plate5_H12|plate6_H6,rep1|rep2,109,139,11179,True,2,109,139,plate12,plate6_H6,plate35,plate5_H12,True,16,16,measured_valid,undetected,undetected,result_valid,False,1
UNC0631,A549|024h|01000nM,A549,24.0,1000.0,True,True,238,plate11|plate35,plate5_H12|plate5_H6,rep1|rep2,110,128,10404,True,2,110,128,plate11,plate5_H12,plate35,plate5_H6,True,16,16,measured_valid,undetected,undetected,result_valid,False,1
UNC0631,A549|024h|10000nM,A549,24.0,10000.0,True,True,236,plate11|plate36,plate5_H6|plate6_H12,rep1|rep2,104,132,9895,True,2,104,132,plate11,plate5_H6,plate36,plate6_H12,True,16,16,measured_valid,ambiguous,ambiguous,result_valid,False,1
UNC0631,K562|024h|00010nM,K562,24.0,10.0,True,True,279,plate28|plate4,plate6_H12|plate6_H6,rep1|rep2,148,131,11863,True,2,148,131,plate4,plate6_H12,plate28,plate6_H6,True,16,16,measured_valid,undetected,undetected,result_valid,False,1
UNC0631,K562|024h|00100nM,K562,24.0,100.0,True,True,240,plate27|plate4,plate5_H12|plate6_H6,rep1|rep2,147,93,10898,True,2,147,93,plate4,plate6_H6,plate27,plate5_H12,True,16,16,measured_valid,undetected,undetected,result_valid,False,1
UNC0631,K562|024h|01000nM,K562,24.0,1000.0,True,True,221,plate27|plate3,plate5_H12|plate5_H6,rep1|rep2,108,113,10473,True,2,108,113,plate3,plate5_H12,plate27,plate5_H6,True,16,16,measured_valid,undetected,undetected,result_valid,False,1
UNC0631,K562|024h|10000nM,K562,24.0,10000.0,True,True,243,plate28|plate3,plate5_H6|plate6_H12,rep1|rep2,136,107,8992,True,2,136,107,plate3,plate5_H6,plate28,plate6_H12,True,16,16,measured_valid,undetected,undetected,result_valid,False,1
UNC0631,MCF7|024h|00010nM,MCF7,24.0,10.0,True,True,629,plate20|plate44,plate6_H12|plate6_H6,rep1|rep2,260,369,26856,True,2,260,369,plate20,plate6_H12,plate44,plate6_H6,True,16,16,measured_valid,undetected,undetected,result_valid,False,1
UNC0631,MCF7|024h|00100nM,MCF7,24.0,100.0,True,True,457,plate20|plate43,plate5_H12|plate6_H6,rep1|rep2,253,204,24746,True,2,253,204,plate20,plate6_H6,plate43,plate5_H12,True,16,16,measured_valid,undetected,undetected,result_valid,False,1
UNC0631,MCF7|024h|01000nM,MCF7,24.0,1000.0,True,True,501,plate19|plate43,plate5_H12|plate5_H6,rep1|rep2,180,321,22654,True,2,180,321,plate19,plate5_H12,plate43,plate5_H6,True,16,16,measured_valid,eliminating,eliminate_b,result_valid,False,1
UNC0631,MCF7|024h|10000nM,MCF7,24.0,10000.0,True,True,541,plate19|plate44,plate5_H6|plate6_H12,rep1|rep2,230,311,20487,True,2,230,311,plate19,plate5_H6,plate44,plate6_H12,True,16,16,measured_valid,ambiguous,ambiguous,result_valid,False,1
UNC1999,A549|024h|00010nM,A549,24.0,10.0,True,True,212,plate10|plate34,plate4_C10|plate4_C4,rep1|rep2,73,139,9045,True,2,73,139,plate10,plate4_C10,plate34,plate4_C4,True,16,16,measured_valid,undetected,undetected,result_valid,False,1
UNC1999,A549|024h|00100nM,A549,24.0,100.0,True,True,173,plate10|plate33,plate3_C10|plate4_C4,rep1|rep2,38,135,8564,True,2,38,135,plate10,plate4_C4,plate33,plate3_C10,True,16,16,measured_valid,undetected,undetected,result_valid,False,1
UNC1999,A549|024h|01000nM,A549,24.0,1000.0,True,True,229,plate33|plate9,plate3_C10|plate3_C4,rep1|rep2,86,143,8686,True,2,86,143,plate9,plate3_C10,plate33,plate3_C4,True,16,16,measured_valid,undetected,undetected,result_valid,False,1
UNC1999,A549|024h|10000nM,A549,24.0,10000.0,True,True,194,plate34|plate9,plate3_C4|plate4_C10,rep1|rep2,51,143,7414,True,2,51,143,plate9,plate3_C4,plate34,plate4_C10,True,16,16,measured_valid,ambiguous,ambiguous,result_valid,False,1
UNC1999,K562|024h|00010nM,K562,24.0,10.0,True,True,256,plate2|plate26,plate4_C10|plate4_C4,rep1|rep2,143,113,11078,True,2,143,113,plate2,plate4_C10,plate26,plate4_C4,True,16,16,measured_valid,undetected,undetected,result_valid,False,1
UNC1999,K562|024h|00100nM,K562,24.0,100.0,True,True,237,plate2|plate25,plate3_C10|plate4_C4,rep1|rep2,130,107,10232,True,2,130,107,plate2,plate4_C4,plate25,plate3_C10,True,16,16,measured_valid,undetected,undetected,result_valid,False,1
UNC1999,K562|024h|01000nM,K562,24.0,1000.0,True,True,224,plate1|plate25,plate3_C10|plate3_C4,rep1|rep2,118,106,9884,True,2,118,106,plate1,plate3_C10,plate25,plate3_C4,True,16,16,measured_valid,undetected,undetected,result_valid,False,1
UNC1999,K562|024h|10000nM,K562,24.0,10000.0,True,True,221,plate1|plate26,plate3_C4|plate4_C10,rep1|rep2,122,99,8441,True,2,122,99,plate1,plate3_C4,plate26,plate4_C10,True,16,16,measured_valid,ambiguous,ambiguous,result_valid,False,1
UNC1999,MCF7|024h|00010nM,MCF7,24.0,10.0,True,True,527,plate18|plate42,plate4_C10|plate4_C4,rep1|rep2,259,268,22013,True,2,259,268,plate18,plate4_C10,plate42,plate4_C4,True,16,16,measured_valid,undetected,undetected,result_valid,False,1
UNC1999,MCF7|024h|00100nM,MCF7,24.0,100.0,True,True,473,plate18|plate41,plate3_C10|plate4_C4,rep1|rep2,222,251,19868,True,2,222,251,plate18,plate4_C4,plate41,plate3_C10,True,16,16,measured_valid,undetected,undetected,result_valid,False,1
UNC1999,MCF7|024h|01000nM,MCF7,24.0,1000.0,True,True,630,plate17|plate41,plate3_C10|plate3_C4,rep1|rep2,285,345,22621,True,2,285,345,plate17,plate3_C10,plate41,plate3_C4,True,16,16,measured_valid,ambiguous,ambiguous,result_valid,False,1
UNC1999,MCF7|024h|10000nM,MCF7,24.0,10000.0,True,True,538,plate17|plate42,plate3_C4|plate4_C10,rep1|rep2,250,288,21922,True,2,250,288,plate17,plate3_C4,plate42,plate4_C10,True,16,16,measured_valid,ambiguous,ambiguous,result_valid,False,1
Valproic acid sodium salt (Sodium valproate),A549|024h|00010nM,A549,24.0,10.0,True,True,255,plate16|plate40,plate10_B1|plate10_B7,rep1|rep2,113,142,11616,True,2,113,142,plate16,plate10_B7,plate40,plate10_B1,True,16,16,measured_valid,undetected,undetected,result_valid,False,1
Valproic acid sodium salt (Sodium valproate),A549|024h|00100nM,A549,24.0,100.0,True,True,221,plate16|plate39,plate10_B1|plate9_B7,rep1|rep2,123,98,10434,True,2,123,98,plate16,plate10_B1,plate39,plate9_B7,True,16,16,measured_valid,undetected,undetected,result_valid,False,1
Valproic acid sodium salt (Sodium valproate),A549|024h|01000nM,A549,24.0,1000.0,True,True,247,plate15|plate39,plate9_B1|plate9_B7,rep1|rep2,129,118,9830,True,2,129,118,plate15,plate9_B7,plate39,plate9_B1,True,16,16,measured_valid,ambiguous,ambiguous,result_valid,False,1
Valproic acid sodium salt (Sodium valproate),A549|024h|10000nM,A549,24.0,10000.0,True,True,286,plate15|plate40,plate10_B7|plate9_B1,rep1|rep2,136,150,9263,True,2,136,150,plate15,plate9_B1,plate40,plate10_B7,True,16,16,measured_valid,undetected,undetected,result_valid,False,1
Valproic acid sodium salt (Sodium valproate),K562|024h|00010nM,K562,24.0,10.0,True,True,251,plate32|plate8,plate10_B1|plate10_B7,rep1|rep2,141,110,10989,True,2,141,110,plate8,plate10_B7,plate32,plate10_B1,True,16,16,measured_valid,undetected,undetected,result_valid,False,1
Valproic acid sodium salt (Sodium valproate),K562|024h|00100nM,K562,24.0,100.0,True,True,224,plate31|plate8,plate10_B1|plate9_B7,rep1|rep2,121,103,10801,True,2,121,103,plate8,plate10_B1,plate31,plate9_B7,True,16,16,measured_valid,undetected,undetected,result_valid,False,1
Valproic acid sodium salt (Sodium valproate),K562|024h|01000nM,K562,24.0,1000.0,True,True,255,plate31|plate7,plate9_B1|plate9_B7,rep1|rep2,138,117,10759,True,2,138,117,plate7,plate9_B7,plate31,plate9_B1,True,16,16,measured_valid,undetected,undetected,result_valid,False,1
Valproic acid sodium salt (Sodium valproate),K562|024h|10000nM,K562,24.0,10000.0,True,True,280,plate32|plate7,plate10_B7|plate9_B1,rep1|rep2,163,117,8971,True,2,163,117,plate7,plate9_B1,plate32,plate10_B7,True,16,16,measured_valid,undetected,undetected,result_valid,False,1
Valproic acid sodium salt (Sodium valproate),MCF7|024h|00010nM,MCF7,24.0,10.0,True,True,519,plate24|plate48,plate10_B1|plate10_B7,rep1|rep2,187,332,22475,True,2,187,332,plate24,plate10_B7,plate48,plate10_B1,True,16,16,measured_valid,undetected,undetected,result_valid,False,1
Valproic acid sodium salt (Sodium valproate),MCF7|024h|00100nM,MCF7,24.0,100.0,True,True,584,plate24|plate47,plate10_B1|plate9_B7,rep1|rep2,244,340,23948,True,2,244,340,plate24,plate10_B1,plate47,plate9_B7,True,16,16,measured_valid,undetected,undetected,result_valid,False,1
Valproic acid sodium salt (Sodium valproate),MCF7|024h|01000nM,MCF7,24.0,1000.0,True,True,446,plate23|plate47,plate9_B1|plate9_B7,rep1|rep2,124,322,19841,True,2,124,322,plate23,plate9_B7,plate47,plate9_B1,True,16,16,measured_valid,undetected,undetected,result_valid,False,1
Valproic acid sodium salt (Sodium valproate),MCF7|024h|10000nM,MCF7,24.0,10000.0,True,True,435,plate23|plate48,plate10_B7|plate9_B1,rep1|rep2,99,336,16814,True,2,99,336,plate23,plate9_B1,plate48,plate10_B7,True,16,16,measured_valid,undetected,undetected,result_valid,False,1
Vandetanib (ZD6474),A549|024h|00010nM,A549,24.0,10.0,True,True,254,plate16|plate40,plate10_G1|plate10_G7,rep1|rep2,100,154,11616,True,2,100,154,plate16,plate10_G7,plate40,plate10_G1,True,16,16,measured_valid,undetected,undetected,result_valid,False,1
Vandetanib (ZD6474),A549|024h|00100nM,A549,24.0,100.0,True,True,230,plate16|plate39,plate10_G1|plate9_G7,rep1|rep2,91,139,10434,True,2,91,139,plate16,plate10_G1,plate39,plate9_G7,True,16,16,measured_valid,undetected,undetected,result_valid,False,1
Vandetanib (ZD6474),A549|024h|01000nM,A549,24.0,1000.0,True,True,250,plate15|plate39,plate9_G1|plate9_G7,rep1|rep2,135,115,9830,True,2,135,115,plate15,plate9_G7,plate39,plate9_G1,True,16,16,measured_valid,undetected,undetected,result_valid,False,1
Vandetanib (ZD6474),A549|024h|10000nM,A549,24.0,10000.0,True,True,188,plate15|plate40,plate10_G7|plate9_G1,rep1|rep2,99,89,9263,True,2,99,89,plate15,plate9_G1,plate40,plate10_G7,True,16,16,measured_valid,undetected,undetected,result_valid,False,1
Vandetanib (ZD6474),K562|024h|00010nM,K562,24.0,10.0,True,True,225,plate32|plate8,plate10_G1|plate10_G7,rep1|rep2,127,98,10989,True,2,127,98,plate8,plate10_G7,plate32,plate10_G1,True,16,16,measured_valid,undetected,undetected,result_valid,False,1
Vandetanib (ZD6474),K562|024h|00100nM,K562,24.0,100.0,True,True,248,plate31|plate8,plate10_G1|plate9_G7,rep1|rep2,124,124,10801,True,2,124,124,plate8,plate10_G1,plate31,plate9_G7,True,16,16,measured_valid,undetected,undetected,result_valid,False,1
Vandetanib (ZD6474),K562|024h|01000nM,K562,24.0,1000.0,True,True,239,plate31|plate7,plate9_G1|plate9_G7,rep1|rep2,123,116,10759,True,2,123,116,plate7,plate9_G7,plate31,plate9_G1,True,16,16,measured_valid,eliminating,eliminate_b,result_valid,False,1
Vandetanib (ZD6474),K562|024h|10000nM,K562,24.0,10000.0,True,True,110,plate32|plate7,plate10_G7|plate9_G1,rep1|rep2,65,45,8971,True,2,65,45,plate7,plate9_G1,plate32,plate10_G7,True,16,16,measured_valid,eliminating,eliminate_b,result_valid,False,1
Vandetanib (ZD6474),MCF7|024h|00010nM,MCF7,24.0,10.0,True,True,479,plate24|plate48,plate10_G1|plate10_G7,rep1|rep2,237,242,22475,True,2,237,242,plate24,plate10_G7,plate48,plate10_G1,True,16,16,measured_valid,undetected,undetected,result_valid,False,1
Vandetanib (ZD6474),MCF7|024h|00100nM,MCF7,24.0,100.0,True,True,533,plate24|plate47,plate10_G1|plate9_G7,rep1|rep2,233,300,23948,True,2,233,300,plate24,plate10_G1,plate47,plate9_G7,True,16,16,measured_valid,ambiguous,ambiguous,result_valid,False,1
Vandetanib (ZD6474),MCF7|024h|01000nM,MCF7,24.0,1000.0,True,True,452,plate23|plate47,plate9_G1|plate9_G7,rep1|rep2,173,279,19841,True,2,173,279,plate23,plate9_G7,plate47,plate9_G1,True,16,16,measured_valid,ambiguous,ambiguous,result_valid,False,1
Vandetanib (ZD6474),MCF7|024h|10000nM,MCF7,24.0,10000.0,True,True,261,plate23|plate48,plate10_G7|plate9_G1,rep1|rep2,80,181,16814,True,2,80,181,plate23,plate9_G1,plate48,plate10_G7,True,16,16,measured_valid,ambiguous,ambiguous,result_valid,False,1
Veliparib (ABT-888),A549|024h|00010nM,A549,24.0,10.0,True,True,230,plate14|plate38,plate8_G1|plate8_G7,rep1|rep2,131,99,10740,True,2,131,99,plate14,plate8_G7,plate38,plate8_G1,True,16,16,measured_valid,undetected,undetected,result_valid,False,1
Veliparib (ABT-888),A549|024h|00100nM,A549,24.0,100.0,True,True,230,plate14|plate37,plate7_G7|plate8_G1,rep1|rep2,93,137,10668,True,2,93,137,plate14,plate8_G1,plate37,plate7_G7,True,16,16,measured_valid,undetected,undetected,result_valid,False,1
Veliparib (ABT-888),A549|024h|01000nM,A549,24.0,1000.0,True,True,232,plate13|plate37,plate7_G1|plate7_G7,rep1|rep2,105,127,10047,True,2,105,127,plate13,plate7_G7,plate37,plate7_G1,True,16,16,measured_valid,undetected,undetected,result_valid,False,1
Veliparib (ABT-888),A549|024h|10000nM,A549,24.0,10000.0,True,True,247,plate13|plate38,plate7_G1|plate8_G7,rep1|rep2,112,135,9275,True,2,112,135,plate13,plate7_G1,plate38,plate8_G7,True,16,16,measured_valid,undetected,undetected,result_valid,False,1
Veliparib (ABT-888),K562|024h|00010nM,K562,24.0,10.0,True,True,281,plate30|plate6,plate8_G1|plate8_G7,rep1|rep2,151,130,12122,True,2,151,130,plate6,plate8_G7,plate30,plate8_G1,True,16,16,measured_valid,undetected,undetected,result_valid,False,1
Veliparib (ABT-888),K562|024h|00100nM,K562,24.0,100.0,True,True,257,plate29|plate6,plate7_G7|plate8_G1,rep1|rep2,144,113,11851,True,2,144,113,plate6,plate8_G1,plate29,plate7_G7,True,16,16,measured_valid,undetected,undetected,result_valid,False,1
Veliparib (ABT-888),K562|024h|01000nM,K562,24.0,1000.0,True,True,253,plate29|plate5,plate7_G1|plate7_G7,rep1|rep2,145,108,11697,True,2,145,108,plate5,plate7_G7,plate29,plate7_G1,True,16,16,measured_valid,undetected,undetected,result_valid,False,1
Veliparib (ABT-888),K562|024h|10000nM,K562,24.0,10000.0,True,True,284,plate30|plate5,plate7_G1|plate8_G7,rep1|rep2,151,133,10666,True,2,151,133,plate5,plate7_G1,plate30,plate8_G7,True,16,16,measured_valid,undetected,undetected,result_valid,False,1
Veliparib (ABT-888),MCF7|024h|00010nM,MCF7,24.0,10.0,True,True,392,plate22|plate46,plate8_G1|plate8_G7,rep1|rep2,191,201,20196,True,2,191,201,plate22,plate8_G7,plate46,plate8_G1,True,16,16,measured_valid,undetected,undetected,result_valid,False,1
Veliparib (ABT-888),MCF7|024h|00100nM,MCF7,24.0,100.0,True,True,445,plate22|plate45,plate7_G7|plate8_G1,rep1|rep2,219,226,18858,True,2,219,226,plate22,plate8_G1,plate45,plate7_G7,True,16,16,measured_valid,undetected,undetected,result_valid,False,1
Veliparib (ABT-888),MCF7|024h|01000nM,MCF7,24.0,1000.0,True,True,359,plate21|plate45,plate7_G1|plate7_G7,rep1|rep2,162,197,16112,True,2,162,197,plate21,plate7_G7,plate45,plate7_G1,True,16,16,measured_valid,undetected,undetected,result_valid,False,1
Veliparib (ABT-888),MCF7|024h|10000nM,MCF7,24.0,10000.0,True,True,324,plate21|plate46,plate7_G1|plate8_G7,rep1|rep2,42,282,17665,True,2,42,282,plate21,plate7_G1,plate46,plate8_G7,True,16,16,measured_valid,undetected,undetected,result_valid,False,1
WHI-P154,A549|024h|00010nM,A549,24.0,10.0,True,True,261,plate12|plate36,plate6_G10|plate6_G4,rep1|rep2,108,153,11338,True,2,108,153,plate12,plate6_G10,plate36,plate6_G4,True,16,16,measured_valid,undetected,undetected,result_valid,False,1
WHI-P154,A549|024h|00100nM,A549,24.0,100.0,True,True,277,plate12|plate35,plate5_G10|plate6_G4,rep1|rep2,111,166,11179,True,2,111,166,plate12,plate6_G4,plate35,plate5_G10,True,16,16,measured_valid,undetected,undetected,result_valid,False,1
WHI-P154,A549|024h|01000nM,A549,24.0,1000.0,True,True,267,plate11|plate35,plate5_G10|plate5_G4,rep1|rep2,110,157,10404,True,2,110,157,plate11,plate5_G10,plate35,plate5_G4,True,16,16,measured_valid,undetected,undetected,result_valid,False,1
WHI-P154,A549|024h|10000nM,A549,24.0,10000.0,True,True,233,plate11|plate36,plate5_G4|plate6_G10,rep1|rep2,104,129,9895,True,2,104,129,plate11,plate5_G4,plate36,plate6_G10,True,16,16,measured_valid,ambiguous,ambiguous,result_valid,False,1
WHI-P154,K562|024h|00010nM,K562,24.0,10.0,True,True,250,plate28|plate4,plate6_G10|plate6_G4,rep1|rep2,129,121,11863,True,2,129,121,plate4,plate6_G10,plate28,plate6_G4,True,16,16,measured_valid,undetected,undetected,result_valid,False,1
WHI-P154,K562|024h|00100nM,K562,24.0,100.0,True,True,277,plate27|plate4,plate5_G10|plate6_G4,rep1|rep2,136,141,10898,True,2,136,141,plate4,plate6_G4,plate27,plate5_G10,True,16,16,measured_valid,undetected,undetected,result_valid,False,1
WHI-P154,K562|024h|01000nM,K562,24.0,1000.0,True,True,267,plate27|plate3,plate5_G10|plate5_G4,rep1|rep2,131,136,10473,True,2,131,136,plate3,plate5_G10,plate27,plate5_G4,True,16,16,measured_valid,undetected,undetected,result_valid,False,1
WHI-P154,K562|024h|10000nM,K562,24.0,10000.0,True,True,206,plate28|plate3,plate5_G4|plate6_G10,rep1|rep2,118,88,8992,True,2,118,88,plate3,plate5_G4,plate28,plate6_G10,True,16,16,measured_valid,ambiguous,ambiguous,result_valid,False,1
WHI-P154,MCF7|024h|00010nM,MCF7,24.0,10.0,True,True,561,plate20|plate44,plate6_G10|plate6_G4,rep1|rep2,259,302,26856,True,2,259,302,plate20,plate6_G10,plate44,plate6_G4,True,16,16,measured_valid,undetected,undetected,result_valid,False,1
WHI-P154,MCF7|024h|00100nM,MCF7,24.0,100.0,True,True,535,plate20|plate43,plate5_G10|plate6_G4,rep1|rep2,272,263,24746,True,2,272,263,plate20,plate6_G4,plate43,plate5_G10,True,16,16,measured_valid,undetected,undetected,result_valid,False,1
WHI-P154,MCF7|024h|01000nM,MCF7,24.0,1000.0,True,True,517,plate19|plate43,plate5_G10|plate5_G4,rep1|rep2,184,333,22654,True,2,184,333,plate19,plate5_G10,plate43,plate5_G4,True,16,16,measured_valid,undetected,undetected,result_valid,False,1
WHI-P154,MCF7|024h|10000nM,MCF7,24.0,10000.0,True,True,500,plate19|plate44,plate5_G4|plate6_G10,rep1|rep2,185,315,20487,True,2,185,315,plate19,plate5_G4,plate44,plate6_G10,True,16,16,measured_valid,eliminating,eliminate_b,result_valid,False,1
WP1066,A549|024h|00010nM,A549,24.0,10.0,True,True,264,plate12|plate36,plate6_A10|plate6_A4,rep1|rep2,109,155,11338,True,2,109,155,plate12,plate6_A10,plate36,plate6_A4,True,16,16,measured_valid,undetected,undetected,result_valid,False,1
WP1066,A549|024h|00100nM,A549,24.0,100.0,True,True,287,plate12|plate35,plate5_A10|plate6_A4,rep1|rep2,124,163,11179,True,2,124,163,plate12,plate6_A4,plate35,plate5_A10,True,16,16,measured_valid,undetected,undetected,result_valid,False,1
WP1066,A549|024h|01000nM,A549,24.0,1000.0,True,True,251,plate11|plate35,plate5_A10|plate5_A4,rep1|rep2,136,115,10404,True,2,136,115,plate11,plate5_A10,plate35,plate5_A4,True,16,16,measured_valid,undetected,undetected,result_valid,False,1
WP1066,A549|024h|10000nM,A549,24.0,10000.0,True,True,254,plate11|plate36,plate5_A4|plate6_A10,rep1|rep2,132,122,9895,True,2,132,122,plate11,plate5_A4,plate36,plate6_A10,True,16,16,measured_valid,undetected,undetected,result_valid,False,1
WP1066,K562|024h|00010nM,K562,24.0,10.0,True,True,246,plate28|plate4,plate6_A10|plate6_A4,rep1|rep2,115,131,11863,True,2,115,131,plate4,plate6_A10,plate28,plate6_A4,True,16,16,measured_valid,undetected,undetected,result_valid,False,1
WP1066,K562|024h|00100nM,K562,24.0,100.0,True,True,237,plate27|plate4,plate5_A10|plate6_A4,rep1|rep2,128,109,10898,True,2,128,109,plate4,plate6_A4,plate27,plate5_A10,True,16,16,measured_valid,undetected,undetected,result_valid,False,1
WP1066,K562|024h|01000nM,K562,24.0,1000.0,True,True,237,plate27|plate3,plate5_A10|plate5_A4,rep1|rep2,128,109,10473,True,2,128,109,plate3,plate5_A10,plate27,plate5_A4,True,16,16,measured_valid,undetected,undetected,result_valid,False,1
WP1066,K562|024h|10000nM,K562,24.0,10000.0,True,True,235,plate28|plate3,plate5_A4|plate6_A10,rep1|rep2,125,110,8992,True,2,125,110,plate3,plate5_A4,plate28,plate6_A10,True,16,16,measured_valid,undetected,undetected,result_valid,False,1
WP1066,MCF7|024h|00010nM,MCF7,24.0,10.0,True,True,634,plate20|plate44,plate6_A10|plate6_A4,rep1|rep2,249,385,26856,True,2,249,385,plate20,plate6_A10,plate44,plate6_A4,True,16,16,measured_valid,undetected,undetected,result_valid,False,1
WP1066,MCF7|024h|00100nM,MCF7,24.0,100.0,True,True,548,plate20|plate43,plate5_A10|plate6_A4,rep1|rep2,256,292,24746,True,2,256,292,plate20,plate6_A4,plate43,plate5_A10,True,16,16,measured_valid,undetected,undetected,result_valid,False,1
WP1066,MCF7|024h|01000nM,MCF7,24.0,1000.0,True,True,515,plate19|plate43,plate5_A10|plate5_A4,rep1|rep2,182,333,22654,True,2,182,333,plate19,plate5_A10,plate43,plate5_A4,True,16,16,measured_valid,undetected,undetected,result_valid,False,1
WP1066,MCF7|024h|10000nM,MCF7,24.0,10000.0,True,True,555,plate19|plate44,plate5_A4|plate6_A10,rep1|rep2,219,336,20487,True,2,219,336,plate19,plate5_A4,plate44,plate6_A10,True,16,16,measured_valid,undetected,undetected,result_valid,False,1
ZM 447439,A549|024h|00010nM,A549,24.0,10.0,True,True,203,plate10|plate34,plate4_H2|plate4_H8,rep1|rep2,69,134,9045,True,2,69,134,plate10,plate4_H8,plate34,plate4_H2,True,16,16,measured_valid,undetected,undetected,result_valid,False,1
ZM 447439,A549|024h|00100nM,A549,24.0,100.0,True,True,236,plate10|plate33,plate3_H8|plate4_H2,rep1|rep2,83,153,8564,True,2,83,153,plate10,plate4_H2,plate33,plate3_H8,True,16,16,measured_valid,undetected,undetected,result_valid,False,1
ZM 447439,A549|024h|01000nM,A549,24.0,1000.0,True,True,160,plate33|plate9,plate3_H2|plate3_H8,rep1|rep2,55,105,8686,True,2,55,105,plate9,plate3_H8,plate33,plate3_H2,True,16,16,measured_valid,eliminating,eliminate_b,result_valid,False,1
ZM 447439,A549|024h|10000nM,A549,24.0,10000.0,True,True,135,plate34|plate9,plate3_H2|plate4_H8,rep1|rep2,37,98,7414,True,2,37,98,plate9,plate3_H2,plate34,plate4_H8,True,16,16,measured_valid,eliminating,eliminate_b,result_valid,False,1
ZM 447439,K562|024h|00010nM,K562,24.0,10.0,True,True,255,plate2|plate26,plate4_H2|plate4_H8,rep1|rep2,157,98,11078,True,2,157,98,plate2,plate4_H8,plate26,plate4_H2,True,16,16,measured_valid,undetected,undetected,result_valid,False,1
ZM 447439,K562|024h|00100nM,K562,24.0,100.0,True,True,239,plate2|plate25,plate3_H8|plate4_H2,rep1|rep2,133,106,10232,True,2,133,106,plate2,plate4_H2,plate25,plate3_H8,True,16,16,measured_valid,undetected,undetected,result_valid,False,1
ZM 447439,K562|024h|01000nM,K562,24.0,1000.0,True,True,221,plate1|plate25,plate3_H2|plate3_H8,rep1|rep2,110,111,9884,True,2,110,111,plate1,plate3_H8,plate25,plate3_H2,True,16,16,measured_valid,eliminating,eliminate_b,result_valid,False,1
ZM 447439,K562|024h|10000nM,K562,24.0,10000.0,True,True,220,plate1|plate26,plate3_H2|plate4_H8,rep1|rep2,119,101,8441,True,2,119,101,plate1,plate3_H2,plate26,plate4_H8,True,16,16,measured_valid,eliminating,eliminate_b,result_valid,False,1
ZM 447439,MCF7|024h|00010nM,MCF7,24.0,10.0,True,True,436,plate18|plate42,plate4_H2|plate4_H8,rep1|rep2,205,231,22013,True,2,205,231,plate18,plate4_H8,plate42,plate4_H2,True,16,16,measured_valid,undetected,undetected,result_valid,False,1
ZM 447439,MCF7|024h|00100nM,MCF7,24.0,100.0,True,True,463,plate18|plate41,plate3_H8|plate4_H2,rep1|rep2,235,228,19868,True,2,235,228,plate18,plate4_H2,plate41,plate3_H8,True,16,16,measured_valid,undetected,undetected,result_valid,False,1
ZM 447439,MCF7|024h|01000nM,MCF7,24.0,1000.0,True,True,339,plate17|plate41,plate3_H2|plate3_H8,rep1|rep2,204,135,22621,True,2,204,135,plate17,plate3_H8,plate41,plate3_H2,True,16,16,measured_valid,eliminating,eliminate_b,result_valid,False,1
ZM 447439,MCF7|024h|10000nM,MCF7,24.0,10000.0,True,True,350,plate17|plate42,plate3_H2|plate4_H8,rep1|rep2,175,175,21922,True,2,175,175,plate17,plate3_H2,plate42,plate4_H8,True,16,16,measured_valid,eliminating,eliminate_b,result_valid,False,1
