source_row,BARCODE,DRUGSET_ID,DRUG_ID,CONC,POSITION,TAG,ASSAY,DURATION,MASTER_CELL_ID,CELL_ID,SCAN_ID,action,drug_name
105,3230,159.0,1032.0,2.0,124,L22-D1-S,Glo,4.0,198.0,4712.0,2945.0,gdsc:1032:2uM,Afatinib
577,3236,159.0,1032.0,2.0,124,L22-D1-S,Glo,4.0,369.0,2878.0,2947.0,gdsc:1032:2uM,Afatinib
1049,3242,159.0,1032.0,2.0,124,L22-D1-S,Glo,4.0,953.0,4740.0,2948.0,gdsc:1032:2uM,Afatinib
1521,3266,159.0,1032.0,2.0,124,L22-D1-S,Glo,4.0,793.0,2354.0,2956.0,gdsc:1032:2uM,Afatinib
2472,3278,159.0,1032.0,2.0,124,L22-D1-S,Glo,4.0,324.0,2377.0,2964.0,gdsc:1032:2uM,Afatinib
3423,3339,159.0,1032.0,2.0,124,L22-D1-S,Glo,4.0,555.0,2575.0,3068.0,gdsc:1032:2uM,Afatinib
4853,3348,159.0,1032.0,2.0,124,L22-D1-S,Glo,4.0,2242.0,4711.0,3072.0,gdsc:1032:2uM,Afatinib
5804,3351,159.0,1032.0,2.0,124,L22-D1-S,Glo,4.0,1145.0,2231.0,3074.0,gdsc:1032:2uM,Afatinib
6755,3357,159.0,1032.0,2.0,124,L22-D1-S,Glo,4.0,2194.0,2199.0,3078.0,gdsc:1032:2uM,Afatinib
7227,3360,159.0,1032.0,2.0,124,L22-D1-S,Glo,4.0,1625.0,3832.0,3080.0,gdsc:1032:2uM,Afatinib
8178,3366,159.0,1032.0,2.0,124,L22-D1-S,Glo,4.0,607.0,2514.0,3084.0,gdsc:1032:2uM,Afatinib
9608,3384,159.0,1032.0,2.0,124,L22-D1-S,Glo,4.0,1153.0,2572.0,3096.0,gdsc:1032:2uM,Afatinib
11038,3481,159.0,1032.0,2.0,124,L22-D1-S,Glo,4.0,198.0,4712.0,3188.0,gdsc:1032:2uM,Afatinib
11989,3484,159.0,1032.0,2.0,124,L22-D1-S,Glo,4.0,369.0,2878.0,3190.0,gdsc:1032:2uM,Afatinib
12940,3487,159.0,1032.0,2.0,124,L22-D1-S,Glo,4.0,953.0,4740.0,3192.0,gdsc:1032:2uM,Afatinib
13891,3490,159.0,1032.0,2.0,124,L22-D1-S,Glo,4.0,3.0,2181.0,3194.0,gdsc:1032:2uM,Afatinib
14842,3493,159.0,1032.0,2.0,124,L22-D1-S,Glo,4.0,1212.0,4576.0,3196.0,gdsc:1032:2uM,Afatinib
15793,3496,159.0,1032.0,2.0,124,L22-D1-S,Glo,4.0,1553.0,2791.0,3198.0,gdsc:1032:2uM,Afatinib
16744,3499,159.0,1032.0,2.0,124,L22-D1-S,Glo,4.0,37.0,2536.0,3200.0,gdsc:1032:2uM,Afatinib
17695,3502,159.0,1032.0,2.0,124,L22-D1-S,Glo,4.0,339.0,3192.0,3202.0,gdsc:1032:2uM,Afatinib
18646,3505,159.0,1032.0,2.0,124,L22-D1-S,Glo,4.0,921.0,3180.0,3204.0,gdsc:1032:2uM,Afatinib
19597,3508,159.0,1032.0,2.0,124,L22-D1-S,Glo,4.0,2242.0,4711.0,3206.0,gdsc:1032:2uM,Afatinib
20548,3511,159.0,1032.0,2.0,124,L22-D1-S,Glo,4.0,1145.0,2231.0,3208.0,gdsc:1032:2uM,Afatinib
21499,3535,159.0,1032.0,2.0,124,L22-D1-S,Glo,4.0,794.0,2141.0,3218.0,gdsc:1032:2uM,Afatinib
21971,3538,159.0,1032.0,2.0,124,L22-D1-S,Glo,4.0,304.0,2100.0,3220.0,gdsc:1032:2uM,Afatinib
22922,3550,159.0,1032.0,2.0,124,L22-D1-S,Glo,4.0,2128.0,2328.0,3226.0,gdsc:1032:2uM,Afatinib
23873,3553,159.0,1032.0,2.0,124,L22-D1-S,Glo,4.0,1625.0,3832.0,3228.0,gdsc:1032:2uM,Afatinib
24824,3556,159.0,1032.0,2.0,124,L22-D1-S,Glo,4.0,1915.0,5509.0,3230.0,gdsc:1032:2uM,Afatinib
25296,3562,159.0,1032.0,2.0,124,L22-D1-S,Glo,4.0,1687.0,2582.0,3234.0,gdsc:1032:2uM,Afatinib
26247,3565,159.0,1032.0,2.0,124,L22-D1-S,Glo,4.0,17.0,2587.0,3236.0,gdsc:1032:2uM,Afatinib
27198,3568,159.0,1032.0,2.0,124,L22-D1-S,Glo,4.0,607.0,2514.0,3238.0,gdsc:1032:2uM,Afatinib
28149,3571,159.0,1032.0,2.0,124,L22-D1-S,Glo,4.0,40.0,4072.0,3240.0,gdsc:1032:2uM,Afatinib
29100,3689,159.0,1032.0,2.0,124,L22-D1-S,Glo,4.0,724.0,2449.0,3391.0,gdsc:1032:2uM,Afatinib
30051,3692,159.0,1032.0,2.0,124,L22-D1-S,Glo,4.0,2266.0,3113.0,3393.0,gdsc:1032:2uM,Afatinib
31002,3695,159.0,1032.0,2.0,124,L22-D1-S,Glo,4.0,1756.0,2448.0,3395.0,gdsc:1032:2uM,Afatinib
31953,3704,159.0,1032.0,2.0,124,L22-D1-S,Glo,4.0,43.0,2396.0,3401.0,gdsc:1032:2uM,Afatinib
32904,3714,159.0,1032.0,2.0,124,L22-D1-S,Glo,4.0,1230.0,3414.0,3407.0,gdsc:1032:2uM,Afatinib
33855,3735,159.0,1032.0,2.0,124,L22-D1-S,Glo,4.0,1845.0,2333.0,3413.0,gdsc:1032:2uM,Afatinib
34806,3738,159.0,1032.0,2.0,124,L22-D1-S,Glo,4.0,598.0,3069.0,3415.0,gdsc:1032:2uM,Afatinib
36236,3945,159.0,1032.0,2.0,124,L22-D1-S,Glo,4.0,69.0,2512.0,3527.0,gdsc:1032:2uM,Afatinib
37187,3954,159.0,1032.0,2.0,124,L22-D1-S,Glo,4.0,1185.0,2639.0,3531.0,gdsc:1032:2uM,Afatinib
38138,3960,159.0,1032.0,2.0,124,L22-D1-S,Glo,4.0,794.0,2141.0,3535.0,gdsc:1032:2uM,Afatinib
38610,3966,159.0,1032.0,2.0,124,L22-D1-S,Glo,4.0,2066.0,2452.0,3538.0,gdsc:1032:2uM,Afatinib
39561,3969,159.0,1032.0,2.0,124,L22-D1-S,Glo,4.0,928.0,5513.0,3540.0,gdsc:1032:2uM,Afatinib
40033,3972,159.0,1032.0,2.0,124,L22-D1-S,Glo,4.0,1688.0,5572.0,3542.0,gdsc:1032:2uM,Afatinib
40984,3975,159.0,1032.0,2.0,124,L22-D1-S,Glo,4.0,338.0,5569.0,3544.0,gdsc:1032:2uM,Afatinib
41456,3978,159.0,1032.0,2.0,124,L22-D1-S,Glo,4.0,699.0,2102.0,3545.0,gdsc:1032:2uM,Afatinib
42407,3981,159.0,1032.0,2.0,124,L22-D1-S,Glo,4.0,162.0,2657.0,3547.0,gdsc:1032:2uM,Afatinib
43358,3987,159.0,1032.0,2.0,124,L22-D1-S,Glo,4.0,1563.0,2358.0,3550.0,gdsc:1032:2uM,Afatinib
44309,3993,159.0,1032.0,2.0,124,L22-D1-S,Glo,4.0,2099.0,2930.0,3552.0,gdsc:1032:2uM,Afatinib
45260,3996,159.0,1032.0,2.0,124,L22-D1-S,Glo,4.0,741.0,2716.0,3554.0,gdsc:1032:2uM,Afatinib
45732,3999,159.0,1032.0,2.0,124,L22-D1-S,Glo,4.0,3.0,2181.0,3555.0,gdsc:1032:2uM,Afatinib
46204,4002,159.0,1032.0,2.0,124,L22-D1-S,Glo,4.0,1833.0,4392.0,3556.0,gdsc:1032:2uM,Afatinib
46676,4005,159.0,1032.0,2.0,124,L22-D1-S,Glo,4.0,305.0,4577.0,3558.0,gdsc:1032:2uM,Afatinib
47148,4008,159.0,1032.0,2.0,124,L22-D1-S,Glo,4.0,1920.0,2790.0,3559.0,gdsc:1032:2uM,Afatinib
50973,4094,159.0,1032.0,2.0,124,L22-D1-S,Glo,4.0,198.0,4712.0,3669.0,gdsc:1032:2uM,Afatinib
51445,4095,159.0,1032.0,2.0,124,L22-D1-S,Glo,4.0,198.0,4712.0,3670.0,gdsc:1032:2uM,Afatinib
51917,4096,159.0,1032.0,2.0,124,L22-D1-S,Glo,4.0,198.0,4712.0,3671.0,gdsc:1032:2uM,Afatinib
53826,4115,159.0,1032.0,2.0,124,L22-D1-S,Glo,4.0,953.0,4740.0,3690.0,gdsc:1032:2uM,Afatinib
54298,4116,159.0,1032.0,2.0,124,L22-D1-S,Glo,4.0,953.0,4740.0,3691.0,gdsc:1032:2uM,Afatinib
54770,4117,159.0,1032.0,2.0,124,L22-D1-S,Glo,4.0,953.0,4740.0,3692.0,gdsc:1032:2uM,Afatinib
56679,4122,159.0,1032.0,2.0,124,L22-D1-S,Glo,4.0,3.0,2181.0,3697.0,gdsc:1032:2uM,Afatinib
57151,4123,159.0,1032.0,2.0,124,L22-D1-S,Glo,4.0,3.0,2181.0,3698.0,gdsc:1032:2uM,Afatinib
57623,4124,159.0,1032.0,2.0,124,L22-D1-S,Glo,4.0,3.0,2181.0,3700.0,gdsc:1032:2uM,Afatinib
59532,4129,159.0,1032.0,2.0,124,L22-D1-S,Glo,4.0,1212.0,4576.0,3705.0,gdsc:1032:2uM,Afatinib
60004,4130,159.0,1032.0,2.0,124,L22-D1-S,Glo,4.0,1212.0,4576.0,3706.0,gdsc:1032:2uM,Afatinib
60476,4131,159.0,1032.0,2.0,124,L22-D1-S,Glo,4.0,1212.0,4576.0,3707.0,gdsc:1032:2uM,Afatinib
60948,4143,159.0,1032.0,2.0,124,L22-D1-S,Glo,4.0,37.0,2536.0,3712.0,gdsc:1032:2uM,Afatinib
61420,4144,159.0,1032.0,2.0,124,L22-D1-S,Glo,4.0,37.0,2536.0,3713.0,gdsc:1032:2uM,Afatinib
61892,4145,159.0,1032.0,2.0,124,L22-D1-S,Glo,4.0,37.0,2536.0,3714.0,gdsc:1032:2uM,Afatinib
63801,4150,159.0,1032.0,2.0,124,L22-D1-S,Glo,4.0,339.0,3192.0,3719.0,gdsc:1032:2uM,Afatinib
64273,4151,159.0,1032.0,2.0,124,L22-D1-S,Glo,4.0,339.0,3192.0,3720.0,gdsc:1032:2uM,Afatinib
64745,4152,159.0,1032.0,2.0,124,L22-D1-S,Glo,4.0,339.0,3192.0,3721.0,gdsc:1032:2uM,Afatinib
65217,4157,159.0,1032.0,2.0,124,L22-D1-S,Glo,4.0,921.0,3180.0,3725.0,gdsc:1032:2uM,Afatinib
65689,4158,159.0,1032.0,2.0,124,L22-D1-S,Glo,4.0,921.0,3180.0,3726.0,gdsc:1032:2uM,Afatinib
66161,4159,159.0,1032.0,2.0,124,L22-D1-S,Glo,4.0,921.0,3180.0,3727.0,gdsc:1032:2uM,Afatinib
68070,4164,159.0,1032.0,2.0,124,L22-D1-S,Glo,4.0,2242.0,4711.0,3732.0,gdsc:1032:2uM,Afatinib
68542,4165,159.0,1032.0,2.0,124,L22-D1-S,Glo,4.0,2242.0,4711.0,3733.0,gdsc:1032:2uM,Afatinib
69014,4166,159.0,1032.0,2.0,124,L22-D1-S,Glo,4.0,2242.0,4711.0,3734.0,gdsc:1032:2uM,Afatinib
70923,4171,159.0,1032.0,2.0,124,L22-D1-S,Glo,4.0,1145.0,2231.0,3739.0,gdsc:1032:2uM,Afatinib
71395,4172,159.0,1032.0,2.0,124,L22-D1-S,Glo,4.0,1145.0,2231.0,3740.0,gdsc:1032:2uM,Afatinib
72346,4219,159.0,1032.0,2.0,124,L22-D1-S,Glo,4.0,152.0,4305.0,3747.0,gdsc:1032:2uM,Afatinib
72818,4228,159.0,1032.0,2.0,124,L22-D1-S,Glo,4.0,1.0,2174.0,3751.0,gdsc:1032:2uM,Afatinib
73290,4231,159.0,1032.0,2.0,124,L22-D1-S,Glo,4.0,573.0,2493.0,3753.0,gdsc:1032:2uM,Afatinib
73762,4177,159.0,1032.0,2.0,124,L22-D1-S,Glo,4.0,2104.0,5532.0,3767.0,gdsc:1032:2uM,Afatinib
74713,4180,159.0,1032.0,2.0,124,L22-D1-S,Glo,4.0,1687.0,2582.0,3769.0,gdsc:1032:2uM,Afatinib
75185,4186,159.0,1032.0,2.0,124,L22-D1-S,Glo,4.0,901.0,2364.0,3773.0,gdsc:1032:2uM,Afatinib
76136,4192,159.0,1032.0,2.0,124,L22-D1-S,Glo,4.0,1513.0,3031.0,3777.0,gdsc:1032:2uM,Afatinib
77087,4201,159.0,1032.0,2.0,124,L22-D1-S,Glo,4.0,1006.0,2627.0,3781.0,gdsc:1032:2uM,Afatinib
78038,4204,159.0,1032.0,2.0,124,L22-D1-S,Glo,4.0,791.0,2116.0,3783.0,gdsc:1032:2uM,Afatinib
78989,4207,159.0,1032.0,2.0,124,L22-D1-S,Glo,4.0,177.0,3758.0,3785.0,gdsc:1032:2uM,Afatinib
79940,4213,159.0,1032.0,2.0,124,L22-D1-S,Glo,4.0,1611.0,2549.0,3787.0,gdsc:1032:2uM,Afatinib
81849,4602,159.0,1032.0,2.0,124,L22-D1-S,Glo,4.0,1833.0,4392.0,3930.0,gdsc:1032:2uM,Afatinib
82321,4608,159.0,1032.0,2.0,124,L22-D1-S,Glo,4.0,1794.0,3112.0,3934.0,gdsc:1032:2uM,Afatinib
83272,4623,159.0,1032.0,2.0,124,L22-D1-S,Glo,4.0,304.0,2100.0,3938.0,gdsc:1032:2uM,Afatinib
84223,4629,159.0,1032.0,2.0,124,L22-D1-S,Glo,4.0,648.0,2920.0,3942.0,gdsc:1032:2uM,Afatinib
84695,4632,159.0,1032.0,2.0,124,L22-D1-S,Glo,4.0,699.0,2102.0,3944.0,gdsc:1032:2uM,Afatinib
85646,4635,159.0,1032.0,2.0,124,L22-D1-S,Glo,4.0,1068.0,3502.0,3946.0,gdsc:1032:2uM,Afatinib
86118,4638,159.0,1032.0,2.0,124,L22-D1-S,Glo,4.0,1625.0,3832.0,3948.0,gdsc:1032:2uM,Afatinib
87069,4641,159.0,1032.0,2.0,124,L22-D1-S,Glo,4.0,569.0,4582.0,3951.0,gdsc:1032:2uM,Afatinib
88499,4726,159.0,1032.0,2.0,124,L22-D1-S,Glo,4.0,966.0,3792.0,4123.0,gdsc:1032:2uM,Afatinib
88971,4711,159.0,1032.0,2.0,124,L22-D1-S,Glo,4.0,2164.0,3795.0,4125.0,gdsc:1032:2uM,Afatinib
89443,4714,159.0,1032.0,2.0,124,L22-D1-S,Glo,4.0,1372.0,3408.0,4129.0,gdsc:1032:2uM,Afatinib
89915,4742,159.0,1032.0,2.0,124,L22-D1-S,Glo,4.0,154.0,4313.0,4130.0,gdsc:1032:2uM,Afatinib
90387,4739,159.0,1032.0,2.0,124,L22-D1-S,Glo,4.0,2148.0,2596.0,4131.0,gdsc:1032:2uM,Afatinib
90859,4769,159.0,1032.0,2.0,124,L22-D1-S,Glo,4.0,2191.0,4312.0,4138.0,gdsc:1032:2uM,Afatinib
91331,4772,159.0,1032.0,2.0,124,L22-D1-S,Glo,4.0,1907.0,4302.0,4140.0,gdsc:1032:2uM,Afatinib
91803,4781,159.0,1032.0,2.0,124,L22-D1-S,Glo,4.0,997.0,5571.0,4141.0,gdsc:1032:2uM,Afatinib
92275,4696,159.0,1032.0,2.0,124,L22-D1-S,Glo,4.0,106.0,3346.0,4143.0,gdsc:1032:2uM,Afatinib
92747,4708,159.0,1032.0,2.0,124,L22-D1-S,Glo,4.0,1557.0,2911.0,4144.0,gdsc:1032:2uM,Afatinib
93219,4717,159.0,1032.0,2.0,124,L22-D1-S,Glo,4.0,1491.0,2528.0,4145.0,gdsc:1032:2uM,Afatinib
93691,4720,159.0,1032.0,2.0,124,L22-D1-S,Glo,4.0,1005.0,2574.0,4146.0,gdsc:1032:2uM,Afatinib
100390,4801,159.0,1032.0,2.0,124,L22-D1-S,Glo,4.0,1372.0,3408.0,4286.0,gdsc:1032:2uM,Afatinib
100862,4810,159.0,1032.0,2.0,124,L22-D1-S,Glo,4.0,91.0,3315.0,4287.0,gdsc:1032:2uM,Afatinib
104208,4816,159.0,1032.0,2.0,124,L22-D1-S,Glo,4.0,200.0,3757.0,4303.0,gdsc:1032:2uM,Afatinib
104680,4804,159.0,1032.0,2.0,124,L22-D1-S,Glo,4.0,1839.0,2856.0,4304.0,gdsc:1032:2uM,Afatinib
105152,4798,159.0,1032.0,2.0,124,L22-D1-S,Glo,4.0,1794.0,3112.0,4305.0,gdsc:1032:2uM,Afatinib
105624,4822,159.0,1032.0,2.0,124,L22-D1-S,Glo,4.0,901.0,2364.0,4306.0,gdsc:1032:2uM,Afatinib
106096,4825,159.0,1032.0,2.0,124,L22-D1-S,Glo,4.0,2066.0,2452.0,4307.0,gdsc:1032:2uM,Afatinib
107047,4864,159.0,1032.0,2.0,124,L22-D1-S,Glo,4.0,385.0,3230.0,4357.0,gdsc:1032:2uM,Afatinib
107998,4867,159.0,1032.0,2.0,124,L22-D1-S,Glo,4.0,688.0,3871.0,4359.0,gdsc:1032:2uM,Afatinib
108949,4890,159.0,1032.0,2.0,124,L22-D1-S,Glo,4.0,1471.0,2038.0,4361.0,gdsc:1032:2uM,Afatinib
109421,4899,159.0,1032.0,2.0,124,L22-D1-S,Glo,4.0,974.0,2167.0,4363.0,gdsc:1032:2uM,Afatinib
110372,4902,159.0,1032.0,2.0,124,L22-D1-S,Glo,4.0,575.0,2550.0,4365.0,gdsc:1032:2uM,Afatinib
110844,5155,159.0,1032.0,2.0,124,L22-D1-S,Glo,4.0,1157.0,2001.0,4571.0,gdsc:1032:2uM,Afatinib
111316,5164,159.0,1032.0,2.0,124,L22-D1-S,Glo,4.0,63.0,2300.0,4576.0,gdsc:1032:2uM,Afatinib
111788,5116,159.0,1032.0,2.0,124,L22-D1-S,Glo,4.0,1254.0,3456.0,4581.0,gdsc:1032:2uM,Afatinib
112260,5101,159.0,1032.0,2.0,124,L22-D1-S,Glo,4.0,1036.0,2784.0,4583.0,gdsc:1032:2uM,Afatinib
112732,5095,159.0,1032.0,2.0,124,L22-D1-S,Glo,4.0,1563.0,2358.0,4585.0,gdsc:1032:2uM,Afatinib
115120,5291,159.0,1032.0,2.0,124,L22-D1-S,Glo,4.0,868.0,2678.0,4667.0,gdsc:1032:2uM,Afatinib
115592,5285,159.0,1032.0,2.0,124,L22-D1-S,Glo,4.0,301.0,2656.0,4669.0,gdsc:1032:2uM,Afatinib
116064,5288,159.0,1032.0,2.0,124,L22-D1-S,Glo,4.0,2061.0,2623.0,4670.0,gdsc:1032:2uM,Afatinib
116536,5306,159.0,1032.0,2.0,124,L22-D1-S,Glo,4.0,1465.0,2446.0,4671.0,gdsc:1032:2uM,Afatinib
117008,5327,159.0,1032.0,2.0,124,L22-D1-S,Glo,4.0,1141.0,2183.0,4672.0,gdsc:1032:2uM,Afatinib
117480,5297,159.0,1032.0,2.0,124,L22-D1-S,Glo,4.0,1806.0,2303.0,4673.0,gdsc:1032:2uM,Afatinib
117952,5312,159.0,1032.0,2.0,124,L22-D1-S,Glo,4.0,738.0,2260.0,4674.0,gdsc:1032:2uM,Afatinib
118424,5303,159.0,1032.0,2.0,124,L22-D1-S,Glo,4.0,1483.0,2611.0,4675.0,gdsc:1032:2uM,Afatinib
118896,5279,159.0,1032.0,2.0,124,L22-D1-S,Glo,4.0,346.0,3166.0,4676.0,gdsc:1032:2uM,Afatinib
119368,5294,159.0,1032.0,2.0,124,L22-D1-S,Glo,4.0,1777.0,2722.0,4677.0,gdsc:1032:2uM,Afatinib
119840,5300,159.0,1032.0,2.0,124,L22-D1-S,Glo,4.0,1207.0,2301.0,4679.0,gdsc:1032:2uM,Afatinib
120312,5282,159.0,1032.0,2.0,124,L22-D1-S,Glo,4.0,672.0,3266.0,4680.0,gdsc:1032:2uM,Afatinib
121263,5330,159.0,1032.0,2.0,124,L22-D1-S,Glo,4.0,1921.0,2809.0,4683.0,gdsc:1032:2uM,Afatinib
123172,5321,159.0,1032.0,2.0,124,L22-D1-S,Glo,4.0,480.0,2164.0,4690.0,gdsc:1032:2uM,Afatinib
123644,5318,159.0,1032.0,2.0,124,L22-D1-S,Glo,4.0,2081.0,3115.0,4691.0,gdsc:1032:2uM,Afatinib
124116,5270,159.0,1032.0,2.0,124,L22-D1-S,Glo,4.0,652.0,2756.0,4692.0,gdsc:1032:2uM,Afatinib
127462,5433,159.0,1032.0,2.0,124,L22-D1-S,Glo,4.0,1223.0,3377.0,4852.0,gdsc:1032:2uM,Afatinib
127934,5427,159.0,1032.0,2.0,124,L22-D1-S,Glo,4.0,1941.0,2997.0,4856.0,gdsc:1032:2uM,Afatinib
128406,5424,159.0,1032.0,2.0,124,L22-D1-S,Glo,4.0,63.0,2300.0,4858.0,gdsc:1032:2uM,Afatinib
129357,5550,159.0,1032.0,2.0,124,L22-D1-S,Glo,4.0,1749.0,2155.0,4933.0,gdsc:1032:2uM,Afatinib
129829,5562,159.0,1032.0,2.0,124,L22-D1-S,Glo,4.0,2104.0,5532.0,4934.0,gdsc:1032:2uM,Afatinib
130301,5544,159.0,1032.0,2.0,124,L22-D1-S,Glo,4.0,14.0,2564.0,4936.0,gdsc:1032:2uM,Afatinib
130773,5565,159.0,1032.0,2.0,124,L22-D1-S,Glo,4.0,306.0,3110.0,4938.0,gdsc:1032:2uM,Afatinib
131245,5520,159.0,1032.0,2.0,124,L22-D1-S,Glo,4.0,558.0,2002.0,4939.0,gdsc:1032:2uM,Afatinib
131717,5547,159.0,1032.0,2.0,124,L22-D1-S,Glo,4.0,114.0,2279.0,4940.0,gdsc:1032:2uM,Afatinib
132189,5517,159.0,1032.0,2.0,124,L22-D1-S,Glo,4.0,2061.0,2623.0,4943.0,gdsc:1032:2uM,Afatinib
132661,5526,159.0,1032.0,2.0,124,L22-D1-S,Glo,4.0,1806.0,2303.0,4944.0,gdsc:1032:2uM,Afatinib
133133,5529,159.0,1032.0,2.0,124,L22-D1-S,Glo,4.0,1777.0,2722.0,4945.0,gdsc:1032:2uM,Afatinib
133605,5541,159.0,1032.0,2.0,124,L22-D1-S,Glo,4.0,1284.0,3255.0,4946.0,gdsc:1032:2uM,Afatinib
134077,5523,159.0,1032.0,2.0,124,L22-D1-S,Glo,4.0,1207.0,2301.0,4949.0,gdsc:1032:2uM,Afatinib
134549,5571,159.0,1032.0,2.0,124,L22-D1-S,Glo,4.0,1689.0,2184.0,4950.0,gdsc:1032:2uM,Afatinib
142206,5741,159.0,1032.0,2.0,124,L22-D1-S,Glo,4.0,1615.0,3372.0,5205.0,gdsc:1032:2uM,Afatinib
142678,5732,159.0,1032.0,2.0,124,L22-D1-S,Glo,4.0,960.0,2029.0,5206.0,gdsc:1032:2uM,Afatinib
143150,5747,159.0,1032.0,2.0,124,L22-D1-S,Glo,4.0,1562.0,2327.0,5211.0,gdsc:1032:2uM,Afatinib
143622,5753,159.0,1032.0,2.0,124,L22-D1-S,Glo,4.0,305.0,4577.0,5213.0,gdsc:1032:2uM,Afatinib
146968,5744,159.0,1032.0,2.0,124,L22-D1-S,Glo,4.0,561.0,2036.0,5235.0,gdsc:1032:2uM,Afatinib
147440,5750,159.0,1032.0,2.0,124,L22-D1-S,Glo,4.0,268.0,2146.0,5236.0,gdsc:1032:2uM,Afatinib
147912,5738,159.0,1032.0,2.0,124,L22-D1-S,Glo,4.0,412.0,3411.0,5237.0,gdsc:1032:2uM,Afatinib
149821,6011,159.0,1032.0,2.0,124,L22-D1-S,Glo,4.0,612.0,2379.0,5416.0,gdsc:1032:2uM,Afatinib
150293,5996,159.0,1032.0,2.0,124,L22-D1-S,Glo,4.0,1320.0,3200.0,5417.0,gdsc:1032:2uM,Afatinib
150765,5972,159.0,1032.0,2.0,124,L22-D1-S,Glo,4.0,1511.0,2811.0,5418.0,gdsc:1032:2uM,Afatinib
151237,6023,159.0,1032.0,2.0,124,L22-D1-S,Glo,4.0,1317.0,2770.0,5419.0,gdsc:1032:2uM,Afatinib
151709,6008,159.0,1032.0,2.0,124,L22-D1-S,Glo,4.0,1748.0,2147.0,5420.0,gdsc:1032:2uM,Afatinib
152181,6020,159.0,1032.0,2.0,124,L22-D1-S,Glo,4.0,1009.0,2713.0,5422.0,gdsc:1032:2uM,Afatinib
152653,6017,159.0,1032.0,2.0,124,L22-D1-S,Glo,4.0,1089.0,2702.0,5424.0,gdsc:1032:2uM,Afatinib
153125,6002,159.0,1032.0,2.0,124,L22-D1-S,Glo,4.0,1161.0,2025.0,5425.0,gdsc:1032:2uM,Afatinib
153597,5999,159.0,1032.0,2.0,124,L22-D1-S,Glo,4.0,412.0,3411.0,5426.0,gdsc:1032:2uM,Afatinib
154069,5975,159.0,1032.0,2.0,124,L22-D1-S,Glo,4.0,1749.0,2155.0,5428.0,gdsc:1032:2uM,Afatinib
154541,6005,159.0,1032.0,2.0,124,L22-D1-S,Glo,4.0,1523.0,2322.0,5429.0,gdsc:1032:2uM,Afatinib
155013,5981,159.0,1032.0,2.0,124,L22-D1-S,Glo,4.0,1838.0,3479.0,5430.0,gdsc:1032:2uM,Afatinib
155485,5993,159.0,1032.0,2.0,124,L22-D1-S,Glo,4.0,346.0,3166.0,5432.0,gdsc:1032:2uM,Afatinib
155957,6014,159.0,1032.0,2.0,124,L22-D1-S,Glo,4.0,1170.0,2688.0,5433.0,gdsc:1032:2uM,Afatinib
161219,6262,159.0,1032.0,2.0,124,L22-D1-S,Glo,4.0,1523.0,2322.0,5773.0,gdsc:1032:2uM,Afatinib
162170,6289,159.0,1032.0,2.0,124,L22-D1-S,Glo,4.0,1354.0,2088.0,5811.0,gdsc:1032:2uM,Afatinib
163121,6256,159.0,1032.0,2.0,124,L22-D1-S,Glo,4.0,1161.0,2025.0,5815.0,gdsc:1032:2uM,Afatinib
164072,6298,159.0,1032.0,2.0,124,L22-D1-S,Glo,4.0,697.0,4304.0,5817.0,gdsc:1032:2uM,Afatinib
165023,6250,159.0,1032.0,2.0,124,L22-D1-S,Glo,4.0,412.0,3411.0,5820.0,gdsc:1032:2uM,Afatinib
165495,6238,159.0,1032.0,2.0,124,L22-D1-S,Glo,4.0,1522.0,2316.0,5821.0,gdsc:1032:2uM,Afatinib
166925,6313,159.0,1032.0,2.0,124,L22-D1-S,Glo,4.0,429.0,4738.0,5824.0,gdsc:1032:2uM,Afatinib
167397,6415,159.0,1032.0,2.0,124,L22-D1-S,Glo,4.0,637.0,2755.0,5879.0,gdsc:1032:2uM,Afatinib
167869,6403,159.0,1032.0,2.0,124,L22-D1-S,Glo,4.0,851.0,2216.0,5880.0,gdsc:1032:2uM,Afatinib
175047,6856,159.0,1032.0,2.0,124,L22-D1-S,Glo,4.0,871.0,2636.0,6253.0,gdsc:1032:2uM,Afatinib
176477,6829,159.0,1032.0,2.0,124,L22-D1-S,Glo,4.0,1911.0,2136.0,6256.0,gdsc:1032:2uM,Afatinib
176949,6841,159.0,1032.0,2.0,124,L22-D1-S,Glo,4.0,2228.0,3305.0,6257.0,gdsc:1032:2uM,Afatinib
180295,6838,159.0,1032.0,2.0,124,L22-D1-S,Glo,4.0,4.0,2213.0,6273.0,gdsc:1032:2uM,Afatinib
183641,6892,159.0,1032.0,2.0,124,L22-D1-S,Glo,4.0,1665.0,2665.0,6363.0,gdsc:1032:2uM,Afatinib
185550,6913,159.0,1032.0,2.0,124,L22-D1-S,Glo,4.0,869.0,2684.0,6373.0,gdsc:1032:2uM,Afatinib
186501,6916,159.0,1032.0,2.0,124,L22-D1-S,Glo,4.0,70.0,2367.0,6375.0,gdsc:1032:2uM,Afatinib
188410,6931,159.0,1032.0,2.0,124,L22-D1-S,Glo,4.0,1313.0,2610.0,6385.0,gdsc:1032:2uM,Afatinib
190319,6952,159.0,1032.0,2.0,124,L22-D1-S,Glo,4.0,952.0,3082.0,6395.0,gdsc:1032:2uM,Afatinib
191270,7055,159.0,1032.0,2.0,124,L22-D1-S,Glo,4.0,1763.0,2020.0,6464.0,gdsc:1032:2uM,Afatinib
191742,7052,159.0,1032.0,2.0,124,L22-D1-S,Glo,4.0,283.0,2018.0,6466.0,gdsc:1032:2uM,Afatinib
192214,7341,159.0,1032.0,2.0,124,L22-D1-S,Glo,4.0,1251.0,3431.0,6467.0,gdsc:1032:2uM,Afatinib
193165,7371,159.0,1032.0,2.0,124,L22-D1-S,Glo,4.0,1004.0,2565.0,6469.0,gdsc:1032:2uM,Afatinib
194116,7299,159.0,1032.0,2.0,124,L22-D1-S,Glo,4.0,1148.0,2258.0,6475.0,gdsc:1032:2uM,Afatinib
195067,7302,159.0,1032.0,2.0,124,L22-D1-S,Glo,4.0,902.0,2374.0,6479.0,gdsc:1032:2uM,Afatinib
196497,7034,159.0,1032.0,2.0,124,L22-D1-S,Glo,4.0,2040.0,2180.0,6533.0,gdsc:1032:2uM,Afatinib
197448,7043,159.0,1032.0,2.0,124,L22-D1-S,Glo,4.0,1664.0,3445.0,6535.0,gdsc:1032:2uM,Afatinib
198399,7031,159.0,1032.0,2.0,124,L22-D1-S,Glo,4.0,1210.0,3003.0,6539.0,gdsc:1032:2uM,Afatinib
198871,7049,159.0,1032.0,2.0,124,L22-D1-S,Glo,4.0,470.0,2006.0,6540.0,gdsc:1032:2uM,Afatinib
200780,7046,159.0,1032.0,2.0,124,L22-D1-S,Glo,4.0,1095.0,3469.0,6544.0,gdsc:1032:2uM,Afatinib
201252,7040,159.0,1032.0,2.0,124,L22-D1-S,Glo,4.0,1546.0,3419.0,6545.0,gdsc:1032:2uM,Afatinib
202203,7007,159.0,1032.0,2.0,124,L22-D1-S,Glo,4.0,602.0,2306.0,6547.0,gdsc:1032:2uM,Afatinib
203154,7028,159.0,1032.0,2.0,124,L22-D1-S,Glo,4.0,1215.0,2959.0,6554.0,gdsc:1032:2uM,Afatinib
203626,7359,159.0,1032.0,2.0,124,L22-D1-S,Glo,4.0,1492.0,4591.0,6565.0,gdsc:1032:2uM,Afatinib
204577,7296,159.0,1032.0,2.0,124,L22-D1-S,Glo,4.0,59.0,3078.0,6569.0,gdsc:1032:2uM,Afatinib
205528,7356,159.0,1032.0,2.0,124,L22-D1-S,Glo,4.0,2260.0,2092.0,6571.0,gdsc:1032:2uM,Afatinib
206479,7335,159.0,1032.0,2.0,124,L22-D1-S,Glo,4.0,107.0,3390.0,6573.0,gdsc:1032:2uM,Afatinib
207430,7227,159.0,1032.0,2.0,124,L22-D1-S,Glo,4.0,1313.0,2610.0,6575.0,gdsc:1032:2uM,Afatinib
208381,7230,159.0,1032.0,2.0,124,L22-D1-S,Glo,4.0,2150.0,2637.0,6577.0,gdsc:1032:2uM,Afatinib
209332,7248,159.0,1032.0,2.0,124,L22-D1-S,Glo,4.0,962.0,2701.0,6579.0,gdsc:1032:2uM,Afatinib
210283,7245,159.0,1032.0,2.0,124,L22-D1-S,Glo,4.0,1863.0,2686.0,6581.0,gdsc:1032:2uM,Afatinib
211234,7215,159.0,1032.0,2.0,124,L22-D1-S,Glo,4.0,1844.0,2323.0,6583.0,gdsc:1032:2uM,Afatinib
212185,7239,159.0,1032.0,2.0,124,L22-D1-S,Glo,4.0,2138.0,2362.0,6585.0,gdsc:1032:2uM,Afatinib
213136,7266,159.0,1032.0,2.0,124,L22-D1-S,Glo,4.0,639.0,2786.0,6587.0,gdsc:1032:2uM,Afatinib
214087,7194,159.0,1032.0,2.0,124,L22-D1-S,Glo,4.0,1294.0,3044.0,6589.0,gdsc:1032:2uM,Afatinib
215038,7293,159.0,1032.0,2.0,124,L22-D1-S,Glo,4.0,1855.0,2939.0,6591.0,gdsc:1032:2uM,Afatinib
215989,7212,159.0,1032.0,2.0,124,L22-D1-S,Glo,4.0,2041.0,2191.0,6593.0,gdsc:1032:2uM,Afatinib
216940,7200,159.0,1032.0,2.0,124,L22-D1-S,Glo,4.0,891.0,3067.0,6595.0,gdsc:1032:2uM,Afatinib
217891,7251,159.0,1032.0,2.0,124,L22-D1-S,Glo,4.0,963.0,2707.0,6597.0,gdsc:1032:2uM,Afatinib
219800,7209,159.0,1032.0,2.0,124,L22-D1-S,Glo,4.0,1637.0,2310.0,6603.0,gdsc:1032:2uM,Afatinib
220272,7362,159.0,1032.0,2.0,124,L22-D1-S,Glo,4.0,382.0,3801.0,6604.0,gdsc:1032:2uM,Afatinib
221702,7260,159.0,1032.0,2.0,124,L22-D1-S,Glo,4.0,1467.0,2588.0,6609.0,gdsc:1032:2uM,Afatinib
222653,7269,159.0,1032.0,2.0,124,L22-D1-S,Glo,4.0,404.0,2683.0,6611.0,gdsc:1032:2uM,Afatinib
223604,7197,159.0,1032.0,2.0,124,L22-D1-S,Glo,4.0,668.0,3797.0,6613.0,gdsc:1032:2uM,Afatinib
224076,7218,159.0,1032.0,2.0,124,L22-D1-S,Glo,4.0,572.0,2491.0,6614.0,gdsc:1032:2uM,Afatinib
225027,7353,159.0,1032.0,2.0,124,L22-D1-S,Glo,4.0,1762.0,2015.0,6617.0,gdsc:1032:2uM,Afatinib
225499,7236,159.0,1032.0,2.0,124,L22-D1-S,Glo,4.0,2075.0,2643.0,6620.0,gdsc:1032:2uM,Afatinib
225971,7441,159.0,1032.0,2.0,124,L22-D1-S,Glo,4.0,1783.0,2638.0,6745.0,gdsc:1032:2uM,Afatinib
226443,7393,159.0,1032.0,2.0,124,L22-D1-S,Glo,4.0,1509.0,2725.0,6747.0,gdsc:1032:2uM,Afatinib
228831,7438,159.0,1032.0,2.0,124,L22-D1-S,Glo,4.0,1190.0,2091.0,6775.0,gdsc:1032:2uM,Afatinib
229303,7429,159.0,1032.0,2.0,124,L22-D1-S,Glo,4.0,2263.0,3011.0,6776.0,gdsc:1032:2uM,Afatinib
234086,7462,159.0,1032.0,2.0,124,L22-D1-S,Glo,4.0,1776.0,2717.0,6789.0,gdsc:1032:2uM,Afatinib
234558,7456,159.0,1032.0,2.0,124,L22-D1-S,Glo,4.0,165.0,2721.0,6790.0,gdsc:1032:2uM,Afatinib
235030,7444,159.0,1032.0,2.0,124,L22-D1-S,Glo,4.0,1784.0,2640.0,6791.0,gdsc:1032:2uM,Afatinib
235502,7471,159.0,1032.0,2.0,124,L22-D1-S,Glo,4.0,1315.0,2675.0,6794.0,gdsc:1032:2uM,Afatinib
235974,7405,159.0,1032.0,2.0,124,L22-D1-S,Glo,4.0,1175.0,2454.0,6795.0,gdsc:1032:2uM,Afatinib
236446,7396,159.0,1032.0,2.0,124,L22-D1-S,Glo,4.0,2125.0,2747.0,6796.0,gdsc:1032:2uM,Afatinib
236918,7408,159.0,1032.0,2.0,124,L22-D1-S,Glo,4.0,1040.0,3165.0,6797.0,gdsc:1032:2uM,Afatinib
237869,7638,159.0,1032.0,2.0,124,L22-D1-S,Glo,4.0,1797.0,2723.0,6871.0,gdsc:1032:2uM,Afatinib
238820,7665,159.0,1032.0,2.0,124,L22-D1-S,Glo,4.0,13.0,2558.0,6873.0,gdsc:1032:2uM,Afatinib
239292,7659,159.0,1032.0,2.0,124,L22-D1-S,Glo,4.0,637.0,2755.0,6874.0,gdsc:1032:2uM,Afatinib
240243,7599,159.0,1032.0,2.0,124,L22-D1-S,Glo,4.0,2095.0,2386.0,6879.0,gdsc:1032:2uM,Afatinib
241194,7596,159.0,1032.0,2.0,124,L22-D1-S,Glo,4.0,1386.0,2646.0,6881.0,gdsc:1032:2uM,Afatinib
242145,7620,159.0,1032.0,2.0,124,L22-D1-S,Glo,4.0,1530.0,2389.0,6883.0,gdsc:1032:2uM,Afatinib
243096,7584,159.0,1032.0,2.0,124,L22-D1-S,Glo,4.0,726.0,3089.0,6885.0,gdsc:1032:2uM,Afatinib
244047,7614,159.0,1032.0,2.0,124,L22-D1-S,Glo,4.0,1173.0,2699.0,6890.0,gdsc:1032:2uM,Afatinib
244998,7605,159.0,1032.0,2.0,124,L22-D1-S,Glo,4.0,1529.0,2378.0,6896.0,gdsc:1032:2uM,Afatinib
245949,7623,159.0,1032.0,2.0,124,L22-D1-S,Glo,4.0,1503.0,3102.0,6898.0,gdsc:1032:2uM,Afatinib
247379,7668,159.0,1032.0,2.0,124,L22-D1-S,Glo,4.0,412.0,3411.0,6904.0,gdsc:1032:2uM,Afatinib
248330,7641,159.0,1032.0,2.0,124,L22-D1-S,Glo,4.0,151.0,4303.0,6906.0,gdsc:1032:2uM,Afatinib
249281,7581,159.0,1032.0,2.0,124,L22-D1-S,Glo,4.0,776.0,2311.0,6908.0,gdsc:1032:2uM,Afatinib
250232,7808,159.0,1032.0,2.0,124,L22-D1-S,Glo,4.0,730.0,3253.0,7032.0,gdsc:1032:2uM,Afatinib
250704,7802,159.0,1032.0,2.0,124,L22-D1-S,Glo,4.0,1799.0,2801.0,7033.0,gdsc:1032:2uM,Afatinib
251176,7790,159.0,1032.0,2.0,124,L22-D1-S,Glo,4.0,1238.0,3291.0,7034.0,gdsc:1032:2uM,Afatinib
251648,7817,159.0,1032.0,2.0,124,L22-D1-S,Glo,4.0,271.0,2168.0,7035.0,gdsc:1032:2uM,Afatinib
252120,7793,159.0,1032.0,2.0,124,L22-D1-S,Glo,4.0,1015.0,3345.0,7036.0,gdsc:1032:2uM,Afatinib
252592,7781,159.0,1032.0,2.0,124,L22-D1-S,Glo,4.0,1505.0,3104.0,7037.0,gdsc:1032:2uM,Afatinib
253064,7799,159.0,1032.0,2.0,124,L22-D1-S,Glo,4.0,1812.0,3357.0,7038.0,gdsc:1032:2uM,Afatinib
253536,7784,159.0,1032.0,2.0,124,L22-D1-S,Glo,4.0,1321.0,3221.0,7039.0,gdsc:1032:2uM,Afatinib
254008,7811,159.0,1032.0,2.0,124,L22-D1-S,Glo,4.0,283.0,2018.0,7040.0,gdsc:1032:2uM,Afatinib
254480,7820,159.0,1032.0,2.0,124,L22-D1-S,Glo,4.0,1066.0,4271.0,7042.0,gdsc:1032:2uM,Afatinib
254952,7805,159.0,1032.0,2.0,124,L22-D1-S,Glo,4.0,2153.0,3472.0,7043.0,gdsc:1032:2uM,Afatinib
255424,7766,159.0,1032.0,2.0,124,L22-D1-S,Glo,4.0,580.0,2651.0,7044.0,gdsc:1032:2uM,Afatinib
255896,7814,159.0,1032.0,2.0,124,L22-D1-S,Glo,4.0,1003.0,2530.0,7045.0,gdsc:1032:2uM,Afatinib
256368,7787,159.0,1032.0,2.0,124,L22-D1-S,Glo,4.0,1402.0,3284.0,7046.0,gdsc:1032:2uM,Afatinib
260672,8067,159.0,1032.0,2.0,124,L22-D1-S,Glo,4.0,1008.0,2703.0,7265.0,gdsc:1032:2uM,Afatinib
261623,8050,159.0,1032.0,2.0,124,L22-D1-S,Glo,4.0,185.0,2480.0,7267.0,gdsc:1032:2uM,Afatinib
262574,8011,159.0,1032.0,2.0,124,L22-D1-S,Glo,4.0,329.0,2936.0,7269.0,gdsc:1032:2uM,Afatinib
263525,7993,159.0,1032.0,2.0,124,L22-D1-S,Glo,4.0,1515.0,3048.0,7271.0,gdsc:1032:2uM,Afatinib
264476,8014,159.0,1032.0,2.0,124,L22-D1-S,Glo,4.0,1391.0,2926.0,7273.0,gdsc:1032:2uM,Afatinib
265427,8041,159.0,1032.0,2.0,124,L22-D1-S,Glo,4.0,1393.0,2934.0,7275.0,gdsc:1032:2uM,Afatinib
266378,8056,159.0,1032.0,2.0,124,L22-D1-S,Glo,4.0,1320.0,3200.0,7277.0,gdsc:1032:2uM,Afatinib
267329,8073,159.0,1032.0,2.0,124,L22-D1-S,Glo,4.0,567.0,2679.0,7279.0,gdsc:1032:2uM,Afatinib
267801,8032,159.0,1032.0,2.0,124,L22-D1-S,Glo,4.0,1368.0,2764.0,7280.0,gdsc:1032:2uM,Afatinib
268752,7999,159.0,1032.0,2.0,124,L22-D1-S,Glo,4.0,228.0,3058.0,7282.0,gdsc:1032:2uM,Afatinib
269703,8038,159.0,1032.0,2.0,124,L22-D1-S,Glo,4.0,89.0,2982.0,7284.0,gdsc:1032:2uM,Afatinib
270175,8058,159.0,1032.0,2.0,124,L22-D1-S,Glo,4.0,1835.0,3433.0,7285.0,gdsc:1032:2uM,Afatinib
270647,8062,159.0,1032.0,2.0,124,L22-D1-S,Glo,4.0,1096.0,3737.0,7286.0,gdsc:1032:2uM,Afatinib
272077,8047,159.0,1032.0,2.0,124,L22-D1-S,Glo,4.0,1500.0,2400.0,7291.0,gdsc:1032:2uM,Afatinib
273507,7990,159.0,1032.0,2.0,124,L22-D1-S,Glo,4.0,313.0,3042.0,7294.0,gdsc:1032:2uM,Afatinib
274458,7996,159.0,1032.0,2.0,124,L22-D1-S,Glo,4.0,1206.0,3056.0,7296.0,gdsc:1032:2uM,Afatinib
275409,8070,159.0,1032.0,2.0,124,L22-D1-S,Glo,4.0,637.0,2755.0,7298.0,gdsc:1032:2uM,Afatinib
276360,8002,159.0,1032.0,2.0,124,L22-D1-S,Glo,4.0,905.0,2998.0,7300.0,gdsc:1032:2uM,Afatinib
277311,8035,159.0,1032.0,2.0,124,L22-D1-S,Glo,4.0,349.0,2745.0,7302.0,gdsc:1032:2uM,Afatinib
278262,8017,159.0,1032.0,2.0,124,L22-D1-S,Glo,4.0,479.0,2996.0,7304.0,gdsc:1032:2uM,Afatinib
279213,8788,159.0,1032.0,2.0,124,L22-D1-S,Glo,4.0,319.0,2312.0,7918.0,gdsc:1032:2uM,Afatinib
279685,8772,159.0,1032.0,2.0,124,L22-D1-S,Glo,4.0,188.0,2644.0,7919.0,gdsc:1032:2uM,Afatinib
280157,8774,159.0,1032.0,2.0,124,L22-D1-S,Glo,4.0,1679.0,3441.0,7920.0,gdsc:1032:2uM,Afatinib
280629,8750,159.0,1032.0,2.0,124,L22-D1-S,Glo,4.0,894.0,3086.0,7921.0,gdsc:1032:2uM,Afatinib
281101,8760,159.0,1032.0,2.0,124,L22-D1-S,Glo,4.0,618.0,2949.0,7922.0,gdsc:1032:2uM,Afatinib
281573,8770,159.0,1032.0,2.0,124,L22-D1-S,Glo,4.0,1803.0,3045.0,7923.0,gdsc:1032:2uM,Afatinib
282045,8782,159.0,1032.0,2.0,124,L22-D1-S,Glo,4.0,1378.0,3002.0,7925.0,gdsc:1032:2uM,Afatinib
282517,8784,159.0,1032.0,2.0,124,L22-D1-S,Glo,4.0,1187.0,2670.0,7927.0,gdsc:1032:2uM,Afatinib
282989,8786,159.0,1032.0,2.0,124,L22-D1-S,Glo,4.0,1309.0,2053.0,7928.0,gdsc:1032:2uM,Afatinib
283461,8766,159.0,1032.0,2.0,124,L22-D1-S,Glo,4.0,1939.0,3084.0,7930.0,gdsc:1032:2uM,Afatinib
283933,8780,159.0,1032.0,2.0,124,L22-D1-S,Glo,4.0,1913.0,2232.0,7931.0,gdsc:1032:2uM,Afatinib
284405,8778,159.0,1032.0,2.0,124,L22-D1-S,Glo,4.0,1534.0,4742.0,7932.0,gdsc:1032:2uM,Afatinib
284877,8758,159.0,1032.0,2.0,124,L22-D1-S,Glo,4.0,1402.0,3284.0,7933.0,gdsc:1032:2uM,Afatinib
285349,8744,159.0,1032.0,2.0,124,L22-D1-S,Glo,4.0,1007.0,2694.0,7934.0,gdsc:1032:2uM,Afatinib
285821,8742,159.0,1032.0,2.0,124,L22-D1-S,Glo,4.0,1812.0,3357.0,7935.0,gdsc:1032:2uM,Afatinib
286293,8746,159.0,1032.0,2.0,124,L22-D1-S,Glo,4.0,604.0,2325.0,7936.0,gdsc:1032:2uM,Afatinib
286765,8756,159.0,1032.0,2.0,124,L22-D1-S,Glo,4.0,474.0,2797.0,7937.0,gdsc:1032:2uM,Afatinib
287237,8748,159.0,1032.0,2.0,124,L22-D1-S,Glo,4.0,920.0,3176.0,7938.0,gdsc:1032:2uM,Afatinib
287709,8792,159.0,1032.0,2.0,124,L22-D1-S,Glo,4.0,586.0,5361.0,7939.0,gdsc:1032:2uM,Afatinib
288181,8790,159.0,1032.0,2.0,124,L22-D1-S,Glo,4.0,995.0,4308.0,7940.0,gdsc:1032:2uM,Afatinib
288653,8820,159.0,1032.0,2.0,124,L22-D1-S,Glo,4.0,1193.0,2401.0,7945.0,gdsc:1032:2uM,Afatinib
289125,8826,159.0,1032.0,2.0,124,L22-D1-S,Glo,4.0,1755.0,2442.0,7946.0,gdsc:1032:2uM,Afatinib
289597,8824,159.0,1032.0,2.0,124,L22-D1-S,Glo,4.0,431.0,2405.0,7947.0,gdsc:1032:2uM,Afatinib
290069,8852,159.0,1032.0,2.0,124,L22-D1-S,Glo,4.0,330.0,2946.0,7948.0,gdsc:1032:2uM,Afatinib
290541,8814,159.0,1032.0,2.0,124,L22-D1-S,Glo,4.0,686.0,3749.0,7967.0,gdsc:1032:2uM,Afatinib
291013,8846,159.0,1032.0,2.0,124,L22-D1-S,Glo,4.0,1222.0,3376.0,7968.0,gdsc:1032:2uM,Afatinib
291485,8840,159.0,1032.0,2.0,124,L22-D1-S,Glo,4.0,423.0,4139.0,7969.0,gdsc:1032:2uM,Afatinib
291957,8818,159.0,1032.0,2.0,124,L22-D1-S,Glo,4.0,173.0,3435.0,7970.0,gdsc:1032:2uM,Afatinib
292429,8830,159.0,1032.0,2.0,124,L22-D1-S,Glo,4.0,606.0,2508.0,7971.0,gdsc:1032:2uM,Afatinib
292901,8802,159.0,1032.0,2.0,124,L22-D1-S,Glo,4.0,867.0,2120.0,7972.0,gdsc:1032:2uM,Afatinib
293373,8844,159.0,1032.0,2.0,124,L22-D1-S,Glo,4.0,82.0,3365.0,7973.0,gdsc:1032:2uM,Afatinib
293845,8838,159.0,1032.0,2.0,124,L22-D1-S,Glo,4.0,1916.0,2540.0,7974.0,gdsc:1032:2uM,Afatinib
294317,8806,159.0,1032.0,2.0,124,L22-D1-S,Glo,4.0,849.0,2171.0,7976.0,gdsc:1032:2uM,Afatinib
294789,8834,159.0,1032.0,2.0,124,L22-D1-S,Glo,4.0,2215.0,2515.0,7977.0,gdsc:1032:2uM,Afatinib
295261,8808,159.0,1032.0,2.0,124,L22-D1-S,Glo,4.0,275.0,2200.0,7978.0,gdsc:1032:2uM,Afatinib
295733,8798,159.0,1032.0,2.0,124,L22-D1-S,Glo,4.0,41.0,2095.0,7979.0,gdsc:1032:2uM,Afatinib
296205,8810,159.0,1032.0,2.0,124,L22-D1-S,Glo,4.0,1457.0,2226.0,7980.0,gdsc:1032:2uM,Afatinib
296677,8816,159.0,1032.0,2.0,124,L22-D1-S,Glo,4.0,1156.0,2278.0,7981.0,gdsc:1032:2uM,Afatinib
297149,8804,159.0,1032.0,2.0,124,L22-D1-S,Glo,4.0,1877.0,2154.0,7982.0,gdsc:1032:2uM,Afatinib
297621,8832,159.0,1032.0,2.0,124,L22-D1-S,Glo,4.0,1640.0,2511.0,7983.0,gdsc:1032:2uM,Afatinib
298093,8796,159.0,1032.0,2.0,124,L22-D1-S,Glo,4.0,1498.0,2090.0,7984.0,gdsc:1032:2uM,Afatinib
298565,8812,159.0,1032.0,2.0,124,L22-D1-S,Glo,4.0,1914.0,2248.0,7985.0,gdsc:1032:2uM,Afatinib
299037,8836,159.0,1032.0,2.0,124,L22-D1-S,Glo,4.0,578.0,2529.0,7986.0,gdsc:1032:2uM,Afatinib
299509,8800,159.0,1032.0,2.0,124,L22-D1-S,Glo,4.0,1910.0,2117.0,7987.0,gdsc:1032:2uM,Afatinib
299981,8874,159.0,1032.0,2.0,124,L22-D1-S,Glo,4.0,2080.0,3105.0,8025.0,gdsc:1032:2uM,Afatinib
300453,8876,159.0,1032.0,2.0,124,L22-D1-S,Glo,4.0,183.0,3320.0,8026.0,gdsc:1032:2uM,Afatinib
300925,8890,159.0,1032.0,2.0,124,L22-D1-S,Glo,4.0,2039.0,2176.0,8027.0,gdsc:1032:2uM,Afatinib
301397,8886,159.0,1032.0,2.0,124,L22-D1-S,Glo,4.0,1949.0,3751.0,8028.0,gdsc:1032:2uM,Afatinib
301869,8880,159.0,1032.0,2.0,124,L22-D1-S,Glo,4.0,782.0,3436.0,8029.0,gdsc:1032:2uM,Afatinib
302341,8888,159.0,1032.0,2.0,124,L22-D1-S,Glo,4.0,2155.0,2277.0,8031.0,gdsc:1032:2uM,Afatinib
302813,8882,159.0,1032.0,2.0,124,L22-D1-S,Glo,4.0,752.0,3793.0,8032.0,gdsc:1032:2uM,Afatinib
303285,8872,159.0,1032.0,2.0,124,L22-D1-S,Glo,4.0,2177.0,3019.0,8033.0,gdsc:1032:2uM,Afatinib
303757,8854,159.0,1032.0,2.0,124,L22-D1-S,Glo,4.0,949.0,2308.0,8041.0,gdsc:1032:2uM,Afatinib
304229,8860,159.0,1032.0,2.0,124,L22-D1-S,Glo,4.0,49.0,3137.0,8043.0,gdsc:1032:2uM,Afatinib
304701,8856,159.0,1032.0,2.0,124,L22-D1-S,Glo,4.0,1824.0,2985.0,8044.0,gdsc:1032:2uM,Afatinib
305173,8878,159.0,1032.0,2.0,124,L22-D1-S,Glo,4.0,1906.0,4151.0,8045.0,gdsc:1032:2uM,Afatinib
305645,8866,159.0,1032.0,2.0,124,L22-D1-S,Glo,4.0,931.0,2984.0,8060.0,gdsc:1032:2uM,Afatinib
306117,8864,159.0,1032.0,2.0,124,L22-D1-S,Glo,4.0,1680.0,3796.0,8061.0,gdsc:1032:2uM,Afatinib
306589,8884,159.0,1032.0,2.0,124,L22-D1-S,Glo,4.0,2152.0,3446.0,8062.0,gdsc:1032:2uM,Afatinib
307061,8920,159.0,1032.0,2.0,124,L22-D1-S,Glo,4.0,634.0,3298.0,8065.0,gdsc:1032:2uM,Afatinib
307533,8922,159.0,1032.0,2.0,124,L22-D1-S,Glo,4.0,1644.0,2759.0,8066.0,gdsc:1032:2uM,Afatinib
308005,8928,159.0,1032.0,2.0,124,L22-D1-S,Glo,4.0,99.0,2923.0,8067.0,gdsc:1032:2uM,Afatinib
308477,8932,159.0,1032.0,2.0,124,L22-D1-S,Glo,4.0,1660.0,3126.0,8068.0,gdsc:1032:2uM,Afatinib
308949,8892,159.0,1032.0,2.0,124,L22-D1-S,Glo,4.0,924.0,3218.0,8069.0,gdsc:1032:2uM,Afatinib
309421,8894,159.0,1032.0,2.0,124,L22-D1-S,Glo,4.0,788.0,3194.0,8070.0,gdsc:1032:2uM,Afatinib
309893,8896,159.0,1032.0,2.0,124,L22-D1-S,Glo,4.0,86.0,3219.0,8071.0,gdsc:1032:2uM,Afatinib
310365,8898,159.0,1032.0,2.0,124,L22-D1-S,Glo,4.0,1013.0,3154.0,8072.0,gdsc:1032:2uM,Afatinib
310837,8900,159.0,1032.0,2.0,124,L22-D1-S,Glo,4.0,1798.0,2729.0,8073.0,gdsc:1032:2uM,Afatinib
311309,8902,159.0,1032.0,2.0,124,L22-D1-S,Glo,4.0,1674.0,2507.0,8074.0,gdsc:1032:2uM,Afatinib
311781,8904,159.0,1032.0,2.0,124,L22-D1-S,Glo,4.0,2201.0,3421.0,8075.0,gdsc:1032:2uM,Afatinib
312253,8908,159.0,1032.0,2.0,124,L22-D1-S,Glo,4.0,1631.0,3072.0,8077.0,gdsc:1032:2uM,Afatinib
312725,8910,159.0,1032.0,2.0,124,L22-D1-S,Glo,4.0,1243.0,2849.0,8078.0,gdsc:1032:2uM,Afatinib
313197,8912,159.0,1032.0,2.0,124,L22-D1-S,Glo,4.0,564.0,2131.0,8079.0,gdsc:1032:2uM,Afatinib
313669,8914,159.0,1032.0,2.0,124,L22-D1-S,Glo,4.0,1316.0,4071.0,8080.0,gdsc:1032:2uM,Afatinib
314141,8918,159.0,1032.0,2.0,124,L22-D1-S,Glo,4.0,1548.0,3293.0,8081.0,gdsc:1032:2uM,Afatinib
314613,8997,159.0,1032.0,2.0,124,L22-D1-S,Glo,4.0,1875.0,3263.0,8085.0,gdsc:1032:2uM,Afatinib
315085,9003,159.0,1032.0,2.0,124,L22-D1-S,Glo,4.0,1850.0,2875.0,8086.0,gdsc:1032:2uM,Afatinib
315557,9011,159.0,1032.0,2.0,124,L22-D1-S,Glo,4.0,617.0,3023.0,8087.0,gdsc:1032:2uM,Afatinib
316029,8963,159.0,1032.0,2.0,124,L22-D1-S,Glo,4.0,895.0,2292.0,8088.0,gdsc:1032:2uM,Afatinib
316501,8965,159.0,1032.0,2.0,124,L22-D1-S,Glo,4.0,1878.0,2159.0,8089.0,gdsc:1032:2uM,Afatinib
316973,8967,159.0,1032.0,2.0,124,L22-D1-S,Glo,4.0,1475.0,2073.0,8090.0,gdsc:1032:2uM,Afatinib
317445,8969,159.0,1032.0,2.0,124,L22-D1-S,Glo,4.0,1617.0,3475.0,8091.0,gdsc:1032:2uM,Afatinib
317917,8971,159.0,1032.0,2.0,124,L22-D1-S,Glo,4.0,449.0,2032.0,8092.0,gdsc:1032:2uM,Afatinib
318389,8973,159.0,1032.0,2.0,124,L22-D1-S,Glo,4.0,209.0,3234.0,8093.0,gdsc:1032:2uM,Afatinib
318861,8975,159.0,1032.0,2.0,124,L22-D1-S,Glo,4.0,747.0,3215.0,8094.0,gdsc:1032:2uM,Afatinib
319333,8977,159.0,1032.0,2.0,124,L22-D1-S,Glo,4.0,1816.0,3179.0,8095.0,gdsc:1032:2uM,Afatinib
319805,8979,159.0,1032.0,2.0,124,L22-D1-S,Glo,4.0,1504.0,3103.0,8096.0,gdsc:1032:2uM,Afatinib
320277,8981,159.0,1032.0,2.0,124,L22-D1-S,Glo,4.0,1232.0,2979.0,8097.0,gdsc:1032:2uM,Afatinib
320749,8983,159.0,1032.0,2.0,124,L22-D1-S,Glo,4.0,1792.0,2404.0,8098.0,gdsc:1032:2uM,Afatinib
321221,8985,159.0,1032.0,2.0,124,L22-D1-S,Glo,4.0,358.0,3463.0,8099.0,gdsc:1032:2uM,Afatinib
321693,8987,159.0,1032.0,2.0,124,L22-D1-S,Glo,4.0,354.0,2787.0,8100.0,gdsc:1032:2uM,Afatinib
322165,8989,159.0,1032.0,2.0,124,L22-D1-S,Glo,4.0,351.0,2775.0,8101.0,gdsc:1032:2uM,Afatinib
322637,8991,159.0,1032.0,2.0,124,L22-D1-S,Glo,4.0,801.0,3267.0,8102.0,gdsc:1032:2uM,Afatinib
323109,8995,159.0,1032.0,2.0,124,L22-D1-S,Glo,4.0,1525.0,2517.0,8104.0,gdsc:1032:2uM,Afatinib
355195,9276,159.0,1032.0,2.0,124,L22-D1-S,Glo,4.0,2264.0,3400.0,8364.0,gdsc:1032:2uM,Afatinib
356146,9282,159.0,1032.0,2.0,124,L22-D1-S,Glo,4.0,858.0,2605.0,8367.0,gdsc:1032:2uM,Afatinib
357097,9285,159.0,1032.0,2.0,124,L22-D1-S,Glo,4.0,302.0,2660.0,8370.0,gdsc:1032:2uM,Afatinib
358048,9294,159.0,1032.0,2.0,124,L22-D1-S,Glo,4.0,888.0,2830.0,8373.0,gdsc:1032:2uM,Afatinib
358999,9303,159.0,1032.0,2.0,124,L22-D1-S,Glo,4.0,109.0,2948.0,8376.0,gdsc:1032:2uM,Afatinib
359950,9312,159.0,1032.0,2.0,124,L22-D1-S,Glo,4.0,193.0,3035.0,8382.0,gdsc:1032:2uM,Afatinib
360901,9318,159.0,1032.0,2.0,124,L22-D1-S,Glo,4.0,626.0,3171.0,8385.0,gdsc:1032:2uM,Afatinib
361852,9321,159.0,1032.0,2.0,124,L22-D1-S,Glo,4.0,1395.0,3172.0,8388.0,gdsc:1032:2uM,Afatinib
362803,9324,159.0,1032.0,2.0,124,L22-D1-S,Glo,4.0,711.0,3285.0,8391.0,gdsc:1032:2uM,Afatinib
363754,9345,159.0,1032.0,2.0,124,L22-D1-S,Glo,4.0,2131.0,3462.0,8394.0,gdsc:1032:2uM,Afatinib
364705,9348,159.0,1032.0,2.0,124,L22-D1-S,Glo,4.0,2133.0,3473.0,8397.0,gdsc:1032:2uM,Afatinib
365656,9351,159.0,1032.0,2.0,124,L22-D1-S,Glo,4.0,1984.0,2182.0,8400.0,gdsc:1032:2uM,Afatinib
366607,9354,159.0,1032.0,2.0,124,L22-D1-S,Glo,4.0,1245.0,2767.0,8403.0,gdsc:1032:2uM,Afatinib
367558,9357,159.0,1032.0,2.0,124,L22-D1-S,Glo,4.0,2090.0,2319.0,8406.0,gdsc:1032:2uM,Afatinib
368509,9360,159.0,1032.0,2.0,124,L22-D1-S,Glo,4.0,71.0,2371.0,8409.0,gdsc:1032:2uM,Afatinib
369460,9363,159.0,1032.0,2.0,124,L22-D1-S,Glo,4.0,2089.0,2304.0,8412.0,gdsc:1032:2uM,Afatinib
370411,9369,159.0,1032.0,2.0,124,L22-D1-S,Glo,4.0,649.0,5951.0,8415.0,gdsc:1032:2uM,Afatinib
371841,9373,159.0,1032.0,2.0,124,L22-D1-S,Glo,4.0,953.0,6231.0,8485.0,gdsc:1032:2uM,Afatinib
372313,9374,159.0,1032.0,2.0,124,L22-D1-S,Glo,4.0,953.0,6231.0,8486.0,gdsc:1032:2uM,Afatinib
372785,9375,159.0,1032.0,2.0,124,L22-D1-S,Glo,4.0,953.0,6231.0,8487.0,gdsc:1032:2uM,Afatinib
374694,9380,159.0,1032.0,2.0,124,L22-D1-S,Glo,4.0,369.0,2878.0,8491.0,gdsc:1032:2uM,Afatinib
375166,9381,159.0,1032.0,2.0,124,L22-D1-S,Glo,4.0,369.0,2878.0,8492.0,gdsc:1032:2uM,Afatinib
375638,9382,159.0,1032.0,2.0,124,L22-D1-S,Glo,4.0,369.0,2878.0,8493.0,gdsc:1032:2uM,Afatinib
377547,9386,159.0,1032.0,2.0,124,L22-D1-S,Glo,4.0,2242.0,4711.0,8497.0,gdsc:1032:2uM,Afatinib
378019,9387,159.0,1032.0,2.0,124,L22-D1-S,Glo,4.0,2242.0,4711.0,8498.0,gdsc:1032:2uM,Afatinib
378491,9388,159.0,1032.0,2.0,124,L22-D1-S,Glo,4.0,2242.0,4711.0,8499.0,gdsc:1032:2uM,Afatinib
380400,9393,159.0,1032.0,2.0,124,L22-D1-S,Glo,4.0,1553.0,5232.0,8503.0,gdsc:1032:2uM,Afatinib
380872,9394,159.0,1032.0,2.0,124,L22-D1-S,Glo,4.0,1553.0,5232.0,8504.0,gdsc:1032:2uM,Afatinib
381344,9395,159.0,1032.0,2.0,124,L22-D1-S,Glo,4.0,1553.0,5232.0,8505.0,gdsc:1032:2uM,Afatinib
383253,9400,159.0,1032.0,2.0,124,L22-D1-S,Glo,4.0,1212.0,4576.0,8509.0,gdsc:1032:2uM,Afatinib
383725,9401,159.0,1032.0,2.0,124,L22-D1-S,Glo,4.0,1212.0,4576.0,8510.0,gdsc:1032:2uM,Afatinib
384197,9402,159.0,1032.0,2.0,124,L22-D1-S,Glo,4.0,1212.0,4576.0,8511.0,gdsc:1032:2uM,Afatinib
386106,9407,159.0,1032.0,2.0,124,L22-D1-S,Glo,4.0,921.0,5233.0,8515.0,gdsc:1032:2uM,Afatinib
386578,9408,159.0,1032.0,2.0,124,L22-D1-S,Glo,4.0,921.0,5233.0,8516.0,gdsc:1032:2uM,Afatinib
387050,9409,159.0,1032.0,2.0,124,L22-D1-S,Glo,4.0,921.0,5233.0,8517.0,gdsc:1032:2uM,Afatinib
388959,9414,159.0,1032.0,2.0,124,L22-D1-S,Glo,4.0,339.0,5947.0,8521.0,gdsc:1032:2uM,Afatinib
389431,9415,159.0,1032.0,2.0,124,L22-D1-S,Glo,4.0,339.0,5947.0,8522.0,gdsc:1032:2uM,Afatinib
389903,9416,159.0,1032.0,2.0,124,L22-D1-S,Glo,4.0,339.0,5947.0,8523.0,gdsc:1032:2uM,Afatinib
391812,9421,159.0,1032.0,2.0,124,L22-D1-S,Glo,4.0,198.0,4712.0,8527.0,gdsc:1032:2uM,Afatinib
392284,9422,159.0,1032.0,2.0,124,L22-D1-S,Glo,4.0,198.0,4712.0,8528.0,gdsc:1032:2uM,Afatinib
392756,9423,159.0,1032.0,2.0,124,L22-D1-S,Glo,4.0,198.0,4712.0,8529.0,gdsc:1032:2uM,Afatinib
394665,9435,159.0,1032.0,2.0,124,L22-D1-S,Glo,4.0,37.0,2536.0,8539.0,gdsc:1032:2uM,Afatinib
395137,9436,159.0,1032.0,2.0,124,L22-D1-S,Glo,4.0,37.0,2536.0,8540.0,gdsc:1032:2uM,Afatinib
395609,9437,159.0,1032.0,2.0,124,L22-D1-S,Glo,4.0,37.0,2536.0,8541.0,gdsc:1032:2uM,Afatinib
397518,9442,159.0,1032.0,2.0,124,L22-D1-S,Glo,4.0,3.0,5529.0,8545.0,gdsc:1032:2uM,Afatinib
397990,9443,159.0,1032.0,2.0,124,L22-D1-S,Glo,4.0,3.0,5529.0,8546.0,gdsc:1032:2uM,Afatinib
398462,9444,159.0,1032.0,2.0,124,L22-D1-S,Glo,4.0,3.0,5529.0,8547.0,gdsc:1032:2uM,Afatinib
400371,9449,159.0,1032.0,2.0,124,L22-D1-S,Glo,4.0,1145.0,5512.0,8551.0,gdsc:1032:2uM,Afatinib
400843,9450,159.0,1032.0,2.0,124,L22-D1-S,Glo,4.0,1145.0,5512.0,8552.0,gdsc:1032:2uM,Afatinib
401315,9451,159.0,1032.0,2.0,124,L22-D1-S,Glo,4.0,1145.0,5512.0,8553.0,gdsc:1032:2uM,Afatinib
403703,9461,159.0,1032.0,2.0,124,L22-D1-S,Glo,4.0,1011.0,4739.0,8606.0,gdsc:1032:2uM,Afatinib
404654,9464,159.0,1032.0,2.0,124,L22-D1-S,Glo,4.0,2198.0,3055.0,8608.0,gdsc:1032:2uM,Afatinib
405605,9469,159.0,1032.0,2.0,124,L22-D1-S,Glo,4.0,48.0,3122.0,8610.0,gdsc:1032:2uM,Afatinib
406556,9480,159.0,1032.0,2.0,124,L22-D1-S,Glo,4.0,430.0,2330.0,8612.0,gdsc:1032:2uM,Afatinib
408465,9499,159.0,1032.0,2.0,124,L22-D1-S,Glo,4.0,1798.0,2729.0,8616.0,gdsc:1032:2uM,Afatinib
409416,9504,159.0,1032.0,2.0,124,L22-D1-S,Glo,4.0,1567.0,2763.0,8618.0,gdsc:1032:2uM,Afatinib
410367,9513,159.0,1032.0,2.0,124,L22-D1-S,Glo,4.0,1102.0,2813.0,8620.0,gdsc:1032:2uM,Afatinib
416108,9587,159.0,1032.0,2.0,124,L22-D1-S,Glo,4.0,1949.0,3751.0,8635.0,gdsc:1032:2uM,Afatinib
417538,9591,159.0,1032.0,2.0,124,L22-D1-S,Glo,4.0,1549.0,3486.0,8638.0,gdsc:1032:2uM,Afatinib
418010,9491,159.0,1032.0,2.0,124,L22-D1-S,Glo,4.0,1196.0,5589.0,8645.0,gdsc:1032:2uM,Afatinib
418961,9516,159.0,1032.0,2.0,124,L22-D1-S,Glo,4.0,2195.0,2942.0,8647.0,gdsc:1032:2uM,Afatinib
419912,9519,159.0,1032.0,2.0,124,L22-D1-S,Glo,4.0,2101.0,2945.0,8649.0,gdsc:1032:2uM,Afatinib
421821,9574,159.0,1032.0,2.0,124,L22-D1-S,Glo,4.0,1250.0,3321.0,8655.0,gdsc:1032:2uM,Afatinib
423730,9599,159.0,1032.0,2.0,124,L22-D1-S,Glo,4.0,1537.0,3347.0,8659.0,gdsc:1032:2uM,Afatinib
425160,9607,159.0,1032.0,2.0,124,L22-D1-S,Glo,4.0,737.0,3344.0,8687.0,gdsc:1032:2uM,Afatinib
426111,9615,159.0,1032.0,2.0,124,L22-D1-S,Glo,4.0,323.0,2373.0,8692.0,gdsc:1032:2uM,Afatinib
426583,9617,159.0,1032.0,2.0,124,L22-D1-S,Glo,4.0,2176.0,2383.0,8693.0,gdsc:1032:2uM,Afatinib
427534,9620,159.0,1032.0,2.0,124,L22-D1-S,Glo,4.0,744.0,2832.0,8695.0,gdsc:1032:2uM,Afatinib
428485,9623,159.0,1032.0,2.0,124,L22-D1-S,Glo,4.0,405.0,2962.0,8697.0,gdsc:1032:2uM,Afatinib
429436,9626,159.0,1032.0,2.0,124,L22-D1-S,Glo,4.0,1807.0,3005.0,8699.0,gdsc:1032:2uM,Afatinib
430387,9634,159.0,1032.0,2.0,124,L22-D1-S,Glo,4.0,451.0,3299.0,8704.0,gdsc:1032:2uM,Afatinib
431338,9637,159.0,1032.0,2.0,124,L22-D1-S,Glo,4.0,1811.0,3348.0,8706.0,gdsc:1032:2uM,Afatinib
432289,9640,159.0,1032.0,2.0,124,L22-D1-S,Glo,4.0,1394.0,3418.0,8708.0,gdsc:1032:2uM,Afatinib
432761,9642,159.0,1032.0,2.0,124,L22-D1-S,Glo,4.0,1398.0,6230.0,8709.0,gdsc:1032:2uM,Afatinib
433712,9645,159.0,1032.0,2.0,124,L22-D1-S,Glo,4.0,285.0,2024.0,8711.0,gdsc:1032:2uM,Afatinib
434663,9654,159.0,1032.0,2.0,124,L22-D1-S,Glo,4.0,1642.0,2554.0,8715.0,gdsc:1032:2uM,Afatinib
435614,9657,159.0,1032.0,2.0,124,L22-D1-S,Glo,4.0,476.0,2228.0,8717.0,gdsc:1032:2uM,Afatinib
436565,9660,159.0,1032.0,2.0,124,L22-D1-S,Glo,4.0,2130.0,3439.0,8719.0,gdsc:1032:2uM,Afatinib
437516,9690,159.0,1032.0,2.0,124,L22-D1-S,Glo,4.0,739.0,5329.0,8788.0,gdsc:1032:2uM,Afatinib
438467,9703,159.0,1032.0,2.0,124,L22-D1-S,Glo,4.0,2143.0,2772.0,8792.0,gdsc:1032:2uM,Afatinib
439418,9713,159.0,1032.0,2.0,124,L22-D1-S,Glo,4.0,1990.0,5511.0,8794.0,gdsc:1032:2uM,Afatinib
440848,9724,159.0,1032.0,2.0,124,L22-D1-S,Glo,4.0,1403.0,5970.0,8797.0,gdsc:1032:2uM,Afatinib
441799,9727,159.0,1032.0,2.0,124,L22-D1-S,Glo,4.0,1485.0,5215.0,8799.0,gdsc:1032:2uM,Afatinib
442750,9732,159.0,1032.0,2.0,124,L22-D1-S,Glo,4.0,34.0,2488.0,8801.0,gdsc:1032:2uM,Afatinib
443701,9735,159.0,1032.0,2.0,124,L22-D1-S,Glo,4.0,1225.0,3384.0,8803.0,gdsc:1032:2uM,Afatinib
444652,9747,159.0,1032.0,2.0,124,L22-D1-S,Glo,4.0,1490.0,2521.0,8805.0,gdsc:1032:2uM,Afatinib
445603,9751,159.0,1032.0,2.0,124,L22-D1-S,Glo,4.0,2193.0,2033.0,8807.0,gdsc:1032:2uM,Afatinib
447033,9684,159.0,1032.0,2.0,124,L22-D1-S,Glo,4.0,660.0,2889.0,8828.0,gdsc:1032:2uM,Afatinib
447984,9687,159.0,1032.0,2.0,124,L22-D1-S,Glo,4.0,1978.0,3477.0,8830.0,gdsc:1032:2uM,Afatinib
449893,9710,159.0,1032.0,2.0,124,L22-D1-S,Glo,4.0,1012.0,3032.0,8834.0,gdsc:1032:2uM,Afatinib
451323,9738,159.0,1032.0,2.0,124,L22-D1-S,Glo,4.0,911.0,5650.0,8839.0,gdsc:1032:2uM,Afatinib
452274,9740,159.0,1032.0,2.0,124,L22-D1-S,Glo,4.0,2053.0,2071.0,8841.0,gdsc:1032:2uM,Afatinib
453225,9744,159.0,1032.0,2.0,124,L22-D1-S,Glo,4.0,864.0,2076.0,8843.0,gdsc:1032:2uM,Afatinib
454176,9754,159.0,1032.0,2.0,124,L22-D1-S,Glo,4.0,23.0,2012.0,8845.0,gdsc:1032:2uM,Afatinib
455127,9757,159.0,1032.0,2.0,124,L22-D1-S,Glo,4.0,562.0,2063.0,8847.0,gdsc:1032:2uM,Afatinib
456078,9760,159.0,1032.0,2.0,124,L22-D1-S,Glo,4.0,2076.0,2089.0,8849.0,gdsc:1032:2uM,Afatinib
457029,9763,159.0,1032.0,2.0,124,L22-D1-S,Glo,4.0,1493.0,2545.0,8851.0,gdsc:1032:2uM,Afatinib
458459,9769,159.0,1032.0,2.0,124,L22-D1-S,Glo,4.0,1506.0,3109.0,8854.0,gdsc:1032:2uM,Afatinib
459410,9772,159.0,1032.0,2.0,124,L22-D1-S,Glo,4.0,1928.0,3264.0,8856.0,gdsc:1032:2uM,Afatinib
460361,9775,159.0,1032.0,2.0,124,L22-D1-S,Glo,4.0,172.0,3395.0,8858.0,gdsc:1032:2uM,Afatinib
461312,9778,159.0,1032.0,2.0,124,L22-D1-S,Glo,4.0,599.0,3077.0,8860.0,gdsc:1032:2uM,Afatinib
462263,9781,159.0,1032.0,2.0,124,L22-D1-S,Glo,4.0,600.0,3095.0,8862.0,gdsc:1032:2uM,Afatinib
463214,9787,159.0,1032.0,2.0,124,L22-D1-S,Glo,4.0,1186.0,2645.0,8885.0,gdsc:1032:2uM,Afatinib
464165,9793,159.0,1032.0,2.0,124,L22-D1-S,Glo,4.0,1676.0,3300.0,8889.0,gdsc:1032:2uM,Afatinib
464637,9797,159.0,1032.0,2.0,124,L22-D1-S,Glo,4.0,998.0,2202.0,8891.0,gdsc:1032:2uM,Afatinib
465588,9803,159.0,1032.0,2.0,124,L22-D1-S,Glo,4.0,1533.0,2931.0,8894.0,gdsc:1032:2uM,Afatinib
467018,9814,159.0,1032.0,2.0,124,L22-D1-S,Glo,4.0,2256.0,2419.0,8900.0,gdsc:1032:2uM,Afatinib
467969,9817,159.0,1032.0,2.0,124,L22-D1-S,Glo,4.0,1804.0,3091.0,8902.0,gdsc:1032:2uM,Afatinib
468920,9822,159.0,1032.0,2.0,124,L22-D1-S,Glo,4.0,28.0,2140.0,8905.0,gdsc:1032:2uM,Afatinib
469392,9828,159.0,1032.0,2.0,124,L22-D1-S,Glo,4.0,1242.0,3489.0,8909.0,gdsc:1032:2uM,Afatinib
470343,9831,159.0,1032.0,2.0,124,L22-D1-S,Glo,4.0,1682.0,3509.0,8911.0,gdsc:1032:2uM,Afatinib
471294,9834,159.0,1032.0,2.0,124,L22-D1-S,Glo,4.0,1909.0,4741.0,8913.0,gdsc:1032:2uM,Afatinib
472245,9837,159.0,1032.0,2.0,124,L22-D1-S,Glo,4.0,1868.0,3794.0,8915.0,gdsc:1032:2uM,Afatinib
473196,9840,159.0,1032.0,2.0,124,L22-D1-S,Glo,4.0,1481.0,2133.0,8917.0,gdsc:1032:2uM,Afatinib
474147,9843,159.0,1032.0,2.0,124,L22-D1-S,Glo,4.0,1451.0,2157.0,8919.0,gdsc:1032:2uM,Afatinib
475098,9846,159.0,1032.0,2.0,124,L22-D1-S,Glo,4.0,1027.0,3399.0,8965.0,gdsc:1032:2uM,Afatinib
476049,9849,159.0,1032.0,2.0,124,L22-D1-S,Glo,4.0,433.0,2667.0,8967.0,gdsc:1032:2uM,Afatinib
477000,9852,159.0,1032.0,2.0,124,L22-D1-S,Glo,4.0,371.0,2978.0,8969.0,gdsc:1032:2uM,Afatinib
477951,9855,159.0,1032.0,2.0,124,L22-D1-S,Glo,4.0,703.0,2347.0,8971.0,gdsc:1032:2uM,Afatinib
478902,9858,159.0,1032.0,2.0,124,L22-D1-S,Glo,4.0,1767.0,2080.0,8973.0,gdsc:1032:2uM,Afatinib
479853,9861,159.0,1032.0,2.0,124,L22-D1-S,Glo,4.0,1019.0,3791.0,8975.0,gdsc:1032:2uM,Afatinib
480804,9864,159.0,1032.0,2.0,124,L22-D1-S,Glo,4.0,1709.0,2390.0,8977.0,gdsc:1032:2uM,Afatinib
481755,9870,159.0,1032.0,2.0,124,L22-D1-S,Glo,4.0,1936.0,2416.0,8979.0,gdsc:1032:2uM,Afatinib
482706,9873,159.0,1032.0,2.0,124,L22-D1-S,Glo,4.0,1973.0,3021.0,8981.0,gdsc:1032:2uM,Afatinib
483657,9876,159.0,1032.0,2.0,124,L22-D1-S,Glo,4.0,225.0,3034.0,8983.0,gdsc:1032:2uM,Afatinib
484608,9879,159.0,1032.0,2.0,124,L22-D1-S,Glo,4.0,746.0,3060.0,8985.0,gdsc:1032:2uM,Afatinib
485559,9882,159.0,1032.0,2.0,124,L22-D1-S,Glo,4.0,155.0,3061.0,8987.0,gdsc:1032:2uM,Afatinib
486510,9885,159.0,1032.0,2.0,124,L22-D1-S,Glo,4.0,12.0,2440.0,8989.0,gdsc:1032:2uM,Afatinib
487461,9894,159.0,1032.0,2.0,124,L22-D1-S,Glo,4.0,635.0,3483.0,8993.0,gdsc:1032:2uM,Afatinib
488412,9900,159.0,1032.0,2.0,124,L22-D1-S,Glo,4.0,874.0,2098.0,8996.0,gdsc:1032:2uM,Afatinib
489363,9903,159.0,1032.0,2.0,124,L22-D1-S,Glo,4.0,156.0,2128.0,8998.0,gdsc:1032:2uM,Afatinib
490314,9909,159.0,1032.0,2.0,124,L22-D1-S,Glo,4.0,1286.0,5514.0,9002.0,gdsc:1032:2uM,Afatinib
491265,9912,159.0,1032.0,2.0,124,L22-D1-S,Glo,4.0,2046.0,2561.0,9004.0,gdsc:1032:2uM,Afatinib
492216,9915,159.0,1032.0,2.0,124,L22-D1-S,Glo,4.0,5.0,2221.0,9006.0,gdsc:1032:2uM,Afatinib
493167,9918,159.0,1032.0,2.0,124,L22-D1-S,Glo,4.0,6.0,2227.0,9008.0,gdsc:1032:2uM,Afatinib
494118,9921,159.0,1032.0,2.0,124,L22-D1-S,Glo,4.0,7.0,2229.0,9010.0,gdsc:1032:2uM,Afatinib
495069,9924,159.0,1032.0,2.0,124,L22-D1-S,Glo,4.0,549.0,2237.0,9012.0,gdsc:1032:2uM,Afatinib
496020,9940,159.0,1032.0,2.0,124,L22-D1-S,Glo,4.0,883.0,2794.0,9050.0,gdsc:1032:2uM,Afatinib
497450,9953,159.0,1032.0,2.0,124,L22-D1-S,Glo,4.0,1570.0,3323.0,9056.0,gdsc:1032:2uM,Afatinib
498401,9956,159.0,1032.0,2.0,124,L22-D1-S,Glo,4.0,452.0,3338.0,9058.0,gdsc:1032:2uM,Afatinib
499352,9961,159.0,1032.0,2.0,124,L22-D1-S,Glo,4.0,208.0,5649.0,9060.0,gdsc:1032:2uM,Afatinib
500303,9964,159.0,1032.0,2.0,124,L22-D1-S,Glo,4.0,941.0,3432.0,9062.0,gdsc:1032:2uM,Afatinib
501254,9969,159.0,1032.0,2.0,124,L22-D1-S,Glo,4.0,999.0,2067.0,9065.0,gdsc:1032:2uM,Afatinib
502205,9978,159.0,1032.0,2.0,124,L22-D1-S,Glo,4.0,786.0,2156.0,9069.0,gdsc:1032:2uM,Afatinib
503156,9981,159.0,1032.0,2.0,124,L22-D1-S,Glo,4.0,2049.0,2597.0,9071.0,gdsc:1032:2uM,Afatinib
504107,9984,159.0,1032.0,2.0,124,L22-D1-S,Glo,4.0,889.0,2834.0,9073.0,gdsc:1032:2uM,Afatinib
505058,9988,159.0,1032.0,2.0,124,L22-D1-S,Glo,4.0,51.0,2726.0,9075.0,gdsc:1032:2uM,Afatinib
506009,9994,159.0,1032.0,2.0,124,L22-D1-S,Glo,4.0,1761.0,2014.0,9079.0,gdsc:1032:2uM,Afatinib
506960,10000,159.0,1032.0,2.0,124,L22-D1-S,Glo,4.0,743.0,2795.0,9107.0,gdsc:1032:2uM,Afatinib
509348,10019,159.0,1032.0,2.0,124,L22-D1-S,Glo,4.0,292.0,2621.0,9115.0,gdsc:1032:2uM,Afatinib
510299,10022,159.0,1032.0,2.0,124,L22-D1-S,Glo,4.0,453.0,2341.0,9117.0,gdsc:1032:2uM,Afatinib
511250,10025,159.0,1032.0,2.0,124,L22-D1-S,Glo,4.0,873.0,2663.0,9119.0,gdsc:1032:2uM,Afatinib
512201,10028,159.0,1032.0,2.0,124,L22-D1-S,Glo,4.0,2139.0,2372.0,9121.0,gdsc:1032:2uM,Afatinib
513152,10031,159.0,1032.0,2.0,124,L22-D1-S,Glo,4.0,231.0,2375.0,9123.0,gdsc:1032:2uM,Afatinib
514103,10034,159.0,1032.0,2.0,124,L22-D1-S,Glo,4.0,55.0,2816.0,9125.0,gdsc:1032:2uM,Afatinib
515054,10037,159.0,1032.0,2.0,124,L22-D1-S,Glo,4.0,913.0,3333.0,9127.0,gdsc:1032:2uM,Afatinib
516005,10040,159.0,1032.0,2.0,124,L22-D1-S,Glo,4.0,1174.0,2706.0,9129.0,gdsc:1032:2uM,Afatinib
516956,10043,159.0,1032.0,2.0,124,L22-D1-S,Glo,4.0,347.0,2983.0,9131.0,gdsc:1032:2uM,Afatinib
517907,10046,159.0,1032.0,2.0,124,L22-D1-S,Glo,4.0,363.0,2302.0,9133.0,gdsc:1032:2uM,Afatinib
518858,10049,159.0,1032.0,2.0,124,L22-D1-S,Glo,4.0,485.0,3098.0,9135.0,gdsc:1032:2uM,Afatinib
519330,10051,159.0,1032.0,2.0,124,L22-D1-S,Glo,4.0,1583.0,3244.0,9136.0,gdsc:1032:2uM,Afatinib
520281,10054,159.0,1032.0,2.0,124,L22-D1-S,Glo,4.0,1753.0,2236.0,9138.0,gdsc:1032:2uM,Afatinib
521711,10061,159.0,1032.0,2.0,124,L22-D1-S,Glo,4.0,1184.0,2633.0,9186.0,gdsc:1032:2uM,Afatinib
523141,10069,159.0,1032.0,2.0,124,L22-D1-S,Glo,4.0,764.0,2411.0,9189.0,gdsc:1032:2uM,Afatinib
524092,10077,159.0,1032.0,2.0,124,L22-D1-S,Glo,4.0,2169.0,2135.0,9192.0,gdsc:1032:2uM,Afatinib
525043,10082,159.0,1032.0,2.0,124,L22-D1-S,Glo,4.0,603.0,2318.0,9194.0,gdsc:1032:2uM,Afatinib
525994,10085,159.0,1032.0,2.0,124,L22-D1-S,Glo,4.0,1204.0,3033.0,9196.0,gdsc:1032:2uM,Afatinib
526466,10088,159.0,1032.0,2.0,124,L22-D1-S,Glo,4.0,585.0,3133.0,9198.0,gdsc:1032:2uM,Afatinib
527417,10100,159.0,1032.0,2.0,124,L22-D1-S,Glo,4.0,1035.0,2655.0,9202.0,gdsc:1032:2uM,Afatinib
528368,10103,159.0,1032.0,2.0,124,L22-D1-S,Glo,4.0,473.0,2658.0,9204.0,gdsc:1032:2uM,Afatinib
529319,10106,159.0,1032.0,2.0,124,L22-D1-S,Glo,4.0,1897.0,3736.0,9206.0,gdsc:1032:2uM,Afatinib
530270,10112,159.0,1032.0,2.0,124,L22-D1-S,Glo,4.0,581.0,2664.0,9208.0,gdsc:1032:2uM,Afatinib
531221,10115,159.0,1032.0,2.0,124,L22-D1-S,Glo,4.0,1786.0,2669.0,9210.0,gdsc:1032:2uM,Afatinib
532172,10121,159.0,1032.0,2.0,124,L22-D1-S,Glo,4.0,325.0,2385.0,9212.0,gdsc:1032:2uM,Afatinib
533123,10124,159.0,1032.0,2.0,124,L22-D1-S,Glo,4.0,1414.0,2387.0,9214.0,gdsc:1032:2uM,Afatinib
534074,10129,159.0,1032.0,2.0,124,L22-D1-S,Glo,4.0,1551.0,2762.0,9216.0,gdsc:1032:2uM,Afatinib
534546,10135,159.0,1032.0,2.0,124,L22-D1-S,Glo,4.0,643.0,3478.0,9218.0,gdsc:1032:2uM,Afatinib
535497,10138,159.0,1032.0,2.0,124,L22-D1-S,Glo,4.0,862.0,2050.0,9220.0,gdsc:1032:2uM,Afatinib
537406,10160,159.0,1032.0,2.0,124,L22-D1-S,Glo,4.0,293.0,2685.0,9231.0,gdsc:1032:2uM,Afatinib
538357,10163,159.0,1032.0,2.0,124,L22-D1-S,Glo,4.0,704.0,2382.0,9233.0,gdsc:1032:2uM,Afatinib
539308,10168,159.0,1032.0,2.0,124,L22-D1-S,Glo,4.0,937.0,2785.0,9235.0,gdsc:1032:2uM,Afatinib
540738,10173,159.0,1032.0,2.0,124,L22-D1-S,Glo,4.0,269.0,2149.0,9238.0,gdsc:1032:2uM,Afatinib
541689,10176,159.0,1032.0,2.0,124,L22-D1-S,Glo,4.0,1072.0,2329.0,9240.0,gdsc:1032:2uM,Afatinib
542640,10179,159.0,1032.0,2.0,124,L22-D1-S,Glo,4.0,611.0,2370.0,9242.0,gdsc:1032:2uM,Afatinib
543112,10182,159.0,1032.0,2.0,124,L22-D1-S,Glo,4.0,613.0,2381.0,9244.0,gdsc:1032:2uM,Afatinib
544063,10185,159.0,1032.0,2.0,124,L22-D1-S,Glo,4.0,164.0,2708.0,9246.0,gdsc:1032:2uM,Afatinib
545014,10188,159.0,1032.0,2.0,124,L22-D1-S,Glo,4.0,245.0,2388.0,9248.0,gdsc:1032:2uM,Afatinib
545965,10191,159.0,1032.0,2.0,124,L22-D1-S,Glo,4.0,1981.0,2709.0,9250.0,gdsc:1032:2uM,Afatinib
546916,10194,159.0,1032.0,2.0,124,L22-D1-S,Glo,4.0,52.0,2735.0,9252.0,gdsc:1032:2uM,Afatinib
547867,10197,159.0,1032.0,2.0,124,L22-D1-S,Glo,4.0,882.0,2736.0,9254.0,gdsc:1032:2uM,Afatinib
548818,10200,159.0,1032.0,2.0,124,L22-D1-S,Glo,4.0,93.0,2742.0,9256.0,gdsc:1032:2uM,Afatinib
549769,10203,159.0,1032.0,2.0,124,L22-D1-S,Glo,4.0,783.0,2798.0,9258.0,gdsc:1032:2uM,Afatinib
550720,10206,159.0,1032.0,2.0,124,L22-D1-S,Glo,4.0,2084.0,4949.0,9260.0,gdsc:1032:2uM,Afatinib
551192,10209,159.0,1032.0,2.0,124,L22-D1-S,Glo,4.0,706.0,2828.0,9262.0,gdsc:1032:2uM,Afatinib
552143,10212,159.0,1032.0,2.0,124,L22-D1-S,Glo,4.0,207.0,3119.0,9264.0,gdsc:1032:2uM,Afatinib
553094,10217,159.0,1032.0,2.0,124,L22-D1-S,Glo,4.0,350.0,2751.0,9266.0,gdsc:1032:2uM,Afatinib
554045,10146,159.0,1032.0,2.0,124,L22-D1-S,Glo,4.0,550.0,2247.0,9268.0,gdsc:1032:2uM,Afatinib
554996,10149,159.0,1032.0,2.0,124,L22-D1-S,Glo,4.0,160.0,2579.0,9270.0,gdsc:1032:2uM,Afatinib
555947,10237,159.0,1032.0,2.0,124,L22-D1-S,Glo,4.0,1151.0,2424.0,9330.0,gdsc:1032:2uM,Afatinib
556419,10239,159.0,1032.0,2.0,124,L22-D1-S,Glo,4.0,1527.0,2344.0,9331.0,gdsc:1032:2uM,Afatinib
557370,10242,159.0,1032.0,2.0,124,L22-D1-S,Glo,4.0,1339.0,2356.0,9333.0,gdsc:1032:2uM,Afatinib
558321,10245,159.0,1032.0,2.0,124,L22-D1-S,Glo,4.0,900.0,2357.0,9335.0,gdsc:1032:2uM,Afatinib
558793,10248,159.0,1032.0,2.0,124,L22-D1-S,Glo,4.0,303.0,2673.0,9337.0,gdsc:1032:2uM,Afatinib
559744,10251,159.0,1032.0,2.0,124,L22-D1-S,Glo,4.0,2232.0,3800.0,9339.0,gdsc:1032:2uM,Afatinib
560695,10254,159.0,1032.0,2.0,124,L22-D1-S,Glo,4.0,1919.0,2680.0,9341.0,gdsc:1032:2uM,Afatinib
561167,10256,159.0,1032.0,2.0,124,L22-D1-S,Glo,4.0,426.0,2681.0,9342.0,gdsc:1032:2uM,Afatinib
562597,10261,159.0,1032.0,2.0,124,L22-D1-S,Glo,4.0,591.0,2737.0,9345.0,gdsc:1032:2uM,Afatinib
563548,10264,159.0,1032.0,2.0,124,L22-D1-S,Glo,4.0,2254.0,2738.0,9347.0,gdsc:1032:2uM,Afatinib
564499,10267,159.0,1032.0,2.0,124,L22-D1-S,Glo,4.0,309.0,2739.0,9349.0,gdsc:1032:2uM,Afatinib
565450,10270,159.0,1032.0,2.0,124,L22-D1-S,Glo,4.0,1192.0,2395.0,9351.0,gdsc:1032:2uM,Afatinib
566401,10275,159.0,1032.0,2.0,124,L22-D1-S,Glo,4.0,1247.0,2783.0,9354.0,gdsc:1032:2uM,Afatinib
567831,10283,159.0,1032.0,2.0,124,L22-D1-S,Glo,4.0,1574.0,2961.0,9357.0,gdsc:1032:2uM,Afatinib
568782,10289,159.0,1032.0,2.0,124,L22-D1-S,Glo,4.0,297.0,2499.0,9359.0,gdsc:1032:2uM,Afatinib
569733,10292,159.0,1032.0,2.0,124,L22-D1-S,Glo,4.0,749.0,3437.0,9361.0,gdsc:1032:2uM,Afatinib
570684,10295,159.0,1032.0,2.0,124,L22-D1-S,Glo,4.0,68.0,2510.0,9363.0,gdsc:1032:2uM,Afatinib
571635,10298,159.0,1032.0,2.0,124,L22-D1-S,Glo,4.0,1272.0,2023.0,9365.0,gdsc:1032:2uM,Afatinib
573065,10307,159.0,1032.0,2.0,124,L22-D1-S,Glo,4.0,276.0,2254.0,9369.0,gdsc:1032:2uM,Afatinib
574016,10311,159.0,1032.0,2.0,124,L22-D1-S,Glo,4.0,1495.0,2648.0,9371.0,gdsc:1032:2uM,Afatinib
574967,10314,159.0,1032.0,2.0,124,L22-D1-S,Glo,4.0,1862.0,2650.0,9373.0,gdsc:1032:2uM,Afatinib
575918,10317,159.0,1032.0,2.0,124,L22-D1-S,Glo,4.0,934.0,3307.0,9375.0,gdsc:1032:2uM,Afatinib
576869,10321,159.0,1032.0,2.0,124,L22-D1-S,Glo,4.0,1971.0,2731.0,9445.0,gdsc:1032:2uM,Afatinib
577820,10326,159.0,1032.0,2.0,124,L22-D1-S,Glo,4.0,1905.0,4020.0,9448.0,gdsc:1032:2uM,Afatinib
579729,10338,159.0,1032.0,2.0,124,L22-D1-S,Glo,4.0,219.0,2291.0,9456.0,gdsc:1032:2uM,Afatinib
580680,10351,159.0,1032.0,2.0,124,L22-D1-S,Glo,4.0,22.0,2608.0,9464.0,gdsc:1032:2uM,Afatinib
581631,10354,159.0,1032.0,2.0,124,L22-D1-S,Glo,4.0,1752.0,2211.0,9466.0,gdsc:1032:2uM,Afatinib
582582,10363,159.0,1032.0,2.0,124,L22-D1-S,Glo,4.0,1244.0,2746.0,9472.0,gdsc:1032:2uM,Afatinib
583054,10366,159.0,1032.0,2.0,124,L22-D1-S,Glo,4.0,1318.0,2782.0,9474.0,gdsc:1032:2uM,Afatinib
584005,10369,159.0,1032.0,2.0,124,L22-D1-S,Glo,4.0,270.0,2166.0,9476.0,gdsc:1032:2uM,Afatinib
584956,10372,159.0,1032.0,2.0,124,L22-D1-S,Glo,4.0,1454.0,2177.0,9478.0,gdsc:1032:2uM,Afatinib
585907,10378,159.0,1032.0,2.0,124,L22-D1-S,Glo,4.0,2108.0,4950.0,9482.0,gdsc:1032:2uM,Afatinib
586858,10381,159.0,1032.0,2.0,124,L22-D1-S,Glo,4.0,1759.0,2004.0,9484.0,gdsc:1032:2uM,Afatinib
588288,10416,159.0,1032.0,2.0,124,L22-D1-S,Glo,4.0,1469.0,2598.0,9569.0,gdsc:1032:2uM,Afatinib
589239,10419,159.0,1032.0,2.0,124,L22-D1-S,Glo,4.0,872.0,2659.0,9571.0,gdsc:1032:2uM,Afatinib
590190,10422,159.0,1032.0,2.0,124,L22-D1-S,Glo,4.0,322.0,2363.0,9573.0,gdsc:1032:2uM,Afatinib
591141,10425,159.0,1032.0,2.0,124,L22-D1-S,Glo,4.0,1508.0,2724.0,9575.0,gdsc:1032:2uM,Afatinib
592092,10431,159.0,1032.0,2.0,124,L22-D1-S,Glo,4.0,936.0,4850.0,9577.0,gdsc:1032:2uM,Afatinib
593043,10434,159.0,1032.0,2.0,124,L22-D1-S,Glo,4.0,1202.0,2831.0,9579.0,gdsc:1032:2uM,Afatinib
593994,10437,159.0,1032.0,2.0,124,L22-D1-S,Glo,4.0,365.0,2415.0,9581.0,gdsc:1032:2uM,Afatinib
594945,10440,159.0,1032.0,2.0,124,L22-D1-S,Glo,4.0,708.0,3063.0,9583.0,gdsc:1032:2uM,Afatinib
595896,10443,159.0,1032.0,2.0,124,L22-D1-S,Glo,4.0,1387.0,2429.0,9585.0,gdsc:1032:2uM,Afatinib
596847,10446,159.0,1032.0,2.0,124,L22-D1-S,Glo,4.0,583.0,3096.0,9587.0,gdsc:1032:2uM,Afatinib
597798,10449,159.0,1032.0,2.0,124,L22-D1-S,Glo,4.0,47.0,3120.0,9589.0,gdsc:1032:2uM,Afatinib
598270,10455,159.0,1032.0,2.0,124,L22-D1-S,Glo,4.0,2170.0,3181.0,9591.0,gdsc:1032:2uM,Afatinib
599221,10458,159.0,1032.0,2.0,124,L22-D1-S,Glo,4.0,1861.0,2479.0,9593.0,gdsc:1032:2uM,Afatinib
600172,10461,159.0,1032.0,2.0,124,L22-D1-S,Glo,4.0,1104.0,3403.0,9595.0,gdsc:1032:2uM,Afatinib
601123,10464,159.0,1032.0,2.0,124,L22-D1-S,Glo,4.0,112.0,3449.0,9597.0,gdsc:1032:2uM,Afatinib
602074,10467,159.0,1032.0,2.0,124,L22-D1-S,Glo,4.0,560.0,2011.0,9599.0,gdsc:1032:2uM,Afatinib
603025,10473,159.0,1032.0,2.0,124,L22-D1-S,Glo,4.0,1179.0,2523.0,9601.0,gdsc:1032:2uM,Afatinib
604455,10479,159.0,1032.0,2.0,124,L22-D1-S,Glo,4.0,1401.0,2563.0,9605.0,gdsc:1032:2uM,Afatinib
605406,10485,159.0,1032.0,2.0,124,L22-D1-S,Glo,4.0,468.0,2566.0,9609.0,gdsc:1032:2uM,Afatinib
606357,10488,159.0,1032.0,2.0,124,L22-D1-S,Glo,4.0,310.0,2814.0,9611.0,gdsc:1032:2uM,Afatinib
607308,10491,159.0,1032.0,2.0,124,L22-D1-S,Glo,4.0,579.0,2544.0,9613.0,gdsc:1032:2uM,Afatinib
607780,10493,159.0,1032.0,2.0,124,L22-D1-S,Glo,4.0,1312.0,2556.0,9614.0,gdsc:1032:2uM,Afatinib
608731,10500,159.0,1032.0,2.0,124,L22-D1-S,Glo,4.0,2058.0,2130.0,9616.0,gdsc:1032:2uM,Afatinib
609682,10503,159.0,1032.0,2.0,124,L22-D1-S,Glo,4.0,1369.0,2422.0,9618.0,gdsc:1032:2uM,Afatinib
611112,10514,159.0,1032.0,2.0,124,L22-D1-S,Glo,4.0,799.0,2359.0,9667.0,gdsc:1032:2uM,Afatinib
612063,10517,159.0,1032.0,2.0,124,L22-D1-S,Glo,4.0,1497.0,2674.0,9669.0,gdsc:1032:2uM,Afatinib
613014,10523,159.0,1032.0,2.0,124,L22-D1-S,Glo,4.0,1992.0,2743.0,9673.0,gdsc:1032:2uM,Afatinib
613486,10529,159.0,1032.0,2.0,124,L22-D1-S,Glo,4.0,406.0,3030.0,9675.0,gdsc:1032:2uM,Afatinib
614437,10532,159.0,1032.0,2.0,124,L22-D1-S,Glo,4.0,958.0,3295.0,9677.0,gdsc:1032:2uM,Afatinib
615388,10537,159.0,1032.0,2.0,124,L22-D1-S,Glo,4.0,2052.0,2037.0,9679.0,gdsc:1032:2uM,Afatinib
616339,10540,159.0,1032.0,2.0,124,L22-D1-S,Glo,4.0,25.0,2051.0,9681.0,gdsc:1032:2uM,Afatinib
617290,10543,159.0,1032.0,2.0,124,L22-D1-S,Glo,4.0,1479.0,2085.0,9683.0,gdsc:1032:2uM,Afatinib
618241,10546,159.0,1032.0,2.0,124,L22-D1-S,Glo,4.0,130.0,2143.0,9685.0,gdsc:1032:2uM,Afatinib
619192,10549,159.0,1032.0,2.0,124,L22-D1-S,Glo,4.0,1559.0,2539.0,9687.0,gdsc:1032:2uM,Afatinib
620143,10552,159.0,1032.0,2.0,124,L22-D1-S,Glo,4.0,1000.0,2272.0,9689.0,gdsc:1032:2uM,Afatinib
621094,10555,159.0,1032.0,2.0,124,L22-D1-S,Glo,4.0,311.0,2823.0,9691.0,gdsc:1032:2uM,Afatinib
622045,10561,159.0,1032.0,2.0,124,L22-D1-S,Glo,4.0,1074.0,2730.0,9693.0,gdsc:1032:2uM,Afatinib
622996,10564,159.0,1032.0,2.0,124,L22-D1-S,Glo,4.0,705.0,2516.0,9695.0,gdsc:1032:2uM,Afatinib
623947,10567,159.0,1032.0,2.0,124,L22-D1-S,Glo,4.0,1790.0,2394.0,9697.0,gdsc:1032:2uM,Afatinib
625377,10573,159.0,1032.0,2.0,124,L22-D1-S,Glo,4.0,1310.0,2163.0,9701.0,gdsc:1032:2uM,Afatinib
626328,10506,159.0,1032.0,2.0,124,L22-D1-S,Glo,4.0,218.0,2584.0,9703.0,gdsc:1032:2uM,Afatinib
627279,10584,159.0,1032.0,2.0,124,L22-D1-S,Glo,4.0,294.0,2710.0,9746.0,gdsc:1032:2uM,Afatinib
628230,10592,159.0,1032.0,2.0,124,L22-D1-S,Glo,4.0,1167.0,2614.0,9748.0,gdsc:1032:2uM,Afatinib
629181,10595,159.0,1032.0,2.0,124,L22-D1-S,Glo,4.0,1635.0,2233.0,9750.0,gdsc:1032:2uM,Afatinib
630611,10601,159.0,1032.0,2.0,124,L22-D1-S,Glo,4.0,1510.0,2793.0,9753.0,gdsc:1032:2uM,Afatinib
631562,10615,159.0,1032.0,2.0,124,L22-D1-S,Glo,4.0,610.0,2368.0,9757.0,gdsc:1032:2uM,Afatinib
632513,10618,159.0,1032.0,2.0,124,L22-D1-S,Glo,4.0,72.0,4929.0,9759.0,gdsc:1032:2uM,Afatinib
633464,10621,159.0,1032.0,2.0,124,L22-D1-S,Glo,4.0,1772.0,2690.0,9761.0,gdsc:1032:2uM,Afatinib
633936,10627,159.0,1032.0,2.0,124,L22-D1-S,Glo,4.0,331.0,2960.0,9765.0,gdsc:1032:2uM,Afatinib
634887,10630,159.0,1032.0,2.0,124,L22-D1-S,Glo,4.0,1518.0,3080.0,9767.0,gdsc:1032:2uM,Afatinib
635838,10633,159.0,1032.0,2.0,124,L22-D1-S,Glo,4.0,927.0,3160.0,9769.0,gdsc:1032:2uM,Afatinib
636789,10636,159.0,1032.0,2.0,124,L22-D1-S,Glo,4.0,1177.0,2463.0,9771.0,gdsc:1032:2uM,Afatinib
637740,10639,159.0,1032.0,2.0,124,L22-D1-S,Glo,4.0,674.0,3231.0,9773.0,gdsc:1032:2uM,Afatinib
638691,10642,159.0,1032.0,2.0,124,L22-D1-S,Glo,4.0,1033.0,2471.0,9775.0,gdsc:1032:2uM,Afatinib
639642,10645,159.0,1032.0,2.0,124,L22-D1-S,Glo,4.0,373.0,3467.0,9777.0,gdsc:1032:2uM,Afatinib
640593,10648,159.0,1032.0,2.0,124,L22-D1-S,Glo,4.0,1043.0,3507.0,9779.0,gdsc:1032:2uM,Afatinib
641544,10651,159.0,1032.0,2.0,124,L22-D1-S,Glo,4.0,1765.0,2066.0,9781.0,gdsc:1032:2uM,Afatinib
642495,10657,159.0,1032.0,2.0,124,L22-D1-S,Glo,4.0,1452.0,2160.0,9783.0,gdsc:1032:2uM,Afatinib
643446,10660,159.0,1032.0,2.0,124,L22-D1-S,Glo,4.0,2.0,2178.0,9785.0,gdsc:1032:2uM,Afatinib
644397,10663,159.0,1032.0,2.0,124,L22-D1-S,Glo,4.0,8.0,2239.0,9787.0,gdsc:1032:2uM,Afatinib
645827,10672,159.0,1032.0,2.0,124,L22-D1-S,Glo,4.0,1790.0,2394.0,9808.0,gdsc:1032:2uM,Afatinib
646299,10675,159.0,1032.0,2.0,124,L22-D1-S,Glo,4.0,661.0,2698.0,9810.0,gdsc:1032:2uM,Afatinib
646771,10678,159.0,1032.0,2.0,124,L22-D1-S,Glo,4.0,311.0,2823.0,9812.0,gdsc:1032:2uM,Afatinib
647722,10682,159.0,1032.0,2.0,124,L22-D1-S,Glo,4.0,130.0,2143.0,9815.0,gdsc:1032:2uM,Afatinib
648673,10686,159.0,1032.0,2.0,124,L22-D1-S,Glo,4.0,482.0,2225.0,9845.0,gdsc:1032:2uM,Afatinib
649624,10689,159.0,1032.0,2.0,124,L22-D1-S,Glo,4.0,113.0,2269.0,9847.0,gdsc:1032:2uM,Afatinib
650096,10691,159.0,1032.0,2.0,124,L22-D1-S,Glo,4.0,641.0,2336.0,9848.0,gdsc:1032:2uM,Afatinib
651047,10696,159.0,1032.0,2.0,124,L22-D1-S,Glo,4.0,2127.0,2766.0,9850.0,gdsc:1032:2uM,Afatinib
651998,10699,159.0,1032.0,2.0,124,L22-D1-S,Glo,4.0,1535.0,2957.0,9852.0,gdsc:1032:2uM,Afatinib
653428,10708,159.0,1032.0,2.0,124,L22-D1-S,Glo,4.0,1647.0,3199.0,9858.0,gdsc:1032:2uM,Afatinib
654379,10711,159.0,1032.0,2.0,124,L22-D1-S,Glo,4.0,628.0,3206.0,9860.0,gdsc:1032:2uM,Afatinib
655330,10714,159.0,1032.0,2.0,124,L22-D1-S,Glo,4.0,386.0,3232.0,9862.0,gdsc:1032:2uM,Afatinib
656281,10717,159.0,1032.0,2.0,124,L22-D1-S,Glo,4.0,1327.0,3460.0,9864.0,gdsc:1032:2uM,Afatinib
657232,10723,159.0,1032.0,2.0,124,L22-D1-S,Glo,4.0,1554.0,3447.0,9866.0,gdsc:1032:2uM,Afatinib
658183,10730,159.0,1032.0,2.0,124,L22-D1-S,Glo,4.0,1476.0,2074.0,9870.0,gdsc:1032:2uM,Afatinib
659134,10735,159.0,1032.0,2.0,124,L22-D1-S,Glo,4.0,2253.0,2555.0,9873.0,gdsc:1032:2uM,Afatinib
660085,10738,159.0,1032.0,2.0,124,L22-D1-S,Glo,4.0,2154.0,2253.0,9875.0,gdsc:1032:2uM,Afatinib
661994,10798,159.0,1032.0,2.0,124,L22-D1-S,Glo,4.0,1922.0,2810.0,9989.0,gdsc:1032:2uM,Afatinib
662945,10801,159.0,1032.0,2.0,124,L22-D1-S,Glo,4.0,1632.0,2412.0,9991.0,gdsc:1032:2uM,Afatinib
663896,10807,159.0,1032.0,2.0,124,L22-D1-S,Glo,4.0,951.0,3075.0,9995.0,gdsc:1032:2uM,Afatinib
664847,10810,159.0,1032.0,2.0,124,L22-D1-S,Glo,4.0,1614.0,3079.0,9997.0,gdsc:1032:2uM,Afatinib
666277,10815,159.0,1032.0,2.0,124,L22-D1-S,Glo,4.0,2225.0,3131.0,10000.0,gdsc:1032:2uM,Afatinib
667228,10818,159.0,1032.0,2.0,124,L22-D1-S,Glo,4.0,1228.0,3207.0,10002.0,gdsc:1032:2uM,Afatinib
668179,10821,159.0,1032.0,2.0,124,L22-D1-S,Glo,4.0,2255.0,2465.0,10004.0,gdsc:1032:2uM,Afatinib
669130,10824,159.0,1032.0,2.0,124,L22-D1-S,Glo,4.0,669.0,3248.0,10006.0,gdsc:1032:2uM,Afatinib
670081,10827,159.0,1032.0,2.0,124,L22-D1-S,Glo,4.0,1585.0,3257.0,10008.0,gdsc:1032:2uM,Afatinib
671032,10830,159.0,1032.0,2.0,124,L22-D1-S,Glo,4.0,1823.0,3317.0,10010.0,gdsc:1032:2uM,Afatinib
671983,10833,159.0,1032.0,2.0,124,L22-D1-S,Glo,4.0,1691.0,3373.0,10012.0,gdsc:1032:2uM,Afatinib
672934,10836,159.0,1032.0,2.0,124,L22-D1-S,Glo,4.0,1002.0,2504.0,10014.0,gdsc:1032:2uM,Afatinib
673406,10838,159.0,1032.0,2.0,124,L22-D1-S,Glo,4.0,1712.0,3443.0,10015.0,gdsc:1032:2uM,Afatinib
674357,10841,159.0,1032.0,2.0,124,L22-D1-S,Glo,4.0,67.0,2506.0,10017.0,gdsc:1032:2uM,Afatinib
675308,10844,159.0,1032.0,2.0,124,L22-D1-S,Glo,4.0,469.0,2013.0,10019.0,gdsc:1032:2uM,Afatinib
675780,10846,159.0,1032.0,2.0,124,L22-D1-S,Glo,4.0,1473.0,2062.0,10020.0,gdsc:1032:2uM,Afatinib
676731,10849,159.0,1032.0,2.0,124,L22-D1-S,Glo,4.0,481.0,2137.0,10022.0,gdsc:1032:2uM,Afatinib
677682,10852,159.0,1032.0,2.0,124,L22-D1-S,Glo,4.0,1560.0,2543.0,10024.0,gdsc:1032:2uM,Afatinib
678633,10855,159.0,1032.0,2.0,124,L22-D1-S,Glo,4.0,576.0,2553.0,10026.0,gdsc:1032:2uM,Afatinib
679584,10944,159.0,1032.0,2.0,124,L22-D1-S,Glo,4.0,450.0,2409.0,10028.0,gdsc:1032:2uM,Afatinib
680535,10859,159.0,1032.0,2.0,124,L22-D1-S,Glo,4.0,953.0,6231.0,10069.0,gdsc:1032:2uM,Afatinib
681007,10860,159.0,1032.0,2.0,124,L22-D1-S,Glo,4.0,953.0,6231.0,10070.0,gdsc:1032:2uM,Afatinib
682916,10872,159.0,1032.0,2.0,124,L22-D1-S,Glo,4.0,2242.0,4711.0,10080.0,gdsc:1032:2uM,Afatinib
683388,10873,159.0,1032.0,2.0,124,L22-D1-S,Glo,4.0,2242.0,4711.0,10081.0,gdsc:1032:2uM,Afatinib
683860,10874,159.0,1032.0,2.0,124,L22-D1-S,Glo,4.0,2242.0,4711.0,10082.0,gdsc:1032:2uM,Afatinib
685769,10879,159.0,1032.0,2.0,124,L22-D1-S,Glo,4.0,1553.0,5232.0,10086.0,gdsc:1032:2uM,Afatinib
686241,10880,159.0,1032.0,2.0,124,L22-D1-S,Glo,4.0,1553.0,5232.0,10087.0,gdsc:1032:2uM,Afatinib
686713,10881,159.0,1032.0,2.0,124,L22-D1-S,Glo,4.0,1553.0,5232.0,10088.0,gdsc:1032:2uM,Afatinib
687664,10886,159.0,1032.0,2.0,124,L22-D1-S,Glo,4.0,1212.0,5530.0,10092.0,gdsc:1032:2uM,Afatinib
688136,10887,159.0,1032.0,2.0,124,L22-D1-S,Glo,4.0,1212.0,5530.0,10093.0,gdsc:1032:2uM,Afatinib
688608,10888,159.0,1032.0,2.0,124,L22-D1-S,Glo,4.0,1212.0,5530.0,10094.0,gdsc:1032:2uM,Afatinib
690517,10893,159.0,1032.0,2.0,124,L22-D1-S,Glo,4.0,921.0,5233.0,10098.0,gdsc:1032:2uM,Afatinib
690989,10894,159.0,1032.0,2.0,124,L22-D1-S,Glo,4.0,921.0,5233.0,10099.0,gdsc:1032:2uM,Afatinib
691461,10895,159.0,1032.0,2.0,124,L22-D1-S,Glo,4.0,921.0,5233.0,10100.0,gdsc:1032:2uM,Afatinib
693370,10900,159.0,1032.0,2.0,124,L22-D1-S,Glo,4.0,339.0,5947.0,10104.0,gdsc:1032:2uM,Afatinib
693842,10901,159.0,1032.0,2.0,124,L22-D1-S,Glo,4.0,339.0,5947.0,10105.0,gdsc:1032:2uM,Afatinib
694314,10902,159.0,1032.0,2.0,124,L22-D1-S,Glo,4.0,339.0,5947.0,10106.0,gdsc:1032:2uM,Afatinib
696223,10907,159.0,1032.0,2.0,124,L22-D1-S,Glo,4.0,198.0,4712.0,10110.0,gdsc:1032:2uM,Afatinib
696695,10908,159.0,1032.0,2.0,124,L22-D1-S,Glo,4.0,198.0,4712.0,10111.0,gdsc:1032:2uM,Afatinib
697167,10909,159.0,1032.0,2.0,124,L22-D1-S,Glo,4.0,198.0,4712.0,10112.0,gdsc:1032:2uM,Afatinib
699076,10914,159.0,1032.0,2.0,124,L22-D1-S,Glo,4.0,37.0,2536.0,10116.0,gdsc:1032:2uM,Afatinib
699548,10915,159.0,1032.0,2.0,124,L22-D1-S,Glo,4.0,37.0,2536.0,10117.0,gdsc:1032:2uM,Afatinib
700020,10916,159.0,1032.0,2.0,124,L22-D1-S,Glo,4.0,37.0,2536.0,10118.0,gdsc:1032:2uM,Afatinib
701929,10921,159.0,1032.0,2.0,124,L22-D1-S,Glo,4.0,3.0,5529.0,10122.0,gdsc:1032:2uM,Afatinib
702401,10922,159.0,1032.0,2.0,124,L22-D1-S,Glo,4.0,3.0,5529.0,10123.0,gdsc:1032:2uM,Afatinib
702873,10923,159.0,1032.0,2.0,124,L22-D1-S,Glo,4.0,3.0,5529.0,10124.0,gdsc:1032:2uM,Afatinib
704782,10928,159.0,1032.0,2.0,124,L22-D1-S,Glo,4.0,1145.0,5512.0,10128.0,gdsc:1032:2uM,Afatinib
705254,10929,159.0,1032.0,2.0,124,L22-D1-S,Glo,4.0,1145.0,5512.0,10129.0,gdsc:1032:2uM,Afatinib
705726,10930,159.0,1032.0,2.0,124,L22-D1-S,Glo,4.0,1145.0,5512.0,10130.0,gdsc:1032:2uM,Afatinib
708593,10991,159.0,1032.0,2.0,124,L22-D1-S,Glo,4.0,1263.0,3169.0,10210.0,gdsc:1032:2uM,Afatinib
709065,10993,159.0,1032.0,2.0,124,L22-D1-S,Glo,4.0,1220.0,3356.0,10211.0,gdsc:1032:2uM,Afatinib
709537,10997,159.0,1032.0,2.0,124,L22-D1-S,Glo,4.0,300.0,2652.0,10213.0,gdsc:1032:2uM,Afatinib
710488,11000,159.0,1032.0,2.0,124,L22-D1-S,Glo,4.0,653.0,2765.0,10215.0,gdsc:1032:2uM,Afatinib
711439,11003,159.0,1032.0,2.0,124,L22-D1-S,Glo,4.0,906.0,3020.0,10217.0,gdsc:1032:2uM,Afatinib
712390,11006,159.0,1032.0,2.0,124,L22-D1-S,Glo,4.0,1645.0,3108.0,10219.0,gdsc:1032:2uM,Afatinib
713341,11009,159.0,1032.0,2.0,124,L22-D1-S,Glo,4.0,427.0,3164.0,10221.0,gdsc:1032:2uM,Afatinib
714292,11012,159.0,1032.0,2.0,124,L22-D1-S,Glo,4.0,1540.0,3175.0,10223.0,gdsc:1032:2uM,Afatinib
715243,11015,159.0,1032.0,2.0,124,L22-D1-S,Glo,4.0,1628.0,2115.0,10225.0,gdsc:1032:2uM,Afatinib
716194,11029,159.0,1032.0,2.0,124,L22-D1-S,Glo,4.0,2038.0,2175.0,10285.0,gdsc:1032:2uM,Afatinib
717145,11032,159.0,1032.0,2.0,124,L22-D1-S,Glo,4.0,1266.0,3328.0,10287.0,gdsc:1032:2uM,Afatinib
718096,11038,159.0,1032.0,2.0,124,L22-D1-S,Glo,4.0,2054.0,2075.0,10289.0,gdsc:1032:2uM,Afatinib
719047,11041,159.0,1032.0,2.0,124,L22-D1-S,Glo,4.0,1712.0,3443.0,10291.0,gdsc:1032:2uM,Afatinib
720477,11050,159.0,1032.0,2.0,124,L22-D1-S,Glo,4.0,892.0,3068.0,10297.0,gdsc:1032:2uM,Afatinib
721428,11053,159.0,1032.0,2.0,124,L22-D1-S,Glo,4.0,129.0,2138.0,10299.0,gdsc:1032:2uM,Afatinib
722379,11056,159.0,1032.0,2.0,124,L22-D1-S,Glo,4.0,60.0,3083.0,10301.0,gdsc:1032:2uM,Afatinib
723330,11059,159.0,1032.0,2.0,124,L22-D1-S,Glo,4.0,1155.0,2274.0,10303.0,gdsc:1032:2uM,Afatinib
724281,11062,159.0,1032.0,2.0,124,L22-D1-S,Glo,4.0,1344.0,3074.0,10305.0,gdsc:1032:2uM,Afatinib
725232,11065,159.0,1032.0,2.0,124,L22-D1-S,Glo,4.0,131.0,2193.0,10307.0,gdsc:1032:2uM,Afatinib
727141,11092,159.0,1032.0,2.0,124,L22-D1-S,Glo,4.0,588.0,5969.0,10350.0,gdsc:1032:2uM,Afatinib
728092,11120,159.0,1032.0,2.0,124,L22-D1-S,Glo,4.0,2036.0,2153.0,10353.0,gdsc:1032:2uM,Afatinib
729522,11132,159.0,1032.0,2.0,124,L22-D1-S,Glo,4.0,2098.0,3015.0,10360.0,gdsc:1032:2uM,Afatinib
730473,11135,159.0,1032.0,2.0,124,L22-D1-S,Glo,4.0,1977.0,2427.0,10362.0,gdsc:1032:2uM,Afatinib
731424,11141,159.0,1032.0,2.0,124,L22-D1-S,Glo,4.0,1624.0,3798.0,10364.0,gdsc:1032:2uM,Afatinib
732375,11281,159.0,1032.0,2.0,124,L22-D1-S,Glo,4.0,903.0,2393.0,10628.0,gdsc:1032:2uM,Afatinib
733805,11286,159.0,1032.0,2.0,124,L22-D1-S,Glo,4.0,615.0,2992.0,10631.0,gdsc:1032:2uM,Afatinib
734756,11289,159.0,1032.0,2.0,124,L22-D1-S,Glo,4.0,1030.0,3018.0,10633.0,gdsc:1032:2uM,Afatinib
735707,11292,159.0,1032.0,2.0,124,L22-D1-S,Glo,4.0,854.0,2430.0,10635.0,gdsc:1032:2uM,Afatinib
736658,11295,159.0,1032.0,2.0,124,L22-D1-S,Glo,4.0,2219.0,3087.0,10637.0,gdsc:1032:2uM,Afatinib
737609,11298,159.0,1032.0,2.0,124,L22-D1-S,Glo,4.0,1267.0,2441.0,10639.0,gdsc:1032:2uM,Afatinib
738560,11301,159.0,1032.0,2.0,124,L22-D1-S,Glo,4.0,2067.0,2453.0,10641.0,gdsc:1032:2uM,Afatinib
739511,11304,159.0,1032.0,2.0,124,L22-D1-S,Glo,4.0,880.0,3157.0,10643.0,gdsc:1032:2uM,Afatinib
740462,11312,159.0,1032.0,2.0,124,L22-D1-S,Glo,4.0,945.0,2527.0,10646.0,gdsc:1032:2uM,Afatinib
741413,11315,159.0,1032.0,2.0,124,L22-D1-S,Glo,4.0,725.0,2532.0,10648.0,gdsc:1032:2uM,Afatinib
742364,11318,159.0,1032.0,2.0,124,L22-D1-S,Glo,4.0,290.0,2127.0,10650.0,gdsc:1032:2uM,Afatinib
742836,11320,159.0,1032.0,2.0,124,L22-D1-S,Glo,4.0,548.0,2235.0,10651.0,gdsc:1032:2uM,Afatinib
743308,11326,159.0,1032.0,2.0,124,L22-D1-S,Glo,4.0,1032.0,2464.0,10655.0,gdsc:1032:2uM,Afatinib
744738,11180,159.0,1032.0,2.0,124,L22-D1-S,Glo,4.0,1001.0,2407.0,10668.0,gdsc:1032:2uM,Afatinib
745689,11186,159.0,1032.0,2.0,124,L22-D1-S,Glo,4.0,893.0,3085.0,10671.0,gdsc:1032:2uM,Afatinib
746161,11192,159.0,1032.0,2.0,124,L22-D1-S,Glo,4.0,1502.0,3097.0,10677.0,gdsc:1032:2uM,Afatinib
746633,11195,159.0,1032.0,2.0,124,L22-D1-S,Glo,4.0,401.0,4581.0,10680.0,gdsc:1032:2uM,Afatinib
747105,11198,159.0,1032.0,2.0,124,L22-D1-S,Glo,4.0,101.0,3161.0,10683.0,gdsc:1032:2uM,Afatinib
748056,11204,159.0,1032.0,2.0,124,L22-D1-S,Glo,4.0,1828.0,3294.0,10689.0,gdsc:1032:2uM,Afatinib
749007,11210,159.0,1032.0,2.0,124,L22-D1-S,Glo,4.0,1545.0,3404.0,10692.0,gdsc:1032:2uM,Afatinib
749958,11213,159.0,1032.0,2.0,124,L22-D1-S,Glo,4.0,1858.0,3461.0,10695.0,gdsc:1032:2uM,Afatinib
750909,11222,159.0,1032.0,2.0,124,L22-D1-S,Glo,4.0,1787.0,2096.0,10701.0,gdsc:1032:2uM,Afatinib
751860,11225,159.0,1032.0,2.0,124,L22-D1-S,Glo,4.0,1641.0,2526.0,10704.0,gdsc:1032:2uM,Afatinib
752811,11228,159.0,1032.0,2.0,124,L22-D1-S,Glo,4.0,1480.0,2118.0,10707.0,gdsc:1032:2uM,Afatinib
753762,11231,159.0,1032.0,2.0,124,L22-D1-S,Glo,4.0,1482.0,2134.0,10710.0,gdsc:1032:2uM,Afatinib
755192,11236,159.0,1032.0,2.0,124,L22-D1-S,Glo,4.0,277.0,2255.0,10715.0,gdsc:1032:2uM,Afatinib
755664,11239,159.0,1032.0,2.0,124,L22-D1-S,Glo,4.0,1145.0,5512.0,10718.0,gdsc:1032:2uM,Afatinib
756136,11240,159.0,1032.0,2.0,124,L22-D1-S,Glo,4.0,1145.0,5512.0,10719.0,gdsc:1032:2uM,Afatinib
756608,11241,159.0,1032.0,2.0,124,L22-D1-S,Glo,4.0,1145.0,5512.0,10720.0,gdsc:1032:2uM,Afatinib
761391,11261,159.0,1032.0,2.0,124,L22-D1-S,Glo,4.0,339.0,5947.0,10740.0,gdsc:1032:2uM,Afatinib
763300,11267,159.0,1032.0,2.0,124,L22-D1-S,Glo,4.0,1221.0,3358.0,10746.0,gdsc:1032:2uM,Afatinib
764730,11376,159.0,1032.0,2.0,124,L22-D1-S,Glo,4.0,344.0,3158.0,10786.0,gdsc:1032:2uM,Afatinib
765681,11335,159.0,1032.0,2.0,124,L22-D1-S,Glo,4.0,2200.0,3380.0,10789.0,gdsc:1032:2uM,Afatinib
766632,11338,159.0,1032.0,2.0,124,L22-D1-S,Glo,4.0,651.0,3092.0,10791.0,gdsc:1032:2uM,Afatinib
767104,11343,159.0,1032.0,2.0,124,L22-D1-S,Glo,4.0,1609.0,2152.0,10792.0,gdsc:1032:2uM,Afatinib
768055,11354,159.0,1032.0,2.0,124,L22-D1-S,Glo,4.0,1542.0,3202.0,10797.0,gdsc:1032:2uM,Afatinib
769006,11359,159.0,1032.0,2.0,124,L22-D1-S,Glo,4.0,1575.0,3311.0,10800.0,gdsc:1032:2uM,Afatinib
769957,11364,159.0,1032.0,2.0,124,L22-D1-S,Glo,4.0,973.0,4053.0,10803.0,gdsc:1032:2uM,Afatinib
770908,11367,159.0,1032.0,2.0,124,L22-D1-S,Glo,4.0,32.0,2474.0,10805.0,gdsc:1032:2uM,Afatinib
771859,11370,159.0,1032.0,2.0,124,L22-D1-S,Glo,4.0,2122.0,3306.0,10807.0,gdsc:1032:2uM,Afatinib
772810,11373,159.0,1032.0,2.0,124,L22-D1-S,Glo,4.0,1541.0,3195.0,10809.0,gdsc:1032:2uM,Afatinib
773282,11399,159.0,1032.0,2.0,124,L22-D1-S,Glo,4.0,1213.0,2938.0,10866.0,gdsc:1032:2uM,Afatinib
774233,11402,159.0,1032.0,2.0,124,L22-D1-S,Glo,4.0,408.0,3088.0,10868.0,gdsc:1032:2uM,Afatinib
776142,11410,159.0,1032.0,2.0,124,L22-D1-S,Glo,4.0,1796.0,3152.0,10872.0,gdsc:1032:2uM,Afatinib
777093,11413,159.0,1032.0,2.0,124,L22-D1-S,Glo,4.0,1989.0,3156.0,10874.0,gdsc:1032:2uM,Afatinib
778044,11422,159.0,1032.0,2.0,124,L22-D1-S,Glo,4.0,215.0,2473.0,10880.0,gdsc:1032:2uM,Afatinib
778995,11425,159.0,1032.0,2.0,124,L22-D1-S,Glo,4.0,1235.0,3271.0,10882.0,gdsc:1032:2uM,Afatinib
779946,11428,159.0,1032.0,2.0,124,L22-D1-S,Glo,4.0,1237.0,3287.0,10884.0,gdsc:1032:2uM,Afatinib
781376,11433,159.0,1032.0,2.0,124,L22-D1-S,Glo,4.0,2147.0,3382.0,10887.0,gdsc:1032:2uM,Afatinib
782327,11439,159.0,1032.0,2.0,124,L22-D1-S,Glo,4.0,88.0,3416.0,10889.0,gdsc:1032:2uM,Afatinib
783278,11451,159.0,1032.0,2.0,124,L22-D1-S,Glo,4.0,1526.0,2519.0,10897.0,gdsc:1032:2uM,Afatinib
784229,11454,159.0,1032.0,2.0,124,L22-D1-S,Glo,4.0,233.0,2099.0,10899.0,gdsc:1032:2uM,Afatinib
785180,11458,159.0,1032.0,2.0,124,L22-D1-S,Glo,4.0,700.0,2222.0,10901.0,gdsc:1032:2uM,Afatinib
786610,11463,159.0,1032.0,2.0,124,L22-D1-S,Glo,4.0,1199.0,2732.0,10904.0,gdsc:1032:2uM,Afatinib
787561,11472,159.0,1032.0,2.0,124,L22-D1-S,Glo,4.0,915.0,3337.0,10910.0,gdsc:1032:2uM,Afatinib
788512,11396,159.0,1032.0,2.0,124,L22-D1-S,Glo,4.0,186.0,2307.0,10912.0,gdsc:1032:2uM,Afatinib
789463,11610,159.0,1032.0,2.0,124,L22-D1-S,Glo,4.0,554.0,2567.0,11015.0,gdsc:1032:2uM,Afatinib
790414,11621,159.0,1032.0,2.0,124,L22-D1-S,Glo,4.0,1038.0,2986.0,11019.0,gdsc:1032:2uM,Afatinib
791365,11624,159.0,1032.0,2.0,124,L22-D1-S,Glo,4.0,217.0,2418.0,11021.0,gdsc:1032:2uM,Afatinib
792316,11635,159.0,1032.0,2.0,124,L22-D1-S,Glo,4.0,45.0,3101.0,11028.0,gdsc:1032:2uM,Afatinib
793267,11639,159.0,1032.0,2.0,124,L22-D1-S,Glo,4.0,2112.0,3201.0,11030.0,gdsc:1032:2uM,Afatinib
794218,11642,159.0,1032.0,2.0,124,L22-D1-S,Glo,4.0,1780.0,2484.0,11032.0,gdsc:1032:2uM,Afatinib
795169,11645,159.0,1032.0,2.0,124,L22-D1-S,Glo,4.0,1826.0,3275.0,11034.0,gdsc:1032:2uM,Afatinib
796120,11654,159.0,1032.0,2.0,124,L22-D1-S,Glo,4.0,78.0,3325.0,11036.0,gdsc:1032:2uM,Afatinib
797071,11663,159.0,1032.0,2.0,124,L22-D1-S,Glo,4.0,1815.0,3375.0,11040.0,gdsc:1032:2uM,Afatinib
798022,11669,159.0,1032.0,2.0,124,L22-D1-S,Glo,4.0,197.0,3484.0,11042.0,gdsc:1032:2uM,Afatinib
798973,11679,159.0,1032.0,2.0,124,L22-D1-S,Glo,4.0,1983.0,2042.0,11047.0,gdsc:1032:2uM,Afatinib
800403,11690,159.0,1032.0,2.0,124,L22-D1-S,Glo,4.0,2221.0,2252.0,11052.0,gdsc:1032:2uM,Afatinib
800875,11526,159.0,1032.0,2.0,124,L22-D1-S,Glo,4.0,1212.0,5530.0,11085.0,gdsc:1032:2uM,Afatinib
802784,11535,159.0,1032.0,2.0,124,L22-D1-S,Glo,4.0,921.0,5233.0,11091.0,gdsc:1032:2uM,Afatinib
803256,11536,159.0,1032.0,2.0,124,L22-D1-S,Glo,4.0,921.0,5233.0,11092.0,gdsc:1032:2uM,Afatinib
803728,11537,159.0,1032.0,2.0,124,L22-D1-S,Glo,4.0,921.0,5233.0,11093.0,gdsc:1032:2uM,Afatinib
805637,11546,159.0,1032.0,2.0,124,L22-D1-S,Glo,4.0,339.0,5947.0,11100.0,gdsc:1032:2uM,Afatinib
806109,11547,159.0,1032.0,2.0,124,L22-D1-S,Glo,4.0,339.0,5947.0,11101.0,gdsc:1032:2uM,Afatinib
806581,11548,159.0,1032.0,2.0,124,L22-D1-S,Glo,4.0,339.0,5947.0,11102.0,gdsc:1032:2uM,Afatinib
808490,11557,159.0,1032.0,2.0,124,L22-D1-S,Glo,4.0,198.0,4712.0,11110.0,gdsc:1032:2uM,Afatinib
808962,11558,159.0,1032.0,2.0,124,L22-D1-S,Glo,4.0,198.0,4712.0,11111.0,gdsc:1032:2uM,Afatinib
809434,11559,159.0,1032.0,2.0,124,L22-D1-S,Glo,4.0,198.0,4712.0,11112.0,gdsc:1032:2uM,Afatinib
811343,11568,159.0,1032.0,2.0,124,L22-D1-S,Glo,4.0,37.0,2536.0,11119.0,gdsc:1032:2uM,Afatinib
811815,11569,159.0,1032.0,2.0,124,L22-D1-S,Glo,4.0,37.0,2536.0,11120.0,gdsc:1032:2uM,Afatinib
812287,11570,159.0,1032.0,2.0,124,L22-D1-S,Glo,4.0,37.0,2536.0,11121.0,gdsc:1032:2uM,Afatinib
814196,11579,159.0,1032.0,2.0,124,L22-D1-S,Glo,4.0,3.0,5529.0,11127.0,gdsc:1032:2uM,Afatinib
814668,11580,159.0,1032.0,2.0,124,L22-D1-S,Glo,4.0,3.0,5529.0,11128.0,gdsc:1032:2uM,Afatinib
815140,11581,159.0,1032.0,2.0,124,L22-D1-S,Glo,4.0,3.0,5529.0,11129.0,gdsc:1032:2uM,Afatinib
817049,11590,159.0,1032.0,2.0,124,L22-D1-S,Glo,4.0,1145.0,5512.0,11135.0,gdsc:1032:2uM,Afatinib
817521,11591,159.0,1032.0,2.0,124,L22-D1-S,Glo,4.0,1145.0,5512.0,11136.0,gdsc:1032:2uM,Afatinib
817993,11592,159.0,1032.0,2.0,124,L22-D1-S,Glo,4.0,1145.0,5512.0,11137.0,gdsc:1032:2uM,Afatinib
819902,11480,159.0,1032.0,2.0,124,L22-D1-S,Glo,4.0,953.0,6231.0,11143.0,gdsc:1032:2uM,Afatinib
820374,11481,159.0,1032.0,2.0,124,L22-D1-S,Glo,4.0,953.0,6231.0,11144.0,gdsc:1032:2uM,Afatinib
820846,11482,159.0,1032.0,2.0,124,L22-D1-S,Glo,4.0,953.0,6231.0,11145.0,gdsc:1032:2uM,Afatinib
822755,11491,159.0,1032.0,2.0,124,L22-D1-S,Glo,4.0,369.0,2878.0,11151.0,gdsc:1032:2uM,Afatinib
823227,11492,159.0,1032.0,2.0,124,L22-D1-S,Glo,4.0,369.0,2878.0,11152.0,gdsc:1032:2uM,Afatinib
823699,11493,159.0,1032.0,2.0,124,L22-D1-S,Glo,4.0,369.0,2878.0,11153.0,gdsc:1032:2uM,Afatinib
825608,11502,159.0,1032.0,2.0,124,L22-D1-S,Glo,4.0,2242.0,4711.0,11159.0,gdsc:1032:2uM,Afatinib
826080,11503,159.0,1032.0,2.0,124,L22-D1-S,Glo,4.0,2242.0,4711.0,11160.0,gdsc:1032:2uM,Afatinib
826552,11504,159.0,1032.0,2.0,124,L22-D1-S,Glo,4.0,2242.0,4711.0,11161.0,gdsc:1032:2uM,Afatinib
828461,11514,159.0,1032.0,2.0,124,L22-D1-S,Glo,4.0,1553.0,5232.0,11168.0,gdsc:1032:2uM,Afatinib
828933,11515,159.0,1032.0,2.0,124,L22-D1-S,Glo,4.0,1553.0,5232.0,11169.0,gdsc:1032:2uM,Afatinib
830842,11524,159.0,1032.0,2.0,124,L22-D1-S,Glo,4.0,1212.0,5530.0,11175.0,gdsc:1032:2uM,Afatinib
831314,11525,159.0,1032.0,2.0,124,L22-D1-S,Glo,4.0,1212.0,5530.0,11176.0,gdsc:1032:2uM,Afatinib
832265,11766,159.0,1032.0,2.0,124,L22-D1-S,Glo,4.0,184.0,3024.0,11206.0,gdsc:1032:2uM,Afatinib
833216,11771,159.0,1032.0,2.0,124,L22-D1-S,Glo,4.0,415.0,4093.0,11208.0,gdsc:1032:2uM,Afatinib
834167,11786,159.0,1032.0,2.0,124,L22-D1-S,Glo,4.0,80.0,3336.0,11210.0,gdsc:1032:2uM,Afatinib
835118,11801,159.0,1032.0,2.0,124,L22-D1-S,Glo,4.0,478.0,3434.0,11212.0,gdsc:1032:2uM,Afatinib
836069,11804,159.0,1032.0,2.0,124,L22-D1-S,Glo,4.0,355.0,3438.0,11214.0,gdsc:1032:2uM,Afatinib
836541,11813,159.0,1032.0,2.0,124,L22-D1-S,Glo,4.0,1781.0,2522.0,11216.0,gdsc:1032:2uM,Afatinib
837492,11816,159.0,1032.0,2.0,124,L22-D1-S,Glo,4.0,1191.0,2105.0,11218.0,gdsc:1032:2uM,Afatinib
838443,11819,159.0,1032.0,2.0,124,L22-D1-S,Glo,4.0,946.0,2531.0,11220.0,gdsc:1032:2uM,Afatinib
839394,11763,159.0,1032.0,2.0,124,L22-D1-S,Glo,4.0,655.0,2857.0,11224.0,gdsc:1032:2uM,Afatinib
840345,11798,159.0,1032.0,2.0,124,L22-D1-S,Glo,4.0,341.0,3396.0,11239.0,gdsc:1032:2uM,Afatinib
841296,11807,159.0,1032.0,2.0,124,L22-D1-S,Glo,4.0,1271.0,2019.0,11241.0,gdsc:1032:2uM,Afatinib
841768,11822,159.0,1032.0,2.0,124,L22-D1-S,Glo,4.0,2037.0,2165.0,11242.0,gdsc:1032:2uM,Afatinib
842719,11792,159.0,1032.0,2.0,124,L22-D1-S,Glo,4.0,918.0,3370.0,11261.0,gdsc:1032:2uM,Afatinib
843191,11839,159.0,1032.0,2.0,124,L22-D1-S,Glo,4.0,709.0,3093.0,11287.0,gdsc:1032:2uM,Afatinib
843663,11844,159.0,1032.0,2.0,124,L22-D1-S,Glo,4.0,1380.0,3383.0,11288.0,gdsc:1032:2uM,Afatinib
845093,11857,159.0,1032.0,2.0,124,L22-D1-S,Glo,4.0,2218.0,6375.0,11296.0,gdsc:1032:2uM,Afatinib
845565,11865,159.0,1032.0,2.0,124,L22-D1-S,Glo,4.0,944.0,2919.0,11298.0,gdsc:1032:2uM,Afatinib
846516,11871,159.0,1032.0,2.0,124,L22-D1-S,Glo,4.0,2106.0,3329.0,11300.0,gdsc:1032:2uM,Afatinib
847467,11877,159.0,1032.0,2.0,124,L22-D1-S,Glo,4.0,1539.0,3387.0,11304.0,gdsc:1032:2uM,Afatinib
848418,11880,159.0,1032.0,2.0,124,L22-D1-S,Glo,4.0,1240.0,3303.0,11306.0,gdsc:1032:2uM,Afatinib
849369,11883,159.0,1032.0,2.0,124,L22-D1-S,Glo,4.0,2224.0,3090.0,11308.0,gdsc:1032:2uM,Afatinib
851278,11927,159.0,1032.0,2.0,124,L22-D1-S,Glo,4.0,1224.0,3381.0,11342.0,gdsc:1032:2uM,Afatinib
852229,11930,159.0,1032.0,2.0,124,L22-D1-S,Glo,4.0,1826.0,3275.0,11344.0,gdsc:1032:2uM,Afatinib
853659,11951,159.0,1032.0,2.0,124,L22-D1-S,Glo,4.0,2087.0,5209.0,11350.0,gdsc:1032:2uM,Afatinib
855089,11957,159.0,1032.0,2.0,124,L22-D1-S,Glo,4.0,1166.0,2126.0,11354.0,gdsc:1032:2uM,Afatinib
855561,11988,159.0,1032.0,2.0,124,L22-D1-S,Glo,4.0,2227.0,3225.0,11369.0,gdsc:1032:2uM,Afatinib
856033,11989,159.0,1032.0,2.0,124,L22-D1-S,Glo,4.0,2227.0,3225.0,11370.0,gdsc:1032:2uM,Afatinib
856984,11992,159.0,1032.0,2.0,124,L22-D1-S,Glo,4.0,2119.0,3279.0,11372.0,gdsc:1032:2uM,Afatinib
857935,12003,159.0,1032.0,2.0,124,L22-D1-S,Glo,4.0,90.0,3312.0,11374.0,gdsc:1032:2uM,Afatinib
859365,12007,159.0,1032.0,2.0,124,L22-D1-S,Glo,4.0,2107.0,3342.0,11377.0,gdsc:1032:2uM,Afatinib
859837,12008,159.0,1032.0,2.0,124,L22-D1-S,Glo,4.0,2107.0,3342.0,11378.0,gdsc:1032:2uM,Afatinib
861746,12014,159.0,1032.0,2.0,124,L22-D1-S,Glo,4.0,399.0,2061.0,11382.0,gdsc:1032:2uM,Afatinib
863176,12035,159.0,1032.0,2.0,124,L22-D1-S,Glo,4.0,1470.0,2267.0,11385.0,gdsc:1032:2uM,Afatinib
863648,12036,159.0,1032.0,2.0,124,L22-D1-S,Glo,4.0,1470.0,2267.0,11386.0,gdsc:1032:2uM,Afatinib
865557,12083,159.0,1032.0,2.0,124,L22-D1-S,Glo,4.0,152.0,5954.0,11437.0,gdsc:1032:2uM,Afatinib
866508,12086,159.0,1032.0,2.0,124,L22-D1-S,Glo,4.0,2099.0,2930.0,11439.0,gdsc:1032:2uM,Afatinib
867459,12089,159.0,1032.0,2.0,124,L22-D1-S,Glo,4.0,569.0,2450.0,11441.0,gdsc:1032:2uM,Afatinib
868410,12092,159.0,1032.0,2.0,124,L22-D1-S,Glo,4.0,741.0,5360.0,11443.0,gdsc:1032:2uM,Afatinib
869361,12095,159.0,1032.0,2.0,124,L22-D1-S,Glo,4.0,43.0,5356.0,11445.0,gdsc:1032:2uM,Afatinib
869833,12098,159.0,1032.0,2.0,124,L22-D1-S,Glo,4.0,1066.0,4737.0,11447.0,gdsc:1032:2uM,Afatinib
870784,12101,159.0,1032.0,2.0,124,L22-D1-S,Glo,4.0,338.0,5569.0,11449.0,gdsc:1032:2uM,Afatinib
871735,12107,159.0,1032.0,2.0,124,L22-D1-S,Glo,4.0,1034.0,2631.0,11451.0,gdsc:1032:2uM,Afatinib
872207,12125,159.0,1032.0,2.0,124,L22-D1-S,Glo,4.0,601.0,2287.0,11457.0,gdsc:1032:2uM,Afatinib
873158,12149,159.0,1032.0,2.0,124,L22-D1-S,Glo,4.0,961.0,2046.0,11463.0,gdsc:1032:2uM,Afatinib
104,3230,159.0,1036.0,10.0,123,L21-D1-S,Glo,4.0,198.0,4712.0,2945.0,gdsc:1036:10uM,PLX-4720
576,3236,159.0,1036.0,10.0,123,L21-D1-S,Glo,4.0,369.0,2878.0,2947.0,gdsc:1036:10uM,PLX-4720
1048,3242,159.0,1036.0,10.0,123,L21-D1-S,Glo,4.0,953.0,4740.0,2948.0,gdsc:1036:10uM,PLX-4720
1520,3266,159.0,1036.0,10.0,123,L21-D1-S,Glo,4.0,793.0,2354.0,2956.0,gdsc:1036:10uM,PLX-4720
2471,3278,159.0,1036.0,10.0,123,L21-D1-S,Glo,4.0,324.0,2377.0,2964.0,gdsc:1036:10uM,PLX-4720
3422,3339,159.0,1036.0,10.0,123,L21-D1-S,Glo,4.0,555.0,2575.0,3068.0,gdsc:1036:10uM,PLX-4720
4852,3348,159.0,1036.0,10.0,123,L21-D1-S,Glo,4.0,2242.0,4711.0,3072.0,gdsc:1036:10uM,PLX-4720
5803,3351,159.0,1036.0,10.0,123,L21-D1-S,Glo,4.0,1145.0,2231.0,3074.0,gdsc:1036:10uM,PLX-4720
6754,3357,159.0,1036.0,10.0,123,L21-D1-S,Glo,4.0,2194.0,2199.0,3078.0,gdsc:1036:10uM,PLX-4720
7226,3360,159.0,1036.0,10.0,123,L21-D1-S,Glo,4.0,1625.0,3832.0,3080.0,gdsc:1036:10uM,PLX-4720
8177,3366,159.0,1036.0,10.0,123,L21-D1-S,Glo,4.0,607.0,2514.0,3084.0,gdsc:1036:10uM,PLX-4720
9607,3384,159.0,1036.0,10.0,123,L21-D1-S,Glo,4.0,1153.0,2572.0,3096.0,gdsc:1036:10uM,PLX-4720
11037,3481,159.0,1036.0,10.0,123,L21-D1-S,Glo,4.0,198.0,4712.0,3188.0,gdsc:1036:10uM,PLX-4720
11988,3484,159.0,1036.0,10.0,123,L21-D1-S,Glo,4.0,369.0,2878.0,3190.0,gdsc:1036:10uM,PLX-4720
12939,3487,159.0,1036.0,10.0,123,L21-D1-S,Glo,4.0,953.0,4740.0,3192.0,gdsc:1036:10uM,PLX-4720
13890,3490,159.0,1036.0,10.0,123,L21-D1-S,Glo,4.0,3.0,2181.0,3194.0,gdsc:1036:10uM,PLX-4720
14841,3493,159.0,1036.0,10.0,123,L21-D1-S,Glo,4.0,1212.0,4576.0,3196.0,gdsc:1036:10uM,PLX-4720
15792,3496,159.0,1036.0,10.0,123,L21-D1-S,Glo,4.0,1553.0,2791.0,3198.0,gdsc:1036:10uM,PLX-4720
16743,3499,159.0,1036.0,10.0,123,L21-D1-S,Glo,4.0,37.0,2536.0,3200.0,gdsc:1036:10uM,PLX-4720
17694,3502,159.0,1036.0,10.0,123,L21-D1-S,Glo,4.0,339.0,3192.0,3202.0,gdsc:1036:10uM,PLX-4720
18645,3505,159.0,1036.0,10.0,123,L21-D1-S,Glo,4.0,921.0,3180.0,3204.0,gdsc:1036:10uM,PLX-4720
19596,3508,159.0,1036.0,10.0,123,L21-D1-S,Glo,4.0,2242.0,4711.0,3206.0,gdsc:1036:10uM,PLX-4720
20547,3511,159.0,1036.0,10.0,123,L21-D1-S,Glo,4.0,1145.0,2231.0,3208.0,gdsc:1036:10uM,PLX-4720
21498,3535,159.0,1036.0,10.0,123,L21-D1-S,Glo,4.0,794.0,2141.0,3218.0,gdsc:1036:10uM,PLX-4720
21970,3538,159.0,1036.0,10.0,123,L21-D1-S,Glo,4.0,304.0,2100.0,3220.0,gdsc:1036:10uM,PLX-4720
22921,3550,159.0,1036.0,10.0,123,L21-D1-S,Glo,4.0,2128.0,2328.0,3226.0,gdsc:1036:10uM,PLX-4720
23872,3553,159.0,1036.0,10.0,123,L21-D1-S,Glo,4.0,1625.0,3832.0,3228.0,gdsc:1036:10uM,PLX-4720
24823,3556,159.0,1036.0,10.0,123,L21-D1-S,Glo,4.0,1915.0,5509.0,3230.0,gdsc:1036:10uM,PLX-4720
25295,3562,159.0,1036.0,10.0,123,L21-D1-S,Glo,4.0,1687.0,2582.0,3234.0,gdsc:1036:10uM,PLX-4720
26246,3565,159.0,1036.0,10.0,123,L21-D1-S,Glo,4.0,17.0,2587.0,3236.0,gdsc:1036:10uM,PLX-4720
27197,3568,159.0,1036.0,10.0,123,L21-D1-S,Glo,4.0,607.0,2514.0,3238.0,gdsc:1036:10uM,PLX-4720
28148,3571,159.0,1036.0,10.0,123,L21-D1-S,Glo,4.0,40.0,4072.0,3240.0,gdsc:1036:10uM,PLX-4720
29099,3689,159.0,1036.0,10.0,123,L21-D1-S,Glo,4.0,724.0,2449.0,3391.0,gdsc:1036:10uM,PLX-4720
30050,3692,159.0,1036.0,10.0,123,L21-D1-S,Glo,4.0,2266.0,3113.0,3393.0,gdsc:1036:10uM,PLX-4720
31001,3695,159.0,1036.0,10.0,123,L21-D1-S,Glo,4.0,1756.0,2448.0,3395.0,gdsc:1036:10uM,PLX-4720
31952,3704,159.0,1036.0,10.0,123,L21-D1-S,Glo,4.0,43.0,2396.0,3401.0,gdsc:1036:10uM,PLX-4720
32903,3714,159.0,1036.0,10.0,123,L21-D1-S,Glo,4.0,1230.0,3414.0,3407.0,gdsc:1036:10uM,PLX-4720
33854,3735,159.0,1036.0,10.0,123,L21-D1-S,Glo,4.0,1845.0,2333.0,3413.0,gdsc:1036:10uM,PLX-4720
34805,3738,159.0,1036.0,10.0,123,L21-D1-S,Glo,4.0,598.0,3069.0,3415.0,gdsc:1036:10uM,PLX-4720
36235,3945,159.0,1036.0,10.0,123,L21-D1-S,Glo,4.0,69.0,2512.0,3527.0,gdsc:1036:10uM,PLX-4720
37186,3954,159.0,1036.0,10.0,123,L21-D1-S,Glo,4.0,1185.0,2639.0,3531.0,gdsc:1036:10uM,PLX-4720
38137,3960,159.0,1036.0,10.0,123,L21-D1-S,Glo,4.0,794.0,2141.0,3535.0,gdsc:1036:10uM,PLX-4720
38609,3966,159.0,1036.0,10.0,123,L21-D1-S,Glo,4.0,2066.0,2452.0,3538.0,gdsc:1036:10uM,PLX-4720
39560,3969,159.0,1036.0,10.0,123,L21-D1-S,Glo,4.0,928.0,5513.0,3540.0,gdsc:1036:10uM,PLX-4720
40032,3972,159.0,1036.0,10.0,123,L21-D1-S,Glo,4.0,1688.0,5572.0,3542.0,gdsc:1036:10uM,PLX-4720
40983,3975,159.0,1036.0,10.0,123,L21-D1-S,Glo,4.0,338.0,5569.0,3544.0,gdsc:1036:10uM,PLX-4720
41455,3978,159.0,1036.0,10.0,123,L21-D1-S,Glo,4.0,699.0,2102.0,3545.0,gdsc:1036:10uM,PLX-4720
42406,3981,159.0,1036.0,10.0,123,L21-D1-S,Glo,4.0,162.0,2657.0,3547.0,gdsc:1036:10uM,PLX-4720
43357,3987,159.0,1036.0,10.0,123,L21-D1-S,Glo,4.0,1563.0,2358.0,3550.0,gdsc:1036:10uM,PLX-4720
44308,3993,159.0,1036.0,10.0,123,L21-D1-S,Glo,4.0,2099.0,2930.0,3552.0,gdsc:1036:10uM,PLX-4720
45259,3996,159.0,1036.0,10.0,123,L21-D1-S,Glo,4.0,741.0,2716.0,3554.0,gdsc:1036:10uM,PLX-4720
45731,3999,159.0,1036.0,10.0,123,L21-D1-S,Glo,4.0,3.0,2181.0,3555.0,gdsc:1036:10uM,PLX-4720
46203,4002,159.0,1036.0,10.0,123,L21-D1-S,Glo,4.0,1833.0,4392.0,3556.0,gdsc:1036:10uM,PLX-4720
46675,4005,159.0,1036.0,10.0,123,L21-D1-S,Glo,4.0,305.0,4577.0,3558.0,gdsc:1036:10uM,PLX-4720
47147,4008,159.0,1036.0,10.0,123,L21-D1-S,Glo,4.0,1920.0,2790.0,3559.0,gdsc:1036:10uM,PLX-4720
50972,4094,159.0,1036.0,10.0,123,L21-D1-S,Glo,4.0,198.0,4712.0,3669.0,gdsc:1036:10uM,PLX-4720
51444,4095,159.0,1036.0,10.0,123,L21-D1-S,Glo,4.0,198.0,4712.0,3670.0,gdsc:1036:10uM,PLX-4720
51916,4096,159.0,1036.0,10.0,123,L21-D1-S,Glo,4.0,198.0,4712.0,3671.0,gdsc:1036:10uM,PLX-4720
53825,4115,159.0,1036.0,10.0,123,L21-D1-S,Glo,4.0,953.0,4740.0,3690.0,gdsc:1036:10uM,PLX-4720
54297,4116,159.0,1036.0,10.0,123,L21-D1-S,Glo,4.0,953.0,4740.0,3691.0,gdsc:1036:10uM,PLX-4720
54769,4117,159.0,1036.0,10.0,123,L21-D1-S,Glo,4.0,953.0,4740.0,3692.0,gdsc:1036:10uM,PLX-4720
56678,4122,159.0,1036.0,10.0,123,L21-D1-S,Glo,4.0,3.0,2181.0,3697.0,gdsc:1036:10uM,PLX-4720
57150,4123,159.0,1036.0,10.0,123,L21-D1-S,Glo,4.0,3.0,2181.0,3698.0,gdsc:1036:10uM,PLX-4720
57622,4124,159.0,1036.0,10.0,123,L21-D1-S,Glo,4.0,3.0,2181.0,3700.0,gdsc:1036:10uM,PLX-4720
59531,4129,159.0,1036.0,10.0,123,L21-D1-S,Glo,4.0,1212.0,4576.0,3705.0,gdsc:1036:10uM,PLX-4720
60003,4130,159.0,1036.0,10.0,123,L21-D1-S,Glo,4.0,1212.0,4576.0,3706.0,gdsc:1036:10uM,PLX-4720
60475,4131,159.0,1036.0,10.0,123,L21-D1-S,Glo,4.0,1212.0,4576.0,3707.0,gdsc:1036:10uM,PLX-4720
60947,4143,159.0,1036.0,10.0,123,L21-D1-S,Glo,4.0,37.0,2536.0,3712.0,gdsc:1036:10uM,PLX-4720
61419,4144,159.0,1036.0,10.0,123,L21-D1-S,Glo,4.0,37.0,2536.0,3713.0,gdsc:1036:10uM,PLX-4720
61891,4145,159.0,1036.0,10.0,123,L21-D1-S,Glo,4.0,37.0,2536.0,3714.0,gdsc:1036:10uM,PLX-4720
63800,4150,159.0,1036.0,10.0,123,L21-D1-S,Glo,4.0,339.0,3192.0,3719.0,gdsc:1036:10uM,PLX-4720
64272,4151,159.0,1036.0,10.0,123,L21-D1-S,Glo,4.0,339.0,3192.0,3720.0,gdsc:1036:10uM,PLX-4720
64744,4152,159.0,1036.0,10.0,123,L21-D1-S,Glo,4.0,339.0,3192.0,3721.0,gdsc:1036:10uM,PLX-4720
65216,4157,159.0,1036.0,10.0,123,L21-D1-S,Glo,4.0,921.0,3180.0,3725.0,gdsc:1036:10uM,PLX-4720
65688,4158,159.0,1036.0,10.0,123,L21-D1-S,Glo,4.0,921.0,3180.0,3726.0,gdsc:1036:10uM,PLX-4720
66160,4159,159.0,1036.0,10.0,123,L21-D1-S,Glo,4.0,921.0,3180.0,3727.0,gdsc:1036:10uM,PLX-4720
68069,4164,159.0,1036.0,10.0,123,L21-D1-S,Glo,4.0,2242.0,4711.0,3732.0,gdsc:1036:10uM,PLX-4720
68541,4165,159.0,1036.0,10.0,123,L21-D1-S,Glo,4.0,2242.0,4711.0,3733.0,gdsc:1036:10uM,PLX-4720
69013,4166,159.0,1036.0,10.0,123,L21-D1-S,Glo,4.0,2242.0,4711.0,3734.0,gdsc:1036:10uM,PLX-4720
70922,4171,159.0,1036.0,10.0,123,L21-D1-S,Glo,4.0,1145.0,2231.0,3739.0,gdsc:1036:10uM,PLX-4720
71394,4172,159.0,1036.0,10.0,123,L21-D1-S,Glo,4.0,1145.0,2231.0,3740.0,gdsc:1036:10uM,PLX-4720
72345,4219,159.0,1036.0,10.0,123,L21-D1-S,Glo,4.0,152.0,4305.0,3747.0,gdsc:1036:10uM,PLX-4720
72817,4228,159.0,1036.0,10.0,123,L21-D1-S,Glo,4.0,1.0,2174.0,3751.0,gdsc:1036:10uM,PLX-4720
73289,4231,159.0,1036.0,10.0,123,L21-D1-S,Glo,4.0,573.0,2493.0,3753.0,gdsc:1036:10uM,PLX-4720
73761,4177,159.0,1036.0,10.0,123,L21-D1-S,Glo,4.0,2104.0,5532.0,3767.0,gdsc:1036:10uM,PLX-4720
74712,4180,159.0,1036.0,10.0,123,L21-D1-S,Glo,4.0,1687.0,2582.0,3769.0,gdsc:1036:10uM,PLX-4720
75184,4186,159.0,1036.0,10.0,123,L21-D1-S,Glo,4.0,901.0,2364.0,3773.0,gdsc:1036:10uM,PLX-4720
76135,4192,159.0,1036.0,10.0,123,L21-D1-S,Glo,4.0,1513.0,3031.0,3777.0,gdsc:1036:10uM,PLX-4720
77086,4201,159.0,1036.0,10.0,123,L21-D1-S,Glo,4.0,1006.0,2627.0,3781.0,gdsc:1036:10uM,PLX-4720
78037,4204,159.0,1036.0,10.0,123,L21-D1-S,Glo,4.0,791.0,2116.0,3783.0,gdsc:1036:10uM,PLX-4720
78988,4207,159.0,1036.0,10.0,123,L21-D1-S,Glo,4.0,177.0,3758.0,3785.0,gdsc:1036:10uM,PLX-4720
79939,4213,159.0,1036.0,10.0,123,L21-D1-S,Glo,4.0,1611.0,2549.0,3787.0,gdsc:1036:10uM,PLX-4720
81848,4602,159.0,1036.0,10.0,123,L21-D1-S,Glo,4.0,1833.0,4392.0,3930.0,gdsc:1036:10uM,PLX-4720
82320,4608,159.0,1036.0,10.0,123,L21-D1-S,Glo,4.0,1794.0,3112.0,3934.0,gdsc:1036:10uM,PLX-4720
83271,4623,159.0,1036.0,10.0,123,L21-D1-S,Glo,4.0,304.0,2100.0,3938.0,gdsc:1036:10uM,PLX-4720
84222,4629,159.0,1036.0,10.0,123,L21-D1-S,Glo,4.0,648.0,2920.0,3942.0,gdsc:1036:10uM,PLX-4720
84694,4632,159.0,1036.0,10.0,123,L21-D1-S,Glo,4.0,699.0,2102.0,3944.0,gdsc:1036:10uM,PLX-4720
85645,4635,159.0,1036.0,10.0,123,L21-D1-S,Glo,4.0,1068.0,3502.0,3946.0,gdsc:1036:10uM,PLX-4720
86117,4638,159.0,1036.0,10.0,123,L21-D1-S,Glo,4.0,1625.0,3832.0,3948.0,gdsc:1036:10uM,PLX-4720
87068,4641,159.0,1036.0,10.0,123,L21-D1-S,Glo,4.0,569.0,4582.0,3951.0,gdsc:1036:10uM,PLX-4720
88498,4726,159.0,1036.0,10.0,123,L21-D1-S,Glo,4.0,966.0,3792.0,4123.0,gdsc:1036:10uM,PLX-4720
88970,4711,159.0,1036.0,10.0,123,L21-D1-S,Glo,4.0,2164.0,3795.0,4125.0,gdsc:1036:10uM,PLX-4720
89442,4714,159.0,1036.0,10.0,123,L21-D1-S,Glo,4.0,1372.0,3408.0,4129.0,gdsc:1036:10uM,PLX-4720
89914,4742,159.0,1036.0,10.0,123,L21-D1-S,Glo,4.0,154.0,4313.0,4130.0,gdsc:1036:10uM,PLX-4720
90386,4739,159.0,1036.0,10.0,123,L21-D1-S,Glo,4.0,2148.0,2596.0,4131.0,gdsc:1036:10uM,PLX-4720
90858,4769,159.0,1036.0,10.0,123,L21-D1-S,Glo,4.0,2191.0,4312.0,4138.0,gdsc:1036:10uM,PLX-4720
91330,4772,159.0,1036.0,10.0,123,L21-D1-S,Glo,4.0,1907.0,4302.0,4140.0,gdsc:1036:10uM,PLX-4720
91802,4781,159.0,1036.0,10.0,123,L21-D1-S,Glo,4.0,997.0,5571.0,4141.0,gdsc:1036:10uM,PLX-4720
92274,4696,159.0,1036.0,10.0,123,L21-D1-S,Glo,4.0,106.0,3346.0,4143.0,gdsc:1036:10uM,PLX-4720
92746,4708,159.0,1036.0,10.0,123,L21-D1-S,Glo,4.0,1557.0,2911.0,4144.0,gdsc:1036:10uM,PLX-4720
93218,4717,159.0,1036.0,10.0,123,L21-D1-S,Glo,4.0,1491.0,2528.0,4145.0,gdsc:1036:10uM,PLX-4720
93690,4720,159.0,1036.0,10.0,123,L21-D1-S,Glo,4.0,1005.0,2574.0,4146.0,gdsc:1036:10uM,PLX-4720
100389,4801,159.0,1036.0,10.0,123,L21-D1-S,Glo,4.0,1372.0,3408.0,4286.0,gdsc:1036:10uM,PLX-4720
100861,4810,159.0,1036.0,10.0,123,L21-D1-S,Glo,4.0,91.0,3315.0,4287.0,gdsc:1036:10uM,PLX-4720
104207,4816,159.0,1036.0,10.0,123,L21-D1-S,Glo,4.0,200.0,3757.0,4303.0,gdsc:1036:10uM,PLX-4720
104679,4804,159.0,1036.0,10.0,123,L21-D1-S,Glo,4.0,1839.0,2856.0,4304.0,gdsc:1036:10uM,PLX-4720
105151,4798,159.0,1036.0,10.0,123,L21-D1-S,Glo,4.0,1794.0,3112.0,4305.0,gdsc:1036:10uM,PLX-4720
105623,4822,159.0,1036.0,10.0,123,L21-D1-S,Glo,4.0,901.0,2364.0,4306.0,gdsc:1036:10uM,PLX-4720
106095,4825,159.0,1036.0,10.0,123,L21-D1-S,Glo,4.0,2066.0,2452.0,4307.0,gdsc:1036:10uM,PLX-4720
107046,4864,159.0,1036.0,10.0,123,L21-D1-S,Glo,4.0,385.0,3230.0,4357.0,gdsc:1036:10uM,PLX-4720
107997,4867,159.0,1036.0,10.0,123,L21-D1-S,Glo,4.0,688.0,3871.0,4359.0,gdsc:1036:10uM,PLX-4720
108948,4890,159.0,1036.0,10.0,123,L21-D1-S,Glo,4.0,1471.0,2038.0,4361.0,gdsc:1036:10uM,PLX-4720
109420,4899,159.0,1036.0,10.0,123,L21-D1-S,Glo,4.0,974.0,2167.0,4363.0,gdsc:1036:10uM,PLX-4720
110371,4902,159.0,1036.0,10.0,123,L21-D1-S,Glo,4.0,575.0,2550.0,4365.0,gdsc:1036:10uM,PLX-4720
110843,5155,159.0,1036.0,10.0,123,L21-D1-S,Glo,4.0,1157.0,2001.0,4571.0,gdsc:1036:10uM,PLX-4720
111315,5164,159.0,1036.0,10.0,123,L21-D1-S,Glo,4.0,63.0,2300.0,4576.0,gdsc:1036:10uM,PLX-4720
111787,5116,159.0,1036.0,10.0,123,L21-D1-S,Glo,4.0,1254.0,3456.0,4581.0,gdsc:1036:10uM,PLX-4720
112259,5101,159.0,1036.0,10.0,123,L21-D1-S,Glo,4.0,1036.0,2784.0,4583.0,gdsc:1036:10uM,PLX-4720
112731,5095,159.0,1036.0,10.0,123,L21-D1-S,Glo,4.0,1563.0,2358.0,4585.0,gdsc:1036:10uM,PLX-4720
115119,5291,159.0,1036.0,10.0,123,L21-D1-S,Glo,4.0,868.0,2678.0,4667.0,gdsc:1036:10uM,PLX-4720
115591,5285,159.0,1036.0,10.0,123,L21-D1-S,Glo,4.0,301.0,2656.0,4669.0,gdsc:1036:10uM,PLX-4720
116063,5288,159.0,1036.0,10.0,123,L21-D1-S,Glo,4.0,2061.0,2623.0,4670.0,gdsc:1036:10uM,PLX-4720
116535,5306,159.0,1036.0,10.0,123,L21-D1-S,Glo,4.0,1465.0,2446.0,4671.0,gdsc:1036:10uM,PLX-4720
117007,5327,159.0,1036.0,10.0,123,L21-D1-S,Glo,4.0,1141.0,2183.0,4672.0,gdsc:1036:10uM,PLX-4720
117479,5297,159.0,1036.0,10.0,123,L21-D1-S,Glo,4.0,1806.0,2303.0,4673.0,gdsc:1036:10uM,PLX-4720
117951,5312,159.0,1036.0,10.0,123,L21-D1-S,Glo,4.0,738.0,2260.0,4674.0,gdsc:1036:10uM,PLX-4720
118423,5303,159.0,1036.0,10.0,123,L21-D1-S,Glo,4.0,1483.0,2611.0,4675.0,gdsc:1036:10uM,PLX-4720
118895,5279,159.0,1036.0,10.0,123,L21-D1-S,Glo,4.0,346.0,3166.0,4676.0,gdsc:1036:10uM,PLX-4720
119367,5294,159.0,1036.0,10.0,123,L21-D1-S,Glo,4.0,1777.0,2722.0,4677.0,gdsc:1036:10uM,PLX-4720
119839,5300,159.0,1036.0,10.0,123,L21-D1-S,Glo,4.0,1207.0,2301.0,4679.0,gdsc:1036:10uM,PLX-4720
120311,5282,159.0,1036.0,10.0,123,L21-D1-S,Glo,4.0,672.0,3266.0,4680.0,gdsc:1036:10uM,PLX-4720
121262,5330,159.0,1036.0,10.0,123,L21-D1-S,Glo,4.0,1921.0,2809.0,4683.0,gdsc:1036:10uM,PLX-4720
123171,5321,159.0,1036.0,10.0,123,L21-D1-S,Glo,4.0,480.0,2164.0,4690.0,gdsc:1036:10uM,PLX-4720
123643,5318,159.0,1036.0,10.0,123,L21-D1-S,Glo,4.0,2081.0,3115.0,4691.0,gdsc:1036:10uM,PLX-4720
124115,5270,159.0,1036.0,10.0,123,L21-D1-S,Glo,4.0,652.0,2756.0,4692.0,gdsc:1036:10uM,PLX-4720
127461,5433,159.0,1036.0,10.0,123,L21-D1-S,Glo,4.0,1223.0,3377.0,4852.0,gdsc:1036:10uM,PLX-4720
127933,5427,159.0,1036.0,10.0,123,L21-D1-S,Glo,4.0,1941.0,2997.0,4856.0,gdsc:1036:10uM,PLX-4720
128405,5424,159.0,1036.0,10.0,123,L21-D1-S,Glo,4.0,63.0,2300.0,4858.0,gdsc:1036:10uM,PLX-4720
129356,5550,159.0,1036.0,10.0,123,L21-D1-S,Glo,4.0,1749.0,2155.0,4933.0,gdsc:1036:10uM,PLX-4720
129828,5562,159.0,1036.0,10.0,123,L21-D1-S,Glo,4.0,2104.0,5532.0,4934.0,gdsc:1036:10uM,PLX-4720
130300,5544,159.0,1036.0,10.0,123,L21-D1-S,Glo,4.0,14.0,2564.0,4936.0,gdsc:1036:10uM,PLX-4720
130772,5565,159.0,1036.0,10.0,123,L21-D1-S,Glo,4.0,306.0,3110.0,4938.0,gdsc:1036:10uM,PLX-4720
131244,5520,159.0,1036.0,10.0,123,L21-D1-S,Glo,4.0,558.0,2002.0,4939.0,gdsc:1036:10uM,PLX-4720
131716,5547,159.0,1036.0,10.0,123,L21-D1-S,Glo,4.0,114.0,2279.0,4940.0,gdsc:1036:10uM,PLX-4720
132188,5517,159.0,1036.0,10.0,123,L21-D1-S,Glo,4.0,2061.0,2623.0,4943.0,gdsc:1036:10uM,PLX-4720
132660,5526,159.0,1036.0,10.0,123,L21-D1-S,Glo,4.0,1806.0,2303.0,4944.0,gdsc:1036:10uM,PLX-4720
133132,5529,159.0,1036.0,10.0,123,L21-D1-S,Glo,4.0,1777.0,2722.0,4945.0,gdsc:1036:10uM,PLX-4720
133604,5541,159.0,1036.0,10.0,123,L21-D1-S,Glo,4.0,1284.0,3255.0,4946.0,gdsc:1036:10uM,PLX-4720
134076,5523,159.0,1036.0,10.0,123,L21-D1-S,Glo,4.0,1207.0,2301.0,4949.0,gdsc:1036:10uM,PLX-4720
134548,5571,159.0,1036.0,10.0,123,L21-D1-S,Glo,4.0,1689.0,2184.0,4950.0,gdsc:1036:10uM,PLX-4720
142205,5741,159.0,1036.0,10.0,123,L21-D1-S,Glo,4.0,1615.0,3372.0,5205.0,gdsc:1036:10uM,PLX-4720
142677,5732,159.0,1036.0,10.0,123,L21-D1-S,Glo,4.0,960.0,2029.0,5206.0,gdsc:1036:10uM,PLX-4720
143149,5747,159.0,1036.0,10.0,123,L21-D1-S,Glo,4.0,1562.0,2327.0,5211.0,gdsc:1036:10uM,PLX-4720
143621,5753,159.0,1036.0,10.0,123,L21-D1-S,Glo,4.0,305.0,4577.0,5213.0,gdsc:1036:10uM,PLX-4720
146967,5744,159.0,1036.0,10.0,123,L21-D1-S,Glo,4.0,561.0,2036.0,5235.0,gdsc:1036:10uM,PLX-4720
147439,5750,159.0,1036.0,10.0,123,L21-D1-S,Glo,4.0,268.0,2146.0,5236.0,gdsc:1036:10uM,PLX-4720
147911,5738,159.0,1036.0,10.0,123,L21-D1-S,Glo,4.0,412.0,3411.0,5237.0,gdsc:1036:10uM,PLX-4720
149820,6011,159.0,1036.0,10.0,123,L21-D1-S,Glo,4.0,612.0,2379.0,5416.0,gdsc:1036:10uM,PLX-4720
150292,5996,159.0,1036.0,10.0,123,L21-D1-S,Glo,4.0,1320.0,3200.0,5417.0,gdsc:1036:10uM,PLX-4720
150764,5972,159.0,1036.0,10.0,123,L21-D1-S,Glo,4.0,1511.0,2811.0,5418.0,gdsc:1036:10uM,PLX-4720
151236,6023,159.0,1036.0,10.0,123,L21-D1-S,Glo,4.0,1317.0,2770.0,5419.0,gdsc:1036:10uM,PLX-4720
151708,6008,159.0,1036.0,10.0,123,L21-D1-S,Glo,4.0,1748.0,2147.0,5420.0,gdsc:1036:10uM,PLX-4720
152180,6020,159.0,1036.0,10.0,123,L21-D1-S,Glo,4.0,1009.0,2713.0,5422.0,gdsc:1036:10uM,PLX-4720
152652,6017,159.0,1036.0,10.0,123,L21-D1-S,Glo,4.0,1089.0,2702.0,5424.0,gdsc:1036:10uM,PLX-4720
153124,6002,159.0,1036.0,10.0,123,L21-D1-S,Glo,4.0,1161.0,2025.0,5425.0,gdsc:1036:10uM,PLX-4720
153596,5999,159.0,1036.0,10.0,123,L21-D1-S,Glo,4.0,412.0,3411.0,5426.0,gdsc:1036:10uM,PLX-4720
154068,5975,159.0,1036.0,10.0,123,L21-D1-S,Glo,4.0,1749.0,2155.0,5428.0,gdsc:1036:10uM,PLX-4720
154540,6005,159.0,1036.0,10.0,123,L21-D1-S,Glo,4.0,1523.0,2322.0,5429.0,gdsc:1036:10uM,PLX-4720
155012,5981,159.0,1036.0,10.0,123,L21-D1-S,Glo,4.0,1838.0,3479.0,5430.0,gdsc:1036:10uM,PLX-4720
155484,5993,159.0,1036.0,10.0,123,L21-D1-S,Glo,4.0,346.0,3166.0,5432.0,gdsc:1036:10uM,PLX-4720
155956,6014,159.0,1036.0,10.0,123,L21-D1-S,Glo,4.0,1170.0,2688.0,5433.0,gdsc:1036:10uM,PLX-4720
161218,6262,159.0,1036.0,10.0,123,L21-D1-S,Glo,4.0,1523.0,2322.0,5773.0,gdsc:1036:10uM,PLX-4720
162169,6289,159.0,1036.0,10.0,123,L21-D1-S,Glo,4.0,1354.0,2088.0,5811.0,gdsc:1036:10uM,PLX-4720
163120,6256,159.0,1036.0,10.0,123,L21-D1-S,Glo,4.0,1161.0,2025.0,5815.0,gdsc:1036:10uM,PLX-4720
164071,6298,159.0,1036.0,10.0,123,L21-D1-S,Glo,4.0,697.0,4304.0,5817.0,gdsc:1036:10uM,PLX-4720
165022,6250,159.0,1036.0,10.0,123,L21-D1-S,Glo,4.0,412.0,3411.0,5820.0,gdsc:1036:10uM,PLX-4720
165494,6238,159.0,1036.0,10.0,123,L21-D1-S,Glo,4.0,1522.0,2316.0,5821.0,gdsc:1036:10uM,PLX-4720
166924,6313,159.0,1036.0,10.0,123,L21-D1-S,Glo,4.0,429.0,4738.0,5824.0,gdsc:1036:10uM,PLX-4720
167396,6415,159.0,1036.0,10.0,123,L21-D1-S,Glo,4.0,637.0,2755.0,5879.0,gdsc:1036:10uM,PLX-4720
167868,6403,159.0,1036.0,10.0,123,L21-D1-S,Glo,4.0,851.0,2216.0,5880.0,gdsc:1036:10uM,PLX-4720
175046,6856,159.0,1036.0,10.0,123,L21-D1-S,Glo,4.0,871.0,2636.0,6253.0,gdsc:1036:10uM,PLX-4720
176476,6829,159.0,1036.0,10.0,123,L21-D1-S,Glo,4.0,1911.0,2136.0,6256.0,gdsc:1036:10uM,PLX-4720
176948,6841,159.0,1036.0,10.0,123,L21-D1-S,Glo,4.0,2228.0,3305.0,6257.0,gdsc:1036:10uM,PLX-4720
180294,6838,159.0,1036.0,10.0,123,L21-D1-S,Glo,4.0,4.0,2213.0,6273.0,gdsc:1036:10uM,PLX-4720
183640,6892,159.0,1036.0,10.0,123,L21-D1-S,Glo,4.0,1665.0,2665.0,6363.0,gdsc:1036:10uM,PLX-4720
185549,6913,159.0,1036.0,10.0,123,L21-D1-S,Glo,4.0,869.0,2684.0,6373.0,gdsc:1036:10uM,PLX-4720
186500,6916,159.0,1036.0,10.0,123,L21-D1-S,Glo,4.0,70.0,2367.0,6375.0,gdsc:1036:10uM,PLX-4720
188409,6931,159.0,1036.0,10.0,123,L21-D1-S,Glo,4.0,1313.0,2610.0,6385.0,gdsc:1036:10uM,PLX-4720
190318,6952,159.0,1036.0,10.0,123,L21-D1-S,Glo,4.0,952.0,3082.0,6395.0,gdsc:1036:10uM,PLX-4720
191269,7055,159.0,1036.0,10.0,123,L21-D1-S,Glo,4.0,1763.0,2020.0,6464.0,gdsc:1036:10uM,PLX-4720
191741,7052,159.0,1036.0,10.0,123,L21-D1-S,Glo,4.0,283.0,2018.0,6466.0,gdsc:1036:10uM,PLX-4720
192213,7341,159.0,1036.0,10.0,123,L21-D1-S,Glo,4.0,1251.0,3431.0,6467.0,gdsc:1036:10uM,PLX-4720
193164,7371,159.0,1036.0,10.0,123,L21-D1-S,Glo,4.0,1004.0,2565.0,6469.0,gdsc:1036:10uM,PLX-4720
194115,7299,159.0,1036.0,10.0,123,L21-D1-S,Glo,4.0,1148.0,2258.0,6475.0,gdsc:1036:10uM,PLX-4720
195066,7302,159.0,1036.0,10.0,123,L21-D1-S,Glo,4.0,902.0,2374.0,6479.0,gdsc:1036:10uM,PLX-4720
196496,7034,159.0,1036.0,10.0,123,L21-D1-S,Glo,4.0,2040.0,2180.0,6533.0,gdsc:1036:10uM,PLX-4720
197447,7043,159.0,1036.0,10.0,123,L21-D1-S,Glo,4.0,1664.0,3445.0,6535.0,gdsc:1036:10uM,PLX-4720
198398,7031,159.0,1036.0,10.0,123,L21-D1-S,Glo,4.0,1210.0,3003.0,6539.0,gdsc:1036:10uM,PLX-4720
198870,7049,159.0,1036.0,10.0,123,L21-D1-S,Glo,4.0,470.0,2006.0,6540.0,gdsc:1036:10uM,PLX-4720
200779,7046,159.0,1036.0,10.0,123,L21-D1-S,Glo,4.0,1095.0,3469.0,6544.0,gdsc:1036:10uM,PLX-4720
201251,7040,159.0,1036.0,10.0,123,L21-D1-S,Glo,4.0,1546.0,3419.0,6545.0,gdsc:1036:10uM,PLX-4720
202202,7007,159.0,1036.0,10.0,123,L21-D1-S,Glo,4.0,602.0,2306.0,6547.0,gdsc:1036:10uM,PLX-4720
203153,7028,159.0,1036.0,10.0,123,L21-D1-S,Glo,4.0,1215.0,2959.0,6554.0,gdsc:1036:10uM,PLX-4720
203625,7359,159.0,1036.0,10.0,123,L21-D1-S,Glo,4.0,1492.0,4591.0,6565.0,gdsc:1036:10uM,PLX-4720
204576,7296,159.0,1036.0,10.0,123,L21-D1-S,Glo,4.0,59.0,3078.0,6569.0,gdsc:1036:10uM,PLX-4720
205527,7356,159.0,1036.0,10.0,123,L21-D1-S,Glo,4.0,2260.0,2092.0,6571.0,gdsc:1036:10uM,PLX-4720
206478,7335,159.0,1036.0,10.0,123,L21-D1-S,Glo,4.0,107.0,3390.0,6573.0,gdsc:1036:10uM,PLX-4720
207429,7227,159.0,1036.0,10.0,123,L21-D1-S,Glo,4.0,1313.0,2610.0,6575.0,gdsc:1036:10uM,PLX-4720
208380,7230,159.0,1036.0,10.0,123,L21-D1-S,Glo,4.0,2150.0,2637.0,6577.0,gdsc:1036:10uM,PLX-4720
209331,7248,159.0,1036.0,10.0,123,L21-D1-S,Glo,4.0,962.0,2701.0,6579.0,gdsc:1036:10uM,PLX-4720
210282,7245,159.0,1036.0,10.0,123,L21-D1-S,Glo,4.0,1863.0,2686.0,6581.0,gdsc:1036:10uM,PLX-4720
211233,7215,159.0,1036.0,10.0,123,L21-D1-S,Glo,4.0,1844.0,2323.0,6583.0,gdsc:1036:10uM,PLX-4720
212184,7239,159.0,1036.0,10.0,123,L21-D1-S,Glo,4.0,2138.0,2362.0,6585.0,gdsc:1036:10uM,PLX-4720
213135,7266,159.0,1036.0,10.0,123,L21-D1-S,Glo,4.0,639.0,2786.0,6587.0,gdsc:1036:10uM,PLX-4720
214086,7194,159.0,1036.0,10.0,123,L21-D1-S,Glo,4.0,1294.0,3044.0,6589.0,gdsc:1036:10uM,PLX-4720
215037,7293,159.0,1036.0,10.0,123,L21-D1-S,Glo,4.0,1855.0,2939.0,6591.0,gdsc:1036:10uM,PLX-4720
215988,7212,159.0,1036.0,10.0,123,L21-D1-S,Glo,4.0,2041.0,2191.0,6593.0,gdsc:1036:10uM,PLX-4720
216939,7200,159.0,1036.0,10.0,123,L21-D1-S,Glo,4.0,891.0,3067.0,6595.0,gdsc:1036:10uM,PLX-4720
217890,7251,159.0,1036.0,10.0,123,L21-D1-S,Glo,4.0,963.0,2707.0,6597.0,gdsc:1036:10uM,PLX-4720
219799,7209,159.0,1036.0,10.0,123,L21-D1-S,Glo,4.0,1637.0,2310.0,6603.0,gdsc:1036:10uM,PLX-4720
220271,7362,159.0,1036.0,10.0,123,L21-D1-S,Glo,4.0,382.0,3801.0,6604.0,gdsc:1036:10uM,PLX-4720
221701,7260,159.0,1036.0,10.0,123,L21-D1-S,Glo,4.0,1467.0,2588.0,6609.0,gdsc:1036:10uM,PLX-4720
222652,7269,159.0,1036.0,10.0,123,L21-D1-S,Glo,4.0,404.0,2683.0,6611.0,gdsc:1036:10uM,PLX-4720
223603,7197,159.0,1036.0,10.0,123,L21-D1-S,Glo,4.0,668.0,3797.0,6613.0,gdsc:1036:10uM,PLX-4720
224075,7218,159.0,1036.0,10.0,123,L21-D1-S,Glo,4.0,572.0,2491.0,6614.0,gdsc:1036:10uM,PLX-4720
225026,7353,159.0,1036.0,10.0,123,L21-D1-S,Glo,4.0,1762.0,2015.0,6617.0,gdsc:1036:10uM,PLX-4720
225498,7236,159.0,1036.0,10.0,123,L21-D1-S,Glo,4.0,2075.0,2643.0,6620.0,gdsc:1036:10uM,PLX-4720
225970,7441,159.0,1036.0,10.0,123,L21-D1-S,Glo,4.0,1783.0,2638.0,6745.0,gdsc:1036:10uM,PLX-4720
226442,7393,159.0,1036.0,10.0,123,L21-D1-S,Glo,4.0,1509.0,2725.0,6747.0,gdsc:1036:10uM,PLX-4720
228830,7438,159.0,1036.0,10.0,123,L21-D1-S,Glo,4.0,1190.0,2091.0,6775.0,gdsc:1036:10uM,PLX-4720
229302,7429,159.0,1036.0,10.0,123,L21-D1-S,Glo,4.0,2263.0,3011.0,6776.0,gdsc:1036:10uM,PLX-4720
234085,7462,159.0,1036.0,10.0,123,L21-D1-S,Glo,4.0,1776.0,2717.0,6789.0,gdsc:1036:10uM,PLX-4720
234557,7456,159.0,1036.0,10.0,123,L21-D1-S,Glo,4.0,165.0,2721.0,6790.0,gdsc:1036:10uM,PLX-4720
235029,7444,159.0,1036.0,10.0,123,L21-D1-S,Glo,4.0,1784.0,2640.0,6791.0,gdsc:1036:10uM,PLX-4720
235501,7471,159.0,1036.0,10.0,123,L21-D1-S,Glo,4.0,1315.0,2675.0,6794.0,gdsc:1036:10uM,PLX-4720
235973,7405,159.0,1036.0,10.0,123,L21-D1-S,Glo,4.0,1175.0,2454.0,6795.0,gdsc:1036:10uM,PLX-4720
236445,7396,159.0,1036.0,10.0,123,L21-D1-S,Glo,4.0,2125.0,2747.0,6796.0,gdsc:1036:10uM,PLX-4720
236917,7408,159.0,1036.0,10.0,123,L21-D1-S,Glo,4.0,1040.0,3165.0,6797.0,gdsc:1036:10uM,PLX-4720
237868,7638,159.0,1036.0,10.0,123,L21-D1-S,Glo,4.0,1797.0,2723.0,6871.0,gdsc:1036:10uM,PLX-4720
238819,7665,159.0,1036.0,10.0,123,L21-D1-S,Glo,4.0,13.0,2558.0,6873.0,gdsc:1036:10uM,PLX-4720
239291,7659,159.0,1036.0,10.0,123,L21-D1-S,Glo,4.0,637.0,2755.0,6874.0,gdsc:1036:10uM,PLX-4720
240242,7599,159.0,1036.0,10.0,123,L21-D1-S,Glo,4.0,2095.0,2386.0,6879.0,gdsc:1036:10uM,PLX-4720
241193,7596,159.0,1036.0,10.0,123,L21-D1-S,Glo,4.0,1386.0,2646.0,6881.0,gdsc:1036:10uM,PLX-4720
242144,7620,159.0,1036.0,10.0,123,L21-D1-S,Glo,4.0,1530.0,2389.0,6883.0,gdsc:1036:10uM,PLX-4720
243095,7584,159.0,1036.0,10.0,123,L21-D1-S,Glo,4.0,726.0,3089.0,6885.0,gdsc:1036:10uM,PLX-4720
244046,7614,159.0,1036.0,10.0,123,L21-D1-S,Glo,4.0,1173.0,2699.0,6890.0,gdsc:1036:10uM,PLX-4720
244997,7605,159.0,1036.0,10.0,123,L21-D1-S,Glo,4.0,1529.0,2378.0,6896.0,gdsc:1036:10uM,PLX-4720
245948,7623,159.0,1036.0,10.0,123,L21-D1-S,Glo,4.0,1503.0,3102.0,6898.0,gdsc:1036:10uM,PLX-4720
247378,7668,159.0,1036.0,10.0,123,L21-D1-S,Glo,4.0,412.0,3411.0,6904.0,gdsc:1036:10uM,PLX-4720
248329,7641,159.0,1036.0,10.0,123,L21-D1-S,Glo,4.0,151.0,4303.0,6906.0,gdsc:1036:10uM,PLX-4720
249280,7581,159.0,1036.0,10.0,123,L21-D1-S,Glo,4.0,776.0,2311.0,6908.0,gdsc:1036:10uM,PLX-4720
250231,7808,159.0,1036.0,10.0,123,L21-D1-S,Glo,4.0,730.0,3253.0,7032.0,gdsc:1036:10uM,PLX-4720
250703,7802,159.0,1036.0,10.0,123,L21-D1-S,Glo,4.0,1799.0,2801.0,7033.0,gdsc:1036:10uM,PLX-4720
251175,7790,159.0,1036.0,10.0,123,L21-D1-S,Glo,4.0,1238.0,3291.0,7034.0,gdsc:1036:10uM,PLX-4720
251647,7817,159.0,1036.0,10.0,123,L21-D1-S,Glo,4.0,271.0,2168.0,7035.0,gdsc:1036:10uM,PLX-4720
252119,7793,159.0,1036.0,10.0,123,L21-D1-S,Glo,4.0,1015.0,3345.0,7036.0,gdsc:1036:10uM,PLX-4720
252591,7781,159.0,1036.0,10.0,123,L21-D1-S,Glo,4.0,1505.0,3104.0,7037.0,gdsc:1036:10uM,PLX-4720
253063,7799,159.0,1036.0,10.0,123,L21-D1-S,Glo,4.0,1812.0,3357.0,7038.0,gdsc:1036:10uM,PLX-4720
253535,7784,159.0,1036.0,10.0,123,L21-D1-S,Glo,4.0,1321.0,3221.0,7039.0,gdsc:1036:10uM,PLX-4720
254007,7811,159.0,1036.0,10.0,123,L21-D1-S,Glo,4.0,283.0,2018.0,7040.0,gdsc:1036:10uM,PLX-4720
254479,7820,159.0,1036.0,10.0,123,L21-D1-S,Glo,4.0,1066.0,4271.0,7042.0,gdsc:1036:10uM,PLX-4720
254951,7805,159.0,1036.0,10.0,123,L21-D1-S,Glo,4.0,2153.0,3472.0,7043.0,gdsc:1036:10uM,PLX-4720
255423,7766,159.0,1036.0,10.0,123,L21-D1-S,Glo,4.0,580.0,2651.0,7044.0,gdsc:1036:10uM,PLX-4720
255895,7814,159.0,1036.0,10.0,123,L21-D1-S,Glo,4.0,1003.0,2530.0,7045.0,gdsc:1036:10uM,PLX-4720
256367,7787,159.0,1036.0,10.0,123,L21-D1-S,Glo,4.0,1402.0,3284.0,7046.0,gdsc:1036:10uM,PLX-4720
260671,8067,159.0,1036.0,10.0,123,L21-D1-S,Glo,4.0,1008.0,2703.0,7265.0,gdsc:1036:10uM,PLX-4720
261622,8050,159.0,1036.0,10.0,123,L21-D1-S,Glo,4.0,185.0,2480.0,7267.0,gdsc:1036:10uM,PLX-4720
262573,8011,159.0,1036.0,10.0,123,L21-D1-S,Glo,4.0,329.0,2936.0,7269.0,gdsc:1036:10uM,PLX-4720
263524,7993,159.0,1036.0,10.0,123,L21-D1-S,Glo,4.0,1515.0,3048.0,7271.0,gdsc:1036:10uM,PLX-4720
264475,8014,159.0,1036.0,10.0,123,L21-D1-S,Glo,4.0,1391.0,2926.0,7273.0,gdsc:1036:10uM,PLX-4720
265426,8041,159.0,1036.0,10.0,123,L21-D1-S,Glo,4.0,1393.0,2934.0,7275.0,gdsc:1036:10uM,PLX-4720
266377,8056,159.0,1036.0,10.0,123,L21-D1-S,Glo,4.0,1320.0,3200.0,7277.0,gdsc:1036:10uM,PLX-4720
267328,8073,159.0,1036.0,10.0,123,L21-D1-S,Glo,4.0,567.0,2679.0,7279.0,gdsc:1036:10uM,PLX-4720
267800,8032,159.0,1036.0,10.0,123,L21-D1-S,Glo,4.0,1368.0,2764.0,7280.0,gdsc:1036:10uM,PLX-4720
268751,7999,159.0,1036.0,10.0,123,L21-D1-S,Glo,4.0,228.0,3058.0,7282.0,gdsc:1036:10uM,PLX-4720
269702,8038,159.0,1036.0,10.0,123,L21-D1-S,Glo,4.0,89.0,2982.0,7284.0,gdsc:1036:10uM,PLX-4720
270174,8058,159.0,1036.0,10.0,123,L21-D1-S,Glo,4.0,1835.0,3433.0,7285.0,gdsc:1036:10uM,PLX-4720
270646,8062,159.0,1036.0,10.0,123,L21-D1-S,Glo,4.0,1096.0,3737.0,7286.0,gdsc:1036:10uM,PLX-4720
272076,8047,159.0,1036.0,10.0,123,L21-D1-S,Glo,4.0,1500.0,2400.0,7291.0,gdsc:1036:10uM,PLX-4720
273506,7990,159.0,1036.0,10.0,123,L21-D1-S,Glo,4.0,313.0,3042.0,7294.0,gdsc:1036:10uM,PLX-4720
274457,7996,159.0,1036.0,10.0,123,L21-D1-S,Glo,4.0,1206.0,3056.0,7296.0,gdsc:1036:10uM,PLX-4720
275408,8070,159.0,1036.0,10.0,123,L21-D1-S,Glo,4.0,637.0,2755.0,7298.0,gdsc:1036:10uM,PLX-4720
276359,8002,159.0,1036.0,10.0,123,L21-D1-S,Glo,4.0,905.0,2998.0,7300.0,gdsc:1036:10uM,PLX-4720
277310,8035,159.0,1036.0,10.0,123,L21-D1-S,Glo,4.0,349.0,2745.0,7302.0,gdsc:1036:10uM,PLX-4720
278261,8017,159.0,1036.0,10.0,123,L21-D1-S,Glo,4.0,479.0,2996.0,7304.0,gdsc:1036:10uM,PLX-4720
279212,8788,159.0,1036.0,10.0,123,L21-D1-S,Glo,4.0,319.0,2312.0,7918.0,gdsc:1036:10uM,PLX-4720
279684,8772,159.0,1036.0,10.0,123,L21-D1-S,Glo,4.0,188.0,2644.0,7919.0,gdsc:1036:10uM,PLX-4720
280156,8774,159.0,1036.0,10.0,123,L21-D1-S,Glo,4.0,1679.0,3441.0,7920.0,gdsc:1036:10uM,PLX-4720
280628,8750,159.0,1036.0,10.0,123,L21-D1-S,Glo,4.0,894.0,3086.0,7921.0,gdsc:1036:10uM,PLX-4720
281100,8760,159.0,1036.0,10.0,123,L21-D1-S,Glo,4.0,618.0,2949.0,7922.0,gdsc:1036:10uM,PLX-4720
281572,8770,159.0,1036.0,10.0,123,L21-D1-S,Glo,4.0,1803.0,3045.0,7923.0,gdsc:1036:10uM,PLX-4720
282044,8782,159.0,1036.0,10.0,123,L21-D1-S,Glo,4.0,1378.0,3002.0,7925.0,gdsc:1036:10uM,PLX-4720
282516,8784,159.0,1036.0,10.0,123,L21-D1-S,Glo,4.0,1187.0,2670.0,7927.0,gdsc:1036:10uM,PLX-4720
282988,8786,159.0,1036.0,10.0,123,L21-D1-S,Glo,4.0,1309.0,2053.0,7928.0,gdsc:1036:10uM,PLX-4720
283460,8766,159.0,1036.0,10.0,123,L21-D1-S,Glo,4.0,1939.0,3084.0,7930.0,gdsc:1036:10uM,PLX-4720
283932,8780,159.0,1036.0,10.0,123,L21-D1-S,Glo,4.0,1913.0,2232.0,7931.0,gdsc:1036:10uM,PLX-4720
284404,8778,159.0,1036.0,10.0,123,L21-D1-S,Glo,4.0,1534.0,4742.0,7932.0,gdsc:1036:10uM,PLX-4720
284876,8758,159.0,1036.0,10.0,123,L21-D1-S,Glo,4.0,1402.0,3284.0,7933.0,gdsc:1036:10uM,PLX-4720
285348,8744,159.0,1036.0,10.0,123,L21-D1-S,Glo,4.0,1007.0,2694.0,7934.0,gdsc:1036:10uM,PLX-4720
285820,8742,159.0,1036.0,10.0,123,L21-D1-S,Glo,4.0,1812.0,3357.0,7935.0,gdsc:1036:10uM,PLX-4720
286292,8746,159.0,1036.0,10.0,123,L21-D1-S,Glo,4.0,604.0,2325.0,7936.0,gdsc:1036:10uM,PLX-4720
286764,8756,159.0,1036.0,10.0,123,L21-D1-S,Glo,4.0,474.0,2797.0,7937.0,gdsc:1036:10uM,PLX-4720
287236,8748,159.0,1036.0,10.0,123,L21-D1-S,Glo,4.0,920.0,3176.0,7938.0,gdsc:1036:10uM,PLX-4720
287708,8792,159.0,1036.0,10.0,123,L21-D1-S,Glo,4.0,586.0,5361.0,7939.0,gdsc:1036:10uM,PLX-4720
288180,8790,159.0,1036.0,10.0,123,L21-D1-S,Glo,4.0,995.0,4308.0,7940.0,gdsc:1036:10uM,PLX-4720
288652,8820,159.0,1036.0,10.0,123,L21-D1-S,Glo,4.0,1193.0,2401.0,7945.0,gdsc:1036:10uM,PLX-4720
289124,8826,159.0,1036.0,10.0,123,L21-D1-S,Glo,4.0,1755.0,2442.0,7946.0,gdsc:1036:10uM,PLX-4720
289596,8824,159.0,1036.0,10.0,123,L21-D1-S,Glo,4.0,431.0,2405.0,7947.0,gdsc:1036:10uM,PLX-4720
290068,8852,159.0,1036.0,10.0,123,L21-D1-S,Glo,4.0,330.0,2946.0,7948.0,gdsc:1036:10uM,PLX-4720
290540,8814,159.0,1036.0,10.0,123,L21-D1-S,Glo,4.0,686.0,3749.0,7967.0,gdsc:1036:10uM,PLX-4720
291012,8846,159.0,1036.0,10.0,123,L21-D1-S,Glo,4.0,1222.0,3376.0,7968.0,gdsc:1036:10uM,PLX-4720
291484,8840,159.0,1036.0,10.0,123,L21-D1-S,Glo,4.0,423.0,4139.0,7969.0,gdsc:1036:10uM,PLX-4720
291956,8818,159.0,1036.0,10.0,123,L21-D1-S,Glo,4.0,173.0,3435.0,7970.0,gdsc:1036:10uM,PLX-4720
292428,8830,159.0,1036.0,10.0,123,L21-D1-S,Glo,4.0,606.0,2508.0,7971.0,gdsc:1036:10uM,PLX-4720
292900,8802,159.0,1036.0,10.0,123,L21-D1-S,Glo,4.0,867.0,2120.0,7972.0,gdsc:1036:10uM,PLX-4720
293372,8844,159.0,1036.0,10.0,123,L21-D1-S,Glo,4.0,82.0,3365.0,7973.0,gdsc:1036:10uM,PLX-4720
293844,8838,159.0,1036.0,10.0,123,L21-D1-S,Glo,4.0,1916.0,2540.0,7974.0,gdsc:1036:10uM,PLX-4720
294316,8806,159.0,1036.0,10.0,123,L21-D1-S,Glo,4.0,849.0,2171.0,7976.0,gdsc:1036:10uM,PLX-4720
294788,8834,159.0,1036.0,10.0,123,L21-D1-S,Glo,4.0,2215.0,2515.0,7977.0,gdsc:1036:10uM,PLX-4720
295260,8808,159.0,1036.0,10.0,123,L21-D1-S,Glo,4.0,275.0,2200.0,7978.0,gdsc:1036:10uM,PLX-4720
295732,8798,159.0,1036.0,10.0,123,L21-D1-S,Glo,4.0,41.0,2095.0,7979.0,gdsc:1036:10uM,PLX-4720
296204,8810,159.0,1036.0,10.0,123,L21-D1-S,Glo,4.0,1457.0,2226.0,7980.0,gdsc:1036:10uM,PLX-4720
296676,8816,159.0,1036.0,10.0,123,L21-D1-S,Glo,4.0,1156.0,2278.0,7981.0,gdsc:1036:10uM,PLX-4720
297148,8804,159.0,1036.0,10.0,123,L21-D1-S,Glo,4.0,1877.0,2154.0,7982.0,gdsc:1036:10uM,PLX-4720
297620,8832,159.0,1036.0,10.0,123,L21-D1-S,Glo,4.0,1640.0,2511.0,7983.0,gdsc:1036:10uM,PLX-4720
298092,8796,159.0,1036.0,10.0,123,L21-D1-S,Glo,4.0,1498.0,2090.0,7984.0,gdsc:1036:10uM,PLX-4720
298564,8812,159.0,1036.0,10.0,123,L21-D1-S,Glo,4.0,1914.0,2248.0,7985.0,gdsc:1036:10uM,PLX-4720
299036,8836,159.0,1036.0,10.0,123,L21-D1-S,Glo,4.0,578.0,2529.0,7986.0,gdsc:1036:10uM,PLX-4720
299508,8800,159.0,1036.0,10.0,123,L21-D1-S,Glo,4.0,1910.0,2117.0,7987.0,gdsc:1036:10uM,PLX-4720
299980,8874,159.0,1036.0,10.0,123,L21-D1-S,Glo,4.0,2080.0,3105.0,8025.0,gdsc:1036:10uM,PLX-4720
300452,8876,159.0,1036.0,10.0,123,L21-D1-S,Glo,4.0,183.0,3320.0,8026.0,gdsc:1036:10uM,PLX-4720
300924,8890,159.0,1036.0,10.0,123,L21-D1-S,Glo,4.0,2039.0,2176.0,8027.0,gdsc:1036:10uM,PLX-4720
301396,8886,159.0,1036.0,10.0,123,L21-D1-S,Glo,4.0,1949.0,3751.0,8028.0,gdsc:1036:10uM,PLX-4720
301868,8880,159.0,1036.0,10.0,123,L21-D1-S,Glo,4.0,782.0,3436.0,8029.0,gdsc:1036:10uM,PLX-4720
302340,8888,159.0,1036.0,10.0,123,L21-D1-S,Glo,4.0,2155.0,2277.0,8031.0,gdsc:1036:10uM,PLX-4720
302812,8882,159.0,1036.0,10.0,123,L21-D1-S,Glo,4.0,752.0,3793.0,8032.0,gdsc:1036:10uM,PLX-4720
303284,8872,159.0,1036.0,10.0,123,L21-D1-S,Glo,4.0,2177.0,3019.0,8033.0,gdsc:1036:10uM,PLX-4720
303756,8854,159.0,1036.0,10.0,123,L21-D1-S,Glo,4.0,949.0,2308.0,8041.0,gdsc:1036:10uM,PLX-4720
304228,8860,159.0,1036.0,10.0,123,L21-D1-S,Glo,4.0,49.0,3137.0,8043.0,gdsc:1036:10uM,PLX-4720
304700,8856,159.0,1036.0,10.0,123,L21-D1-S,Glo,4.0,1824.0,2985.0,8044.0,gdsc:1036:10uM,PLX-4720
305172,8878,159.0,1036.0,10.0,123,L21-D1-S,Glo,4.0,1906.0,4151.0,8045.0,gdsc:1036:10uM,PLX-4720
305644,8866,159.0,1036.0,10.0,123,L21-D1-S,Glo,4.0,931.0,2984.0,8060.0,gdsc:1036:10uM,PLX-4720
306116,8864,159.0,1036.0,10.0,123,L21-D1-S,Glo,4.0,1680.0,3796.0,8061.0,gdsc:1036:10uM,PLX-4720
306588,8884,159.0,1036.0,10.0,123,L21-D1-S,Glo,4.0,2152.0,3446.0,8062.0,gdsc:1036:10uM,PLX-4720
307060,8920,159.0,1036.0,10.0,123,L21-D1-S,Glo,4.0,634.0,3298.0,8065.0,gdsc:1036:10uM,PLX-4720
307532,8922,159.0,1036.0,10.0,123,L21-D1-S,Glo,4.0,1644.0,2759.0,8066.0,gdsc:1036:10uM,PLX-4720
308004,8928,159.0,1036.0,10.0,123,L21-D1-S,Glo,4.0,99.0,2923.0,8067.0,gdsc:1036:10uM,PLX-4720
308476,8932,159.0,1036.0,10.0,123,L21-D1-S,Glo,4.0,1660.0,3126.0,8068.0,gdsc:1036:10uM,PLX-4720
308948,8892,159.0,1036.0,10.0,123,L21-D1-S,Glo,4.0,924.0,3218.0,8069.0,gdsc:1036:10uM,PLX-4720
309420,8894,159.0,1036.0,10.0,123,L21-D1-S,Glo,4.0,788.0,3194.0,8070.0,gdsc:1036:10uM,PLX-4720
309892,8896,159.0,1036.0,10.0,123,L21-D1-S,Glo,4.0,86.0,3219.0,8071.0,gdsc:1036:10uM,PLX-4720
310364,8898,159.0,1036.0,10.0,123,L21-D1-S,Glo,4.0,1013.0,3154.0,8072.0,gdsc:1036:10uM,PLX-4720
310836,8900,159.0,1036.0,10.0,123,L21-D1-S,Glo,4.0,1798.0,2729.0,8073.0,gdsc:1036:10uM,PLX-4720
311308,8902,159.0,1036.0,10.0,123,L21-D1-S,Glo,4.0,1674.0,2507.0,8074.0,gdsc:1036:10uM,PLX-4720
311780,8904,159.0,1036.0,10.0,123,L21-D1-S,Glo,4.0,2201.0,3421.0,8075.0,gdsc:1036:10uM,PLX-4720
312252,8908,159.0,1036.0,10.0,123,L21-D1-S,Glo,4.0,1631.0,3072.0,8077.0,gdsc:1036:10uM,PLX-4720
312724,8910,159.0,1036.0,10.0,123,L21-D1-S,Glo,4.0,1243.0,2849.0,8078.0,gdsc:1036:10uM,PLX-4720
313196,8912,159.0,1036.0,10.0,123,L21-D1-S,Glo,4.0,564.0,2131.0,8079.0,gdsc:1036:10uM,PLX-4720
313668,8914,159.0,1036.0,10.0,123,L21-D1-S,Glo,4.0,1316.0,4071.0,8080.0,gdsc:1036:10uM,PLX-4720
314140,8918,159.0,1036.0,10.0,123,L21-D1-S,Glo,4.0,1548.0,3293.0,8081.0,gdsc:1036:10uM,PLX-4720
314612,8997,159.0,1036.0,10.0,123,L21-D1-S,Glo,4.0,1875.0,3263.0,8085.0,gdsc:1036:10uM,PLX-4720
315084,9003,159.0,1036.0,10.0,123,L21-D1-S,Glo,4.0,1850.0,2875.0,8086.0,gdsc:1036:10uM,PLX-4720
315556,9011,159.0,1036.0,10.0,123,L21-D1-S,Glo,4.0,617.0,3023.0,8087.0,gdsc:1036:10uM,PLX-4720
316028,8963,159.0,1036.0,10.0,123,L21-D1-S,Glo,4.0,895.0,2292.0,8088.0,gdsc:1036:10uM,PLX-4720
316500,8965,159.0,1036.0,10.0,123,L21-D1-S,Glo,4.0,1878.0,2159.0,8089.0,gdsc:1036:10uM,PLX-4720
316972,8967,159.0,1036.0,10.0,123,L21-D1-S,Glo,4.0,1475.0,2073.0,8090.0,gdsc:1036:10uM,PLX-4720
317444,8969,159.0,1036.0,10.0,123,L21-D1-S,Glo,4.0,1617.0,3475.0,8091.0,gdsc:1036:10uM,PLX-4720
317916,8971,159.0,1036.0,10.0,123,L21-D1-S,Glo,4.0,449.0,2032.0,8092.0,gdsc:1036:10uM,PLX-4720
318388,8973,159.0,1036.0,10.0,123,L21-D1-S,Glo,4.0,209.0,3234.0,8093.0,gdsc:1036:10uM,PLX-4720
318860,8975,159.0,1036.0,10.0,123,L21-D1-S,Glo,4.0,747.0,3215.0,8094.0,gdsc:1036:10uM,PLX-4720
319332,8977,159.0,1036.0,10.0,123,L21-D1-S,Glo,4.0,1816.0,3179.0,8095.0,gdsc:1036:10uM,PLX-4720
319804,8979,159.0,1036.0,10.0,123,L21-D1-S,Glo,4.0,1504.0,3103.0,8096.0,gdsc:1036:10uM,PLX-4720
320276,8981,159.0,1036.0,10.0,123,L21-D1-S,Glo,4.0,1232.0,2979.0,8097.0,gdsc:1036:10uM,PLX-4720
320748,8983,159.0,1036.0,10.0,123,L21-D1-S,Glo,4.0,1792.0,2404.0,8098.0,gdsc:1036:10uM,PLX-4720
321220,8985,159.0,1036.0,10.0,123,L21-D1-S,Glo,4.0,358.0,3463.0,8099.0,gdsc:1036:10uM,PLX-4720
321692,8987,159.0,1036.0,10.0,123,L21-D1-S,Glo,4.0,354.0,2787.0,8100.0,gdsc:1036:10uM,PLX-4720
322164,8989,159.0,1036.0,10.0,123,L21-D1-S,Glo,4.0,351.0,2775.0,8101.0,gdsc:1036:10uM,PLX-4720
322636,8991,159.0,1036.0,10.0,123,L21-D1-S,Glo,4.0,801.0,3267.0,8102.0,gdsc:1036:10uM,PLX-4720
323108,8995,159.0,1036.0,10.0,123,L21-D1-S,Glo,4.0,1525.0,2517.0,8104.0,gdsc:1036:10uM,PLX-4720
355194,9276,159.0,1036.0,10.0,123,L21-D1-S,Glo,4.0,2264.0,3400.0,8364.0,gdsc:1036:10uM,PLX-4720
356145,9282,159.0,1036.0,10.0,123,L21-D1-S,Glo,4.0,858.0,2605.0,8367.0,gdsc:1036:10uM,PLX-4720
357096,9285,159.0,1036.0,10.0,123,L21-D1-S,Glo,4.0,302.0,2660.0,8370.0,gdsc:1036:10uM,PLX-4720
358047,9294,159.0,1036.0,10.0,123,L21-D1-S,Glo,4.0,888.0,2830.0,8373.0,gdsc:1036:10uM,PLX-4720
358998,9303,159.0,1036.0,10.0,123,L21-D1-S,Glo,4.0,109.0,2948.0,8376.0,gdsc:1036:10uM,PLX-4720
359949,9312,159.0,1036.0,10.0,123,L21-D1-S,Glo,4.0,193.0,3035.0,8382.0,gdsc:1036:10uM,PLX-4720
360900,9318,159.0,1036.0,10.0,123,L21-D1-S,Glo,4.0,626.0,3171.0,8385.0,gdsc:1036:10uM,PLX-4720
361851,9321,159.0,1036.0,10.0,123,L21-D1-S,Glo,4.0,1395.0,3172.0,8388.0,gdsc:1036:10uM,PLX-4720
362802,9324,159.0,1036.0,10.0,123,L21-D1-S,Glo,4.0,711.0,3285.0,8391.0,gdsc:1036:10uM,PLX-4720
363753,9345,159.0,1036.0,10.0,123,L21-D1-S,Glo,4.0,2131.0,3462.0,8394.0,gdsc:1036:10uM,PLX-4720
364704,9348,159.0,1036.0,10.0,123,L21-D1-S,Glo,4.0,2133.0,3473.0,8397.0,gdsc:1036:10uM,PLX-4720
365655,9351,159.0,1036.0,10.0,123,L21-D1-S,Glo,4.0,1984.0,2182.0,8400.0,gdsc:1036:10uM,PLX-4720
366606,9354,159.0,1036.0,10.0,123,L21-D1-S,Glo,4.0,1245.0,2767.0,8403.0,gdsc:1036:10uM,PLX-4720
367557,9357,159.0,1036.0,10.0,123,L21-D1-S,Glo,4.0,2090.0,2319.0,8406.0,gdsc:1036:10uM,PLX-4720
368508,9360,159.0,1036.0,10.0,123,L21-D1-S,Glo,4.0,71.0,2371.0,8409.0,gdsc:1036:10uM,PLX-4720
369459,9363,159.0,1036.0,10.0,123,L21-D1-S,Glo,4.0,2089.0,2304.0,8412.0,gdsc:1036:10uM,PLX-4720
370410,9369,159.0,1036.0,10.0,123,L21-D1-S,Glo,4.0,649.0,5951.0,8415.0,gdsc:1036:10uM,PLX-4720
371840,9373,159.0,1036.0,10.0,123,L21-D1-S,Glo,4.0,953.0,6231.0,8485.0,gdsc:1036:10uM,PLX-4720
372312,9374,159.0,1036.0,10.0,123,L21-D1-S,Glo,4.0,953.0,6231.0,8486.0,gdsc:1036:10uM,PLX-4720
372784,9375,159.0,1036.0,10.0,123,L21-D1-S,Glo,4.0,953.0,6231.0,8487.0,gdsc:1036:10uM,PLX-4720
374693,9380,159.0,1036.0,10.0,123,L21-D1-S,Glo,4.0,369.0,2878.0,8491.0,gdsc:1036:10uM,PLX-4720
375165,9381,159.0,1036.0,10.0,123,L21-D1-S,Glo,4.0,369.0,2878.0,8492.0,gdsc:1036:10uM,PLX-4720
375637,9382,159.0,1036.0,10.0,123,L21-D1-S,Glo,4.0,369.0,2878.0,8493.0,gdsc:1036:10uM,PLX-4720
377546,9386,159.0,1036.0,10.0,123,L21-D1-S,Glo,4.0,2242.0,4711.0,8497.0,gdsc:1036:10uM,PLX-4720
378018,9387,159.0,1036.0,10.0,123,L21-D1-S,Glo,4.0,2242.0,4711.0,8498.0,gdsc:1036:10uM,PLX-4720
378490,9388,159.0,1036.0,10.0,123,L21-D1-S,Glo,4.0,2242.0,4711.0,8499.0,gdsc:1036:10uM,PLX-4720
380399,9393,159.0,1036.0,10.0,123,L21-D1-S,Glo,4.0,1553.0,5232.0,8503.0,gdsc:1036:10uM,PLX-4720
380871,9394,159.0,1036.0,10.0,123,L21-D1-S,Glo,4.0,1553.0,5232.0,8504.0,gdsc:1036:10uM,PLX-4720
381343,9395,159.0,1036.0,10.0,123,L21-D1-S,Glo,4.0,1553.0,5232.0,8505.0,gdsc:1036:10uM,PLX-4720
383252,9400,159.0,1036.0,10.0,123,L21-D1-S,Glo,4.0,1212.0,4576.0,8509.0,gdsc:1036:10uM,PLX-4720
383724,9401,159.0,1036.0,10.0,123,L21-D1-S,Glo,4.0,1212.0,4576.0,8510.0,gdsc:1036:10uM,PLX-4720
384196,9402,159.0,1036.0,10.0,123,L21-D1-S,Glo,4.0,1212.0,4576.0,8511.0,gdsc:1036:10uM,PLX-4720
386105,9407,159.0,1036.0,10.0,123,L21-D1-S,Glo,4.0,921.0,5233.0,8515.0,gdsc:1036:10uM,PLX-4720
386577,9408,159.0,1036.0,10.0,123,L21-D1-S,Glo,4.0,921.0,5233.0,8516.0,gdsc:1036:10uM,PLX-4720
387049,9409,159.0,1036.0,10.0,123,L21-D1-S,Glo,4.0,921.0,5233.0,8517.0,gdsc:1036:10uM,PLX-4720
388958,9414,159.0,1036.0,10.0,123,L21-D1-S,Glo,4.0,339.0,5947.0,8521.0,gdsc:1036:10uM,PLX-4720
389430,9415,159.0,1036.0,10.0,123,L21-D1-S,Glo,4.0,339.0,5947.0,8522.0,gdsc:1036:10uM,PLX-4720
389902,9416,159.0,1036.0,10.0,123,L21-D1-S,Glo,4.0,339.0,5947.0,8523.0,gdsc:1036:10uM,PLX-4720
391811,9421,159.0,1036.0,10.0,123,L21-D1-S,Glo,4.0,198.0,4712.0,8527.0,gdsc:1036:10uM,PLX-4720
392283,9422,159.0,1036.0,10.0,123,L21-D1-S,Glo,4.0,198.0,4712.0,8528.0,gdsc:1036:10uM,PLX-4720
392755,9423,159.0,1036.0,10.0,123,L21-D1-S,Glo,4.0,198.0,4712.0,8529.0,gdsc:1036:10uM,PLX-4720
394664,9435,159.0,1036.0,10.0,123,L21-D1-S,Glo,4.0,37.0,2536.0,8539.0,gdsc:1036:10uM,PLX-4720
395136,9436,159.0,1036.0,10.0,123,L21-D1-S,Glo,4.0,37.0,2536.0,8540.0,gdsc:1036:10uM,PLX-4720
395608,9437,159.0,1036.0,10.0,123,L21-D1-S,Glo,4.0,37.0,2536.0,8541.0,gdsc:1036:10uM,PLX-4720
397517,9442,159.0,1036.0,10.0,123,L21-D1-S,Glo,4.0,3.0,5529.0,8545.0,gdsc:1036:10uM,PLX-4720
397989,9443,159.0,1036.0,10.0,123,L21-D1-S,Glo,4.0,3.0,5529.0,8546.0,gdsc:1036:10uM,PLX-4720
398461,9444,159.0,1036.0,10.0,123,L21-D1-S,Glo,4.0,3.0,5529.0,8547.0,gdsc:1036:10uM,PLX-4720
400370,9449,159.0,1036.0,10.0,123,L21-D1-S,Glo,4.0,1145.0,5512.0,8551.0,gdsc:1036:10uM,PLX-4720
400842,9450,159.0,1036.0,10.0,123,L21-D1-S,Glo,4.0,1145.0,5512.0,8552.0,gdsc:1036:10uM,PLX-4720
401314,9451,159.0,1036.0,10.0,123,L21-D1-S,Glo,4.0,1145.0,5512.0,8553.0,gdsc:1036:10uM,PLX-4720
403702,9461,159.0,1036.0,10.0,123,L21-D1-S,Glo,4.0,1011.0,4739.0,8606.0,gdsc:1036:10uM,PLX-4720
404653,9464,159.0,1036.0,10.0,123,L21-D1-S,Glo,4.0,2198.0,3055.0,8608.0,gdsc:1036:10uM,PLX-4720
405604,9469,159.0,1036.0,10.0,123,L21-D1-S,Glo,4.0,48.0,3122.0,8610.0,gdsc:1036:10uM,PLX-4720
406555,9480,159.0,1036.0,10.0,123,L21-D1-S,Glo,4.0,430.0,2330.0,8612.0,gdsc:1036:10uM,PLX-4720
408464,9499,159.0,1036.0,10.0,123,L21-D1-S,Glo,4.0,1798.0,2729.0,8616.0,gdsc:1036:10uM,PLX-4720
409415,9504,159.0,1036.0,10.0,123,L21-D1-S,Glo,4.0,1567.0,2763.0,8618.0,gdsc:1036:10uM,PLX-4720
410366,9513,159.0,1036.0,10.0,123,L21-D1-S,Glo,4.0,1102.0,2813.0,8620.0,gdsc:1036:10uM,PLX-4720
416107,9587,159.0,1036.0,10.0,123,L21-D1-S,Glo,4.0,1949.0,3751.0,8635.0,gdsc:1036:10uM,PLX-4720
417537,9591,159.0,1036.0,10.0,123,L21-D1-S,Glo,4.0,1549.0,3486.0,8638.0,gdsc:1036:10uM,PLX-4720
418009,9491,159.0,1036.0,10.0,123,L21-D1-S,Glo,4.0,1196.0,5589.0,8645.0,gdsc:1036:10uM,PLX-4720
418960,9516,159.0,1036.0,10.0,123,L21-D1-S,Glo,4.0,2195.0,2942.0,8647.0,gdsc:1036:10uM,PLX-4720
419911,9519,159.0,1036.0,10.0,123,L21-D1-S,Glo,4.0,2101.0,2945.0,8649.0,gdsc:1036:10uM,PLX-4720
421820,9574,159.0,1036.0,10.0,123,L21-D1-S,Glo,4.0,1250.0,3321.0,8655.0,gdsc:1036:10uM,PLX-4720
423729,9599,159.0,1036.0,10.0,123,L21-D1-S,Glo,4.0,1537.0,3347.0,8659.0,gdsc:1036:10uM,PLX-4720
425159,9607,159.0,1036.0,10.0,123,L21-D1-S,Glo,4.0,737.0,3344.0,8687.0,gdsc:1036:10uM,PLX-4720
426110,9615,159.0,1036.0,10.0,123,L21-D1-S,Glo,4.0,323.0,2373.0,8692.0,gdsc:1036:10uM,PLX-4720
426582,9617,159.0,1036.0,10.0,123,L21-D1-S,Glo,4.0,2176.0,2383.0,8693.0,gdsc:1036:10uM,PLX-4720
427533,9620,159.0,1036.0,10.0,123,L21-D1-S,Glo,4.0,744.0,2832.0,8695.0,gdsc:1036:10uM,PLX-4720
428484,9623,159.0,1036.0,10.0,123,L21-D1-S,Glo,4.0,405.0,2962.0,8697.0,gdsc:1036:10uM,PLX-4720
429435,9626,159.0,1036.0,10.0,123,L21-D1-S,Glo,4.0,1807.0,3005.0,8699.0,gdsc:1036:10uM,PLX-4720
430386,9634,159.0,1036.0,10.0,123,L21-D1-S,Glo,4.0,451.0,3299.0,8704.0,gdsc:1036:10uM,PLX-4720
431337,9637,159.0,1036.0,10.0,123,L21-D1-S,Glo,4.0,1811.0,3348.0,8706.0,gdsc:1036:10uM,PLX-4720
432288,9640,159.0,1036.0,10.0,123,L21-D1-S,Glo,4.0,1394.0,3418.0,8708.0,gdsc:1036:10uM,PLX-4720
432760,9642,159.0,1036.0,10.0,123,L21-D1-S,Glo,4.0,1398.0,6230.0,8709.0,gdsc:1036:10uM,PLX-4720
433711,9645,159.0,1036.0,10.0,123,L21-D1-S,Glo,4.0,285.0,2024.0,8711.0,gdsc:1036:10uM,PLX-4720
434662,9654,159.0,1036.0,10.0,123,L21-D1-S,Glo,4.0,1642.0,2554.0,8715.0,gdsc:1036:10uM,PLX-4720
435613,9657,159.0,1036.0,10.0,123,L21-D1-S,Glo,4.0,476.0,2228.0,8717.0,gdsc:1036:10uM,PLX-4720
436564,9660,159.0,1036.0,10.0,123,L21-D1-S,Glo,4.0,2130.0,3439.0,8719.0,gdsc:1036:10uM,PLX-4720
437515,9690,159.0,1036.0,10.0,123,L21-D1-S,Glo,4.0,739.0,5329.0,8788.0,gdsc:1036:10uM,PLX-4720
438466,9703,159.0,1036.0,10.0,123,L21-D1-S,Glo,4.0,2143.0,2772.0,8792.0,gdsc:1036:10uM,PLX-4720
439417,9713,159.0,1036.0,10.0,123,L21-D1-S,Glo,4.0,1990.0,5511.0,8794.0,gdsc:1036:10uM,PLX-4720
440847,9724,159.0,1036.0,10.0,123,L21-D1-S,Glo,4.0,1403.0,5970.0,8797.0,gdsc:1036:10uM,PLX-4720
441798,9727,159.0,1036.0,10.0,123,L21-D1-S,Glo,4.0,1485.0,5215.0,8799.0,gdsc:1036:10uM,PLX-4720
442749,9732,159.0,1036.0,10.0,123,L21-D1-S,Glo,4.0,34.0,2488.0,8801.0,gdsc:1036:10uM,PLX-4720
443700,9735,159.0,1036.0,10.0,123,L21-D1-S,Glo,4.0,1225.0,3384.0,8803.0,gdsc:1036:10uM,PLX-4720
444651,9747,159.0,1036.0,10.0,123,L21-D1-S,Glo,4.0,1490.0,2521.0,8805.0,gdsc:1036:10uM,PLX-4720
445602,9751,159.0,1036.0,10.0,123,L21-D1-S,Glo,4.0,2193.0,2033.0,8807.0,gdsc:1036:10uM,PLX-4720
447032,9684,159.0,1036.0,10.0,123,L21-D1-S,Glo,4.0,660.0,2889.0,8828.0,gdsc:1036:10uM,PLX-4720
447983,9687,159.0,1036.0,10.0,123,L21-D1-S,Glo,4.0,1978.0,3477.0,8830.0,gdsc:1036:10uM,PLX-4720
449892,9710,159.0,1036.0,10.0,123,L21-D1-S,Glo,4.0,1012.0,3032.0,8834.0,gdsc:1036:10uM,PLX-4720
451322,9738,159.0,1036.0,10.0,123,L21-D1-S,Glo,4.0,911.0,5650.0,8839.0,gdsc:1036:10uM,PLX-4720
452273,9740,159.0,1036.0,10.0,123,L21-D1-S,Glo,4.0,2053.0,2071.0,8841.0,gdsc:1036:10uM,PLX-4720
453224,9744,159.0,1036.0,10.0,123,L21-D1-S,Glo,4.0,864.0,2076.0,8843.0,gdsc:1036:10uM,PLX-4720
454175,9754,159.0,1036.0,10.0,123,L21-D1-S,Glo,4.0,23.0,2012.0,8845.0,gdsc:1036:10uM,PLX-4720
455126,9757,159.0,1036.0,10.0,123,L21-D1-S,Glo,4.0,562.0,2063.0,8847.0,gdsc:1036:10uM,PLX-4720
456077,9760,159.0,1036.0,10.0,123,L21-D1-S,Glo,4.0,2076.0,2089.0,8849.0,gdsc:1036:10uM,PLX-4720
457028,9763,159.0,1036.0,10.0,123,L21-D1-S,Glo,4.0,1493.0,2545.0,8851.0,gdsc:1036:10uM,PLX-4720
458458,9769,159.0,1036.0,10.0,123,L21-D1-S,Glo,4.0,1506.0,3109.0,8854.0,gdsc:1036:10uM,PLX-4720
459409,9772,159.0,1036.0,10.0,123,L21-D1-S,Glo,4.0,1928.0,3264.0,8856.0,gdsc:1036:10uM,PLX-4720
460360,9775,159.0,1036.0,10.0,123,L21-D1-S,Glo,4.0,172.0,3395.0,8858.0,gdsc:1036:10uM,PLX-4720
461311,9778,159.0,1036.0,10.0,123,L21-D1-S,Glo,4.0,599.0,3077.0,8860.0,gdsc:1036:10uM,PLX-4720
462262,9781,159.0,1036.0,10.0,123,L21-D1-S,Glo,4.0,600.0,3095.0,8862.0,gdsc:1036:10uM,PLX-4720
463213,9787,159.0,1036.0,10.0,123,L21-D1-S,Glo,4.0,1186.0,2645.0,8885.0,gdsc:1036:10uM,PLX-4720
464164,9793,159.0,1036.0,10.0,123,L21-D1-S,Glo,4.0,1676.0,3300.0,8889.0,gdsc:1036:10uM,PLX-4720
464636,9797,159.0,1036.0,10.0,123,L21-D1-S,Glo,4.0,998.0,2202.0,8891.0,gdsc:1036:10uM,PLX-4720
465587,9803,159.0,1036.0,10.0,123,L21-D1-S,Glo,4.0,1533.0,2931.0,8894.0,gdsc:1036:10uM,PLX-4720
467017,9814,159.0,1036.0,10.0,123,L21-D1-S,Glo,4.0,2256.0,2419.0,8900.0,gdsc:1036:10uM,PLX-4720
467968,9817,159.0,1036.0,10.0,123,L21-D1-S,Glo,4.0,1804.0,3091.0,8902.0,gdsc:1036:10uM,PLX-4720
468919,9822,159.0,1036.0,10.0,123,L21-D1-S,Glo,4.0,28.0,2140.0,8905.0,gdsc:1036:10uM,PLX-4720
469391,9828,159.0,1036.0,10.0,123,L21-D1-S,Glo,4.0,1242.0,3489.0,8909.0,gdsc:1036:10uM,PLX-4720
470342,9831,159.0,1036.0,10.0,123,L21-D1-S,Glo,4.0,1682.0,3509.0,8911.0,gdsc:1036:10uM,PLX-4720
471293,9834,159.0,1036.0,10.0,123,L21-D1-S,Glo,4.0,1909.0,4741.0,8913.0,gdsc:1036:10uM,PLX-4720
472244,9837,159.0,1036.0,10.0,123,L21-D1-S,Glo,4.0,1868.0,3794.0,8915.0,gdsc:1036:10uM,PLX-4720
473195,9840,159.0,1036.0,10.0,123,L21-D1-S,Glo,4.0,1481.0,2133.0,8917.0,gdsc:1036:10uM,PLX-4720
474146,9843,159.0,1036.0,10.0,123,L21-D1-S,Glo,4.0,1451.0,2157.0,8919.0,gdsc:1036:10uM,PLX-4720
475097,9846,159.0,1036.0,10.0,123,L21-D1-S,Glo,4.0,1027.0,3399.0,8965.0,gdsc:1036:10uM,PLX-4720
476048,9849,159.0,1036.0,10.0,123,L21-D1-S,Glo,4.0,433.0,2667.0,8967.0,gdsc:1036:10uM,PLX-4720
476999,9852,159.0,1036.0,10.0,123,L21-D1-S,Glo,4.0,371.0,2978.0,8969.0,gdsc:1036:10uM,PLX-4720
477950,9855,159.0,1036.0,10.0,123,L21-D1-S,Glo,4.0,703.0,2347.0,8971.0,gdsc:1036:10uM,PLX-4720
478901,9858,159.0,1036.0,10.0,123,L21-D1-S,Glo,4.0,1767.0,2080.0,8973.0,gdsc:1036:10uM,PLX-4720
479852,9861,159.0,1036.0,10.0,123,L21-D1-S,Glo,4.0,1019.0,3791.0,8975.0,gdsc:1036:10uM,PLX-4720
480803,9864,159.0,1036.0,10.0,123,L21-D1-S,Glo,4.0,1709.0,2390.0,8977.0,gdsc:1036:10uM,PLX-4720
481754,9870,159.0,1036.0,10.0,123,L21-D1-S,Glo,4.0,1936.0,2416.0,8979.0,gdsc:1036:10uM,PLX-4720
482705,9873,159.0,1036.0,10.0,123,L21-D1-S,Glo,4.0,1973.0,3021.0,8981.0,gdsc:1036:10uM,PLX-4720
483656,9876,159.0,1036.0,10.0,123,L21-D1-S,Glo,4.0,225.0,3034.0,8983.0,gdsc:1036:10uM,PLX-4720
484607,9879,159.0,1036.0,10.0,123,L21-D1-S,Glo,4.0,746.0,3060.0,8985.0,gdsc:1036:10uM,PLX-4720
485558,9882,159.0,1036.0,10.0,123,L21-D1-S,Glo,4.0,155.0,3061.0,8987.0,gdsc:1036:10uM,PLX-4720
486509,9885,159.0,1036.0,10.0,123,L21-D1-S,Glo,4.0,12.0,2440.0,8989.0,gdsc:1036:10uM,PLX-4720
487460,9894,159.0,1036.0,10.0,123,L21-D1-S,Glo,4.0,635.0,3483.0,8993.0,gdsc:1036:10uM,PLX-4720
488411,9900,159.0,1036.0,10.0,123,L21-D1-S,Glo,4.0,874.0,2098.0,8996.0,gdsc:1036:10uM,PLX-4720
489362,9903,159.0,1036.0,10.0,123,L21-D1-S,Glo,4.0,156.0,2128.0,8998.0,gdsc:1036:10uM,PLX-4720
490313,9909,159.0,1036.0,10.0,123,L21-D1-S,Glo,4.0,1286.0,5514.0,9002.0,gdsc:1036:10uM,PLX-4720
491264,9912,159.0,1036.0,10.0,123,L21-D1-S,Glo,4.0,2046.0,2561.0,9004.0,gdsc:1036:10uM,PLX-4720
492215,9915,159.0,1036.0,10.0,123,L21-D1-S,Glo,4.0,5.0,2221.0,9006.0,gdsc:1036:10uM,PLX-4720
493166,9918,159.0,1036.0,10.0,123,L21-D1-S,Glo,4.0,6.0,2227.0,9008.0,gdsc:1036:10uM,PLX-4720
494117,9921,159.0,1036.0,10.0,123,L21-D1-S,Glo,4.0,7.0,2229.0,9010.0,gdsc:1036:10uM,PLX-4720
495068,9924,159.0,1036.0,10.0,123,L21-D1-S,Glo,4.0,549.0,2237.0,9012.0,gdsc:1036:10uM,PLX-4720
496019,9940,159.0,1036.0,10.0,123,L21-D1-S,Glo,4.0,883.0,2794.0,9050.0,gdsc:1036:10uM,PLX-4720
497449,9953,159.0,1036.0,10.0,123,L21-D1-S,Glo,4.0,1570.0,3323.0,9056.0,gdsc:1036:10uM,PLX-4720
498400,9956,159.0,1036.0,10.0,123,L21-D1-S,Glo,4.0,452.0,3338.0,9058.0,gdsc:1036:10uM,PLX-4720
499351,9961,159.0,1036.0,10.0,123,L21-D1-S,Glo,4.0,208.0,5649.0,9060.0,gdsc:1036:10uM,PLX-4720
500302,9964,159.0,1036.0,10.0,123,L21-D1-S,Glo,4.0,941.0,3432.0,9062.0,gdsc:1036:10uM,PLX-4720
501253,9969,159.0,1036.0,10.0,123,L21-D1-S,Glo,4.0,999.0,2067.0,9065.0,gdsc:1036:10uM,PLX-4720
502204,9978,159.0,1036.0,10.0,123,L21-D1-S,Glo,4.0,786.0,2156.0,9069.0,gdsc:1036:10uM,PLX-4720
503155,9981,159.0,1036.0,10.0,123,L21-D1-S,Glo,4.0,2049.0,2597.0,9071.0,gdsc:1036:10uM,PLX-4720
504106,9984,159.0,1036.0,10.0,123,L21-D1-S,Glo,4.0,889.0,2834.0,9073.0,gdsc:1036:10uM,PLX-4720
505057,9988,159.0,1036.0,10.0,123,L21-D1-S,Glo,4.0,51.0,2726.0,9075.0,gdsc:1036:10uM,PLX-4720
506008,9994,159.0,1036.0,10.0,123,L21-D1-S,Glo,4.0,1761.0,2014.0,9079.0,gdsc:1036:10uM,PLX-4720
506959,10000,159.0,1036.0,10.0,123,L21-D1-S,Glo,4.0,743.0,2795.0,9107.0,gdsc:1036:10uM,PLX-4720
509347,10019,159.0,1036.0,10.0,123,L21-D1-S,Glo,4.0,292.0,2621.0,9115.0,gdsc:1036:10uM,PLX-4720
510298,10022,159.0,1036.0,10.0,123,L21-D1-S,Glo,4.0,453.0,2341.0,9117.0,gdsc:1036:10uM,PLX-4720
511249,10025,159.0,1036.0,10.0,123,L21-D1-S,Glo,4.0,873.0,2663.0,9119.0,gdsc:1036:10uM,PLX-4720
512200,10028,159.0,1036.0,10.0,123,L21-D1-S,Glo,4.0,2139.0,2372.0,9121.0,gdsc:1036:10uM,PLX-4720
513151,10031,159.0,1036.0,10.0,123,L21-D1-S,Glo,4.0,231.0,2375.0,9123.0,gdsc:1036:10uM,PLX-4720
514102,10034,159.0,1036.0,10.0,123,L21-D1-S,Glo,4.0,55.0,2816.0,9125.0,gdsc:1036:10uM,PLX-4720
515053,10037,159.0,1036.0,10.0,123,L21-D1-S,Glo,4.0,913.0,3333.0,9127.0,gdsc:1036:10uM,PLX-4720
516004,10040,159.0,1036.0,10.0,123,L21-D1-S,Glo,4.0,1174.0,2706.0,9129.0,gdsc:1036:10uM,PLX-4720
516955,10043,159.0,1036.0,10.0,123,L21-D1-S,Glo,4.0,347.0,2983.0,9131.0,gdsc:1036:10uM,PLX-4720
517906,10046,159.0,1036.0,10.0,123,L21-D1-S,Glo,4.0,363.0,2302.0,9133.0,gdsc:1036:10uM,PLX-4720
518857,10049,159.0,1036.0,10.0,123,L21-D1-S,Glo,4.0,485.0,3098.0,9135.0,gdsc:1036:10uM,PLX-4720
519329,10051,159.0,1036.0,10.0,123,L21-D1-S,Glo,4.0,1583.0,3244.0,9136.0,gdsc:1036:10uM,PLX-4720
520280,10054,159.0,1036.0,10.0,123,L21-D1-S,Glo,4.0,1753.0,2236.0,9138.0,gdsc:1036:10uM,PLX-4720
521710,10061,159.0,1036.0,10.0,123,L21-D1-S,Glo,4.0,1184.0,2633.0,9186.0,gdsc:1036:10uM,PLX-4720
523140,10069,159.0,1036.0,10.0,123,L21-D1-S,Glo,4.0,764.0,2411.0,9189.0,gdsc:1036:10uM,PLX-4720
524091,10077,159.0,1036.0,10.0,123,L21-D1-S,Glo,4.0,2169.0,2135.0,9192.0,gdsc:1036:10uM,PLX-4720
525042,10082,159.0,1036.0,10.0,123,L21-D1-S,Glo,4.0,603.0,2318.0,9194.0,gdsc:1036:10uM,PLX-4720
525993,10085,159.0,1036.0,10.0,123,L21-D1-S,Glo,4.0,1204.0,3033.0,9196.0,gdsc:1036:10uM,PLX-4720
526465,10088,159.0,1036.0,10.0,123,L21-D1-S,Glo,4.0,585.0,3133.0,9198.0,gdsc:1036:10uM,PLX-4720
527416,10100,159.0,1036.0,10.0,123,L21-D1-S,Glo,4.0,1035.0,2655.0,9202.0,gdsc:1036:10uM,PLX-4720
528367,10103,159.0,1036.0,10.0,123,L21-D1-S,Glo,4.0,473.0,2658.0,9204.0,gdsc:1036:10uM,PLX-4720
529318,10106,159.0,1036.0,10.0,123,L21-D1-S,Glo,4.0,1897.0,3736.0,9206.0,gdsc:1036:10uM,PLX-4720
530269,10112,159.0,1036.0,10.0,123,L21-D1-S,Glo,4.0,581.0,2664.0,9208.0,gdsc:1036:10uM,PLX-4720
531220,10115,159.0,1036.0,10.0,123,L21-D1-S,Glo,4.0,1786.0,2669.0,9210.0,gdsc:1036:10uM,PLX-4720
532171,10121,159.0,1036.0,10.0,123,L21-D1-S,Glo,4.0,325.0,2385.0,9212.0,gdsc:1036:10uM,PLX-4720
533122,10124,159.0,1036.0,10.0,123,L21-D1-S,Glo,4.0,1414.0,2387.0,9214.0,gdsc:1036:10uM,PLX-4720
534073,10129,159.0,1036.0,10.0,123,L21-D1-S,Glo,4.0,1551.0,2762.0,9216.0,gdsc:1036:10uM,PLX-4720
534545,10135,159.0,1036.0,10.0,123,L21-D1-S,Glo,4.0,643.0,3478.0,9218.0,gdsc:1036:10uM,PLX-4720
535496,10138,159.0,1036.0,10.0,123,L21-D1-S,Glo,4.0,862.0,2050.0,9220.0,gdsc:1036:10uM,PLX-4720
537405,10160,159.0,1036.0,10.0,123,L21-D1-S,Glo,4.0,293.0,2685.0,9231.0,gdsc:1036:10uM,PLX-4720
538356,10163,159.0,1036.0,10.0,123,L21-D1-S,Glo,4.0,704.0,2382.0,9233.0,gdsc:1036:10uM,PLX-4720
539307,10168,159.0,1036.0,10.0,123,L21-D1-S,Glo,4.0,937.0,2785.0,9235.0,gdsc:1036:10uM,PLX-4720
540737,10173,159.0,1036.0,10.0,123,L21-D1-S,Glo,4.0,269.0,2149.0,9238.0,gdsc:1036:10uM,PLX-4720
541688,10176,159.0,1036.0,10.0,123,L21-D1-S,Glo,4.0,1072.0,2329.0,9240.0,gdsc:1036:10uM,PLX-4720
542639,10179,159.0,1036.0,10.0,123,L21-D1-S,Glo,4.0,611.0,2370.0,9242.0,gdsc:1036:10uM,PLX-4720
543111,10182,159.0,1036.0,10.0,123,L21-D1-S,Glo,4.0,613.0,2381.0,9244.0,gdsc:1036:10uM,PLX-4720
544062,10185,159.0,1036.0,10.0,123,L21-D1-S,Glo,4.0,164.0,2708.0,9246.0,gdsc:1036:10uM,PLX-4720
545013,10188,159.0,1036.0,10.0,123,L21-D1-S,Glo,4.0,245.0,2388.0,9248.0,gdsc:1036:10uM,PLX-4720
545964,10191,159.0,1036.0,10.0,123,L21-D1-S,Glo,4.0,1981.0,2709.0,9250.0,gdsc:1036:10uM,PLX-4720
546915,10194,159.0,1036.0,10.0,123,L21-D1-S,Glo,4.0,52.0,2735.0,9252.0,gdsc:1036:10uM,PLX-4720
547866,10197,159.0,1036.0,10.0,123,L21-D1-S,Glo,4.0,882.0,2736.0,9254.0,gdsc:1036:10uM,PLX-4720
548817,10200,159.0,1036.0,10.0,123,L21-D1-S,Glo,4.0,93.0,2742.0,9256.0,gdsc:1036:10uM,PLX-4720
549768,10203,159.0,1036.0,10.0,123,L21-D1-S,Glo,4.0,783.0,2798.0,9258.0,gdsc:1036:10uM,PLX-4720
550719,10206,159.0,1036.0,10.0,123,L21-D1-S,Glo,4.0,2084.0,4949.0,9260.0,gdsc:1036:10uM,PLX-4720
551191,10209,159.0,1036.0,10.0,123,L21-D1-S,Glo,4.0,706.0,2828.0,9262.0,gdsc:1036:10uM,PLX-4720
552142,10212,159.0,1036.0,10.0,123,L21-D1-S,Glo,4.0,207.0,3119.0,9264.0,gdsc:1036:10uM,PLX-4720
553093,10217,159.0,1036.0,10.0,123,L21-D1-S,Glo,4.0,350.0,2751.0,9266.0,gdsc:1036:10uM,PLX-4720
554044,10146,159.0,1036.0,10.0,123,L21-D1-S,Glo,4.0,550.0,2247.0,9268.0,gdsc:1036:10uM,PLX-4720
554995,10149,159.0,1036.0,10.0,123,L21-D1-S,Glo,4.0,160.0,2579.0,9270.0,gdsc:1036:10uM,PLX-4720
555946,10237,159.0,1036.0,10.0,123,L21-D1-S,Glo,4.0,1151.0,2424.0,9330.0,gdsc:1036:10uM,PLX-4720
556418,10239,159.0,1036.0,10.0,123,L21-D1-S,Glo,4.0,1527.0,2344.0,9331.0,gdsc:1036:10uM,PLX-4720
557369,10242,159.0,1036.0,10.0,123,L21-D1-S,Glo,4.0,1339.0,2356.0,9333.0,gdsc:1036:10uM,PLX-4720
558320,10245,159.0,1036.0,10.0,123,L21-D1-S,Glo,4.0,900.0,2357.0,9335.0,gdsc:1036:10uM,PLX-4720
558792,10248,159.0,1036.0,10.0,123,L21-D1-S,Glo,4.0,303.0,2673.0,9337.0,gdsc:1036:10uM,PLX-4720
559743,10251,159.0,1036.0,10.0,123,L21-D1-S,Glo,4.0,2232.0,3800.0,9339.0,gdsc:1036:10uM,PLX-4720
560694,10254,159.0,1036.0,10.0,123,L21-D1-S,Glo,4.0,1919.0,2680.0,9341.0,gdsc:1036:10uM,PLX-4720
561166,10256,159.0,1036.0,10.0,123,L21-D1-S,Glo,4.0,426.0,2681.0,9342.0,gdsc:1036:10uM,PLX-4720
562596,10261,159.0,1036.0,10.0,123,L21-D1-S,Glo,4.0,591.0,2737.0,9345.0,gdsc:1036:10uM,PLX-4720
563547,10264,159.0,1036.0,10.0,123,L21-D1-S,Glo,4.0,2254.0,2738.0,9347.0,gdsc:1036:10uM,PLX-4720
564498,10267,159.0,1036.0,10.0,123,L21-D1-S,Glo,4.0,309.0,2739.0,9349.0,gdsc:1036:10uM,PLX-4720
565449,10270,159.0,1036.0,10.0,123,L21-D1-S,Glo,4.0,1192.0,2395.0,9351.0,gdsc:1036:10uM,PLX-4720
566400,10275,159.0,1036.0,10.0,123,L21-D1-S,Glo,4.0,1247.0,2783.0,9354.0,gdsc:1036:10uM,PLX-4720
567830,10283,159.0,1036.0,10.0,123,L21-D1-S,Glo,4.0,1574.0,2961.0,9357.0,gdsc:1036:10uM,PLX-4720
568781,10289,159.0,1036.0,10.0,123,L21-D1-S,Glo,4.0,297.0,2499.0,9359.0,gdsc:1036:10uM,PLX-4720
569732,10292,159.0,1036.0,10.0,123,L21-D1-S,Glo,4.0,749.0,3437.0,9361.0,gdsc:1036:10uM,PLX-4720
570683,10295,159.0,1036.0,10.0,123,L21-D1-S,Glo,4.0,68.0,2510.0,9363.0,gdsc:1036:10uM,PLX-4720
571634,10298,159.0,1036.0,10.0,123,L21-D1-S,Glo,4.0,1272.0,2023.0,9365.0,gdsc:1036:10uM,PLX-4720
573064,10307,159.0,1036.0,10.0,123,L21-D1-S,Glo,4.0,276.0,2254.0,9369.0,gdsc:1036:10uM,PLX-4720
574015,10311,159.0,1036.0,10.0,123,L21-D1-S,Glo,4.0,1495.0,2648.0,9371.0,gdsc:1036:10uM,PLX-4720
574966,10314,159.0,1036.0,10.0,123,L21-D1-S,Glo,4.0,1862.0,2650.0,9373.0,gdsc:1036:10uM,PLX-4720
575917,10317,159.0,1036.0,10.0,123,L21-D1-S,Glo,4.0,934.0,3307.0,9375.0,gdsc:1036:10uM,PLX-4720
576868,10321,159.0,1036.0,10.0,123,L21-D1-S,Glo,4.0,1971.0,2731.0,9445.0,gdsc:1036:10uM,PLX-4720
577819,10326,159.0,1036.0,10.0,123,L21-D1-S,Glo,4.0,1905.0,4020.0,9448.0,gdsc:1036:10uM,PLX-4720
579728,10338,159.0,1036.0,10.0,123,L21-D1-S,Glo,4.0,219.0,2291.0,9456.0,gdsc:1036:10uM,PLX-4720
580679,10351,159.0,1036.0,10.0,123,L21-D1-S,Glo,4.0,22.0,2608.0,9464.0,gdsc:1036:10uM,PLX-4720
581630,10354,159.0,1036.0,10.0,123,L21-D1-S,Glo,4.0,1752.0,2211.0,9466.0,gdsc:1036:10uM,PLX-4720
582581,10363,159.0,1036.0,10.0,123,L21-D1-S,Glo,4.0,1244.0,2746.0,9472.0,gdsc:1036:10uM,PLX-4720
583053,10366,159.0,1036.0,10.0,123,L21-D1-S,Glo,4.0,1318.0,2782.0,9474.0,gdsc:1036:10uM,PLX-4720
584004,10369,159.0,1036.0,10.0,123,L21-D1-S,Glo,4.0,270.0,2166.0,9476.0,gdsc:1036:10uM,PLX-4720
584955,10372,159.0,1036.0,10.0,123,L21-D1-S,Glo,4.0,1454.0,2177.0,9478.0,gdsc:1036:10uM,PLX-4720
585906,10378,159.0,1036.0,10.0,123,L21-D1-S,Glo,4.0,2108.0,4950.0,9482.0,gdsc:1036:10uM,PLX-4720
586857,10381,159.0,1036.0,10.0,123,L21-D1-S,Glo,4.0,1759.0,2004.0,9484.0,gdsc:1036:10uM,PLX-4720
588287,10416,159.0,1036.0,10.0,123,L21-D1-S,Glo,4.0,1469.0,2598.0,9569.0,gdsc:1036:10uM,PLX-4720
589238,10419,159.0,1036.0,10.0,123,L21-D1-S,Glo,4.0,872.0,2659.0,9571.0,gdsc:1036:10uM,PLX-4720
590189,10422,159.0,1036.0,10.0,123,L21-D1-S,Glo,4.0,322.0,2363.0,9573.0,gdsc:1036:10uM,PLX-4720
591140,10425,159.0,1036.0,10.0,123,L21-D1-S,Glo,4.0,1508.0,2724.0,9575.0,gdsc:1036:10uM,PLX-4720
592091,10431,159.0,1036.0,10.0,123,L21-D1-S,Glo,4.0,936.0,4850.0,9577.0,gdsc:1036:10uM,PLX-4720
593042,10434,159.0,1036.0,10.0,123,L21-D1-S,Glo,4.0,1202.0,2831.0,9579.0,gdsc:1036:10uM,PLX-4720
593993,10437,159.0,1036.0,10.0,123,L21-D1-S,Glo,4.0,365.0,2415.0,9581.0,gdsc:1036:10uM,PLX-4720
594944,10440,159.0,1036.0,10.0,123,L21-D1-S,Glo,4.0,708.0,3063.0,9583.0,gdsc:1036:10uM,PLX-4720
595895,10443,159.0,1036.0,10.0,123,L21-D1-S,Glo,4.0,1387.0,2429.0,9585.0,gdsc:1036:10uM,PLX-4720
596846,10446,159.0,1036.0,10.0,123,L21-D1-S,Glo,4.0,583.0,3096.0,9587.0,gdsc:1036:10uM,PLX-4720
597797,10449,159.0,1036.0,10.0,123,L21-D1-S,Glo,4.0,47.0,3120.0,9589.0,gdsc:1036:10uM,PLX-4720
598269,10455,159.0,1036.0,10.0,123,L21-D1-S,Glo,4.0,2170.0,3181.0,9591.0,gdsc:1036:10uM,PLX-4720
599220,10458,159.0,1036.0,10.0,123,L21-D1-S,Glo,4.0,1861.0,2479.0,9593.0,gdsc:1036:10uM,PLX-4720
600171,10461,159.0,1036.0,10.0,123,L21-D1-S,Glo,4.0,1104.0,3403.0,9595.0,gdsc:1036:10uM,PLX-4720
601122,10464,159.0,1036.0,10.0,123,L21-D1-S,Glo,4.0,112.0,3449.0,9597.0,gdsc:1036:10uM,PLX-4720
602073,10467,159.0,1036.0,10.0,123,L21-D1-S,Glo,4.0,560.0,2011.0,9599.0,gdsc:1036:10uM,PLX-4720
603024,10473,159.0,1036.0,10.0,123,L21-D1-S,Glo,4.0,1179.0,2523.0,9601.0,gdsc:1036:10uM,PLX-4720
604454,10479,159.0,1036.0,10.0,123,L21-D1-S,Glo,4.0,1401.0,2563.0,9605.0,gdsc:1036:10uM,PLX-4720
605405,10485,159.0,1036.0,10.0,123,L21-D1-S,Glo,4.0,468.0,2566.0,9609.0,gdsc:1036:10uM,PLX-4720
606356,10488,159.0,1036.0,10.0,123,L21-D1-S,Glo,4.0,310.0,2814.0,9611.0,gdsc:1036:10uM,PLX-4720
607307,10491,159.0,1036.0,10.0,123,L21-D1-S,Glo,4.0,579.0,2544.0,9613.0,gdsc:1036:10uM,PLX-4720
607779,10493,159.0,1036.0,10.0,123,L21-D1-S,Glo,4.0,1312.0,2556.0,9614.0,gdsc:1036:10uM,PLX-4720
608730,10500,159.0,1036.0,10.0,123,L21-D1-S,Glo,4.0,2058.0,2130.0,9616.0,gdsc:1036:10uM,PLX-4720
609681,10503,159.0,1036.0,10.0,123,L21-D1-S,Glo,4.0,1369.0,2422.0,9618.0,gdsc:1036:10uM,PLX-4720
611111,10514,159.0,1036.0,10.0,123,L21-D1-S,Glo,4.0,799.0,2359.0,9667.0,gdsc:1036:10uM,PLX-4720
612062,10517,159.0,1036.0,10.0,123,L21-D1-S,Glo,4.0,1497.0,2674.0,9669.0,gdsc:1036:10uM,PLX-4720
613013,10523,159.0,1036.0,10.0,123,L21-D1-S,Glo,4.0,1992.0,2743.0,9673.0,gdsc:1036:10uM,PLX-4720
613485,10529,159.0,1036.0,10.0,123,L21-D1-S,Glo,4.0,406.0,3030.0,9675.0,gdsc:1036:10uM,PLX-4720
614436,10532,159.0,1036.0,10.0,123,L21-D1-S,Glo,4.0,958.0,3295.0,9677.0,gdsc:1036:10uM,PLX-4720
615387,10537,159.0,1036.0,10.0,123,L21-D1-S,Glo,4.0,2052.0,2037.0,9679.0,gdsc:1036:10uM,PLX-4720
616338,10540,159.0,1036.0,10.0,123,L21-D1-S,Glo,4.0,25.0,2051.0,9681.0,gdsc:1036:10uM,PLX-4720
617289,10543,159.0,1036.0,10.0,123,L21-D1-S,Glo,4.0,1479.0,2085.0,9683.0,gdsc:1036:10uM,PLX-4720
618240,10546,159.0,1036.0,10.0,123,L21-D1-S,Glo,4.0,130.0,2143.0,9685.0,gdsc:1036:10uM,PLX-4720
619191,10549,159.0,1036.0,10.0,123,L21-D1-S,Glo,4.0,1559.0,2539.0,9687.0,gdsc:1036:10uM,PLX-4720
620142,10552,159.0,1036.0,10.0,123,L21-D1-S,Glo,4.0,1000.0,2272.0,9689.0,gdsc:1036:10uM,PLX-4720
621093,10555,159.0,1036.0,10.0,123,L21-D1-S,Glo,4.0,311.0,2823.0,9691.0,gdsc:1036:10uM,PLX-4720
622044,10561,159.0,1036.0,10.0,123,L21-D1-S,Glo,4.0,1074.0,2730.0,9693.0,gdsc:1036:10uM,PLX-4720
622995,10564,159.0,1036.0,10.0,123,L21-D1-S,Glo,4.0,705.0,2516.0,9695.0,gdsc:1036:10uM,PLX-4720
623946,10567,159.0,1036.0,10.0,123,L21-D1-S,Glo,4.0,1790.0,2394.0,9697.0,gdsc:1036:10uM,PLX-4720
625376,10573,159.0,1036.0,10.0,123,L21-D1-S,Glo,4.0,1310.0,2163.0,9701.0,gdsc:1036:10uM,PLX-4720
626327,10506,159.0,1036.0,10.0,123,L21-D1-S,Glo,4.0,218.0,2584.0,9703.0,gdsc:1036:10uM,PLX-4720
627278,10584,159.0,1036.0,10.0,123,L21-D1-S,Glo,4.0,294.0,2710.0,9746.0,gdsc:1036:10uM,PLX-4720
628229,10592,159.0,1036.0,10.0,123,L21-D1-S,Glo,4.0,1167.0,2614.0,9748.0,gdsc:1036:10uM,PLX-4720
629180,10595,159.0,1036.0,10.0,123,L21-D1-S,Glo,4.0,1635.0,2233.0,9750.0,gdsc:1036:10uM,PLX-4720
630610,10601,159.0,1036.0,10.0,123,L21-D1-S,Glo,4.0,1510.0,2793.0,9753.0,gdsc:1036:10uM,PLX-4720
631561,10615,159.0,1036.0,10.0,123,L21-D1-S,Glo,4.0,610.0,2368.0,9757.0,gdsc:1036:10uM,PLX-4720
632512,10618,159.0,1036.0,10.0,123,L21-D1-S,Glo,4.0,72.0,4929.0,9759.0,gdsc:1036:10uM,PLX-4720
633463,10621,159.0,1036.0,10.0,123,L21-D1-S,Glo,4.0,1772.0,2690.0,9761.0,gdsc:1036:10uM,PLX-4720
633935,10627,159.0,1036.0,10.0,123,L21-D1-S,Glo,4.0,331.0,2960.0,9765.0,gdsc:1036:10uM,PLX-4720
634886,10630,159.0,1036.0,10.0,123,L21-D1-S,Glo,4.0,1518.0,3080.0,9767.0,gdsc:1036:10uM,PLX-4720
635837,10633,159.0,1036.0,10.0,123,L21-D1-S,Glo,4.0,927.0,3160.0,9769.0,gdsc:1036:10uM,PLX-4720
636788,10636,159.0,1036.0,10.0,123,L21-D1-S,Glo,4.0,1177.0,2463.0,9771.0,gdsc:1036:10uM,PLX-4720
637739,10639,159.0,1036.0,10.0,123,L21-D1-S,Glo,4.0,674.0,3231.0,9773.0,gdsc:1036:10uM,PLX-4720
638690,10642,159.0,1036.0,10.0,123,L21-D1-S,Glo,4.0,1033.0,2471.0,9775.0,gdsc:1036:10uM,PLX-4720
639641,10645,159.0,1036.0,10.0,123,L21-D1-S,Glo,4.0,373.0,3467.0,9777.0,gdsc:1036:10uM,PLX-4720
640592,10648,159.0,1036.0,10.0,123,L21-D1-S,Glo,4.0,1043.0,3507.0,9779.0,gdsc:1036:10uM,PLX-4720
641543,10651,159.0,1036.0,10.0,123,L21-D1-S,Glo,4.0,1765.0,2066.0,9781.0,gdsc:1036:10uM,PLX-4720
642494,10657,159.0,1036.0,10.0,123,L21-D1-S,Glo,4.0,1452.0,2160.0,9783.0,gdsc:1036:10uM,PLX-4720
643445,10660,159.0,1036.0,10.0,123,L21-D1-S,Glo,4.0,2.0,2178.0,9785.0,gdsc:1036:10uM,PLX-4720
644396,10663,159.0,1036.0,10.0,123,L21-D1-S,Glo,4.0,8.0,2239.0,9787.0,gdsc:1036:10uM,PLX-4720
645826,10672,159.0,1036.0,10.0,123,L21-D1-S,Glo,4.0,1790.0,2394.0,9808.0,gdsc:1036:10uM,PLX-4720
646298,10675,159.0,1036.0,10.0,123,L21-D1-S,Glo,4.0,661.0,2698.0,9810.0,gdsc:1036:10uM,PLX-4720
646770,10678,159.0,1036.0,10.0,123,L21-D1-S,Glo,4.0,311.0,2823.0,9812.0,gdsc:1036:10uM,PLX-4720
647721,10682,159.0,1036.0,10.0,123,L21-D1-S,Glo,4.0,130.0,2143.0,9815.0,gdsc:1036:10uM,PLX-4720
648672,10686,159.0,1036.0,10.0,123,L21-D1-S,Glo,4.0,482.0,2225.0,9845.0,gdsc:1036:10uM,PLX-4720
649623,10689,159.0,1036.0,10.0,123,L21-D1-S,Glo,4.0,113.0,2269.0,9847.0,gdsc:1036:10uM,PLX-4720
650095,10691,159.0,1036.0,10.0,123,L21-D1-S,Glo,4.0,641.0,2336.0,9848.0,gdsc:1036:10uM,PLX-4720
651046,10696,159.0,1036.0,10.0,123,L21-D1-S,Glo,4.0,2127.0,2766.0,9850.0,gdsc:1036:10uM,PLX-4720
651997,10699,159.0,1036.0,10.0,123,L21-D1-S,Glo,4.0,1535.0,2957.0,9852.0,gdsc:1036:10uM,PLX-4720
653427,10708,159.0,1036.0,10.0,123,L21-D1-S,Glo,4.0,1647.0,3199.0,9858.0,gdsc:1036:10uM,PLX-4720
654378,10711,159.0,1036.0,10.0,123,L21-D1-S,Glo,4.0,628.0,3206.0,9860.0,gdsc:1036:10uM,PLX-4720
655329,10714,159.0,1036.0,10.0,123,L21-D1-S,Glo,4.0,386.0,3232.0,9862.0,gdsc:1036:10uM,PLX-4720
656280,10717,159.0,1036.0,10.0,123,L21-D1-S,Glo,4.0,1327.0,3460.0,9864.0,gdsc:1036:10uM,PLX-4720
657231,10723,159.0,1036.0,10.0,123,L21-D1-S,Glo,4.0,1554.0,3447.0,9866.0,gdsc:1036:10uM,PLX-4720
658182,10730,159.0,1036.0,10.0,123,L21-D1-S,Glo,4.0,1476.0,2074.0,9870.0,gdsc:1036:10uM,PLX-4720
659133,10735,159.0,1036.0,10.0,123,L21-D1-S,Glo,4.0,2253.0,2555.0,9873.0,gdsc:1036:10uM,PLX-4720
660084,10738,159.0,1036.0,10.0,123,L21-D1-S,Glo,4.0,2154.0,2253.0,9875.0,gdsc:1036:10uM,PLX-4720
661993,10798,159.0,1036.0,10.0,123,L21-D1-S,Glo,4.0,1922.0,2810.0,9989.0,gdsc:1036:10uM,PLX-4720
662944,10801,159.0,1036.0,10.0,123,L21-D1-S,Glo,4.0,1632.0,2412.0,9991.0,gdsc:1036:10uM,PLX-4720
663895,10807,159.0,1036.0,10.0,123,L21-D1-S,Glo,4.0,951.0,3075.0,9995.0,gdsc:1036:10uM,PLX-4720
664846,10810,159.0,1036.0,10.0,123,L21-D1-S,Glo,4.0,1614.0,3079.0,9997.0,gdsc:1036:10uM,PLX-4720
666276,10815,159.0,1036.0,10.0,123,L21-D1-S,Glo,4.0,2225.0,3131.0,10000.0,gdsc:1036:10uM,PLX-4720
667227,10818,159.0,1036.0,10.0,123,L21-D1-S,Glo,4.0,1228.0,3207.0,10002.0,gdsc:1036:10uM,PLX-4720
668178,10821,159.0,1036.0,10.0,123,L21-D1-S,Glo,4.0,2255.0,2465.0,10004.0,gdsc:1036:10uM,PLX-4720
669129,10824,159.0,1036.0,10.0,123,L21-D1-S,Glo,4.0,669.0,3248.0,10006.0,gdsc:1036:10uM,PLX-4720
670080,10827,159.0,1036.0,10.0,123,L21-D1-S,Glo,4.0,1585.0,3257.0,10008.0,gdsc:1036:10uM,PLX-4720
671031,10830,159.0,1036.0,10.0,123,L21-D1-S,Glo,4.0,1823.0,3317.0,10010.0,gdsc:1036:10uM,PLX-4720
671982,10833,159.0,1036.0,10.0,123,L21-D1-S,Glo,4.0,1691.0,3373.0,10012.0,gdsc:1036:10uM,PLX-4720
672933,10836,159.0,1036.0,10.0,123,L21-D1-S,Glo,4.0,1002.0,2504.0,10014.0,gdsc:1036:10uM,PLX-4720
673405,10838,159.0,1036.0,10.0,123,L21-D1-S,Glo,4.0,1712.0,3443.0,10015.0,gdsc:1036:10uM,PLX-4720
674356,10841,159.0,1036.0,10.0,123,L21-D1-S,Glo,4.0,67.0,2506.0,10017.0,gdsc:1036:10uM,PLX-4720
675307,10844,159.0,1036.0,10.0,123,L21-D1-S,Glo,4.0,469.0,2013.0,10019.0,gdsc:1036:10uM,PLX-4720
675779,10846,159.0,1036.0,10.0,123,L21-D1-S,Glo,4.0,1473.0,2062.0,10020.0,gdsc:1036:10uM,PLX-4720
676730,10849,159.0,1036.0,10.0,123,L21-D1-S,Glo,4.0,481.0,2137.0,10022.0,gdsc:1036:10uM,PLX-4720
677681,10852,159.0,1036.0,10.0,123,L21-D1-S,Glo,4.0,1560.0,2543.0,10024.0,gdsc:1036:10uM,PLX-4720
678632,10855,159.0,1036.0,10.0,123,L21-D1-S,Glo,4.0,576.0,2553.0,10026.0,gdsc:1036:10uM,PLX-4720
679583,10944,159.0,1036.0,10.0,123,L21-D1-S,Glo,4.0,450.0,2409.0,10028.0,gdsc:1036:10uM,PLX-4720
680534,10859,159.0,1036.0,10.0,123,L21-D1-S,Glo,4.0,953.0,6231.0,10069.0,gdsc:1036:10uM,PLX-4720
681006,10860,159.0,1036.0,10.0,123,L21-D1-S,Glo,4.0,953.0,6231.0,10070.0,gdsc:1036:10uM,PLX-4720
682915,10872,159.0,1036.0,10.0,123,L21-D1-S,Glo,4.0,2242.0,4711.0,10080.0,gdsc:1036:10uM,PLX-4720
683387,10873,159.0,1036.0,10.0,123,L21-D1-S,Glo,4.0,2242.0,4711.0,10081.0,gdsc:1036:10uM,PLX-4720
683859,10874,159.0,1036.0,10.0,123,L21-D1-S,Glo,4.0,2242.0,4711.0,10082.0,gdsc:1036:10uM,PLX-4720
685768,10879,159.0,1036.0,10.0,123,L21-D1-S,Glo,4.0,1553.0,5232.0,10086.0,gdsc:1036:10uM,PLX-4720
686240,10880,159.0,1036.0,10.0,123,L21-D1-S,Glo,4.0,1553.0,5232.0,10087.0,gdsc:1036:10uM,PLX-4720
686712,10881,159.0,1036.0,10.0,123,L21-D1-S,Glo,4.0,1553.0,5232.0,10088.0,gdsc:1036:10uM,PLX-4720
687663,10886,159.0,1036.0,10.0,123,L21-D1-S,Glo,4.0,1212.0,5530.0,10092.0,gdsc:1036:10uM,PLX-4720
688135,10887,159.0,1036.0,10.0,123,L21-D1-S,Glo,4.0,1212.0,5530.0,10093.0,gdsc:1036:10uM,PLX-4720
688607,10888,159.0,1036.0,10.0,123,L21-D1-S,Glo,4.0,1212.0,5530.0,10094.0,gdsc:1036:10uM,PLX-4720
690516,10893,159.0,1036.0,10.0,123,L21-D1-S,Glo,4.0,921.0,5233.0,10098.0,gdsc:1036:10uM,PLX-4720
690988,10894,159.0,1036.0,10.0,123,L21-D1-S,Glo,4.0,921.0,5233.0,10099.0,gdsc:1036:10uM,PLX-4720
691460,10895,159.0,1036.0,10.0,123,L21-D1-S,Glo,4.0,921.0,5233.0,10100.0,gdsc:1036:10uM,PLX-4720
693369,10900,159.0,1036.0,10.0,123,L21-D1-S,Glo,4.0,339.0,5947.0,10104.0,gdsc:1036:10uM,PLX-4720
693841,10901,159.0,1036.0,10.0,123,L21-D1-S,Glo,4.0,339.0,5947.0,10105.0,gdsc:1036:10uM,PLX-4720
694313,10902,159.0,1036.0,10.0,123,L21-D1-S,Glo,4.0,339.0,5947.0,10106.0,gdsc:1036:10uM,PLX-4720
696222,10907,159.0,1036.0,10.0,123,L21-D1-S,Glo,4.0,198.0,4712.0,10110.0,gdsc:1036:10uM,PLX-4720
696694,10908,159.0,1036.0,10.0,123,L21-D1-S,Glo,4.0,198.0,4712.0,10111.0,gdsc:1036:10uM,PLX-4720
697166,10909,159.0,1036.0,10.0,123,L21-D1-S,Glo,4.0,198.0,4712.0,10112.0,gdsc:1036:10uM,PLX-4720
699075,10914,159.0,1036.0,10.0,123,L21-D1-S,Glo,4.0,37.0,2536.0,10116.0,gdsc:1036:10uM,PLX-4720
699547,10915,159.0,1036.0,10.0,123,L21-D1-S,Glo,4.0,37.0,2536.0,10117.0,gdsc:1036:10uM,PLX-4720
700019,10916,159.0,1036.0,10.0,123,L21-D1-S,Glo,4.0,37.0,2536.0,10118.0,gdsc:1036:10uM,PLX-4720
701928,10921,159.0,1036.0,10.0,123,L21-D1-S,Glo,4.0,3.0,5529.0,10122.0,gdsc:1036:10uM,PLX-4720
702400,10922,159.0,1036.0,10.0,123,L21-D1-S,Glo,4.0,3.0,5529.0,10123.0,gdsc:1036:10uM,PLX-4720
702872,10923,159.0,1036.0,10.0,123,L21-D1-S,Glo,4.0,3.0,5529.0,10124.0,gdsc:1036:10uM,PLX-4720
704781,10928,159.0,1036.0,10.0,123,L21-D1-S,Glo,4.0,1145.0,5512.0,10128.0,gdsc:1036:10uM,PLX-4720
705253,10929,159.0,1036.0,10.0,123,L21-D1-S,Glo,4.0,1145.0,5512.0,10129.0,gdsc:1036:10uM,PLX-4720
705725,10930,159.0,1036.0,10.0,123,L21-D1-S,Glo,4.0,1145.0,5512.0,10130.0,gdsc:1036:10uM,PLX-4720
708592,10991,159.0,1036.0,10.0,123,L21-D1-S,Glo,4.0,1263.0,3169.0,10210.0,gdsc:1036:10uM,PLX-4720
709064,10993,159.0,1036.0,10.0,123,L21-D1-S,Glo,4.0,1220.0,3356.0,10211.0,gdsc:1036:10uM,PLX-4720
709536,10997,159.0,1036.0,10.0,123,L21-D1-S,Glo,4.0,300.0,2652.0,10213.0,gdsc:1036:10uM,PLX-4720
710487,11000,159.0,1036.0,10.0,123,L21-D1-S,Glo,4.0,653.0,2765.0,10215.0,gdsc:1036:10uM,PLX-4720
711438,11003,159.0,1036.0,10.0,123,L21-D1-S,Glo,4.0,906.0,3020.0,10217.0,gdsc:1036:10uM,PLX-4720
712389,11006,159.0,1036.0,10.0,123,L21-D1-S,Glo,4.0,1645.0,3108.0,10219.0,gdsc:1036:10uM,PLX-4720
713340,11009,159.0,1036.0,10.0,123,L21-D1-S,Glo,4.0,427.0,3164.0,10221.0,gdsc:1036:10uM,PLX-4720
714291,11012,159.0,1036.0,10.0,123,L21-D1-S,Glo,4.0,1540.0,3175.0,10223.0,gdsc:1036:10uM,PLX-4720
715242,11015,159.0,1036.0,10.0,123,L21-D1-S,Glo,4.0,1628.0,2115.0,10225.0,gdsc:1036:10uM,PLX-4720
716193,11029,159.0,1036.0,10.0,123,L21-D1-S,Glo,4.0,2038.0,2175.0,10285.0,gdsc:1036:10uM,PLX-4720
717144,11032,159.0,1036.0,10.0,123,L21-D1-S,Glo,4.0,1266.0,3328.0,10287.0,gdsc:1036:10uM,PLX-4720
718095,11038,159.0,1036.0,10.0,123,L21-D1-S,Glo,4.0,2054.0,2075.0,10289.0,gdsc:1036:10uM,PLX-4720
719046,11041,159.0,1036.0,10.0,123,L21-D1-S,Glo,4.0,1712.0,3443.0,10291.0,gdsc:1036:10uM,PLX-4720
720476,11050,159.0,1036.0,10.0,123,L21-D1-S,Glo,4.0,892.0,3068.0,10297.0,gdsc:1036:10uM,PLX-4720
721427,11053,159.0,1036.0,10.0,123,L21-D1-S,Glo,4.0,129.0,2138.0,10299.0,gdsc:1036:10uM,PLX-4720
722378,11056,159.0,1036.0,10.0,123,L21-D1-S,Glo,4.0,60.0,3083.0,10301.0,gdsc:1036:10uM,PLX-4720
723329,11059,159.0,1036.0,10.0,123,L21-D1-S,Glo,4.0,1155.0,2274.0,10303.0,gdsc:1036:10uM,PLX-4720
724280,11062,159.0,1036.0,10.0,123,L21-D1-S,Glo,4.0,1344.0,3074.0,10305.0,gdsc:1036:10uM,PLX-4720
725231,11065,159.0,1036.0,10.0,123,L21-D1-S,Glo,4.0,131.0,2193.0,10307.0,gdsc:1036:10uM,PLX-4720
727140,11092,159.0,1036.0,10.0,123,L21-D1-S,Glo,4.0,588.0,5969.0,10350.0,gdsc:1036:10uM,PLX-4720
728091,11120,159.0,1036.0,10.0,123,L21-D1-S,Glo,4.0,2036.0,2153.0,10353.0,gdsc:1036:10uM,PLX-4720
729521,11132,159.0,1036.0,10.0,123,L21-D1-S,Glo,4.0,2098.0,3015.0,10360.0,gdsc:1036:10uM,PLX-4720
730472,11135,159.0,1036.0,10.0,123,L21-D1-S,Glo,4.0,1977.0,2427.0,10362.0,gdsc:1036:10uM,PLX-4720
731423,11141,159.0,1036.0,10.0,123,L21-D1-S,Glo,4.0,1624.0,3798.0,10364.0,gdsc:1036:10uM,PLX-4720
732374,11281,159.0,1036.0,10.0,123,L21-D1-S,Glo,4.0,903.0,2393.0,10628.0,gdsc:1036:10uM,PLX-4720
733804,11286,159.0,1036.0,10.0,123,L21-D1-S,Glo,4.0,615.0,2992.0,10631.0,gdsc:1036:10uM,PLX-4720
734755,11289,159.0,1036.0,10.0,123,L21-D1-S,Glo,4.0,1030.0,3018.0,10633.0,gdsc:1036:10uM,PLX-4720
735706,11292,159.0,1036.0,10.0,123,L21-D1-S,Glo,4.0,854.0,2430.0,10635.0,gdsc:1036:10uM,PLX-4720
736657,11295,159.0,1036.0,10.0,123,L21-D1-S,Glo,4.0,2219.0,3087.0,10637.0,gdsc:1036:10uM,PLX-4720
737608,11298,159.0,1036.0,10.0,123,L21-D1-S,Glo,4.0,1267.0,2441.0,10639.0,gdsc:1036:10uM,PLX-4720
738559,11301,159.0,1036.0,10.0,123,L21-D1-S,Glo,4.0,2067.0,2453.0,10641.0,gdsc:1036:10uM,PLX-4720
739510,11304,159.0,1036.0,10.0,123,L21-D1-S,Glo,4.0,880.0,3157.0,10643.0,gdsc:1036:10uM,PLX-4720
740461,11312,159.0,1036.0,10.0,123,L21-D1-S,Glo,4.0,945.0,2527.0,10646.0,gdsc:1036:10uM,PLX-4720
741412,11315,159.0,1036.0,10.0,123,L21-D1-S,Glo,4.0,725.0,2532.0,10648.0,gdsc:1036:10uM,PLX-4720
742363,11318,159.0,1036.0,10.0,123,L21-D1-S,Glo,4.0,290.0,2127.0,10650.0,gdsc:1036:10uM,PLX-4720
742835,11320,159.0,1036.0,10.0,123,L21-D1-S,Glo,4.0,548.0,2235.0,10651.0,gdsc:1036:10uM,PLX-4720
743307,11326,159.0,1036.0,10.0,123,L21-D1-S,Glo,4.0,1032.0,2464.0,10655.0,gdsc:1036:10uM,PLX-4720
744737,11180,159.0,1036.0,10.0,123,L21-D1-S,Glo,4.0,1001.0,2407.0,10668.0,gdsc:1036:10uM,PLX-4720
745688,11186,159.0,1036.0,10.0,123,L21-D1-S,Glo,4.0,893.0,3085.0,10671.0,gdsc:1036:10uM,PLX-4720
746160,11192,159.0,1036.0,10.0,123,L21-D1-S,Glo,4.0,1502.0,3097.0,10677.0,gdsc:1036:10uM,PLX-4720
746632,11195,159.0,1036.0,10.0,123,L21-D1-S,Glo,4.0,401.0,4581.0,10680.0,gdsc:1036:10uM,PLX-4720
747104,11198,159.0,1036.0,10.0,123,L21-D1-S,Glo,4.0,101.0,3161.0,10683.0,gdsc:1036:10uM,PLX-4720
748055,11204,159.0,1036.0,10.0,123,L21-D1-S,Glo,4.0,1828.0,3294.0,10689.0,gdsc:1036:10uM,PLX-4720
749006,11210,159.0,1036.0,10.0,123,L21-D1-S,Glo,4.0,1545.0,3404.0,10692.0,gdsc:1036:10uM,PLX-4720
749957,11213,159.0,1036.0,10.0,123,L21-D1-S,Glo,4.0,1858.0,3461.0,10695.0,gdsc:1036:10uM,PLX-4720
750908,11222,159.0,1036.0,10.0,123,L21-D1-S,Glo,4.0,1787.0,2096.0,10701.0,gdsc:1036:10uM,PLX-4720
751859,11225,159.0,1036.0,10.0,123,L21-D1-S,Glo,4.0,1641.0,2526.0,10704.0,gdsc:1036:10uM,PLX-4720
752810,11228,159.0,1036.0,10.0,123,L21-D1-S,Glo,4.0,1480.0,2118.0,10707.0,gdsc:1036:10uM,PLX-4720
753761,11231,159.0,1036.0,10.0,123,L21-D1-S,Glo,4.0,1482.0,2134.0,10710.0,gdsc:1036:10uM,PLX-4720
755191,11236,159.0,1036.0,10.0,123,L21-D1-S,Glo,4.0,277.0,2255.0,10715.0,gdsc:1036:10uM,PLX-4720
755663,11239,159.0,1036.0,10.0,123,L21-D1-S,Glo,4.0,1145.0,5512.0,10718.0,gdsc:1036:10uM,PLX-4720
756135,11240,159.0,1036.0,10.0,123,L21-D1-S,Glo,4.0,1145.0,5512.0,10719.0,gdsc:1036:10uM,PLX-4720
756607,11241,159.0,1036.0,10.0,123,L21-D1-S,Glo,4.0,1145.0,5512.0,10720.0,gdsc:1036:10uM,PLX-4720
761390,11261,159.0,1036.0,10.0,123,L21-D1-S,Glo,4.0,339.0,5947.0,10740.0,gdsc:1036:10uM,PLX-4720
763299,11267,159.0,1036.0,10.0,123,L21-D1-S,Glo,4.0,1221.0,3358.0,10746.0,gdsc:1036:10uM,PLX-4720
764729,11376,159.0,1036.0,10.0,123,L21-D1-S,Glo,4.0,344.0,3158.0,10786.0,gdsc:1036:10uM,PLX-4720
765680,11335,159.0,1036.0,10.0,123,L21-D1-S,Glo,4.0,2200.0,3380.0,10789.0,gdsc:1036:10uM,PLX-4720
766631,11338,159.0,1036.0,10.0,123,L21-D1-S,Glo,4.0,651.0,3092.0,10791.0,gdsc:1036:10uM,PLX-4720
767103,11343,159.0,1036.0,10.0,123,L21-D1-S,Glo,4.0,1609.0,2152.0,10792.0,gdsc:1036:10uM,PLX-4720
768054,11354,159.0,1036.0,10.0,123,L21-D1-S,Glo,4.0,1542.0,3202.0,10797.0,gdsc:1036:10uM,PLX-4720
769005,11359,159.0,1036.0,10.0,123,L21-D1-S,Glo,4.0,1575.0,3311.0,10800.0,gdsc:1036:10uM,PLX-4720
769956,11364,159.0,1036.0,10.0,123,L21-D1-S,Glo,4.0,973.0,4053.0,10803.0,gdsc:1036:10uM,PLX-4720
770907,11367,159.0,1036.0,10.0,123,L21-D1-S,Glo,4.0,32.0,2474.0,10805.0,gdsc:1036:10uM,PLX-4720
771858,11370,159.0,1036.0,10.0,123,L21-D1-S,Glo,4.0,2122.0,3306.0,10807.0,gdsc:1036:10uM,PLX-4720
772809,11373,159.0,1036.0,10.0,123,L21-D1-S,Glo,4.0,1541.0,3195.0,10809.0,gdsc:1036:10uM,PLX-4720
773281,11399,159.0,1036.0,10.0,123,L21-D1-S,Glo,4.0,1213.0,2938.0,10866.0,gdsc:1036:10uM,PLX-4720
774232,11402,159.0,1036.0,10.0,123,L21-D1-S,Glo,4.0,408.0,3088.0,10868.0,gdsc:1036:10uM,PLX-4720
776141,11410,159.0,1036.0,10.0,123,L21-D1-S,Glo,4.0,1796.0,3152.0,10872.0,gdsc:1036:10uM,PLX-4720
777092,11413,159.0,1036.0,10.0,123,L21-D1-S,Glo,4.0,1989.0,3156.0,10874.0,gdsc:1036:10uM,PLX-4720
778043,11422,159.0,1036.0,10.0,123,L21-D1-S,Glo,4.0,215.0,2473.0,10880.0,gdsc:1036:10uM,PLX-4720
778994,11425,159.0,1036.0,10.0,123,L21-D1-S,Glo,4.0,1235.0,3271.0,10882.0,gdsc:1036:10uM,PLX-4720
779945,11428,159.0,1036.0,10.0,123,L21-D1-S,Glo,4.0,1237.0,3287.0,10884.0,gdsc:1036:10uM,PLX-4720
781375,11433,159.0,1036.0,10.0,123,L21-D1-S,Glo,4.0,2147.0,3382.0,10887.0,gdsc:1036:10uM,PLX-4720
782326,11439,159.0,1036.0,10.0,123,L21-D1-S,Glo,4.0,88.0,3416.0,10889.0,gdsc:1036:10uM,PLX-4720
783277,11451,159.0,1036.0,10.0,123,L21-D1-S,Glo,4.0,1526.0,2519.0,10897.0,gdsc:1036:10uM,PLX-4720
784228,11454,159.0,1036.0,10.0,123,L21-D1-S,Glo,4.0,233.0,2099.0,10899.0,gdsc:1036:10uM,PLX-4720
785179,11458,159.0,1036.0,10.0,123,L21-D1-S,Glo,4.0,700.0,2222.0,10901.0,gdsc:1036:10uM,PLX-4720
786609,11463,159.0,1036.0,10.0,123,L21-D1-S,Glo,4.0,1199.0,2732.0,10904.0,gdsc:1036:10uM,PLX-4720
787560,11472,159.0,1036.0,10.0,123,L21-D1-S,Glo,4.0,915.0,3337.0,10910.0,gdsc:1036:10uM,PLX-4720
788511,11396,159.0,1036.0,10.0,123,L21-D1-S,Glo,4.0,186.0,2307.0,10912.0,gdsc:1036:10uM,PLX-4720
789462,11610,159.0,1036.0,10.0,123,L21-D1-S,Glo,4.0,554.0,2567.0,11015.0,gdsc:1036:10uM,PLX-4720
790413,11621,159.0,1036.0,10.0,123,L21-D1-S,Glo,4.0,1038.0,2986.0,11019.0,gdsc:1036:10uM,PLX-4720
791364,11624,159.0,1036.0,10.0,123,L21-D1-S,Glo,4.0,217.0,2418.0,11021.0,gdsc:1036:10uM,PLX-4720
792315,11635,159.0,1036.0,10.0,123,L21-D1-S,Glo,4.0,45.0,3101.0,11028.0,gdsc:1036:10uM,PLX-4720
793266,11639,159.0,1036.0,10.0,123,L21-D1-S,Glo,4.0,2112.0,3201.0,11030.0,gdsc:1036:10uM,PLX-4720
794217,11642,159.0,1036.0,10.0,123,L21-D1-S,Glo,4.0,1780.0,2484.0,11032.0,gdsc:1036:10uM,PLX-4720
795168,11645,159.0,1036.0,10.0,123,L21-D1-S,Glo,4.0,1826.0,3275.0,11034.0,gdsc:1036:10uM,PLX-4720
796119,11654,159.0,1036.0,10.0,123,L21-D1-S,Glo,4.0,78.0,3325.0,11036.0,gdsc:1036:10uM,PLX-4720
797070,11663,159.0,1036.0,10.0,123,L21-D1-S,Glo,4.0,1815.0,3375.0,11040.0,gdsc:1036:10uM,PLX-4720
798021,11669,159.0,1036.0,10.0,123,L21-D1-S,Glo,4.0,197.0,3484.0,11042.0,gdsc:1036:10uM,PLX-4720
798972,11679,159.0,1036.0,10.0,123,L21-D1-S,Glo,4.0,1983.0,2042.0,11047.0,gdsc:1036:10uM,PLX-4720
800402,11690,159.0,1036.0,10.0,123,L21-D1-S,Glo,4.0,2221.0,2252.0,11052.0,gdsc:1036:10uM,PLX-4720
800874,11526,159.0,1036.0,10.0,123,L21-D1-S,Glo,4.0,1212.0,5530.0,11085.0,gdsc:1036:10uM,PLX-4720
802783,11535,159.0,1036.0,10.0,123,L21-D1-S,Glo,4.0,921.0,5233.0,11091.0,gdsc:1036:10uM,PLX-4720
803255,11536,159.0,1036.0,10.0,123,L21-D1-S,Glo,4.0,921.0,5233.0,11092.0,gdsc:1036:10uM,PLX-4720
803727,11537,159.0,1036.0,10.0,123,L21-D1-S,Glo,4.0,921.0,5233.0,11093.0,gdsc:1036:10uM,PLX-4720
805636,11546,159.0,1036.0,10.0,123,L21-D1-S,Glo,4.0,339.0,5947.0,11100.0,gdsc:1036:10uM,PLX-4720
806108,11547,159.0,1036.0,10.0,123,L21-D1-S,Glo,4.0,339.0,5947.0,11101.0,gdsc:1036:10uM,PLX-4720
806580,11548,159.0,1036.0,10.0,123,L21-D1-S,Glo,4.0,339.0,5947.0,11102.0,gdsc:1036:10uM,PLX-4720
808489,11557,159.0,1036.0,10.0,123,L21-D1-S,Glo,4.0,198.0,4712.0,11110.0,gdsc:1036:10uM,PLX-4720
808961,11558,159.0,1036.0,10.0,123,L21-D1-S,Glo,4.0,198.0,4712.0,11111.0,gdsc:1036:10uM,PLX-4720
809433,11559,159.0,1036.0,10.0,123,L21-D1-S,Glo,4.0,198.0,4712.0,11112.0,gdsc:1036:10uM,PLX-4720
811342,11568,159.0,1036.0,10.0,123,L21-D1-S,Glo,4.0,37.0,2536.0,11119.0,gdsc:1036:10uM,PLX-4720
811814,11569,159.0,1036.0,10.0,123,L21-D1-S,Glo,4.0,37.0,2536.0,11120.0,gdsc:1036:10uM,PLX-4720
812286,11570,159.0,1036.0,10.0,123,L21-D1-S,Glo,4.0,37.0,2536.0,11121.0,gdsc:1036:10uM,PLX-4720
814195,11579,159.0,1036.0,10.0,123,L21-D1-S,Glo,4.0,3.0,5529.0,11127.0,gdsc:1036:10uM,PLX-4720
814667,11580,159.0,1036.0,10.0,123,L21-D1-S,Glo,4.0,3.0,5529.0,11128.0,gdsc:1036:10uM,PLX-4720
815139,11581,159.0,1036.0,10.0,123,L21-D1-S,Glo,4.0,3.0,5529.0,11129.0,gdsc:1036:10uM,PLX-4720
817048,11590,159.0,1036.0,10.0,123,L21-D1-S,Glo,4.0,1145.0,5512.0,11135.0,gdsc:1036:10uM,PLX-4720
817520,11591,159.0,1036.0,10.0,123,L21-D1-S,Glo,4.0,1145.0,5512.0,11136.0,gdsc:1036:10uM,PLX-4720
817992,11592,159.0,1036.0,10.0,123,L21-D1-S,Glo,4.0,1145.0,5512.0,11137.0,gdsc:1036:10uM,PLX-4720
819901,11480,159.0,1036.0,10.0,123,L21-D1-S,Glo,4.0,953.0,6231.0,11143.0,gdsc:1036:10uM,PLX-4720
820373,11481,159.0,1036.0,10.0,123,L21-D1-S,Glo,4.0,953.0,6231.0,11144.0,gdsc:1036:10uM,PLX-4720
820845,11482,159.0,1036.0,10.0,123,L21-D1-S,Glo,4.0,953.0,6231.0,11145.0,gdsc:1036:10uM,PLX-4720
822754,11491,159.0,1036.0,10.0,123,L21-D1-S,Glo,4.0,369.0,2878.0,11151.0,gdsc:1036:10uM,PLX-4720
823226,11492,159.0,1036.0,10.0,123,L21-D1-S,Glo,4.0,369.0,2878.0,11152.0,gdsc:1036:10uM,PLX-4720
823698,11493,159.0,1036.0,10.0,123,L21-D1-S,Glo,4.0,369.0,2878.0,11153.0,gdsc:1036:10uM,PLX-4720
825607,11502,159.0,1036.0,10.0,123,L21-D1-S,Glo,4.0,2242.0,4711.0,11159.0,gdsc:1036:10uM,PLX-4720
826079,11503,159.0,1036.0,10.0,123,L21-D1-S,Glo,4.0,2242.0,4711.0,11160.0,gdsc:1036:10uM,PLX-4720
826551,11504,159.0,1036.0,10.0,123,L21-D1-S,Glo,4.0,2242.0,4711.0,11161.0,gdsc:1036:10uM,PLX-4720
828460,11514,159.0,1036.0,10.0,123,L21-D1-S,Glo,4.0,1553.0,5232.0,11168.0,gdsc:1036:10uM,PLX-4720
828932,11515,159.0,1036.0,10.0,123,L21-D1-S,Glo,4.0,1553.0,5232.0,11169.0,gdsc:1036:10uM,PLX-4720
830841,11524,159.0,1036.0,10.0,123,L21-D1-S,Glo,4.0,1212.0,5530.0,11175.0,gdsc:1036:10uM,PLX-4720
831313,11525,159.0,1036.0,10.0,123,L21-D1-S,Glo,4.0,1212.0,5530.0,11176.0,gdsc:1036:10uM,PLX-4720
832264,11766,159.0,1036.0,10.0,123,L21-D1-S,Glo,4.0,184.0,3024.0,11206.0,gdsc:1036:10uM,PLX-4720
833215,11771,159.0,1036.0,10.0,123,L21-D1-S,Glo,4.0,415.0,4093.0,11208.0,gdsc:1036:10uM,PLX-4720
834166,11786,159.0,1036.0,10.0,123,L21-D1-S,Glo,4.0,80.0,3336.0,11210.0,gdsc:1036:10uM,PLX-4720
835117,11801,159.0,1036.0,10.0,123,L21-D1-S,Glo,4.0,478.0,3434.0,11212.0,gdsc:1036:10uM,PLX-4720
836068,11804,159.0,1036.0,10.0,123,L21-D1-S,Glo,4.0,355.0,3438.0,11214.0,gdsc:1036:10uM,PLX-4720
836540,11813,159.0,1036.0,10.0,123,L21-D1-S,Glo,4.0,1781.0,2522.0,11216.0,gdsc:1036:10uM,PLX-4720
837491,11816,159.0,1036.0,10.0,123,L21-D1-S,Glo,4.0,1191.0,2105.0,11218.0,gdsc:1036:10uM,PLX-4720
838442,11819,159.0,1036.0,10.0,123,L21-D1-S,Glo,4.0,946.0,2531.0,11220.0,gdsc:1036:10uM,PLX-4720
839393,11763,159.0,1036.0,10.0,123,L21-D1-S,Glo,4.0,655.0,2857.0,11224.0,gdsc:1036:10uM,PLX-4720
840344,11798,159.0,1036.0,10.0,123,L21-D1-S,Glo,4.0,341.0,3396.0,11239.0,gdsc:1036:10uM,PLX-4720
841295,11807,159.0,1036.0,10.0,123,L21-D1-S,Glo,4.0,1271.0,2019.0,11241.0,gdsc:1036:10uM,PLX-4720
841767,11822,159.0,1036.0,10.0,123,L21-D1-S,Glo,4.0,2037.0,2165.0,11242.0,gdsc:1036:10uM,PLX-4720
842718,11792,159.0,1036.0,10.0,123,L21-D1-S,Glo,4.0,918.0,3370.0,11261.0,gdsc:1036:10uM,PLX-4720
843190,11839,159.0,1036.0,10.0,123,L21-D1-S,Glo,4.0,709.0,3093.0,11287.0,gdsc:1036:10uM,PLX-4720
843662,11844,159.0,1036.0,10.0,123,L21-D1-S,Glo,4.0,1380.0,3383.0,11288.0,gdsc:1036:10uM,PLX-4720
845092,11857,159.0,1036.0,10.0,123,L21-D1-S,Glo,4.0,2218.0,6375.0,11296.0,gdsc:1036:10uM,PLX-4720
845564,11865,159.0,1036.0,10.0,123,L21-D1-S,Glo,4.0,944.0,2919.0,11298.0,gdsc:1036:10uM,PLX-4720
846515,11871,159.0,1036.0,10.0,123,L21-D1-S,Glo,4.0,2106.0,3329.0,11300.0,gdsc:1036:10uM,PLX-4720
847466,11877,159.0,1036.0,10.0,123,L21-D1-S,Glo,4.0,1539.0,3387.0,11304.0,gdsc:1036:10uM,PLX-4720
848417,11880,159.0,1036.0,10.0,123,L21-D1-S,Glo,4.0,1240.0,3303.0,11306.0,gdsc:1036:10uM,PLX-4720
849368,11883,159.0,1036.0,10.0,123,L21-D1-S,Glo,4.0,2224.0,3090.0,11308.0,gdsc:1036:10uM,PLX-4720
851277,11927,159.0,1036.0,10.0,123,L21-D1-S,Glo,4.0,1224.0,3381.0,11342.0,gdsc:1036:10uM,PLX-4720
852228,11930,159.0,1036.0,10.0,123,L21-D1-S,Glo,4.0,1826.0,3275.0,11344.0,gdsc:1036:10uM,PLX-4720
853658,11951,159.0,1036.0,10.0,123,L21-D1-S,Glo,4.0,2087.0,5209.0,11350.0,gdsc:1036:10uM,PLX-4720
855088,11957,159.0,1036.0,10.0,123,L21-D1-S,Glo,4.0,1166.0,2126.0,11354.0,gdsc:1036:10uM,PLX-4720
855560,11988,159.0,1036.0,10.0,123,L21-D1-S,Glo,4.0,2227.0,3225.0,11369.0,gdsc:1036:10uM,PLX-4720
856032,11989,159.0,1036.0,10.0,123,L21-D1-S,Glo,4.0,2227.0,3225.0,11370.0,gdsc:1036:10uM,PLX-4720
856983,11992,159.0,1036.0,10.0,123,L21-D1-S,Glo,4.0,2119.0,3279.0,11372.0,gdsc:1036:10uM,PLX-4720
857934,12003,159.0,1036.0,10.0,123,L21-D1-S,Glo,4.0,90.0,3312.0,11374.0,gdsc:1036:10uM,PLX-4720
859364,12007,159.0,1036.0,10.0,123,L21-D1-S,Glo,4.0,2107.0,3342.0,11377.0,gdsc:1036:10uM,PLX-4720
859836,12008,159.0,1036.0,10.0,123,L21-D1-S,Glo,4.0,2107.0,3342.0,11378.0,gdsc:1036:10uM,PLX-4720
861745,12014,159.0,1036.0,10.0,123,L21-D1-S,Glo,4.0,399.0,2061.0,11382.0,gdsc:1036:10uM,PLX-4720
863175,12035,159.0,1036.0,10.0,123,L21-D1-S,Glo,4.0,1470.0,2267.0,11385.0,gdsc:1036:10uM,PLX-4720
863647,12036,159.0,1036.0,10.0,123,L21-D1-S,Glo,4.0,1470.0,2267.0,11386.0,gdsc:1036:10uM,PLX-4720
865556,12083,159.0,1036.0,10.0,123,L21-D1-S,Glo,4.0,152.0,5954.0,11437.0,gdsc:1036:10uM,PLX-4720
866507,12086,159.0,1036.0,10.0,123,L21-D1-S,Glo,4.0,2099.0,2930.0,11439.0,gdsc:1036:10uM,PLX-4720
867458,12089,159.0,1036.0,10.0,123,L21-D1-S,Glo,4.0,569.0,2450.0,11441.0,gdsc:1036:10uM,PLX-4720
868409,12092,159.0,1036.0,10.0,123,L21-D1-S,Glo,4.0,741.0,5360.0,11443.0,gdsc:1036:10uM,PLX-4720
869360,12095,159.0,1036.0,10.0,123,L21-D1-S,Glo,4.0,43.0,5356.0,11445.0,gdsc:1036:10uM,PLX-4720
869832,12098,159.0,1036.0,10.0,123,L21-D1-S,Glo,4.0,1066.0,4737.0,11447.0,gdsc:1036:10uM,PLX-4720
870783,12101,159.0,1036.0,10.0,123,L21-D1-S,Glo,4.0,338.0,5569.0,11449.0,gdsc:1036:10uM,PLX-4720
871734,12107,159.0,1036.0,10.0,123,L21-D1-S,Glo,4.0,1034.0,2631.0,11451.0,gdsc:1036:10uM,PLX-4720
872206,12125,159.0,1036.0,10.0,123,L21-D1-S,Glo,4.0,601.0,2287.0,11457.0,gdsc:1036:10uM,PLX-4720
873157,12149,159.0,1036.0,10.0,123,L21-D1-S,Glo,4.0,961.0,2046.0,11463.0,gdsc:1036:10uM,PLX-4720
100,3230,159.0,1060.0,0.25,101,L2-D1-S,Glo,4.0,198.0,4712.0,2945.0,gdsc:1060:0.25uM,PD0325901
572,3236,159.0,1060.0,0.25,101,L2-D1-S,Glo,4.0,369.0,2878.0,2947.0,gdsc:1060:0.25uM,PD0325901
1044,3242,159.0,1060.0,0.25,101,L2-D1-S,Glo,4.0,953.0,4740.0,2948.0,gdsc:1060:0.25uM,PD0325901
1516,3266,159.0,1060.0,0.25,101,L2-D1-S,Glo,4.0,793.0,2354.0,2956.0,gdsc:1060:0.25uM,PD0325901
1988,3277,158.0,1060.0,0.25,101,L2-D1-S,Glo,4.0,324.0,2377.0,2963.0,gdsc:1060:0.25uM,PD0325901
2467,3278,159.0,1060.0,0.25,101,L2-D1-S,Glo,4.0,324.0,2377.0,2964.0,gdsc:1060:0.25uM,PD0325901
2939,3338,158.0,1060.0,0.25,101,L2-D1-S,Glo,4.0,555.0,2575.0,3067.0,gdsc:1060:0.25uM,PD0325901
3418,3339,159.0,1060.0,0.25,101,L2-D1-S,Glo,4.0,555.0,2575.0,3068.0,gdsc:1060:0.25uM,PD0325901
3890,3341,158.0,1060.0,0.25,101,L2-D1-S,Glo,4.0,339.0,3192.0,3069.0,gdsc:1060:0.25uM,PD0325901
4369,3347,158.0,1060.0,0.25,101,L2-D1-S,Glo,4.0,2242.0,4711.0,3071.0,gdsc:1060:0.25uM,PD0325901
4848,3348,159.0,1060.0,0.25,101,L2-D1-S,Glo,4.0,2242.0,4711.0,3072.0,gdsc:1060:0.25uM,PD0325901
5320,3350,158.0,1060.0,0.25,101,L2-D1-S,Glo,4.0,1145.0,2231.0,3073.0,gdsc:1060:0.25uM,PD0325901
5799,3351,159.0,1060.0,0.25,101,L2-D1-S,Glo,4.0,1145.0,2231.0,3074.0,gdsc:1060:0.25uM,PD0325901
6271,3356,158.0,1060.0,0.25,101,L2-D1-S,Glo,4.0,2194.0,2199.0,3077.0,gdsc:1060:0.25uM,PD0325901
6750,3357,159.0,1060.0,0.25,101,L2-D1-S,Glo,4.0,2194.0,2199.0,3078.0,gdsc:1060:0.25uM,PD0325901
7222,3360,159.0,1060.0,0.25,101,L2-D1-S,Glo,4.0,1625.0,3832.0,3080.0,gdsc:1060:0.25uM,PD0325901
7694,3365,158.0,1060.0,0.25,101,L2-D1-S,Glo,4.0,607.0,2514.0,3083.0,gdsc:1060:0.25uM,PD0325901
8173,3366,159.0,1060.0,0.25,101,L2-D1-S,Glo,4.0,607.0,2514.0,3084.0,gdsc:1060:0.25uM,PD0325901
8645,3368,158.0,1060.0,0.25,101,L2-D1-S,Glo,4.0,573.0,2493.0,3085.0,gdsc:1060:0.25uM,PD0325901
9124,3383,158.0,1060.0,0.25,101,L2-D1-S,Glo,4.0,1153.0,2572.0,3095.0,gdsc:1060:0.25uM,PD0325901
9603,3384,159.0,1060.0,0.25,101,L2-D1-S,Glo,4.0,1153.0,2572.0,3096.0,gdsc:1060:0.25uM,PD0325901
10075,3386,158.0,1060.0,0.25,101,L2-D1-S,Glo,4.0,2128.0,2328.0,3097.0,gdsc:1060:0.25uM,PD0325901
10554,3480,158.0,1060.0,0.25,101,L2-D1-S,Glo,4.0,198.0,4712.0,3187.0,gdsc:1060:0.25uM,PD0325901
11033,3481,159.0,1060.0,0.25,101,L2-D1-S,Glo,4.0,198.0,4712.0,3188.0,gdsc:1060:0.25uM,PD0325901
11505,3483,158.0,1060.0,0.25,101,L2-D1-S,Glo,4.0,369.0,2878.0,3189.0,gdsc:1060:0.25uM,PD0325901
11984,3484,159.0,1060.0,0.25,101,L2-D1-S,Glo,4.0,369.0,2878.0,3190.0,gdsc:1060:0.25uM,PD0325901
12456,3486,158.0,1060.0,0.25,101,L2-D1-S,Glo,4.0,953.0,4740.0,3191.0,gdsc:1060:0.25uM,PD0325901
12935,3487,159.0,1060.0,0.25,101,L2-D1-S,Glo,4.0,953.0,4740.0,3192.0,gdsc:1060:0.25uM,PD0325901
13407,3489,158.0,1060.0,0.25,101,L2-D1-S,Glo,4.0,3.0,2181.0,3193.0,gdsc:1060:0.25uM,PD0325901
13886,3490,159.0,1060.0,0.25,101,L2-D1-S,Glo,4.0,3.0,2181.0,3194.0,gdsc:1060:0.25uM,PD0325901
14358,3492,158.0,1060.0,0.25,101,L2-D1-S,Glo,4.0,1212.0,4576.0,3195.0,gdsc:1060:0.25uM,PD0325901
14837,3493,159.0,1060.0,0.25,101,L2-D1-S,Glo,4.0,1212.0,4576.0,3196.0,gdsc:1060:0.25uM,PD0325901
15309,3495,158.0,1060.0,0.25,101,L2-D1-S,Glo,4.0,1553.0,2791.0,3197.0,gdsc:1060:0.25uM,PD0325901
15788,3496,159.0,1060.0,0.25,101,L2-D1-S,Glo,4.0,1553.0,2791.0,3198.0,gdsc:1060:0.25uM,PD0325901
16260,3498,158.0,1060.0,0.25,101,L2-D1-S,Glo,4.0,37.0,2536.0,3199.0,gdsc:1060:0.25uM,PD0325901
16739,3499,159.0,1060.0,0.25,101,L2-D1-S,Glo,4.0,37.0,2536.0,3200.0,gdsc:1060:0.25uM,PD0325901
17211,3501,158.0,1060.0,0.25,101,L2-D1-S,Glo,4.0,339.0,3192.0,3201.0,gdsc:1060:0.25uM,PD0325901
17690,3502,159.0,1060.0,0.25,101,L2-D1-S,Glo,4.0,339.0,3192.0,3202.0,gdsc:1060:0.25uM,PD0325901
18162,3504,158.0,1060.0,0.25,101,L2-D1-S,Glo,4.0,921.0,3180.0,3203.0,gdsc:1060:0.25uM,PD0325901
18641,3505,159.0,1060.0,0.25,101,L2-D1-S,Glo,4.0,921.0,3180.0,3204.0,gdsc:1060:0.25uM,PD0325901
19113,3507,158.0,1060.0,0.25,101,L2-D1-S,Glo,4.0,2242.0,4711.0,3205.0,gdsc:1060:0.25uM,PD0325901
19592,3508,159.0,1060.0,0.25,101,L2-D1-S,Glo,4.0,2242.0,4711.0,3206.0,gdsc:1060:0.25uM,PD0325901
20064,3510,158.0,1060.0,0.25,101,L2-D1-S,Glo,4.0,1145.0,2231.0,3207.0,gdsc:1060:0.25uM,PD0325901
20543,3511,159.0,1060.0,0.25,101,L2-D1-S,Glo,4.0,1145.0,2231.0,3208.0,gdsc:1060:0.25uM,PD0325901
21015,3513,158.0,1060.0,0.25,101,L2-D1-S,Glo,4.0,793.0,2354.0,3209.0,gdsc:1060:0.25uM,PD0325901
21494,3535,159.0,1060.0,0.25,101,L2-D1-S,Glo,4.0,794.0,2141.0,3218.0,gdsc:1060:0.25uM,PD0325901
21966,3538,159.0,1060.0,0.25,101,L2-D1-S,Glo,4.0,304.0,2100.0,3220.0,gdsc:1060:0.25uM,PD0325901
22438,3549,158.0,1060.0,0.25,101,L2-D1-S,Glo,4.0,2128.0,2328.0,3225.0,gdsc:1060:0.25uM,PD0325901
22917,3550,159.0,1060.0,0.25,101,L2-D1-S,Glo,4.0,2128.0,2328.0,3226.0,gdsc:1060:0.25uM,PD0325901
23389,3552,158.0,1060.0,0.25,101,L2-D1-S,Glo,4.0,1625.0,3832.0,3227.0,gdsc:1060:0.25uM,PD0325901
23868,3553,159.0,1060.0,0.25,101,L2-D1-S,Glo,4.0,1625.0,3832.0,3228.0,gdsc:1060:0.25uM,PD0325901
24340,3555,158.0,1060.0,0.25,101,L2-D1-S,Glo,4.0,1915.0,5509.0,3229.0,gdsc:1060:0.25uM,PD0325901
24819,3556,159.0,1060.0,0.25,101,L2-D1-S,Glo,4.0,1915.0,5509.0,3230.0,gdsc:1060:0.25uM,PD0325901
25291,3562,159.0,1060.0,0.25,101,L2-D1-S,Glo,4.0,1687.0,2582.0,3234.0,gdsc:1060:0.25uM,PD0325901
25763,3564,158.0,1060.0,0.25,101,L2-D1-S,Glo,4.0,17.0,2587.0,3235.0,gdsc:1060:0.25uM,PD0325901
26242,3565,159.0,1060.0,0.25,101,L2-D1-S,Glo,4.0,17.0,2587.0,3236.0,gdsc:1060:0.25uM,PD0325901
26714,3567,158.0,1060.0,0.25,101,L2-D1-S,Glo,4.0,607.0,2514.0,3237.0,gdsc:1060:0.25uM,PD0325901
27193,3568,159.0,1060.0,0.25,101,L2-D1-S,Glo,4.0,607.0,2514.0,3238.0,gdsc:1060:0.25uM,PD0325901
27665,3570,158.0,1060.0,0.25,101,L2-D1-S,Glo,4.0,40.0,4072.0,3239.0,gdsc:1060:0.25uM,PD0325901
28144,3571,159.0,1060.0,0.25,101,L2-D1-S,Glo,4.0,40.0,4072.0,3240.0,gdsc:1060:0.25uM,PD0325901
28616,3688,158.0,1060.0,0.25,101,L2-D1-S,Glo,4.0,724.0,2449.0,3390.0,gdsc:1060:0.25uM,PD0325901
29095,3689,159.0,1060.0,0.25,101,L2-D1-S,Glo,4.0,724.0,2449.0,3391.0,gdsc:1060:0.25uM,PD0325901
29567,3691,158.0,1060.0,0.25,101,L2-D1-S,Glo,4.0,2266.0,3113.0,3392.0,gdsc:1060:0.25uM,PD0325901
30046,3692,159.0,1060.0,0.25,101,L2-D1-S,Glo,4.0,2266.0,3113.0,3393.0,gdsc:1060:0.25uM,PD0325901
30518,3694,158.0,1060.0,0.25,101,L2-D1-S,Glo,4.0,1756.0,2448.0,3394.0,gdsc:1060:0.25uM,PD0325901
30997,3695,159.0,1060.0,0.25,101,L2-D1-S,Glo,4.0,1756.0,2448.0,3395.0,gdsc:1060:0.25uM,PD0325901
31469,3703,158.0,1060.0,0.25,101,L2-D1-S,Glo,4.0,43.0,2396.0,3400.0,gdsc:1060:0.25uM,PD0325901
31948,3704,159.0,1060.0,0.25,101,L2-D1-S,Glo,4.0,43.0,2396.0,3401.0,gdsc:1060:0.25uM,PD0325901
32420,3713,158.0,1060.0,0.25,101,L2-D1-S,Glo,4.0,1230.0,3414.0,3406.0,gdsc:1060:0.25uM,PD0325901
32899,3714,159.0,1060.0,0.25,101,L2-D1-S,Glo,4.0,1230.0,3414.0,3407.0,gdsc:1060:0.25uM,PD0325901
33371,3734,158.0,1060.0,0.25,101,L2-D1-S,Glo,4.0,1845.0,2333.0,3412.0,gdsc:1060:0.25uM,PD0325901
33850,3735,159.0,1060.0,0.25,101,L2-D1-S,Glo,4.0,1845.0,2333.0,3413.0,gdsc:1060:0.25uM,PD0325901
34322,3737,158.0,1060.0,0.25,101,L2-D1-S,Glo,4.0,598.0,3069.0,3414.0,gdsc:1060:0.25uM,PD0325901
34801,3738,159.0,1060.0,0.25,101,L2-D1-S,Glo,4.0,598.0,3069.0,3415.0,gdsc:1060:0.25uM,PD0325901
35273,3935,158.0,1060.0,0.25,101,L2-D1-S,Glo,4.0,2221.0,2252.0,3522.0,gdsc:1060:0.25uM,PD0325901
35752,3944,158.0,1060.0,0.25,101,L2-D1-S,Glo,4.0,69.0,2512.0,3526.0,gdsc:1060:0.25uM,PD0325901
36231,3945,159.0,1060.0,0.25,101,L2-D1-S,Glo,4.0,69.0,2512.0,3527.0,gdsc:1060:0.25uM,PD0325901
36703,3950,158.0,1060.0,0.25,101,L2-D1-S,Glo,4.0,651.0,3092.0,3528.0,gdsc:1060:0.25uM,PD0325901
37182,3954,159.0,1060.0,0.25,101,L2-D1-S,Glo,4.0,1185.0,2639.0,3531.0,gdsc:1060:0.25uM,PD0325901
37654,3959,158.0,1060.0,0.25,101,L2-D1-S,Glo,4.0,794.0,2141.0,3534.0,gdsc:1060:0.25uM,PD0325901
38133,3960,159.0,1060.0,0.25,101,L2-D1-S,Glo,4.0,794.0,2141.0,3535.0,gdsc:1060:0.25uM,PD0325901
38605,3966,159.0,1060.0,0.25,101,L2-D1-S,Glo,4.0,2066.0,2452.0,3538.0,gdsc:1060:0.25uM,PD0325901
39077,3968,158.0,1060.0,0.25,101,L2-D1-S,Glo,4.0,928.0,5513.0,3539.0,gdsc:1060:0.25uM,PD0325901
39556,3969,159.0,1060.0,0.25,101,L2-D1-S,Glo,4.0,928.0,5513.0,3540.0,gdsc:1060:0.25uM,PD0325901
40028,3972,159.0,1060.0,0.25,101,L2-D1-S,Glo,4.0,1688.0,5572.0,3542.0,gdsc:1060:0.25uM,PD0325901
40500,3974,158.0,1060.0,0.25,101,L2-D1-S,Glo,4.0,338.0,5569.0,3543.0,gdsc:1060:0.25uM,PD0325901
40979,3975,159.0,1060.0,0.25,101,L2-D1-S,Glo,4.0,338.0,5569.0,3544.0,gdsc:1060:0.25uM,PD0325901
41451,3978,159.0,1060.0,0.25,101,L2-D1-S,Glo,4.0,699.0,2102.0,3545.0,gdsc:1060:0.25uM,PD0325901
41923,3980,158.0,1060.0,0.25,101,L2-D1-S,Glo,4.0,162.0,2657.0,3546.0,gdsc:1060:0.25uM,PD0325901
42402,3981,159.0,1060.0,0.25,101,L2-D1-S,Glo,4.0,162.0,2657.0,3547.0,gdsc:1060:0.25uM,PD0325901
42874,3983,158.0,1060.0,0.25,101,L2-D1-S,Glo,4.0,1990.0,5511.0,3548.0,gdsc:1060:0.25uM,PD0325901
43353,3987,159.0,1060.0,0.25,101,L2-D1-S,Glo,4.0,1563.0,2358.0,3550.0,gdsc:1060:0.25uM,PD0325901
43825,3992,158.0,1060.0,0.25,101,L2-D1-S,Glo,4.0,2099.0,2930.0,3551.0,gdsc:1060:0.25uM,PD0325901
44304,3993,159.0,1060.0,0.25,101,L2-D1-S,Glo,4.0,2099.0,2930.0,3552.0,gdsc:1060:0.25uM,PD0325901
44776,3995,158.0,1060.0,0.25,101,L2-D1-S,Glo,4.0,741.0,2716.0,3553.0,gdsc:1060:0.25uM,PD0325901
45255,3996,159.0,1060.0,0.25,101,L2-D1-S,Glo,4.0,741.0,2716.0,3554.0,gdsc:1060:0.25uM,PD0325901
45727,3999,159.0,1060.0,0.25,101,L2-D1-S,Glo,4.0,3.0,2181.0,3555.0,gdsc:1060:0.25uM,PD0325901
46199,4002,159.0,1060.0,0.25,101,L2-D1-S,Glo,4.0,1833.0,4392.0,3556.0,gdsc:1060:0.25uM,PD0325901
46671,4005,159.0,1060.0,0.25,101,L2-D1-S,Glo,4.0,305.0,4577.0,3558.0,gdsc:1060:0.25uM,PD0325901
47143,4008,159.0,1060.0,0.25,101,L2-D1-S,Glo,4.0,1920.0,2790.0,3559.0,gdsc:1060:0.25uM,PD0325901
47615,4013,158.0,1060.0,0.25,101,L2-D1-S,Glo,4.0,699.0,2102.0,3619.0,gdsc:1060:0.25uM,PD0325901
48094,4015,158.0,1060.0,0.25,101,L2-D1-S,Glo,4.0,2194.0,2199.0,3620.0,gdsc:1060:0.25uM,PD0325901
48573,4019,158.0,1060.0,0.25,101,L2-D1-S,Glo,4.0,3.0,2181.0,3622.0,gdsc:1060:0.25uM,PD0325901
49052,4023,158.0,1060.0,0.25,101,L2-D1-S,Glo,4.0,1920.0,2790.0,3624.0,gdsc:1060:0.25uM,PD0325901
49531,4091,158.0,1060.0,0.25,101,L2-D1-S,Glo,4.0,198.0,4712.0,3666.0,gdsc:1060:0.25uM,PD0325901
50010,4092,158.0,1060.0,0.25,101,L2-D1-S,Glo,4.0,198.0,4712.0,3667.0,gdsc:1060:0.25uM,PD0325901
50489,4093,158.0,1060.0,0.25,101,L2-D1-S,Glo,4.0,198.0,4712.0,3668.0,gdsc:1060:0.25uM,PD0325901
50968,4094,159.0,1060.0,0.25,101,L2-D1-S,Glo,4.0,198.0,4712.0,3669.0,gdsc:1060:0.25uM,PD0325901
51440,4095,159.0,1060.0,0.25,101,L2-D1-S,Glo,4.0,198.0,4712.0,3670.0,gdsc:1060:0.25uM,PD0325901
51912,4096,159.0,1060.0,0.25,101,L2-D1-S,Glo,4.0,198.0,4712.0,3671.0,gdsc:1060:0.25uM,PD0325901
52384,4112,158.0,1060.0,0.25,101,L2-D1-S,Glo,4.0,953.0,4740.0,3687.0,gdsc:1060:0.25uM,PD0325901
52863,4113,158.0,1060.0,0.25,101,L2-D1-S,Glo,4.0,953.0,4740.0,3688.0,gdsc:1060:0.25uM,PD0325901
53342,4114,158.0,1060.0,0.25,101,L2-D1-S,Glo,4.0,953.0,4740.0,3689.0,gdsc:1060:0.25uM,PD0325901
53821,4115,159.0,1060.0,0.25,101,L2-D1-S,Glo,4.0,953.0,4740.0,3690.0,gdsc:1060:0.25uM,PD0325901
54293,4116,159.0,1060.0,0.25,101,L2-D1-S,Glo,4.0,953.0,4740.0,3691.0,gdsc:1060:0.25uM,PD0325901
54765,4117,159.0,1060.0,0.25,101,L2-D1-S,Glo,4.0,953.0,4740.0,3692.0,gdsc:1060:0.25uM,PD0325901
55237,4119,158.0,1060.0,0.25,101,L2-D1-S,Glo,4.0,3.0,2181.0,3694.0,gdsc:1060:0.25uM,PD0325901
55716,4120,158.0,1060.0,0.25,101,L2-D1-S,Glo,4.0,3.0,2181.0,3695.0,gdsc:1060:0.25uM,PD0325901
56195,4121,158.0,1060.0,0.25,101,L2-D1-S,Glo,4.0,3.0,2181.0,3696.0,gdsc:1060:0.25uM,PD0325901
56674,4122,159.0,1060.0,0.25,101,L2-D1-S,Glo,4.0,3.0,2181.0,3697.0,gdsc:1060:0.25uM,PD0325901
57146,4123,159.0,1060.0,0.25,101,L2-D1-S,Glo,4.0,3.0,2181.0,3698.0,gdsc:1060:0.25uM,PD0325901
57618,4124,159.0,1060.0,0.25,101,L2-D1-S,Glo,4.0,3.0,2181.0,3700.0,gdsc:1060:0.25uM,PD0325901
58090,4126,158.0,1060.0,0.25,101,L2-D1-S,Glo,4.0,1212.0,4576.0,3702.0,gdsc:1060:0.25uM,PD0325901
58569,4127,158.0,1060.0,0.25,101,L2-D1-S,Glo,4.0,1212.0,4576.0,3703.0,gdsc:1060:0.25uM,PD0325901
59048,4128,158.0,1060.0,0.25,101,L2-D1-S,Glo,4.0,1212.0,4576.0,3704.0,gdsc:1060:0.25uM,PD0325901
59527,4129,159.0,1060.0,0.25,101,L2-D1-S,Glo,4.0,1212.0,4576.0,3705.0,gdsc:1060:0.25uM,PD0325901
59999,4130,159.0,1060.0,0.25,101,L2-D1-S,Glo,4.0,1212.0,4576.0,3706.0,gdsc:1060:0.25uM,PD0325901
60471,4131,159.0,1060.0,0.25,101,L2-D1-S,Glo,4.0,1212.0,4576.0,3707.0,gdsc:1060:0.25uM,PD0325901
60943,4143,159.0,1060.0,0.25,101,L2-D1-S,Glo,4.0,37.0,2536.0,3712.0,gdsc:1060:0.25uM,PD0325901
61415,4144,159.0,1060.0,0.25,101,L2-D1-S,Glo,4.0,37.0,2536.0,3713.0,gdsc:1060:0.25uM,PD0325901
61887,4145,159.0,1060.0,0.25,101,L2-D1-S,Glo,4.0,37.0,2536.0,3714.0,gdsc:1060:0.25uM,PD0325901
62359,4147,158.0,1060.0,0.25,101,L2-D1-S,Glo,4.0,339.0,3192.0,3716.0,gdsc:1060:0.25uM,PD0325901
62838,4148,158.0,1060.0,0.25,101,L2-D1-S,Glo,4.0,339.0,3192.0,3717.0,gdsc:1060:0.25uM,PD0325901
63317,4149,158.0,1060.0,0.25,101,L2-D1-S,Glo,4.0,339.0,3192.0,3718.0,gdsc:1060:0.25uM,PD0325901
63796,4150,159.0,1060.0,0.25,101,L2-D1-S,Glo,4.0,339.0,3192.0,3719.0,gdsc:1060:0.25uM,PD0325901
64268,4151,159.0,1060.0,0.25,101,L2-D1-S,Glo,4.0,339.0,3192.0,3720.0,gdsc:1060:0.25uM,PD0325901
64740,4152,159.0,1060.0,0.25,101,L2-D1-S,Glo,4.0,339.0,3192.0,3721.0,gdsc:1060:0.25uM,PD0325901
65212,4157,159.0,1060.0,0.25,101,L2-D1-S,Glo,4.0,921.0,3180.0,3725.0,gdsc:1060:0.25uM,PD0325901
65684,4158,159.0,1060.0,0.25,101,L2-D1-S,Glo,4.0,921.0,3180.0,3726.0,gdsc:1060:0.25uM,PD0325901
66156,4159,159.0,1060.0,0.25,101,L2-D1-S,Glo,4.0,921.0,3180.0,3727.0,gdsc:1060:0.25uM,PD0325901
66628,4161,158.0,1060.0,0.25,101,L2-D1-S,Glo,4.0,2242.0,4711.0,3729.0,gdsc:1060:0.25uM,PD0325901
67107,4162,158.0,1060.0,0.25,101,L2-D1-S,Glo,4.0,2242.0,4711.0,3730.0,gdsc:1060:0.25uM,PD0325901
67586,4163,158.0,1060.0,0.25,101,L2-D1-S,Glo,4.0,2242.0,4711.0,3731.0,gdsc:1060:0.25uM,PD0325901
68065,4164,159.0,1060.0,0.25,101,L2-D1-S,Glo,4.0,2242.0,4711.0,3732.0,gdsc:1060:0.25uM,PD0325901
68537,4165,159.0,1060.0,0.25,101,L2-D1-S,Glo,4.0,2242.0,4711.0,3733.0,gdsc:1060:0.25uM,PD0325901
69009,4166,159.0,1060.0,0.25,101,L2-D1-S,Glo,4.0,2242.0,4711.0,3734.0,gdsc:1060:0.25uM,PD0325901
69481,4168,158.0,1060.0,0.25,101,L2-D1-S,Glo,4.0,1145.0,2231.0,3736.0,gdsc:1060:0.25uM,PD0325901
69960,4169,158.0,1060.0,0.25,101,L2-D1-S,Glo,4.0,1145.0,2231.0,3737.0,gdsc:1060:0.25uM,PD0325901
70439,4170,158.0,1060.0,0.25,101,L2-D1-S,Glo,4.0,1145.0,2231.0,3738.0,gdsc:1060:0.25uM,PD0325901
70918,4171,159.0,1060.0,0.25,101,L2-D1-S,Glo,4.0,1145.0,2231.0,3739.0,gdsc:1060:0.25uM,PD0325901
71390,4172,159.0,1060.0,0.25,101,L2-D1-S,Glo,4.0,1145.0,2231.0,3740.0,gdsc:1060:0.25uM,PD0325901
71862,4218,158.0,1060.0,0.25,101,L2-D1-S,Glo,4.0,152.0,4305.0,3746.0,gdsc:1060:0.25uM,PD0325901
72341,4219,159.0,1060.0,0.25,101,L2-D1-S,Glo,4.0,152.0,4305.0,3747.0,gdsc:1060:0.25uM,PD0325901
72813,4228,159.0,1060.0,0.25,101,L2-D1-S,Glo,4.0,1.0,2174.0,3751.0,gdsc:1060:0.25uM,PD0325901
73285,4231,159.0,1060.0,0.25,101,L2-D1-S,Glo,4.0,573.0,2493.0,3753.0,gdsc:1060:0.25uM,PD0325901
73757,4177,159.0,1060.0,0.25,101,L2-D1-S,Glo,4.0,2104.0,5532.0,3767.0,gdsc:1060:0.25uM,PD0325901
74229,4179,158.0,1060.0,0.25,101,L2-D1-S,Glo,4.0,1687.0,2582.0,3768.0,gdsc:1060:0.25uM,PD0325901
74708,4180,159.0,1060.0,0.25,101,L2-D1-S,Glo,4.0,1687.0,2582.0,3769.0,gdsc:1060:0.25uM,PD0325901
75180,4186,159.0,1060.0,0.25,101,L2-D1-S,Glo,4.0,901.0,2364.0,3773.0,gdsc:1060:0.25uM,PD0325901
75652,4191,158.0,1060.0,0.25,101,L2-D1-S,Glo,4.0,1513.0,3031.0,3776.0,gdsc:1060:0.25uM,PD0325901
76131,4192,159.0,1060.0,0.25,101,L2-D1-S,Glo,4.0,1513.0,3031.0,3777.0,gdsc:1060:0.25uM,PD0325901
76603,4197,158.0,1060.0,0.25,101,L2-D1-S,Glo,4.0,1676.0,3300.0,3778.0,gdsc:1060:0.25uM,PD0325901
77082,4201,159.0,1060.0,0.25,101,L2-D1-S,Glo,4.0,1006.0,2627.0,3781.0,gdsc:1060:0.25uM,PD0325901
77554,4203,158.0,1060.0,0.25,101,L2-D1-S,Glo,4.0,791.0,2116.0,3782.0,gdsc:1060:0.25uM,PD0325901
78033,4204,159.0,1060.0,0.25,101,L2-D1-S,Glo,4.0,791.0,2116.0,3783.0,gdsc:1060:0.25uM,PD0325901
78505,4206,158.0,1060.0,0.25,101,L2-D1-S,Glo,4.0,177.0,3758.0,3784.0,gdsc:1060:0.25uM,PD0325901
78984,4207,159.0,1060.0,0.25,101,L2-D1-S,Glo,4.0,177.0,3758.0,3785.0,gdsc:1060:0.25uM,PD0325901
79456,4212,158.0,1060.0,0.25,101,L2-D1-S,Glo,4.0,1611.0,2549.0,3786.0,gdsc:1060:0.25uM,PD0325901
79935,4213,159.0,1060.0,0.25,101,L2-D1-S,Glo,4.0,1611.0,2549.0,3787.0,gdsc:1060:0.25uM,PD0325901
80407,4306,158.0,1060.0,0.25,101,L2-D1-S,Glo,4.0,1794.0,3112.0,3822.0,gdsc:1060:0.25uM,PD0325901
80886,4308,158.0,1060.0,0.25,101,L2-D1-S,Glo,4.0,1794.0,3112.0,3823.0,gdsc:1060:0.25uM,PD0325901
81365,4309,158.0,1060.0,0.25,101,L2-D1-S,Glo,4.0,1794.0,3112.0,3824.0,gdsc:1060:0.25uM,PD0325901
81844,4602,159.0,1060.0,0.25,101,L2-D1-S,Glo,4.0,1833.0,4392.0,3930.0,gdsc:1060:0.25uM,PD0325901
82316,4608,159.0,1060.0,0.25,101,L2-D1-S,Glo,4.0,1794.0,3112.0,3934.0,gdsc:1060:0.25uM,PD0325901
82788,4622,158.0,1060.0,0.25,101,L2-D1-S,Glo,4.0,304.0,2100.0,3937.0,gdsc:1060:0.25uM,PD0325901
83267,4623,159.0,1060.0,0.25,101,L2-D1-S,Glo,4.0,304.0,2100.0,3938.0,gdsc:1060:0.25uM,PD0325901
83739,4628,158.0,1060.0,0.25,101,L2-D1-S,Glo,4.0,648.0,2920.0,3941.0,gdsc:1060:0.25uM,PD0325901
84218,4629,159.0,1060.0,0.25,101,L2-D1-S,Glo,4.0,648.0,2920.0,3942.0,gdsc:1060:0.25uM,PD0325901
84690,4632,159.0,1060.0,0.25,101,L2-D1-S,Glo,4.0,699.0,2102.0,3944.0,gdsc:1060:0.25uM,PD0325901
85162,4634,158.0,1060.0,0.25,101,L2-D1-S,Glo,4.0,1068.0,3502.0,3945.0,gdsc:1060:0.25uM,PD0325901
85641,4635,159.0,1060.0,0.25,101,L2-D1-S,Glo,4.0,1068.0,3502.0,3946.0,gdsc:1060:0.25uM,PD0325901
86113,4638,159.0,1060.0,0.25,101,L2-D1-S,Glo,4.0,1625.0,3832.0,3948.0,gdsc:1060:0.25uM,PD0325901
86585,4640,158.0,1060.0,0.25,101,L2-D1-S,Glo,4.0,569.0,4582.0,3950.0,gdsc:1060:0.25uM,PD0325901
87064,4641,159.0,1060.0,0.25,101,L2-D1-S,Glo,4.0,569.0,4582.0,3951.0,gdsc:1060:0.25uM,PD0325901
87536,4771,158.0,1060.0,0.25,101,L2-D1-S,Glo,4.0,1907.0,4302.0,4118.0,gdsc:1060:0.25uM,PD0325901
88015,4768,158.0,1060.0,0.25,101,L2-D1-S,Glo,4.0,2191.0,4312.0,4120.0,gdsc:1060:0.25uM,PD0325901
88494,4726,159.0,1060.0,0.25,101,L2-D1-S,Glo,4.0,966.0,3792.0,4123.0,gdsc:1060:0.25uM,PD0325901
88966,4711,159.0,1060.0,0.25,101,L2-D1-S,Glo,4.0,2164.0,3795.0,4125.0,gdsc:1060:0.25uM,PD0325901
89438,4714,159.0,1060.0,0.25,101,L2-D1-S,Glo,4.0,1372.0,3408.0,4129.0,gdsc:1060:0.25uM,PD0325901
89910,4742,159.0,1060.0,0.25,101,L2-D1-S,Glo,4.0,154.0,4313.0,4130.0,gdsc:1060:0.25uM,PD0325901
90382,4739,159.0,1060.0,0.25,101,L2-D1-S,Glo,4.0,2148.0,2596.0,4131.0,gdsc:1060:0.25uM,PD0325901
90854,4769,159.0,1060.0,0.25,101,L2-D1-S,Glo,4.0,2191.0,4312.0,4138.0,gdsc:1060:0.25uM,PD0325901
91326,4772,159.0,1060.0,0.25,101,L2-D1-S,Glo,4.0,1907.0,4302.0,4140.0,gdsc:1060:0.25uM,PD0325901
91798,4781,159.0,1060.0,0.25,101,L2-D1-S,Glo,4.0,997.0,5571.0,4141.0,gdsc:1060:0.25uM,PD0325901
92270,4696,159.0,1060.0,0.25,101,L2-D1-S,Glo,4.0,106.0,3346.0,4143.0,gdsc:1060:0.25uM,PD0325901
92742,4708,159.0,1060.0,0.25,101,L2-D1-S,Glo,4.0,1557.0,2911.0,4144.0,gdsc:1060:0.25uM,PD0325901
93214,4717,159.0,1060.0,0.25,101,L2-D1-S,Glo,4.0,1491.0,2528.0,4145.0,gdsc:1060:0.25uM,PD0325901
93686,4720,159.0,1060.0,0.25,101,L2-D1-S,Glo,4.0,1005.0,2574.0,4146.0,gdsc:1060:0.25uM,PD0325901
94158,4701,158.0,1060.0,0.25,101,L2-D1-S,Glo,4.0,1839.0,2856.0,4151.0,gdsc:1060:0.25uM,PD0325901
94637,4710,158.0,1060.0,0.25,101,L2-D1-S,Glo,4.0,2164.0,3795.0,4152.0,gdsc:1060:0.25uM,PD0325901
95116,4732,158.0,1060.0,0.25,101,L2-D1-S,Glo,4.0,1271.0,2019.0,4153.0,gdsc:1060:0.25uM,PD0325901
95595,4738,158.0,1060.0,0.25,101,L2-D1-S,Glo,4.0,2148.0,2596.0,4155.0,gdsc:1060:0.25uM,PD0325901
96074,4747,158.0,1060.0,0.25,101,L2-D1-S,Glo,4.0,306.0,3110.0,4159.0,gdsc:1060:0.25uM,PD0325901
96553,4741,158.0,1060.0,0.25,101,L2-D1-S,Glo,4.0,154.0,4313.0,4160.0,gdsc:1060:0.25uM,PD0325901
97032,4753,158.0,1060.0,0.25,101,L2-D1-S,Glo,4.0,2081.0,3115.0,4162.0,gdsc:1060:0.25uM,PD0325901
97511,4725,158.0,1060.0,0.25,101,L2-D1-S,Glo,4.0,966.0,3792.0,4163.0,gdsc:1060:0.25uM,PD0325901
97990,4695,158.0,1060.0,0.25,101,L2-D1-S,Glo,4.0,106.0,3346.0,4166.0,gdsc:1060:0.25uM,PD0325901
98469,4719,158.0,1060.0,0.25,101,L2-D1-S,Glo,4.0,1005.0,2574.0,4167.0,gdsc:1060:0.25uM,PD0325901
98948,4707,158.0,1060.0,0.25,101,L2-D1-S,Glo,4.0,1557.0,2911.0,4168.0,gdsc:1060:0.25uM,PD0325901
99427,4716,158.0,1060.0,0.25,101,L2-D1-S,Glo,4.0,1491.0,2528.0,4169.0,gdsc:1060:0.25uM,PD0325901
99906,4780,158.0,1060.0,0.25,101,L2-D1-S,Glo,4.0,997.0,5571.0,4171.0,gdsc:1060:0.25uM,PD0325901
100385,4801,159.0,1060.0,0.25,101,L2-D1-S,Glo,4.0,1372.0,3408.0,4286.0,gdsc:1060:0.25uM,PD0325901
100857,4810,159.0,1060.0,0.25,101,L2-D1-S,Glo,4.0,91.0,3315.0,4287.0,gdsc:1060:0.25uM,PD0325901
101329,4821,158.0,1060.0,0.25,101,L2-D1-S,Glo,4.0,901.0,2364.0,4294.0,gdsc:1060:0.25uM,PD0325901
101808,4797,158.0,1060.0,0.25,101,L2-D1-S,Glo,4.0,1794.0,3112.0,4295.0,gdsc:1060:0.25uM,PD0325901
102287,4815,158.0,1060.0,0.25,101,L2-D1-S,Glo,4.0,200.0,3757.0,4296.0,gdsc:1060:0.25uM,PD0325901
102766,4803,158.0,1060.0,0.25,101,L2-D1-S,Glo,4.0,1839.0,2856.0,4297.0,gdsc:1060:0.25uM,PD0325901
103245,4800,158.0,1060.0,0.25,101,L2-D1-S,Glo,4.0,1372.0,3408.0,4299.0,gdsc:1060:0.25uM,PD0325901
103724,4824,158.0,1060.0,0.25,101,L2-D1-S,Glo,4.0,2066.0,2452.0,4302.0,gdsc:1060:0.25uM,PD0325901
104203,4816,159.0,1060.0,0.25,101,L2-D1-S,Glo,4.0,200.0,3757.0,4303.0,gdsc:1060:0.25uM,PD0325901
104675,4804,159.0,1060.0,0.25,101,L2-D1-S,Glo,4.0,1839.0,2856.0,4304.0,gdsc:1060:0.25uM,PD0325901
105147,4798,159.0,1060.0,0.25,101,L2-D1-S,Glo,4.0,1794.0,3112.0,4305.0,gdsc:1060:0.25uM,PD0325901
105619,4822,159.0,1060.0,0.25,101,L2-D1-S,Glo,4.0,901.0,2364.0,4306.0,gdsc:1060:0.25uM,PD0325901
106091,4825,159.0,1060.0,0.25,101,L2-D1-S,Glo,4.0,2066.0,2452.0,4307.0,gdsc:1060:0.25uM,PD0325901
106563,4863,158.0,1060.0,0.25,101,L2-D1-S,Glo,4.0,385.0,3230.0,4356.0,gdsc:1060:0.25uM,PD0325901
107042,4864,159.0,1060.0,0.25,101,L2-D1-S,Glo,4.0,385.0,3230.0,4357.0,gdsc:1060:0.25uM,PD0325901
107514,4866,158.0,1060.0,0.25,101,L2-D1-S,Glo,4.0,688.0,3871.0,4358.0,gdsc:1060:0.25uM,PD0325901
107993,4867,159.0,1060.0,0.25,101,L2-D1-S,Glo,4.0,688.0,3871.0,4359.0,gdsc:1060:0.25uM,PD0325901
108465,4889,158.0,1060.0,0.25,101,L2-D1-S,Glo,4.0,1471.0,2038.0,4360.0,gdsc:1060:0.25uM,PD0325901
108944,4890,159.0,1060.0,0.25,101,L2-D1-S,Glo,4.0,1471.0,2038.0,4361.0,gdsc:1060:0.25uM,PD0325901
109416,4899,159.0,1060.0,0.25,101,L2-D1-S,Glo,4.0,974.0,2167.0,4363.0,gdsc:1060:0.25uM,PD0325901
109888,4901,158.0,1060.0,0.25,101,L2-D1-S,Glo,4.0,575.0,2550.0,4364.0,gdsc:1060:0.25uM,PD0325901
110367,4902,159.0,1060.0,0.25,101,L2-D1-S,Glo,4.0,575.0,2550.0,4365.0,gdsc:1060:0.25uM,PD0325901
110839,5155,159.0,1060.0,0.25,101,L2-D1-S,Glo,4.0,1157.0,2001.0,4571.0,gdsc:1060:0.25uM,PD0325901
111311,5164,159.0,1060.0,0.25,101,L2-D1-S,Glo,4.0,63.0,2300.0,4576.0,gdsc:1060:0.25uM,PD0325901
111783,5116,159.0,1060.0,0.25,101,L2-D1-S,Glo,4.0,1254.0,3456.0,4581.0,gdsc:1060:0.25uM,PD0325901
112255,5101,159.0,1060.0,0.25,101,L2-D1-S,Glo,4.0,1036.0,2784.0,4583.0,gdsc:1060:0.25uM,PD0325901
112727,5095,159.0,1060.0,0.25,101,L2-D1-S,Glo,4.0,1563.0,2358.0,4585.0,gdsc:1060:0.25uM,PD0325901
113199,5103,158.0,1060.0,0.25,101,L2-D1-S,Glo,4.0,305.0,4577.0,4589.0,gdsc:1060:0.25uM,PD0325901
113678,5115,158.0,1060.0,0.25,101,L2-D1-S,Glo,4.0,1254.0,3456.0,4592.0,gdsc:1060:0.25uM,PD0325901
114157,5154,158.0,1060.0,0.25,101,L2-D1-S,Glo,4.0,1157.0,2001.0,4602.0,gdsc:1060:0.25uM,PD0325901
114636,5094,158.0,1060.0,0.25,101,L2-D1-S,Glo,4.0,1563.0,2358.0,4604.0,gdsc:1060:0.25uM,PD0325901
115115,5291,159.0,1060.0,0.25,101,L2-D1-S,Glo,4.0,868.0,2678.0,4667.0,gdsc:1060:0.25uM,PD0325901
115587,5285,159.0,1060.0,0.25,101,L2-D1-S,Glo,4.0,301.0,2656.0,4669.0,gdsc:1060:0.25uM,PD0325901
116059,5288,159.0,1060.0,0.25,101,L2-D1-S,Glo,4.0,2061.0,2623.0,4670.0,gdsc:1060:0.25uM,PD0325901
116531,5306,159.0,1060.0,0.25,101,L2-D1-S,Glo,4.0,1465.0,2446.0,4671.0,gdsc:1060:0.25uM,PD0325901
117003,5327,159.0,1060.0,0.25,101,L2-D1-S,Glo,4.0,1141.0,2183.0,4672.0,gdsc:1060:0.25uM,PD0325901
117475,5297,159.0,1060.0,0.25,101,L2-D1-S,Glo,4.0,1806.0,2303.0,4673.0,gdsc:1060:0.25uM,PD0325901
117947,5312,159.0,1060.0,0.25,101,L2-D1-S,Glo,4.0,738.0,2260.0,4674.0,gdsc:1060:0.25uM,PD0325901
118419,5303,159.0,1060.0,0.25,101,L2-D1-S,Glo,4.0,1483.0,2611.0,4675.0,gdsc:1060:0.25uM,PD0325901
118891,5279,159.0,1060.0,0.25,101,L2-D1-S,Glo,4.0,346.0,3166.0,4676.0,gdsc:1060:0.25uM,PD0325901
119363,5294,159.0,1060.0,0.25,101,L2-D1-S,Glo,4.0,1777.0,2722.0,4677.0,gdsc:1060:0.25uM,PD0325901
119835,5300,159.0,1060.0,0.25,101,L2-D1-S,Glo,4.0,1207.0,2301.0,4679.0,gdsc:1060:0.25uM,PD0325901
120307,5282,159.0,1060.0,0.25,101,L2-D1-S,Glo,4.0,672.0,3266.0,4680.0,gdsc:1060:0.25uM,PD0325901
120779,5329,158.0,1060.0,0.25,101,L2-D1-S,Glo,4.0,1921.0,2809.0,4681.0,gdsc:1060:0.25uM,PD0325901
121258,5330,159.0,1060.0,0.25,101,L2-D1-S,Glo,4.0,1921.0,2809.0,4683.0,gdsc:1060:0.25uM,PD0325901
121730,5269,158.0,1060.0,0.25,101,L2-D1-S,Glo,4.0,652.0,2756.0,4684.0,gdsc:1060:0.25uM,PD0325901
122209,5320,158.0,1060.0,0.25,101,L2-D1-S,Glo,4.0,480.0,2164.0,4686.0,gdsc:1060:0.25uM,PD0325901
122688,5317,158.0,1060.0,0.25,101,L2-D1-S,Glo,4.0,2081.0,3115.0,4687.0,gdsc:1060:0.25uM,PD0325901
123167,5321,159.0,1060.0,0.25,101,L2-D1-S,Glo,4.0,480.0,2164.0,4690.0,gdsc:1060:0.25uM,PD0325901
123639,5318,159.0,1060.0,0.25,101,L2-D1-S,Glo,4.0,2081.0,3115.0,4691.0,gdsc:1060:0.25uM,PD0325901
124111,5270,159.0,1060.0,0.25,101,L2-D1-S,Glo,4.0,652.0,2756.0,4692.0,gdsc:1060:0.25uM,PD0325901
124583,5284,158.0,1060.0,0.25,101,L2-D1-S,Glo,4.0,301.0,2656.0,4694.0,gdsc:1060:0.25uM,PD0325901
125062,5290,158.0,1060.0,0.25,101,L2-D1-S,Glo,4.0,868.0,2678.0,4695.0,gdsc:1060:0.25uM,PD0325901
125541,5305,158.0,1060.0,0.25,101,L2-D1-S,Glo,4.0,1465.0,2446.0,4697.0,gdsc:1060:0.25uM,PD0325901
126020,5311,158.0,1060.0,0.25,101,L2-D1-S,Glo,4.0,738.0,2260.0,4700.0,gdsc:1060:0.25uM,PD0325901
126499,5302,158.0,1060.0,0.25,101,L2-D1-S,Glo,4.0,1483.0,2611.0,4701.0,gdsc:1060:0.25uM,PD0325901
126978,5281,158.0,1060.0,0.25,101,L2-D1-S,Glo,4.0,672.0,3266.0,4706.0,gdsc:1060:0.25uM,PD0325901
127457,5433,159.0,1060.0,0.25,101,L2-D1-S,Glo,4.0,1223.0,3377.0,4852.0,gdsc:1060:0.25uM,PD0325901
127929,5427,159.0,1060.0,0.25,101,L2-D1-S,Glo,4.0,1941.0,2997.0,4856.0,gdsc:1060:0.25uM,PD0325901
128401,5424,159.0,1060.0,0.25,101,L2-D1-S,Glo,4.0,63.0,2300.0,4858.0,gdsc:1060:0.25uM,PD0325901
128873,5432,158.0,1060.0,0.25,101,L2-D1-S,Glo,4.0,1223.0,3377.0,4868.0,gdsc:1060:0.25uM,PD0325901
129352,5550,159.0,1060.0,0.25,101,L2-D1-S,Glo,4.0,1749.0,2155.0,4933.0,gdsc:1060:0.25uM,PD0325901
129824,5562,159.0,1060.0,0.25,101,L2-D1-S,Glo,4.0,2104.0,5532.0,4934.0,gdsc:1060:0.25uM,PD0325901
130296,5544,159.0,1060.0,0.25,101,L2-D1-S,Glo,4.0,14.0,2564.0,4936.0,gdsc:1060:0.25uM,PD0325901
130768,5565,159.0,1060.0,0.25,101,L2-D1-S,Glo,4.0,306.0,3110.0,4938.0,gdsc:1060:0.25uM,PD0325901
131240,5520,159.0,1060.0,0.25,101,L2-D1-S,Glo,4.0,558.0,2002.0,4939.0,gdsc:1060:0.25uM,PD0325901
131712,5547,159.0,1060.0,0.25,101,L2-D1-S,Glo,4.0,114.0,2279.0,4940.0,gdsc:1060:0.25uM,PD0325901
132184,5517,159.0,1060.0,0.25,101,L2-D1-S,Glo,4.0,2061.0,2623.0,4943.0,gdsc:1060:0.25uM,PD0325901
132656,5526,159.0,1060.0,0.25,101,L2-D1-S,Glo,4.0,1806.0,2303.0,4944.0,gdsc:1060:0.25uM,PD0325901
133128,5529,159.0,1060.0,0.25,101,L2-D1-S,Glo,4.0,1777.0,2722.0,4945.0,gdsc:1060:0.25uM,PD0325901
133600,5541,159.0,1060.0,0.25,101,L2-D1-S,Glo,4.0,1284.0,3255.0,4946.0,gdsc:1060:0.25uM,PD0325901
134072,5523,159.0,1060.0,0.25,101,L2-D1-S,Glo,4.0,1207.0,2301.0,4949.0,gdsc:1060:0.25uM,PD0325901
134544,5571,159.0,1060.0,0.25,101,L2-D1-S,Glo,4.0,1689.0,2184.0,4950.0,gdsc:1060:0.25uM,PD0325901
135016,5543,158.0,1060.0,0.25,101,L2-D1-S,Glo,4.0,14.0,2564.0,4952.0,gdsc:1060:0.25uM,PD0325901
135495,5564,158.0,1060.0,0.25,101,L2-D1-S,Glo,4.0,306.0,3110.0,5113.0,gdsc:1060:0.25uM,PD0325901
135974,5519,158.0,1060.0,0.25,101,L2-D1-S,Glo,4.0,558.0,2002.0,5114.0,gdsc:1060:0.25uM,PD0325901
136453,5546,158.0,1060.0,0.25,101,L2-D1-S,Glo,4.0,114.0,2279.0,5115.0,gdsc:1060:0.25uM,PD0325901
136932,5552,158.0,1060.0,0.25,101,L2-D1-S,Glo,4.0,1838.0,3479.0,5118.0,gdsc:1060:0.25uM,PD0325901
137411,5561,158.0,1060.0,0.25,101,L2-D1-S,Glo,4.0,2104.0,5532.0,5119.0,gdsc:1060:0.25uM,PD0325901
137890,5567,158.0,1060.0,0.25,101,L2-D1-S,Glo,4.0,1141.0,2183.0,5120.0,gdsc:1060:0.25uM,PD0325901
138369,5534,158.0,1060.0,0.25,101,L2-D1-S,Glo,4.0,1011.0,4739.0,5121.0,gdsc:1060:0.25uM,PD0325901
138848,5516,158.0,1060.0,0.25,101,L2-D1-S,Glo,4.0,2061.0,2623.0,5122.0,gdsc:1060:0.25uM,PD0325901
139327,5540,158.0,1060.0,0.25,101,L2-D1-S,Glo,4.0,1284.0,3255.0,5123.0,gdsc:1060:0.25uM,PD0325901
139806,5555,158.0,1060.0,0.25,101,L2-D1-S,Glo,4.0,469.0,2013.0,5124.0,gdsc:1060:0.25uM,PD0325901
140285,5528,158.0,1060.0,0.25,101,L2-D1-S,Glo,4.0,1777.0,2722.0,5125.0,gdsc:1060:0.25uM,PD0325901
140764,5525,158.0,1060.0,0.25,101,L2-D1-S,Glo,4.0,1806.0,2303.0,5127.0,gdsc:1060:0.25uM,PD0325901
141243,5522,158.0,1060.0,0.25,101,L2-D1-S,Glo,4.0,1207.0,2301.0,5128.0,gdsc:1060:0.25uM,PD0325901
141722,5570,158.0,1060.0,0.25,101,L2-D1-S,Glo,4.0,1689.0,2184.0,5129.0,gdsc:1060:0.25uM,PD0325901
142201,5741,159.0,1060.0,0.25,101,L2-D1-S,Glo,4.0,1615.0,3372.0,5205.0,gdsc:1060:0.25uM,PD0325901
142673,5732,159.0,1060.0,0.25,101,L2-D1-S,Glo,4.0,960.0,2029.0,5206.0,gdsc:1060:0.25uM,PD0325901
143145,5747,159.0,1060.0,0.25,101,L2-D1-S,Glo,4.0,1562.0,2327.0,5211.0,gdsc:1060:0.25uM,PD0325901
143617,5753,159.0,1060.0,0.25,101,L2-D1-S,Glo,4.0,305.0,4577.0,5213.0,gdsc:1060:0.25uM,PD0325901
144089,5752,158.0,1060.0,0.25,101,L2-D1-S,Glo,4.0,305.0,4577.0,5228.0,gdsc:1060:0.25uM,PD0325901
144568,5731,158.0,1060.0,0.25,101,L2-D1-S,Glo,4.0,960.0,2029.0,5229.0,gdsc:1060:0.25uM,PD0325901
145047,5749,158.0,1060.0,0.25,101,L2-D1-S,Glo,4.0,268.0,2146.0,5231.0,gdsc:1060:0.25uM,PD0325901
145526,5740,158.0,1060.0,0.25,101,L2-D1-S,Glo,4.0,1615.0,3372.0,5232.0,gdsc:1060:0.25uM,PD0325901
146005,5743,158.0,1060.0,0.25,101,L2-D1-S,Glo,4.0,561.0,2036.0,5233.0,gdsc:1060:0.25uM,PD0325901
146484,5746,158.0,1060.0,0.25,101,L2-D1-S,Glo,4.0,1562.0,2327.0,5234.0,gdsc:1060:0.25uM,PD0325901
146963,5744,159.0,1060.0,0.25,101,L2-D1-S,Glo,4.0,561.0,2036.0,5235.0,gdsc:1060:0.25uM,PD0325901
147435,5750,159.0,1060.0,0.25,101,L2-D1-S,Glo,4.0,268.0,2146.0,5236.0,gdsc:1060:0.25uM,PD0325901
147907,5738,159.0,1060.0,0.25,101,L2-D1-S,Glo,4.0,412.0,3411.0,5237.0,gdsc:1060:0.25uM,PD0325901
148379,6007,158.0,1060.0,0.25,101,L2-D1-S,Glo,4.0,1748.0,2147.0,5385.0,gdsc:1060:0.25uM,PD0325901
148858,6022,158.0,1060.0,0.25,101,L2-D1-S,Glo,4.0,1317.0,2770.0,5386.0,gdsc:1060:0.25uM,PD0325901
149337,6010,158.0,1060.0,0.25,101,L2-D1-S,Glo,4.0,612.0,2379.0,5389.0,gdsc:1060:0.25uM,PD0325901
149816,6011,159.0,1060.0,0.25,101,L2-D1-S,Glo,4.0,612.0,2379.0,5416.0,gdsc:1060:0.25uM,PD0325901
150288,5996,159.0,1060.0,0.25,101,L2-D1-S,Glo,4.0,1320.0,3200.0,5417.0,gdsc:1060:0.25uM,PD0325901
150760,5972,159.0,1060.0,0.25,101,L2-D1-S,Glo,4.0,1511.0,2811.0,5418.0,gdsc:1060:0.25uM,PD0325901
151232,6023,159.0,1060.0,0.25,101,L2-D1-S,Glo,4.0,1317.0,2770.0,5419.0,gdsc:1060:0.25uM,PD0325901
151704,6008,159.0,1060.0,0.25,101,L2-D1-S,Glo,4.0,1748.0,2147.0,5420.0,gdsc:1060:0.25uM,PD0325901
152176,6020,159.0,1060.0,0.25,101,L2-D1-S,Glo,4.0,1009.0,2713.0,5422.0,gdsc:1060:0.25uM,PD0325901
152648,6017,159.0,1060.0,0.25,101,L2-D1-S,Glo,4.0,1089.0,2702.0,5424.0,gdsc:1060:0.25uM,PD0325901
153120,6002,159.0,1060.0,0.25,101,L2-D1-S,Glo,4.0,1161.0,2025.0,5425.0,gdsc:1060:0.25uM,PD0325901
153592,5999,159.0,1060.0,0.25,101,L2-D1-S,Glo,4.0,412.0,3411.0,5426.0,gdsc:1060:0.25uM,PD0325901
154064,5975,159.0,1060.0,0.25,101,L2-D1-S,Glo,4.0,1749.0,2155.0,5428.0,gdsc:1060:0.25uM,PD0325901
154536,6005,159.0,1060.0,0.25,101,L2-D1-S,Glo,4.0,1523.0,2322.0,5429.0,gdsc:1060:0.25uM,PD0325901
155008,5981,159.0,1060.0,0.25,101,L2-D1-S,Glo,4.0,1838.0,3479.0,5430.0,gdsc:1060:0.25uM,PD0325901
155480,5993,159.0,1060.0,0.25,101,L2-D1-S,Glo,4.0,346.0,3166.0,5432.0,gdsc:1060:0.25uM,PD0325901
155952,6014,159.0,1060.0,0.25,101,L2-D1-S,Glo,4.0,1170.0,2688.0,5433.0,gdsc:1060:0.25uM,PD0325901
156424,6013,158.0,1060.0,0.25,101,L2-D1-S,Glo,4.0,1170.0,2688.0,5437.0,gdsc:1060:0.25uM,PD0325901
156903,5992,158.0,1060.0,0.25,101,L2-D1-S,Glo,4.0,346.0,3166.0,5438.0,gdsc:1060:0.25uM,PD0325901
157382,5986,158.0,1060.0,0.25,101,L2-D1-S,Glo,4.0,48.0,3122.0,5439.0,gdsc:1060:0.25uM,PD0325901
157861,6025,158.0,1060.0,0.25,101,L2-D1-S,Glo,4.0,1941.0,2997.0,5440.0,gdsc:1060:0.25uM,PD0325901
158340,5980,158.0,1060.0,0.25,101,L2-D1-S,Glo,4.0,1838.0,3479.0,5441.0,gdsc:1060:0.25uM,PD0325901
158819,5974,158.0,1060.0,0.25,101,L2-D1-S,Glo,4.0,1749.0,2155.0,5443.0,gdsc:1060:0.25uM,PD0325901
159298,5983,158.0,1060.0,0.25,101,L2-D1-S,Glo,4.0,1220.0,3356.0,5444.0,gdsc:1060:0.25uM,PD0325901
159777,6016,158.0,1060.0,0.25,101,L2-D1-S,Glo,4.0,1089.0,2702.0,5447.0,gdsc:1060:0.25uM,PD0325901
160256,6019,158.0,1060.0,0.25,101,L2-D1-S,Glo,4.0,1009.0,2713.0,5449.0,gdsc:1060:0.25uM,PD0325901
160735,6261,158.0,1060.0,0.25,101,L2-D1-S,Glo,4.0,1523.0,2322.0,5772.0,gdsc:1060:0.25uM,PD0325901
161214,6262,159.0,1060.0,0.25,101,L2-D1-S,Glo,4.0,1523.0,2322.0,5773.0,gdsc:1060:0.25uM,PD0325901
161686,6252,158.0,1060.0,0.25,101,L2-D1-S,Glo,4.0,1835.0,3433.0,5774.0,gdsc:1060:0.25uM,PD0325901
162165,6289,159.0,1060.0,0.25,101,L2-D1-S,Glo,4.0,1354.0,2088.0,5811.0,gdsc:1060:0.25uM,PD0325901
162637,6288,158.0,1060.0,0.25,101,L2-D1-S,Glo,4.0,1354.0,2088.0,5812.0,gdsc:1060:0.25uM,PD0325901
163116,6256,159.0,1060.0,0.25,101,L2-D1-S,Glo,4.0,1161.0,2025.0,5815.0,gdsc:1060:0.25uM,PD0325901
163588,6255,158.0,1060.0,0.25,101,L2-D1-S,Glo,4.0,1161.0,2025.0,5816.0,gdsc:1060:0.25uM,PD0325901
164067,6298,159.0,1060.0,0.25,101,L2-D1-S,Glo,4.0,697.0,4304.0,5817.0,gdsc:1060:0.25uM,PD0325901
164539,6297,158.0,1060.0,0.25,101,L2-D1-S,Glo,4.0,697.0,4304.0,5818.0,gdsc:1060:0.25uM,PD0325901
165018,6250,159.0,1060.0,0.25,101,L2-D1-S,Glo,4.0,412.0,3411.0,5820.0,gdsc:1060:0.25uM,PD0325901
165490,6238,159.0,1060.0,0.25,101,L2-D1-S,Glo,4.0,1522.0,2316.0,5821.0,gdsc:1060:0.25uM,PD0325901
165962,6237,158.0,1060.0,0.25,101,L2-D1-S,Glo,4.0,1522.0,2316.0,5822.0,gdsc:1060:0.25uM,PD0325901
166441,6312,158.0,1060.0,0.25,101,L2-D1-S,Glo,4.0,429.0,4738.0,5823.0,gdsc:1060:0.25uM,PD0325901
166920,6313,159.0,1060.0,0.25,101,L2-D1-S,Glo,4.0,429.0,4738.0,5824.0,gdsc:1060:0.25uM,PD0325901
167392,6415,159.0,1060.0,0.25,101,L2-D1-S,Glo,4.0,637.0,2755.0,5879.0,gdsc:1060:0.25uM,PD0325901
167864,6403,159.0,1060.0,0.25,101,L2-D1-S,Glo,4.0,851.0,2216.0,5880.0,gdsc:1060:0.25uM,PD0325901
168336,6369,158.0,1060.0,0.25,101,L2-D1-S,Glo,4.0,1835.0,3433.0,5882.0,gdsc:1060:0.25uM,PD0325901
168815,6372,158.0,1060.0,0.25,101,L2-D1-S,Glo,4.0,1492.0,4591.0,5883.0,gdsc:1060:0.25uM,PD0325901
169294,6390,158.0,1060.0,0.25,101,L2-D1-S,Glo,4.0,1863.0,2686.0,5885.0,gdsc:1060:0.25uM,PD0325901
169773,6408,158.0,1060.0,0.25,101,L2-D1-S,Glo,4.0,35.0,5889.0,5887.0,gdsc:1060:0.25uM,PD0325901
170252,6357,158.0,1060.0,0.25,101,L2-D1-S,Glo,4.0,1394.0,3418.0,5889.0,gdsc:1060:0.25uM,PD0325901
170731,6396,158.0,1060.0,0.25,101,L2-D1-S,Glo,4.0,1490.0,2521.0,5890.0,gdsc:1060:0.25uM,PD0325901
171210,6387,158.0,1060.0,0.25,101,L2-D1-S,Glo,4.0,1549.0,3486.0,5891.0,gdsc:1060:0.25uM,PD0325901
171689,6393,158.0,1060.0,0.25,101,L2-D1-S,Glo,4.0,1096.0,3737.0,5892.0,gdsc:1060:0.25uM,PD0325901
172168,6587,158.0,1060.0,0.25,101,L2-D1-S,Glo,4.0,2228.0,3305.0,6028.0,gdsc:1060:0.25uM,PD0325901
172647,6605,158.0,1060.0,0.25,101,L2-D1-S,Glo,4.0,871.0,2636.0,6101.0,gdsc:1060:0.25uM,PD0325901
173126,6617,158.0,1060.0,0.25,101,L2-D1-S,Glo,4.0,639.0,2786.0,6107.0,gdsc:1060:0.25uM,PD0325901
173605,6620,158.0,1060.0,0.25,101,L2-D1-S,Glo,4.0,1251.0,3431.0,6109.0,gdsc:1060:0.25uM,PD0325901
174084,6632,158.0,1060.0,0.25,101,L2-D1-S,Glo,4.0,952.0,3082.0,6111.0,gdsc:1060:0.25uM,PD0325901
174563,6864,158.0,1060.0,0.25,101,L2-D1-S,Glo,4.0,639.0,2786.0,6246.0,gdsc:1060:0.25uM,PD0325901
175042,6856,159.0,1060.0,0.25,101,L2-D1-S,Glo,4.0,871.0,2636.0,6253.0,gdsc:1060:0.25uM,PD0325901
175514,6855,158.0,1060.0,0.25,101,L2-D1-S,Glo,4.0,871.0,2636.0,6254.0,gdsc:1060:0.25uM,PD0325901
175993,6828,158.0,1060.0,0.25,101,L2-D1-S,Glo,4.0,1911.0,2136.0,6255.0,gdsc:1060:0.25uM,PD0325901
176472,6829,159.0,1060.0,0.25,101,L2-D1-S,Glo,4.0,1911.0,2136.0,6256.0,gdsc:1060:0.25uM,PD0325901
176944,6841,159.0,1060.0,0.25,101,L2-D1-S,Glo,4.0,2228.0,3305.0,6257.0,gdsc:1060:0.25uM,PD0325901
177416,6840,158.0,1060.0,0.25,101,L2-D1-S,Glo,4.0,2228.0,3305.0,6258.0,gdsc:1060:0.25uM,PD0325901
177895,6858,158.0,1060.0,0.25,101,L2-D1-S,Glo,4.0,891.0,3067.0,6260.0,gdsc:1060:0.25uM,PD0325901
178374,6867,158.0,1060.0,0.25,101,L2-D1-S,Glo,4.0,1251.0,3431.0,6262.0,gdsc:1060:0.25uM,PD0325901
178853,6849,158.0,1060.0,0.25,101,L2-D1-S,Glo,4.0,382.0,3801.0,6264.0,gdsc:1060:0.25uM,PD0325901
179332,6834,158.0,1060.0,0.25,101,L2-D1-S,Glo,4.0,107.0,3390.0,6268.0,gdsc:1060:0.25uM,PD0325901
179811,6843,158.0,1060.0,0.25,101,L2-D1-S,Glo,4.0,1004.0,2565.0,6270.0,gdsc:1060:0.25uM,PD0325901
180290,6838,159.0,1060.0,0.25,101,L2-D1-S,Glo,4.0,4.0,2213.0,6273.0,gdsc:1060:0.25uM,PD0325901
180762,6837,158.0,1060.0,0.25,101,L2-D1-S,Glo,4.0,4.0,2213.0,6274.0,gdsc:1060:0.25uM,PD0325901
181241,6873,158.0,1060.0,0.25,101,L2-D1-S,Glo,4.0,2041.0,2191.0,6350.0,gdsc:1060:0.25uM,PD0325901
181720,6876,158.0,1060.0,0.25,101,L2-D1-S,Glo,4.0,2150.0,2637.0,6352.0,gdsc:1060:0.25uM,PD0325901
182199,6882,158.0,1060.0,0.25,101,L2-D1-S,Glo,4.0,2075.0,2643.0,6356.0,gdsc:1060:0.25uM,PD0325901
182678,6885,158.0,1060.0,0.25,101,L2-D1-S,Glo,4.0,1294.0,3044.0,6358.0,gdsc:1060:0.25uM,PD0325901
183157,6891,158.0,1060.0,0.25,101,L2-D1-S,Glo,4.0,1665.0,2665.0,6362.0,gdsc:1060:0.25uM,PD0325901
183636,6892,159.0,1060.0,0.25,101,L2-D1-S,Glo,4.0,1665.0,2665.0,6363.0,gdsc:1060:0.25uM,PD0325901
184108,6894,158.0,1060.0,0.25,101,L2-D1-S,Glo,4.0,2138.0,2362.0,6364.0,gdsc:1060:0.25uM,PD0325901
184587,6903,158.0,1060.0,0.25,101,L2-D1-S,Glo,4.0,1844.0,2323.0,6368.0,gdsc:1060:0.25uM,PD0325901
185066,6912,158.0,1060.0,0.25,101,L2-D1-S,Glo,4.0,869.0,2684.0,6372.0,gdsc:1060:0.25uM,PD0325901
185545,6913,159.0,1060.0,0.25,101,L2-D1-S,Glo,4.0,869.0,2684.0,6373.0,gdsc:1060:0.25uM,PD0325901
186017,6915,158.0,1060.0,0.25,101,L2-D1-S,Glo,4.0,70.0,2367.0,6374.0,gdsc:1060:0.25uM,PD0325901
186496,6916,159.0,1060.0,0.25,101,L2-D1-S,Glo,4.0,70.0,2367.0,6375.0,gdsc:1060:0.25uM,PD0325901
186968,6918,158.0,1060.0,0.25,101,L2-D1-S,Glo,4.0,13.0,2558.0,6376.0,gdsc:1060:0.25uM,PD0325901
187447,6921,158.0,1060.0,0.25,101,L2-D1-S,Glo,4.0,323.0,2373.0,6378.0,gdsc:1060:0.25uM,PD0325901
187926,6924,158.0,1060.0,0.25,101,L2-D1-S,Glo,4.0,430.0,2330.0,6380.0,gdsc:1060:0.25uM,PD0325901
188405,6931,159.0,1060.0,0.25,101,L2-D1-S,Glo,4.0,1313.0,2610.0,6385.0,gdsc:1060:0.25uM,PD0325901
188877,6945,158.0,1060.0,0.25,101,L2-D1-S,Glo,4.0,963.0,2707.0,6390.0,gdsc:1060:0.25uM,PD0325901
189356,6948,158.0,1060.0,0.25,101,L2-D1-S,Glo,4.0,1797.0,2723.0,6392.0,gdsc:1060:0.25uM,PD0325901
189835,6951,158.0,1060.0,0.25,101,L2-D1-S,Glo,4.0,952.0,3082.0,6394.0,gdsc:1060:0.25uM,PD0325901
190314,6952,159.0,1060.0,0.25,101,L2-D1-S,Glo,4.0,952.0,3082.0,6395.0,gdsc:1060:0.25uM,PD0325901
190786,6954,158.0,1060.0,0.25,101,L2-D1-S,Glo,4.0,165.0,2721.0,6396.0,gdsc:1060:0.25uM,PD0325901
191265,7055,159.0,1060.0,0.25,101,L2-D1-S,Glo,4.0,1763.0,2020.0,6464.0,gdsc:1060:0.25uM,PD0325901
191737,7052,159.0,1060.0,0.25,101,L2-D1-S,Glo,4.0,283.0,2018.0,6466.0,gdsc:1060:0.25uM,PD0325901
192209,7341,159.0,1060.0,0.25,101,L2-D1-S,Glo,4.0,1251.0,3431.0,6467.0,gdsc:1060:0.25uM,PD0325901
192681,7340,158.0,1060.0,0.25,101,L2-D1-S,Glo,4.0,1251.0,3431.0,6468.0,gdsc:1060:0.25uM,PD0325901
193160,7371,159.0,1060.0,0.25,101,L2-D1-S,Glo,4.0,1004.0,2565.0,6469.0,gdsc:1060:0.25uM,PD0325901
193632,7370,158.0,1060.0,0.25,101,L2-D1-S,Glo,4.0,1004.0,2565.0,6470.0,gdsc:1060:0.25uM,PD0325901
194111,7299,159.0,1060.0,0.25,101,L2-D1-S,Glo,4.0,1148.0,2258.0,6475.0,gdsc:1060:0.25uM,PD0325901
194583,7298,158.0,1060.0,0.25,101,L2-D1-S,Glo,4.0,1148.0,2258.0,6476.0,gdsc:1060:0.25uM,PD0325901
195062,7302,159.0,1060.0,0.25,101,L2-D1-S,Glo,4.0,902.0,2374.0,6479.0,gdsc:1060:0.25uM,PD0325901
195534,7301,158.0,1060.0,0.25,101,L2-D1-S,Glo,4.0,902.0,2374.0,6480.0,gdsc:1060:0.25uM,PD0325901
196013,7033,158.0,1060.0,0.25,101,L2-D1-S,Glo,4.0,2040.0,2180.0,6532.0,gdsc:1060:0.25uM,PD0325901
196492,7034,159.0,1060.0,0.25,101,L2-D1-S,Glo,4.0,2040.0,2180.0,6533.0,gdsc:1060:0.25uM,PD0325901
196964,7042,158.0,1060.0,0.25,101,L2-D1-S,Glo,4.0,1664.0,3445.0,6534.0,gdsc:1060:0.25uM,PD0325901
197443,7043,159.0,1060.0,0.25,101,L2-D1-S,Glo,4.0,1664.0,3445.0,6535.0,gdsc:1060:0.25uM,PD0325901
197915,7030,158.0,1060.0,0.25,101,L2-D1-S,Glo,4.0,1210.0,3003.0,6538.0,gdsc:1060:0.25uM,PD0325901
198394,7031,159.0,1060.0,0.25,101,L2-D1-S,Glo,4.0,1210.0,3003.0,6539.0,gdsc:1060:0.25uM,PD0325901
198866,7049,159.0,1060.0,0.25,101,L2-D1-S,Glo,4.0,470.0,2006.0,6540.0,gdsc:1060:0.25uM,PD0325901
199338,7048,158.0,1060.0,0.25,101,L2-D1-S,Glo,4.0,470.0,2006.0,6541.0,gdsc:1060:0.25uM,PD0325901
199817,7054,158.0,1060.0,0.25,101,L2-D1-S,Glo,4.0,1763.0,2020.0,6542.0,gdsc:1060:0.25uM,PD0325901
200296,7045,158.0,1060.0,0.25,101,L2-D1-S,Glo,4.0,1095.0,3469.0,6543.0,gdsc:1060:0.25uM,PD0325901
200775,7046,159.0,1060.0,0.25,101,L2-D1-S,Glo,4.0,1095.0,3469.0,6544.0,gdsc:1060:0.25uM,PD0325901
201247,7040,159.0,1060.0,0.25,101,L2-D1-S,Glo,4.0,1546.0,3419.0,6545.0,gdsc:1060:0.25uM,PD0325901
201719,7039,158.0,1060.0,0.25,101,L2-D1-S,Glo,4.0,1546.0,3419.0,6546.0,gdsc:1060:0.25uM,PD0325901
202198,7007,159.0,1060.0,0.25,101,L2-D1-S,Glo,4.0,602.0,2306.0,6547.0,gdsc:1060:0.25uM,PD0325901
202670,7027,158.0,1060.0,0.25,101,L2-D1-S,Glo,4.0,1215.0,2959.0,6553.0,gdsc:1060:0.25uM,PD0325901
203149,7028,159.0,1060.0,0.25,101,L2-D1-S,Glo,4.0,1215.0,2959.0,6554.0,gdsc:1060:0.25uM,PD0325901
203621,7359,159.0,1060.0,0.25,101,L2-D1-S,Glo,4.0,1492.0,4591.0,6565.0,gdsc:1060:0.25uM,PD0325901
204093,7358,158.0,1060.0,0.25,101,L2-D1-S,Glo,4.0,1492.0,4591.0,6566.0,gdsc:1060:0.25uM,PD0325901
204572,7296,159.0,1060.0,0.25,101,L2-D1-S,Glo,4.0,59.0,3078.0,6569.0,gdsc:1060:0.25uM,PD0325901
205044,7295,158.0,1060.0,0.25,101,L2-D1-S,Glo,4.0,59.0,3078.0,6570.0,gdsc:1060:0.25uM,PD0325901
205523,7356,159.0,1060.0,0.25,101,L2-D1-S,Glo,4.0,2260.0,2092.0,6571.0,gdsc:1060:0.25uM,PD0325901
205995,7355,158.0,1060.0,0.25,101,L2-D1-S,Glo,4.0,2260.0,2092.0,6572.0,gdsc:1060:0.25uM,PD0325901
206474,7335,159.0,1060.0,0.25,101,L2-D1-S,Glo,4.0,107.0,3390.0,6573.0,gdsc:1060:0.25uM,PD0325901
206946,7334,158.0,1060.0,0.25,101,L2-D1-S,Glo,4.0,107.0,3390.0,6574.0,gdsc:1060:0.25uM,PD0325901
207425,7227,159.0,1060.0,0.25,101,L2-D1-S,Glo,4.0,1313.0,2610.0,6575.0,gdsc:1060:0.25uM,PD0325901
207897,7226,158.0,1060.0,0.25,101,L2-D1-S,Glo,4.0,1313.0,2610.0,6576.0,gdsc:1060:0.25uM,PD0325901
208376,7230,159.0,1060.0,0.25,101,L2-D1-S,Glo,4.0,2150.0,2637.0,6577.0,gdsc:1060:0.25uM,PD0325901
208848,7229,158.0,1060.0,0.25,101,L2-D1-S,Glo,4.0,2150.0,2637.0,6578.0,gdsc:1060:0.25uM,PD0325901
209327,7248,159.0,1060.0,0.25,101,L2-D1-S,Glo,4.0,962.0,2701.0,6579.0,gdsc:1060:0.25uM,PD0325901
209799,7247,158.0,1060.0,0.25,101,L2-D1-S,Glo,4.0,962.0,2701.0,6580.0,gdsc:1060:0.25uM,PD0325901
210278,7245,159.0,1060.0,0.25,101,L2-D1-S,Glo,4.0,1863.0,2686.0,6581.0,gdsc:1060:0.25uM,PD0325901
210750,7244,158.0,1060.0,0.25,101,L2-D1-S,Glo,4.0,1863.0,2686.0,6582.0,gdsc:1060:0.25uM,PD0325901
211229,7215,159.0,1060.0,0.25,101,L2-D1-S,Glo,4.0,1844.0,2323.0,6583.0,gdsc:1060:0.25uM,PD0325901
211701,7214,158.0,1060.0,0.25,101,L2-D1-S,Glo,4.0,1844.0,2323.0,6584.0,gdsc:1060:0.25uM,PD0325901
212180,7239,159.0,1060.0,0.25,101,L2-D1-S,Glo,4.0,2138.0,2362.0,6585.0,gdsc:1060:0.25uM,PD0325901
212652,7238,158.0,1060.0,0.25,101,L2-D1-S,Glo,4.0,2138.0,2362.0,6586.0,gdsc:1060:0.25uM,PD0325901
213131,7266,159.0,1060.0,0.25,101,L2-D1-S,Glo,4.0,639.0,2786.0,6587.0,gdsc:1060:0.25uM,PD0325901
213603,7265,158.0,1060.0,0.25,101,L2-D1-S,Glo,4.0,639.0,2786.0,6588.0,gdsc:1060:0.25uM,PD0325901
214082,7194,159.0,1060.0,0.25,101,L2-D1-S,Glo,4.0,1294.0,3044.0,6589.0,gdsc:1060:0.25uM,PD0325901
214554,7193,158.0,1060.0,0.25,101,L2-D1-S,Glo,4.0,1294.0,3044.0,6590.0,gdsc:1060:0.25uM,PD0325901
215033,7293,159.0,1060.0,0.25,101,L2-D1-S,Glo,4.0,1855.0,2939.0,6591.0,gdsc:1060:0.25uM,PD0325901
215505,7292,158.0,1060.0,0.25,101,L2-D1-S,Glo,4.0,1855.0,2939.0,6592.0,gdsc:1060:0.25uM,PD0325901
215984,7212,159.0,1060.0,0.25,101,L2-D1-S,Glo,4.0,2041.0,2191.0,6593.0,gdsc:1060:0.25uM,PD0325901
216456,7211,158.0,1060.0,0.25,101,L2-D1-S,Glo,4.0,2041.0,2191.0,6594.0,gdsc:1060:0.25uM,PD0325901
216935,7200,159.0,1060.0,0.25,101,L2-D1-S,Glo,4.0,891.0,3067.0,6595.0,gdsc:1060:0.25uM,PD0325901
217407,7199,158.0,1060.0,0.25,101,L2-D1-S,Glo,4.0,891.0,3067.0,6596.0,gdsc:1060:0.25uM,PD0325901
217886,7251,159.0,1060.0,0.25,101,L2-D1-S,Glo,4.0,963.0,2707.0,6597.0,gdsc:1060:0.25uM,PD0325901
218358,7250,158.0,1060.0,0.25,101,L2-D1-S,Glo,4.0,963.0,2707.0,6598.0,gdsc:1060:0.25uM,PD0325901
218837,7235,158.0,1060.0,0.25,101,L2-D1-S,Glo,4.0,2075.0,2643.0,6601.0,gdsc:1060:0.25uM,PD0325901
219316,7208,158.0,1060.0,0.25,101,L2-D1-S,Glo,4.0,1637.0,2310.0,6602.0,gdsc:1060:0.25uM,PD0325901
219795,7209,159.0,1060.0,0.25,101,L2-D1-S,Glo,4.0,1637.0,2310.0,6603.0,gdsc:1060:0.25uM,PD0325901
220267,7362,159.0,1060.0,0.25,101,L2-D1-S,Glo,4.0,382.0,3801.0,6604.0,gdsc:1060:0.25uM,PD0325901
220739,7361,158.0,1060.0,0.25,101,L2-D1-S,Glo,4.0,382.0,3801.0,6605.0,gdsc:1060:0.25uM,PD0325901
221218,7259,158.0,1060.0,0.25,101,L2-D1-S,Glo,4.0,1467.0,2588.0,6608.0,gdsc:1060:0.25uM,PD0325901
221697,7260,159.0,1060.0,0.25,101,L2-D1-S,Glo,4.0,1467.0,2588.0,6609.0,gdsc:1060:0.25uM,PD0325901
222169,7268,158.0,1060.0,0.25,101,L2-D1-S,Glo,4.0,404.0,2683.0,6610.0,gdsc:1060:0.25uM,PD0325901
222648,7269,159.0,1060.0,0.25,101,L2-D1-S,Glo,4.0,404.0,2683.0,6611.0,gdsc:1060:0.25uM,PD0325901
223120,7196,158.0,1060.0,0.25,101,L2-D1-S,Glo,4.0,668.0,3797.0,6612.0,gdsc:1060:0.25uM,PD0325901
223599,7197,159.0,1060.0,0.25,101,L2-D1-S,Glo,4.0,668.0,3797.0,6613.0,gdsc:1060:0.25uM,PD0325901
224071,7218,159.0,1060.0,0.25,101,L2-D1-S,Glo,4.0,572.0,2491.0,6614.0,gdsc:1060:0.25uM,PD0325901
224543,7217,158.0,1060.0,0.25,101,L2-D1-S,Glo,4.0,572.0,2491.0,6615.0,gdsc:1060:0.25uM,PD0325901
225022,7353,159.0,1060.0,0.25,101,L2-D1-S,Glo,4.0,1762.0,2015.0,6617.0,gdsc:1060:0.25uM,PD0325901
225494,7236,159.0,1060.0,0.25,101,L2-D1-S,Glo,4.0,2075.0,2643.0,6620.0,gdsc:1060:0.25uM,PD0325901
225966,7441,159.0,1060.0,0.25,101,L2-D1-S,Glo,4.0,1783.0,2638.0,6745.0,gdsc:1060:0.25uM,PD0325901
226438,7393,159.0,1060.0,0.25,101,L2-D1-S,Glo,4.0,1509.0,2725.0,6747.0,gdsc:1060:0.25uM,PD0325901
226910,7392,158.0,1060.0,0.25,101,L2-D1-S,Glo,4.0,1509.0,2725.0,6769.0,gdsc:1060:0.25uM,PD0325901
227389,7431,158.0,1060.0,0.25,101,L2-D1-S,Glo,4.0,2198.0,3055.0,6770.0,gdsc:1060:0.25uM,PD0325901
227868,7440,158.0,1060.0,0.25,101,L2-D1-S,Glo,4.0,1783.0,2638.0,6771.0,gdsc:1060:0.25uM,PD0325901
228347,7407,158.0,1060.0,0.25,101,L2-D1-S,Glo,4.0,1040.0,3165.0,6772.0,gdsc:1060:0.25uM,PD0325901
228826,7438,159.0,1060.0,0.25,101,L2-D1-S,Glo,4.0,1190.0,2091.0,6775.0,gdsc:1060:0.25uM,PD0325901
229298,7429,159.0,1060.0,0.25,101,L2-D1-S,Glo,4.0,2263.0,3011.0,6776.0,gdsc:1060:0.25uM,PD0325901
229770,7428,158.0,1060.0,0.25,101,L2-D1-S,Glo,4.0,2263.0,3011.0,6777.0,gdsc:1060:0.25uM,PD0325901
230249,7437,158.0,1060.0,0.25,101,L2-D1-S,Glo,4.0,1190.0,2091.0,6778.0,gdsc:1060:0.25uM,PD0325901
230728,7449,158.0,1060.0,0.25,101,L2-D1-S,Glo,4.0,430.0,2330.0,6779.0,gdsc:1060:0.25uM,PD0325901
231207,7461,158.0,1060.0,0.25,101,L2-D1-S,Glo,4.0,1776.0,2717.0,6780.0,gdsc:1060:0.25uM,PD0325901
231686,7455,158.0,1060.0,0.25,101,L2-D1-S,Glo,4.0,165.0,2721.0,6782.0,gdsc:1060:0.25uM,PD0325901
232165,7443,158.0,1060.0,0.25,101,L2-D1-S,Glo,4.0,1784.0,2640.0,6783.0,gdsc:1060:0.25uM,PD0325901
232644,7470,158.0,1060.0,0.25,101,L2-D1-S,Glo,4.0,1315.0,2675.0,6785.0,gdsc:1060:0.25uM,PD0325901
233123,7404,158.0,1060.0,0.25,101,L2-D1-S,Glo,4.0,1175.0,2454.0,6786.0,gdsc:1060:0.25uM,PD0325901
233602,7395,158.0,1060.0,0.25,101,L2-D1-S,Glo,4.0,2125.0,2747.0,6787.0,gdsc:1060:0.25uM,PD0325901
234081,7462,159.0,1060.0,0.25,101,L2-D1-S,Glo,4.0,1776.0,2717.0,6789.0,gdsc:1060:0.25uM,PD0325901
234553,7456,159.0,1060.0,0.25,101,L2-D1-S,Glo,4.0,165.0,2721.0,6790.0,gdsc:1060:0.25uM,PD0325901
235025,7444,159.0,1060.0,0.25,101,L2-D1-S,Glo,4.0,1784.0,2640.0,6791.0,gdsc:1060:0.25uM,PD0325901
235497,7471,159.0,1060.0,0.25,101,L2-D1-S,Glo,4.0,1315.0,2675.0,6794.0,gdsc:1060:0.25uM,PD0325901
235969,7405,159.0,1060.0,0.25,101,L2-D1-S,Glo,4.0,1175.0,2454.0,6795.0,gdsc:1060:0.25uM,PD0325901
236441,7396,159.0,1060.0,0.25,101,L2-D1-S,Glo,4.0,2125.0,2747.0,6796.0,gdsc:1060:0.25uM,PD0325901
236913,7408,159.0,1060.0,0.25,101,L2-D1-S,Glo,4.0,1040.0,3165.0,6797.0,gdsc:1060:0.25uM,PD0325901
237385,7637,158.0,1060.0,0.25,101,L2-D1-S,Glo,4.0,1797.0,2723.0,6870.0,gdsc:1060:0.25uM,PD0325901
237864,7638,159.0,1060.0,0.25,101,L2-D1-S,Glo,4.0,1797.0,2723.0,6871.0,gdsc:1060:0.25uM,PD0325901
238336,7664,158.0,1060.0,0.25,101,L2-D1-S,Glo,4.0,13.0,2558.0,6872.0,gdsc:1060:0.25uM,PD0325901
238815,7665,159.0,1060.0,0.25,101,L2-D1-S,Glo,4.0,13.0,2558.0,6873.0,gdsc:1060:0.25uM,PD0325901
239287,7659,159.0,1060.0,0.25,101,L2-D1-S,Glo,4.0,637.0,2755.0,6874.0,gdsc:1060:0.25uM,PD0325901
239759,7598,158.0,1060.0,0.25,101,L2-D1-S,Glo,4.0,2095.0,2386.0,6878.0,gdsc:1060:0.25uM,PD0325901
240238,7599,159.0,1060.0,0.25,101,L2-D1-S,Glo,4.0,2095.0,2386.0,6879.0,gdsc:1060:0.25uM,PD0325901
240710,7595,158.0,1060.0,0.25,101,L2-D1-S,Glo,4.0,1386.0,2646.0,6880.0,gdsc:1060:0.25uM,PD0325901
241189,7596,159.0,1060.0,0.25,101,L2-D1-S,Glo,4.0,1386.0,2646.0,6881.0,gdsc:1060:0.25uM,PD0325901
241661,7619,158.0,1060.0,0.25,101,L2-D1-S,Glo,4.0,1530.0,2389.0,6882.0,gdsc:1060:0.25uM,PD0325901
242140,7620,159.0,1060.0,0.25,101,L2-D1-S,Glo,4.0,1530.0,2389.0,6883.0,gdsc:1060:0.25uM,PD0325901
242612,7583,158.0,1060.0,0.25,101,L2-D1-S,Glo,4.0,726.0,3089.0,6884.0,gdsc:1060:0.25uM,PD0325901
243091,7584,159.0,1060.0,0.25,101,L2-D1-S,Glo,4.0,726.0,3089.0,6885.0,gdsc:1060:0.25uM,PD0325901
243563,7613,158.0,1060.0,0.25,101,L2-D1-S,Glo,4.0,1173.0,2699.0,6889.0,gdsc:1060:0.25uM,PD0325901
244042,7614,159.0,1060.0,0.25,101,L2-D1-S,Glo,4.0,1173.0,2699.0,6890.0,gdsc:1060:0.25uM,PD0325901
244514,7604,158.0,1060.0,0.25,101,L2-D1-S,Glo,4.0,1529.0,2378.0,6895.0,gdsc:1060:0.25uM,PD0325901
244993,7605,159.0,1060.0,0.25,101,L2-D1-S,Glo,4.0,1529.0,2378.0,6896.0,gdsc:1060:0.25uM,PD0325901
245465,7622,158.0,1060.0,0.25,101,L2-D1-S,Glo,4.0,1503.0,3102.0,6897.0,gdsc:1060:0.25uM,PD0325901
245944,7623,159.0,1060.0,0.25,101,L2-D1-S,Glo,4.0,1503.0,3102.0,6898.0,gdsc:1060:0.25uM,PD0325901
246416,7661,158.0,1060.0,0.25,101,L2-D1-S,Glo,4.0,323.0,2373.0,6899.0,gdsc:1060:0.25uM,PD0325901
246895,7667,158.0,1060.0,0.25,101,L2-D1-S,Glo,4.0,412.0,3411.0,6903.0,gdsc:1060:0.25uM,PD0325901
247374,7668,159.0,1060.0,0.25,101,L2-D1-S,Glo,4.0,412.0,3411.0,6904.0,gdsc:1060:0.25uM,PD0325901
247846,7640,158.0,1060.0,0.25,101,L2-D1-S,Glo,4.0,151.0,4303.0,6905.0,gdsc:1060:0.25uM,PD0325901
248325,7641,159.0,1060.0,0.25,101,L2-D1-S,Glo,4.0,151.0,4303.0,6906.0,gdsc:1060:0.25uM,PD0325901
248797,7580,158.0,1060.0,0.25,101,L2-D1-S,Glo,4.0,776.0,2311.0,6907.0,gdsc:1060:0.25uM,PD0325901
249276,7581,159.0,1060.0,0.25,101,L2-D1-S,Glo,4.0,776.0,2311.0,6908.0,gdsc:1060:0.25uM,PD0325901
249748,7765,158.0,1060.0,0.25,101,L2-D1-S,Glo,4.0,580.0,2651.0,7019.0,gdsc:1060:0.25uM,PD0325901
250227,7808,159.0,1060.0,0.25,101,L2-D1-S,Glo,4.0,730.0,3253.0,7032.0,gdsc:1060:0.25uM,PD0325901
250699,7802,159.0,1060.0,0.25,101,L2-D1-S,Glo,4.0,1799.0,2801.0,7033.0,gdsc:1060:0.25uM,PD0325901
251171,7790,159.0,1060.0,0.25,101,L2-D1-S,Glo,4.0,1238.0,3291.0,7034.0,gdsc:1060:0.25uM,PD0325901
251643,7817,159.0,1060.0,0.25,101,L2-D1-S,Glo,4.0,271.0,2168.0,7035.0,gdsc:1060:0.25uM,PD0325901
252115,7793,159.0,1060.0,0.25,101,L2-D1-S,Glo,4.0,1015.0,3345.0,7036.0,gdsc:1060:0.25uM,PD0325901
252587,7781,159.0,1060.0,0.25,101,L2-D1-S,Glo,4.0,1505.0,3104.0,7037.0,gdsc:1060:0.25uM,PD0325901
253059,7799,159.0,1060.0,0.25,101,L2-D1-S,Glo,4.0,1812.0,3357.0,7038.0,gdsc:1060:0.25uM,PD0325901
253531,7784,159.0,1060.0,0.25,101,L2-D1-S,Glo,4.0,1321.0,3221.0,7039.0,gdsc:1060:0.25uM,PD0325901
254003,7811,159.0,1060.0,0.25,101,L2-D1-S,Glo,4.0,283.0,2018.0,7040.0,gdsc:1060:0.25uM,PD0325901
254475,7820,159.0,1060.0,0.25,101,L2-D1-S,Glo,4.0,1066.0,4271.0,7042.0,gdsc:1060:0.25uM,PD0325901
254947,7805,159.0,1060.0,0.25,101,L2-D1-S,Glo,4.0,2153.0,3472.0,7043.0,gdsc:1060:0.25uM,PD0325901
255419,7766,159.0,1060.0,0.25,101,L2-D1-S,Glo,4.0,580.0,2651.0,7044.0,gdsc:1060:0.25uM,PD0325901
255891,7814,159.0,1060.0,0.25,101,L2-D1-S,Glo,4.0,1003.0,2530.0,7045.0,gdsc:1060:0.25uM,PD0325901
256363,7787,159.0,1060.0,0.25,101,L2-D1-S,Glo,4.0,1402.0,3284.0,7046.0,gdsc:1060:0.25uM,PD0325901
256835,7801,158.0,1060.0,0.25,101,L2-D1-S,Glo,4.0,1799.0,2801.0,7047.0,gdsc:1060:0.25uM,PD0325901
257314,7816,158.0,1060.0,0.25,101,L2-D1-S,Glo,4.0,271.0,2168.0,7050.0,gdsc:1060:0.25uM,PD0325901
257793,7792,158.0,1060.0,0.25,101,L2-D1-S,Glo,4.0,1015.0,3345.0,7051.0,gdsc:1060:0.25uM,PD0325901
258272,7780,158.0,1060.0,0.25,101,L2-D1-S,Glo,4.0,1505.0,3104.0,7052.0,gdsc:1060:0.25uM,PD0325901
258751,7783,158.0,1060.0,0.25,101,L2-D1-S,Glo,4.0,1321.0,3221.0,7054.0,gdsc:1060:0.25uM,PD0325901
259230,7810,158.0,1060.0,0.25,101,L2-D1-S,Glo,4.0,283.0,2018.0,7055.0,gdsc:1060:0.25uM,PD0325901
259709,7813,158.0,1060.0,0.25,101,L2-D1-S,Glo,4.0,1003.0,2530.0,7056.0,gdsc:1060:0.25uM,PD0325901
260188,7804,158.0,1060.0,0.25,101,L2-D1-S,Glo,4.0,2153.0,3472.0,7059.0,gdsc:1060:0.25uM,PD0325901
260667,8067,159.0,1060.0,0.25,101,L2-D1-S,Glo,4.0,1008.0,2703.0,7265.0,gdsc:1060:0.25uM,PD0325901
261139,8066,158.0,1060.0,0.25,101,L2-D1-S,Glo,4.0,1008.0,2703.0,7266.0,gdsc:1060:0.25uM,PD0325901
261618,8050,159.0,1060.0,0.25,101,L2-D1-S,Glo,4.0,185.0,2480.0,7267.0,gdsc:1060:0.25uM,PD0325901
262090,8049,158.0,1060.0,0.25,101,L2-D1-S,Glo,4.0,185.0,2480.0,7268.0,gdsc:1060:0.25uM,PD0325901
262569,8011,159.0,1060.0,0.25,101,L2-D1-S,Glo,4.0,329.0,2936.0,7269.0,gdsc:1060:0.25uM,PD0325901
263041,8010,158.0,1060.0,0.25,101,L2-D1-S,Glo,4.0,329.0,2936.0,7270.0,gdsc:1060:0.25uM,PD0325901
263520,7993,159.0,1060.0,0.25,101,L2-D1-S,Glo,4.0,1515.0,3048.0,7271.0,gdsc:1060:0.25uM,PD0325901
263992,7992,158.0,1060.0,0.25,101,L2-D1-S,Glo,4.0,1515.0,3048.0,7272.0,gdsc:1060:0.25uM,PD0325901
264471,8014,159.0,1060.0,0.25,101,L2-D1-S,Glo,4.0,1391.0,2926.0,7273.0,gdsc:1060:0.25uM,PD0325901
264943,8013,158.0,1060.0,0.25,101,L2-D1-S,Glo,4.0,1391.0,2926.0,7274.0,gdsc:1060:0.25uM,PD0325901
265422,8041,159.0,1060.0,0.25,101,L2-D1-S,Glo,4.0,1393.0,2934.0,7275.0,gdsc:1060:0.25uM,PD0325901
265894,8040,158.0,1060.0,0.25,101,L2-D1-S,Glo,4.0,1393.0,2934.0,7276.0,gdsc:1060:0.25uM,PD0325901
266373,8056,159.0,1060.0,0.25,101,L2-D1-S,Glo,4.0,1320.0,3200.0,7277.0,gdsc:1060:0.25uM,PD0325901
266845,8055,158.0,1060.0,0.25,101,L2-D1-S,Glo,4.0,1320.0,3200.0,7278.0,gdsc:1060:0.25uM,PD0325901
267324,8073,159.0,1060.0,0.25,101,L2-D1-S,Glo,4.0,567.0,2679.0,7279.0,gdsc:1060:0.25uM,PD0325901
267796,8032,159.0,1060.0,0.25,101,L2-D1-S,Glo,4.0,1368.0,2764.0,7280.0,gdsc:1060:0.25uM,PD0325901
268268,7998,158.0,1060.0,0.25,101,L2-D1-S,Glo,4.0,228.0,3058.0,7281.0,gdsc:1060:0.25uM,PD0325901
268747,7999,159.0,1060.0,0.25,101,L2-D1-S,Glo,4.0,228.0,3058.0,7282.0,gdsc:1060:0.25uM,PD0325901
269219,8037,158.0,1060.0,0.25,101,L2-D1-S,Glo,4.0,89.0,2982.0,7283.0,gdsc:1060:0.25uM,PD0325901
269698,8038,159.0,1060.0,0.25,101,L2-D1-S,Glo,4.0,89.0,2982.0,7284.0,gdsc:1060:0.25uM,PD0325901
270170,8058,159.0,1060.0,0.25,101,L2-D1-S,Glo,4.0,1835.0,3433.0,7285.0,gdsc:1060:0.25uM,PD0325901
270642,8062,159.0,1060.0,0.25,101,L2-D1-S,Glo,4.0,1096.0,3737.0,7286.0,gdsc:1060:0.25uM,PD0325901
271114,8028,158.0,1060.0,0.25,101,L2-D1-S,Glo,4.0,851.0,2216.0,7289.0,gdsc:1060:0.25uM,PD0325901
271593,8046,158.0,1060.0,0.25,101,L2-D1-S,Glo,4.0,1500.0,2400.0,7290.0,gdsc:1060:0.25uM,PD0325901
272072,8047,159.0,1060.0,0.25,101,L2-D1-S,Glo,4.0,1500.0,2400.0,7291.0,gdsc:1060:0.25uM,PD0325901
272544,8072,158.0,1060.0,0.25,101,L2-D1-S,Glo,4.0,567.0,2679.0,7292.0,gdsc:1060:0.25uM,PD0325901
273023,7989,158.0,1060.0,0.25,101,L2-D1-S,Glo,4.0,313.0,3042.0,7293.0,gdsc:1060:0.25uM,PD0325901
273502,7990,159.0,1060.0,0.25,101,L2-D1-S,Glo,4.0,313.0,3042.0,7294.0,gdsc:1060:0.25uM,PD0325901
273974,7995,158.0,1060.0,0.25,101,L2-D1-S,Glo,4.0,1206.0,3056.0,7295.0,gdsc:1060:0.25uM,PD0325901
274453,7996,159.0,1060.0,0.25,101,L2-D1-S,Glo,4.0,1206.0,3056.0,7296.0,gdsc:1060:0.25uM,PD0325901
274925,8069,158.0,1060.0,0.25,101,L2-D1-S,Glo,4.0,637.0,2755.0,7297.0,gdsc:1060:0.25uM,PD0325901
275404,8070,159.0,1060.0,0.25,101,L2-D1-S,Glo,4.0,637.0,2755.0,7298.0,gdsc:1060:0.25uM,PD0325901
275876,8001,158.0,1060.0,0.25,101,L2-D1-S,Glo,4.0,905.0,2998.0,7299.0,gdsc:1060:0.25uM,PD0325901
276355,8002,159.0,1060.0,0.25,101,L2-D1-S,Glo,4.0,905.0,2998.0,7300.0,gdsc:1060:0.25uM,PD0325901
276827,8034,158.0,1060.0,0.25,101,L2-D1-S,Glo,4.0,349.0,2745.0,7301.0,gdsc:1060:0.25uM,PD0325901
277306,8035,159.0,1060.0,0.25,101,L2-D1-S,Glo,4.0,349.0,2745.0,7302.0,gdsc:1060:0.25uM,PD0325901
277778,8016,158.0,1060.0,0.25,101,L2-D1-S,Glo,4.0,479.0,2996.0,7303.0,gdsc:1060:0.25uM,PD0325901
278257,8017,159.0,1060.0,0.25,101,L2-D1-S,Glo,4.0,479.0,2996.0,7304.0,gdsc:1060:0.25uM,PD0325901
278729,8031,158.0,1060.0,0.25,101,L2-D1-S,Glo,4.0,1368.0,2764.0,7305.0,gdsc:1060:0.25uM,PD0325901
279208,8788,159.0,1060.0,0.25,101,L2-D1-S,Glo,4.0,319.0,2312.0,7918.0,gdsc:1060:0.25uM,PD0325901
279680,8772,159.0,1060.0,0.25,101,L2-D1-S,Glo,4.0,188.0,2644.0,7919.0,gdsc:1060:0.25uM,PD0325901
280152,8774,159.0,1060.0,0.25,101,L2-D1-S,Glo,4.0,1679.0,3441.0,7920.0,gdsc:1060:0.25uM,PD0325901
280624,8750,159.0,1060.0,0.25,101,L2-D1-S,Glo,4.0,894.0,3086.0,7921.0,gdsc:1060:0.25uM,PD0325901
281096,8760,159.0,1060.0,0.25,101,L2-D1-S,Glo,4.0,618.0,2949.0,7922.0,gdsc:1060:0.25uM,PD0325901
281568,8770,159.0,1060.0,0.25,101,L2-D1-S,Glo,4.0,1803.0,3045.0,7923.0,gdsc:1060:0.25uM,PD0325901
282040,8782,159.0,1060.0,0.25,101,L2-D1-S,Glo,4.0,1378.0,3002.0,7925.0,gdsc:1060:0.25uM,PD0325901
282512,8784,159.0,1060.0,0.25,101,L2-D1-S,Glo,4.0,1187.0,2670.0,7927.0,gdsc:1060:0.25uM,PD0325901
282984,8786,159.0,1060.0,0.25,101,L2-D1-S,Glo,4.0,1309.0,2053.0,7928.0,gdsc:1060:0.25uM,PD0325901
283456,8766,159.0,1060.0,0.25,101,L2-D1-S,Glo,4.0,1939.0,3084.0,7930.0,gdsc:1060:0.25uM,PD0325901
283928,8780,159.0,1060.0,0.25,101,L2-D1-S,Glo,4.0,1913.0,2232.0,7931.0,gdsc:1060:0.25uM,PD0325901
284400,8778,159.0,1060.0,0.25,101,L2-D1-S,Glo,4.0,1534.0,4742.0,7932.0,gdsc:1060:0.25uM,PD0325901
284872,8758,159.0,1060.0,0.25,101,L2-D1-S,Glo,4.0,1402.0,3284.0,7933.0,gdsc:1060:0.25uM,PD0325901
285344,8744,159.0,1060.0,0.25,101,L2-D1-S,Glo,4.0,1007.0,2694.0,7934.0,gdsc:1060:0.25uM,PD0325901
285816,8742,159.0,1060.0,0.25,101,L2-D1-S,Glo,4.0,1812.0,3357.0,7935.0,gdsc:1060:0.25uM,PD0325901
286288,8746,159.0,1060.0,0.25,101,L2-D1-S,Glo,4.0,604.0,2325.0,7936.0,gdsc:1060:0.25uM,PD0325901
286760,8756,159.0,1060.0,0.25,101,L2-D1-S,Glo,4.0,474.0,2797.0,7937.0,gdsc:1060:0.25uM,PD0325901
287232,8748,159.0,1060.0,0.25,101,L2-D1-S,Glo,4.0,920.0,3176.0,7938.0,gdsc:1060:0.25uM,PD0325901
287704,8792,159.0,1060.0,0.25,101,L2-D1-S,Glo,4.0,586.0,5361.0,7939.0,gdsc:1060:0.25uM,PD0325901
288176,8790,159.0,1060.0,0.25,101,L2-D1-S,Glo,4.0,995.0,4308.0,7940.0,gdsc:1060:0.25uM,PD0325901
288648,8820,159.0,1060.0,0.25,101,L2-D1-S,Glo,4.0,1193.0,2401.0,7945.0,gdsc:1060:0.25uM,PD0325901
289120,8826,159.0,1060.0,0.25,101,L2-D1-S,Glo,4.0,1755.0,2442.0,7946.0,gdsc:1060:0.25uM,PD0325901
289592,8824,159.0,1060.0,0.25,101,L2-D1-S,Glo,4.0,431.0,2405.0,7947.0,gdsc:1060:0.25uM,PD0325901
290064,8852,159.0,1060.0,0.25,101,L2-D1-S,Glo,4.0,330.0,2946.0,7948.0,gdsc:1060:0.25uM,PD0325901
290536,8814,159.0,1060.0,0.25,101,L2-D1-S,Glo,4.0,686.0,3749.0,7967.0,gdsc:1060:0.25uM,PD0325901
291008,8846,159.0,1060.0,0.25,101,L2-D1-S,Glo,4.0,1222.0,3376.0,7968.0,gdsc:1060:0.25uM,PD0325901
291480,8840,159.0,1060.0,0.25,101,L2-D1-S,Glo,4.0,423.0,4139.0,7969.0,gdsc:1060:0.25uM,PD0325901
291952,8818,159.0,1060.0,0.25,101,L2-D1-S,Glo,4.0,173.0,3435.0,7970.0,gdsc:1060:0.25uM,PD0325901
292424,8830,159.0,1060.0,0.25,101,L2-D1-S,Glo,4.0,606.0,2508.0,7971.0,gdsc:1060:0.25uM,PD0325901
292896,8802,159.0,1060.0,0.25,101,L2-D1-S,Glo,4.0,867.0,2120.0,7972.0,gdsc:1060:0.25uM,PD0325901
293368,8844,159.0,1060.0,0.25,101,L2-D1-S,Glo,4.0,82.0,3365.0,7973.0,gdsc:1060:0.25uM,PD0325901
293840,8838,159.0,1060.0,0.25,101,L2-D1-S,Glo,4.0,1916.0,2540.0,7974.0,gdsc:1060:0.25uM,PD0325901
294312,8806,159.0,1060.0,0.25,101,L2-D1-S,Glo,4.0,849.0,2171.0,7976.0,gdsc:1060:0.25uM,PD0325901
294784,8834,159.0,1060.0,0.25,101,L2-D1-S,Glo,4.0,2215.0,2515.0,7977.0,gdsc:1060:0.25uM,PD0325901
295256,8808,159.0,1060.0,0.25,101,L2-D1-S,Glo,4.0,275.0,2200.0,7978.0,gdsc:1060:0.25uM,PD0325901
295728,8798,159.0,1060.0,0.25,101,L2-D1-S,Glo,4.0,41.0,2095.0,7979.0,gdsc:1060:0.25uM,PD0325901
296200,8810,159.0,1060.0,0.25,101,L2-D1-S,Glo,4.0,1457.0,2226.0,7980.0,gdsc:1060:0.25uM,PD0325901
296672,8816,159.0,1060.0,0.25,101,L2-D1-S,Glo,4.0,1156.0,2278.0,7981.0,gdsc:1060:0.25uM,PD0325901
297144,8804,159.0,1060.0,0.25,101,L2-D1-S,Glo,4.0,1877.0,2154.0,7982.0,gdsc:1060:0.25uM,PD0325901
297616,8832,159.0,1060.0,0.25,101,L2-D1-S,Glo,4.0,1640.0,2511.0,7983.0,gdsc:1060:0.25uM,PD0325901
298088,8796,159.0,1060.0,0.25,101,L2-D1-S,Glo,4.0,1498.0,2090.0,7984.0,gdsc:1060:0.25uM,PD0325901
298560,8812,159.0,1060.0,0.25,101,L2-D1-S,Glo,4.0,1914.0,2248.0,7985.0,gdsc:1060:0.25uM,PD0325901
299032,8836,159.0,1060.0,0.25,101,L2-D1-S,Glo,4.0,578.0,2529.0,7986.0,gdsc:1060:0.25uM,PD0325901
299504,8800,159.0,1060.0,0.25,101,L2-D1-S,Glo,4.0,1910.0,2117.0,7987.0,gdsc:1060:0.25uM,PD0325901
299976,8874,159.0,1060.0,0.25,101,L2-D1-S,Glo,4.0,2080.0,3105.0,8025.0,gdsc:1060:0.25uM,PD0325901
300448,8876,159.0,1060.0,0.25,101,L2-D1-S,Glo,4.0,183.0,3320.0,8026.0,gdsc:1060:0.25uM,PD0325901
300920,8890,159.0,1060.0,0.25,101,L2-D1-S,Glo,4.0,2039.0,2176.0,8027.0,gdsc:1060:0.25uM,PD0325901
301392,8886,159.0,1060.0,0.25,101,L2-D1-S,Glo,4.0,1949.0,3751.0,8028.0,gdsc:1060:0.25uM,PD0325901
301864,8880,159.0,1060.0,0.25,101,L2-D1-S,Glo,4.0,782.0,3436.0,8029.0,gdsc:1060:0.25uM,PD0325901
302336,8888,159.0,1060.0,0.25,101,L2-D1-S,Glo,4.0,2155.0,2277.0,8031.0,gdsc:1060:0.25uM,PD0325901
302808,8882,159.0,1060.0,0.25,101,L2-D1-S,Glo,4.0,752.0,3793.0,8032.0,gdsc:1060:0.25uM,PD0325901
303280,8872,159.0,1060.0,0.25,101,L2-D1-S,Glo,4.0,2177.0,3019.0,8033.0,gdsc:1060:0.25uM,PD0325901
303752,8854,159.0,1060.0,0.25,101,L2-D1-S,Glo,4.0,949.0,2308.0,8041.0,gdsc:1060:0.25uM,PD0325901
304224,8860,159.0,1060.0,0.25,101,L2-D1-S,Glo,4.0,49.0,3137.0,8043.0,gdsc:1060:0.25uM,PD0325901
304696,8856,159.0,1060.0,0.25,101,L2-D1-S,Glo,4.0,1824.0,2985.0,8044.0,gdsc:1060:0.25uM,PD0325901
305168,8878,159.0,1060.0,0.25,101,L2-D1-S,Glo,4.0,1906.0,4151.0,8045.0,gdsc:1060:0.25uM,PD0325901
305640,8866,159.0,1060.0,0.25,101,L2-D1-S,Glo,4.0,931.0,2984.0,8060.0,gdsc:1060:0.25uM,PD0325901
306112,8864,159.0,1060.0,0.25,101,L2-D1-S,Glo,4.0,1680.0,3796.0,8061.0,gdsc:1060:0.25uM,PD0325901
306584,8884,159.0,1060.0,0.25,101,L2-D1-S,Glo,4.0,2152.0,3446.0,8062.0,gdsc:1060:0.25uM,PD0325901
307056,8920,159.0,1060.0,0.25,101,L2-D1-S,Glo,4.0,634.0,3298.0,8065.0,gdsc:1060:0.25uM,PD0325901
307528,8922,159.0,1060.0,0.25,101,L2-D1-S,Glo,4.0,1644.0,2759.0,8066.0,gdsc:1060:0.25uM,PD0325901
308000,8928,159.0,1060.0,0.25,101,L2-D1-S,Glo,4.0,99.0,2923.0,8067.0,gdsc:1060:0.25uM,PD0325901
308472,8932,159.0,1060.0,0.25,101,L2-D1-S,Glo,4.0,1660.0,3126.0,8068.0,gdsc:1060:0.25uM,PD0325901
308944,8892,159.0,1060.0,0.25,101,L2-D1-S,Glo,4.0,924.0,3218.0,8069.0,gdsc:1060:0.25uM,PD0325901
309416,8894,159.0,1060.0,0.25,101,L2-D1-S,Glo,4.0,788.0,3194.0,8070.0,gdsc:1060:0.25uM,PD0325901
309888,8896,159.0,1060.0,0.25,101,L2-D1-S,Glo,4.0,86.0,3219.0,8071.0,gdsc:1060:0.25uM,PD0325901
310360,8898,159.0,1060.0,0.25,101,L2-D1-S,Glo,4.0,1013.0,3154.0,8072.0,gdsc:1060:0.25uM,PD0325901
310832,8900,159.0,1060.0,0.25,101,L2-D1-S,Glo,4.0,1798.0,2729.0,8073.0,gdsc:1060:0.25uM,PD0325901
311304,8902,159.0,1060.0,0.25,101,L2-D1-S,Glo,4.0,1674.0,2507.0,8074.0,gdsc:1060:0.25uM,PD0325901
311776,8904,159.0,1060.0,0.25,101,L2-D1-S,Glo,4.0,2201.0,3421.0,8075.0,gdsc:1060:0.25uM,PD0325901
312248,8908,159.0,1060.0,0.25,101,L2-D1-S,Glo,4.0,1631.0,3072.0,8077.0,gdsc:1060:0.25uM,PD0325901
312720,8910,159.0,1060.0,0.25,101,L2-D1-S,Glo,4.0,1243.0,2849.0,8078.0,gdsc:1060:0.25uM,PD0325901
313192,8912,159.0,1060.0,0.25,101,L2-D1-S,Glo,4.0,564.0,2131.0,8079.0,gdsc:1060:0.25uM,PD0325901
313664,8914,159.0,1060.0,0.25,101,L2-D1-S,Glo,4.0,1316.0,4071.0,8080.0,gdsc:1060:0.25uM,PD0325901
314136,8918,159.0,1060.0,0.25,101,L2-D1-S,Glo,4.0,1548.0,3293.0,8081.0,gdsc:1060:0.25uM,PD0325901
314608,8997,159.0,1060.0,0.25,101,L2-D1-S,Glo,4.0,1875.0,3263.0,8085.0,gdsc:1060:0.25uM,PD0325901
315080,9003,159.0,1060.0,0.25,101,L2-D1-S,Glo,4.0,1850.0,2875.0,8086.0,gdsc:1060:0.25uM,PD0325901
315552,9011,159.0,1060.0,0.25,101,L2-D1-S,Glo,4.0,617.0,3023.0,8087.0,gdsc:1060:0.25uM,PD0325901
316024,8963,159.0,1060.0,0.25,101,L2-D1-S,Glo,4.0,895.0,2292.0,8088.0,gdsc:1060:0.25uM,PD0325901
316496,8965,159.0,1060.0,0.25,101,L2-D1-S,Glo,4.0,1878.0,2159.0,8089.0,gdsc:1060:0.25uM,PD0325901
316968,8967,159.0,1060.0,0.25,101,L2-D1-S,Glo,4.0,1475.0,2073.0,8090.0,gdsc:1060:0.25uM,PD0325901
317440,8969,159.0,1060.0,0.25,101,L2-D1-S,Glo,4.0,1617.0,3475.0,8091.0,gdsc:1060:0.25uM,PD0325901
317912,8971,159.0,1060.0,0.25,101,L2-D1-S,Glo,4.0,449.0,2032.0,8092.0,gdsc:1060:0.25uM,PD0325901
318384,8973,159.0,1060.0,0.25,101,L2-D1-S,Glo,4.0,209.0,3234.0,8093.0,gdsc:1060:0.25uM,PD0325901
318856,8975,159.0,1060.0,0.25,101,L2-D1-S,Glo,4.0,747.0,3215.0,8094.0,gdsc:1060:0.25uM,PD0325901
319328,8977,159.0,1060.0,0.25,101,L2-D1-S,Glo,4.0,1816.0,3179.0,8095.0,gdsc:1060:0.25uM,PD0325901
319800,8979,159.0,1060.0,0.25,101,L2-D1-S,Glo,4.0,1504.0,3103.0,8096.0,gdsc:1060:0.25uM,PD0325901
320272,8981,159.0,1060.0,0.25,101,L2-D1-S,Glo,4.0,1232.0,2979.0,8097.0,gdsc:1060:0.25uM,PD0325901
320744,8983,159.0,1060.0,0.25,101,L2-D1-S,Glo,4.0,1792.0,2404.0,8098.0,gdsc:1060:0.25uM,PD0325901
321216,8985,159.0,1060.0,0.25,101,L2-D1-S,Glo,4.0,358.0,3463.0,8099.0,gdsc:1060:0.25uM,PD0325901
321688,8987,159.0,1060.0,0.25,101,L2-D1-S,Glo,4.0,354.0,2787.0,8100.0,gdsc:1060:0.25uM,PD0325901
322160,8989,159.0,1060.0,0.25,101,L2-D1-S,Glo,4.0,351.0,2775.0,8101.0,gdsc:1060:0.25uM,PD0325901
322632,8991,159.0,1060.0,0.25,101,L2-D1-S,Glo,4.0,801.0,3267.0,8102.0,gdsc:1060:0.25uM,PD0325901
323104,8995,159.0,1060.0,0.25,101,L2-D1-S,Glo,4.0,1525.0,2517.0,8104.0,gdsc:1060:0.25uM,PD0325901
323576,9016,217.0,1060.0,0.25,101,L2-D1-S,Glo,4.0,564.0,2131.0,8207.0,gdsc:1060:0.25uM,PD0325901
324055,9020,217.0,1060.0,0.25,101,L2-D1-S,Glo,4.0,1548.0,3293.0,8208.0,gdsc:1060:0.25uM,PD0325901
324534,9022,217.0,1060.0,0.25,101,L2-D1-S,Glo,4.0,634.0,3298.0,8209.0,gdsc:1060:0.25uM,PD0325901
325013,9028,217.0,1060.0,0.25,101,L2-D1-S,Glo,4.0,1660.0,3126.0,8211.0,gdsc:1060:0.25uM,PD0325901
325492,9030,217.0,1060.0,0.25,101,L2-D1-S,Glo,4.0,1243.0,2849.0,8212.0,gdsc:1060:0.25uM,PD0325901
325971,9034,217.0,1060.0,0.25,101,L2-D1-S,Glo,4.0,2201.0,3421.0,8214.0,gdsc:1060:0.25uM,PD0325901
326450,9036,217.0,1060.0,0.25,101,L2-D1-S,Glo,4.0,1674.0,2507.0,8215.0,gdsc:1060:0.25uM,PD0325901
326929,9048,217.0,1060.0,0.25,101,L2-D1-S,Glo,4.0,2039.0,2176.0,8218.0,gdsc:1060:0.25uM,PD0325901
327408,9054,217.0,1060.0,0.25,101,L2-D1-S,Glo,4.0,2152.0,3446.0,8220.0,gdsc:1060:0.25uM,PD0325901
327887,9056,217.0,1060.0,0.25,101,L2-D1-S,Glo,4.0,752.0,3793.0,8221.0,gdsc:1060:0.25uM,PD0325901
328366,9058,217.0,1060.0,0.25,101,L2-D1-S,Glo,4.0,782.0,3436.0,8222.0,gdsc:1060:0.25uM,PD0325901
328845,9060,217.0,1060.0,0.25,101,L2-D1-S,Glo,4.0,1906.0,4151.0,8223.0,gdsc:1060:0.25uM,PD0325901
329324,9062,217.0,1060.0,0.25,101,L2-D1-S,Glo,4.0,2177.0,3019.0,8224.0,gdsc:1060:0.25uM,PD0325901
329803,9064,217.0,1060.0,0.25,101,L2-D1-S,Glo,4.0,931.0,2984.0,8225.0,gdsc:1060:0.25uM,PD0325901
330282,9066,217.0,1060.0,0.25,101,L2-D1-S,Glo,4.0,1680.0,3796.0,8226.0,gdsc:1060:0.25uM,PD0325901
330761,9068,217.0,1060.0,0.25,101,L2-D1-S,Glo,4.0,49.0,3137.0,8227.0,gdsc:1060:0.25uM,PD0325901
331240,9070,217.0,1060.0,0.25,101,L2-D1-S,Glo,4.0,949.0,2308.0,8228.0,gdsc:1060:0.25uM,PD0325901
331719,9074,217.0,1060.0,0.25,101,L2-D1-S,Glo,4.0,1222.0,3376.0,8229.0,gdsc:1060:0.25uM,PD0325901
332198,9076,217.0,1060.0,0.25,101,L2-D1-S,Glo,4.0,82.0,3365.0,8230.0,gdsc:1060:0.25uM,PD0325901
332677,9078,217.0,1060.0,0.25,101,L2-D1-S,Glo,4.0,423.0,4139.0,8231.0,gdsc:1060:0.25uM,PD0325901
333156,9080,217.0,1060.0,0.25,101,L2-D1-S,Glo,4.0,1916.0,2540.0,8232.0,gdsc:1060:0.25uM,PD0325901
333635,9082,217.0,1060.0,0.25,101,L2-D1-S,Glo,4.0,578.0,2529.0,8233.0,gdsc:1060:0.25uM,PD0325901
334114,9084,217.0,1060.0,0.25,101,L2-D1-S,Glo,4.0,2215.0,2515.0,8234.0,gdsc:1060:0.25uM,PD0325901
334593,9086,217.0,1060.0,0.25,101,L2-D1-S,Glo,4.0,606.0,2508.0,8235.0,gdsc:1060:0.25uM,PD0325901
335072,9088,217.0,1060.0,0.25,101,L2-D1-S,Glo,4.0,1755.0,2442.0,8236.0,gdsc:1060:0.25uM,PD0325901
335551,9090,217.0,1060.0,0.25,101,L2-D1-S,Glo,4.0,431.0,2405.0,8237.0,gdsc:1060:0.25uM,PD0325901
336030,9092,217.0,1060.0,0.25,101,L2-D1-S,Glo,4.0,1193.0,2401.0,8238.0,gdsc:1060:0.25uM,PD0325901
336509,9096,217.0,1060.0,0.25,101,L2-D1-S,Glo,4.0,1156.0,2278.0,8239.0,gdsc:1060:0.25uM,PD0325901
336988,9098,217.0,1060.0,0.25,101,L2-D1-S,Glo,4.0,686.0,3749.0,8240.0,gdsc:1060:0.25uM,PD0325901
337467,9100,217.0,1060.0,0.25,101,L2-D1-S,Glo,4.0,1914.0,2248.0,8241.0,gdsc:1060:0.25uM,PD0325901
337946,9102,217.0,1060.0,0.25,101,L2-D1-S,Glo,4.0,1457.0,2226.0,8242.0,gdsc:1060:0.25uM,PD0325901
338425,9108,217.0,1060.0,0.25,101,L2-D1-S,Glo,4.0,1877.0,2154.0,8244.0,gdsc:1060:0.25uM,PD0325901
338904,9112,217.0,1060.0,0.25,101,L2-D1-S,Glo,4.0,1910.0,2117.0,8246.0,gdsc:1060:0.25uM,PD0325901
339383,9114,217.0,1060.0,0.25,101,L2-D1-S,Glo,4.0,1498.0,2090.0,8247.0,gdsc:1060:0.25uM,PD0325901
339862,9128,217.0,1060.0,0.25,101,L2-D1-S,Glo,4.0,354.0,2787.0,8285.0,gdsc:1060:0.25uM,PD0325901
340341,9130,217.0,1060.0,0.25,101,L2-D1-S,Glo,4.0,474.0,2797.0,8286.0,gdsc:1060:0.25uM,PD0325901
340820,9132,217.0,1060.0,0.25,101,L2-D1-S,Glo,4.0,1850.0,2875.0,8287.0,gdsc:1060:0.25uM,PD0325901
341299,9138,217.0,1060.0,0.25,101,L2-D1-S,Glo,4.0,1232.0,2979.0,8288.0,gdsc:1060:0.25uM,PD0325901
341778,9140,217.0,1060.0,0.25,101,L2-D1-S,Glo,4.0,1824.0,2985.0,8289.0,gdsc:1060:0.25uM,PD0325901
342257,9142,217.0,1060.0,0.25,101,L2-D1-S,Glo,4.0,617.0,3023.0,8290.0,gdsc:1060:0.25uM,PD0325901
342736,9144,217.0,1060.0,0.25,101,L2-D1-S,Glo,4.0,1504.0,3103.0,8291.0,gdsc:1060:0.25uM,PD0325901
343215,9150,217.0,1060.0,0.25,101,L2-D1-S,Glo,4.0,788.0,3194.0,8293.0,gdsc:1060:0.25uM,PD0325901
343694,9152,217.0,1060.0,0.25,101,L2-D1-S,Glo,4.0,747.0,3215.0,8294.0,gdsc:1060:0.25uM,PD0325901
344173,9155,217.0,1060.0,0.25,101,L2-D1-S,Glo,4.0,86.0,3219.0,8295.0,gdsc:1060:0.25uM,PD0325901
344652,9160,217.0,1060.0,0.25,101,L2-D1-S,Glo,4.0,1875.0,3263.0,8297.0,gdsc:1060:0.25uM,PD0325901
345131,9164,217.0,1060.0,0.25,101,L2-D1-S,Glo,4.0,183.0,3320.0,8298.0,gdsc:1060:0.25uM,PD0325901
345610,9166,217.0,1060.0,0.25,101,L2-D1-S,Glo,4.0,1812.0,3357.0,8299.0,gdsc:1060:0.25uM,PD0325901
346089,9170,217.0,1060.0,0.25,101,L2-D1-S,Glo,4.0,358.0,3463.0,8300.0,gdsc:1060:0.25uM,PD0325901
346568,9172,217.0,1060.0,0.25,101,L2-D1-S,Glo,4.0,1617.0,3475.0,8301.0,gdsc:1060:0.25uM,PD0325901
347047,9176,217.0,1060.0,0.25,101,L2-D1-S,Glo,4.0,449.0,2032.0,8302.0,gdsc:1060:0.25uM,PD0325901
347526,9178,217.0,1060.0,0.25,101,L2-D1-S,Glo,4.0,1525.0,2517.0,8303.0,gdsc:1060:0.25uM,PD0325901
348005,9182,217.0,1060.0,0.25,101,L2-D1-S,Glo,4.0,1475.0,2073.0,8304.0,gdsc:1060:0.25uM,PD0325901
348484,9184,217.0,1060.0,0.25,101,L2-D1-S,Glo,4.0,41.0,2095.0,8305.0,gdsc:1060:0.25uM,PD0325901
348963,9188,217.0,1060.0,0.25,101,L2-D1-S,Glo,4.0,1878.0,2159.0,8307.0,gdsc:1060:0.25uM,PD0325901
349442,9190,217.0,1060.0,0.25,101,L2-D1-S,Glo,4.0,275.0,2200.0,8308.0,gdsc:1060:0.25uM,PD0325901
349921,9192,217.0,1060.0,0.25,101,L2-D1-S,Glo,4.0,2155.0,2277.0,8309.0,gdsc:1060:0.25uM,PD0325901
350400,9194,217.0,1060.0,0.25,101,L2-D1-S,Glo,4.0,895.0,2292.0,8310.0,gdsc:1060:0.25uM,PD0325901
350879,9122,217.0,1060.0,0.25,101,L2-D1-S,Glo,4.0,1316.0,4071.0,8312.0,gdsc:1060:0.25uM,PD0325901
351358,9248,217.0,1060.0,0.25,101,L2-D1-S,Glo,4.0,1013.0,3154.0,8346.0,gdsc:1060:0.25uM,PD0325901
351837,9250,217.0,1060.0,0.25,101,L2-D1-S,Glo,4.0,1816.0,3179.0,8348.0,gdsc:1060:0.25uM,PD0325901
352316,9252,217.0,1060.0,0.25,101,L2-D1-S,Glo,4.0,924.0,3218.0,8350.0,gdsc:1060:0.25uM,PD0325901
352795,9254,217.0,1060.0,0.25,101,L2-D1-S,Glo,4.0,209.0,3234.0,8352.0,gdsc:1060:0.25uM,PD0325901
353274,9256,217.0,1060.0,0.25,101,L2-D1-S,Glo,4.0,801.0,3267.0,8354.0,gdsc:1060:0.25uM,PD0325901
353753,9258,217.0,1060.0,0.25,101,L2-D1-S,Glo,4.0,1238.0,3291.0,8356.0,gdsc:1060:0.25uM,PD0325901
354232,9270,217.0,1060.0,0.25,101,L2-D1-S,Glo,4.0,867.0,2120.0,8358.0,gdsc:1060:0.25uM,PD0325901
354711,9274,217.0,1060.0,0.25,101,L2-D1-S,Glo,4.0,849.0,2171.0,8362.0,gdsc:1060:0.25uM,PD0325901
355190,9276,159.0,1060.0,0.25,101,L2-D1-S,Glo,4.0,2264.0,3400.0,8364.0,gdsc:1060:0.25uM,PD0325901
355662,9277,217.0,1060.0,0.25,101,L2-D1-S,Glo,4.0,2264.0,3400.0,8365.0,gdsc:1060:0.25uM,PD0325901
356141,9282,159.0,1060.0,0.25,101,L2-D1-S,Glo,4.0,858.0,2605.0,8367.0,gdsc:1060:0.25uM,PD0325901
356613,9283,217.0,1060.0,0.25,101,L2-D1-S,Glo,4.0,858.0,2605.0,8368.0,gdsc:1060:0.25uM,PD0325901
357092,9285,159.0,1060.0,0.25,101,L2-D1-S,Glo,4.0,302.0,2660.0,8370.0,gdsc:1060:0.25uM,PD0325901
357564,9286,217.0,1060.0,0.25,101,L2-D1-S,Glo,4.0,302.0,2660.0,8371.0,gdsc:1060:0.25uM,PD0325901
358043,9294,159.0,1060.0,0.25,101,L2-D1-S,Glo,4.0,888.0,2830.0,8373.0,gdsc:1060:0.25uM,PD0325901
358515,9295,217.0,1060.0,0.25,101,L2-D1-S,Glo,4.0,888.0,2830.0,8374.0,gdsc:1060:0.25uM,PD0325901
358994,9303,159.0,1060.0,0.25,101,L2-D1-S,Glo,4.0,109.0,2948.0,8376.0,gdsc:1060:0.25uM,PD0325901
359466,9304,217.0,1060.0,0.25,101,L2-D1-S,Glo,4.0,109.0,2948.0,8377.0,gdsc:1060:0.25uM,PD0325901
359945,9312,159.0,1060.0,0.25,101,L2-D1-S,Glo,4.0,193.0,3035.0,8382.0,gdsc:1060:0.25uM,PD0325901
360417,9313,217.0,1060.0,0.25,101,L2-D1-S,Glo,4.0,193.0,3035.0,8383.0,gdsc:1060:0.25uM,PD0325901
360896,9318,159.0,1060.0,0.25,101,L2-D1-S,Glo,4.0,626.0,3171.0,8385.0,gdsc:1060:0.25uM,PD0325901
361368,9319,217.0,1060.0,0.25,101,L2-D1-S,Glo,4.0,626.0,3171.0,8386.0,gdsc:1060:0.25uM,PD0325901
361847,9321,159.0,1060.0,0.25,101,L2-D1-S,Glo,4.0,1395.0,3172.0,8388.0,gdsc:1060:0.25uM,PD0325901
362319,9322,217.0,1060.0,0.25,101,L2-D1-S,Glo,4.0,1395.0,3172.0,8389.0,gdsc:1060:0.25uM,PD0325901
362798,9324,159.0,1060.0,0.25,101,L2-D1-S,Glo,4.0,711.0,3285.0,8391.0,gdsc:1060:0.25uM,PD0325901
363270,9325,217.0,1060.0,0.25,101,L2-D1-S,Glo,4.0,711.0,3285.0,8392.0,gdsc:1060:0.25uM,PD0325901
363749,9345,159.0,1060.0,0.25,101,L2-D1-S,Glo,4.0,2131.0,3462.0,8394.0,gdsc:1060:0.25uM,PD0325901
364221,9346,217.0,1060.0,0.25,101,L2-D1-S,Glo,4.0,2131.0,3462.0,8395.0,gdsc:1060:0.25uM,PD0325901
364700,9348,159.0,1060.0,0.25,101,L2-D1-S,Glo,4.0,2133.0,3473.0,8397.0,gdsc:1060:0.25uM,PD0325901
365172,9349,217.0,1060.0,0.25,101,L2-D1-S,Glo,4.0,2133.0,3473.0,8398.0,gdsc:1060:0.25uM,PD0325901
365651,9351,159.0,1060.0,0.25,101,L2-D1-S,Glo,4.0,1984.0,2182.0,8400.0,gdsc:1060:0.25uM,PD0325901
366123,9352,217.0,1060.0,0.25,101,L2-D1-S,Glo,4.0,1984.0,2182.0,8401.0,gdsc:1060:0.25uM,PD0325901
366602,9354,159.0,1060.0,0.25,101,L2-D1-S,Glo,4.0,1245.0,2767.0,8403.0,gdsc:1060:0.25uM,PD0325901
367074,9355,217.0,1060.0,0.25,101,L2-D1-S,Glo,4.0,1245.0,2767.0,8404.0,gdsc:1060:0.25uM,PD0325901
367553,9357,159.0,1060.0,0.25,101,L2-D1-S,Glo,4.0,2090.0,2319.0,8406.0,gdsc:1060:0.25uM,PD0325901
368025,9358,217.0,1060.0,0.25,101,L2-D1-S,Glo,4.0,2090.0,2319.0,8407.0,gdsc:1060:0.25uM,PD0325901
368504,9360,159.0,1060.0,0.25,101,L2-D1-S,Glo,4.0,71.0,2371.0,8409.0,gdsc:1060:0.25uM,PD0325901
368976,9361,217.0,1060.0,0.25,101,L2-D1-S,Glo,4.0,71.0,2371.0,8410.0,gdsc:1060:0.25uM,PD0325901
369455,9363,159.0,1060.0,0.25,101,L2-D1-S,Glo,4.0,2089.0,2304.0,8412.0,gdsc:1060:0.25uM,PD0325901
369927,9364,217.0,1060.0,0.25,101,L2-D1-S,Glo,4.0,2089.0,2304.0,8413.0,gdsc:1060:0.25uM,PD0325901
370406,9369,159.0,1060.0,0.25,101,L2-D1-S,Glo,4.0,649.0,5951.0,8415.0,gdsc:1060:0.25uM,PD0325901
370878,9370,217.0,1060.0,0.25,101,L2-D1-S,Glo,4.0,649.0,5951.0,8416.0,gdsc:1060:0.25uM,PD0325901
371357,9236,217.0,1060.0,0.25,101,L2-D1-S,Glo,4.0,351.0,2775.0,8418.0,gdsc:1060:0.25uM,PD0325901
371836,9373,159.0,1060.0,0.25,101,L2-D1-S,Glo,4.0,953.0,6231.0,8485.0,gdsc:1060:0.25uM,PD0325901
372308,9374,159.0,1060.0,0.25,101,L2-D1-S,Glo,4.0,953.0,6231.0,8486.0,gdsc:1060:0.25uM,PD0325901
372780,9375,159.0,1060.0,0.25,101,L2-D1-S,Glo,4.0,953.0,6231.0,8487.0,gdsc:1060:0.25uM,PD0325901
373252,9376,217.0,1060.0,0.25,101,L2-D1-S,Glo,4.0,953.0,6231.0,8488.0,gdsc:1060:0.25uM,PD0325901
373731,9377,217.0,1060.0,0.25,101,L2-D1-S,Glo,4.0,953.0,6231.0,8489.0,gdsc:1060:0.25uM,PD0325901
374210,9378,217.0,1060.0,0.25,101,L2-D1-S,Glo,4.0,953.0,6231.0,8490.0,gdsc:1060:0.25uM,PD0325901
374689,9380,159.0,1060.0,0.25,101,L2-D1-S,Glo,4.0,369.0,2878.0,8491.0,gdsc:1060:0.25uM,PD0325901
375161,9381,159.0,1060.0,0.25,101,L2-D1-S,Glo,4.0,369.0,2878.0,8492.0,gdsc:1060:0.25uM,PD0325901
375633,9382,159.0,1060.0,0.25,101,L2-D1-S,Glo,4.0,369.0,2878.0,8493.0,gdsc:1060:0.25uM,PD0325901
376105,9383,217.0,1060.0,0.25,101,L2-D1-S,Glo,4.0,369.0,2878.0,8494.0,gdsc:1060:0.25uM,PD0325901
376584,9384,217.0,1060.0,0.25,101,L2-D1-S,Glo,4.0,369.0,2878.0,8495.0,gdsc:1060:0.25uM,PD0325901
377063,9385,217.0,1060.0,0.25,101,L2-D1-S,Glo,4.0,369.0,2878.0,8496.0,gdsc:1060:0.25uM,PD0325901
377542,9386,159.0,1060.0,0.25,101,L2-D1-S,Glo,4.0,2242.0,4711.0,8497.0,gdsc:1060:0.25uM,PD0325901
378014,9387,159.0,1060.0,0.25,101,L2-D1-S,Glo,4.0,2242.0,4711.0,8498.0,gdsc:1060:0.25uM,PD0325901
378486,9388,159.0,1060.0,0.25,101,L2-D1-S,Glo,4.0,2242.0,4711.0,8499.0,gdsc:1060:0.25uM,PD0325901
378958,9389,217.0,1060.0,0.25,101,L2-D1-S,Glo,4.0,2242.0,4711.0,8500.0,gdsc:1060:0.25uM,PD0325901
379437,9390,217.0,1060.0,0.25,101,L2-D1-S,Glo,4.0,2242.0,4711.0,8501.0,gdsc:1060:0.25uM,PD0325901
379916,9391,217.0,1060.0,0.25,101,L2-D1-S,Glo,4.0,2242.0,4711.0,8502.0,gdsc:1060:0.25uM,PD0325901
380395,9393,159.0,1060.0,0.25,101,L2-D1-S,Glo,4.0,1553.0,5232.0,8503.0,gdsc:1060:0.25uM,PD0325901
380867,9394,159.0,1060.0,0.25,101,L2-D1-S,Glo,4.0,1553.0,5232.0,8504.0,gdsc:1060:0.25uM,PD0325901
381339,9395,159.0,1060.0,0.25,101,L2-D1-S,Glo,4.0,1553.0,5232.0,8505.0,gdsc:1060:0.25uM,PD0325901
381811,9396,217.0,1060.0,0.25,101,L2-D1-S,Glo,4.0,1553.0,5232.0,8506.0,gdsc:1060:0.25uM,PD0325901
382290,9397,217.0,1060.0,0.25,101,L2-D1-S,Glo,4.0,1553.0,5232.0,8507.0,gdsc:1060:0.25uM,PD0325901
382769,9398,217.0,1060.0,0.25,101,L2-D1-S,Glo,4.0,1553.0,5232.0,8508.0,gdsc:1060:0.25uM,PD0325901
383248,9400,159.0,1060.0,0.25,101,L2-D1-S,Glo,4.0,1212.0,4576.0,8509.0,gdsc:1060:0.25uM,PD0325901
383720,9401,159.0,1060.0,0.25,101,L2-D1-S,Glo,4.0,1212.0,4576.0,8510.0,gdsc:1060:0.25uM,PD0325901
384192,9402,159.0,1060.0,0.25,101,L2-D1-S,Glo,4.0,1212.0,4576.0,8511.0,gdsc:1060:0.25uM,PD0325901
384664,9403,217.0,1060.0,0.25,101,L2-D1-S,Glo,4.0,1212.0,4576.0,8512.0,gdsc:1060:0.25uM,PD0325901
385143,9404,217.0,1060.0,0.25,101,L2-D1-S,Glo,4.0,1212.0,4576.0,8513.0,gdsc:1060:0.25uM,PD0325901
385622,9405,217.0,1060.0,0.25,101,L2-D1-S,Glo,4.0,1212.0,4576.0,8514.0,gdsc:1060:0.25uM,PD0325901
386101,9407,159.0,1060.0,0.25,101,L2-D1-S,Glo,4.0,921.0,5233.0,8515.0,gdsc:1060:0.25uM,PD0325901
386573,9408,159.0,1060.0,0.25,101,L2-D1-S,Glo,4.0,921.0,5233.0,8516.0,gdsc:1060:0.25uM,PD0325901
387045,9409,159.0,1060.0,0.25,101,L2-D1-S,Glo,4.0,921.0,5233.0,8517.0,gdsc:1060:0.25uM,PD0325901
387517,9410,217.0,1060.0,0.25,101,L2-D1-S,Glo,4.0,921.0,5233.0,8518.0,gdsc:1060:0.25uM,PD0325901
387996,9411,217.0,1060.0,0.25,101,L2-D1-S,Glo,4.0,921.0,5233.0,8519.0,gdsc:1060:0.25uM,PD0325901
388475,9412,217.0,1060.0,0.25,101,L2-D1-S,Glo,4.0,921.0,5233.0,8520.0,gdsc:1060:0.25uM,PD0325901
388954,9414,159.0,1060.0,0.25,101,L2-D1-S,Glo,4.0,339.0,5947.0,8521.0,gdsc:1060:0.25uM,PD0325901
389426,9415,159.0,1060.0,0.25,101,L2-D1-S,Glo,4.0,339.0,5947.0,8522.0,gdsc:1060:0.25uM,PD0325901
389898,9416,159.0,1060.0,0.25,101,L2-D1-S,Glo,4.0,339.0,5947.0,8523.0,gdsc:1060:0.25uM,PD0325901
390370,9417,217.0,1060.0,0.25,101,L2-D1-S,Glo,4.0,339.0,5947.0,8524.0,gdsc:1060:0.25uM,PD0325901
390849,9418,217.0,1060.0,0.25,101,L2-D1-S,Glo,4.0,339.0,5947.0,8525.0,gdsc:1060:0.25uM,PD0325901
391328,9419,217.0,1060.0,0.25,101,L2-D1-S,Glo,4.0,339.0,5947.0,8526.0,gdsc:1060:0.25uM,PD0325901
391807,9421,159.0,1060.0,0.25,101,L2-D1-S,Glo,4.0,198.0,4712.0,8527.0,gdsc:1060:0.25uM,PD0325901
392279,9422,159.0,1060.0,0.25,101,L2-D1-S,Glo,4.0,198.0,4712.0,8528.0,gdsc:1060:0.25uM,PD0325901
392751,9423,159.0,1060.0,0.25,101,L2-D1-S,Glo,4.0,198.0,4712.0,8529.0,gdsc:1060:0.25uM,PD0325901
393223,9424,217.0,1060.0,0.25,101,L2-D1-S,Glo,4.0,198.0,4712.0,8530.0,gdsc:1060:0.25uM,PD0325901
393702,9425,217.0,1060.0,0.25,101,L2-D1-S,Glo,4.0,198.0,4712.0,8531.0,gdsc:1060:0.25uM,PD0325901
394181,9426,217.0,1060.0,0.25,101,L2-D1-S,Glo,4.0,198.0,4712.0,8532.0,gdsc:1060:0.25uM,PD0325901
394660,9435,159.0,1060.0,0.25,101,L2-D1-S,Glo,4.0,37.0,2536.0,8539.0,gdsc:1060:0.25uM,PD0325901
395132,9436,159.0,1060.0,0.25,101,L2-D1-S,Glo,4.0,37.0,2536.0,8540.0,gdsc:1060:0.25uM,PD0325901
395604,9437,159.0,1060.0,0.25,101,L2-D1-S,Glo,4.0,37.0,2536.0,8541.0,gdsc:1060:0.25uM,PD0325901
396076,9438,217.0,1060.0,0.25,101,L2-D1-S,Glo,4.0,37.0,2536.0,8542.0,gdsc:1060:0.25uM,PD0325901
396555,9439,217.0,1060.0,0.25,101,L2-D1-S,Glo,4.0,37.0,2536.0,8543.0,gdsc:1060:0.25uM,PD0325901
397034,9440,217.0,1060.0,0.25,101,L2-D1-S,Glo,4.0,37.0,2536.0,8544.0,gdsc:1060:0.25uM,PD0325901
397513,9442,159.0,1060.0,0.25,101,L2-D1-S,Glo,4.0,3.0,5529.0,8545.0,gdsc:1060:0.25uM,PD0325901
397985,9443,159.0,1060.0,0.25,101,L2-D1-S,Glo,4.0,3.0,5529.0,8546.0,gdsc:1060:0.25uM,PD0325901
398457,9444,159.0,1060.0,0.25,101,L2-D1-S,Glo,4.0,3.0,5529.0,8547.0,gdsc:1060:0.25uM,PD0325901
398929,9445,217.0,1060.0,0.25,101,L2-D1-S,Glo,4.0,3.0,5529.0,8548.0,gdsc:1060:0.25uM,PD0325901
399408,9446,217.0,1060.0,0.25,101,L2-D1-S,Glo,4.0,3.0,5529.0,8549.0,gdsc:1060:0.25uM,PD0325901
399887,9447,217.0,1060.0,0.25,101,L2-D1-S,Glo,4.0,3.0,5529.0,8550.0,gdsc:1060:0.25uM,PD0325901
400366,9449,159.0,1060.0,0.25,101,L2-D1-S,Glo,4.0,1145.0,5512.0,8551.0,gdsc:1060:0.25uM,PD0325901
400838,9450,159.0,1060.0,0.25,101,L2-D1-S,Glo,4.0,1145.0,5512.0,8552.0,gdsc:1060:0.25uM,PD0325901
401310,9451,159.0,1060.0,0.25,101,L2-D1-S,Glo,4.0,1145.0,5512.0,8553.0,gdsc:1060:0.25uM,PD0325901
401782,9452,217.0,1060.0,0.25,101,L2-D1-S,Glo,4.0,1145.0,5512.0,8554.0,gdsc:1060:0.25uM,PD0325901
402261,9453,217.0,1060.0,0.25,101,L2-D1-S,Glo,4.0,1145.0,5512.0,8555.0,gdsc:1060:0.25uM,PD0325901
402740,9454,217.0,1060.0,0.25,101,L2-D1-S,Glo,4.0,1145.0,5512.0,8556.0,gdsc:1060:0.25uM,PD0325901
403219,9456,217.0,1060.0,0.25,101,L2-D1-S,Glo,4.0,1511.0,2811.0,8605.0,gdsc:1060:0.25uM,PD0325901
403698,9461,159.0,1060.0,0.25,101,L2-D1-S,Glo,4.0,1011.0,4739.0,8606.0,gdsc:1060:0.25uM,PD0325901
404170,9462,217.0,1060.0,0.25,101,L2-D1-S,Glo,4.0,1011.0,4739.0,8607.0,gdsc:1060:0.25uM,PD0325901
404649,9464,159.0,1060.0,0.25,101,L2-D1-S,Glo,4.0,2198.0,3055.0,8608.0,gdsc:1060:0.25uM,PD0325901
405121,9465,217.0,1060.0,0.25,101,L2-D1-S,Glo,4.0,2198.0,3055.0,8609.0,gdsc:1060:0.25uM,PD0325901
405600,9469,159.0,1060.0,0.25,101,L2-D1-S,Glo,4.0,48.0,3122.0,8610.0,gdsc:1060:0.25uM,PD0325901
406072,9470,217.0,1060.0,0.25,101,L2-D1-S,Glo,4.0,48.0,3122.0,8611.0,gdsc:1060:0.25uM,PD0325901
406551,9480,159.0,1060.0,0.25,101,L2-D1-S,Glo,4.0,430.0,2330.0,8612.0,gdsc:1060:0.25uM,PD0325901
407023,9481,217.0,1060.0,0.25,101,L2-D1-S,Glo,4.0,430.0,2330.0,8613.0,gdsc:1060:0.25uM,PD0325901
407502,9483,217.0,1060.0,0.25,101,L2-D1-S,Glo,4.0,188.0,2644.0,8614.0,gdsc:1060:0.25uM,PD0325901
407981,9497,217.0,1060.0,0.25,101,L2-D1-S,Glo,4.0,1007.0,2694.0,8615.0,gdsc:1060:0.25uM,PD0325901
408460,9499,159.0,1060.0,0.25,101,L2-D1-S,Glo,4.0,1798.0,2729.0,8616.0,gdsc:1060:0.25uM,PD0325901
408932,9500,217.0,1060.0,0.25,101,L2-D1-S,Glo,4.0,1798.0,2729.0,8617.0,gdsc:1060:0.25uM,PD0325901
409411,9504,159.0,1060.0,0.25,101,L2-D1-S,Glo,4.0,1567.0,2763.0,8618.0,gdsc:1060:0.25uM,PD0325901
409883,9505,217.0,1060.0,0.25,101,L2-D1-S,Glo,4.0,1567.0,2763.0,8619.0,gdsc:1060:0.25uM,PD0325901
410362,9513,159.0,1060.0,0.25,101,L2-D1-S,Glo,4.0,1102.0,2813.0,8620.0,gdsc:1060:0.25uM,PD0325901
410834,9514,217.0,1060.0,0.25,101,L2-D1-S,Glo,4.0,1102.0,2813.0,8621.0,gdsc:1060:0.25uM,PD0325901
411313,9526,217.0,1060.0,0.25,101,L2-D1-S,Glo,4.0,1792.0,2404.0,8623.0,gdsc:1060:0.25uM,PD0325901
411792,9528,217.0,1060.0,0.25,101,L2-D1-S,Glo,4.0,1534.0,4742.0,8624.0,gdsc:1060:0.25uM,PD0325901
412271,9536,217.0,1060.0,0.25,101,L2-D1-S,Glo,4.0,1378.0,3002.0,8625.0,gdsc:1060:0.25uM,PD0325901
412750,9547,217.0,1060.0,0.25,101,L2-D1-S,Glo,4.0,1803.0,3045.0,8626.0,gdsc:1060:0.25uM,PD0325901
413229,9549,217.0,1060.0,0.25,101,L2-D1-S,Glo,4.0,1939.0,3084.0,8627.0,gdsc:1060:0.25uM,PD0325901
413708,9553,217.0,1060.0,0.25,101,L2-D1-S,Glo,4.0,586.0,5361.0,8628.0,gdsc:1060:0.25uM,PD0325901
414187,9562,217.0,1060.0,0.25,101,L2-D1-S,Glo,4.0,1913.0,2232.0,8631.0,gdsc:1060:0.25uM,PD0325901
414666,9564,217.0,1060.0,0.25,101,L2-D1-S,Glo,4.0,1640.0,2511.0,8632.0,gdsc:1060:0.25uM,PD0325901
415145,9580,217.0,1060.0,0.25,101,L2-D1-S,Glo,4.0,173.0,3435.0,8633.0,gdsc:1060:0.25uM,PD0325901
415624,9585,217.0,1060.0,0.25,101,L2-D1-S,Glo,4.0,1679.0,3441.0,8634.0,gdsc:1060:0.25uM,PD0325901
416103,9587,159.0,1060.0,0.25,101,L2-D1-S,Glo,4.0,1949.0,3751.0,8635.0,gdsc:1060:0.25uM,PD0325901
416575,9588,217.0,1060.0,0.25,101,L2-D1-S,Glo,4.0,1949.0,3751.0,8636.0,gdsc:1060:0.25uM,PD0325901
417054,9589,217.0,1060.0,0.25,101,L2-D1-S,Glo,4.0,99.0,2923.0,8637.0,gdsc:1060:0.25uM,PD0325901
417533,9591,159.0,1060.0,0.25,101,L2-D1-S,Glo,4.0,1549.0,3486.0,8638.0,gdsc:1060:0.25uM,PD0325901
418005,9491,159.0,1060.0,0.25,101,L2-D1-S,Glo,4.0,1196.0,5589.0,8645.0,gdsc:1060:0.25uM,PD0325901
418477,9492,217.0,1060.0,0.25,101,L2-D1-S,Glo,4.0,1196.0,5589.0,8646.0,gdsc:1060:0.25uM,PD0325901
418956,9516,159.0,1060.0,0.25,101,L2-D1-S,Glo,4.0,2195.0,2942.0,8647.0,gdsc:1060:0.25uM,PD0325901
419428,9517,217.0,1060.0,0.25,101,L2-D1-S,Glo,4.0,2195.0,2942.0,8648.0,gdsc:1060:0.25uM,PD0325901
419907,9519,159.0,1060.0,0.25,101,L2-D1-S,Glo,4.0,2101.0,2945.0,8649.0,gdsc:1060:0.25uM,PD0325901
420379,9520,217.0,1060.0,0.25,101,L2-D1-S,Glo,4.0,2101.0,2945.0,8650.0,gdsc:1060:0.25uM,PD0325901
420858,9551,217.0,1060.0,0.25,101,L2-D1-S,Glo,4.0,894.0,3086.0,8651.0,gdsc:1060:0.25uM,PD0325901
421337,9558,217.0,1060.0,0.25,101,L2-D1-S,Glo,4.0,920.0,3176.0,8652.0,gdsc:1060:0.25uM,PD0325901
421816,9574,159.0,1060.0,0.25,101,L2-D1-S,Glo,4.0,1250.0,3321.0,8655.0,gdsc:1060:0.25uM,PD0325901
422288,9575,217.0,1060.0,0.25,101,L2-D1-S,Glo,4.0,1250.0,3321.0,8656.0,gdsc:1060:0.25uM,PD0325901
422767,9593,217.0,1060.0,0.25,101,L2-D1-S,Glo,4.0,319.0,2312.0,8657.0,gdsc:1060:0.25uM,PD0325901
423246,9595,217.0,1060.0,0.25,101,L2-D1-S,Glo,4.0,1688.0,5572.0,8658.0,gdsc:1060:0.25uM,PD0325901
423725,9599,159.0,1060.0,0.25,101,L2-D1-S,Glo,4.0,1537.0,3347.0,8659.0,gdsc:1060:0.25uM,PD0325901
424197,9600,217.0,1060.0,0.25,101,L2-D1-S,Glo,4.0,1537.0,3347.0,8660.0,gdsc:1060:0.25uM,PD0325901
424676,9603,217.0,1060.0,0.25,101,L2-D1-S,Glo,4.0,602.0,2306.0,8685.0,gdsc:1060:0.25uM,PD0325901
425155,9607,159.0,1060.0,0.25,101,L2-D1-S,Glo,4.0,737.0,3344.0,8687.0,gdsc:1060:0.25uM,PD0325901
425627,9611,217.0,1060.0,0.25,101,L2-D1-S,Glo,4.0,998.0,2202.0,8690.0,gdsc:1060:0.25uM,PD0325901
426106,9615,159.0,1060.0,0.25,101,L2-D1-S,Glo,4.0,323.0,2373.0,8692.0,gdsc:1060:0.25uM,PD0325901
426578,9617,159.0,1060.0,0.25,101,L2-D1-S,Glo,4.0,2176.0,2383.0,8693.0,gdsc:1060:0.25uM,PD0325901
427050,9618,217.0,1060.0,0.25,101,L2-D1-S,Glo,4.0,2176.0,2383.0,8694.0,gdsc:1060:0.25uM,PD0325901
427529,9620,159.0,1060.0,0.25,101,L2-D1-S,Glo,4.0,744.0,2832.0,8695.0,gdsc:1060:0.25uM,PD0325901
428001,9621,217.0,1060.0,0.25,101,L2-D1-S,Glo,4.0,744.0,2832.0,8696.0,gdsc:1060:0.25uM,PD0325901
428480,9623,159.0,1060.0,0.25,101,L2-D1-S,Glo,4.0,405.0,2962.0,8697.0,gdsc:1060:0.25uM,PD0325901
428952,9624,217.0,1060.0,0.25,101,L2-D1-S,Glo,4.0,405.0,2962.0,8698.0,gdsc:1060:0.25uM,PD0325901
429431,9626,159.0,1060.0,0.25,101,L2-D1-S,Glo,4.0,1807.0,3005.0,8699.0,gdsc:1060:0.25uM,PD0325901
429903,9632,217.0,1060.0,0.25,101,L2-D1-S,Glo,4.0,2080.0,3105.0,8703.0,gdsc:1060:0.25uM,PD0325901
430382,9634,159.0,1060.0,0.25,101,L2-D1-S,Glo,4.0,451.0,3299.0,8704.0,gdsc:1060:0.25uM,PD0325901
430854,9635,217.0,1060.0,0.25,101,L2-D1-S,Glo,4.0,451.0,3299.0,8705.0,gdsc:1060:0.25uM,PD0325901
431333,9637,159.0,1060.0,0.25,101,L2-D1-S,Glo,4.0,1811.0,3348.0,8706.0,gdsc:1060:0.25uM,PD0325901
431805,9638,217.0,1060.0,0.25,101,L2-D1-S,Glo,4.0,1811.0,3348.0,8707.0,gdsc:1060:0.25uM,PD0325901
432284,9640,159.0,1060.0,0.25,101,L2-D1-S,Glo,4.0,1394.0,3418.0,8708.0,gdsc:1060:0.25uM,PD0325901
432756,9642,159.0,1060.0,0.25,101,L2-D1-S,Glo,4.0,1398.0,6230.0,8709.0,gdsc:1060:0.25uM,PD0325901
433228,9643,217.0,1060.0,0.25,101,L2-D1-S,Glo,4.0,1398.0,6230.0,8710.0,gdsc:1060:0.25uM,PD0325901
433707,9645,159.0,1060.0,0.25,101,L2-D1-S,Glo,4.0,285.0,2024.0,8711.0,gdsc:1060:0.25uM,PD0325901
434179,9646,217.0,1060.0,0.25,101,L2-D1-S,Glo,4.0,285.0,2024.0,8712.0,gdsc:1060:0.25uM,PD0325901
434658,9654,159.0,1060.0,0.25,101,L2-D1-S,Glo,4.0,1642.0,2554.0,8715.0,gdsc:1060:0.25uM,PD0325901
435130,9655,217.0,1060.0,0.25,101,L2-D1-S,Glo,4.0,1642.0,2554.0,8716.0,gdsc:1060:0.25uM,PD0325901
435609,9657,159.0,1060.0,0.25,101,L2-D1-S,Glo,4.0,476.0,2228.0,8717.0,gdsc:1060:0.25uM,PD0325901
436081,9658,217.0,1060.0,0.25,101,L2-D1-S,Glo,4.0,476.0,2228.0,8718.0,gdsc:1060:0.25uM,PD0325901
436560,9660,159.0,1060.0,0.25,101,L2-D1-S,Glo,4.0,2130.0,3439.0,8719.0,gdsc:1060:0.25uM,PD0325901
437032,9661,217.0,1060.0,0.25,101,L2-D1-S,Glo,4.0,2130.0,3439.0,8720.0,gdsc:1060:0.25uM,PD0325901
437511,9690,159.0,1060.0,0.25,101,L2-D1-S,Glo,4.0,739.0,5329.0,8788.0,gdsc:1060:0.25uM,PD0325901
437983,9691,217.0,1060.0,0.25,101,L2-D1-S,Glo,4.0,739.0,5329.0,8789.0,gdsc:1060:0.25uM,PD0325901
438462,9703,159.0,1060.0,0.25,101,L2-D1-S,Glo,4.0,2143.0,2772.0,8792.0,gdsc:1060:0.25uM,PD0325901
438934,9704,217.0,1060.0,0.25,101,L2-D1-S,Glo,4.0,2143.0,2772.0,8793.0,gdsc:1060:0.25uM,PD0325901
439413,9713,159.0,1060.0,0.25,101,L2-D1-S,Glo,4.0,1990.0,5511.0,8794.0,gdsc:1060:0.25uM,PD0325901
439885,9715,217.0,1060.0,0.25,101,L2-D1-S,Glo,4.0,1631.0,3072.0,8795.0,gdsc:1060:0.25uM,PD0325901
440364,9722,217.0,1060.0,0.25,101,L2-D1-S,Glo,4.0,1402.0,3284.0,8796.0,gdsc:1060:0.25uM,PD0325901
440843,9724,159.0,1060.0,0.25,101,L2-D1-S,Glo,4.0,1403.0,5970.0,8797.0,gdsc:1060:0.25uM,PD0325901
441315,9725,217.0,1060.0,0.25,101,L2-D1-S,Glo,4.0,1403.0,5970.0,8798.0,gdsc:1060:0.25uM,PD0325901
441794,9727,159.0,1060.0,0.25,101,L2-D1-S,Glo,4.0,1485.0,5215.0,8799.0,gdsc:1060:0.25uM,PD0325901
442266,9728,217.0,1060.0,0.25,101,L2-D1-S,Glo,4.0,1485.0,5215.0,8800.0,gdsc:1060:0.25uM,PD0325901
442745,9732,159.0,1060.0,0.25,101,L2-D1-S,Glo,4.0,34.0,2488.0,8801.0,gdsc:1060:0.25uM,PD0325901
443217,9733,217.0,1060.0,0.25,101,L2-D1-S,Glo,4.0,34.0,2488.0,8802.0,gdsc:1060:0.25uM,PD0325901
443696,9735,159.0,1060.0,0.25,101,L2-D1-S,Glo,4.0,1225.0,3384.0,8803.0,gdsc:1060:0.25uM,PD0325901
444168,9736,217.0,1060.0,0.25,101,L2-D1-S,Glo,4.0,1225.0,3384.0,8804.0,gdsc:1060:0.25uM,PD0325901
444647,9747,159.0,1060.0,0.25,101,L2-D1-S,Glo,4.0,1490.0,2521.0,8805.0,gdsc:1060:0.25uM,PD0325901
445119,9749,217.0,1060.0,0.25,101,L2-D1-S,Glo,4.0,1066.0,4737.0,8806.0,gdsc:1060:0.25uM,PD0325901
445598,9751,159.0,1060.0,0.25,101,L2-D1-S,Glo,4.0,2193.0,2033.0,8807.0,gdsc:1060:0.25uM,PD0325901
446070,9752,217.0,1060.0,0.25,101,L2-D1-S,Glo,4.0,2193.0,2033.0,8808.0,gdsc:1060:0.25uM,PD0325901
446549,9676,217.0,1060.0,0.25,101,L2-D1-S,Glo,4.0,63.0,2300.0,8809.0,gdsc:1060:0.25uM,PD0325901
447028,9684,159.0,1060.0,0.25,101,L2-D1-S,Glo,4.0,660.0,2889.0,8828.0,gdsc:1060:0.25uM,PD0325901
447500,9685,217.0,1060.0,0.25,101,L2-D1-S,Glo,4.0,660.0,2889.0,8829.0,gdsc:1060:0.25uM,PD0325901
447979,9687,159.0,1060.0,0.25,101,L2-D1-S,Glo,4.0,1978.0,3477.0,8830.0,gdsc:1060:0.25uM,PD0325901
448451,9688,217.0,1060.0,0.25,101,L2-D1-S,Glo,4.0,1978.0,3477.0,8831.0,gdsc:1060:0.25uM,PD0325901
448930,9696,217.0,1060.0,0.25,101,L2-D1-S,Glo,4.0,1185.0,2639.0,8832.0,gdsc:1060:0.25uM,PD0325901
449409,9706,217.0,1060.0,0.25,101,L2-D1-S,Glo,4.0,330.0,2946.0,8833.0,gdsc:1060:0.25uM,PD0325901
449888,9710,159.0,1060.0,0.25,101,L2-D1-S,Glo,4.0,1012.0,3032.0,8834.0,gdsc:1060:0.25uM,PD0325901
450360,9711,217.0,1060.0,0.25,101,L2-D1-S,Glo,4.0,1012.0,3032.0,8835.0,gdsc:1060:0.25uM,PD0325901
450839,9720,217.0,1060.0,0.25,101,L2-D1-S,Glo,4.0,730.0,3253.0,8838.0,gdsc:1060:0.25uM,PD0325901
451318,9738,159.0,1060.0,0.25,101,L2-D1-S,Glo,4.0,911.0,5650.0,8839.0,gdsc:1060:0.25uM,PD0325901
451790,9739,217.0,1060.0,0.25,101,L2-D1-S,Glo,4.0,911.0,5650.0,8840.0,gdsc:1060:0.25uM,PD0325901
452269,9740,159.0,1060.0,0.25,101,L2-D1-S,Glo,4.0,2053.0,2071.0,8841.0,gdsc:1060:0.25uM,PD0325901
452741,9741,217.0,1060.0,0.25,101,L2-D1-S,Glo,4.0,2053.0,2071.0,8842.0,gdsc:1060:0.25uM,PD0325901
453220,9744,159.0,1060.0,0.25,101,L2-D1-S,Glo,4.0,864.0,2076.0,8843.0,gdsc:1060:0.25uM,PD0325901
453692,9745,217.0,1060.0,0.25,101,L2-D1-S,Glo,4.0,864.0,2076.0,8844.0,gdsc:1060:0.25uM,PD0325901
454171,9754,159.0,1060.0,0.25,101,L2-D1-S,Glo,4.0,23.0,2012.0,8845.0,gdsc:1060:0.25uM,PD0325901
454643,9755,217.0,1060.0,0.25,101,L2-D1-S,Glo,4.0,23.0,2012.0,8846.0,gdsc:1060:0.25uM,PD0325901
455122,9757,159.0,1060.0,0.25,101,L2-D1-S,Glo,4.0,562.0,2063.0,8847.0,gdsc:1060:0.25uM,PD0325901
455594,9758,217.0,1060.0,0.25,101,L2-D1-S,Glo,4.0,562.0,2063.0,8848.0,gdsc:1060:0.25uM,PD0325901
456073,9760,159.0,1060.0,0.25,101,L2-D1-S,Glo,4.0,2076.0,2089.0,8849.0,gdsc:1060:0.25uM,PD0325901
456545,9761,217.0,1060.0,0.25,101,L2-D1-S,Glo,4.0,2076.0,2089.0,8850.0,gdsc:1060:0.25uM,PD0325901
457024,9763,159.0,1060.0,0.25,101,L2-D1-S,Glo,4.0,1493.0,2545.0,8851.0,gdsc:1060:0.25uM,PD0325901
457496,9764,217.0,1060.0,0.25,101,L2-D1-S,Glo,4.0,1493.0,2545.0,8852.0,gdsc:1060:0.25uM,PD0325901
457975,9767,217.0,1060.0,0.25,101,L2-D1-S,Glo,4.0,485.0,3098.0,8853.0,gdsc:1060:0.25uM,PD0325901
458454,9769,159.0,1060.0,0.25,101,L2-D1-S,Glo,4.0,1506.0,3109.0,8854.0,gdsc:1060:0.25uM,PD0325901
458926,9770,217.0,1060.0,0.25,101,L2-D1-S,Glo,4.0,1506.0,3109.0,8855.0,gdsc:1060:0.25uM,PD0325901
459405,9772,159.0,1060.0,0.25,101,L2-D1-S,Glo,4.0,1928.0,3264.0,8856.0,gdsc:1060:0.25uM,PD0325901
459877,9773,217.0,1060.0,0.25,101,L2-D1-S,Glo,4.0,1928.0,3264.0,8857.0,gdsc:1060:0.25uM,PD0325901
460356,9775,159.0,1060.0,0.25,101,L2-D1-S,Glo,4.0,172.0,3395.0,8858.0,gdsc:1060:0.25uM,PD0325901
460828,9776,217.0,1060.0,0.25,101,L2-D1-S,Glo,4.0,172.0,3395.0,8859.0,gdsc:1060:0.25uM,PD0325901
461307,9778,159.0,1060.0,0.25,101,L2-D1-S,Glo,4.0,599.0,3077.0,8860.0,gdsc:1060:0.25uM,PD0325901
461779,9779,217.0,1060.0,0.25,101,L2-D1-S,Glo,4.0,599.0,3077.0,8861.0,gdsc:1060:0.25uM,PD0325901
462258,9781,159.0,1060.0,0.25,101,L2-D1-S,Glo,4.0,600.0,3095.0,8862.0,gdsc:1060:0.25uM,PD0325901
462730,9782,217.0,1060.0,0.25,101,L2-D1-S,Glo,4.0,600.0,3095.0,8863.0,gdsc:1060:0.25uM,PD0325901
463209,9787,159.0,1060.0,0.25,101,L2-D1-S,Glo,4.0,1186.0,2645.0,8885.0,gdsc:1060:0.25uM,PD0325901
463681,9788,217.0,1060.0,0.25,101,L2-D1-S,Glo,4.0,1186.0,2645.0,8886.0,gdsc:1060:0.25uM,PD0325901
464160,9793,159.0,1060.0,0.25,101,L2-D1-S,Glo,4.0,1676.0,3300.0,8889.0,gdsc:1060:0.25uM,PD0325901
464632,9797,159.0,1060.0,0.25,101,L2-D1-S,Glo,4.0,998.0,2202.0,8891.0,gdsc:1060:0.25uM,PD0325901
465104,9801,217.0,1060.0,0.25,101,L2-D1-S,Glo,4.0,1036.0,6009.0,8893.0,gdsc:1060:0.25uM,PD0325901
465583,9803,159.0,1060.0,0.25,101,L2-D1-S,Glo,4.0,1533.0,2931.0,8894.0,gdsc:1060:0.25uM,PD0325901
466055,9804,217.0,1060.0,0.25,101,L2-D1-S,Glo,4.0,1533.0,2931.0,8895.0,gdsc:1060:0.25uM,PD0325901
466534,9806,217.0,1060.0,0.25,101,L2-D1-S,Glo,4.0,618.0,2949.0,8896.0,gdsc:1060:0.25uM,PD0325901
467013,9814,159.0,1060.0,0.25,101,L2-D1-S,Glo,4.0,2256.0,2419.0,8900.0,gdsc:1060:0.25uM,PD0325901
467485,9815,217.0,1060.0,0.25,101,L2-D1-S,Glo,4.0,2256.0,2419.0,8901.0,gdsc:1060:0.25uM,PD0325901
467964,9817,159.0,1060.0,0.25,101,L2-D1-S,Glo,4.0,1804.0,3091.0,8902.0,gdsc:1060:0.25uM,PD0325901
468436,9818,217.0,1060.0,0.25,101,L2-D1-S,Glo,4.0,1804.0,3091.0,8903.0,gdsc:1060:0.25uM,PD0325901
468915,9822,159.0,1060.0,0.25,101,L2-D1-S,Glo,4.0,28.0,2140.0,8905.0,gdsc:1060:0.25uM,PD0325901
469387,9828,159.0,1060.0,0.25,101,L2-D1-S,Glo,4.0,1242.0,3489.0,8909.0,gdsc:1060:0.25uM,PD0325901
469859,9829,217.0,1060.0,0.25,101,L2-D1-S,Glo,4.0,1242.0,3489.0,8910.0,gdsc:1060:0.25uM,PD0325901
470338,9831,159.0,1060.0,0.25,101,L2-D1-S,Glo,4.0,1682.0,3509.0,8911.0,gdsc:1060:0.25uM,PD0325901
470810,9832,217.0,1060.0,0.25,101,L2-D1-S,Glo,4.0,1682.0,3509.0,8912.0,gdsc:1060:0.25uM,PD0325901
471289,9834,159.0,1060.0,0.25,101,L2-D1-S,Glo,4.0,1909.0,4741.0,8913.0,gdsc:1060:0.25uM,PD0325901
471761,9835,217.0,1060.0,0.25,101,L2-D1-S,Glo,4.0,1909.0,4741.0,8914.0,gdsc:1060:0.25uM,PD0325901
472240,9837,159.0,1060.0,0.25,101,L2-D1-S,Glo,4.0,1868.0,3794.0,8915.0,gdsc:1060:0.25uM,PD0325901
472712,9838,217.0,1060.0,0.25,101,L2-D1-S,Glo,4.0,1868.0,3794.0,8916.0,gdsc:1060:0.25uM,PD0325901
473191,9840,159.0,1060.0,0.25,101,L2-D1-S,Glo,4.0,1481.0,2133.0,8917.0,gdsc:1060:0.25uM,PD0325901
473663,9841,217.0,1060.0,0.25,101,L2-D1-S,Glo,4.0,1481.0,2133.0,8918.0,gdsc:1060:0.25uM,PD0325901
474142,9843,159.0,1060.0,0.25,101,L2-D1-S,Glo,4.0,1451.0,2157.0,8919.0,gdsc:1060:0.25uM,PD0325901
474614,9844,217.0,1060.0,0.25,101,L2-D1-S,Glo,4.0,1451.0,2157.0,8920.0,gdsc:1060:0.25uM,PD0325901
475093,9846,159.0,1060.0,0.25,101,L2-D1-S,Glo,4.0,1027.0,3399.0,8965.0,gdsc:1060:0.25uM,PD0325901
475565,9847,217.0,1060.0,0.25,101,L2-D1-S,Glo,4.0,1027.0,3399.0,8966.0,gdsc:1060:0.25uM,PD0325901
476044,9849,159.0,1060.0,0.25,101,L2-D1-S,Glo,4.0,433.0,2667.0,8967.0,gdsc:1060:0.25uM,PD0325901
476516,9850,217.0,1060.0,0.25,101,L2-D1-S,Glo,4.0,433.0,2667.0,8968.0,gdsc:1060:0.25uM,PD0325901
476995,9852,159.0,1060.0,0.25,101,L2-D1-S,Glo,4.0,371.0,2978.0,8969.0,gdsc:1060:0.25uM,PD0325901
477467,9853,217.0,1060.0,0.25,101,L2-D1-S,Glo,4.0,371.0,2978.0,8970.0,gdsc:1060:0.25uM,PD0325901
477946,9855,159.0,1060.0,0.25,101,L2-D1-S,Glo,4.0,703.0,2347.0,8971.0,gdsc:1060:0.25uM,PD0325901
478418,9856,217.0,1060.0,0.25,101,L2-D1-S,Glo,4.0,703.0,2347.0,8972.0,gdsc:1060:0.25uM,PD0325901
478897,9858,159.0,1060.0,0.25,101,L2-D1-S,Glo,4.0,1767.0,2080.0,8973.0,gdsc:1060:0.25uM,PD0325901
479369,9859,217.0,1060.0,0.25,101,L2-D1-S,Glo,4.0,1767.0,2080.0,8974.0,gdsc:1060:0.25uM,PD0325901
479848,9861,159.0,1060.0,0.25,101,L2-D1-S,Glo,4.0,1019.0,3791.0,8975.0,gdsc:1060:0.25uM,PD0325901
480320,9862,217.0,1060.0,0.25,101,L2-D1-S,Glo,4.0,1019.0,3791.0,8976.0,gdsc:1060:0.25uM,PD0325901
480799,9864,159.0,1060.0,0.25,101,L2-D1-S,Glo,4.0,1709.0,2390.0,8977.0,gdsc:1060:0.25uM,PD0325901
481271,9865,217.0,1060.0,0.25,101,L2-D1-S,Glo,4.0,1709.0,2390.0,8978.0,gdsc:1060:0.25uM,PD0325901
481750,9870,159.0,1060.0,0.25,101,L2-D1-S,Glo,4.0,1936.0,2416.0,8979.0,gdsc:1060:0.25uM,PD0325901
482222,9871,217.0,1060.0,0.25,101,L2-D1-S,Glo,4.0,1936.0,2416.0,8980.0,gdsc:1060:0.25uM,PD0325901
482701,9873,159.0,1060.0,0.25,101,L2-D1-S,Glo,4.0,1973.0,3021.0,8981.0,gdsc:1060:0.25uM,PD0325901
483173,9874,217.0,1060.0,0.25,101,L2-D1-S,Glo,4.0,1973.0,3021.0,8982.0,gdsc:1060:0.25uM,PD0325901
483652,9876,159.0,1060.0,0.25,101,L2-D1-S,Glo,4.0,225.0,3034.0,8983.0,gdsc:1060:0.25uM,PD0325901
484124,9877,217.0,1060.0,0.25,101,L2-D1-S,Glo,4.0,225.0,3034.0,8984.0,gdsc:1060:0.25uM,PD0325901
484603,9879,159.0,1060.0,0.25,101,L2-D1-S,Glo,4.0,746.0,3060.0,8985.0,gdsc:1060:0.25uM,PD0325901
485075,9880,217.0,1060.0,0.25,101,L2-D1-S,Glo,4.0,746.0,3060.0,8986.0,gdsc:1060:0.25uM,PD0325901
485554,9882,159.0,1060.0,0.25,101,L2-D1-S,Glo,4.0,155.0,3061.0,8987.0,gdsc:1060:0.25uM,PD0325901
486026,9883,217.0,1060.0,0.25,101,L2-D1-S,Glo,4.0,155.0,3061.0,8988.0,gdsc:1060:0.25uM,PD0325901
486505,9885,159.0,1060.0,0.25,101,L2-D1-S,Glo,4.0,12.0,2440.0,8989.0,gdsc:1060:0.25uM,PD0325901
486977,9886,217.0,1060.0,0.25,101,L2-D1-S,Glo,4.0,12.0,2440.0,8990.0,gdsc:1060:0.25uM,PD0325901
487456,9894,159.0,1060.0,0.25,101,L2-D1-S,Glo,4.0,635.0,3483.0,8993.0,gdsc:1060:0.25uM,PD0325901
487928,9895,217.0,1060.0,0.25,101,L2-D1-S,Glo,4.0,635.0,3483.0,8994.0,gdsc:1060:0.25uM,PD0325901
488407,9900,159.0,1060.0,0.25,101,L2-D1-S,Glo,4.0,874.0,2098.0,8996.0,gdsc:1060:0.25uM,PD0325901
488879,9901,217.0,1060.0,0.25,101,L2-D1-S,Glo,4.0,874.0,2098.0,8997.0,gdsc:1060:0.25uM,PD0325901
489358,9903,159.0,1060.0,0.25,101,L2-D1-S,Glo,4.0,156.0,2128.0,8998.0,gdsc:1060:0.25uM,PD0325901
489830,9904,217.0,1060.0,0.25,101,L2-D1-S,Glo,4.0,156.0,2128.0,8999.0,gdsc:1060:0.25uM,PD0325901
490309,9909,159.0,1060.0,0.25,101,L2-D1-S,Glo,4.0,1286.0,5514.0,9002.0,gdsc:1060:0.25uM,PD0325901
490781,9910,217.0,1060.0,0.25,101,L2-D1-S,Glo,4.0,1286.0,5514.0,9003.0,gdsc:1060:0.25uM,PD0325901
491260,9912,159.0,1060.0,0.25,101,L2-D1-S,Glo,4.0,2046.0,2561.0,9004.0,gdsc:1060:0.25uM,PD0325901
491732,9913,217.0,1060.0,0.25,101,L2-D1-S,Glo,4.0,2046.0,2561.0,9005.0,gdsc:1060:0.25uM,PD0325901
492211,9915,159.0,1060.0,0.25,101,L2-D1-S,Glo,4.0,5.0,2221.0,9006.0,gdsc:1060:0.25uM,PD0325901
492683,9916,217.0,1060.0,0.25,101,L2-D1-S,Glo,4.0,5.0,2221.0,9007.0,gdsc:1060:0.25uM,PD0325901
493162,9918,159.0,1060.0,0.25,101,L2-D1-S,Glo,4.0,6.0,2227.0,9008.0,gdsc:1060:0.25uM,PD0325901
493634,9919,217.0,1060.0,0.25,101,L2-D1-S,Glo,4.0,6.0,2227.0,9009.0,gdsc:1060:0.25uM,PD0325901
494113,9921,159.0,1060.0,0.25,101,L2-D1-S,Glo,4.0,7.0,2229.0,9010.0,gdsc:1060:0.25uM,PD0325901
494585,9922,217.0,1060.0,0.25,101,L2-D1-S,Glo,4.0,7.0,2229.0,9011.0,gdsc:1060:0.25uM,PD0325901
495064,9924,159.0,1060.0,0.25,101,L2-D1-S,Glo,4.0,549.0,2237.0,9012.0,gdsc:1060:0.25uM,PD0325901
495536,9925,217.0,1060.0,0.25,101,L2-D1-S,Glo,4.0,549.0,2237.0,9013.0,gdsc:1060:0.25uM,PD0325901
496015,9940,159.0,1060.0,0.25,101,L2-D1-S,Glo,4.0,883.0,2794.0,9050.0,gdsc:1060:0.25uM,PD0325901
496487,9941,217.0,1060.0,0.25,101,L2-D1-S,Glo,4.0,883.0,2794.0,9051.0,gdsc:1060:0.25uM,PD0325901
496966,9948,217.0,1060.0,0.25,101,L2-D1-S,Glo,4.0,995.0,4308.0,9055.0,gdsc:1060:0.25uM,PD0325901
497445,9953,159.0,1060.0,0.25,101,L2-D1-S,Glo,4.0,1570.0,3323.0,9056.0,gdsc:1060:0.25uM,PD0325901
497917,9954,217.0,1060.0,0.25,101,L2-D1-S,Glo,4.0,1570.0,3323.0,9057.0,gdsc:1060:0.25uM,PD0325901
498396,9956,159.0,1060.0,0.25,101,L2-D1-S,Glo,4.0,452.0,3338.0,9058.0,gdsc:1060:0.25uM,PD0325901
498868,9957,217.0,1060.0,0.25,101,L2-D1-S,Glo,4.0,452.0,3338.0,9059.0,gdsc:1060:0.25uM,PD0325901
499347,9961,159.0,1060.0,0.25,101,L2-D1-S,Glo,4.0,208.0,5649.0,9060.0,gdsc:1060:0.25uM,PD0325901
499819,9962,217.0,1060.0,0.25,101,L2-D1-S,Glo,4.0,208.0,5649.0,9061.0,gdsc:1060:0.25uM,PD0325901
500298,9964,159.0,1060.0,0.25,101,L2-D1-S,Glo,4.0,941.0,3432.0,9062.0,gdsc:1060:0.25uM,PD0325901
500770,9965,217.0,1060.0,0.25,101,L2-D1-S,Glo,4.0,941.0,3432.0,9063.0,gdsc:1060:0.25uM,PD0325901
501249,9969,159.0,1060.0,0.25,101,L2-D1-S,Glo,4.0,999.0,2067.0,9065.0,gdsc:1060:0.25uM,PD0325901
501721,9970,217.0,1060.0,0.25,101,L2-D1-S,Glo,4.0,999.0,2067.0,9066.0,gdsc:1060:0.25uM,PD0325901
502200,9978,159.0,1060.0,0.25,101,L2-D1-S,Glo,4.0,786.0,2156.0,9069.0,gdsc:1060:0.25uM,PD0325901
502672,9979,217.0,1060.0,0.25,101,L2-D1-S,Glo,4.0,786.0,2156.0,9070.0,gdsc:1060:0.25uM,PD0325901
503151,9981,159.0,1060.0,0.25,101,L2-D1-S,Glo,4.0,2049.0,2597.0,9071.0,gdsc:1060:0.25uM,PD0325901
503623,9982,217.0,1060.0,0.25,101,L2-D1-S,Glo,4.0,2049.0,2597.0,9072.0,gdsc:1060:0.25uM,PD0325901
504102,9984,159.0,1060.0,0.25,101,L2-D1-S,Glo,4.0,889.0,2834.0,9073.0,gdsc:1060:0.25uM,PD0325901
504574,9985,217.0,1060.0,0.25,101,L2-D1-S,Glo,4.0,889.0,2834.0,9074.0,gdsc:1060:0.25uM,PD0325901
505053,9988,159.0,1060.0,0.25,101,L2-D1-S,Glo,4.0,51.0,2726.0,9075.0,gdsc:1060:0.25uM,PD0325901
505525,9989,217.0,1060.0,0.25,101,L2-D1-S,Glo,4.0,51.0,2726.0,9076.0,gdsc:1060:0.25uM,PD0325901
506004,9994,159.0,1060.0,0.25,101,L2-D1-S,Glo,4.0,1761.0,2014.0,9079.0,gdsc:1060:0.25uM,PD0325901
506476,9995,217.0,1060.0,0.25,101,L2-D1-S,Glo,4.0,1761.0,2014.0,9080.0,gdsc:1060:0.25uM,PD0325901
506955,10000,159.0,1060.0,0.25,101,L2-D1-S,Glo,4.0,743.0,2795.0,9107.0,gdsc:1060:0.25uM,PD0325901
507427,10001,217.0,1060.0,0.25,101,L2-D1-S,Glo,4.0,743.0,2795.0,9108.0,gdsc:1060:0.25uM,PD0325901
507906,10003,217.0,1060.0,0.25,101,L2-D1-S,Glo,4.0,604.0,2325.0,9109.0,gdsc:1060:0.25uM,PD0325901
508385,10008,217.0,1060.0,0.25,101,L2-D1-S,Glo,4.0,28.0,2140.0,9110.0,gdsc:1060:0.25uM,PD0325901
508864,10017,217.0,1060.0,0.25,101,L2-D1-S,Glo,4.0,1151.0,2424.0,9114.0,gdsc:1060:0.25uM,PD0325901
509343,10019,159.0,1060.0,0.25,101,L2-D1-S,Glo,4.0,292.0,2621.0,9115.0,gdsc:1060:0.25uM,PD0325901
509815,10020,217.0,1060.0,0.25,101,L2-D1-S,Glo,4.0,292.0,2621.0,9116.0,gdsc:1060:0.25uM,PD0325901
510294,10022,159.0,1060.0,0.25,101,L2-D1-S,Glo,4.0,453.0,2341.0,9117.0,gdsc:1060:0.25uM,PD0325901
510766,10023,217.0,1060.0,0.25,101,L2-D1-S,Glo,4.0,453.0,2341.0,9118.0,gdsc:1060:0.25uM,PD0325901
511245,10025,159.0,1060.0,0.25,101,L2-D1-S,Glo,4.0,873.0,2663.0,9119.0,gdsc:1060:0.25uM,PD0325901
511717,10026,217.0,1060.0,0.25,101,L2-D1-S,Glo,4.0,873.0,2663.0,9120.0,gdsc:1060:0.25uM,PD0325901
512196,10028,159.0,1060.0,0.25,101,L2-D1-S,Glo,4.0,2139.0,2372.0,9121.0,gdsc:1060:0.25uM,PD0325901
512668,10029,217.0,1060.0,0.25,101,L2-D1-S,Glo,4.0,2139.0,2372.0,9122.0,gdsc:1060:0.25uM,PD0325901
513147,10031,159.0,1060.0,0.25,101,L2-D1-S,Glo,4.0,231.0,2375.0,9123.0,gdsc:1060:0.25uM,PD0325901
513619,10032,217.0,1060.0,0.25,101,L2-D1-S,Glo,4.0,231.0,2375.0,9124.0,gdsc:1060:0.25uM,PD0325901
514098,10034,159.0,1060.0,0.25,101,L2-D1-S,Glo,4.0,55.0,2816.0,9125.0,gdsc:1060:0.25uM,PD0325901
514570,10035,217.0,1060.0,0.25,101,L2-D1-S,Glo,4.0,55.0,2816.0,9126.0,gdsc:1060:0.25uM,PD0325901
515049,10037,159.0,1060.0,0.25,101,L2-D1-S,Glo,4.0,913.0,3333.0,9127.0,gdsc:1060:0.25uM,PD0325901
515521,10038,217.0,1060.0,0.25,101,L2-D1-S,Glo,4.0,913.0,3333.0,9128.0,gdsc:1060:0.25uM,PD0325901
516000,10040,159.0,1060.0,0.25,101,L2-D1-S,Glo,4.0,1174.0,2706.0,9129.0,gdsc:1060:0.25uM,PD0325901
516472,10041,217.0,1060.0,0.25,101,L2-D1-S,Glo,4.0,1174.0,2706.0,9130.0,gdsc:1060:0.25uM,PD0325901
516951,10043,159.0,1060.0,0.25,101,L2-D1-S,Glo,4.0,347.0,2983.0,9131.0,gdsc:1060:0.25uM,PD0325901
517423,10044,217.0,1060.0,0.25,101,L2-D1-S,Glo,4.0,347.0,2983.0,9132.0,gdsc:1060:0.25uM,PD0325901
517902,10046,159.0,1060.0,0.25,101,L2-D1-S,Glo,4.0,363.0,2302.0,9133.0,gdsc:1060:0.25uM,PD0325901
518374,10047,217.0,1060.0,0.25,101,L2-D1-S,Glo,4.0,363.0,2302.0,9134.0,gdsc:1060:0.25uM,PD0325901
518853,10049,159.0,1060.0,0.25,101,L2-D1-S,Glo,4.0,485.0,3098.0,9135.0,gdsc:1060:0.25uM,PD0325901
519325,10051,159.0,1060.0,0.25,101,L2-D1-S,Glo,4.0,1583.0,3244.0,9136.0,gdsc:1060:0.25uM,PD0325901
519797,10052,217.0,1060.0,0.25,101,L2-D1-S,Glo,4.0,1583.0,3244.0,9137.0,gdsc:1060:0.25uM,PD0325901
520276,10054,159.0,1060.0,0.25,101,L2-D1-S,Glo,4.0,1753.0,2236.0,9138.0,gdsc:1060:0.25uM,PD0325901
520748,10055,217.0,1060.0,0.25,101,L2-D1-S,Glo,4.0,1753.0,2236.0,9139.0,gdsc:1060:0.25uM,PD0325901
521227,10059,217.0,1060.0,0.25,101,L2-D1-S,Glo,4.0,737.0,3344.0,9185.0,gdsc:1060:0.25uM,PD0325901
521706,10061,159.0,1060.0,0.25,101,L2-D1-S,Glo,4.0,1184.0,2633.0,9186.0,gdsc:1060:0.25uM,PD0325901
522178,10062,217.0,1060.0,0.25,101,L2-D1-S,Glo,4.0,1184.0,2633.0,9187.0,gdsc:1060:0.25uM,PD0325901
522657,10067,217.0,1060.0,0.25,101,L2-D1-S,Glo,4.0,1807.0,3005.0,9188.0,gdsc:1060:0.25uM,PD0325901
523136,10069,159.0,1060.0,0.25,101,L2-D1-S,Glo,4.0,764.0,2411.0,9189.0,gdsc:1060:0.25uM,PD0325901
523608,10070,217.0,1060.0,0.25,101,L2-D1-S,Glo,4.0,764.0,2411.0,9190.0,gdsc:1060:0.25uM,PD0325901
524087,10077,159.0,1060.0,0.25,101,L2-D1-S,Glo,4.0,2169.0,2135.0,9192.0,gdsc:1060:0.25uM,PD0325901
524559,10078,217.0,1060.0,0.25,101,L2-D1-S,Glo,4.0,2169.0,2135.0,9193.0,gdsc:1060:0.25uM,PD0325901
525038,10082,159.0,1060.0,0.25,101,L2-D1-S,Glo,4.0,603.0,2318.0,9194.0,gdsc:1060:0.25uM,PD0325901
525510,10083,217.0,1060.0,0.25,101,L2-D1-S,Glo,4.0,603.0,2318.0,9195.0,gdsc:1060:0.25uM,PD0325901
525989,10085,159.0,1060.0,0.25,101,L2-D1-S,Glo,4.0,1204.0,3033.0,9196.0,gdsc:1060:0.25uM,PD0325901
526461,10088,159.0,1060.0,0.25,101,L2-D1-S,Glo,4.0,585.0,3133.0,9198.0,gdsc:1060:0.25uM,PD0325901
526933,10089,217.0,1060.0,0.25,101,L2-D1-S,Glo,4.0,585.0,3133.0,9199.0,gdsc:1060:0.25uM,PD0325901
527412,10100,159.0,1060.0,0.25,101,L2-D1-S,Glo,4.0,1035.0,2655.0,9202.0,gdsc:1060:0.25uM,PD0325901
527884,10101,217.0,1060.0,0.25,101,L2-D1-S,Glo,4.0,1035.0,2655.0,9203.0,gdsc:1060:0.25uM,PD0325901
528363,10103,159.0,1060.0,0.25,101,L2-D1-S,Glo,4.0,473.0,2658.0,9204.0,gdsc:1060:0.25uM,PD0325901
528835,10104,217.0,1060.0,0.25,101,L2-D1-S,Glo,4.0,473.0,2658.0,9205.0,gdsc:1060:0.25uM,PD0325901
529314,10106,159.0,1060.0,0.25,101,L2-D1-S,Glo,4.0,1897.0,3736.0,9206.0,gdsc:1060:0.25uM,PD0325901
529786,10107,217.0,1060.0,0.25,101,L2-D1-S,Glo,4.0,1897.0,3736.0,9207.0,gdsc:1060:0.25uM,PD0325901
530265,10112,159.0,1060.0,0.25,101,L2-D1-S,Glo,4.0,581.0,2664.0,9208.0,gdsc:1060:0.25uM,PD0325901
530737,10113,217.0,1060.0,0.25,101,L2-D1-S,Glo,4.0,581.0,2664.0,9209.0,gdsc:1060:0.25uM,PD0325901
531216,10115,159.0,1060.0,0.25,101,L2-D1-S,Glo,4.0,1786.0,2669.0,9210.0,gdsc:1060:0.25uM,PD0325901
531688,10116,217.0,1060.0,0.25,101,L2-D1-S,Glo,4.0,1786.0,2669.0,9211.0,gdsc:1060:0.25uM,PD0325901
532167,10121,159.0,1060.0,0.25,101,L2-D1-S,Glo,4.0,325.0,2385.0,9212.0,gdsc:1060:0.25uM,PD0325901
532639,10122,217.0,1060.0,0.25,101,L2-D1-S,Glo,4.0,325.0,2385.0,9213.0,gdsc:1060:0.25uM,PD0325901
533118,10124,159.0,1060.0,0.25,101,L2-D1-S,Glo,4.0,1414.0,2387.0,9214.0,gdsc:1060:0.25uM,PD0325901
533590,10125,217.0,1060.0,0.25,101,L2-D1-S,Glo,4.0,1414.0,2387.0,9215.0,gdsc:1060:0.25uM,PD0325901
534069,10129,159.0,1060.0,0.25,101,L2-D1-S,Glo,4.0,1551.0,2762.0,9216.0,gdsc:1060:0.25uM,PD0325901
534541,10135,159.0,1060.0,0.25,101,L2-D1-S,Glo,4.0,643.0,3478.0,9218.0,gdsc:1060:0.25uM,PD0325901
535013,10136,217.0,1060.0,0.25,101,L2-D1-S,Glo,4.0,643.0,3478.0,9219.0,gdsc:1060:0.25uM,PD0325901
535492,10138,159.0,1060.0,0.25,101,L2-D1-S,Glo,4.0,862.0,2050.0,9220.0,gdsc:1060:0.25uM,PD0325901
535964,10139,217.0,1060.0,0.25,101,L2-D1-S,Glo,4.0,862.0,2050.0,9221.0,gdsc:1060:0.25uM,PD0325901
536443,10150,217.0,1060.0,0.25,101,L2-D1-S,Glo,4.0,160.0,2579.0,9225.0,gdsc:1060:0.25uM,PD0325901
536922,10158,217.0,1060.0,0.25,101,L2-D1-S,Glo,4.0,1919.0,2680.0,9230.0,gdsc:1060:0.25uM,PD0325901
537401,10160,159.0,1060.0,0.25,101,L2-D1-S,Glo,4.0,293.0,2685.0,9231.0,gdsc:1060:0.25uM,PD0325901
537873,10161,217.0,1060.0,0.25,101,L2-D1-S,Glo,4.0,293.0,2685.0,9232.0,gdsc:1060:0.25uM,PD0325901
538352,10163,159.0,1060.0,0.25,101,L2-D1-S,Glo,4.0,704.0,2382.0,9233.0,gdsc:1060:0.25uM,PD0325901
538824,10164,217.0,1060.0,0.25,101,L2-D1-S,Glo,4.0,704.0,2382.0,9234.0,gdsc:1060:0.25uM,PD0325901
539303,10168,159.0,1060.0,0.25,101,L2-D1-S,Glo,4.0,937.0,2785.0,9235.0,gdsc:1060:0.25uM,PD0325901
539775,10169,217.0,1060.0,0.25,101,L2-D1-S,Glo,4.0,937.0,2785.0,9236.0,gdsc:1060:0.25uM,PD0325901
540254,10171,217.0,1060.0,0.25,101,L2-D1-S,Glo,4.0,1309.0,2053.0,9237.0,gdsc:1060:0.25uM,PD0325901
540733,10173,159.0,1060.0,0.25,101,L2-D1-S,Glo,4.0,269.0,2149.0,9238.0,gdsc:1060:0.25uM,PD0325901
541205,10174,217.0,1060.0,0.25,101,L2-D1-S,Glo,4.0,269.0,2149.0,9239.0,gdsc:1060:0.25uM,PD0325901
541684,10176,159.0,1060.0,0.25,101,L2-D1-S,Glo,4.0,1072.0,2329.0,9240.0,gdsc:1060:0.25uM,PD0325901
542156,10177,217.0,1060.0,0.25,101,L2-D1-S,Glo,4.0,1072.0,2329.0,9241.0,gdsc:1060:0.25uM,PD0325901
542635,10179,159.0,1060.0,0.25,101,L2-D1-S,Glo,4.0,611.0,2370.0,9242.0,gdsc:1060:0.25uM,PD0325901
543107,10182,159.0,1060.0,0.25,101,L2-D1-S,Glo,4.0,613.0,2381.0,9244.0,gdsc:1060:0.25uM,PD0325901
543579,10183,217.0,1060.0,0.25,101,L2-D1-S,Glo,4.0,613.0,2381.0,9245.0,gdsc:1060:0.25uM,PD0325901
544058,10185,159.0,1060.0,0.25,101,L2-D1-S,Glo,4.0,164.0,2708.0,9246.0,gdsc:1060:0.25uM,PD0325901
544530,10186,217.0,1060.0,0.25,101,L2-D1-S,Glo,4.0,164.0,2708.0,9247.0,gdsc:1060:0.25uM,PD0325901
545009,10188,159.0,1060.0,0.25,101,L2-D1-S,Glo,4.0,245.0,2388.0,9248.0,gdsc:1060:0.25uM,PD0325901
545481,10189,217.0,1060.0,0.25,101,L2-D1-S,Glo,4.0,245.0,2388.0,9249.0,gdsc:1060:0.25uM,PD0325901
545960,10191,159.0,1060.0,0.25,101,L2-D1-S,Glo,4.0,1981.0,2709.0,9250.0,gdsc:1060:0.25uM,PD0325901
546432,10192,217.0,1060.0,0.25,101,L2-D1-S,Glo,4.0,1981.0,2709.0,9251.0,gdsc:1060:0.25uM,PD0325901
546911,10194,159.0,1060.0,0.25,101,L2-D1-S,Glo,4.0,52.0,2735.0,9252.0,gdsc:1060:0.25uM,PD0325901
547383,10195,217.0,1060.0,0.25,101,L2-D1-S,Glo,4.0,52.0,2735.0,9253.0,gdsc:1060:0.25uM,PD0325901
547862,10197,159.0,1060.0,0.25,101,L2-D1-S,Glo,4.0,882.0,2736.0,9254.0,gdsc:1060:0.25uM,PD0325901
548334,10198,217.0,1060.0,0.25,101,L2-D1-S,Glo,4.0,882.0,2736.0,9255.0,gdsc:1060:0.25uM,PD0325901
548813,10200,159.0,1060.0,0.25,101,L2-D1-S,Glo,4.0,93.0,2742.0,9256.0,gdsc:1060:0.25uM,PD0325901
549285,10201,217.0,1060.0,0.25,101,L2-D1-S,Glo,4.0,93.0,2742.0,9257.0,gdsc:1060:0.25uM,PD0325901
549764,10203,159.0,1060.0,0.25,101,L2-D1-S,Glo,4.0,783.0,2798.0,9258.0,gdsc:1060:0.25uM,PD0325901
550236,10204,217.0,1060.0,0.25,101,L2-D1-S,Glo,4.0,783.0,2798.0,9259.0,gdsc:1060:0.25uM,PD0325901
550715,10206,159.0,1060.0,0.25,101,L2-D1-S,Glo,4.0,2084.0,4949.0,9260.0,gdsc:1060:0.25uM,PD0325901
551187,10209,159.0,1060.0,0.25,101,L2-D1-S,Glo,4.0,706.0,2828.0,9262.0,gdsc:1060:0.25uM,PD0325901
551659,10210,217.0,1060.0,0.25,101,L2-D1-S,Glo,4.0,706.0,2828.0,9263.0,gdsc:1060:0.25uM,PD0325901
552138,10212,159.0,1060.0,0.25,101,L2-D1-S,Glo,4.0,207.0,3119.0,9264.0,gdsc:1060:0.25uM,PD0325901
552610,10213,217.0,1060.0,0.25,101,L2-D1-S,Glo,4.0,207.0,3119.0,9265.0,gdsc:1060:0.25uM,PD0325901
553089,10217,159.0,1060.0,0.25,101,L2-D1-S,Glo,4.0,350.0,2751.0,9266.0,gdsc:1060:0.25uM,PD0325901
553561,10218,217.0,1060.0,0.25,101,L2-D1-S,Glo,4.0,350.0,2751.0,9267.0,gdsc:1060:0.25uM,PD0325901
554040,10146,159.0,1060.0,0.25,101,L2-D1-S,Glo,4.0,550.0,2247.0,9268.0,gdsc:1060:0.25uM,PD0325901
554512,10147,217.0,1060.0,0.25,101,L2-D1-S,Glo,4.0,550.0,2247.0,9269.0,gdsc:1060:0.25uM,PD0325901
554991,10149,159.0,1060.0,0.25,101,L2-D1-S,Glo,4.0,160.0,2579.0,9270.0,gdsc:1060:0.25uM,PD0325901
555463,10232,217.0,1060.0,0.25,101,L2-D1-S,Glo,4.0,1204.0,3033.0,9329.0,gdsc:1060:0.25uM,PD0325901
555942,10237,159.0,1060.0,0.25,101,L2-D1-S,Glo,4.0,1151.0,2424.0,9330.0,gdsc:1060:0.25uM,PD0325901
556414,10239,159.0,1060.0,0.25,101,L2-D1-S,Glo,4.0,1527.0,2344.0,9331.0,gdsc:1060:0.25uM,PD0325901
556886,10240,217.0,1060.0,0.25,101,L2-D1-S,Glo,4.0,1527.0,2344.0,9332.0,gdsc:1060:0.25uM,PD0325901
557365,10242,159.0,1060.0,0.25,101,L2-D1-S,Glo,4.0,1339.0,2356.0,9333.0,gdsc:1060:0.25uM,PD0325901
557837,10243,217.0,1060.0,0.25,101,L2-D1-S,Glo,4.0,1339.0,2356.0,9334.0,gdsc:1060:0.25uM,PD0325901
558316,10245,159.0,1060.0,0.25,101,L2-D1-S,Glo,4.0,900.0,2357.0,9335.0,gdsc:1060:0.25uM,PD0325901
558788,10248,159.0,1060.0,0.25,101,L2-D1-S,Glo,4.0,303.0,2673.0,9337.0,gdsc:1060:0.25uM,PD0325901
559260,10249,217.0,1060.0,0.25,101,L2-D1-S,Glo,4.0,303.0,2673.0,9338.0,gdsc:1060:0.25uM,PD0325901
559739,10251,159.0,1060.0,0.25,101,L2-D1-S,Glo,4.0,2232.0,3800.0,9339.0,gdsc:1060:0.25uM,PD0325901
560211,10252,217.0,1060.0,0.25,101,L2-D1-S,Glo,4.0,2232.0,3800.0,9340.0,gdsc:1060:0.25uM,PD0325901
560690,10254,159.0,1060.0,0.25,101,L2-D1-S,Glo,4.0,1919.0,2680.0,9341.0,gdsc:1060:0.25uM,PD0325901
561162,10256,159.0,1060.0,0.25,101,L2-D1-S,Glo,4.0,426.0,2681.0,9342.0,gdsc:1060:0.25uM,PD0325901
561634,10257,217.0,1060.0,0.25,101,L2-D1-S,Glo,4.0,426.0,2681.0,9343.0,gdsc:1060:0.25uM,PD0325901
562113,10259,217.0,1060.0,0.25,101,L2-D1-S,Glo,4.0,611.0,2370.0,9344.0,gdsc:1060:0.25uM,PD0325901
562592,10261,159.0,1060.0,0.25,101,L2-D1-S,Glo,4.0,591.0,2737.0,9345.0,gdsc:1060:0.25uM,PD0325901
563064,10262,217.0,1060.0,0.25,101,L2-D1-S,Glo,4.0,591.0,2737.0,9346.0,gdsc:1060:0.25uM,PD0325901
563543,10264,159.0,1060.0,0.25,101,L2-D1-S,Glo,4.0,2254.0,2738.0,9347.0,gdsc:1060:0.25uM,PD0325901
564015,10265,217.0,1060.0,0.25,101,L2-D1-S,Glo,4.0,2254.0,2738.0,9348.0,gdsc:1060:0.25uM,PD0325901
564494,10267,159.0,1060.0,0.25,101,L2-D1-S,Glo,4.0,309.0,2739.0,9349.0,gdsc:1060:0.25uM,PD0325901
564966,10268,217.0,1060.0,0.25,101,L2-D1-S,Glo,4.0,309.0,2739.0,9350.0,gdsc:1060:0.25uM,PD0325901
565445,10270,159.0,1060.0,0.25,101,L2-D1-S,Glo,4.0,1192.0,2395.0,9351.0,gdsc:1060:0.25uM,PD0325901
565917,10271,217.0,1060.0,0.25,101,L2-D1-S,Glo,4.0,1192.0,2395.0,9352.0,gdsc:1060:0.25uM,PD0325901
566396,10275,159.0,1060.0,0.25,101,L2-D1-S,Glo,4.0,1247.0,2783.0,9354.0,gdsc:1060:0.25uM,PD0325901
566868,10276,217.0,1060.0,0.25,101,L2-D1-S,Glo,4.0,1247.0,2783.0,9355.0,gdsc:1060:0.25uM,PD0325901
567347,10281,217.0,1060.0,0.25,101,L2-D1-S,Glo,4.0,2084.0,4949.0,9356.0,gdsc:1060:0.25uM,PD0325901
567826,10283,159.0,1060.0,0.25,101,L2-D1-S,Glo,4.0,1574.0,2961.0,9357.0,gdsc:1060:0.25uM,PD0325901
568298,10284,217.0,1060.0,0.25,101,L2-D1-S,Glo,4.0,1574.0,2961.0,9358.0,gdsc:1060:0.25uM,PD0325901
568777,10289,159.0,1060.0,0.25,101,L2-D1-S,Glo,4.0,297.0,2499.0,9359.0,gdsc:1060:0.25uM,PD0325901
569249,10290,217.0,1060.0,0.25,101,L2-D1-S,Glo,4.0,297.0,2499.0,9360.0,gdsc:1060:0.25uM,PD0325901
569728,10292,159.0,1060.0,0.25,101,L2-D1-S,Glo,4.0,749.0,3437.0,9361.0,gdsc:1060:0.25uM,PD0325901
570200,10293,217.0,1060.0,0.25,101,L2-D1-S,Glo,4.0,749.0,3437.0,9362.0,gdsc:1060:0.25uM,PD0325901
570679,10295,159.0,1060.0,0.25,101,L2-D1-S,Glo,4.0,68.0,2510.0,9363.0,gdsc:1060:0.25uM,PD0325901
571151,10296,217.0,1060.0,0.25,101,L2-D1-S,Glo,4.0,68.0,2510.0,9364.0,gdsc:1060:0.25uM,PD0325901
571630,10298,159.0,1060.0,0.25,101,L2-D1-S,Glo,4.0,1272.0,2023.0,9365.0,gdsc:1060:0.25uM,PD0325901
572102,10299,217.0,1060.0,0.25,101,L2-D1-S,Glo,4.0,1272.0,2023.0,9366.0,gdsc:1060:0.25uM,PD0325901
572581,10305,217.0,1060.0,0.25,101,L2-D1-S,Glo,4.0,579.0,2544.0,9368.0,gdsc:1060:0.25uM,PD0325901
573060,10307,159.0,1060.0,0.25,101,L2-D1-S,Glo,4.0,276.0,2254.0,9369.0,gdsc:1060:0.25uM,PD0325901
573532,10308,217.0,1060.0,0.25,101,L2-D1-S,Glo,4.0,276.0,2254.0,9370.0,gdsc:1060:0.25uM,PD0325901
574011,10311,159.0,1060.0,0.25,101,L2-D1-S,Glo,4.0,1495.0,2648.0,9371.0,gdsc:1060:0.25uM,PD0325901
574483,10312,217.0,1060.0,0.25,101,L2-D1-S,Glo,4.0,1495.0,2648.0,9372.0,gdsc:1060:0.25uM,PD0325901
574962,10314,159.0,1060.0,0.25,101,L2-D1-S,Glo,4.0,1862.0,2650.0,9373.0,gdsc:1060:0.25uM,PD0325901
575434,10315,217.0,1060.0,0.25,101,L2-D1-S,Glo,4.0,1862.0,2650.0,9374.0,gdsc:1060:0.25uM,PD0325901
575913,10317,159.0,1060.0,0.25,101,L2-D1-S,Glo,4.0,934.0,3307.0,9375.0,gdsc:1060:0.25uM,PD0325901
576385,10318,217.0,1060.0,0.25,101,L2-D1-S,Glo,4.0,934.0,3307.0,9376.0,gdsc:1060:0.25uM,PD0325901
576864,10321,159.0,1060.0,0.25,101,L2-D1-S,Glo,4.0,1971.0,2731.0,9445.0,gdsc:1060:0.25uM,PD0325901
577336,10322,217.0,1060.0,0.25,101,L2-D1-S,Glo,4.0,1971.0,2731.0,9446.0,gdsc:1060:0.25uM,PD0325901
577815,10326,159.0,1060.0,0.25,101,L2-D1-S,Glo,4.0,1905.0,4020.0,9448.0,gdsc:1060:0.25uM,PD0325901
578287,10327,217.0,1060.0,0.25,101,L2-D1-S,Glo,4.0,1905.0,4020.0,9449.0,gdsc:1060:0.25uM,PD0325901
578766,10330,217.0,1060.0,0.25,101,L2-D1-S,Glo,4.0,1575.0,3311.0,9451.0,gdsc:1060:0.25uM,PD0325901
579245,10336,217.0,1060.0,0.25,101,L2-D1-S,Glo,4.0,294.0,2710.0,9455.0,gdsc:1060:0.25uM,PD0325901
579724,10338,159.0,1060.0,0.25,101,L2-D1-S,Glo,4.0,219.0,2291.0,9456.0,gdsc:1060:0.25uM,PD0325901
580196,10339,217.0,1060.0,0.25,101,L2-D1-S,Glo,4.0,219.0,2291.0,9457.0,gdsc:1060:0.25uM,PD0325901
580675,10351,159.0,1060.0,0.25,101,L2-D1-S,Glo,4.0,22.0,2608.0,9464.0,gdsc:1060:0.25uM,PD0325901
581147,10352,217.0,1060.0,0.25,101,L2-D1-S,Glo,4.0,22.0,2608.0,9465.0,gdsc:1060:0.25uM,PD0325901
581626,10354,159.0,1060.0,0.25,101,L2-D1-S,Glo,4.0,1752.0,2211.0,9466.0,gdsc:1060:0.25uM,PD0325901
582098,10355,217.0,1060.0,0.25,101,L2-D1-S,Glo,4.0,1752.0,2211.0,9467.0,gdsc:1060:0.25uM,PD0325901
582577,10363,159.0,1060.0,0.25,101,L2-D1-S,Glo,4.0,1244.0,2746.0,9472.0,gdsc:1060:0.25uM,PD0325901
583049,10366,159.0,1060.0,0.25,101,L2-D1-S,Glo,4.0,1318.0,2782.0,9474.0,gdsc:1060:0.25uM,PD0325901
583521,10367,217.0,1060.0,0.25,101,L2-D1-S,Glo,4.0,1318.0,2782.0,9475.0,gdsc:1060:0.25uM,PD0325901
584000,10369,159.0,1060.0,0.25,101,L2-D1-S,Glo,4.0,270.0,2166.0,9476.0,gdsc:1060:0.25uM,PD0325901
584472,10370,217.0,1060.0,0.25,101,L2-D1-S,Glo,4.0,270.0,2166.0,9477.0,gdsc:1060:0.25uM,PD0325901
584951,10372,159.0,1060.0,0.25,101,L2-D1-S,Glo,4.0,1454.0,2177.0,9478.0,gdsc:1060:0.25uM,PD0325901
585423,10373,217.0,1060.0,0.25,101,L2-D1-S,Glo,4.0,1454.0,2177.0,9479.0,gdsc:1060:0.25uM,PD0325901
585902,10378,159.0,1060.0,0.25,101,L2-D1-S,Glo,4.0,2108.0,4950.0,9482.0,gdsc:1060:0.25uM,PD0325901
586374,10379,217.0,1060.0,0.25,101,L2-D1-S,Glo,4.0,2108.0,4950.0,9483.0,gdsc:1060:0.25uM,PD0325901
586853,10381,159.0,1060.0,0.25,101,L2-D1-S,Glo,4.0,1759.0,2004.0,9484.0,gdsc:1060:0.25uM,PD0325901
587325,10382,217.0,1060.0,0.25,101,L2-D1-S,Glo,4.0,1759.0,2004.0,9485.0,gdsc:1060:0.25uM,PD0325901
587804,10414,217.0,1060.0,0.25,101,L2-D1-S,Glo,4.0,113.0,2269.0,9568.0,gdsc:1060:0.25uM,PD0325901
588283,10416,159.0,1060.0,0.25,101,L2-D1-S,Glo,4.0,1469.0,2598.0,9569.0,gdsc:1060:0.25uM,PD0325901
588755,10417,217.0,1060.0,0.25,101,L2-D1-S,Glo,4.0,1469.0,2598.0,9570.0,gdsc:1060:0.25uM,PD0325901
589234,10419,159.0,1060.0,0.25,101,L2-D1-S,Glo,4.0,872.0,2659.0,9571.0,gdsc:1060:0.25uM,PD0325901
589706,10420,217.0,1060.0,0.25,101,L2-D1-S,Glo,4.0,872.0,2659.0,9572.0,gdsc:1060:0.25uM,PD0325901
590185,10422,159.0,1060.0,0.25,101,L2-D1-S,Glo,4.0,322.0,2363.0,9573.0,gdsc:1060:0.25uM,PD0325901
590657,10423,217.0,1060.0,0.25,101,L2-D1-S,Glo,4.0,322.0,2363.0,9574.0,gdsc:1060:0.25uM,PD0325901
591136,10425,159.0,1060.0,0.25,101,L2-D1-S,Glo,4.0,1508.0,2724.0,9575.0,gdsc:1060:0.25uM,PD0325901
591608,10426,217.0,1060.0,0.25,101,L2-D1-S,Glo,4.0,1508.0,2724.0,9576.0,gdsc:1060:0.25uM,PD0325901
592087,10431,159.0,1060.0,0.25,101,L2-D1-S,Glo,4.0,936.0,4850.0,9577.0,gdsc:1060:0.25uM,PD0325901
592559,10432,217.0,1060.0,0.25,101,L2-D1-S,Glo,4.0,936.0,4850.0,9578.0,gdsc:1060:0.25uM,PD0325901
593038,10434,159.0,1060.0,0.25,101,L2-D1-S,Glo,4.0,1202.0,2831.0,9579.0,gdsc:1060:0.25uM,PD0325901
593510,10435,217.0,1060.0,0.25,101,L2-D1-S,Glo,4.0,1202.0,2831.0,9580.0,gdsc:1060:0.25uM,PD0325901
593989,10437,159.0,1060.0,0.25,101,L2-D1-S,Glo,4.0,365.0,2415.0,9581.0,gdsc:1060:0.25uM,PD0325901
594461,10438,217.0,1060.0,0.25,101,L2-D1-S,Glo,4.0,365.0,2415.0,9582.0,gdsc:1060:0.25uM,PD0325901
594940,10440,159.0,1060.0,0.25,101,L2-D1-S,Glo,4.0,708.0,3063.0,9583.0,gdsc:1060:0.25uM,PD0325901
595412,10441,217.0,1060.0,0.25,101,L2-D1-S,Glo,4.0,708.0,3063.0,9584.0,gdsc:1060:0.25uM,PD0325901
595891,10443,159.0,1060.0,0.25,101,L2-D1-S,Glo,4.0,1387.0,2429.0,9585.0,gdsc:1060:0.25uM,PD0325901
596363,10444,217.0,1060.0,0.25,101,L2-D1-S,Glo,4.0,1387.0,2429.0,9586.0,gdsc:1060:0.25uM,PD0325901
596842,10446,159.0,1060.0,0.25,101,L2-D1-S,Glo,4.0,583.0,3096.0,9587.0,gdsc:1060:0.25uM,PD0325901
597314,10447,217.0,1060.0,0.25,101,L2-D1-S,Glo,4.0,583.0,3096.0,9588.0,gdsc:1060:0.25uM,PD0325901
597793,10449,159.0,1060.0,0.25,101,L2-D1-S,Glo,4.0,47.0,3120.0,9589.0,gdsc:1060:0.25uM,PD0325901
598265,10455,159.0,1060.0,0.25,101,L2-D1-S,Glo,4.0,2170.0,3181.0,9591.0,gdsc:1060:0.25uM,PD0325901
598737,10456,217.0,1060.0,0.25,101,L2-D1-S,Glo,4.0,2170.0,3181.0,9592.0,gdsc:1060:0.25uM,PD0325901
599216,10458,159.0,1060.0,0.25,101,L2-D1-S,Glo,4.0,1861.0,2479.0,9593.0,gdsc:1060:0.25uM,PD0325901
599688,10459,217.0,1060.0,0.25,101,L2-D1-S,Glo,4.0,1861.0,2479.0,9594.0,gdsc:1060:0.25uM,PD0325901
600167,10461,159.0,1060.0,0.25,101,L2-D1-S,Glo,4.0,1104.0,3403.0,9595.0,gdsc:1060:0.25uM,PD0325901
600639,10462,217.0,1060.0,0.25,101,L2-D1-S,Glo,4.0,1104.0,3403.0,9596.0,gdsc:1060:0.25uM,PD0325901
601118,10464,159.0,1060.0,0.25,101,L2-D1-S,Glo,4.0,112.0,3449.0,9597.0,gdsc:1060:0.25uM,PD0325901
601590,10465,217.0,1060.0,0.25,101,L2-D1-S,Glo,4.0,112.0,3449.0,9598.0,gdsc:1060:0.25uM,PD0325901
602069,10467,159.0,1060.0,0.25,101,L2-D1-S,Glo,4.0,560.0,2011.0,9599.0,gdsc:1060:0.25uM,PD0325901
602541,10468,217.0,1060.0,0.25,101,L2-D1-S,Glo,4.0,560.0,2011.0,9600.0,gdsc:1060:0.25uM,PD0325901
603020,10473,159.0,1060.0,0.25,101,L2-D1-S,Glo,4.0,1179.0,2523.0,9601.0,gdsc:1060:0.25uM,PD0325901
603492,10474,217.0,1060.0,0.25,101,L2-D1-S,Glo,4.0,1179.0,2523.0,9602.0,gdsc:1060:0.25uM,PD0325901
603971,10477,217.0,1060.0,0.25,101,L2-D1-S,Glo,4.0,290.0,2127.0,9604.0,gdsc:1060:0.25uM,PD0325901
604450,10479,159.0,1060.0,0.25,101,L2-D1-S,Glo,4.0,1401.0,2563.0,9605.0,gdsc:1060:0.25uM,PD0325901
604922,10480,217.0,1060.0,0.25,101,L2-D1-S,Glo,4.0,1401.0,2563.0,9606.0,gdsc:1060:0.25uM,PD0325901
605401,10485,159.0,1060.0,0.25,101,L2-D1-S,Glo,4.0,468.0,2566.0,9609.0,gdsc:1060:0.25uM,PD0325901
605873,10486,217.0,1060.0,0.25,101,L2-D1-S,Glo,4.0,468.0,2566.0,9610.0,gdsc:1060:0.25uM,PD0325901
606352,10488,159.0,1060.0,0.25,101,L2-D1-S,Glo,4.0,310.0,2814.0,9611.0,gdsc:1060:0.25uM,PD0325901
606824,10489,217.0,1060.0,0.25,101,L2-D1-S,Glo,4.0,310.0,2814.0,9612.0,gdsc:1060:0.25uM,PD0325901
607303,10491,159.0,1060.0,0.25,101,L2-D1-S,Glo,4.0,579.0,2544.0,9613.0,gdsc:1060:0.25uM,PD0325901
607775,10493,159.0,1060.0,0.25,101,L2-D1-S,Glo,4.0,1312.0,2556.0,9614.0,gdsc:1060:0.25uM,PD0325901
608247,10494,217.0,1060.0,0.25,101,L2-D1-S,Glo,4.0,1312.0,2556.0,9615.0,gdsc:1060:0.25uM,PD0325901
608726,10500,159.0,1060.0,0.25,101,L2-D1-S,Glo,4.0,2058.0,2130.0,9616.0,gdsc:1060:0.25uM,PD0325901
609198,10501,217.0,1060.0,0.25,101,L2-D1-S,Glo,4.0,2058.0,2130.0,9617.0,gdsc:1060:0.25uM,PD0325901
609677,10503,159.0,1060.0,0.25,101,L2-D1-S,Glo,4.0,1369.0,2422.0,9618.0,gdsc:1060:0.25uM,PD0325901
610149,10504,217.0,1060.0,0.25,101,L2-D1-S,Glo,4.0,1369.0,2422.0,9619.0,gdsc:1060:0.25uM,PD0325901
610628,10507,217.0,1060.0,0.25,101,L2-D1-S,Glo,4.0,218.0,2584.0,9665.0,gdsc:1060:0.25uM,PD0325901
611107,10514,159.0,1060.0,0.25,101,L2-D1-S,Glo,4.0,799.0,2359.0,9667.0,gdsc:1060:0.25uM,PD0325901
611579,10515,217.0,1060.0,0.25,101,L2-D1-S,Glo,4.0,799.0,2359.0,9668.0,gdsc:1060:0.25uM,PD0325901
612058,10517,159.0,1060.0,0.25,101,L2-D1-S,Glo,4.0,1497.0,2674.0,9669.0,gdsc:1060:0.25uM,PD0325901
612530,10518,217.0,1060.0,0.25,101,L2-D1-S,Glo,4.0,1497.0,2674.0,9670.0,gdsc:1060:0.25uM,PD0325901
613009,10523,159.0,1060.0,0.25,101,L2-D1-S,Glo,4.0,1992.0,2743.0,9673.0,gdsc:1060:0.25uM,PD0325901
613481,10529,159.0,1060.0,0.25,101,L2-D1-S,Glo,4.0,406.0,3030.0,9675.0,gdsc:1060:0.25uM,PD0325901
613953,10530,217.0,1060.0,0.25,101,L2-D1-S,Glo,4.0,406.0,3030.0,9676.0,gdsc:1060:0.25uM,PD0325901
614432,10532,159.0,1060.0,0.25,101,L2-D1-S,Glo,4.0,958.0,3295.0,9677.0,gdsc:1060:0.25uM,PD0325901
614904,10533,217.0,1060.0,0.25,101,L2-D1-S,Glo,4.0,958.0,3295.0,9678.0,gdsc:1060:0.25uM,PD0325901
615383,10537,159.0,1060.0,0.25,101,L2-D1-S,Glo,4.0,2052.0,2037.0,9679.0,gdsc:1060:0.25uM,PD0325901
615855,10538,217.0,1060.0,0.25,101,L2-D1-S,Glo,4.0,2052.0,2037.0,9680.0,gdsc:1060:0.25uM,PD0325901
616334,10540,159.0,1060.0,0.25,101,L2-D1-S,Glo,4.0,25.0,2051.0,9681.0,gdsc:1060:0.25uM,PD0325901
616806,10541,217.0,1060.0,0.25,101,L2-D1-S,Glo,4.0,25.0,2051.0,9682.0,gdsc:1060:0.25uM,PD0325901
617285,10543,159.0,1060.0,0.25,101,L2-D1-S,Glo,4.0,1479.0,2085.0,9683.0,gdsc:1060:0.25uM,PD0325901
617757,10544,217.0,1060.0,0.25,101,L2-D1-S,Glo,4.0,1479.0,2085.0,9684.0,gdsc:1060:0.25uM,PD0325901
618236,10546,159.0,1060.0,0.25,101,L2-D1-S,Glo,4.0,130.0,2143.0,9685.0,gdsc:1060:0.25uM,PD0325901
618708,10547,217.0,1060.0,0.25,101,L2-D1-S,Glo,4.0,130.0,2143.0,9686.0,gdsc:1060:0.25uM,PD0325901
619187,10549,159.0,1060.0,0.25,101,L2-D1-S,Glo,4.0,1559.0,2539.0,9687.0,gdsc:1060:0.25uM,PD0325901
619659,10550,217.0,1060.0,0.25,101,L2-D1-S,Glo,4.0,1559.0,2539.0,9688.0,gdsc:1060:0.25uM,PD0325901
620138,10552,159.0,1060.0,0.25,101,L2-D1-S,Glo,4.0,1000.0,2272.0,9689.0,gdsc:1060:0.25uM,PD0325901
620610,10553,217.0,1060.0,0.25,101,L2-D1-S,Glo,4.0,1000.0,2272.0,9690.0,gdsc:1060:0.25uM,PD0325901
621089,10555,159.0,1060.0,0.25,101,L2-D1-S,Glo,4.0,311.0,2823.0,9691.0,gdsc:1060:0.25uM,PD0325901
621561,10556,217.0,1060.0,0.25,101,L2-D1-S,Glo,4.0,311.0,2823.0,9692.0,gdsc:1060:0.25uM,PD0325901
622040,10561,159.0,1060.0,0.25,101,L2-D1-S,Glo,4.0,1074.0,2730.0,9693.0,gdsc:1060:0.25uM,PD0325901
622512,10562,217.0,1060.0,0.25,101,L2-D1-S,Glo,4.0,1074.0,2730.0,9694.0,gdsc:1060:0.25uM,PD0325901
622991,10564,159.0,1060.0,0.25,101,L2-D1-S,Glo,4.0,705.0,2516.0,9695.0,gdsc:1060:0.25uM,PD0325901
623463,10565,217.0,1060.0,0.25,101,L2-D1-S,Glo,4.0,705.0,2516.0,9696.0,gdsc:1060:0.25uM,PD0325901
623942,10567,159.0,1060.0,0.25,101,L2-D1-S,Glo,4.0,1790.0,2394.0,9697.0,gdsc:1060:0.25uM,PD0325901
624414,10568,217.0,1060.0,0.25,101,L2-D1-S,Glo,4.0,1790.0,2394.0,9698.0,gdsc:1060:0.25uM,PD0325901
624893,10571,217.0,1060.0,0.25,101,L2-D1-S,Glo,4.0,661.0,2698.0,9700.0,gdsc:1060:0.25uM,PD0325901
625372,10573,159.0,1060.0,0.25,101,L2-D1-S,Glo,4.0,1310.0,2163.0,9701.0,gdsc:1060:0.25uM,PD0325901
625844,10574,217.0,1060.0,0.25,101,L2-D1-S,Glo,4.0,1310.0,2163.0,9702.0,gdsc:1060:0.25uM,PD0325901
626323,10506,159.0,1060.0,0.25,101,L2-D1-S,Glo,4.0,218.0,2584.0,9703.0,gdsc:1060:0.25uM,PD0325901
626795,10582,217.0,1060.0,0.25,101,L2-D1-S,Glo,4.0,1002.0,2504.0,9745.0,gdsc:1060:0.25uM,PD0325901
627274,10584,159.0,1060.0,0.25,101,L2-D1-S,Glo,4.0,294.0,2710.0,9746.0,gdsc:1060:0.25uM,PD0325901
627746,10588,217.0,1060.0,0.25,101,L2-D1-S,Glo,4.0,1575.0,3311.0,9747.0,gdsc:1060:0.25uM,PD0325901
628225,10592,159.0,1060.0,0.25,101,L2-D1-S,Glo,4.0,1167.0,2614.0,9748.0,gdsc:1060:0.25uM,PD0325901
628697,10593,217.0,1060.0,0.25,101,L2-D1-S,Glo,4.0,1167.0,2614.0,9749.0,gdsc:1060:0.25uM,PD0325901
629176,10595,159.0,1060.0,0.25,101,L2-D1-S,Glo,4.0,1635.0,2233.0,9750.0,gdsc:1060:0.25uM,PD0325901
629648,10596,217.0,1060.0,0.25,101,L2-D1-S,Glo,4.0,1635.0,2233.0,9751.0,gdsc:1060:0.25uM,PD0325901
630127,10598,217.0,1060.0,0.25,101,L2-D1-S,Glo,4.0,1244.0,2746.0,9752.0,gdsc:1060:0.25uM,PD0325901
630606,10601,159.0,1060.0,0.25,101,L2-D1-S,Glo,4.0,1510.0,2793.0,9753.0,gdsc:1060:0.25uM,PD0325901
631078,10602,217.0,1060.0,0.25,101,L2-D1-S,Glo,4.0,1510.0,2793.0,9754.0,gdsc:1060:0.25uM,PD0325901
631557,10615,159.0,1060.0,0.25,101,L2-D1-S,Glo,4.0,610.0,2368.0,9757.0,gdsc:1060:0.25uM,PD0325901
632029,10616,217.0,1060.0,0.25,101,L2-D1-S,Glo,4.0,610.0,2368.0,9758.0,gdsc:1060:0.25uM,PD0325901
632508,10618,159.0,1060.0,0.25,101,L2-D1-S,Glo,4.0,72.0,4929.0,9759.0,gdsc:1060:0.25uM,PD0325901
632980,10619,217.0,1060.0,0.25,101,L2-D1-S,Glo,4.0,72.0,4929.0,9760.0,gdsc:1060:0.25uM,PD0325901
633459,10621,159.0,1060.0,0.25,101,L2-D1-S,Glo,4.0,1772.0,2690.0,9761.0,gdsc:1060:0.25uM,PD0325901
633931,10627,159.0,1060.0,0.25,101,L2-D1-S,Glo,4.0,331.0,2960.0,9765.0,gdsc:1060:0.25uM,PD0325901
634403,10628,217.0,1060.0,0.25,101,L2-D1-S,Glo,4.0,331.0,2960.0,9766.0,gdsc:1060:0.25uM,PD0325901
634882,10630,159.0,1060.0,0.25,101,L2-D1-S,Glo,4.0,1518.0,3080.0,9767.0,gdsc:1060:0.25uM,PD0325901
635354,10631,217.0,1060.0,0.25,101,L2-D1-S,Glo,4.0,1518.0,3080.0,9768.0,gdsc:1060:0.25uM,PD0325901
635833,10633,159.0,1060.0,0.25,101,L2-D1-S,Glo,4.0,927.0,3160.0,9769.0,gdsc:1060:0.25uM,PD0325901
636305,10634,217.0,1060.0,0.25,101,L2-D1-S,Glo,4.0,927.0,3160.0,9770.0,gdsc:1060:0.25uM,PD0325901
636784,10636,159.0,1060.0,0.25,101,L2-D1-S,Glo,4.0,1177.0,2463.0,9771.0,gdsc:1060:0.25uM,PD0325901
637256,10637,217.0,1060.0,0.25,101,L2-D1-S,Glo,4.0,1177.0,2463.0,9772.0,gdsc:1060:0.25uM,PD0325901
637735,10639,159.0,1060.0,0.25,101,L2-D1-S,Glo,4.0,674.0,3231.0,9773.0,gdsc:1060:0.25uM,PD0325901
638207,10640,217.0,1060.0,0.25,101,L2-D1-S,Glo,4.0,674.0,3231.0,9774.0,gdsc:1060:0.25uM,PD0325901
638686,10642,159.0,1060.0,0.25,101,L2-D1-S,Glo,4.0,1033.0,2471.0,9775.0,gdsc:1060:0.25uM,PD0325901
639158,10643,217.0,1060.0,0.25,101,L2-D1-S,Glo,4.0,1033.0,2471.0,9776.0,gdsc:1060:0.25uM,PD0325901
639637,10645,159.0,1060.0,0.25,101,L2-D1-S,Glo,4.0,373.0,3467.0,9777.0,gdsc:1060:0.25uM,PD0325901
640109,10646,217.0,1060.0,0.25,101,L2-D1-S,Glo,4.0,373.0,3467.0,9778.0,gdsc:1060:0.25uM,PD0325901
640588,10648,159.0,1060.0,0.25,101,L2-D1-S,Glo,4.0,1043.0,3507.0,9779.0,gdsc:1060:0.25uM,PD0325901
641060,10649,217.0,1060.0,0.25,101,L2-D1-S,Glo,4.0,1043.0,3507.0,9780.0,gdsc:1060:0.25uM,PD0325901
641539,10651,159.0,1060.0,0.25,101,L2-D1-S,Glo,4.0,1765.0,2066.0,9781.0,gdsc:1060:0.25uM,PD0325901
642011,10652,217.0,1060.0,0.25,101,L2-D1-S,Glo,4.0,1765.0,2066.0,9782.0,gdsc:1060:0.25uM,PD0325901
642490,10657,159.0,1060.0,0.25,101,L2-D1-S,Glo,4.0,1452.0,2160.0,9783.0,gdsc:1060:0.25uM,PD0325901
642962,10658,217.0,1060.0,0.25,101,L2-D1-S,Glo,4.0,1452.0,2160.0,9784.0,gdsc:1060:0.25uM,PD0325901
643441,10660,159.0,1060.0,0.25,101,L2-D1-S,Glo,4.0,2.0,2178.0,9785.0,gdsc:1060:0.25uM,PD0325901
643913,10661,217.0,1060.0,0.25,101,L2-D1-S,Glo,4.0,2.0,2178.0,9786.0,gdsc:1060:0.25uM,PD0325901
644392,10663,159.0,1060.0,0.25,101,L2-D1-S,Glo,4.0,8.0,2239.0,9787.0,gdsc:1060:0.25uM,PD0325901
644864,10664,217.0,1060.0,0.25,101,L2-D1-S,Glo,4.0,8.0,2239.0,9788.0,gdsc:1060:0.25uM,PD0325901
645343,10669,217.0,1060.0,0.25,101,L2-D1-S,Glo,4.0,1992.0,2743.0,9806.0,gdsc:1060:0.25uM,PD0325901
645822,10672,159.0,1060.0,0.25,101,L2-D1-S,Glo,4.0,1790.0,2394.0,9808.0,gdsc:1060:0.25uM,PD0325901
646294,10675,159.0,1060.0,0.25,101,L2-D1-S,Glo,4.0,661.0,2698.0,9810.0,gdsc:1060:0.25uM,PD0325901
646766,10678,159.0,1060.0,0.25,101,L2-D1-S,Glo,4.0,311.0,2823.0,9812.0,gdsc:1060:0.25uM,PD0325901
647238,10679,217.0,1060.0,0.25,101,L2-D1-S,Glo,4.0,311.0,2823.0,9813.0,gdsc:1060:0.25uM,PD0325901
647717,10682,159.0,1060.0,0.25,101,L2-D1-S,Glo,4.0,130.0,2143.0,9815.0,gdsc:1060:0.25uM,PD0325901
648189,10683,217.0,1060.0,0.25,101,L2-D1-S,Glo,4.0,130.0,2143.0,9816.0,gdsc:1060:0.25uM,PD0325901
648668,10686,159.0,1060.0,0.25,101,L2-D1-S,Glo,4.0,482.0,2225.0,9845.0,gdsc:1060:0.25uM,PD0325901
649140,10687,217.0,1060.0,0.25,101,L2-D1-S,Glo,4.0,482.0,2225.0,9846.0,gdsc:1060:0.25uM,PD0325901
649619,10689,159.0,1060.0,0.25,101,L2-D1-S,Glo,4.0,113.0,2269.0,9847.0,gdsc:1060:0.25uM,PD0325901
650091,10691,159.0,1060.0,0.25,101,L2-D1-S,Glo,4.0,641.0,2336.0,9848.0,gdsc:1060:0.25uM,PD0325901
650563,10692,217.0,1060.0,0.25,101,L2-D1-S,Glo,4.0,641.0,2336.0,9849.0,gdsc:1060:0.25uM,PD0325901
651042,10696,159.0,1060.0,0.25,101,L2-D1-S,Glo,4.0,2127.0,2766.0,9850.0,gdsc:1060:0.25uM,PD0325901
651514,10697,217.0,1060.0,0.25,101,L2-D1-S,Glo,4.0,2127.0,2766.0,9851.0,gdsc:1060:0.25uM,PD0325901
651993,10699,159.0,1060.0,0.25,101,L2-D1-S,Glo,4.0,1535.0,2957.0,9852.0,gdsc:1060:0.25uM,PD0325901
652465,10700,217.0,1060.0,0.25,101,L2-D1-S,Glo,4.0,1535.0,2957.0,9853.0,gdsc:1060:0.25uM,PD0325901
652944,10706,217.0,1060.0,0.25,101,L2-D1-S,Glo,4.0,1263.0,3169.0,9857.0,gdsc:1060:0.25uM,PD0325901
653423,10708,159.0,1060.0,0.25,101,L2-D1-S,Glo,4.0,1647.0,3199.0,9858.0,gdsc:1060:0.25uM,PD0325901
653895,10709,217.0,1060.0,0.25,101,L2-D1-S,Glo,4.0,1647.0,3199.0,9859.0,gdsc:1060:0.25uM,PD0325901
654374,10711,159.0,1060.0,0.25,101,L2-D1-S,Glo,4.0,628.0,3206.0,9860.0,gdsc:1060:0.25uM,PD0325901
654846,10712,217.0,1060.0,0.25,101,L2-D1-S,Glo,4.0,628.0,3206.0,9861.0,gdsc:1060:0.25uM,PD0325901
655325,10714,159.0,1060.0,0.25,101,L2-D1-S,Glo,4.0,386.0,3232.0,9862.0,gdsc:1060:0.25uM,PD0325901
655797,10715,217.0,1060.0,0.25,101,L2-D1-S,Glo,4.0,386.0,3232.0,9863.0,gdsc:1060:0.25uM,PD0325901
656276,10717,159.0,1060.0,0.25,101,L2-D1-S,Glo,4.0,1327.0,3460.0,9864.0,gdsc:1060:0.25uM,PD0325901
656748,10718,217.0,1060.0,0.25,101,L2-D1-S,Glo,4.0,1327.0,3460.0,9865.0,gdsc:1060:0.25uM,PD0325901
657227,10723,159.0,1060.0,0.25,101,L2-D1-S,Glo,4.0,1554.0,3447.0,9866.0,gdsc:1060:0.25uM,PD0325901
657699,10724,217.0,1060.0,0.25,101,L2-D1-S,Glo,4.0,1554.0,3447.0,9867.0,gdsc:1060:0.25uM,PD0325901
658178,10730,159.0,1060.0,0.25,101,L2-D1-S,Glo,4.0,1476.0,2074.0,9870.0,gdsc:1060:0.25uM,PD0325901
658650,10731,217.0,1060.0,0.25,101,L2-D1-S,Glo,4.0,1476.0,2074.0,9871.0,gdsc:1060:0.25uM,PD0325901
659129,10735,159.0,1060.0,0.25,101,L2-D1-S,Glo,4.0,2253.0,2555.0,9873.0,gdsc:1060:0.25uM,PD0325901
659601,10736,217.0,1060.0,0.25,101,L2-D1-S,Glo,4.0,2253.0,2555.0,9874.0,gdsc:1060:0.25uM,PD0325901
660080,10738,159.0,1060.0,0.25,101,L2-D1-S,Glo,4.0,2154.0,2253.0,9875.0,gdsc:1060:0.25uM,PD0325901
660552,10739,217.0,1060.0,0.25,101,L2-D1-S,Glo,4.0,2154.0,2253.0,9876.0,gdsc:1060:0.25uM,PD0325901
661031,10742,217.0,1060.0,0.25,101,L2-D1-S,Glo,4.0,601.0,2287.0,9878.0,gdsc:1060:0.25uM,PD0325901
661510,10794,217.0,1060.0,0.25,101,L2-D1-S,Glo,4.0,1187.0,2670.0,9987.0,gdsc:1060:0.25uM,PD0325901
661989,10798,159.0,1060.0,0.25,101,L2-D1-S,Glo,4.0,1922.0,2810.0,9989.0,gdsc:1060:0.25uM,PD0325901
662461,10799,217.0,1060.0,0.25,101,L2-D1-S,Glo,4.0,1922.0,2810.0,9990.0,gdsc:1060:0.25uM,PD0325901
662940,10801,159.0,1060.0,0.25,101,L2-D1-S,Glo,4.0,1632.0,2412.0,9991.0,gdsc:1060:0.25uM,PD0325901
663412,10802,217.0,1060.0,0.25,101,L2-D1-S,Glo,4.0,1632.0,2412.0,9992.0,gdsc:1060:0.25uM,PD0325901
663891,10807,159.0,1060.0,0.25,101,L2-D1-S,Glo,4.0,951.0,3075.0,9995.0,gdsc:1060:0.25uM,PD0325901
664363,10808,217.0,1060.0,0.25,101,L2-D1-S,Glo,4.0,951.0,3075.0,9996.0,gdsc:1060:0.25uM,PD0325901
664842,10810,159.0,1060.0,0.25,101,L2-D1-S,Glo,4.0,1614.0,3079.0,9997.0,gdsc:1060:0.25uM,PD0325901
665314,10811,217.0,1060.0,0.25,101,L2-D1-S,Glo,4.0,1614.0,3079.0,9998.0,gdsc:1060:0.25uM,PD0325901
665793,10813,217.0,1060.0,0.25,101,L2-D1-S,Glo,4.0,47.0,3120.0,9999.0,gdsc:1060:0.25uM,PD0325901
666272,10815,159.0,1060.0,0.25,101,L2-D1-S,Glo,4.0,2225.0,3131.0,10000.0,gdsc:1060:0.25uM,PD0325901
666744,10816,217.0,1060.0,0.25,101,L2-D1-S,Glo,4.0,2225.0,3131.0,10001.0,gdsc:1060:0.25uM,PD0325901
667223,10818,159.0,1060.0,0.25,101,L2-D1-S,Glo,4.0,1228.0,3207.0,10002.0,gdsc:1060:0.25uM,PD0325901
667695,10819,217.0,1060.0,0.25,101,L2-D1-S,Glo,4.0,1228.0,3207.0,10003.0,gdsc:1060:0.25uM,PD0325901
668174,10821,159.0,1060.0,0.25,101,L2-D1-S,Glo,4.0,2255.0,2465.0,10004.0,gdsc:1060:0.25uM,PD0325901
668646,10822,217.0,1060.0,0.25,101,L2-D1-S,Glo,4.0,2255.0,2465.0,10005.0,gdsc:1060:0.25uM,PD0325901
669125,10824,159.0,1060.0,0.25,101,L2-D1-S,Glo,4.0,669.0,3248.0,10006.0,gdsc:1060:0.25uM,PD0325901
669597,10825,217.0,1060.0,0.25,101,L2-D1-S,Glo,4.0,669.0,3248.0,10007.0,gdsc:1060:0.25uM,PD0325901
670076,10827,159.0,1060.0,0.25,101,L2-D1-S,Glo,4.0,1585.0,3257.0,10008.0,gdsc:1060:0.25uM,PD0325901
670548,10828,217.0,1060.0,0.25,101,L2-D1-S,Glo,4.0,1585.0,3257.0,10009.0,gdsc:1060:0.25uM,PD0325901
671027,10830,159.0,1060.0,0.25,101,L2-D1-S,Glo,4.0,1823.0,3317.0,10010.0,gdsc:1060:0.25uM,PD0325901
671499,10831,217.0,1060.0,0.25,101,L2-D1-S,Glo,4.0,1823.0,3317.0,10011.0,gdsc:1060:0.25uM,PD0325901
671978,10833,159.0,1060.0,0.25,101,L2-D1-S,Glo,4.0,1691.0,3373.0,10012.0,gdsc:1060:0.25uM,PD0325901
672450,10834,217.0,1060.0,0.25,101,L2-D1-S,Glo,4.0,1691.0,3373.0,10013.0,gdsc:1060:0.25uM,PD0325901
672929,10836,159.0,1060.0,0.25,101,L2-D1-S,Glo,4.0,1002.0,2504.0,10014.0,gdsc:1060:0.25uM,PD0325901
673401,10838,159.0,1060.0,0.25,101,L2-D1-S,Glo,4.0,1712.0,3443.0,10015.0,gdsc:1060:0.25uM,PD0325901
673873,10839,217.0,1060.0,0.25,101,L2-D1-S,Glo,4.0,1712.0,3443.0,10016.0,gdsc:1060:0.25uM,PD0325901
674352,10841,159.0,1060.0,0.25,101,L2-D1-S,Glo,4.0,67.0,2506.0,10017.0,gdsc:1060:0.25uM,PD0325901
674824,10842,217.0,1060.0,0.25,101,L2-D1-S,Glo,4.0,67.0,2506.0,10018.0,gdsc:1060:0.25uM,PD0325901
675303,10844,159.0,1060.0,0.25,101,L2-D1-S,Glo,4.0,469.0,2013.0,10019.0,gdsc:1060:0.25uM,PD0325901
675775,10846,159.0,1060.0,0.25,101,L2-D1-S,Glo,4.0,1473.0,2062.0,10020.0,gdsc:1060:0.25uM,PD0325901
676247,10847,217.0,1060.0,0.25,101,L2-D1-S,Glo,4.0,1473.0,2062.0,10021.0,gdsc:1060:0.25uM,PD0325901
676726,10849,159.0,1060.0,0.25,101,L2-D1-S,Glo,4.0,481.0,2137.0,10022.0,gdsc:1060:0.25uM,PD0325901
677198,10850,217.0,1060.0,0.25,101,L2-D1-S,Glo,4.0,481.0,2137.0,10023.0,gdsc:1060:0.25uM,PD0325901
677677,10852,159.0,1060.0,0.25,101,L2-D1-S,Glo,4.0,1560.0,2543.0,10024.0,gdsc:1060:0.25uM,PD0325901
678149,10853,217.0,1060.0,0.25,101,L2-D1-S,Glo,4.0,1560.0,2543.0,10025.0,gdsc:1060:0.25uM,PD0325901
678628,10855,159.0,1060.0,0.25,101,L2-D1-S,Glo,4.0,576.0,2553.0,10026.0,gdsc:1060:0.25uM,PD0325901
679100,10856,217.0,1060.0,0.25,101,L2-D1-S,Glo,4.0,576.0,2553.0,10027.0,gdsc:1060:0.25uM,PD0325901
679579,10944,159.0,1060.0,0.25,101,L2-D1-S,Glo,4.0,450.0,2409.0,10028.0,gdsc:1060:0.25uM,PD0325901
680051,10945,217.0,1060.0,0.25,101,L2-D1-S,Glo,4.0,450.0,2409.0,10029.0,gdsc:1060:0.25uM,PD0325901
680530,10859,159.0,1060.0,0.25,101,L2-D1-S,Glo,4.0,953.0,6231.0,10069.0,gdsc:1060:0.25uM,PD0325901
681002,10860,159.0,1060.0,0.25,101,L2-D1-S,Glo,4.0,953.0,6231.0,10070.0,gdsc:1060:0.25uM,PD0325901
681474,10861,217.0,1060.0,0.25,101,L2-D1-S,Glo,4.0,953.0,6231.0,10071.0,gdsc:1060:0.25uM,PD0325901
681953,10862,217.0,1060.0,0.25,101,L2-D1-S,Glo,4.0,953.0,6231.0,10072.0,gdsc:1060:0.25uM,PD0325901
682432,10863,217.0,1060.0,0.25,101,L2-D1-S,Glo,4.0,953.0,6231.0,10073.0,gdsc:1060:0.25uM,PD0325901
682911,10872,159.0,1060.0,0.25,101,L2-D1-S,Glo,4.0,2242.0,4711.0,10080.0,gdsc:1060:0.25uM,PD0325901
683383,10873,159.0,1060.0,0.25,101,L2-D1-S,Glo,4.0,2242.0,4711.0,10081.0,gdsc:1060:0.25uM,PD0325901
683855,10874,159.0,1060.0,0.25,101,L2-D1-S,Glo,4.0,2242.0,4711.0,10082.0,gdsc:1060:0.25uM,PD0325901
684327,10875,217.0,1060.0,0.25,101,L2-D1-S,Glo,4.0,2242.0,4711.0,10083.0,gdsc:1060:0.25uM,PD0325901
684806,10876,217.0,1060.0,0.25,101,L2-D1-S,Glo,4.0,2242.0,4711.0,10084.0,gdsc:1060:0.25uM,PD0325901
685285,10877,217.0,1060.0,0.25,101,L2-D1-S,Glo,4.0,2242.0,4711.0,10085.0,gdsc:1060:0.25uM,PD0325901
685764,10879,159.0,1060.0,0.25,101,L2-D1-S,Glo,4.0,1553.0,5232.0,10086.0,gdsc:1060:0.25uM,PD0325901
686236,10880,159.0,1060.0,0.25,101,L2-D1-S,Glo,4.0,1553.0,5232.0,10087.0,gdsc:1060:0.25uM,PD0325901
686708,10881,159.0,1060.0,0.25,101,L2-D1-S,Glo,4.0,1553.0,5232.0,10088.0,gdsc:1060:0.25uM,PD0325901
687180,10883,217.0,1060.0,0.25,101,L2-D1-S,Glo,4.0,1553.0,5232.0,10090.0,gdsc:1060:0.25uM,PD0325901
687659,10886,159.0,1060.0,0.25,101,L2-D1-S,Glo,4.0,1212.0,5530.0,10092.0,gdsc:1060:0.25uM,PD0325901
688131,10887,159.0,1060.0,0.25,101,L2-D1-S,Glo,4.0,1212.0,5530.0,10093.0,gdsc:1060:0.25uM,PD0325901
688603,10888,159.0,1060.0,0.25,101,L2-D1-S,Glo,4.0,1212.0,5530.0,10094.0,gdsc:1060:0.25uM,PD0325901
689075,10889,217.0,1060.0,0.25,101,L2-D1-S,Glo,4.0,1212.0,5530.0,10095.0,gdsc:1060:0.25uM,PD0325901
689554,10890,217.0,1060.0,0.25,101,L2-D1-S,Glo,4.0,1212.0,5530.0,10096.0,gdsc:1060:0.25uM,PD0325901
690033,10891,217.0,1060.0,0.25,101,L2-D1-S,Glo,4.0,1212.0,5530.0,10097.0,gdsc:1060:0.25uM,PD0325901
690512,10893,159.0,1060.0,0.25,101,L2-D1-S,Glo,4.0,921.0,5233.0,10098.0,gdsc:1060:0.25uM,PD0325901
690984,10894,159.0,1060.0,0.25,101,L2-D1-S,Glo,4.0,921.0,5233.0,10099.0,gdsc:1060:0.25uM,PD0325901
691456,10895,159.0,1060.0,0.25,101,L2-D1-S,Glo,4.0,921.0,5233.0,10100.0,gdsc:1060:0.25uM,PD0325901
691928,10896,217.0,1060.0,0.25,101,L2-D1-S,Glo,4.0,921.0,5233.0,10101.0,gdsc:1060:0.25uM,PD0325901
692407,10897,217.0,1060.0,0.25,101,L2-D1-S,Glo,4.0,921.0,5233.0,10102.0,gdsc:1060:0.25uM,PD0325901
692886,10898,217.0,1060.0,0.25,101,L2-D1-S,Glo,4.0,921.0,5233.0,10103.0,gdsc:1060:0.25uM,PD0325901
693365,10900,159.0,1060.0,0.25,101,L2-D1-S,Glo,4.0,339.0,5947.0,10104.0,gdsc:1060:0.25uM,PD0325901
693837,10901,159.0,1060.0,0.25,101,L2-D1-S,Glo,4.0,339.0,5947.0,10105.0,gdsc:1060:0.25uM,PD0325901
694309,10902,159.0,1060.0,0.25,101,L2-D1-S,Glo,4.0,339.0,5947.0,10106.0,gdsc:1060:0.25uM,PD0325901
694781,10903,217.0,1060.0,0.25,101,L2-D1-S,Glo,4.0,339.0,5947.0,10107.0,gdsc:1060:0.25uM,PD0325901
695260,10904,217.0,1060.0,0.25,101,L2-D1-S,Glo,4.0,339.0,5947.0,10108.0,gdsc:1060:0.25uM,PD0325901
695739,10905,217.0,1060.0,0.25,101,L2-D1-S,Glo,4.0,339.0,5947.0,10109.0,gdsc:1060:0.25uM,PD0325901
696218,10907,159.0,1060.0,0.25,101,L2-D1-S,Glo,4.0,198.0,4712.0,10110.0,gdsc:1060:0.25uM,PD0325901
696690,10908,159.0,1060.0,0.25,101,L2-D1-S,Glo,4.0,198.0,4712.0,10111.0,gdsc:1060:0.25uM,PD0325901
697162,10909,159.0,1060.0,0.25,101,L2-D1-S,Glo,4.0,198.0,4712.0,10112.0,gdsc:1060:0.25uM,PD0325901
697634,10910,217.0,1060.0,0.25,101,L2-D1-S,Glo,4.0,198.0,4712.0,10113.0,gdsc:1060:0.25uM,PD0325901
698113,10911,217.0,1060.0,0.25,101,L2-D1-S,Glo,4.0,198.0,4712.0,10114.0,gdsc:1060:0.25uM,PD0325901
698592,10912,217.0,1060.0,0.25,101,L2-D1-S,Glo,4.0,198.0,4712.0,10115.0,gdsc:1060:0.25uM,PD0325901
699071,10914,159.0,1060.0,0.25,101,L2-D1-S,Glo,4.0,37.0,2536.0,10116.0,gdsc:1060:0.25uM,PD0325901
699543,10915,159.0,1060.0,0.25,101,L2-D1-S,Glo,4.0,37.0,2536.0,10117.0,gdsc:1060:0.25uM,PD0325901
700015,10916,159.0,1060.0,0.25,101,L2-D1-S,Glo,4.0,37.0,2536.0,10118.0,gdsc:1060:0.25uM,PD0325901
700487,10917,217.0,1060.0,0.25,101,L2-D1-S,Glo,4.0,37.0,2536.0,10119.0,gdsc:1060:0.25uM,PD0325901
700966,10918,217.0,1060.0,0.25,101,L2-D1-S,Glo,4.0,37.0,2536.0,10120.0,gdsc:1060:0.25uM,PD0325901
701445,10919,217.0,1060.0,0.25,101,L2-D1-S,Glo,4.0,37.0,2536.0,10121.0,gdsc:1060:0.25uM,PD0325901
701924,10921,159.0,1060.0,0.25,101,L2-D1-S,Glo,4.0,3.0,5529.0,10122.0,gdsc:1060:0.25uM,PD0325901
702396,10922,159.0,1060.0,0.25,101,L2-D1-S,Glo,4.0,3.0,5529.0,10123.0,gdsc:1060:0.25uM,PD0325901
702868,10923,159.0,1060.0,0.25,101,L2-D1-S,Glo,4.0,3.0,5529.0,10124.0,gdsc:1060:0.25uM,PD0325901
703340,10924,217.0,1060.0,0.25,101,L2-D1-S,Glo,4.0,3.0,5529.0,10125.0,gdsc:1060:0.25uM,PD0325901
703819,10925,217.0,1060.0,0.25,101,L2-D1-S,Glo,4.0,3.0,5529.0,10126.0,gdsc:1060:0.25uM,PD0325901
704298,10926,217.0,1060.0,0.25,101,L2-D1-S,Glo,4.0,3.0,5529.0,10127.0,gdsc:1060:0.25uM,PD0325901
704777,10928,159.0,1060.0,0.25,101,L2-D1-S,Glo,4.0,1145.0,5512.0,10128.0,gdsc:1060:0.25uM,PD0325901
705249,10929,159.0,1060.0,0.25,101,L2-D1-S,Glo,4.0,1145.0,5512.0,10129.0,gdsc:1060:0.25uM,PD0325901
705721,10930,159.0,1060.0,0.25,101,L2-D1-S,Glo,4.0,1145.0,5512.0,10130.0,gdsc:1060:0.25uM,PD0325901
706193,10931,217.0,1060.0,0.25,101,L2-D1-S,Glo,4.0,1145.0,5512.0,10131.0,gdsc:1060:0.25uM,PD0325901
706672,10932,217.0,1060.0,0.25,101,L2-D1-S,Glo,4.0,1145.0,5512.0,10132.0,gdsc:1060:0.25uM,PD0325901
707151,10933,217.0,1060.0,0.25,101,L2-D1-S,Glo,4.0,1145.0,5512.0,10133.0,gdsc:1060:0.25uM,PD0325901
707630,10984,217.0,1060.0,0.25,101,L2-D1-S,Glo,4.0,900.0,2357.0,10207.0,gdsc:1060:0.25uM,PD0325901
708109,10989,217.0,1060.0,0.25,101,L2-D1-S,Glo,4.0,1551.0,2762.0,10209.0,gdsc:1060:0.25uM,PD0325901
708588,10991,159.0,1060.0,0.25,101,L2-D1-S,Glo,4.0,1263.0,3169.0,10210.0,gdsc:1060:0.25uM,PD0325901
709060,10993,159.0,1060.0,0.25,101,L2-D1-S,Glo,4.0,1220.0,3356.0,10211.0,gdsc:1060:0.25uM,PD0325901
709532,10997,159.0,1060.0,0.25,101,L2-D1-S,Glo,4.0,300.0,2652.0,10213.0,gdsc:1060:0.25uM,PD0325901
710004,10998,217.0,1060.0,0.25,101,L2-D1-S,Glo,4.0,300.0,2652.0,10214.0,gdsc:1060:0.25uM,PD0325901
710483,11000,159.0,1060.0,0.25,101,L2-D1-S,Glo,4.0,653.0,2765.0,10215.0,gdsc:1060:0.25uM,PD0325901
710955,11001,217.0,1060.0,0.25,101,L2-D1-S,Glo,4.0,653.0,2765.0,10216.0,gdsc:1060:0.25uM,PD0325901
711434,11003,159.0,1060.0,0.25,101,L2-D1-S,Glo,4.0,906.0,3020.0,10217.0,gdsc:1060:0.25uM,PD0325901
711906,11004,217.0,1060.0,0.25,101,L2-D1-S,Glo,4.0,906.0,3020.0,10218.0,gdsc:1060:0.25uM,PD0325901
712385,11006,159.0,1060.0,0.25,101,L2-D1-S,Glo,4.0,1645.0,3108.0,10219.0,gdsc:1060:0.25uM,PD0325901
712857,11007,217.0,1060.0,0.25,101,L2-D1-S,Glo,4.0,1645.0,3108.0,10220.0,gdsc:1060:0.25uM,PD0325901
713336,11009,159.0,1060.0,0.25,101,L2-D1-S,Glo,4.0,427.0,3164.0,10221.0,gdsc:1060:0.25uM,PD0325901
713808,11010,217.0,1060.0,0.25,101,L2-D1-S,Glo,4.0,427.0,3164.0,10222.0,gdsc:1060:0.25uM,PD0325901
714287,11012,159.0,1060.0,0.25,101,L2-D1-S,Glo,4.0,1540.0,3175.0,10223.0,gdsc:1060:0.25uM,PD0325901
714759,11013,217.0,1060.0,0.25,101,L2-D1-S,Glo,4.0,1540.0,3175.0,10224.0,gdsc:1060:0.25uM,PD0325901
715238,11015,159.0,1060.0,0.25,101,L2-D1-S,Glo,4.0,1628.0,2115.0,10225.0,gdsc:1060:0.25uM,PD0325901
715710,11016,217.0,1060.0,0.25,101,L2-D1-S,Glo,4.0,1628.0,2115.0,10226.0,gdsc:1060:0.25uM,PD0325901
716189,11029,159.0,1060.0,0.25,101,L2-D1-S,Glo,4.0,2038.0,2175.0,10285.0,gdsc:1060:0.25uM,PD0325901
716661,11030,217.0,1060.0,0.25,101,L2-D1-S,Glo,4.0,2038.0,2175.0,10286.0,gdsc:1060:0.25uM,PD0325901
717140,11032,159.0,1060.0,0.25,101,L2-D1-S,Glo,4.0,1266.0,3328.0,10287.0,gdsc:1060:0.25uM,PD0325901
717612,11033,217.0,1060.0,0.25,101,L2-D1-S,Glo,4.0,1266.0,3328.0,10288.0,gdsc:1060:0.25uM,PD0325901
718091,11038,159.0,1060.0,0.25,101,L2-D1-S,Glo,4.0,2054.0,2075.0,10289.0,gdsc:1060:0.25uM,PD0325901
718563,11039,217.0,1060.0,0.25,101,L2-D1-S,Glo,4.0,2054.0,2075.0,10290.0,gdsc:1060:0.25uM,PD0325901
719042,11041,159.0,1060.0,0.25,101,L2-D1-S,Glo,4.0,1712.0,3443.0,10291.0,gdsc:1060:0.25uM,PD0325901
719514,11042,217.0,1060.0,0.25,101,L2-D1-S,Glo,4.0,1712.0,3443.0,10292.0,gdsc:1060:0.25uM,PD0325901
719993,11045,217.0,1060.0,0.25,101,L2-D1-S,Glo,4.0,1211.0,2927.0,10294.0,gdsc:1060:0.25uM,PD0325901
720472,11050,159.0,1060.0,0.25,101,L2-D1-S,Glo,4.0,892.0,3068.0,10297.0,gdsc:1060:0.25uM,PD0325901
720944,11051,217.0,1060.0,0.25,101,L2-D1-S,Glo,4.0,892.0,3068.0,10298.0,gdsc:1060:0.25uM,PD0325901
721423,11053,159.0,1060.0,0.25,101,L2-D1-S,Glo,4.0,129.0,2138.0,10299.0,gdsc:1060:0.25uM,PD0325901
721895,11054,217.0,1060.0,0.25,101,L2-D1-S,Glo,4.0,129.0,2138.0,10300.0,gdsc:1060:0.25uM,PD0325901
722374,11056,159.0,1060.0,0.25,101,L2-D1-S,Glo,4.0,60.0,3083.0,10301.0,gdsc:1060:0.25uM,PD0325901
722846,11057,217.0,1060.0,0.25,101,L2-D1-S,Glo,4.0,60.0,3083.0,10302.0,gdsc:1060:0.25uM,PD0325901
723325,11059,159.0,1060.0,0.25,101,L2-D1-S,Glo,4.0,1155.0,2274.0,10303.0,gdsc:1060:0.25uM,PD0325901
723797,11060,217.0,1060.0,0.25,101,L2-D1-S,Glo,4.0,1155.0,2274.0,10304.0,gdsc:1060:0.25uM,PD0325901
724276,11062,159.0,1060.0,0.25,101,L2-D1-S,Glo,4.0,1344.0,3074.0,10305.0,gdsc:1060:0.25uM,PD0325901
724748,11063,217.0,1060.0,0.25,101,L2-D1-S,Glo,4.0,1344.0,3074.0,10306.0,gdsc:1060:0.25uM,PD0325901
725227,11065,159.0,1060.0,0.25,101,L2-D1-S,Glo,4.0,131.0,2193.0,10307.0,gdsc:1060:0.25uM,PD0325901
725699,11066,217.0,1060.0,0.25,101,L2-D1-S,Glo,4.0,131.0,2193.0,10308.0,gdsc:1060:0.25uM,PD0325901
726178,11080,217.0,1060.0,0.25,101,L2-D1-S,Glo,4.0,1833.0,4392.0,10345.0,gdsc:1060:0.25uM,PD0325901
726657,11085,217.0,1060.0,0.25,101,L2-D1-S,Glo,4.0,1772.0,2690.0,10346.0,gdsc:1060:0.25uM,PD0325901
727136,11092,159.0,1060.0,0.25,101,L2-D1-S,Glo,4.0,588.0,5969.0,10350.0,gdsc:1060:0.25uM,PD0325901
727608,11093,217.0,1060.0,0.25,101,L2-D1-S,Glo,4.0,588.0,5969.0,10351.0,gdsc:1060:0.25uM,PD0325901
728087,11120,159.0,1060.0,0.25,101,L2-D1-S,Glo,4.0,2036.0,2153.0,10353.0,gdsc:1060:0.25uM,PD0325901
728559,11121,217.0,1060.0,0.25,101,L2-D1-S,Glo,4.0,2036.0,2153.0,10354.0,gdsc:1060:0.25uM,PD0325901
729038,11123,217.0,1060.0,0.25,101,L2-D1-S,Glo,4.0,1.0,4272.0,10355.0,gdsc:1060:0.25uM,PD0325901
729517,11132,159.0,1060.0,0.25,101,L2-D1-S,Glo,4.0,2098.0,3015.0,10360.0,gdsc:1060:0.25uM,PD0325901
729989,11133,217.0,1060.0,0.25,101,L2-D1-S,Glo,4.0,2098.0,3015.0,10361.0,gdsc:1060:0.25uM,PD0325901
730468,11135,159.0,1060.0,0.25,101,L2-D1-S,Glo,4.0,1977.0,2427.0,10362.0,gdsc:1060:0.25uM,PD0325901
730940,11136,217.0,1060.0,0.25,101,L2-D1-S,Glo,4.0,1977.0,2427.0,10363.0,gdsc:1060:0.25uM,PD0325901
731419,11141,159.0,1060.0,0.25,101,L2-D1-S,Glo,4.0,1624.0,3798.0,10364.0,gdsc:1060:0.25uM,PD0325901
731891,11142,217.0,1060.0,0.25,101,L2-D1-S,Glo,4.0,1624.0,3798.0,10365.0,gdsc:1060:0.25uM,PD0325901
732370,11281,159.0,1060.0,0.25,101,L2-D1-S,Glo,4.0,903.0,2393.0,10628.0,gdsc:1060:0.25uM,PD0325901
732842,11282,217.0,1060.0,0.25,101,L2-D1-S,Glo,4.0,903.0,2393.0,10629.0,gdsc:1060:0.25uM,PD0325901
733321,11284,217.0,1060.0,0.25,101,L2-D1-S,Glo,4.0,1644.0,2759.0,10630.0,gdsc:1060:0.25uM,PD0325901
733800,11286,159.0,1060.0,0.25,101,L2-D1-S,Glo,4.0,615.0,2992.0,10631.0,gdsc:1060:0.25uM,PD0325901
734272,11287,217.0,1060.0,0.25,101,L2-D1-S,Glo,4.0,615.0,2992.0,10632.0,gdsc:1060:0.25uM,PD0325901
734751,11289,159.0,1060.0,0.25,101,L2-D1-S,Glo,4.0,1030.0,3018.0,10633.0,gdsc:1060:0.25uM,PD0325901
735223,11290,217.0,1060.0,0.25,101,L2-D1-S,Glo,4.0,1030.0,3018.0,10634.0,gdsc:1060:0.25uM,PD0325901
735702,11292,159.0,1060.0,0.25,101,L2-D1-S,Glo,4.0,854.0,2430.0,10635.0,gdsc:1060:0.25uM,PD0325901
736174,11293,217.0,1060.0,0.25,101,L2-D1-S,Glo,4.0,854.0,2430.0,10636.0,gdsc:1060:0.25uM,PD0325901
736653,11295,159.0,1060.0,0.25,101,L2-D1-S,Glo,4.0,2219.0,3087.0,10637.0,gdsc:1060:0.25uM,PD0325901
737125,11296,217.0,1060.0,0.25,101,L2-D1-S,Glo,4.0,2219.0,3087.0,10638.0,gdsc:1060:0.25uM,PD0325901
737604,11298,159.0,1060.0,0.25,101,L2-D1-S,Glo,4.0,1267.0,2441.0,10639.0,gdsc:1060:0.25uM,PD0325901
738076,11299,217.0,1060.0,0.25,101,L2-D1-S,Glo,4.0,1267.0,2441.0,10640.0,gdsc:1060:0.25uM,PD0325901
738555,11301,159.0,1060.0,0.25,101,L2-D1-S,Glo,4.0,2067.0,2453.0,10641.0,gdsc:1060:0.25uM,PD0325901
739027,11302,217.0,1060.0,0.25,101,L2-D1-S,Glo,4.0,2067.0,2453.0,10642.0,gdsc:1060:0.25uM,PD0325901
739506,11304,159.0,1060.0,0.25,101,L2-D1-S,Glo,4.0,880.0,3157.0,10643.0,gdsc:1060:0.25uM,PD0325901
739978,11305,217.0,1060.0,0.25,101,L2-D1-S,Glo,4.0,880.0,3157.0,10644.0,gdsc:1060:0.25uM,PD0325901
740457,11312,159.0,1060.0,0.25,101,L2-D1-S,Glo,4.0,945.0,2527.0,10646.0,gdsc:1060:0.25uM,PD0325901
740929,11313,217.0,1060.0,0.25,101,L2-D1-S,Glo,4.0,945.0,2527.0,10647.0,gdsc:1060:0.25uM,PD0325901
741408,11315,159.0,1060.0,0.25,101,L2-D1-S,Glo,4.0,725.0,2532.0,10648.0,gdsc:1060:0.25uM,PD0325901
741880,11316,217.0,1060.0,0.25,101,L2-D1-S,Glo,4.0,725.0,2532.0,10649.0,gdsc:1060:0.25uM,PD0325901
742359,11318,159.0,1060.0,0.25,101,L2-D1-S,Glo,4.0,290.0,2127.0,10650.0,gdsc:1060:0.25uM,PD0325901
742831,11320,159.0,1060.0,0.25,101,L2-D1-S,Glo,4.0,548.0,2235.0,10651.0,gdsc:1060:0.25uM,PD0325901
743303,11326,159.0,1060.0,0.25,101,L2-D1-S,Glo,4.0,1032.0,2464.0,10655.0,gdsc:1060:0.25uM,PD0325901
743775,11327,217.0,1060.0,0.25,101,L2-D1-S,Glo,4.0,1032.0,2464.0,10656.0,gdsc:1060:0.25uM,PD0325901
744254,11178,217.0,1060.0,0.25,101,L2-D1-S,Glo,4.0,2094.0,2360.0,10666.0,gdsc:1060:0.25uM,PD0325901
744733,11180,159.0,1060.0,0.25,101,L2-D1-S,Glo,4.0,1001.0,2407.0,10668.0,gdsc:1060:0.25uM,PD0325901
745205,11181,217.0,1060.0,0.25,101,L2-D1-S,Glo,4.0,1001.0,2407.0,10669.0,gdsc:1060:0.25uM,PD0325901
745684,11186,159.0,1060.0,0.25,101,L2-D1-S,Glo,4.0,893.0,3085.0,10671.0,gdsc:1060:0.25uM,PD0325901
746156,11192,159.0,1060.0,0.25,101,L2-D1-S,Glo,4.0,1502.0,3097.0,10677.0,gdsc:1060:0.25uM,PD0325901
746628,11195,159.0,1060.0,0.25,101,L2-D1-S,Glo,4.0,401.0,4581.0,10680.0,gdsc:1060:0.25uM,PD0325901
747100,11198,159.0,1060.0,0.25,101,L2-D1-S,Glo,4.0,101.0,3161.0,10683.0,gdsc:1060:0.25uM,PD0325901
747572,11199,217.0,1060.0,0.25,101,L2-D1-S,Glo,4.0,101.0,3161.0,10684.0,gdsc:1060:0.25uM,PD0325901
748051,11204,159.0,1060.0,0.25,101,L2-D1-S,Glo,4.0,1828.0,3294.0,10689.0,gdsc:1060:0.25uM,PD0325901
748523,11205,217.0,1060.0,0.25,101,L2-D1-S,Glo,4.0,1828.0,3294.0,10690.0,gdsc:1060:0.25uM,PD0325901
749002,11210,159.0,1060.0,0.25,101,L2-D1-S,Glo,4.0,1545.0,3404.0,10692.0,gdsc:1060:0.25uM,PD0325901
749474,11211,217.0,1060.0,0.25,101,L2-D1-S,Glo,4.0,1545.0,3404.0,10693.0,gdsc:1060:0.25uM,PD0325901
749953,11213,159.0,1060.0,0.25,101,L2-D1-S,Glo,4.0,1858.0,3461.0,10695.0,gdsc:1060:0.25uM,PD0325901
750425,11214,217.0,1060.0,0.25,101,L2-D1-S,Glo,4.0,1858.0,3461.0,10696.0,gdsc:1060:0.25uM,PD0325901
750904,11222,159.0,1060.0,0.25,101,L2-D1-S,Glo,4.0,1787.0,2096.0,10701.0,gdsc:1060:0.25uM,PD0325901
751376,11223,217.0,1060.0,0.25,101,L2-D1-S,Glo,4.0,1787.0,2096.0,10702.0,gdsc:1060:0.25uM,PD0325901
751855,11225,159.0,1060.0,0.25,101,L2-D1-S,Glo,4.0,1641.0,2526.0,10704.0,gdsc:1060:0.25uM,PD0325901
752327,11226,217.0,1060.0,0.25,101,L2-D1-S,Glo,4.0,1641.0,2526.0,10705.0,gdsc:1060:0.25uM,PD0325901
752806,11228,159.0,1060.0,0.25,101,L2-D1-S,Glo,4.0,1480.0,2118.0,10707.0,gdsc:1060:0.25uM,PD0325901
753278,11229,217.0,1060.0,0.25,101,L2-D1-S,Glo,4.0,1480.0,2118.0,10708.0,gdsc:1060:0.25uM,PD0325901
753757,11231,159.0,1060.0,0.25,101,L2-D1-S,Glo,4.0,1482.0,2134.0,10710.0,gdsc:1060:0.25uM,PD0325901
754229,11232,217.0,1060.0,0.25,101,L2-D1-S,Glo,4.0,1482.0,2134.0,10711.0,gdsc:1060:0.25uM,PD0325901
754708,11234,217.0,1060.0,0.25,101,L2-D1-S,Glo,4.0,974.0,6376.0,10713.0,gdsc:1060:0.25uM,PD0325901
755187,11236,159.0,1060.0,0.25,101,L2-D1-S,Glo,4.0,277.0,2255.0,10715.0,gdsc:1060:0.25uM,PD0325901
755659,11239,159.0,1060.0,0.25,101,L2-D1-S,Glo,4.0,1145.0,5512.0,10718.0,gdsc:1060:0.25uM,PD0325901
756131,11240,159.0,1060.0,0.25,101,L2-D1-S,Glo,4.0,1145.0,5512.0,10719.0,gdsc:1060:0.25uM,PD0325901
756603,11241,159.0,1060.0,0.25,101,L2-D1-S,Glo,4.0,1145.0,5512.0,10720.0,gdsc:1060:0.25uM,PD0325901
757075,11242,217.0,1060.0,0.25,101,L2-D1-S,Glo,4.0,1145.0,5512.0,10721.0,gdsc:1060:0.25uM,PD0325901
757554,11243,217.0,1060.0,0.25,101,L2-D1-S,Glo,4.0,1145.0,5512.0,10722.0,gdsc:1060:0.25uM,PD0325901
758033,11244,217.0,1060.0,0.25,101,L2-D1-S,Glo,4.0,1145.0,5512.0,10723.0,gdsc:1060:0.25uM,PD0325901
758512,11249,217.0,1060.0,0.25,101,L2-D1-S,Glo,4.0,37.0,2536.0,10728.0,gdsc:1060:0.25uM,PD0325901
758991,11250,217.0,1060.0,0.25,101,L2-D1-S,Glo,4.0,37.0,2536.0,10729.0,gdsc:1060:0.25uM,PD0325901
759470,11251,217.0,1060.0,0.25,101,L2-D1-S,Glo,4.0,37.0,2536.0,10730.0,gdsc:1060:0.25uM,PD0325901
759949,11256,217.0,1060.0,0.25,101,L2-D1-S,Glo,4.0,369.0,2878.0,10735.0,gdsc:1060:0.25uM,PD0325901
760428,11257,217.0,1060.0,0.25,101,L2-D1-S,Glo,4.0,369.0,2878.0,10736.0,gdsc:1060:0.25uM,PD0325901
760907,11258,217.0,1060.0,0.25,101,L2-D1-S,Glo,4.0,369.0,2878.0,10737.0,gdsc:1060:0.25uM,PD0325901
761386,11261,159.0,1060.0,0.25,101,L2-D1-S,Glo,4.0,339.0,5947.0,10740.0,gdsc:1060:0.25uM,PD0325901
761858,11263,217.0,1060.0,0.25,101,L2-D1-S,Glo,4.0,339.0,5947.0,10742.0,gdsc:1060:0.25uM,PD0325901
762337,11264,217.0,1060.0,0.25,101,L2-D1-S,Glo,4.0,339.0,5947.0,10743.0,gdsc:1060:0.25uM,PD0325901
762816,11265,217.0,1060.0,0.25,101,L2-D1-S,Glo,4.0,339.0,5947.0,10744.0,gdsc:1060:0.25uM,PD0325901
763295,11267,159.0,1060.0,0.25,101,L2-D1-S,Glo,4.0,1221.0,3358.0,10746.0,gdsc:1060:0.25uM,PD0325901
763767,11268,217.0,1060.0,0.25,101,L2-D1-S,Glo,4.0,1221.0,3358.0,10747.0,gdsc:1060:0.25uM,PD0325901
764246,11374,217.0,1060.0,0.25,101,L2-D1-S,Glo,4.0,1541.0,3195.0,10785.0,gdsc:1060:0.25uM,PD0325901
764725,11376,159.0,1060.0,0.25,101,L2-D1-S,Glo,4.0,344.0,3158.0,10786.0,gdsc:1060:0.25uM,PD0325901
765197,11377,217.0,1060.0,0.25,101,L2-D1-S,Glo,4.0,344.0,3158.0,10787.0,gdsc:1060:0.25uM,PD0325901
765676,11335,159.0,1060.0,0.25,101,L2-D1-S,Glo,4.0,2200.0,3380.0,10789.0,gdsc:1060:0.25uM,PD0325901
766148,11336,217.0,1060.0,0.25,101,L2-D1-S,Glo,4.0,2200.0,3380.0,10790.0,gdsc:1060:0.25uM,PD0325901
766627,11338,159.0,1060.0,0.25,101,L2-D1-S,Glo,4.0,651.0,3092.0,10791.0,gdsc:1060:0.25uM,PD0325901
767099,11343,159.0,1060.0,0.25,101,L2-D1-S,Glo,4.0,1609.0,2152.0,10792.0,gdsc:1060:0.25uM,PD0325901
767571,11344,217.0,1060.0,0.25,101,L2-D1-S,Glo,4.0,1609.0,2152.0,10793.0,gdsc:1060:0.25uM,PD0325901
768050,11354,159.0,1060.0,0.25,101,L2-D1-S,Glo,4.0,1542.0,3202.0,10797.0,gdsc:1060:0.25uM,PD0325901
768522,11355,217.0,1060.0,0.25,101,L2-D1-S,Glo,4.0,1542.0,3202.0,10798.0,gdsc:1060:0.25uM,PD0325901
769001,11359,159.0,1060.0,0.25,101,L2-D1-S,Glo,4.0,1575.0,3311.0,10800.0,gdsc:1060:0.25uM,PD0325901
769473,11362,217.0,1060.0,0.25,101,L2-D1-S,Glo,4.0,709.0,3093.0,10802.0,gdsc:1060:0.25uM,PD0325901
769952,11364,159.0,1060.0,0.25,101,L2-D1-S,Glo,4.0,973.0,4053.0,10803.0,gdsc:1060:0.25uM,PD0325901
770424,11365,217.0,1060.0,0.25,101,L2-D1-S,Glo,4.0,973.0,4053.0,10804.0,gdsc:1060:0.25uM,PD0325901
770903,11367,159.0,1060.0,0.25,101,L2-D1-S,Glo,4.0,32.0,2474.0,10805.0,gdsc:1060:0.25uM,PD0325901
771375,11368,217.0,1060.0,0.25,101,L2-D1-S,Glo,4.0,32.0,2474.0,10806.0,gdsc:1060:0.25uM,PD0325901
771854,11370,159.0,1060.0,0.25,101,L2-D1-S,Glo,4.0,2122.0,3306.0,10807.0,gdsc:1060:0.25uM,PD0325901
772326,11371,217.0,1060.0,0.25,101,L2-D1-S,Glo,4.0,2122.0,3306.0,10808.0,gdsc:1060:0.25uM,PD0325901
772805,11373,159.0,1060.0,0.25,101,L2-D1-S,Glo,4.0,1541.0,3195.0,10809.0,gdsc:1060:0.25uM,PD0325901
773277,11399,159.0,1060.0,0.25,101,L2-D1-S,Glo,4.0,1213.0,2938.0,10866.0,gdsc:1060:0.25uM,PD0325901
773749,11400,217.0,1060.0,0.25,101,L2-D1-S,Glo,4.0,1213.0,2938.0,10867.0,gdsc:1060:0.25uM,PD0325901
774228,11402,159.0,1060.0,0.25,101,L2-D1-S,Glo,4.0,408.0,3088.0,10868.0,gdsc:1060:0.25uM,PD0325901
774700,11403,217.0,1060.0,0.25,101,L2-D1-S,Glo,4.0,408.0,3088.0,10869.0,gdsc:1060:0.25uM,PD0325901
775179,11405,217.0,1060.0,0.25,101,L2-D1-S,Glo,4.0,1502.0,3097.0,10870.0,gdsc:1060:0.25uM,PD0325901
775658,11406,217.0,1060.0,0.25,101,L2-D1-S,Glo,4.0,401.0,4581.0,10871.0,gdsc:1060:0.25uM,PD0325901
776137,11410,159.0,1060.0,0.25,101,L2-D1-S,Glo,4.0,1796.0,3152.0,10872.0,gdsc:1060:0.25uM,PD0325901
776609,11411,217.0,1060.0,0.25,101,L2-D1-S,Glo,4.0,1796.0,3152.0,10873.0,gdsc:1060:0.25uM,PD0325901
777088,11413,159.0,1060.0,0.25,101,L2-D1-S,Glo,4.0,1989.0,3156.0,10874.0,gdsc:1060:0.25uM,PD0325901
777560,11414,217.0,1060.0,0.25,101,L2-D1-S,Glo,4.0,1989.0,3156.0,10875.0,gdsc:1060:0.25uM,PD0325901
778039,11422,159.0,1060.0,0.25,101,L2-D1-S,Glo,4.0,215.0,2473.0,10880.0,gdsc:1060:0.25uM,PD0325901
778511,11423,217.0,1060.0,0.25,101,L2-D1-S,Glo,4.0,215.0,2473.0,10881.0,gdsc:1060:0.25uM,PD0325901
778990,11425,159.0,1060.0,0.25,101,L2-D1-S,Glo,4.0,1235.0,3271.0,10882.0,gdsc:1060:0.25uM,PD0325901
779462,11426,217.0,1060.0,0.25,101,L2-D1-S,Glo,4.0,1235.0,3271.0,10883.0,gdsc:1060:0.25uM,PD0325901
779941,11428,159.0,1060.0,0.25,101,L2-D1-S,Glo,4.0,1237.0,3287.0,10884.0,gdsc:1060:0.25uM,PD0325901
780413,11429,217.0,1060.0,0.25,101,L2-D1-S,Glo,4.0,1237.0,3287.0,10885.0,gdsc:1060:0.25uM,PD0325901
780892,11431,217.0,1060.0,0.25,101,L2-D1-S,Glo,4.0,91.0,3315.0,10886.0,gdsc:1060:0.25uM,PD0325901
781371,11433,159.0,1060.0,0.25,101,L2-D1-S,Glo,4.0,2147.0,3382.0,10887.0,gdsc:1060:0.25uM,PD0325901
781843,11434,217.0,1060.0,0.25,101,L2-D1-S,Glo,4.0,2147.0,3382.0,10888.0,gdsc:1060:0.25uM,PD0325901
782322,11439,159.0,1060.0,0.25,101,L2-D1-S,Glo,4.0,88.0,3416.0,10889.0,gdsc:1060:0.25uM,PD0325901
782794,11440,217.0,1060.0,0.25,101,L2-D1-S,Glo,4.0,88.0,3416.0,10890.0,gdsc:1060:0.25uM,PD0325901
783273,11451,159.0,1060.0,0.25,101,L2-D1-S,Glo,4.0,1526.0,2519.0,10897.0,gdsc:1060:0.25uM,PD0325901
783745,11452,217.0,1060.0,0.25,101,L2-D1-S,Glo,4.0,1526.0,2519.0,10898.0,gdsc:1060:0.25uM,PD0325901
784224,11454,159.0,1060.0,0.25,101,L2-D1-S,Glo,4.0,233.0,2099.0,10899.0,gdsc:1060:0.25uM,PD0325901
784696,11455,217.0,1060.0,0.25,101,L2-D1-S,Glo,4.0,233.0,2099.0,10900.0,gdsc:1060:0.25uM,PD0325901
785175,11458,159.0,1060.0,0.25,101,L2-D1-S,Glo,4.0,700.0,2222.0,10901.0,gdsc:1060:0.25uM,PD0325901
785647,11459,217.0,1060.0,0.25,101,L2-D1-S,Glo,4.0,700.0,2222.0,10902.0,gdsc:1060:0.25uM,PD0325901
786126,11461,217.0,1060.0,0.25,101,L2-D1-S,Glo,4.0,277.0,2255.0,10903.0,gdsc:1060:0.25uM,PD0325901
786605,11463,159.0,1060.0,0.25,101,L2-D1-S,Glo,4.0,1199.0,2732.0,10904.0,gdsc:1060:0.25uM,PD0325901
787077,11464,217.0,1060.0,0.25,101,L2-D1-S,Glo,4.0,1199.0,2732.0,10905.0,gdsc:1060:0.25uM,PD0325901
787556,11472,159.0,1060.0,0.25,101,L2-D1-S,Glo,4.0,915.0,3337.0,10910.0,gdsc:1060:0.25uM,PD0325901
788028,11473,217.0,1060.0,0.25,101,L2-D1-S,Glo,4.0,915.0,3337.0,10911.0,gdsc:1060:0.25uM,PD0325901
788507,11396,159.0,1060.0,0.25,101,L2-D1-S,Glo,4.0,186.0,2307.0,10912.0,gdsc:1060:0.25uM,PD0325901
788979,11608,217.0,1060.0,0.25,101,L2-D1-S,Glo,4.0,321.0,2321.0,11014.0,gdsc:1060:0.25uM,PD0325901
789458,11610,159.0,1060.0,0.25,101,L2-D1-S,Glo,4.0,554.0,2567.0,11015.0,gdsc:1060:0.25uM,PD0325901
789930,11611,217.0,1060.0,0.25,101,L2-D1-S,Glo,4.0,554.0,2567.0,11016.0,gdsc:1060:0.25uM,PD0325901
790409,11621,159.0,1060.0,0.25,101,L2-D1-S,Glo,4.0,1038.0,2986.0,11019.0,gdsc:1060:0.25uM,PD0325901
790881,11622,217.0,1060.0,0.25,101,L2-D1-S,Glo,4.0,1038.0,2986.0,11020.0,gdsc:1060:0.25uM,PD0325901
791360,11624,159.0,1060.0,0.25,101,L2-D1-S,Glo,4.0,217.0,2418.0,11021.0,gdsc:1060:0.25uM,PD0325901
791832,11625,217.0,1060.0,0.25,101,L2-D1-S,Glo,4.0,217.0,2418.0,11022.0,gdsc:1060:0.25uM,PD0325901
792311,11635,159.0,1060.0,0.25,101,L2-D1-S,Glo,4.0,45.0,3101.0,11028.0,gdsc:1060:0.25uM,PD0325901
792783,11636,217.0,1060.0,0.25,101,L2-D1-S,Glo,4.0,45.0,3101.0,11029.0,gdsc:1060:0.25uM,PD0325901
793262,11639,159.0,1060.0,0.25,101,L2-D1-S,Glo,4.0,2112.0,3201.0,11030.0,gdsc:1060:0.25uM,PD0325901
793734,11640,217.0,1060.0,0.25,101,L2-D1-S,Glo,4.0,2112.0,3201.0,11031.0,gdsc:1060:0.25uM,PD0325901
794213,11642,159.0,1060.0,0.25,101,L2-D1-S,Glo,4.0,1780.0,2484.0,11032.0,gdsc:1060:0.25uM,PD0325901
794685,11643,217.0,1060.0,0.25,101,L2-D1-S,Glo,4.0,1780.0,2484.0,11033.0,gdsc:1060:0.25uM,PD0325901
795164,11645,159.0,1060.0,0.25,101,L2-D1-S,Glo,4.0,1826.0,3275.0,11034.0,gdsc:1060:0.25uM,PD0325901
795636,11646,217.0,1060.0,0.25,101,L2-D1-S,Glo,4.0,1826.0,3275.0,11035.0,gdsc:1060:0.25uM,PD0325901
796115,11654,159.0,1060.0,0.25,101,L2-D1-S,Glo,4.0,78.0,3325.0,11036.0,gdsc:1060:0.25uM,PD0325901
796587,11655,217.0,1060.0,0.25,101,L2-D1-S,Glo,4.0,78.0,3325.0,11037.0,gdsc:1060:0.25uM,PD0325901
797066,11663,159.0,1060.0,0.25,101,L2-D1-S,Glo,4.0,1815.0,3375.0,11040.0,gdsc:1060:0.25uM,PD0325901
797538,11664,217.0,1060.0,0.25,101,L2-D1-S,Glo,4.0,1815.0,3375.0,11041.0,gdsc:1060:0.25uM,PD0325901
798017,11669,159.0,1060.0,0.25,101,L2-D1-S,Glo,4.0,197.0,3484.0,11042.0,gdsc:1060:0.25uM,PD0325901
798489,11670,217.0,1060.0,0.25,101,L2-D1-S,Glo,4.0,197.0,3484.0,11043.0,gdsc:1060:0.25uM,PD0325901
798968,11679,159.0,1060.0,0.25,101,L2-D1-S,Glo,4.0,1983.0,2042.0,11047.0,gdsc:1060:0.25uM,PD0325901
799440,11680,217.0,1060.0,0.25,101,L2-D1-S,Glo,4.0,1983.0,2042.0,11048.0,gdsc:1060:0.25uM,PD0325901
799919,11686,217.0,1060.0,0.25,101,L2-D1-S,Glo,4.0,1166.0,2126.0,11050.0,gdsc:1060:0.25uM,PD0325901
800398,11690,159.0,1060.0,0.25,101,L2-D1-S,Glo,4.0,2221.0,2252.0,11052.0,gdsc:1060:0.25uM,PD0325901
800870,11526,159.0,1060.0,0.25,101,L2-D1-S,Glo,4.0,1212.0,5530.0,11085.0,gdsc:1060:0.25uM,PD0325901
801342,11527,217.0,1060.0,0.25,101,L2-D1-S,Glo,4.0,1212.0,5530.0,11086.0,gdsc:1060:0.25uM,PD0325901
801821,11528,217.0,1060.0,0.25,101,L2-D1-S,Glo,4.0,1212.0,5530.0,11087.0,gdsc:1060:0.25uM,PD0325901
802300,11529,217.0,1060.0,0.25,101,L2-D1-S,Glo,4.0,1212.0,5530.0,11088.0,gdsc:1060:0.25uM,PD0325901
802779,11535,159.0,1060.0,0.25,101,L2-D1-S,Glo,4.0,921.0,5233.0,11091.0,gdsc:1060:0.25uM,PD0325901
803251,11536,159.0,1060.0,0.25,101,L2-D1-S,Glo,4.0,921.0,5233.0,11092.0,gdsc:1060:0.25uM,PD0325901
803723,11537,159.0,1060.0,0.25,101,L2-D1-S,Glo,4.0,921.0,5233.0,11093.0,gdsc:1060:0.25uM,PD0325901
804195,11538,217.0,1060.0,0.25,101,L2-D1-S,Glo,4.0,921.0,5233.0,11094.0,gdsc:1060:0.25uM,PD0325901
804674,11539,217.0,1060.0,0.25,101,L2-D1-S,Glo,4.0,921.0,5233.0,11095.0,gdsc:1060:0.25uM,PD0325901
805153,11540,217.0,1060.0,0.25,101,L2-D1-S,Glo,4.0,921.0,5233.0,11096.0,gdsc:1060:0.25uM,PD0325901
805632,11546,159.0,1060.0,0.25,101,L2-D1-S,Glo,4.0,339.0,5947.0,11100.0,gdsc:1060:0.25uM,PD0325901
806104,11547,159.0,1060.0,0.25,101,L2-D1-S,Glo,4.0,339.0,5947.0,11101.0,gdsc:1060:0.25uM,PD0325901
806576,11548,159.0,1060.0,0.25,101,L2-D1-S,Glo,4.0,339.0,5947.0,11102.0,gdsc:1060:0.25uM,PD0325901
807048,11549,217.0,1060.0,0.25,101,L2-D1-S,Glo,4.0,339.0,5947.0,11103.0,gdsc:1060:0.25uM,PD0325901
807527,11550,217.0,1060.0,0.25,101,L2-D1-S,Glo,4.0,339.0,5947.0,11104.0,gdsc:1060:0.25uM,PD0325901
808006,11551,217.0,1060.0,0.25,101,L2-D1-S,Glo,4.0,339.0,5947.0,11105.0,gdsc:1060:0.25uM,PD0325901
808485,11557,159.0,1060.0,0.25,101,L2-D1-S,Glo,4.0,198.0,4712.0,11110.0,gdsc:1060:0.25uM,PD0325901
808957,11558,159.0,1060.0,0.25,101,L2-D1-S,Glo,4.0,198.0,4712.0,11111.0,gdsc:1060:0.25uM,PD0325901
809429,11559,159.0,1060.0,0.25,101,L2-D1-S,Glo,4.0,198.0,4712.0,11112.0,gdsc:1060:0.25uM,PD0325901
809901,11560,217.0,1060.0,0.25,101,L2-D1-S,Glo,4.0,198.0,4712.0,11113.0,gdsc:1060:0.25uM,PD0325901
810380,11561,217.0,1060.0,0.25,101,L2-D1-S,Glo,4.0,198.0,4712.0,11114.0,gdsc:1060:0.25uM,PD0325901
810859,11562,217.0,1060.0,0.25,101,L2-D1-S,Glo,4.0,198.0,4712.0,11115.0,gdsc:1060:0.25uM,PD0325901
811338,11568,159.0,1060.0,0.25,101,L2-D1-S,Glo,4.0,37.0,2536.0,11119.0,gdsc:1060:0.25uM,PD0325901
811810,11569,159.0,1060.0,0.25,101,L2-D1-S,Glo,4.0,37.0,2536.0,11120.0,gdsc:1060:0.25uM,PD0325901
812282,11570,159.0,1060.0,0.25,101,L2-D1-S,Glo,4.0,37.0,2536.0,11121.0,gdsc:1060:0.25uM,PD0325901
812754,11571,217.0,1060.0,0.25,101,L2-D1-S,Glo,4.0,37.0,2536.0,11122.0,gdsc:1060:0.25uM,PD0325901
813233,11572,217.0,1060.0,0.25,101,L2-D1-S,Glo,4.0,37.0,2536.0,11123.0,gdsc:1060:0.25uM,PD0325901
813712,11573,217.0,1060.0,0.25,101,L2-D1-S,Glo,4.0,37.0,2536.0,11124.0,gdsc:1060:0.25uM,PD0325901
814191,11579,159.0,1060.0,0.25,101,L2-D1-S,Glo,4.0,3.0,5529.0,11127.0,gdsc:1060:0.25uM,PD0325901
814663,11580,159.0,1060.0,0.25,101,L2-D1-S,Glo,4.0,3.0,5529.0,11128.0,gdsc:1060:0.25uM,PD0325901
815135,11581,159.0,1060.0,0.25,101,L2-D1-S,Glo,4.0,3.0,5529.0,11129.0,gdsc:1060:0.25uM,PD0325901
815607,11582,217.0,1060.0,0.25,101,L2-D1-S,Glo,4.0,3.0,5529.0,11130.0,gdsc:1060:0.25uM,PD0325901
816086,11583,217.0,1060.0,0.25,101,L2-D1-S,Glo,4.0,3.0,5529.0,11131.0,gdsc:1060:0.25uM,PD0325901
816565,11584,217.0,1060.0,0.25,101,L2-D1-S,Glo,4.0,3.0,5529.0,11132.0,gdsc:1060:0.25uM,PD0325901
817044,11590,159.0,1060.0,0.25,101,L2-D1-S,Glo,4.0,1145.0,5512.0,11135.0,gdsc:1060:0.25uM,PD0325901
817516,11591,159.0,1060.0,0.25,101,L2-D1-S,Glo,4.0,1145.0,5512.0,11136.0,gdsc:1060:0.25uM,PD0325901
817988,11592,159.0,1060.0,0.25,101,L2-D1-S,Glo,4.0,1145.0,5512.0,11137.0,gdsc:1060:0.25uM,PD0325901
818460,11593,217.0,1060.0,0.25,101,L2-D1-S,Glo,4.0,1145.0,5512.0,11138.0,gdsc:1060:0.25uM,PD0325901
818939,11594,217.0,1060.0,0.25,101,L2-D1-S,Glo,4.0,1145.0,5512.0,11139.0,gdsc:1060:0.25uM,PD0325901
819418,11595,217.0,1060.0,0.25,101,L2-D1-S,Glo,4.0,1145.0,5512.0,11140.0,gdsc:1060:0.25uM,PD0325901
819897,11480,159.0,1060.0,0.25,101,L2-D1-S,Glo,4.0,953.0,6231.0,11143.0,gdsc:1060:0.25uM,PD0325901
820369,11481,159.0,1060.0,0.25,101,L2-D1-S,Glo,4.0,953.0,6231.0,11144.0,gdsc:1060:0.25uM,PD0325901
820841,11482,159.0,1060.0,0.25,101,L2-D1-S,Glo,4.0,953.0,6231.0,11145.0,gdsc:1060:0.25uM,PD0325901
821313,11483,217.0,1060.0,0.25,101,L2-D1-S,Glo,4.0,953.0,6231.0,11146.0,gdsc:1060:0.25uM,PD0325901
821792,11484,217.0,1060.0,0.25,101,L2-D1-S,Glo,4.0,953.0,6231.0,11147.0,gdsc:1060:0.25uM,PD0325901
822271,11485,217.0,1060.0,0.25,101,L2-D1-S,Glo,4.0,953.0,6231.0,11148.0,gdsc:1060:0.25uM,PD0325901
822750,11491,159.0,1060.0,0.25,101,L2-D1-S,Glo,4.0,369.0,2878.0,11151.0,gdsc:1060:0.25uM,PD0325901
823222,11492,159.0,1060.0,0.25,101,L2-D1-S,Glo,4.0,369.0,2878.0,11152.0,gdsc:1060:0.25uM,PD0325901
823694,11493,159.0,1060.0,0.25,101,L2-D1-S,Glo,4.0,369.0,2878.0,11153.0,gdsc:1060:0.25uM,PD0325901
824166,11494,217.0,1060.0,0.25,101,L2-D1-S,Glo,4.0,369.0,2878.0,11154.0,gdsc:1060:0.25uM,PD0325901
824645,11495,217.0,1060.0,0.25,101,L2-D1-S,Glo,4.0,369.0,2878.0,11155.0,gdsc:1060:0.25uM,PD0325901
825124,11496,217.0,1060.0,0.25,101,L2-D1-S,Glo,4.0,369.0,2878.0,11156.0,gdsc:1060:0.25uM,PD0325901
825603,11502,159.0,1060.0,0.25,101,L2-D1-S,Glo,4.0,2242.0,4711.0,11159.0,gdsc:1060:0.25uM,PD0325901
826075,11503,159.0,1060.0,0.25,101,L2-D1-S,Glo,4.0,2242.0,4711.0,11160.0,gdsc:1060:0.25uM,PD0325901
826547,11504,159.0,1060.0,0.25,101,L2-D1-S,Glo,4.0,2242.0,4711.0,11161.0,gdsc:1060:0.25uM,PD0325901
827019,11505,217.0,1060.0,0.25,101,L2-D1-S,Glo,4.0,2242.0,4711.0,11162.0,gdsc:1060:0.25uM,PD0325901
827498,11506,217.0,1060.0,0.25,101,L2-D1-S,Glo,4.0,2242.0,4711.0,11163.0,gdsc:1060:0.25uM,PD0325901
827977,11507,217.0,1060.0,0.25,101,L2-D1-S,Glo,4.0,2242.0,4711.0,11164.0,gdsc:1060:0.25uM,PD0325901
828456,11514,159.0,1060.0,0.25,101,L2-D1-S,Glo,4.0,1553.0,5232.0,11168.0,gdsc:1060:0.25uM,PD0325901
828928,11515,159.0,1060.0,0.25,101,L2-D1-S,Glo,4.0,1553.0,5232.0,11169.0,gdsc:1060:0.25uM,PD0325901
829400,11516,217.0,1060.0,0.25,101,L2-D1-S,Glo,4.0,1553.0,5232.0,11170.0,gdsc:1060:0.25uM,PD0325901
829879,11517,217.0,1060.0,0.25,101,L2-D1-S,Glo,4.0,1553.0,5232.0,11171.0,gdsc:1060:0.25uM,PD0325901
830358,11518,217.0,1060.0,0.25,101,L2-D1-S,Glo,4.0,1553.0,5232.0,11172.0,gdsc:1060:0.25uM,PD0325901
830837,11524,159.0,1060.0,0.25,101,L2-D1-S,Glo,4.0,1212.0,5530.0,11175.0,gdsc:1060:0.25uM,PD0325901
831309,11525,159.0,1060.0,0.25,101,L2-D1-S,Glo,4.0,1212.0,5530.0,11176.0,gdsc:1060:0.25uM,PD0325901
831781,11764,217.0,1060.0,0.25,101,L2-D1-S,Glo,4.0,655.0,2857.0,11205.0,gdsc:1060:0.25uM,PD0325901
832260,11766,159.0,1060.0,0.25,101,L2-D1-S,Glo,4.0,184.0,3024.0,11206.0,gdsc:1060:0.25uM,PD0325901
832732,11767,217.0,1060.0,0.25,101,L2-D1-S,Glo,4.0,184.0,3024.0,11207.0,gdsc:1060:0.25uM,PD0325901
833211,11771,159.0,1060.0,0.25,101,L2-D1-S,Glo,4.0,415.0,4093.0,11208.0,gdsc:1060:0.25uM,PD0325901
833683,11772,217.0,1060.0,0.25,101,L2-D1-S,Glo,4.0,415.0,4093.0,11209.0,gdsc:1060:0.25uM,PD0325901
834162,11786,159.0,1060.0,0.25,101,L2-D1-S,Glo,4.0,80.0,3336.0,11210.0,gdsc:1060:0.25uM,PD0325901
834634,11787,217.0,1060.0,0.25,101,L2-D1-S,Glo,4.0,80.0,3336.0,11211.0,gdsc:1060:0.25uM,PD0325901
835113,11801,159.0,1060.0,0.25,101,L2-D1-S,Glo,4.0,478.0,3434.0,11212.0,gdsc:1060:0.25uM,PD0325901
835585,11802,217.0,1060.0,0.25,101,L2-D1-S,Glo,4.0,478.0,3434.0,11213.0,gdsc:1060:0.25uM,PD0325901
836064,11804,159.0,1060.0,0.25,101,L2-D1-S,Glo,4.0,355.0,3438.0,11214.0,gdsc:1060:0.25uM,PD0325901
836536,11813,159.0,1060.0,0.25,101,L2-D1-S,Glo,4.0,1781.0,2522.0,11216.0,gdsc:1060:0.25uM,PD0325901
837008,11814,217.0,1060.0,0.25,101,L2-D1-S,Glo,4.0,1781.0,2522.0,11217.0,gdsc:1060:0.25uM,PD0325901
837487,11816,159.0,1060.0,0.25,101,L2-D1-S,Glo,4.0,1191.0,2105.0,11218.0,gdsc:1060:0.25uM,PD0325901
837959,11817,217.0,1060.0,0.25,101,L2-D1-S,Glo,4.0,1191.0,2105.0,11219.0,gdsc:1060:0.25uM,PD0325901
838438,11819,159.0,1060.0,0.25,101,L2-D1-S,Glo,4.0,946.0,2531.0,11220.0,gdsc:1060:0.25uM,PD0325901
838910,11820,217.0,1060.0,0.25,101,L2-D1-S,Glo,4.0,946.0,2531.0,11221.0,gdsc:1060:0.25uM,PD0325901
839389,11763,159.0,1060.0,0.25,101,L2-D1-S,Glo,4.0,655.0,2857.0,11224.0,gdsc:1060:0.25uM,PD0325901
839861,11793,217.0,1060.0,0.25,101,L2-D1-S,Glo,4.0,918.0,3370.0,11238.0,gdsc:1060:0.25uM,PD0325901
840340,11798,159.0,1060.0,0.25,101,L2-D1-S,Glo,4.0,341.0,3396.0,11239.0,gdsc:1060:0.25uM,PD0325901
840812,11799,217.0,1060.0,0.25,101,L2-D1-S,Glo,4.0,341.0,3396.0,11240.0,gdsc:1060:0.25uM,PD0325901
841291,11807,159.0,1060.0,0.25,101,L2-D1-S,Glo,4.0,1271.0,2019.0,11241.0,gdsc:1060:0.25uM,PD0325901
841763,11822,159.0,1060.0,0.25,101,L2-D1-S,Glo,4.0,2037.0,2165.0,11242.0,gdsc:1060:0.25uM,PD0325901
842235,11823,217.0,1060.0,0.25,101,L2-D1-S,Glo,4.0,2037.0,2165.0,11243.0,gdsc:1060:0.25uM,PD0325901
842714,11792,159.0,1060.0,0.25,101,L2-D1-S,Glo,4.0,918.0,3370.0,11261.0,gdsc:1060:0.25uM,PD0325901
843186,11839,159.0,1060.0,0.25,101,L2-D1-S,Glo,4.0,709.0,3093.0,11287.0,gdsc:1060:0.25uM,PD0325901
843658,11844,159.0,1060.0,0.25,101,L2-D1-S,Glo,4.0,1380.0,3383.0,11288.0,gdsc:1060:0.25uM,PD0325901
844130,11845,217.0,1060.0,0.25,101,L2-D1-S,Glo,4.0,1380.0,3383.0,11289.0,gdsc:1060:0.25uM,PD0325901
844609,11853,217.0,1060.0,0.25,101,L2-D1-S,Glo,4.0,1762.0,2015.0,11294.0,gdsc:1060:0.25uM,PD0325901
845088,11857,159.0,1060.0,0.25,101,L2-D1-S,Glo,4.0,2218.0,6375.0,11296.0,gdsc:1060:0.25uM,PD0325901
845560,11865,159.0,1060.0,0.25,101,L2-D1-S,Glo,4.0,944.0,2919.0,11298.0,gdsc:1060:0.25uM,PD0325901
846032,11866,217.0,1060.0,0.25,101,L2-D1-S,Glo,4.0,944.0,2919.0,11299.0,gdsc:1060:0.25uM,PD0325901
846511,11871,159.0,1060.0,0.25,101,L2-D1-S,Glo,4.0,2106.0,3329.0,11300.0,gdsc:1060:0.25uM,PD0325901
846983,11872,217.0,1060.0,0.25,101,L2-D1-S,Glo,4.0,2106.0,3329.0,11301.0,gdsc:1060:0.25uM,PD0325901
847462,11877,159.0,1060.0,0.25,101,L2-D1-S,Glo,4.0,1539.0,3387.0,11304.0,gdsc:1060:0.25uM,PD0325901
847934,11878,217.0,1060.0,0.25,101,L2-D1-S,Glo,4.0,1539.0,3387.0,11305.0,gdsc:1060:0.25uM,PD0325901
848413,11880,159.0,1060.0,0.25,101,L2-D1-S,Glo,4.0,1240.0,3303.0,11306.0,gdsc:1060:0.25uM,PD0325901
848885,11881,217.0,1060.0,0.25,101,L2-D1-S,Glo,4.0,1240.0,3303.0,11307.0,gdsc:1060:0.25uM,PD0325901
849364,11883,159.0,1060.0,0.25,101,L2-D1-S,Glo,4.0,2224.0,3090.0,11308.0,gdsc:1060:0.25uM,PD0325901
849836,11884,217.0,1060.0,0.25,101,L2-D1-S,Glo,4.0,2224.0,3090.0,11309.0,gdsc:1060:0.25uM,PD0325901
850315,11831,217.0,1060.0,0.25,101,L2-D1-S,Glo,4.0,186.0,2307.0,11314.0,gdsc:1060:0.25uM,PD0325901
850794,11925,217.0,1060.0,0.25,101,L2-D1-S,Glo,4.0,1917.0,2559.0,11341.0,gdsc:1060:0.25uM,PD0325901
851273,11927,159.0,1060.0,0.25,101,L2-D1-S,Glo,4.0,1224.0,3381.0,11342.0,gdsc:1060:0.25uM,PD0325901
851745,11928,217.0,1060.0,0.25,101,L2-D1-S,Glo,4.0,1224.0,3381.0,11343.0,gdsc:1060:0.25uM,PD0325901
852224,11930,159.0,1060.0,0.25,101,L2-D1-S,Glo,4.0,1826.0,3275.0,11344.0,gdsc:1060:0.25uM,PD0325901
852696,11931,217.0,1060.0,0.25,101,L2-D1-S,Glo,4.0,1826.0,3275.0,11345.0,gdsc:1060:0.25uM,PD0325901
853175,11940,217.0,1060.0,0.25,101,L2-D1-S,Glo,4.0,548.0,2235.0,11347.0,gdsc:1060:0.25uM,PD0325901
853654,11951,159.0,1060.0,0.25,101,L2-D1-S,Glo,4.0,2087.0,5209.0,11350.0,gdsc:1060:0.25uM,PD0325901
854126,11952,217.0,1060.0,0.25,101,L2-D1-S,Glo,4.0,2087.0,5209.0,11351.0,gdsc:1060:0.25uM,PD0325901
854605,11955,217.0,1060.0,0.25,101,L2-D1-S,Glo,4.0,133.0,3239.0,11353.0,gdsc:1060:0.25uM,PD0325901
855084,11957,159.0,1060.0,0.25,101,L2-D1-S,Glo,4.0,1166.0,2126.0,11354.0,gdsc:1060:0.25uM,PD0325901
855556,11988,159.0,1060.0,0.25,101,L2-D1-S,Glo,4.0,2227.0,3225.0,11369.0,gdsc:1060:0.25uM,PD0325901
856028,11989,159.0,1060.0,0.25,101,L2-D1-S,Glo,4.0,2227.0,3225.0,11370.0,gdsc:1060:0.25uM,PD0325901
856500,11991,217.0,1060.0,0.25,101,L2-D1-S,Glo,4.0,2119.0,3279.0,11371.0,gdsc:1060:0.25uM,PD0325901
856979,11992,159.0,1060.0,0.25,101,L2-D1-S,Glo,4.0,2119.0,3279.0,11372.0,gdsc:1060:0.25uM,PD0325901
857451,12002,217.0,1060.0,0.25,101,L2-D1-S,Glo,4.0,90.0,3312.0,11373.0,gdsc:1060:0.25uM,PD0325901
857930,12003,159.0,1060.0,0.25,101,L2-D1-S,Glo,4.0,90.0,3312.0,11374.0,gdsc:1060:0.25uM,PD0325901
858402,12005,217.0,1060.0,0.25,101,L2-D1-S,Glo,4.0,2107.0,3342.0,11375.0,gdsc:1060:0.25uM,PD0325901
858881,12006,217.0,1060.0,0.25,101,L2-D1-S,Glo,4.0,2107.0,3342.0,11376.0,gdsc:1060:0.25uM,PD0325901
859360,12007,159.0,1060.0,0.25,101,L2-D1-S,Glo,4.0,2107.0,3342.0,11377.0,gdsc:1060:0.25uM,PD0325901
859832,12008,159.0,1060.0,0.25,101,L2-D1-S,Glo,4.0,2107.0,3342.0,11378.0,gdsc:1060:0.25uM,PD0325901
860304,12010,217.0,1060.0,0.25,101,L2-D1-S,Glo,4.0,355.0,3438.0,11379.0,gdsc:1060:0.25uM,PD0325901
860783,12011,217.0,1060.0,0.25,101,L2-D1-S,Glo,4.0,355.0,3438.0,11380.0,gdsc:1060:0.25uM,PD0325901
861262,12013,217.0,1060.0,0.25,101,L2-D1-S,Glo,4.0,399.0,2061.0,11381.0,gdsc:1060:0.25uM,PD0325901
861741,12014,159.0,1060.0,0.25,101,L2-D1-S,Glo,4.0,399.0,2061.0,11382.0,gdsc:1060:0.25uM,PD0325901
862213,12033,217.0,1060.0,0.25,101,L2-D1-S,Glo,4.0,1470.0,2267.0,11383.0,gdsc:1060:0.25uM,PD0325901
862692,12034,217.0,1060.0,0.25,101,L2-D1-S,Glo,4.0,1470.0,2267.0,11384.0,gdsc:1060:0.25uM,PD0325901
863171,12035,159.0,1060.0,0.25,101,L2-D1-S,Glo,4.0,1470.0,2267.0,11385.0,gdsc:1060:0.25uM,PD0325901
863643,12036,159.0,1060.0,0.25,101,L2-D1-S,Glo,4.0,1470.0,2267.0,11386.0,gdsc:1060:0.25uM,PD0325901
864115,11986,217.0,1060.0,0.25,101,L2-D1-S,Glo,4.0,2227.0,3225.0,11387.0,gdsc:1060:0.25uM,PD0325901
864594,11987,217.0,1060.0,0.25,101,L2-D1-S,Glo,4.0,2227.0,3225.0,11388.0,gdsc:1060:0.25uM,PD0325901
865073,12082,217.0,1060.0,0.25,101,L2-D1-S,Glo,4.0,152.0,5954.0,11436.0,gdsc:1060:0.25uM,PD0325901
865552,12083,159.0,1060.0,0.25,101,L2-D1-S,Glo,4.0,152.0,5954.0,11437.0,gdsc:1060:0.25uM,PD0325901
866024,12085,217.0,1060.0,0.25,101,L2-D1-S,Glo,4.0,2099.0,2930.0,11438.0,gdsc:1060:0.25uM,PD0325901
866503,12086,159.0,1060.0,0.25,101,L2-D1-S,Glo,4.0,2099.0,2930.0,11439.0,gdsc:1060:0.25uM,PD0325901
866975,12088,217.0,1060.0,0.25,101,L2-D1-S,Glo,4.0,569.0,2450.0,11440.0,gdsc:1060:0.25uM,PD0325901
867454,12089,159.0,1060.0,0.25,101,L2-D1-S,Glo,4.0,569.0,2450.0,11441.0,gdsc:1060:0.25uM,PD0325901
867926,12091,217.0,1060.0,0.25,101,L2-D1-S,Glo,4.0,741.0,5360.0,11442.0,gdsc:1060:0.25uM,PD0325901
868405,12092,159.0,1060.0,0.25,101,L2-D1-S,Glo,4.0,741.0,5360.0,11443.0,gdsc:1060:0.25uM,PD0325901
868877,12094,217.0,1060.0,0.25,101,L2-D1-S,Glo,4.0,43.0,5356.0,11444.0,gdsc:1060:0.25uM,PD0325901
869356,12095,159.0,1060.0,0.25,101,L2-D1-S,Glo,4.0,43.0,5356.0,11445.0,gdsc:1060:0.25uM,PD0325901
869828,12098,159.0,1060.0,0.25,101,L2-D1-S,Glo,4.0,1066.0,4737.0,11447.0,gdsc:1060:0.25uM,PD0325901
870300,12100,217.0,1060.0,0.25,101,L2-D1-S,Glo,4.0,338.0,5569.0,11448.0,gdsc:1060:0.25uM,PD0325901
870779,12101,159.0,1060.0,0.25,101,L2-D1-S,Glo,4.0,338.0,5569.0,11449.0,gdsc:1060:0.25uM,PD0325901
871251,12106,217.0,1060.0,0.25,101,L2-D1-S,Glo,4.0,1034.0,2631.0,11450.0,gdsc:1060:0.25uM,PD0325901
871730,12107,159.0,1060.0,0.25,101,L2-D1-S,Glo,4.0,1034.0,2631.0,11451.0,gdsc:1060:0.25uM,PD0325901
872202,12125,159.0,1060.0,0.25,101,L2-D1-S,Glo,4.0,601.0,2287.0,11457.0,gdsc:1060:0.25uM,PD0325901
872674,12148,217.0,1060.0,0.25,101,L2-D1-S,Glo,4.0,961.0,2046.0,11462.0,gdsc:1060:0.25uM,PD0325901
873153,12149,159.0,1060.0,0.25,101,L2-D1-S,Glo,4.0,961.0,2046.0,11463.0,gdsc:1060:0.25uM,PD0325901
