BARCODE,SCAN_ID,DRUGSET_ID,prior_scan,actions
3230,2945,159,True,3
3236,2947,159,True,3
3242,2948,159,True,3
3266,2956,159,True,3
3277,2963,158,True,1
3278,2964,159,True,3
3341,3069,158,True,1
3347,3071,158,True,1
3348,3072,159,True,3
3350,3073,158,True,1
3351,3074,159,True,3
3356,3077,158,True,1
3357,3078,159,True,3
3360,3080,159,True,3
3365,3083,158,True,1
3366,3084,159,True,3
3368,3085,158,True,1
3383,3095,158,True,1
3384,3096,159,True,3
3386,3097,158,True,1
3480,3187,158,True,1
3481,3188,159,True,3
3483,3189,158,True,1
3484,3190,159,True,3
3486,3191,158,True,1
3487,3192,159,True,3
3489,3193,158,True,1
3490,3194,159,True,3
3492,3195,158,True,1
3493,3196,159,True,3
3495,3197,158,True,1
3496,3198,159,True,3
3498,3199,158,True,1
3499,3200,159,True,3
3501,3201,158,True,1
3502,3202,159,True,3
3504,3203,158,True,1
3505,3204,159,True,3
3507,3205,158,True,1
3508,3206,159,True,3
3510,3207,158,True,1
3511,3208,159,True,3
3513,3209,158,True,1
3535,3218,159,True,3
3538,3220,159,True,3
3549,3225,158,True,1
3550,3226,159,True,3
3552,3227,158,True,1
3553,3228,159,True,3
3555,3229,158,True,1
3556,3230,159,True,3
3562,3234,159,True,3
3567,3237,158,True,1
3568,3238,159,True,3
3570,3239,158,True,1
3571,3240,159,True,3
3688,3390,158,True,1
3689,3391,159,True,3
3691,3392,158,True,1
3692,3393,159,True,3
3694,3394,158,True,1
3695,3395,159,True,3
3703,3400,158,True,1
3704,3401,159,True,3
3713,3406,158,True,1
3714,3407,159,True,3
3734,3412,158,True,1
3735,3413,159,True,3
3737,3414,158,True,1
3738,3415,159,True,3
3935,3522,158,True,1
3944,3526,158,True,1
3945,3527,159,True,3
3950,3528,158,True,1
3954,3531,159,True,3
3959,3534,158,True,1
3960,3535,159,True,3
3966,3538,159,True,3
3968,3539,158,True,1
3969,3540,159,True,3
3972,3542,159,True,3
3978,3545,159,True,3
3980,3546,158,True,1
3981,3547,159,True,3
3983,3548,158,True,1
3987,3550,159,True,3
3992,3551,158,True,1
3993,3552,159,True,3
3995,3553,158,True,1
3996,3554,159,True,3
3999,3555,159,True,3
4002,3556,159,True,3
4005,3558,159,True,3
4008,3559,159,True,3
4013,3619,158,True,1
4015,3620,158,True,1
4019,3622,158,True,1
4023,3624,158,True,1
4091,3666,158,True,1
4092,3667,158,True,1
4093,3668,158,True,1
4094,3669,159,True,3
4095,3670,159,True,3
4096,3671,159,True,3
4112,3687,158,True,1
4113,3688,158,True,1
4114,3689,158,True,1
4115,3690,159,True,3
4116,3691,159,True,3
4117,3692,159,True,3
4119,3694,158,True,1
4120,3695,158,True,1
4121,3696,158,True,1
4122,3697,159,True,3
4123,3698,159,True,3
4124,3700,159,True,3
4126,3702,158,True,1
4127,3703,158,True,1
4128,3704,158,True,1
4129,3705,159,True,3
4130,3706,159,True,3
4131,3707,159,True,3
4143,3712,159,True,3
4144,3713,159,True,3
4145,3714,159,True,3
4147,3716,158,True,1
4148,3717,158,True,1
4149,3718,158,True,1
4150,3719,159,True,3
4151,3720,159,True,3
4152,3721,159,True,3
4157,3725,159,True,3
4158,3726,159,True,3
4159,3727,159,True,3
4161,3729,158,True,1
4162,3730,158,True,1
4163,3731,158,True,1
4164,3732,159,True,3
4165,3733,159,True,3
4166,3734,159,True,3
4168,3736,158,True,1
4169,3737,158,True,1
4170,3738,158,True,1
4171,3739,159,True,3
4172,3740,159,True,3
4177,3767,159,True,3
4179,3768,158,True,1
4180,3769,159,True,3
4186,3773,159,True,3
4191,3776,158,True,1
4192,3777,159,True,3
4197,3778,158,True,1
4201,3781,159,True,3
4203,3782,158,True,1
4204,3783,159,True,3
4206,3784,158,True,1
4207,3785,159,True,3
4212,3786,158,True,1
4213,3787,159,True,3
4218,3746,158,True,1
4219,3747,159,True,3
4228,3751,159,True,3
4231,3753,159,True,3
4306,3822,158,True,1
4308,3823,158,True,1
4309,3824,158,True,1
4602,3930,159,True,3
4622,3937,158,True,1
4623,3938,159,True,3
4628,3941,158,True,1
4629,3942,159,True,3
4632,3944,159,True,3
4634,3945,158,True,1
4635,3946,159,True,3
4638,3948,159,True,3
4640,3950,158,True,1
4641,3951,159,True,3
4695,4166,158,True,1
4696,4143,159,True,3
4701,4151,158,True,1
4707,4168,158,True,1
4708,4144,159,True,3
4710,4152,158,True,1
4711,4125,159,True,3
4714,4129,159,True,3
4716,4169,158,True,1
4717,4145,159,True,3
4725,4163,158,True,1
4726,4123,159,True,3
4732,4153,158,True,1
4738,4155,158,True,1
4739,4131,159,True,3
4741,4160,158,True,1
4742,4130,159,True,3
4747,4159,158,True,1
4753,4162,158,True,1
4768,4120,158,True,1
4769,4138,159,True,3
4771,4118,158,True,1
4772,4140,159,True,3
4780,4171,158,True,1
4781,4141,159,True,3
4797,4295,158,True,1
4798,4305,159,True,3
4800,4299,158,True,1
4801,4286,159,True,3
4803,4297,158,True,1
4804,4304,159,True,3
4810,4287,159,True,3
4815,4296,158,True,1
4816,4303,159,True,3
4821,4294,158,True,1
4822,4306,159,True,3
4824,4302,158,True,1
4825,4307,159,True,3
4863,4356,158,True,1
4864,4357,159,True,3
4866,4358,158,True,1
4867,4359,159,True,3
4889,4360,158,True,1
4890,4361,159,True,3
4899,4363,159,True,3
4901,4364,158,True,1
4902,4365,159,True,3
5094,4604,158,True,1
5095,4585,159,True,3
5103,4589,158,True,1
5115,4592,158,True,1
5116,4581,159,True,3
5154,4602,158,True,1
5155,4571,159,True,3
5164,4576,159,True,3
5269,4684,158,True,1
5270,4692,159,True,3
5279,4676,159,True,3
5281,4706,158,True,1
5282,4680,159,True,3
5284,4694,158,True,1
5285,4669,159,True,3
5288,4670,159,True,3
5290,4695,158,True,1
5291,4667,159,True,3
5294,4677,159,True,3
5297,4673,159,True,3
5300,4679,159,True,3
5302,4701,158,True,1
5303,4675,159,True,3
5305,4697,158,True,1
5306,4671,159,True,3
5311,4700,158,True,1
5312,4674,159,True,3
5317,4687,158,True,1
5318,4691,159,True,3
5320,4686,158,True,1
5321,4690,159,True,3
5327,4672,159,True,3
5329,4681,158,True,1
5330,4683,159,True,3
5424,4858,159,True,3
5427,4856,159,True,3
5432,4868,158,True,1
5433,4852,159,True,3
5516,5122,158,True,1
5517,4943,159,True,3
5519,5114,158,True,1
5520,4939,159,True,3
5522,5128,158,True,1
5523,4949,159,True,3
5525,5127,158,True,1
5526,4944,159,True,3
5528,5125,158,True,1
5529,4945,159,True,3
5534,5121,158,True,1
5540,5123,158,True,1
5541,4946,159,True,3
5543,4952,158,True,1
5544,4936,159,True,3
5546,5115,158,True,1
5547,4940,159,True,3
5550,4933,159,True,3
5552,5118,158,True,1
5555,5124,158,True,1
5561,5119,158,True,1
5562,4934,159,True,3
5564,5113,158,True,1
5565,4938,159,True,3
5567,5120,158,True,1
5570,5129,158,True,1
5571,4950,159,True,3
5731,5229,158,True,1
5732,5206,159,True,3
5738,5237,159,True,3
5740,5232,158,True,1
5741,5205,159,True,3
5743,5233,158,True,1
5744,5235,159,True,3
5746,5234,158,True,1
5747,5211,159,True,3
5749,5231,158,True,1
5750,5236,159,True,3
5752,5228,158,True,1
5753,5213,159,True,3
5972,5418,159,True,3
5974,5443,158,True,1
5975,5428,159,True,3
5980,5441,158,True,1
5981,5430,159,True,3
5983,5444,158,True,1
5986,5439,158,True,1
5992,5438,158,True,1
5993,5432,159,True,3
5996,5417,159,True,3
5999,5426,159,True,3
6002,5425,159,True,3
6005,5429,159,True,3
6007,5385,158,True,1
6008,5420,159,True,3
6010,5389,158,True,1
6011,5416,159,True,3
6013,5437,158,True,1
6014,5433,159,True,3
6016,5447,158,True,1
6017,5424,159,True,3
6019,5449,158,True,1
6020,5422,159,True,3
6022,5386,158,True,1
6023,5419,159,True,3
6025,5440,158,True,1
6237,5822,158,True,1
6238,5821,159,True,3
6250,5820,159,True,3
6252,5774,158,True,1
6255,5816,158,True,1
6256,5815,159,True,3
6261,5772,158,True,1
6262,5773,159,True,3
6288,5812,158,True,1
6289,5811,159,True,3
6297,5818,158,True,1
6298,5817,159,True,3
6312,5823,158,True,1
6313,5824,159,True,3
6357,5889,158,True,1
6369,5882,158,True,1
6387,5891,158,True,1
6390,5885,158,True,1
6393,5892,158,True,1
6396,5890,158,True,1
6403,5880,159,True,3
6415,5879,159,True,3
6587,6028,158,True,1
6605,6101,158,True,1
6617,6107,158,True,1
6620,6109,158,True,1
6632,6111,158,True,1
6828,6255,158,True,1
6829,6256,159,True,3
6834,6268,158,True,1
6837,6274,158,True,1
6838,6273,159,True,3
6840,6258,158,True,1
6841,6257,159,True,3
6843,6270,158,True,1
6849,6264,158,True,1
6855,6254,158,True,1
6856,6253,159,True,3
6858,6260,158,True,1
6864,6246,158,True,1
6867,6262,158,True,1
6873,6350,158,True,1
6876,6352,158,True,1
6882,6356,158,True,1
6885,6358,158,True,1
6891,6362,158,True,1
6892,6363,159,True,3
6894,6364,158,True,1
6903,6368,158,True,1
6912,6372,158,True,1
6913,6373,159,True,3
6915,6374,158,True,1
6916,6375,159,True,3
6918,6376,158,True,1
6921,6378,158,True,1
6924,6380,158,True,1
6931,6385,159,True,3
6945,6390,158,True,1
6948,6392,158,True,1
6951,6394,158,True,1
6952,6395,159,True,3
6954,6396,158,True,1
7007,6547,159,True,3
7027,6553,158,True,1
7028,6554,159,True,3
7030,6538,158,True,1
7031,6539,159,True,3
7033,6532,158,True,1
7034,6533,159,True,3
7039,6546,158,True,1
7040,6545,159,True,3
7042,6534,158,True,1
7043,6535,159,True,3
7045,6543,158,True,1
7046,6544,159,True,3
7048,6541,158,True,1
7049,6540,159,True,3
7052,6466,159,True,3
7054,6542,158,True,1
7055,6464,159,True,3
7193,6590,158,True,1
7194,6589,159,True,3
7196,6612,158,True,1
7197,6613,159,True,3
7199,6596,158,True,1
7200,6595,159,True,3
7208,6602,158,True,1
7209,6603,159,True,3
7211,6594,158,True,1
7212,6593,159,True,3
7214,6584,158,True,1
7215,6583,159,True,3
7217,6615,158,True,1
7218,6614,159,True,3
7226,6576,158,True,1
7227,6575,159,True,3
7229,6578,158,True,1
7230,6577,159,True,3
7235,6601,158,True,1
7236,6620,159,True,3
7238,6586,158,True,1
7239,6585,159,True,3
7244,6582,158,True,1
7245,6581,159,True,3
7247,6580,158,True,1
7248,6579,159,True,3
7250,6598,158,True,1
7251,6597,159,True,3
7259,6608,158,True,1
7260,6609,159,True,3
7265,6588,158,True,1
7266,6587,159,True,3
7268,6610,158,True,1
7269,6611,159,True,3
7292,6592,158,True,1
7293,6591,159,True,3
7295,6570,158,True,1
7296,6569,159,True,3
7298,6476,158,True,1
7299,6475,159,True,3
7301,6480,158,True,1
7302,6479,159,True,3
7334,6574,158,True,1
7335,6573,159,True,3
7340,6468,158,True,1
7341,6467,159,True,3
7353,6617,159,True,3
7355,6572,158,True,1
7356,6571,159,True,3
7361,6605,158,True,1
7362,6604,159,True,3
7370,6470,158,True,1
7371,6469,159,True,3
7392,6769,158,True,1
7393,6747,159,True,3
7395,6787,158,True,1
7396,6796,159,True,3
7404,6786,158,True,1
7405,6795,159,True,3
7407,6772,158,True,1
7408,6797,159,True,3
7428,6777,158,True,1
7429,6776,159,True,3
7431,6770,158,True,1
7437,6778,158,True,1
7438,6775,159,True,3
7440,6771,158,True,1
7441,6745,159,True,3
7443,6783,158,True,1
7444,6791,159,True,3
7449,6779,158,True,1
7455,6782,158,True,1
7456,6790,159,True,3
7461,6780,158,True,1
7462,6789,159,True,3
7580,6907,158,True,1
7581,6908,159,True,3
7583,6884,158,True,1
7584,6885,159,True,3
7595,6880,158,True,1
7596,6881,159,True,3
7598,6878,158,True,1
7599,6879,159,True,3
7604,6895,158,True,1
7605,6896,159,True,3
7613,6889,158,True,1
7614,6890,159,True,3
7619,6882,158,True,1
7620,6883,159,True,3
7622,6897,158,True,1
7623,6898,159,True,3
7637,6870,158,True,1
7638,6871,159,True,3
7640,6905,158,True,1
7641,6906,159,True,3
7659,6874,159,True,3
7661,6899,158,True,1
7664,6872,158,True,1
7665,6873,159,True,3
7667,6903,158,True,1
7668,6904,159,True,3
7765,7019,158,True,1
7766,7044,159,True,3
7780,7052,158,True,1
7781,7037,159,True,3
7783,7054,158,True,1
7784,7039,159,True,3
7787,7046,159,True,3
7790,7034,159,True,3
7792,7051,158,True,1
7793,7036,159,True,3
7799,7038,159,True,3
7801,7047,158,True,1
7802,7033,159,True,3
7804,7059,158,True,1
7805,7043,159,True,3
7808,7032,159,True,3
7810,7055,158,True,1
7811,7040,159,True,3
7813,7056,158,True,1
7814,7045,159,True,3
7816,7050,158,True,1
7817,7035,159,True,3
7820,7042,159,True,3
7989,7293,158,True,1
7990,7294,159,True,3
7992,7272,158,True,1
7993,7271,159,True,3
7995,7295,158,True,1
7996,7296,159,True,3
7998,7281,158,True,1
7999,7282,159,True,3
8001,7299,158,True,1
8002,7300,159,True,3
8010,7270,158,True,1
8011,7269,159,True,3
8013,7274,158,True,1
8014,7273,159,True,3
8016,7303,158,True,1
8017,7304,159,True,3
8028,7289,158,True,1
8031,7305,158,True,1
8032,7280,159,True,3
8034,7301,158,True,1
8035,7302,159,True,3
8037,7283,158,True,1
8038,7284,159,True,3
8040,7276,158,True,1
8041,7275,159,True,3
8046,7290,158,True,1
8047,7291,159,True,3
8049,7268,158,True,1
8050,7267,159,True,3
8055,7278,158,True,1
8056,7277,159,True,3
8058,7285,159,True,3
8062,7286,159,True,3
8066,7266,158,True,1
8067,7265,159,True,3
8069,7297,158,True,1
8070,7298,159,True,3
8072,7292,158,True,1
8073,7279,159,True,3
8742,7935,159,True,3
8744,7934,159,True,3
8746,7936,159,True,3
8748,7938,159,True,3
8750,7921,159,True,3
8756,7937,159,True,3
8758,7933,159,True,3
8760,7922,159,True,3
8766,7930,159,True,3
8770,7923,159,True,3
8772,7919,159,True,3
8774,7920,159,True,3
8778,7932,159,True,3
8780,7931,159,True,3
8782,7925,159,True,3
8784,7927,159,True,3
8786,7928,159,True,3
8788,7918,159,True,3
8790,7940,159,True,3
8792,7939,159,True,3
8796,7984,159,True,3
8798,7979,159,True,3
8800,7987,159,True,3
8802,7972,159,True,3
8804,7982,159,True,3
8806,7976,159,True,3
8808,7978,159,True,3
8810,7980,159,True,3
8812,7985,159,True,3
8814,7967,159,True,3
8816,7981,159,True,3
8818,7970,159,True,3
8820,7945,159,True,3
8824,7947,159,True,3
8826,7946,159,True,3
8830,7971,159,True,3
8832,7983,159,True,3
8834,7977,159,True,3
8836,7986,159,True,3
8838,7974,159,True,3
8844,7973,159,True,3
8846,7968,159,True,3
8852,7948,159,True,3
8854,8041,159,True,3
8856,8044,159,True,3
8864,8061,159,True,3
8866,8060,159,True,3
8872,8033,159,True,3
8874,8025,159,True,3
8876,8026,159,True,3
8878,8045,159,True,3
8880,8029,159,True,3
8882,8032,159,True,3
8884,8062,159,True,3
8886,8028,159,True,3
8888,8031,159,True,3
8890,8027,159,True,3
8892,8069,159,True,3
8894,8070,159,True,3
8896,8071,159,True,3
8898,8072,159,True,3
8900,8073,159,True,3
8902,8074,159,True,3
8904,8075,159,True,3
8908,8077,159,True,3
8910,8078,159,True,3
8912,8079,159,True,3
8914,8080,159,True,3
8918,8081,159,True,3
8920,8065,159,True,3
8922,8066,159,True,3
8928,8067,159,True,3
8932,8068,159,True,3
8963,8088,159,True,3
8965,8089,159,True,3
8967,8090,159,True,3
8969,8091,159,True,3
8971,8092,159,True,3
8973,8093,159,True,3
8975,8094,159,True,3
8977,8095,159,True,3
8979,8096,159,True,3
8981,8097,159,True,3
8983,8098,159,True,3
8985,8099,159,True,3
8987,8100,159,True,3
8989,8101,159,True,3
8991,8102,159,True,3
8995,8104,159,True,3
8997,8085,159,True,3
9003,8086,159,True,3
9011,8087,159,True,3
9016,8207,217,True,1
9020,8208,217,True,1
9022,8209,217,True,1
9028,8211,217,True,1
9030,8212,217,True,1
9034,8214,217,True,1
9036,8215,217,True,1
9048,8218,217,True,1
9054,8220,217,True,1
9056,8221,217,True,1
9058,8222,217,True,1
9060,8223,217,True,1
9062,8224,217,True,1
9064,8225,217,True,1
9066,8226,217,True,1
9070,8228,217,True,1
9074,8229,217,True,1
9076,8230,217,True,1
9080,8232,217,True,1
9082,8233,217,True,1
9084,8234,217,True,1
9086,8235,217,True,1
9088,8236,217,True,1
9090,8237,217,True,1
9092,8238,217,True,1
9098,8240,217,True,1
9100,8241,217,True,1
9102,8242,217,True,1
9108,8244,217,True,1
9112,8246,217,True,1
9114,8247,217,True,1
9122,8312,217,True,1
9128,8285,217,True,1
9130,8286,217,True,1
9132,8287,217,True,1
9138,8288,217,True,1
9140,8289,217,True,1
9142,8290,217,True,1
9144,8291,217,True,1
9150,8293,217,True,1
9152,8294,217,True,1
9155,8295,217,True,1
9160,8297,217,True,1
9164,8298,217,True,1
9166,8299,217,True,1
9170,8300,217,True,1
9172,8301,217,True,1
9176,8302,217,True,1
9178,8303,217,True,1
9182,8304,217,True,1
9184,8305,217,True,1
9188,8307,217,True,1
9190,8308,217,True,1
9192,8309,217,True,1
9194,8310,217,True,1
9236,8418,217,True,1
9248,8346,217,True,1
9250,8348,217,True,1
9252,8350,217,True,1
9254,8352,217,True,1
9256,8354,217,True,1
9258,8356,217,True,1
9270,8358,217,True,1
9274,8362,217,True,1
9276,8364,159,True,3
9277,8365,217,True,1
9282,8367,159,True,3
9283,8368,217,True,1
9285,8370,159,True,3
9286,8371,217,True,1
9294,8373,159,True,3
9295,8374,217,True,1
9303,8376,159,True,3
9304,8377,217,True,1
9312,8382,159,True,3
9313,8383,217,True,1
9318,8385,159,True,3
9319,8386,217,True,1
9321,8388,159,True,3
9322,8389,217,True,1
9324,8391,159,True,3
9325,8392,217,True,1
9345,8394,159,True,3
9346,8395,217,True,1
9348,8397,159,True,3
9349,8398,217,True,1
9351,8400,159,True,3
9352,8401,217,True,1
9354,8403,159,True,3
9355,8404,217,True,1
9357,8406,159,True,3
9358,8407,217,True,1
9360,8409,159,True,3
9361,8410,217,True,1
9363,8412,159,True,3
9364,8413,217,True,1
9369,8415,159,True,3
9370,8416,217,True,1
9373,8485,159,True,3
9374,8486,159,True,3
9375,8487,159,True,3
9376,8488,217,True,1
9377,8489,217,True,1
9378,8490,217,True,1
9380,8491,159,True,3
9381,8492,159,True,3
9382,8493,159,True,3
9383,8494,217,True,1
9384,8495,217,True,1
9385,8496,217,True,1
9386,8497,159,True,3
9387,8498,159,True,3
9388,8499,159,True,3
9389,8500,217,True,1
9390,8501,217,True,1
9391,8502,217,True,1
9393,8503,159,True,3
9394,8504,159,True,3
9395,8505,159,True,3
9396,8506,217,True,1
9397,8507,217,True,1
9398,8508,217,True,1
9400,8509,159,True,3
9401,8510,159,True,3
9402,8511,159,True,3
9403,8512,217,True,1
9404,8513,217,True,1
9405,8514,217,True,1
9407,8515,159,True,3
9408,8516,159,True,3
9409,8517,159,True,3
9410,8518,217,True,1
9411,8519,217,True,1
9412,8520,217,True,1
9414,8521,159,True,3
9415,8522,159,True,3
9416,8523,159,True,3
9417,8524,217,True,1
9418,8525,217,True,1
9419,8526,217,True,1
9421,8527,159,True,3
9422,8528,159,True,3
9423,8529,159,True,3
9424,8530,217,True,1
9425,8531,217,True,1
9426,8532,217,True,1
9435,8539,159,True,3
9436,8540,159,True,3
9437,8541,159,True,3
9438,8542,217,True,1
9439,8543,217,True,1
9440,8544,217,True,1
9442,8545,159,True,3
9443,8546,159,True,3
9444,8547,159,True,3
9445,8548,217,True,1
9446,8549,217,True,1
9447,8550,217,True,1
9449,8551,159,True,3
9450,8552,159,True,3
9451,8553,159,True,3
9452,8554,217,True,1
9453,8555,217,True,1
9454,8556,217,True,1
9456,8605,217,True,1
9461,8606,159,True,3
9462,8607,217,True,1
9464,8608,159,True,3
9465,8609,217,True,1
9469,8610,159,True,3
9470,8611,217,True,1
9480,8612,159,True,3
9481,8613,217,True,1
9483,8614,217,True,1
9491,8645,159,True,3
9492,8646,217,True,1
9497,8615,217,True,1
9499,8616,159,True,3
9500,8617,217,True,1
9504,8618,159,True,3
9505,8619,217,True,1
9513,8620,159,True,3
9514,8621,217,True,1
9516,8647,159,True,3
9517,8648,217,True,1
9519,8649,159,True,3
9520,8650,217,True,1
9526,8623,217,True,1
9528,8624,217,True,1
9536,8625,217,True,1
9547,8626,217,True,1
9549,8627,217,True,1
9551,8651,217,True,1
9553,8628,217,True,1
9558,8652,217,True,1
9562,8631,217,True,1
9564,8632,217,True,1
9574,8655,159,True,3
9575,8656,217,True,1
9580,8633,217,True,1
9585,8634,217,True,1
9589,8637,217,True,1
9591,8638,159,True,3
9593,8657,217,True,1
9595,8658,217,True,1
9599,8659,159,True,3
9600,8660,217,True,1
9603,8685,217,True,1
9607,8687,159,True,3
9611,8690,217,True,1
9615,8692,159,True,3
9617,8693,159,True,3
9618,8694,217,True,1
9620,8695,159,True,3
9621,8696,217,True,1
9623,8697,159,True,3
9624,8698,217,True,1
9626,8699,159,True,3
9632,8703,217,True,1
9634,8704,159,True,3
9635,8705,217,True,1
9637,8706,159,True,3
9638,8707,217,True,1
9640,8708,159,True,3
9642,8709,159,True,3
9643,8710,217,True,1
9645,8711,159,True,3
9646,8712,217,True,1
9654,8715,159,True,3
9655,8716,217,True,1
9657,8717,159,True,3
9658,8718,217,True,1
9660,8719,159,True,3
9661,8720,217,True,1
9676,8809,217,True,1
9684,8828,159,True,3
9685,8829,217,True,1
9687,8830,159,True,3
9688,8831,217,True,1
9690,8788,159,True,3
9691,8789,217,True,1
9696,8832,217,True,1
9703,8792,159,True,3
9704,8793,217,True,1
9706,8833,217,True,1
9710,8834,159,True,3
9711,8835,217,True,1
9713,8794,159,True,3
9715,8795,217,True,1
9720,8838,217,True,1
9722,8796,217,True,1
9724,8797,159,True,3
9725,8798,217,True,1
9727,8799,159,True,3
9728,8800,217,True,1
9732,8801,159,True,3
9733,8802,217,True,1
9735,8803,159,True,3
9736,8804,217,True,1
9738,8839,159,True,3
9739,8840,217,True,1
9740,8841,159,True,3
9741,8842,217,True,1
9744,8843,159,True,3
9745,8844,217,True,1
9747,8805,159,True,3
9749,8806,217,True,1
9751,8807,159,True,3
9752,8808,217,True,1
9754,8845,159,True,3
9755,8846,217,True,1
9757,8847,159,True,3
9758,8848,217,True,1
9760,8849,159,True,3
9761,8850,217,True,1
9763,8851,159,True,3
9764,8852,217,True,1
9767,8853,217,True,1
9769,8854,159,True,3
9770,8855,217,True,1
9772,8856,159,True,3
9773,8857,217,True,1
9775,8858,159,True,3
9776,8859,217,True,1
9778,8860,159,True,3
9779,8861,217,True,1
9781,8862,159,True,3
9782,8863,217,True,1
9787,8885,159,True,3
9788,8886,217,True,1
9793,8889,159,True,3
9797,8891,159,True,3
9803,8894,159,True,3
9804,8895,217,True,1
9806,8896,217,True,1
9814,8900,159,True,3
9815,8901,217,True,1
9817,8902,159,True,3
9818,8903,217,True,1
9822,8905,159,True,3
9828,8909,159,True,3
9829,8910,217,True,1
9831,8911,159,True,3
9832,8912,217,True,1
9834,8913,159,True,3
9835,8914,217,True,1
9837,8915,159,True,3
9838,8916,217,True,1
9843,8919,159,True,3
9844,8920,217,True,1
9846,8965,159,True,3
9847,8966,217,True,1
9849,8967,159,True,3
9850,8968,217,True,1
9852,8969,159,True,3
9853,8970,217,True,1
9855,8971,159,True,3
9856,8972,217,True,1
9858,8973,159,True,3
9859,8974,217,True,1
9861,8975,159,True,3
9862,8976,217,True,1
9864,8977,159,True,3
9865,8978,217,True,1
9870,8979,159,True,3
9871,8980,217,True,1
9873,8981,159,True,3
9874,8982,217,True,1
9876,8983,159,True,3
9877,8984,217,True,1
9879,8985,159,True,3
9880,8986,217,True,1
9882,8987,159,True,3
9883,8988,217,True,1
9885,8989,159,True,3
9886,8990,217,True,1
9894,8993,159,True,3
9895,8994,217,True,1
9900,8996,159,True,3
9901,8997,217,True,1
9903,8998,159,True,3
9904,8999,217,True,1
9909,9002,159,True,3
9910,9003,217,True,1
9912,9004,159,True,3
9913,9005,217,True,1
9915,9006,159,True,3
9916,9007,217,True,1
9918,9008,159,True,3
9919,9009,217,True,1
9921,9010,159,True,3
9922,9011,217,True,1
9924,9012,159,True,3
9925,9013,217,True,1
9948,9055,217,True,1
9953,9056,159,True,3
9954,9057,217,True,1
9956,9058,159,True,3
9957,9059,217,True,1
9961,9060,159,True,3
9962,9061,217,True,1
9964,9062,159,True,3
9965,9063,217,True,1
9969,9065,159,True,3
9970,9066,217,True,1
9978,9069,159,True,3
9979,9070,217,True,1
9981,9071,159,True,3
9982,9072,217,True,1
9984,9073,159,True,3
9985,9074,217,True,1
9988,9075,159,True,3
9989,9076,217,True,1
9994,9079,159,True,3
9995,9080,217,True,1
10000,9107,159,True,3
10001,9108,217,True,1
10003,9109,217,True,1
10008,9110,217,True,1
10017,9114,217,True,1
10019,9115,159,True,3
10020,9116,217,True,1
10022,9117,159,True,3
10023,9118,217,True,1
10025,9119,159,True,3
10026,9120,217,True,1
10028,9121,159,True,3
10029,9122,217,True,1
10031,9123,159,True,3
10032,9124,217,True,1
10034,9125,159,True,3
10035,9126,217,True,1
10037,9127,159,True,3
10038,9128,217,True,1
10040,9129,159,True,3
10041,9130,217,True,1
10043,9131,159,True,3
10044,9132,217,True,1
10046,9133,159,True,3
10047,9134,217,True,1
10049,9135,159,True,3
10051,9136,159,True,3
10052,9137,217,True,1
10054,9138,159,True,3
10055,9139,217,True,1
10059,9185,217,True,1
10061,9186,159,True,3
10062,9187,217,True,1
10067,9188,217,True,1
10069,9189,159,True,3
10070,9190,217,True,1
10077,9192,159,True,3
10078,9193,217,True,1
10082,9194,159,True,3
10083,9195,217,True,1
10085,9196,159,True,3
10088,9198,159,True,3
10089,9199,217,True,1
10100,9202,159,True,3
10101,9203,217,True,1
10103,9204,159,True,3
10104,9205,217,True,1
10106,9206,159,True,3
10107,9207,217,True,1
10112,9208,159,True,3
10113,9209,217,True,1
10115,9210,159,True,3
10116,9211,217,True,1
10121,9212,159,True,3
10122,9213,217,True,1
10124,9214,159,True,3
10125,9215,217,True,1
10129,9216,159,True,3
10135,9218,159,True,3
10136,9219,217,True,1
10138,9220,159,True,3
10139,9221,217,True,1
10146,9268,159,True,3
10147,9269,217,True,1
10149,9270,159,True,3
10150,9225,217,True,1
10158,9230,217,True,1
10160,9231,159,True,3
10161,9232,217,True,1
10163,9233,159,True,3
10164,9234,217,True,1
10168,9235,159,True,3
10169,9236,217,True,1
10171,9237,217,True,1
10173,9238,159,True,3
10174,9239,217,True,1
10176,9240,159,True,3
10177,9241,217,True,1
10179,9242,159,True,3
10182,9244,159,True,3
10183,9245,217,True,1
10185,9246,159,True,3
10186,9247,217,True,1
10188,9248,159,True,3
10189,9249,217,True,1
10191,9250,159,True,3
10192,9251,217,True,1
10194,9252,159,True,3
10195,9253,217,True,1
10197,9254,159,True,3
10198,9255,217,True,1
10200,9256,159,True,3
10201,9257,217,True,1
10203,9258,159,True,3
10204,9259,217,True,1
10206,9260,159,True,3
10209,9262,159,True,3
10210,9263,217,True,1
10212,9264,159,True,3
10213,9265,217,True,1
10217,9266,159,True,3
10218,9267,217,True,1
10232,9329,217,True,1
10237,9330,159,True,3
10239,9331,159,True,3
10240,9332,217,True,1
10242,9333,159,True,3
10243,9334,217,True,1
10245,9335,159,True,3
10248,9337,159,True,3
10249,9338,217,True,1
10251,9339,159,True,3
10252,9340,217,True,1
10254,9341,159,True,3
10256,9342,159,True,3
10257,9343,217,True,1
10259,9344,217,True,1
10261,9345,159,True,3
10262,9346,217,True,1
10264,9347,159,True,3
10265,9348,217,True,1
10267,9349,159,True,3
10268,9350,217,True,1
10270,9351,159,True,3
10271,9352,217,True,1
10275,9354,159,True,3
10276,9355,217,True,1
10281,9356,217,True,1
10283,9357,159,True,3
10284,9358,217,True,1
10289,9359,159,True,3
10290,9360,217,True,1
10292,9361,159,True,3
10293,9362,217,True,1
10295,9363,159,True,3
10296,9364,217,True,1
10298,9365,159,True,3
10299,9366,217,True,1
10305,9368,217,True,1
10311,9371,159,True,3
10312,9372,217,True,1
10314,9373,159,True,3
10315,9374,217,True,1
10317,9375,159,True,3
10318,9376,217,True,1
10321,9445,159,True,3
10322,9446,217,True,1
10326,9448,159,True,3
10327,9449,217,True,1
10330,9451,217,True,1
10338,9456,159,True,3
10339,9457,217,True,1
10351,9464,159,True,3
10352,9465,217,True,1
10354,9466,159,True,3
10355,9467,217,True,1
10363,9472,159,True,3
10366,9474,159,True,3
10367,9475,217,True,1
10369,9476,159,True,3
10370,9477,217,True,1
10378,9482,159,True,3
10379,9483,217,True,1
10414,9568,217,True,1
10416,9569,159,True,3
10417,9570,217,True,1
10419,9571,159,True,3
10420,9572,217,True,1
10422,9573,159,True,3
10423,9574,217,True,1
10425,9575,159,True,3
10426,9576,217,True,1
10431,9577,159,True,3
10432,9578,217,True,1
10434,9579,159,True,3
10435,9580,217,True,1
10437,9581,159,True,3
10438,9582,217,True,1
10440,9583,159,True,3
10441,9584,217,True,1
10443,9585,159,True,3
10444,9586,217,True,1
10446,9587,159,True,3
10447,9588,217,True,1
10449,9589,159,True,3
10455,9591,159,True,3
10456,9592,217,True,1
10458,9593,159,True,3
10459,9594,217,True,1
10461,9595,159,True,3
10462,9596,217,True,1
10464,9597,159,True,3
10465,9598,217,True,1
10467,9599,159,True,3
10468,9600,217,True,1
10473,9601,159,True,3
10474,9602,217,True,1
10477,9604,217,True,1
10479,9605,159,True,3
10480,9606,217,True,1
10485,9609,159,True,3
10486,9610,217,True,1
10488,9611,159,True,3
10489,9612,217,True,1
10491,9613,159,True,3
10493,9614,159,True,3
10494,9615,217,True,1
10500,9616,159,True,3
10501,9617,217,True,1
10503,9618,159,True,3
10504,9619,217,True,1
10506,9703,159,True,3
10507,9665,217,True,1
10514,9667,159,True,3
10515,9668,217,True,1
10517,9669,159,True,3
10518,9670,217,True,1
10523,9673,159,True,3
10529,9675,159,True,3
10530,9676,217,True,1
10532,9677,159,True,3
10533,9678,217,True,1
10537,9679,159,True,3
10538,9680,217,True,1
10540,9681,159,True,3
10541,9682,217,True,1
10543,9683,159,True,3
10544,9684,217,True,1
10546,9685,159,True,3
10547,9686,217,True,1
10549,9687,159,True,3
10550,9688,217,True,1
10552,9689,159,True,3
10553,9690,217,True,1
10555,9691,159,True,3
10556,9692,217,True,1
10561,9693,159,True,3
10562,9694,217,True,1
10564,9695,159,True,3
10565,9696,217,True,1
10567,9697,159,True,3
10568,9698,217,True,1
10571,9700,217,True,1
10573,9701,159,True,3
10574,9702,217,True,1
10582,9745,217,True,1
10588,9747,217,True,1
10592,9748,159,True,3
10593,9749,217,True,1
10595,9750,159,True,3
10596,9751,217,True,1
10598,9752,217,True,1
10601,9753,159,True,3
10602,9754,217,True,1
10615,9757,159,True,3
10616,9758,217,True,1
10618,9759,159,True,3
10619,9760,217,True,1
10621,9761,159,True,3
10627,9765,159,True,3
10628,9766,217,True,1
10630,9767,159,True,3
10631,9768,217,True,1
10633,9769,159,True,3
10634,9770,217,True,1
10636,9771,159,True,3
10637,9772,217,True,1
10639,9773,159,True,3
10640,9774,217,True,1
10642,9775,159,True,3
10643,9776,217,True,1
10645,9777,159,True,3
10646,9778,217,True,1
10648,9779,159,True,3
10649,9780,217,True,1
10651,9781,159,True,3
10652,9782,217,True,1
10657,9783,159,True,3
10658,9784,217,True,1
10660,9785,159,True,3
10661,9786,217,True,1
10663,9787,159,True,3
10664,9788,217,True,1
10669,9806,217,True,1
10672,9808,159,True,3
10675,9810,159,True,3
10678,9812,159,True,3
10679,9813,217,True,1
10682,9815,159,True,3
10683,9816,217,True,1
10686,9845,159,True,3
10687,9846,217,True,1
10689,9847,159,True,3
10691,9848,159,True,3
10692,9849,217,True,1
10696,9850,159,True,3
10697,9851,217,True,1
10699,9852,159,True,3
10700,9853,217,True,1
10706,9857,217,True,1
10708,9858,159,True,3
10709,9859,217,True,1
10711,9860,159,True,3
10712,9861,217,True,1
10714,9862,159,True,3
10715,9863,217,True,1
10717,9864,159,True,3
10718,9865,217,True,1
10723,9866,159,True,3
10724,9867,217,True,1
10730,9870,159,True,3
10731,9871,217,True,1
10735,9873,159,True,3
10736,9874,217,True,1
10738,9875,159,True,3
10739,9876,217,True,1
10742,9878,217,True,1
10747,9881,159,False,3
10748,9882,217,False,1
10794,9987,217,True,1
10798,9989,159,True,3
10799,9990,217,True,1
10801,9991,159,True,3
10802,9992,217,True,1
10807,9995,159,True,3
10808,9996,217,True,1
10810,9997,159,True,3
10811,9998,217,True,1
10813,9999,217,True,1
10815,10000,159,True,3
10816,10001,217,True,1
10818,10002,159,True,3
10819,10003,217,True,1
10821,10004,159,True,3
10822,10005,217,True,1
10824,10006,159,True,3
10825,10007,217,True,1
10827,10008,159,True,3
10828,10009,217,True,1
10830,10010,159,True,3
10831,10011,217,True,1
10833,10012,159,True,3
10834,10013,217,True,1
10836,10014,159,True,3
10838,10015,159,True,3
10839,10016,217,True,1
10841,10017,159,True,3
10842,10018,217,True,1
10844,10019,159,True,3
10846,10020,159,True,3
10847,10021,217,True,1
10849,10022,159,True,3
10850,10023,217,True,1
10852,10024,159,True,3
10853,10025,217,True,1
10855,10026,159,True,3
10856,10027,217,True,1
10859,10069,159,True,3
10860,10070,159,True,3
10861,10071,217,True,1
10862,10072,217,True,1
10863,10073,217,True,1
10872,10080,159,True,3
10873,10081,159,True,3
10874,10082,159,True,3
10875,10083,217,True,1
10876,10084,217,True,1
10877,10085,217,True,1
10879,10086,159,True,3
10880,10087,159,True,3
10881,10088,159,True,3
10883,10090,217,True,1
10886,10092,159,True,3
10887,10093,159,True,3
10888,10094,159,True,3
10889,10095,217,True,1
10890,10096,217,True,1
10891,10097,217,True,1
10893,10098,159,True,3
10894,10099,159,True,3
10895,10100,159,True,3
10896,10101,217,True,1
10897,10102,217,True,1
10898,10103,217,True,1
10900,10104,159,True,3
10901,10105,159,True,3
10902,10106,159,True,3
10903,10107,217,True,1
10904,10108,217,True,1
10905,10109,217,True,1
10907,10110,159,True,3
10908,10111,159,True,3
10909,10112,159,True,3
10910,10113,217,True,1
10911,10114,217,True,1
10912,10115,217,True,1
10914,10116,159,True,3
10915,10117,159,True,3
10916,10118,159,True,3
10917,10119,217,True,1
10918,10120,217,True,1
10919,10121,217,True,1
10921,10122,159,True,3
10922,10123,159,True,3
10923,10124,159,True,3
10924,10125,217,True,1
10925,10126,217,True,1
10926,10127,217,True,1
10928,10128,159,True,3
10929,10129,159,True,3
10930,10130,159,True,3
10931,10131,217,True,1
10932,10132,217,True,1
10933,10133,217,True,1
10944,10028,159,True,3
10945,10029,217,True,1
10984,10207,217,True,1
10989,10209,217,True,1
10991,10210,159,True,3
10993,10211,159,True,3
10997,10213,159,True,3
10998,10214,217,True,1
11000,10215,159,True,3
11001,10216,217,True,1
11003,10217,159,True,3
11006,10219,159,True,3
11007,10220,217,True,1
11009,10221,159,True,3
11010,10222,217,True,1
11012,10223,159,True,3
11013,10224,217,True,1
11015,10225,159,True,3
11016,10226,217,True,1
11029,10285,159,True,3
11030,10286,217,True,1
11032,10287,159,True,3
11033,10288,217,True,1
11038,10289,159,True,3
11039,10290,217,True,1
11041,10291,159,True,3
11042,10292,217,True,1
11045,10294,217,True,1
11050,10297,159,True,3
11051,10298,217,True,1
11053,10299,159,True,3
11054,10300,217,True,1
11056,10301,159,True,3
11057,10302,217,True,1
11059,10303,159,True,3
11060,10304,217,True,1
11062,10305,159,True,3
11063,10306,217,True,1
11065,10307,159,True,3
11066,10308,217,True,1
11080,10345,217,True,1
11085,10346,217,True,1
11092,10350,159,True,3
11093,10351,217,True,1
11120,10353,159,True,3
11121,10354,217,True,1
11123,10355,217,True,1
11132,10360,159,True,3
11133,10361,217,True,1
11135,10362,159,True,3
11136,10363,217,True,1
11141,10364,159,True,3
11142,10365,217,True,1
11178,10666,217,True,1
11180,10668,159,True,3
11181,10669,217,True,1
11186,10671,159,True,3
11192,10677,159,True,3
11195,10680,159,True,3
11198,10683,159,True,3
11199,10684,217,True,1
11204,10689,159,True,3
11205,10690,217,True,1
11210,10692,159,True,3
11211,10693,217,True,1
11213,10695,159,True,3
11214,10696,217,True,1
11222,10701,159,True,3
11223,10702,217,True,1
11225,10704,159,True,3
11226,10705,217,True,1
11228,10707,159,True,3
11229,10708,217,True,1
11231,10710,159,True,3
11232,10711,217,True,1
11234,10713,217,True,1
11236,10715,159,True,3
11267,10746,159,True,3
11268,10747,217,True,1
11281,10628,159,True,3
11282,10629,217,True,1
11284,10630,217,True,1
11286,10631,159,True,3
11287,10632,217,True,1
11289,10633,159,True,3
11290,10634,217,True,1
11292,10635,159,True,3
11293,10636,217,True,1
11295,10637,159,True,3
11296,10638,217,True,1
11298,10639,159,True,3
11299,10640,217,True,1
11301,10641,159,True,3
11302,10642,217,True,1
11304,10643,159,True,3
11305,10644,217,True,1
11312,10646,159,True,3
11313,10647,217,True,1
11315,10648,159,True,3
11316,10649,217,True,1
11318,10650,159,True,3
11320,10651,159,True,3
11326,10655,159,True,3
11327,10656,217,True,1
11335,10789,159,True,3
11336,10790,217,True,1
11338,10791,159,True,3
11343,10792,159,True,3
11344,10793,217,True,1
11354,10797,159,True,3
11355,10798,217,True,1
11359,10800,159,True,3
11362,10802,217,True,1
11364,10803,159,True,3
11365,10804,217,True,1
11367,10805,159,True,3
11368,10806,217,True,1
11370,10807,159,True,3
11371,10808,217,True,1
11373,10809,159,True,3
11374,10785,217,True,1
11376,10786,159,True,3
11377,10787,217,True,1
11396,10912,159,True,3
11399,10866,159,True,3
11400,10867,217,True,1
11402,10868,159,True,3
11403,10869,217,True,1
11405,10870,217,True,1
11406,10871,217,True,1
11410,10872,159,True,3
11411,10873,217,True,1
11413,10874,159,True,3
11414,10875,217,True,1
11422,10880,159,True,3
11423,10881,217,True,1
11425,10882,159,True,3
11426,10883,217,True,1
11428,10884,159,True,3
11429,10885,217,True,1
11431,10886,217,True,1
11433,10887,159,True,3
11434,10888,217,True,1
11439,10889,159,True,3
11440,10890,217,True,1
11451,10897,159,True,3
11452,10898,217,True,1
11454,10899,159,True,3
11455,10900,217,True,1
11458,10901,159,True,3
11459,10902,217,True,1
11461,10903,217,True,1
11463,10904,159,True,3
11464,10905,217,True,1
11472,10910,159,True,3
11473,10911,217,True,1
11480,11143,159,True,3
11481,11144,159,True,3
11482,11145,159,True,3
11483,11146,217,True,1
11484,11147,217,True,1
11485,11148,217,True,1
11491,11151,159,True,3
11492,11152,159,True,3
11493,11153,159,True,3
11494,11154,217,True,1
11495,11155,217,True,1
11496,11156,217,True,1
11502,11159,159,True,3
11503,11160,159,True,3
11504,11161,159,True,3
11505,11162,217,True,1
11506,11163,217,True,1
11507,11164,217,True,1
11514,11168,159,True,3
11515,11169,159,True,3
11516,11170,217,True,1
11517,11171,217,True,1
11518,11172,217,True,1
11524,11175,159,True,3
11525,11176,159,True,3
11526,11085,159,True,3
11527,11086,217,True,1
11528,11087,217,True,1
11529,11088,217,True,1
11535,11091,159,True,3
11536,11092,159,True,3
11537,11093,159,True,3
11538,11094,217,True,1
11539,11095,217,True,1
11540,11096,217,True,1
11546,11100,159,True,3
11547,11101,159,True,3
11548,11102,159,True,3
11549,11103,217,True,1
11550,11104,217,True,1
11551,11105,217,True,1
11557,11110,159,True,3
11558,11111,159,True,3
11559,11112,159,True,3
11560,11113,217,True,1
11561,11114,217,True,1
11562,11115,217,True,1
11568,11119,159,True,3
11569,11120,159,True,3
11570,11121,159,True,3
11571,11122,217,True,1
11572,11123,217,True,1
11573,11124,217,True,1
11579,11127,159,True,3
11580,11128,159,True,3
11581,11129,159,True,3
11582,11130,217,True,1
11583,11131,217,True,1
11584,11132,217,True,1
11590,11135,159,True,3
11591,11136,159,True,3
11592,11137,159,True,3
11593,11138,217,True,1
11594,11139,217,True,1
11595,11140,217,True,1
11608,11014,217,True,1
11610,11015,159,True,3
11611,11016,217,True,1
11621,11019,159,True,3
11622,11020,217,True,1
11624,11021,159,True,3
11625,11022,217,True,1
11635,11028,159,True,3
11636,11029,217,True,1
11639,11030,159,True,3
11640,11031,217,True,1
11642,11032,159,True,3
11643,11033,217,True,1
11654,11036,159,True,3
11655,11037,217,True,1
11663,11040,159,True,3
11664,11041,217,True,1
11669,11042,159,True,3
11670,11043,217,True,1
11679,11047,159,True,3
11680,11048,217,True,1
11686,11050,217,True,1
11690,11052,159,True,3
11763,11224,159,True,3
11764,11205,217,True,1
11766,11206,159,True,3
11767,11207,217,True,1
11771,11208,159,True,3
11772,11209,217,True,1
11786,11210,159,True,3
11787,11211,217,True,1
11792,11261,159,True,3
11793,11238,217,True,1
11798,11239,159,True,3
11799,11240,217,True,1
11801,11212,159,True,3
11802,11213,217,True,1
11804,11214,159,True,3
11807,11241,159,True,3
11813,11216,159,True,3
11814,11217,217,True,1
11816,11218,159,True,3
11817,11219,217,True,1
11819,11220,159,True,3
11820,11221,217,True,1
11822,11242,159,True,3
11823,11243,217,True,1
11831,11314,217,True,1
11839,11287,159,True,3
11844,11288,159,True,3
11845,11289,217,True,1
11853,11294,217,True,1
11865,11298,159,True,3
11866,11299,217,True,1
11871,11300,159,True,3
11872,11301,217,True,1
11877,11304,159,True,3
11878,11305,217,True,1
11880,11306,159,True,3
11881,11307,217,True,1
11883,11308,159,True,3
11884,11309,217,True,1
11925,11341,217,True,1
11927,11342,159,True,3
11928,11343,217,True,1
11940,11347,217,True,1
11951,11350,159,True,3
11952,11351,217,True,1
11955,11353,217,True,1
11957,11354,159,True,3
11986,11387,217,True,1
11987,11388,217,True,1
11988,11369,159,True,3
11989,11370,159,True,3
11991,11371,217,True,1
11992,11372,159,True,3
12002,11373,217,True,1
12003,11374,159,True,3
12005,11375,217,True,1
12006,11376,217,True,1
12007,11377,159,True,3
12008,11378,159,True,3
12010,11379,217,True,1
12011,11380,217,True,1
12013,11381,217,True,1
12014,11382,159,True,3
12033,11383,217,True,1
12034,11384,217,True,1
12035,11385,159,True,3
12036,11386,159,True,3
12082,11436,217,True,1
12083,11437,159,True,3
12085,11438,217,True,1
12086,11439,159,True,3
12088,11440,217,True,1
12089,11441,159,True,3
12091,11442,217,True,1
12092,11443,159,True,3
12094,11444,217,True,1
12095,11445,159,True,3
12098,11447,159,True,3
12106,11450,217,True,1
12107,11451,159,True,3
12125,11457,159,True,3
12148,11462,217,True,1
12149,11463,159,True,3
12316,11779,231,False,2
12320,11776,231,False,2
12322,11780,231,False,2
12324,11784,231,False,2
12328,11771,231,False,2
12330,11769,231,False,2
12332,11770,231,False,2
12334,11777,231,False,2
12336,11773,231,False,2
12338,11772,231,False,2
12340,11767,231,False,2
12346,11766,231,False,2
12348,11764,231,False,2
12350,11782,231,False,2
12352,11781,231,False,2
12354,11774,231,False,2
12356,11765,231,False,2
12358,11768,231,False,2
12362,11783,231,False,2
12364,11778,231,False,2
12373,11730,231,False,2
12375,11731,231,False,2
12379,11732,231,False,2
12390,11733,231,False,2
12392,11734,231,False,2
12396,11735,231,False,2
12400,11736,231,False,2
12402,11737,231,False,2
12404,11738,231,False,2
12406,11739,231,False,2
12408,11740,231,False,2
12410,11741,231,False,2
12412,11742,231,False,2
12414,11743,231,False,2
12416,11744,231,False,2
12418,11805,231,False,2
12422,11807,231,False,2
12426,11809,231,False,2
12428,11810,231,False,2
12430,11811,231,False,2
12432,11812,231,False,2
12434,11813,231,False,2
12436,11814,231,False,2
12438,11815,231,False,2
12440,11816,231,False,2
12442,11817,231,False,2
12444,11818,231,False,2
12446,11819,231,False,2
12452,11874,231,False,2
12454,11845,231,False,2
12458,11846,231,False,2
12462,11848,231,False,2
12464,11849,231,False,2
12466,11850,231,False,2
12468,11851,231,False,2
12470,11852,231,False,2
12472,11853,231,False,2
12474,11854,231,False,2
12476,11855,231,False,2
12478,11856,231,False,2
12480,11857,231,False,2
12482,11858,231,False,2
12484,11859,231,False,2
12486,11860,231,False,2
12488,11861,231,False,2
12490,11862,231,False,2
12492,11863,231,False,2
12498,11865,231,False,2
12500,11866,231,False,2
12502,11867,231,False,2
12504,11868,231,False,2
12506,11869,231,False,2
12508,11914,231,False,2
12510,11886,231,False,2
12516,11890,231,False,2
12517,11891,231,False,2
12518,11892,231,False,2
12521,11894,231,False,2
12522,11895,231,False,2
12528,11896,231,False,2
12529,11897,231,False,2
12530,11898,231,False,2
12532,11899,231,False,2
12533,11900,231,False,2
12534,11901,231,False,2
12536,11902,231,False,2
12537,11903,231,False,2
12538,11904,231,False,2
12540,11905,231,False,2
12541,11906,231,False,2
12542,11907,231,False,2
12544,11908,231,False,2
12545,11909,231,False,2
12546,11910,231,False,2
12548,11911,231,False,2
12549,11912,231,False,2
12550,11913,231,False,2
12552,11870,231,False,2
12554,11871,231,False,2
12556,11872,231,False,2
12558,11873,231,False,2
12562,11985,231,False,2
12564,11986,231,False,2
12566,11987,231,False,2
12570,11988,231,False,2
12572,11989,231,False,2
12574,11990,231,False,2
12576,11991,231,False,2
12578,11992,231,False,2
12580,11993,231,False,2
12582,11994,231,False,2
12584,11995,231,False,2
12592,11998,231,False,2
12615,12008,231,False,2
12617,12009,231,False,2
12619,12010,231,False,2
12621,12011,231,False,2
12623,12048,231,False,2
12625,12049,231,False,2
12627,12050,231,False,2
12629,12051,231,False,2
12631,12052,231,False,2
12633,12053,231,False,2
12637,12055,231,False,2
12645,12059,231,False,2
12647,12060,231,False,2
12649,12061,231,False,2
12660,12093,231,False,2
12662,12094,231,False,2
12664,12095,231,False,2
12666,12096,231,False,2
12668,12097,231,False,2
12672,12098,231,False,2
12674,12099,231,False,2
12676,12100,231,False,2
12678,12101,231,False,2
12680,12102,231,False,2
12682,12103,231,False,2
12690,12107,231,False,2
12692,12108,231,False,2
12694,12109,231,False,2
12696,12110,231,False,2
12704,12114,231,False,2
12717,12160,231,False,2
12719,12125,231,False,2
12731,12131,231,False,2
12733,12165,231,False,2
12735,12166,231,False,2
12737,12167,231,False,2
12739,12168,231,False,2
12741,12169,231,False,2
12743,12170,231,False,2
12745,12171,231,False,2
12747,12172,231,False,2
12749,12173,231,False,2
12751,12174,231,False,2
12753,12175,231,False,2
12755,12176,231,False,2
12761,12177,231,False,2
12763,12178,231,False,2
12765,12179,231,False,2
12771,12182,231,False,2
12775,12184,231,False,2
12777,12185,231,False,2
12779,12186,231,False,2
12781,12187,231,False,2
12783,12188,231,False,2
12785,12189,231,False,2
12789,12190,231,False,2
12812,12248,231,False,2
12822,12251,231,False,2
12826,12253,231,False,2
12842,12257,231,False,2
12852,12261,231,False,2
12952,12265,231,False,2
12958,12433,231,False,2
12960,12440,231,False,2
12962,12443,231,False,2
12966,12426,231,False,2
12970,12431,231,False,2
12972,12434,231,False,2
12974,12427,231,False,2
12982,12437,231,False,2
12986,12439,231,False,2
12988,12435,231,False,2
12990,12432,231,False,2
12996,12430,231,False,2
13000,12436,231,False,2
13002,12442,231,False,2
13004,12441,231,False,2
13006,12429,231,False,2
13010,12438,231,False,2
13012,12425,231,False,2
13022,12477,231,False,2
13024,12478,231,False,2
13028,12493,231,False,2
13030,12492,231,False,2
13032,12491,231,False,2
13034,12490,231,False,2
13038,12489,231,False,2
13040,12488,231,False,2
13042,12480,231,False,2
13052,12487,231,False,2
13054,12486,231,False,2
13060,12475,231,False,2
13062,12474,231,False,2
13066,12473,231,False,2
13068,12479,231,False,2
13070,12472,231,False,2
13072,12471,231,False,2
13074,12470,231,False,2
13076,12469,231,False,2
13078,12484,231,False,2
13082,12482,231,False,2
13084,12481,231,False,2
13158,12645,231,False,2
13160,12605,231,False,2
13164,12606,231,False,2
13166,12607,231,False,2
13168,12608,231,False,2
13170,12609,231,False,2
13172,12610,231,False,2
13174,12611,231,False,2
13176,12612,231,False,2
13178,12613,231,False,2
13180,12614,231,False,2
13182,12615,231,False,2
13186,12617,231,False,2
13188,12618,231,False,2
13190,12619,231,False,2
13192,12620,231,False,2
13194,12621,231,False,2
13196,12622,231,False,2
13199,12623,231,False,2
13303,12704,231,False,2
13305,12685,231,False,2
13309,12687,231,False,2
13311,12688,231,False,2
13313,12689,231,False,2
13315,12690,231,False,2
13319,12692,231,False,2
13321,12693,231,False,2
13323,12694,231,False,2
13325,12695,231,False,2
13329,12697,231,False,2
13331,12698,231,False,2
13333,12699,231,False,2
13337,12701,231,False,2
13339,12702,231,False,2
13343,12865,231,False,2
13345,12866,231,False,2
13347,12867,231,False,2
13349,12845,231,False,2
13351,12846,231,False,2
13354,12847,231,False,2
13356,12848,231,False,2
13358,12849,231,False,2
13362,12851,231,False,2
13364,12852,231,False,2
13366,12853,231,False,2
13368,12854,231,False,2
13370,12855,231,False,2
13372,12856,231,False,2
13374,12857,231,False,2
13380,12860,231,False,2
13382,12861,231,False,2
13386,12862,231,False,2
13388,12863,231,False,2
13393,12864,231,False,2
13496,13019,231,False,2
13498,13021,231,False,2
13500,13017,231,False,2
13502,13016,231,False,2
13504,13018,231,False,2
13506,13020,231,False,2
13508,13022,231,False,2
13510,13023,231,False,2
13512,13009,231,False,2
13514,13011,231,False,2
13516,13007,231,False,2
13518,13006,231,False,2
13520,13015,231,False,2
13526,13005,231,False,2
13528,13010,231,False,2
13532,13013,231,False,2
13534,13012,231,False,2
13536,13008,231,False,2
13722,13235,231,False,2
13723,13206,231,False,2
13724,13207,231,False,2
13728,13209,231,False,2
13730,13210,231,False,2
13734,13211,231,False,2
13735,13212,231,False,2
13736,13213,231,False,2
13738,13214,231,False,2
13740,13215,231,False,2
13742,13216,231,False,2
13744,13217,231,False,2
13746,13218,231,False,2
13747,13219,231,False,2
13748,13220,231,False,2
13758,13221,231,False,2
13762,13222,231,False,2
13764,13223,231,False,2
13766,13224,231,False,2
13770,13226,231,False,2
13771,13227,231,False,2
13772,13228,231,False,2
13774,13229,231,False,2
13776,13230,231,False,2
13778,13231,231,False,2
13780,13232,231,False,2
13782,13233,231,False,2
13784,13234,231,False,2
14038,13544,231,False,2
14042,13553,231,False,2
14046,13554,231,False,2
14048,13539,231,False,2
14054,13538,231,False,2
14056,13536,231,False,2
14058,13555,231,False,2
14060,13545,231,False,2
14062,13550,231,False,2
14110,13679,231,False,2
14111,13670,231,False,2
14112,13671,231,False,2
14114,13688,231,False,2
14115,13689,231,False,2
14116,13675,231,False,2
14118,13682,231,False,2
14119,13683,231,False,2
14120,13684,231,False,2
14122,13676,231,False,2
14123,13677,231,False,2
14124,13678,231,False,2
14126,13672,231,False,2
14127,13673,231,False,2
14128,13674,231,False,2
14130,13690,231,False,2
14131,13691,231,False,2
14132,13692,231,False,2
14134,13685,231,False,2
14135,13686,231,False,2
14136,13687,231,False,2
14138,13693,231,False,2
14139,13694,231,False,2
14140,13695,231,False,2
14142,13696,231,False,2
14143,13697,231,False,2
14144,13698,231,False,2
14146,13645,231,False,2
14147,13680,231,False,2
14152,13727,231,False,2
14160,13706,231,False,2
14162,13707,231,False,2
14170,13711,231,False,2
14172,13712,231,False,2
14178,13714,231,False,2
14180,13715,231,False,2
14182,13716,231,False,2
14184,13717,231,False,2
14186,13718,231,False,2
14188,13719,231,False,2
14194,13721,231,False,2
14196,13722,231,False,2
14198,13723,231,False,2
14200,13724,231,False,2
14202,13725,231,False,2
14204,13726,231,False,2
14207,13763,231,False,2
14209,13745,231,False,2
14211,13746,231,False,2
14216,13748,231,False,2
14223,13752,231,False,2
14227,13754,231,False,2
14233,13756,231,False,2
14235,13757,231,False,2
14237,13758,231,False,2
14239,13759,231,False,2
14241,13760,231,False,2
14253,13812,231,False,2
14257,13806,231,False,2
14259,13807,231,False,2
14261,13808,231,False,2
14263,13809,231,False,2
14265,13810,231,False,2
14267,13811,231,False,2
14339,13868,231,False,2
14343,13871,231,False,2
14347,13874,231,False,2
14351,13877,231,False,2
14355,13880,231,False,2
14362,13884,231,False,2
14364,13885,231,False,2
14366,13886,231,False,2
14378,13945,231,False,2
14380,13946,231,False,2
14384,13948,231,False,2
14386,13949,231,False,2
14390,13952,231,False,2
14392,13953,231,False,2
14394,13954,231,False,2
14400,13955,231,False,2
14404,13956,231,False,2
14409,13958,231,False,2
14439,13968,231,False,2
14447,13974,231,False,2
14448,13975,231,False,2
14449,13976,231,False,2
14479,14001,231,False,2
14548,14130,231,False,2
14556,14131,231,False,2
14558,14105,231,False,2
14562,14107,231,False,2
14564,14108,231,False,2
14797,14426,231,False,2
14799,14427,231,False,2
14801,14428,231,False,2
14803,14429,231,False,2
14805,14430,231,False,2
14811,14434,231,False,2
14812,14435,231,False,2
14813,14436,231,False,2
14815,14437,231,False,2
14817,14438,231,False,2
14823,14441,231,False,2
14825,14442,231,False,2
14827,14443,231,False,2
14829,14444,231,False,2
14831,14445,231,False,2
14833,14446,231,False,2
14835,14447,231,False,2
14837,14448,231,False,2
14842,14495,231,False,2
14843,14496,231,False,2
14844,14497,231,False,2
14846,14465,231,False,2
14847,14466,231,False,2
14848,14467,231,False,2
14851,14469,231,False,2
14852,14470,231,False,2
14854,14471,231,False,2
14855,14472,231,False,2
14856,14473,231,False,2
14858,14474,231,False,2
14859,14475,231,False,2
14860,14476,231,False,2
14862,14477,231,False,2
14863,14478,231,False,2
14864,14479,231,False,2
14866,14480,231,False,2
14867,14481,231,False,2
14868,14482,231,False,2
14870,14483,231,False,2
14871,14484,231,False,2
14872,14485,231,False,2
14874,14486,231,False,2
14875,14487,231,False,2
14876,14488,231,False,2
14878,14489,231,False,2
14879,14490,231,False,2
14880,14491,231,False,2
14886,14520,231,False,2
14888,14521,231,False,2
14890,14505,231,False,2
14892,14506,231,False,2
14900,14510,231,False,2
14901,14511,231,False,2
14902,14512,231,False,2
14906,14513,231,False,2
14908,14514,231,False,2
14910,14515,231,False,2
14912,14517,231,False,2
14914,14518,231,False,2
14918,14519,231,False,2
15111,14783,284,False,2
15120,14749,284,False,2
15126,14753,284,False,2
15129,14755,284,False,2
15132,14757,284,False,2
15135,14759,284,False,2
15138,14761,284,False,2
15144,14765,284,False,2
15147,14767,284,False,2
15150,14769,284,False,2
15153,14771,284,False,2
15156,14773,284,False,2
15159,14775,284,False,2
15162,14777,284,False,2
15165,14779,284,False,2
15168,14781,284,False,2
15202,14950,284,False,2
15203,14885,284,False,2
15204,14886,284,False,2
15209,14890,284,False,2
15210,14891,284,False,2
15211,14892,284,False,2
15216,14896,284,False,2
15217,14897,284,False,2
15218,14898,284,False,2
15223,14902,284,False,2
15224,14903,284,False,2
15225,14904,284,False,2
15230,14908,284,False,2
15231,14909,284,False,2
15232,14910,284,False,2
15237,14914,284,False,2
15238,14915,284,False,2
15239,14916,284,False,2
15244,14920,284,False,2
15245,14921,284,False,2
15246,14922,284,False,2
15251,14926,284,False,2
15252,14927,284,False,2
15253,14928,284,False,2
15258,14932,284,False,2
15259,14933,284,False,2
15260,14934,284,False,2
15265,14938,284,False,2
15266,14939,284,False,2
15267,14940,284,False,2
15272,14944,284,False,2
15273,14945,284,False,2
15274,14946,284,False,2
15288,15085,284,False,2
15291,15087,284,False,2
15294,14968,284,False,2
15297,15089,284,False,2
15300,14970,284,False,2
15303,14972,284,False,2
15306,14974,284,False,2
15309,14976,284,False,2
15315,15091,284,False,2
15318,15093,284,False,2
15321,15095,284,False,2
15324,14978,284,False,2
15327,15097,284,False,2
15330,15099,284,False,2
15336,15101,284,False,2
15339,15103,284,False,2
15342,14982,284,False,2
15345,14984,284,False,2
15348,14986,284,False,2
15351,15105,284,False,2
15354,14988,284,False,2
15357,15107,284,False,2
15366,15111,284,False,2
15369,15113,284,False,2
15375,15115,284,False,2
15381,15117,284,False,2
15387,15119,284,False,2
15390,15121,284,False,2
15402,15125,284,False,2
15408,15127,284,False,2
15429,15131,284,False,2
15601,15212,284,False,2
15613,15171,284,False,2
15616,15173,284,False,2
15619,15175,284,False,2
15622,15177,284,False,2
15625,15179,284,False,2
15628,15181,284,False,2
15637,15187,284,False,2
15640,15189,284,False,2
15643,15191,284,False,2
15649,15195,284,False,2
15658,15201,284,False,2
15678,15265,284,False,2
15681,15267,284,False,2
15684,15269,284,False,2
15687,15271,284,False,2
15690,15273,284,False,2
15693,15275,284,False,2
15696,15277,284,False,2
15699,15279,284,False,2
15702,15281,284,False,2
15708,15285,284,False,2
15711,15287,284,False,2
15714,15289,284,False,2
15717,15291,284,False,2
15723,15293,284,False,2
15729,15295,284,False,2
15735,15297,284,False,2
15738,15299,284,False,2
15741,15301,284,False,2
15747,15305,284,False,2
15750,15307,284,False,2
15800,15405,284,False,2
15806,15406,284,False,2
15809,15408,284,False,2
15812,15410,284,False,2
15815,15412,284,False,2
15818,15414,284,False,2
15821,15416,284,False,2
15824,15418,284,False,2
15827,15420,284,False,2
15830,15422,284,False,2
15833,15424,284,False,2
15836,15426,284,False,2
15839,15428,284,False,2
15847,15431,284,False,2
15850,15433,284,False,2
15853,15435,284,False,2
15856,15437,284,False,2
15859,15439,284,False,2
15862,15441,284,False,2
15865,15443,284,False,2
15869,15445,284,False,2
15872,15447,284,False,2
15978,15550,284,False,2
15981,15552,284,False,2
15987,15556,284,False,2
15990,15558,284,False,2
15993,15560,284,False,2
15999,15564,284,False,2
16002,15566,284,False,2
16005,15568,284,False,2
16058,15795,284,False,2
16061,15746,284,False,2
16064,15748,284,False,2
16069,15751,284,False,2
16075,15753,284,False,2
16081,15757,284,False,2
16084,15759,284,False,2
16089,15760,284,False,2
16091,15761,284,False,2
16094,15763,284,False,2
16097,15765,284,False,2
16100,15767,284,False,2
16103,15769,284,False,2
16108,15772,284,False,2
16111,15774,284,False,2
16114,15776,284,False,2
16120,15778,284,False,2
16126,15782,284,False,2
16129,15784,284,False,2
16134,15787,284,False,2
16143,15793,284,False,2
16152,15809,284,False,2
16158,15811,284,False,2
16160,15812,284,False,2
16163,15814,284,False,2
16166,15816,284,False,2
16169,15818,284,False,2
16172,15820,284,False,2
16175,15822,284,False,2
16178,15824,284,False,2
16181,15826,284,False,2
16184,15828,284,False,2
16187,15830,284,False,2
16193,15832,284,False,2
16196,15834,284,False,2
16199,15836,284,False,2
16202,15838,284,False,2
16205,15840,284,False,2
16216,15841,284,False,2
16219,16044,284,False,2
16222,15905,284,False,2
16225,15907,284,False,2
16228,15909,284,False,2
16234,15911,284,False,2
16237,15913,284,False,2
16240,15915,284,False,2
16243,15917,284,False,2
16246,16668,284,False,2
16252,15919,284,False,2
16255,15921,284,False,2
16264,15927,284,False,2
16273,15929,284,False,2
16276,15931,284,False,2
16279,15933,284,False,2
16282,15935,284,False,2
16285,15937,284,False,2
16288,15939,284,False,2
16291,15941,284,False,2
16294,16665,284,False,2
16300,15947,284,False,2
16303,15949,284,False,2
16306,15951,284,False,2
16315,15955,284,False,2
16318,15957,284,False,2
16321,15959,284,False,2
16511,16257,284,False,2
16514,16205,284,False,2
16517,16207,284,False,2
16520,16209,284,False,2
16523,16211,284,False,2
16528,16213,284,False,2
16531,16215,284,False,2
16534,16217,284,False,2
16537,16219,284,False,2
16540,16221,284,False,2
16546,16225,284,False,2
16549,16227,284,False,2
16558,16231,284,False,2
16561,16233,284,False,2
16570,16239,284,False,2
16576,16243,284,False,2
16579,16245,284,False,2
16585,16249,284,False,2
16588,16251,284,False,2
16591,16253,284,False,2
16594,16255,284,False,2
16666,16406,284,False,2
16669,16365,284,False,2
16675,16369,284,False,2
16680,16372,284,False,2
16683,16374,284,False,2
16686,16376,284,False,2
16689,16378,284,False,2
16695,16382,284,False,2
16698,16384,284,False,2
16701,16386,284,False,2
16704,16388,284,False,2
16707,16390,284,False,2
16719,16392,284,False,2
16722,16394,284,False,2
16725,16396,284,False,2
16728,16398,284,False,2
16731,16400,284,False,2
16734,16402,284,False,2
16737,16404,284,False,2
16743,16426,284,False,2
16746,16427,284,False,2
16754,16449,284,False,2
16765,16454,284,False,2
16767,16455,284,False,2
16772,16458,284,False,2
16778,16461,284,False,2
16781,16463,284,False,2
16789,16604,284,False,2
16792,16545,284,False,2
16795,16547,284,False,2
16804,16551,284,False,2
16809,16552,284,False,2
16818,16554,284,False,2
16824,16556,284,False,2
16827,16558,284,False,2
16830,16560,284,False,2
16836,16564,284,False,2
16860,16570,284,False,2
16863,16572,284,False,2
16869,16576,284,False,2
16872,16578,284,False,2
16875,16580,284,False,2
16878,16582,284,False,2
16965,16685,284,False,2
16971,16688,284,False,2
16977,16690,284,False,2
16980,16692,284,False,2
16983,16694,284,False,2
16986,16696,284,False,2
16998,16702,284,False,2
17001,16704,284,False,2
17007,16708,284,False,2
17010,16710,284,False,2
17019,16714,284,False,2
17022,16716,284,False,2
17025,16718,284,False,2
17031,16672,284,False,2
17283,17066,284,False,2
17285,17068,284,False,2
17290,17072,284,False,2
17291,17073,284,False,2
17292,17074,284,False,2
17304,17084,284,False,2
17305,17085,284,False,2
17306,17086,284,False,2
17311,17090,284,False,2
17312,17091,284,False,2
17313,17092,284,False,2
17332,17108,284,False,2
17333,17109,284,False,2
17334,17110,284,False,2
17339,17114,284,False,2
17340,17115,284,False,2
17341,17116,284,False,2
17346,17120,284,False,2
17347,17121,284,False,2
17348,17122,284,False,2
17353,17126,284,False,2
17354,17127,284,False,2
17355,17128,284,False,2
17432,17207,284,False,2
17438,17209,284,False,2
17441,17211,284,False,2
17459,17213,284,False,2
17468,17215,284,False,2
17471,17217,284,False,2
17474,17219,284,False,2
17477,17221,284,False,2
17480,17223,284,False,2
17483,17225,284,False,2
17543,17321,284,False,2
17546,17323,284,False,2
17558,17329,284,False,2
17564,17331,284,False,2
17570,17335,284,False,2
17576,17339,284,False,2
17579,17341,284,False,2
17588,17347,284,False,2
17591,17349,284,False,2
17609,17449,284,False,2
17610,17450,284,False,2
17611,17385,284,False,2
17616,17389,284,False,2
17617,17390,284,False,2
17618,17391,284,False,2
17623,17395,284,False,2
17624,17396,284,False,2
17625,17397,284,False,2
17637,17407,284,False,2
17638,17408,284,False,2
17639,17409,284,False,2
17644,17413,284,False,2
17645,17414,284,False,2
17646,17415,284,False,2
17651,17419,284,False,2
17652,17420,284,False,2
17653,17421,284,False,2
17658,17425,284,False,2
17659,17426,284,False,2
17660,17427,284,False,2
17665,17431,284,False,2
17666,17432,284,False,2
17667,17433,284,False,2
17672,17437,284,False,2
17673,17438,284,False,2
17674,17439,284,False,2
17679,17443,284,False,2
17680,17444,284,False,2
17681,17445,284,False,2
17826,17630,284,False,2
17829,17628,284,False,2
17832,17626,284,False,2
17841,17663,284,False,2
17844,17661,284,False,2
17853,17657,284,False,2
17856,17655,284,False,2
17873,17646,284,False,2
17876,17644,284,False,2
17879,17642,284,False,2
17882,17640,284,False,2
17885,17638,284,False,2
17888,17636,284,False,2
17891,17634,284,False,2
17894,17632,284,False,2
17897,17723,284,False,2
17900,17725,284,False,2
17906,17689,284,False,2
17909,17691,284,False,2
17912,17693,284,False,2
17915,17695,284,False,2
17918,17697,284,False,2
17921,17699,284,False,2
17927,17703,284,False,2
17930,17705,284,False,2
17933,17707,284,False,2
17944,17709,284,False,2
17947,17711,284,False,2
17953,17715,284,False,2
17959,17717,284,False,2
17962,17719,284,False,2
17965,17721,284,False,2
18013,17818,284,False,2
18022,17820,284,False,2
18082,17907,284,False,2
18088,17885,284,False,2
18091,17887,284,False,2
18097,17889,284,False,2
18100,17891,284,False,2
18120,17905,284,False,2
18248,18033,284,False,2
18251,18005,284,False,2
18254,18007,284,False,2
18257,18009,284,False,2
18260,18011,284,False,2
18263,18013,284,False,2
18272,18017,284,False,2
18275,18019,284,False,2
18278,18021,284,False,2
18287,18025,284,False,2
18551,18266,284,False,2
18726,18349,284,False,2
18729,18325,284,False,2
18735,18327,284,False,2
18744,18331,284,False,2
18749,18333,284,False,2
19029,18608,284,False,2
19032,18610,284,False,2
19035,18612,284,False,2
19038,18614,284,False,2
19044,18618,284,False,2
19050,18622,284,False,2
19062,18624,284,False,2
19065,18626,284,False,2
19068,18628,284,False,2
19071,18630,284,False,2
19074,18632,284,False,2
19116,18657,284,False,2
19124,18705,284,False,2
19127,18707,284,False,2
19139,18709,284,False,2
19145,18711,284,False,2
19148,18713,284,False,2
19154,18717,284,False,2
19163,18719,284,False,2
19166,18721,284,False,2
19169,18723,284,False,2
19178,18725,284,False,2
19290,18900,284,False,2
19291,18901,284,False,2
19292,18902,284,False,2
19297,18828,284,False,2
19298,18829,284,False,2
19299,18830,284,False,2
19304,18834,284,False,2
19305,18835,284,False,2
19306,18836,284,False,2
19311,18840,284,False,2
19312,18841,284,False,2
19313,18842,284,False,2
19318,18846,284,False,2
19319,18847,284,False,2
19320,18848,284,False,2
19325,18852,284,False,2
19326,18853,284,False,2
19327,18854,284,False,2
19332,18858,284,False,2
19333,18859,284,False,2
19334,18860,284,False,2
19339,18864,284,False,2
19340,18865,284,False,2
19341,18866,284,False,2
19346,18870,284,False,2
19347,18871,284,False,2
19348,18872,284,False,2
19353,18876,284,False,2
19355,18878,284,False,2
19361,18883,284,False,2
19464,18948,284,False,2
19470,19423,284,False,2
19475,19422,284,False,2
19479,18950,284,False,2
19480,18951,284,False,2
19484,18952,284,False,2
19485,18953,284,False,2
19742,19317,330,False,1
19745,19266,330,False,1
19748,19268,330,False,1
19751,19270,330,False,1
19754,19272,330,False,1
19757,19274,330,False,1
19760,19276,330,False,1
19763,19278,330,False,1
19766,19280,330,False,1
19769,19282,330,False,1
19772,19284,330,False,1
19775,19286,330,False,1
19778,19288,330,False,1
19781,19290,330,False,1
19784,19292,330,False,1
19787,19294,330,False,1
19793,19301,330,False,1
19799,19305,330,False,1
19802,19307,330,False,1
19805,19309,330,False,1
19808,19311,330,False,1
19814,19313,330,False,1
19822,19315,330,False,1
19839,19330,330,False,1
19840,19331,330,False,1
19841,19332,330,False,1
19846,19336,330,False,1
19847,19337,330,False,1
19848,19338,330,False,1
19853,19342,330,False,1
19854,19343,330,False,1
19855,19344,330,False,1
19860,19348,330,False,1
19867,19354,330,False,1
19868,19355,330,False,1
19869,19356,330,False,1
19874,19360,330,False,1
19875,19361,330,False,1
19876,19362,330,False,1
19881,19366,330,False,1
19882,19367,330,False,1
19883,19368,330,False,1
19888,19372,330,False,1
19889,19373,330,False,1
19890,19374,330,False,1
19895,19378,330,False,1
19897,19380,330,False,1
19902,19384,330,False,1
19904,19386,330,False,1
19909,19390,330,False,1
19910,19391,330,False,1
19911,19392,330,False,1
19945,19466,330,False,1
19948,19468,330,False,1
19951,19470,330,False,1
19954,19472,330,False,1
19957,19474,330,False,1
19960,19476,330,False,1
19963,19478,330,False,1
19966,19480,330,False,1
19969,19482,330,False,1
19972,19484,330,False,1
19975,19486,330,False,1
19978,19488,330,False,1
19981,19490,330,False,1
19984,19492,330,False,1
19987,19494,330,False,1
19993,19498,330,False,1
19996,19500,330,False,1
19999,19502,330,False,1
20005,19506,330,False,1
20020,19514,330,False,1
20023,19516,330,False,1
20026,19518,330,False,1
20149,19643,330,False,1
20152,19606,330,False,1
20158,19610,330,False,1
20161,19612,330,False,1
20164,19614,330,False,1
20167,19616,330,False,1
20170,19618,330,False,1
20173,19620,330,False,1
20176,19622,330,False,1
20179,19624,330,False,1
20183,19626,330,False,1
20186,19628,330,False,1
20189,19630,330,False,1
20192,19632,330,False,1
20195,19633,330,False,1
20201,19635,330,False,1
20207,19637,330,False,1
20213,19641,330,False,1
20237,19671,284,False,2
20240,19673,284,False,2
20243,19675,284,False,2
20249,19679,284,False,2
20252,19681,284,False,2
20275,19691,284,False,2
20279,19695,284,False,2
20284,19699,284,False,2
20334,19753,330,False,1
20340,19755,330,False,1
20343,19757,330,False,1
20352,19761,330,False,1
20370,19763,330,False,1
20376,19765,330,False,1
20388,19767,330,False,1
20394,19769,330,False,1
20397,19771,330,False,1
20400,19773,330,False,1
20403,19775,330,False,1
20409,19777,330,False,1
20412,19779,330,False,1
20431,19780,284,False,2
20434,19782,284,False,2
20437,19784,284,False,2
20440,19786,284,False,2
20443,19788,284,False,2
20446,19790,284,False,2
20451,19794,284,False,2
20453,19796,284,False,2
20455,19798,284,False,2
20457,19800,284,False,2
20461,19804,284,False,2
20463,19806,284,False,2
20482,19828,330,False,1
20488,19830,330,False,1
20497,19834,330,False,1
20500,19836,330,False,1
20503,19838,330,False,1
20506,19840,330,False,1
20509,19842,330,False,1
20512,19844,330,False,1
20515,19846,330,False,1
20518,19848,330,False,1
20521,19850,330,False,1
20533,19852,330,False,1
20539,19854,330,False,1
20542,19856,330,False,1
20545,19858,330,False,1
20554,19860,330,False,1
20557,19862,330,False,1
20560,19864,330,False,1
20682,19956,284,False,2
20683,19957,284,False,2
20687,19960,284,False,2
20688,19961,284,False,2
20697,19968,284,False,2
20698,19969,284,False,2
20811,20329,284,False,2
20812,20125,284,False,2
20823,20130,284,False,2
20824,20131,284,False,2
20825,20132,284,False,2
20828,20134,284,False,2
20829,20135,284,False,2
20832,20137,330,False,1
20836,20139,330,False,1
20840,20141,330,False,1
20843,20143,330,False,1
20846,20145,330,False,1
20852,20147,330,False,1
20858,20149,330,False,1
20861,20151,330,False,1
20864,20153,330,False,1
20867,20155,330,False,1
20870,20157,330,False,1
20873,20159,330,False,1
20879,20161,330,False,1
20891,20163,330,False,1
20903,20165,330,False,1
20909,20167,330,False,1
20916,20297,284,False,2
20918,20299,284,False,2
20980,20191,284,False,2
20981,20192,284,False,2
20988,20193,284,False,2
21020,20426,330,False,1
21023,20345,330,False,1
21026,20347,330,False,1
21032,20351,330,False,1
21035,20353,330,False,1
21038,20355,330,False,1
21041,20357,330,False,1
21044,20359,330,False,1
21047,20361,330,False,1
21050,20363,330,False,1
21053,20365,330,False,1
21056,20367,330,False,1
21065,20371,330,False,1
21071,20373,330,False,1
21074,20375,330,False,1
21077,20377,330,False,1
21080,20379,330,False,1
21083,20381,330,False,1
21089,20385,330,False,1
21092,20387,330,False,1
21095,20389,330,False,1
21098,20391,330,False,1
21100,20392,284,False,2
21101,20393,284,False,2
21105,20396,284,False,2
21106,20397,284,False,2
21110,20400,284,False,2
21111,20401,284,False,2
21116,20567,330,False,1
21119,20569,330,False,1
21122,20447,330,False,1
21134,20451,330,False,1
21137,20453,330,False,1
21140,20455,330,False,1
21143,20457,330,False,1
21146,20459,330,False,1
21149,20461,330,False,1
21155,20463,330,False,1
21161,20467,330,False,1
21176,20471,330,False,1
21179,20473,330,False,1
21191,20475,330,False,1
21194,20477,330,False,1
21200,20479,330,False,1
21203,20481,330,False,1
21206,20483,330,False,1
21339,20705,330,False,1
21342,20707,330,False,1
21351,20709,330,False,1
21354,20711,330,False,1
21363,20715,330,False,1
21369,20717,330,False,1
21375,20719,330,False,1
21378,20721,330,False,1
21381,20723,330,False,1
21390,20725,330,False,1
21396,20729,330,False,1
21399,20731,330,False,1
21402,20733,330,False,1
21410,20735,330,False,1
21413,20737,330,False,1
21419,20739,330,False,1
21422,20741,330,False,1
21455,20811,330,False,1
21464,20815,330,False,1
21467,20817,330,False,1
21470,20819,330,False,1
21473,20821,330,False,1
21476,20823,330,False,1
21479,20825,330,False,1
21491,20829,330,False,1
21500,20831,330,False,1
21503,20833,330,False,1
21506,20835,330,False,1
21509,20837,330,False,1
21512,20839,330,False,1
21515,20841,330,False,1
21518,20843,330,False,1
21527,20847,330,False,1
21533,20849,330,False,1
21536,20851,330,False,1
21553,20943,330,False,1
21556,20941,330,False,1
21562,20939,330,False,1
21565,20937,330,False,1
21571,20935,330,False,1
21577,20933,330,False,1
21586,20931,330,False,1
21592,20928,330,False,1
21595,20926,330,False,1
21598,20924,330,False,1
21601,20922,330,False,1
21607,20918,330,False,1
21610,20916,330,False,1
21619,20914,330,False,1
21628,20912,330,False,1
21637,20910,330,False,1
21646,20906,330,False,1
21649,20945,330,False,1
21652,20968,330,False,1
21655,20970,330,False,1
21658,20972,330,False,1
21664,20976,330,False,1
21667,20978,330,False,1
21670,20980,330,False,1
21676,20984,330,False,1
21682,20986,330,False,1
21685,20988,330,False,1
21688,20990,330,False,1
21697,20992,330,False,1
21700,20994,330,False,1
21703,20996,330,False,1
21706,20998,330,False,1
21715,21002,330,False,1
21718,21004,330,False,1
21721,21006,330,False,1
21724,21008,330,False,1
21727,21010,330,False,1
21735,21088,330,False,1
21738,21090,330,False,1
21741,21092,330,False,1
21747,21094,330,False,1
21750,21096,330,False,1
21756,21098,330,False,1
21762,21100,330,False,1
21765,21102,330,False,1
21768,21104,330,False,1
21777,21106,330,False,1
21780,21108,330,False,1
21786,21110,330,False,1
21789,21112,330,False,1
21792,21114,330,False,1
21795,21116,330,False,1
21801,21118,330,False,1
21804,21120,330,False,1
21807,21122,330,False,1
21810,21124,330,False,1
21816,21126,330,False,1
21952,21165,330,False,1
21955,21167,330,False,1
21964,21169,330,False,1
21967,21171,330,False,1
21970,21173,330,False,1
21973,21175,330,False,1
21982,21177,330,False,1
21991,21179,330,False,1
21994,21181,330,False,1
22000,21183,330,False,1
22003,21185,330,False,1
22018,21187,330,False,1
22030,21189,330,False,1
22033,21191,330,False,1
22036,21193,330,False,1
22042,21197,330,False,1
22045,21199,330,False,1
22051,21201,330,False,1
22054,21203,330,False,1
22060,21205,330,False,1
22078,21407,330,False,1
22081,21411,330,False,1
22087,21413,330,False,1
22096,21417,330,False,1
22099,21419,330,False,1
22105,21421,330,False,1
22120,21423,330,False,1
22123,21425,330,False,1
22126,21427,330,False,1
22141,21431,330,False,1
22183,21465,330,False,1
22186,21467,330,False,1
22189,21469,330,False,1
22286,21616,330,False,1
22298,21612,330,False,1
22301,21610,330,False,1
22310,21608,330,False,1
22316,21606,330,False,1
22319,21604,330,False,1
22322,21602,330,False,1
22328,21600,330,False,1
22337,21598,330,False,1
22340,21596,330,False,1
22343,21594,330,False,1
22346,21592,330,False,1
22349,21590,330,False,1
22352,21588,330,False,1
22355,21586,330,False,1
22358,21618,330,False,1
22367,21625,330,False,1
22370,21627,330,False,1
22379,21629,330,False,1
22391,21631,330,False,1
22397,21633,330,False,1
22406,21635,330,False,1
22409,21637,330,False,1
22412,21639,330,False,1
22418,21641,330,False,1
22421,21643,330,False,1
22424,21645,330,False,1
22427,21647,330,False,1
22430,21649,330,False,1
22433,21651,330,False,1
22439,21655,330,False,1
22442,21657,330,False,1
22445,21659,330,False,1
22448,21661,330,False,1
22451,21663,330,False,1
22454,21665,330,False,1
22460,21667,330,False,1
22463,21669,330,False,1
22466,21671,330,False,1
22469,21673,330,False,1
22472,21804,330,False,1
22478,21746,330,False,1
22481,21748,330,False,1
22488,21753,330,False,1
22491,21755,330,False,1
22494,21757,330,False,1
22506,21761,330,False,1
22509,21763,330,False,1
22521,21765,330,False,1
22524,21767,330,False,1
22530,21771,330,False,1
22563,21799,330,False,1
22714,21959,330,False,1
22720,21957,330,False,1
22723,21955,330,False,1
22726,21953,330,False,1
22729,21951,330,False,1
22732,21949,330,False,1
22735,21947,330,False,1
22738,21945,330,False,1
22741,21943,330,False,1
22744,21941,330,False,1
22747,21939,330,False,1
22750,21937,330,False,1
22753,21935,330,False,1
22756,21933,330,False,1
22759,21931,330,False,1
23034,22117,330,False,1
23035,22116,330,False,1
23036,22115,330,False,1
23048,22111,330,False,1
23049,22109,330,False,1
23050,22110,330,False,1
23062,22089,330,False,1
23063,22090,330,False,1
23064,22088,330,False,1
23069,22073,330,False,1
23070,22075,330,False,1
23071,22074,330,False,1
23076,22066,330,False,1
23077,22065,330,False,1
23078,22064,330,False,1
23083,22080,330,False,1
23084,22081,330,False,1
23085,22079,330,False,1
23090,22093,330,False,1
23091,22091,330,False,1
23092,22092,330,False,1
23097,22099,330,False,1
23098,22098,330,False,1
23099,22097,330,False,1
23109,22381,330,False,1
23112,22383,330,False,1
23115,22385,330,False,1
23121,22389,330,False,1
23124,22391,330,False,1
23126,22392,330,False,1
23127,22393,330,False,1
23128,22394,330,False,1
23137,22396,330,False,1
23140,22398,330,False,1
23144,22401,330,False,1
23148,22404,330,False,1
23151,22406,330,False,1
23157,22408,330,False,1
23160,22410,330,False,1
23161,22411,330,False,1
23167,22415,330,False,1
23173,22419,330,False,1
23305,22488,330,False,1
23306,22487,330,False,1
23307,22486,330,False,1
23312,22481,330,False,1
23314,22480,330,False,1
23319,22509,330,False,1
23320,22510,330,False,1
23321,22511,330,False,1
23333,22507,330,False,1
23335,22505,330,False,1
23340,22499,330,False,1
23341,22500,330,False,1
23342,22501,330,False,1
23347,22493,330,False,1
23348,22494,330,False,1
23349,22495,330,False,1
23354,22515,330,False,1
23355,22517,330,False,1
23356,22513,330,False,1
23363,22460,330,False,1
23368,22476,330,False,1
23369,22475,330,False,1
23370,22474,330,False,1
23376,22469,330,False,1
23377,22470,330,False,1
23451,22607,330,False,1
23454,22605,330,False,1
23457,22603,330,False,1
23577,22705,330,False,1
23704,22952,330,False,1
23707,22950,330,False,1
23709,22946,330,False,1
23710,22945,330,False,1
23711,22947,330,False,1
23993,23045,330,False,1
23999,23043,330,False,1
24000,23044,330,False,1
24019,23183,330,False,1
24022,23182,330,False,1
24023,23181,330,False,1
24035,23196,330,False,1
24036,23197,330,False,1
24037,23198,330,False,1
24049,23187,330,False,1
24051,23189,330,False,1
24056,23177,330,False,1
24057,23176,330,False,1
24058,23175,330,False,1
24063,23369,330,False,1
24064,23370,330,False,1
24065,23368,330,False,1
24070,23217,330,False,1
24071,23218,330,False,1
24072,23364,330,False,1
24077,23202,330,False,1
24078,23203,330,False,1
24079,23204,330,False,1
24084,23221,330,False,1
24085,23220,330,False,1
24086,23219,330,False,1
24251,23352,330,False,1
24252,23353,330,False,1
24253,23350,330,False,1
24254,23351,330,False,1
24259,23349,330,False,1
24327,23464,330,False,1
24328,23458,330,False,1
24329,23457,330,False,1
24341,23414,330,False,1
24342,23413,330,False,1
24343,23478,330,False,1
24350,23429,330,False,1
24355,23431,330,False,1
24356,23432,330,False,1
24362,23447,330,False,1
24369,23463,330,False,1
24370,23461,330,False,1
24371,23462,330,False,1
24376,23416,330,False,1
24377,23415,330,False,1
24378,23418,330,False,1
24383,23422,330,False,1
24390,23440,330,False,1
24391,23441,330,False,1
24392,23442,330,False,1
25128,24261,360,False,1
25129,24260,360,False,1
25130,24259,360,False,1
25131,24256,364,False,1
25132,24257,364,False,1
25133,24258,364,False,1
25135,24241,360,False,1
25136,24242,360,False,1
25137,24243,360,False,1
25138,24220,364,False,1
25142,24224,360,False,1
25143,24223,360,False,1
25144,24225,360,False,1
25145,24226,364,False,1
25146,24227,364,False,1
25147,24228,364,False,1
25149,24273,360,False,1
25150,24272,360,False,1
25151,24271,360,False,1
25152,24270,364,False,1
25153,24269,364,False,1
25154,24268,364,False,1
25156,24249,360,False,1
25157,24248,360,False,1
25158,24247,360,False,1
25159,24246,364,False,1
25160,24245,364,False,1
25161,24244,364,False,1
25168,24274,364,False,1
25171,24254,360,False,1
25172,24253,360,False,1
25173,24252,364,False,1
25174,24251,364,False,1
25175,24250,364,False,1
25177,24229,360,False,1
25178,24230,360,False,1
25179,24231,360,False,1
25180,24232,364,False,1
25181,24233,364,False,1
25182,24234,364,False,1
25184,24285,360,False,1
25185,24284,360,False,1
25186,24283,360,False,1
25187,24282,364,False,1
25191,24267,360,False,1
25192,24266,360,False,1
25198,24235,360,False,1
25199,24236,360,False,1
25200,24237,360,False,1
25201,24238,364,False,1
25202,24239,364,False,1
25203,24240,364,False,1
25205,24209,360,False,1
25206,24306,364,False,1
25208,24343,360,False,1
25209,24312,364,False,1
25211,24213,360,False,1
25212,24302,364,False,1
25214,24210,360,False,1
25217,24217,360,False,1
25218,24218,364,False,1
25220,24344,360,False,1
25223,24341,360,False,1
25226,24342,360,False,1
25227,24313,364,False,1
25229,24208,360,False,1
25230,24307,364,False,1
25235,24211,360,False,1
25236,24304,364,False,1
25238,24215,360,False,1
25239,24300,364,False,1
25241,24216,360,False,1
25242,24219,364,False,1
25244,24340,360,False,1
25245,24315,364,False,1
25247,24207,360,False,1
25253,24339,360,False,1
25254,24316,364,False,1
25256,24214,360,False,1
25257,24301,364,False,1
25265,24338,360,False,1
25266,24317,364,False,1
25271,24212,360,False,1
25272,24303,364,False,1
25274,24205,360,False,1
25275,24310,364,False,1
25277,24407,360,False,1
25280,24408,360,False,1
25286,24392,360,False,1
25287,24381,364,False,1
25289,24397,360,False,1
25290,24426,364,False,1
25292,24402,360,False,1
25293,24390,364,False,1
25295,24403,360,False,1
25296,24391,364,False,1
25298,24404,360,False,1
25299,24389,364,False,1
25310,24393,360,False,1
25311,24380,364,False,1
25313,24396,360,False,1
25314,24427,364,False,1
25316,24400,360,False,1
25320,24422,364,False,1
25325,24401,360,False,1
25326,24424,364,False,1
25331,24409,360,False,1
25337,24411,360,False,1
25340,24394,360,False,1
25341,24429,364,False,1
25355,24455,360,False,1
25356,24454,364,False,1
25358,24461,360,False,1
25359,24460,364,False,1
25361,24471,360,False,1
25362,24470,364,False,1
25367,24441,360,False,1
25370,24445,360,False,1
25371,24444,364,False,1
25373,24469,360,False,1
25374,24468,364,False,1
25376,24449,360,False,1
25377,24448,364,False,1
25388,24443,360,False,1
25389,24442,364,False,1
25391,24457,360,False,1
25392,24456,364,False,1
25397,24463,360,False,1
25398,24462,364,False,1
25403,24473,360,False,1
25407,24450,364,False,1
25512,24600,360,False,1
25516,24583,364,False,1
25518,24595,360,False,1
25519,24576,364,False,1
25521,24605,360,False,1
25522,24586,364,False,1
25524,24594,360,False,1
25525,24575,364,False,1
25527,24569,360,False,1
25528,24566,364,False,1
25530,24568,364,False,1
25532,24609,360,False,1
25533,24590,364,False,1
25535,24597,360,False,1
25536,24578,364,False,1
25538,24596,360,False,1
25539,24577,364,False,1
25541,24593,360,False,1
25542,24574,364,False,1
25546,24598,360,False,1
25547,24579,364,False,1
25549,24571,360,False,1
25550,24564,364,False,1
25552,24611,360,False,1
25553,24567,364,False,1
25555,24570,360,False,1
25556,24565,364,False,1
25558,24601,360,False,1
25559,24582,364,False,1
25561,24608,360,False,1
25562,24589,364,False,1
25564,24607,360,False,1
25565,24588,364,False,1
25567,24610,360,False,1
25569,24591,364,False,1
25575,24573,364,False,1
25580,24606,360,False,1
25583,24599,360,False,1
25586,24663,360,False,1
25587,24662,364,False,1
25595,24680,364,False,1
25597,24694,360,False,1
25598,24693,364,False,1
25606,24704,360,False,1
25607,24703,364,False,1
25609,24679,364,False,1
25614,24702,360,False,1
25615,24701,364,False,1
25623,24696,360,False,1
25624,24695,364,False,1
25635,24692,360,False,1
25636,24691,364,False,1
25641,24700,360,False,1
25642,24699,364,False,1
25647,24706,360,False,1
25648,24705,364,False,1
25653,24698,360,False,1
25654,24697,364,False,1
25656,24710,360,False,1
25657,24709,364,False,1
25662,24688,360,False,1
25663,24687,364,False,1
25665,24682,360,False,1
25679,24747,360,False,1
25680,24746,364,False,1
25683,24756,364,False,1
25685,24749,360,False,1
25691,24773,360,False,1
25692,24772,364,False,1
25694,24769,360,False,1
25695,24768,364,False,1
25700,24743,360,False,1
25703,24759,360,False,1
25704,24758,364,False,1
25710,24780,364,False,1
25712,24767,360,False,1
25713,24766,364,False,1
25718,24765,360,False,1
25719,24764,364,False,1
25727,24771,360,False,1
25728,24770,364,False,1
25730,24763,360,False,1
25731,24762,364,False,1
25736,24755,360,False,1
25739,24745,360,False,1
25740,24744,364,False,1
25742,24753,360,False,1
25743,24752,364,False,1
25767,24779,360,False,1
25771,24777,360,False,1
25773,24776,364,False,1
25775,24802,364,False,1
25780,24810,360,False,1
25781,24809,364,False,1
25783,24804,364,False,1
25785,24812,360,False,1
25786,24811,364,False,1
25788,24814,360,False,1
25789,24813,364,False,1
25791,24818,360,False,1
25792,24817,364,False,1
25794,24803,364,False,1
25796,24806,364,False,1
25798,24800,360,False,1
25800,24801,364,False,1
25802,24816,360,False,1
25805,24819,360,False,1
25807,24805,364,False,1
25905,24963,364,False,1
25907,24961,360,False,1
25924,24976,360,False,1
25927,24964,360,False,1
25929,24980,360,False,1
25930,24979,364,False,1
25945,24960,364,False,1
25947,24992,360,False,1
25948,24991,364,False,1
25950,24988,360,False,1
25951,24987,364,False,1
25956,24978,360,False,1
25957,24977,364,False,1
25959,24966,360,False,1
25970,24968,360,False,1
25971,24967,364,False,1
25973,24972,360,False,1
25974,24971,364,False,1
25976,25054,360,False,1
25977,25053,364,False,1
25979,25030,360,False,1
25980,25029,364,False,1
25988,25046,360,False,1
25989,25045,364,False,1
25991,25032,360,False,1
25993,25031,364,False,1
25995,25056,360,False,1
25996,25055,364,False,1
26007,25052,360,False,1
26008,25051,364,False,1
26010,25040,360,False,1
26012,25058,360,False,1
26015,25028,360,False,1
26016,25027,364,False,1
26018,25062,360,False,1
26019,25061,364,False,1
26021,25060,360,False,1
26022,25059,364,False,1
26027,25033,364,False,1
26032,25022,364,False,1
26034,25024,364,False,1
26036,25037,360,False,1
26039,25044,360,False,1
26042,25023,364,False,1
26044,25050,360,False,1
26045,25049,364,False,1
26122,25183,360,False,1
26123,25200,364,False,1
26125,25190,360,False,1
26132,25210,364,False,1
26136,25189,360,False,1
26137,25206,364,False,1
26140,25166,364,False,1
26142,25180,360,False,1
26146,25201,364,False,1
26160,25162,360,False,1
26161,25165,364,False,1
26163,25215,364,False,1
26168,25196,360,False,1
26169,25216,364,False,1
26173,25185,360,False,1
26180,25205,364,False,1
26186,25164,364,False,1
26188,25193,360,False,1
26189,25211,364,False,1
26192,25163,364,False,1
26197,25195,360,False,1
26198,25213,364,False,1
26205,25186,360,False,1
26210,25270,360,False,1
26211,25269,364,False,1
26216,25264,360,False,1
26217,25263,364,False,1
26219,25290,360,False,1
26220,25289,364,False,1
26236,25278,360,False,1
26237,25277,364,False,1
26239,25260,364,False,1
26241,25274,360,False,1
26242,25273,364,False,1
26244,25266,360,False,1
26247,25280,360,False,1
26248,25279,364,False,1
26256,25262,360,False,1
26257,25261,364,False,1
26265,25294,360,False,1
26266,25293,364,False,1
26268,25297,364,False,1
26275,25295,364,False,1
26277,25292,360,False,1
26278,25291,364,False,1
26284,25349,364,False,1
26289,25344,360,False,1
26293,25353,364,False,1
26295,25348,360,False,1
26296,25347,364,False,1
26301,25328,360,False,1
26302,25327,364,False,1
26304,25346,360,False,1
26305,25345,364,False,1
26311,25325,364,False,1
26313,25336,360,False,1
26316,25356,360,False,1
26317,25355,364,False,1
26319,25342,360,False,1
26320,25341,364,False,1
26323,25339,364,False,1
26326,25329,364,False,1
26334,25332,360,False,1
26337,25362,360,False,1
26338,25361,364,False,1
26458,25526,364,False,1
26460,25457,360,False,1
26461,25456,364,False,1
26466,25528,360,False,1
26467,25529,364,False,1
26470,25550,364,False,1
26473,25521,364,False,1
26479,25552,364,False,1
26481,25530,360,False,1
26482,25531,364,False,1
26484,25548,360,False,1
26486,25539,364,False,1
26490,25458,360,False,1
26498,25543,360,False,1
26499,25545,364,False,1
26501,25535,360,False,1
26502,25536,364,False,1
26506,25554,364,False,1
26508,25541,360,False,1
26510,25540,360,False,1
26515,25544,360,False,1
26520,25532,360,False,1
26521,25533,364,False,1
26523,25553,364,False,1
26525,25551,364,False,1
26527,25525,364,False,1
26529,25523,360,False,1
26530,25524,364,False,1
26538,25606,360,False,1
26547,25612,360,False,1
26548,25613,364,False,1
26550,25620,360,False,1
26551,25621,364,False,1
26553,25623,364,False,1
26555,25622,360,False,1
26558,25643,360,False,1
26561,25614,360,False,1
26564,25633,360,False,1
26565,25632,364,False,1
26567,25616,360,False,1
26568,25617,364,False,1
26570,25631,360,False,1
26576,25637,360,False,1
26582,25641,360,False,1
26583,25640,364,False,1
26591,25608,360,False,1
26592,25609,364,False,1
26595,25619,364,False,1
26597,25610,360,False,1
26602,25659,360,False,1
26604,25662,364,False,1
26606,25656,360,False,1
26608,25660,360,False,1
26610,25661,364,False,1
26612,25663,364,False,1
26614,25684,360,False,1
26616,25685,360,False,1
26620,25664,364,False,1
26622,25669,360,False,1
26623,25668,364,False,1
26625,25657,360,False,1
26626,25658,364,False,1
26631,25667,360,False,1
26632,25666,364,False,1
26637,25677,360,False,1
26638,25676,364,False,1
26640,25673,360,False,1
26641,25672,364,False,1
26643,25675,360,False,1
26644,25674,364,False,1
26652,25671,360,False,1
26653,25670,364,False,1
26655,25683,360,False,1
26656,25682,364,False,1
26658,25679,360,False,1
26659,25678,364,False,1
26661,25681,360,False,1
26662,25680,364,False,1
26781,25761,360,False,1
26796,25765,364,False,1
26799,25763,364,False,1
26802,25762,364,False,1
26807,25777,360,False,1
26808,25776,364,False,1
26810,25783,360,False,1
26811,25782,364,False,1
26813,25760,360,False,1
26814,25792,364,False,1
26816,25781,360,False,1
26817,25780,364,False,1
26819,25785,360,False,1
26820,25784,364,False,1
26825,25787,360,False,1
26826,25786,364,False,1
26834,25779,360,False,1
26835,25778,364,False,1
26840,25775,360,False,1
26844,25788,364,False,1
26846,25773,360,False,1
26849,25767,360,False,1
26850,25766,364,False,1
26853,25770,364,False,1
26861,25941,360,False,1
26868,25951,360,False,1
26870,25940,360,False,1
26871,25939,364,False,1
26873,25936,360,False,1
26874,25935,364,False,1
26893,25943,360,False,1
26894,25942,364,False,1
26896,25948,360,False,1
26897,25947,364,False,1
26903,25960,364,False,1
26905,25932,360,False,1
26906,25931,364,False,1
26908,25938,360,False,1
26909,25937,364,False,1
26912,25954,364,False,1
26914,25953,360,False,1
26915,25952,364,False,1
26924,25933,364,False,1
27125,26126,360,False,1
27127,26117,364,False,1
27129,26121,360,False,1
27131,26127,360,False,1
27133,26123,360,False,1
27135,26124,360,False,1
27137,26182,364,False,1
27139,26113,364,False,1
27143,26129,364,False,1
27147,26110,364,False,1
27149,26122,360,False,1
27151,26119,364,False,1
27153,26128,360,False,1
27155,26181,364,False,1
27157,26118,364,False,1
27159,26125,360,False,1
27163,26111,364,False,1
27165,26120,360,False,1
27166,26116,364,False,1
27168,26115,364,False,1
27169,26114,364,False,1
27171,26159,360,False,1
27172,26158,364,False,1
27177,26188,360,False,1
27178,26187,364,False,1
27180,26194,360,False,1
27181,26193,364,False,1
27183,26198,360,False,1
27186,26151,360,False,1
27187,26150,364,False,1
27189,26196,360,False,1
27190,26195,364,False,1
27193,26185,364,False,1
27195,26165,360,False,1
27196,26164,364,False,1
27201,26192,360,False,1
27202,26191,364,False,1
27207,26153,360,False,1
27208,26152,364,False,1
27213,26161,360,False,1
27214,26160,364,False,1
27244,26144,364,False,1
27361,26267,360,False,1
27364,26273,360,False,1
27367,26263,360,False,1
27370,26274,360,False,1
27373,26269,360,False,1
27376,26268,360,False,1
27379,26275,360,False,1
27382,26270,360,False,1
27385,26260,360,False,1
27388,26271,360,False,1
27394,26272,360,False,1
27400,26259,360,False,1
27403,26266,360,False,1
27408,26261,360,False,1
27411,26265,360,False,1
27413,26264,360,False,1
27415,26262,360,False,1
27418,26367,364,False,1
27420,26369,364,False,1
27425,26370,364,False,1
27428,26366,364,False,1
27430,26372,364,False,1
27432,26368,364,False,1
27438,26395,364,False,1
27449,26375,364,False,1
27454,26386,360,False,1
27455,26385,364,False,1
27458,26389,364,False,1
27463,26365,360,False,1
27464,26364,364,False,1
27466,26388,360,False,1
27467,26387,364,False,1
27472,26374,360,False,1
27473,26373,364,False,1
27545,26471,360,False,1
27546,26473,360,False,1
27547,26472,360,False,1
27548,26470,364,False,1
27549,26469,364,False,1
27550,26468,364,False,1
27552,26477,360,False,1
27555,26476,364,False,1
27556,26475,364,False,1
27557,26474,364,False,1
27559,26466,360,False,1
27560,26465,360,False,1
27561,26467,360,False,1
27562,26462,364,False,1
27563,26463,364,False,1
27564,26464,364,False,1
27566,26496,360,False,1
27567,26497,360,False,1
27568,26495,360,False,1
27569,26493,364,False,1
27570,26492,364,False,1
27571,26494,364,False,1
27573,26485,360,False,1
27574,26484,360,False,1
27575,26483,360,False,1
27576,26481,364,False,1
27577,26482,364,False,1
27578,26480,364,False,1
27580,26490,360,False,1
27581,26491,360,False,1
27582,26489,360,False,1
27583,26487,364,False,1
27584,26486,364,False,1
27585,26488,364,False,1
27587,26571,360,False,1
27588,26572,360,False,1
27589,26573,360,False,1
27590,26503,364,False,1
27591,26605,364,False,1
27594,26577,360,False,1
27595,26579,360,False,1
27596,26578,360,False,1
27598,26575,364,False,1
27599,26574,364,False,1
27602,26584,360,False,1
27603,26583,360,False,1
27604,26580,364,False,1
27605,26582,364,False,1
27606,26581,364,False,1
27608,26603,360,False,1
27609,26602,360,False,1
27610,26601,360,False,1
27611,26600,364,False,1
27612,26598,364,False,1
27613,26599,364,False,1
27821,26666,364,False,1
27826,26694,364,False,1
27833,26689,360,False,1
27834,26688,364,False,1
27877,26877,364,False,1
27894,26864,360,False,1
27895,26863,364,False,1
27910,26795,364,False,1
27913,26888,364,False,1
27925,26886,364,False,1
27931,26884,364,False,1
27937,26881,364,False,1
27945,26870,360,False,1
27949,26871,364,False,1
27955,26873,364,False,1
27960,26876,360,False,1
27961,26875,364,False,1
27969,26866,360,False,1
27970,26865,364,False,1
28136,27115,364,False,1
28138,27105,360,False,1
28140,27104,360,False,1
28141,27113,364,False,1
28143,27106,360,False,1
28148,27118,364,False,1
28152,27107,360,False,1
28153,27117,364,False,1
28155,27114,364,False,1
28157,27101,360,False,1
28158,27116,364,False,1
28160,27102,360,False,1
28161,27112,364,False,1
28163,27103,360,False,1
28167,27111,364,False,1
28175,27108,360,False,1
28176,27119,364,False,1
28178,27122,364,False,1
28183,27130,360,False,1
28186,27128,360,False,1
28187,27127,364,False,1
28192,27185,360,False,1
28198,27186,360,False,1
28200,27182,360,False,1
28201,27181,364,False,1
28203,27188,360,False,1
28205,27183,360,False,1
28207,27184,360,False,1
28218,27141,360,False,1
28219,27160,364,False,1
28221,27177,360,False,1
28225,27187,360,False,1
28229,27180,360,False,1
28230,27178,364,False,1
28232,27162,360,False,1
28233,27161,364,False,1
28235,27146,360,False,1
28236,27145,364,False,1
28238,27144,360,False,1
28239,27143,364,False,1
28244,27210,360,False,1
28245,27249,364,False,1
28247,27220,360,False,1
28248,27217,364,False,1
28250,27222,360,False,1
28251,27245,364,False,1
28253,27223,360,False,1
28254,27244,364,False,1
28256,27216,360,False,1
28257,27250,364,False,1
28259,27227,360,False,1
28260,27226,364,False,1
28264,27242,360,False,1
28267,27206,360,False,1
28268,27251,364,False,1
28270,27207,360,False,1
28271,27252,364,False,1
28273,27208,360,False,1
28274,27247,364,False,1
28276,27248,360,False,1
28277,27241,364,False,1
28280,27225,364,False,1
28282,27215,360,False,1
28283,27253,364,False,1
28285,27211,360,False,1
28286,27256,364,False,1
28288,27213,360,False,1
28291,27221,360,False,1
28292,27246,364,False,1
28294,27229,360,False,1
28295,27218,364,False,1
28297,27214,360,False,1
28298,27254,364,False,1
28300,27209,360,False,1
28301,27243,364,False,1
28303,27228,360,False,1
28304,27219,364,False,1
28384,27361,360,False,1
28385,27362,364,False,1
28387,27378,360,False,1
28402,27397,360,False,1
28403,27396,364,False,1
28416,27367,360,False,1
28417,27368,364,False,1
28419,27374,360,False,1
28420,27377,364,False,1
28425,27369,360,False,1
28426,27370,364,False,1
28428,27385,360,False,1
28429,27384,364,False,1
28431,27363,360,False,1
28432,27364,364,False,1
28434,27360,360,False,1
28435,27398,364,False,1
28437,27381,360,False,1
28438,27380,364,False,1
28440,27389,360,False,1
28441,27388,364,False,1
28443,27365,360,False,1
28444,27366,364,False,1
28446,27391,360,False,1
28447,27390,364,False,1
28449,27375,364,False,1
28453,27379,364,False,1
28464,27393,360,False,1
28465,27392,364,False,1
28477,27489,360,False,1
28478,27488,364,False,1
28480,27509,360,False,1
28481,27508,364,False,1
28483,27522,360,False,1
28487,27497,364,False,1
28489,27492,360,False,1
28491,27514,364,False,1
28493,27500,360,False,1
28494,27499,364,False,1
28502,27505,360,False,1
28503,27504,364,False,1
28505,27513,360,False,1
28506,27512,364,False,1
28508,27507,360,False,1
28509,27506,364,False,1
28514,27503,360,False,1
28523,27516,360,False,1
28524,27515,364,False,1
28531,27494,360,False,1
28532,27493,364,False,1
28534,27496,360,False,1
28535,27495,364,False,1
28537,27511,360,False,1
28538,27510,364,False,1
28547,27491,360,False,1
28548,27490,364,False,1
28550,27518,360,False,1
28551,27517,364,False,1
28553,27520,360,False,1
28554,27519,364,False,1
28563,27574,360,False,1
28564,27575,360,False,1
28565,27576,360,False,1
28567,27572,364,False,1
28568,27573,364,False,1
28574,27560,364,False,1
28575,27559,364,False,1
28577,27587,360,False,1
28578,27588,360,False,1
28579,27586,360,False,1
28580,27584,364,False,1
28581,27585,364,False,1
28582,27583,364,False,1
28585,27593,360,False,1
28587,27589,364,False,1
28588,27590,364,False,1
28591,27558,360,False,1
28593,27557,360,False,1
28594,27553,364,False,1
28595,27554,364,False,1
28598,27598,360,False,1
28599,27599,360,False,1
28600,27600,360,False,1
28601,27595,364,False,1
28602,27596,364,False,1
28603,27597,364,False,1
28612,27570,360,False,1
28613,27568,360,False,1
28614,27569,360,False,1
28615,27565,364,False,1
28617,27567,364,False,1
28619,27582,360,False,1
28620,27581,360,False,1
28621,27580,360,False,1
28622,27578,364,False,1
28623,27577,364,False,1
28624,27579,364,False,1
28626,27545,360,False,1
28627,27544,360,False,1
28628,27546,360,False,1
28629,27541,364,False,1
28631,27543,364,False,1
28633,27550,360,False,1
28636,27549,364,False,1
28637,27548,364,False,1
28638,27547,364,False,1
28776,27824,360,False,1
28777,27823,364,False,1
28779,27816,360,False,1
28780,27815,364,False,1
28782,27797,364,False,1
28784,27754,360,False,1
28785,27753,364,False,1
28787,27833,360,False,1
28788,27832,364,False,1
28790,27822,360,False,1
28791,27821,364,False,1
28793,27795,364,False,1
28795,27825,360,False,1
28799,27792,364,False,1
28807,27814,360,False,1
28809,27803,360,False,1
28810,27802,364,False,1
28812,27799,360,False,1
28813,27798,364,False,1
28816,27826,364,False,1
28821,27794,364,False,1
28822,27793,364,False,1
28825,27755,364,False,1
28827,27830,360,False,1
28828,27829,364,False,1
28830,27811,360,False,1
28834,27796,364,False,1
28837,27817,364,False,1
28842,27807,360,False,1
28843,27806,364,False,1
28848,27813,360,False,1
28849,27812,364,False,1
28857,27844,360,False,1
28858,27843,364,False,1
28860,27836,360,False,1
28861,27835,364,False,1
28866,27864,360,False,1
28867,27883,364,False,1
28869,27855,360,False,1
28870,27856,364,False,1
28875,27880,360,False,1
28876,27879,364,False,1
28878,27840,360,False,1
28879,27839,364,False,1
28881,27838,360,False,1
28890,27841,364,False,1
28891,27842,364,False,1
28893,27845,360,False,1
28894,27846,360,False,1
28896,27877,364,False,1
28897,27878,364,False,1
28899,27860,360,False,1
28900,27861,360,False,1
28902,27862,364,False,1
28905,27854,360,False,1
28906,27858,364,False,1
28907,27857,364,False,1
28909,27868,360,False,1
28910,27869,360,False,1
28911,27870,364,False,1
28912,27867,364,False,1
28914,27871,360,False,1
28915,27872,360,False,1
28916,27874,364,False,1
28917,27873,364,False,1
28934,27851,360,False,1
28936,27834,364,False,1
28937,27853,364,False,1
28957,27921,364,False,1
28958,27922,364,False,1
28959,27923,364,False,1
28961,27910,364,False,1
28962,27911,364,False,1
28963,27912,364,False,1
28976,27891,364,False,1
28982,27917,364,False,1
28983,27916,364,False,1
28984,27918,364,False,1
28989,27908,364,False,1
28990,27907,364,False,1
28991,27909,364,False,1
28993,27900,360,False,1
28994,27898,360,False,1
28995,27899,360,False,1
28996,27902,364,False,1
28997,27901,364,False,1
29000,27920,360,False,1
29001,27919,360,False,1
29002,27894,360,False,1
29003,27896,364,False,1
29004,27897,364,False,1
29005,27895,364,False,1
29020,27945,360,False,1
29021,27944,360,False,1
29022,27943,364,False,1
29023,27942,364,False,1
29028,27887,360,False,1
29029,27886,360,False,1
29031,27885,364,False,1
29032,27884,364,False,1
29034,28003,360,False,1
29035,28002,360,False,1
29039,27999,364,False,1
29040,27970,364,False,1
29047,27977,360,False,1
29048,28004,360,False,1
29049,27976,364,False,1
29050,28007,364,False,1
29052,28026,360,False,1
29053,28027,360,False,1
29054,28028,360,False,1
29056,28000,360,False,1
29057,28001,360,False,1
29058,28005,364,False,1
29059,28006,364,False,1
29061,27991,360,False,1
29072,28029,364,False,1
29073,28030,364,False,1
29075,27988,364,False,1
29076,27987,364,False,1
29084,28008,360,False,1
29085,28020,360,False,1
29096,27995,364,False,1
29097,27994,364,False,1
29099,27978,364,False,1
29102,28031,364,False,1
29103,28032,364,False,1
29105,27993,364,False,1
29107,28009,364,False,1
29111,27992,360,False,1
29112,27982,360,False,1
29114,27986,364,False,1
29116,27969,364,False,1
29122,28075,360,False,1
29123,28073,360,False,1
29124,28074,360,False,1
29125,28070,364,False,1
29126,28071,364,False,1
29127,28072,364,False,1
29129,28061,360,False,1
29130,28063,360,False,1
29131,28062,360,False,1
29133,28058,360,False,1
29134,28059,360,False,1
29135,28060,360,False,1
29136,28077,364,False,1
29137,28076,364,False,1
29138,28078,364,False,1
29144,28080,360,False,1
29148,28083,360,False,1
29156,28057,360,False,1
29222,28103,360,False,1
29223,28104,360,False,1
29243,28153,360,False,1
29244,28154,364,False,1
29246,28140,360,False,1
29247,28097,364,False,1
29249,28094,360,False,1
29250,28096,360,False,1
29251,28093,364,False,1
29252,28091,364,False,1
29255,28148,360,False,1
29256,28146,364,False,1
29269,28152,360,False,1
29271,28159,364,False,1
29272,28157,364,False,1
29278,28145,364,False,1
29279,28095,360,False,1
29280,28092,364,False,1
29281,28099,360,False,1
29282,28098,364,False,1
29288,28241,419,False,1
29294,28217,419,False,1
29295,28216,427,False,1
29297,28244,419,False,1
29300,28223,419,False,1
29303,28231,419,False,1
29304,28232,427,False,1
29306,28229,419,False,1
29307,28228,427,False,1
29309,28203,419,False,1
29310,28230,427,False,1
29315,28242,419,False,1
29318,28240,419,False,1
29324,28207,419,False,1
29325,28206,427,False,1
29327,28205,419,False,1
29328,28204,427,False,1
29330,28243,419,False,1
29336,28219,419,False,1
29337,28218,427,False,1
29339,28215,419,False,1
29340,28214,427,False,1
29342,28209,419,False,1
29343,28208,427,False,1
29345,28211,419,False,1
29346,28210,427,False,1
29348,28227,419,False,1
29349,28226,427,False,1
29351,28221,419,False,1
29352,28220,427,False,1
29357,28213,419,False,1
29358,28212,427,False,1
29362,28225,419,False,1
29363,28224,427,False,1
29428,28332,419,False,1
29429,28331,427,False,1
29434,28326,419,False,1
29435,28325,427,False,1
29443,28330,419,False,1
29444,28329,427,False,1
29456,28343,427,False,1
29458,28320,419,False,1
29459,28299,427,False,1
29461,28346,419,False,1
29462,28345,427,False,1
29467,28342,419,False,1
29468,28341,427,False,1
29470,28348,419,False,1
29473,28340,419,False,1
29474,28339,427,False,1
29479,28322,419,False,1
29480,28321,427,False,1
29491,28328,419,False,1
29492,28327,427,False,1
29497,28334,419,False,1
29498,28333,427,False,1
29500,28324,419,False,1
29501,28323,427,False,1
29503,28440,419,False,1
29504,28439,419,False,1
29505,28438,419,False,1
29506,28443,427,False,1
29507,28441,427,False,1
29508,28442,427,False,1
29511,28433,419,False,1
29517,28429,419,False,1
29518,28428,419,False,1
29519,28427,419,False,1
29520,28431,427,False,1
29521,28430,427,False,1
29524,28422,419,False,1
29525,28423,419,False,1
29526,28421,419,False,1
29527,28426,427,False,1
29528,28425,427,False,1
29529,28424,427,False,1
29531,28417,419,False,1
29532,28415,419,False,1
29533,28416,419,False,1
29534,28420,427,False,1
29535,28419,427,False,1
29538,28392,419,False,1
29539,28393,419,False,1
29540,28394,419,False,1
29541,28396,427,False,1
29542,28397,427,False,1
29543,28395,427,False,1
29545,28386,419,False,1
29546,28387,419,False,1
29547,28388,419,False,1
29548,28391,427,False,1
29549,28389,427,False,1
29550,28390,427,False,1
29552,28383,419,False,1
29553,28382,419,False,1
29557,28380,427,False,1
29559,28404,419,False,1
29561,28405,419,False,1
29562,28406,427,False,1
29563,28407,427,False,1
29564,28408,427,False,1
29568,28409,419,False,1
29571,28413,427,False,1
29573,28400,419,False,1
29574,28399,419,False,1
29575,28398,419,False,1
29576,28403,427,False,1
29577,28402,427,False,1
29578,28401,427,False,1
29592,28452,419,False,1
29593,28451,427,False,1
29605,28478,419,False,1
29606,28469,427,False,1
29609,28465,427,False,1
29611,28456,419,False,1
29612,28455,427,False,1
29615,28467,427,False,1
29617,28458,419,False,1
29618,28457,427,False,1
29623,28479,419,False,1
29624,28480,427,False,1
29626,28472,419,False,1
29627,28473,427,False,1
29629,28476,419,False,1
29630,28477,427,False,1
29635,28474,419,False,1
29636,28475,427,False,1
29641,28470,419,False,1
29642,28471,427,False,1
29644,28448,419,False,1
29645,28447,427,False,1
29657,28466,427,False,1
29659,28481,419,False,1
29660,28482,427,False,1
29665,28454,419,False,1
29666,28453,427,False,1
29668,28446,419,False,1
29669,28445,427,False,1
29677,28462,419,False,1
29678,28461,427,False,1
29680,28460,419,False,1
29681,28459,427,False,1
29686,28450,419,False,1
29687,28449,427,False,1
29692,28555,419,False,1
29693,28554,427,False,1
29695,28562,419,False,1
29696,28561,427,False,1
29698,28564,419,False,1
29699,28563,427,False,1
29701,28570,419,False,1
29702,28569,427,False,1
29704,28590,419,False,1
29705,28589,427,False,1
29707,28582,419,False,1
29708,28581,427,False,1
29710,28558,427,False,1
29712,28576,419,False,1
29713,28575,427,False,1
29715,28586,419,False,1
29716,28585,427,False,1
29724,28560,427,False,1
29729,28574,419,False,1
29730,28573,427,False,1
29732,28559,427,False,1
29740,28584,419,False,1
29741,28583,427,False,1
29743,28572,419,False,1
29744,28571,427,False,1
29746,28568,419,False,1
29747,28567,427,False,1
29750,28565,427,False,1
29752,28592,419,False,1
29753,28591,427,False,1
29755,28588,419,False,1
29756,28587,427,False,1
29758,28557,419,False,1
29759,28556,427,False,1
29761,28580,419,False,1
29762,28579,427,False,1
29767,28578,419,False,1
29768,28577,427,False,1
29829,28661,419,False,1
29830,28660,427,False,1
29835,28651,419,False,1
29838,28623,419,False,1
29839,28622,427,False,1
29841,28625,419,False,1
29842,28624,427,False,1
29844,28621,419,False,1
29845,28620,427,False,1
29847,28631,419,False,1
29848,28630,427,False,1
29850,28641,419,False,1
29851,28640,427,False,1
29853,28635,419,False,1
29854,28634,427,False,1
29859,28637,419,False,1
29860,28636,427,False,1
29862,28649,419,False,1
29863,28648,427,False,1
29865,28633,419,False,1
29866,28632,427,False,1
29871,28655,419,False,1
29872,28654,427,False,1
29874,28629,419,False,1
29875,28628,427,False,1
29877,28653,419,False,1
29878,28652,427,False,1
29905,28657,419,False,1
29906,28656,427,False,1
29918,28638,427,False,1
29921,28662,419,False,1
29925,28644,419,False,1
29942,28689,419,False,1
29943,28690,427,False,1
29945,28736,419,False,1
29946,28737,427,False,1
29951,28693,419,False,1
29958,28687,419,False,1
29959,28688,427,False,1
29961,28685,419,False,1
29962,28686,427,False,1
29967,28705,419,False,1
29968,28706,427,False,1
29970,28725,419,False,1
29971,28726,427,False,1
29976,28732,419,False,1
29979,28684,419,False,1
29980,28703,427,False,1
29982,28696,419,False,1
29983,28695,427,False,1
29985,28731,419,False,1
29988,28734,419,False,1
29989,28735,427,False,1
29991,28691,419,False,1
29992,28692,427,False,1
29997,28708,419,False,1
29998,28704,427,False,1
30000,28702,419,False,1
30001,28701,427,False,1
30003,28698,419,False,1
30004,28697,427,False,1
30006,28727,419,False,1
30007,28728,427,False,1
30009,28738,419,False,1
30010,28724,427,False,1
30015,28700,419,False,1
30016,28699,427,False,1
30018,28729,419,False,1
30037,28862,419,False,1
30038,28861,419,False,1
30039,28860,419,False,1
30041,28858,427,False,1
30042,28857,427,False,1
30047,28854,427,False,1
30052,28892,419,False,1
30053,28891,419,False,1
30054,28887,427,False,1
30056,28889,427,False,1
30065,28868,419,False,1
30066,28867,419,False,1
30067,28866,419,False,1
30069,28864,427,False,1
30070,28863,427,False,1
30072,28878,419,False,1
30073,28880,419,False,1
30074,28879,419,False,1
30075,28875,427,False,1
30077,28877,427,False,1
30086,28833,419,False,1
30087,28832,419,False,1
30088,28831,419,False,1
30089,28828,427,False,1
30090,28829,427,False,1
30091,28830,427,False,1
30093,28884,419,False,1
30094,28886,419,False,1
30095,28885,419,False,1
30096,28881,427,False,1
30097,28882,427,False,1
30098,28883,427,False,1
30215,29012,419,False,1
30216,29011,427,False,1
30218,28988,419,False,1
30219,28989,427,False,1
30228,28991,427,False,1
30233,28998,419,False,1
30236,29010,419,False,1
30237,29009,427,False,1
30241,28994,419,False,1
30242,28995,427,False,1
30244,29002,419,False,1
30245,29015,427,False,1
30248,29001,427,False,1
30253,28982,419,False,1
30254,28983,427,False,1
30256,29014,419,False,1
30257,29013,427,False,1
30259,29007,419,False,1
30260,29008,427,False,1
30265,29016,419,False,1
30266,29021,427,False,1
30268,29018,419,False,1
30269,29017,427,False,1
30271,29004,419,False,1
30272,29003,427,False,1
30277,28996,419,False,1
30278,28997,427,False,1
30281,28985,427,False,1
30283,29028,419,False,1
30284,29029,427,False,1
30286,29006,419,False,1
30287,29005,427,False,1
30335,29152,419,False,1
30336,29151,419,False,1
30339,29205,427,False,1
30341,29080,419,False,1
30342,29079,427,False,1
30344,29207,419,False,1
30345,29206,427,False,1
30347,29212,419,False,1
30349,29224,419,False,1
30350,29223,427,False,1
30356,29187,427,False,1
30358,29209,419,False,1
30359,29208,427,False,1
30361,29204,419,False,1
30362,29203,427,False,1
30365,29217,427,False,1
30367,29202,419,False,1
30368,29201,427,False,1
30370,29200,419,False,1
30371,29199,427,False,1
30373,29082,419,False,1
30374,29081,427,False,1
30376,29211,419,False,1
30377,29210,427,False,1
30381,29220,419,False,1
30382,29219,427,False,1
30384,29076,419,False,1
30385,29075,427,False,1
30387,29078,419,False,1
30388,29077,427,False,1
30393,29198,419,False,1
30394,29197,427,False,1
30397,29193,427,False,1
30399,29190,419,False,1
30400,29189,427,False,1
30402,29216,419,False,1
30403,29215,427,False,1
30405,29184,419,False,1
30406,29083,427,False,1
30408,29192,419,False,1
30409,29191,427,False,1
30411,29196,419,False,1
30412,29195,427,False,1
30443,29261,419,False,1
30444,29260,427,False,1
30446,29245,419,False,1
30448,29246,419,False,1
30457,29259,419,False,1
30458,29258,427,False,1
30460,29255,419,False,1
30461,29254,427,False,1
30468,29249,419,False,1
30469,29248,427,False,1
30473,29251,419,False,1
30474,29250,427,False,1
30477,29264,427,False,1
30488,29253,419,False,1
30489,29252,427,False,1
30493,29257,419,False,1
30494,29256,427,False,1
30496,29269,419,False,1
30497,29244,427,False,1
30702,29550,419,False,1
30704,29549,427,False,1
30708,29548,419,False,1
30710,29547,427,False,1
30720,29552,419,False,1
30722,29551,427,False,1
30726,29504,419,False,1
30728,29555,427,False,1
30731,29619,419,False,1
30732,29618,427,False,1
30734,29567,419,False,1
30735,29566,427,False,1
30737,29613,419,False,1
30738,29612,427,False,1
30740,29615,419,False,1
30741,29614,427,False,1
30743,29605,427,False,1
30748,29606,419,False,1
30750,29611,419,False,1
30751,29610,427,False,1
30753,29604,419,False,1
30757,29577,419,False,1
30758,29576,427,False,1
30760,29621,419,False,1
30761,29620,427,False,1
30763,29617,419,False,1
30764,29616,427,False,1
30766,29609,419,False,1
30767,29608,427,False,1
30769,29571,419,False,1
30770,29570,427,False,1
30772,29569,419,False,1
30773,29568,427,False,1
30775,29575,419,False,1
30776,29574,427,False,1
30778,29573,419,False,1
30779,29572,427,False,1
30781,29579,419,False,1
30782,29578,427,False,1
30784,29585,419,False,1
30785,29584,427,False,1
30787,29581,419,False,1
30788,29580,427,False,1
30790,29583,419,False,1
30791,29582,427,False,1
30799,29771,419,False,1
30800,29772,427,False,1
30803,29770,427,False,1
30805,29774,419,False,1
30806,29773,427,False,1
30808,29663,427,False,1
30810,29661,427,False,1
30812,29673,419,False,1
30814,29666,419,False,1
30816,29674,427,False,1
30826,29662,419,False,1
30831,29664,419,False,1
30834,29777,419,False,1
30835,29778,427,False,1
30840,29670,419,False,1
30841,29671,427,False,1
30843,29677,419,False,1
30844,29676,427,False,1
30846,29776,419,False,1
30847,29775,427,False,1
30852,29679,419,False,1
30858,29710,419,False,1
30859,29709,427,False,1
30871,29713,427,False,1
30873,29708,419,False,1
30874,29707,427,False,1
30876,29736,419,False,1
30877,29735,427,False,1
30880,29741,427,False,1
30882,29712,419,False,1
30885,29716,419,False,1
30886,29715,427,False,1
30889,29725,427,False,1
30891,29730,419,False,1
30892,29729,427,False,1
30894,29720,419,False,1
30895,29719,427,False,1
30897,29724,419,False,1
30898,29723,427,False,1
30900,29748,419,False,1
30901,29747,427,False,1
30909,29734,419,False,1
30910,29733,427,False,1
30915,29738,419,False,1
30916,29737,427,False,1
30919,29727,427,False,1
30922,29731,427,False,1
30925,29739,427,False,1
30927,29746,419,False,1
31001,29814,419,False,1
31002,29823,427,False,1
31004,29825,419,False,1
31005,29824,427,False,1
31010,29815,419,False,1
31011,29816,427,False,1
31017,29826,427,False,1
31019,29820,419,False,1
31020,29819,427,False,1
31022,29851,419,False,1
31023,29852,427,False,1
31025,29808,419,False,1
31026,29807,427,False,1
31028,29812,419,False,1
31029,29811,427,False,1
31031,29818,419,False,1
31034,29832,419,False,1
31035,29833,427,False,1
31037,29813,419,False,1
31038,29804,427,False,1
31040,29847,419,False,1
31041,29848,427,False,1
31046,29854,419,False,1
31047,29857,427,False,1
31049,29822,419,False,1
31050,29821,427,False,1
31052,29853,419,False,1
31053,29844,427,False,1
31056,29809,427,False,1
31058,29806,419,False,1
31059,29805,427,False,1
31061,29845,419,False,1
31067,29829,419,False,1
31068,29828,427,False,1
31073,29831,419,False,1
31074,29830,427,False,1
31079,29855,419,False,1
31080,29856,427,False,1
31124,30022,419,False,1
31125,30021,427,False,1
31127,30024,419,False,1
31128,30023,427,False,1
31139,30020,419,False,1
31140,30019,427,False,1
31142,29964,419,False,1
31144,29998,419,False,1
31145,29997,427,False,1
31147,30002,419,False,1
31148,30001,427,False,1
31152,30016,419,False,1
31153,30015,427,False,1
31155,29994,419,False,1
31156,29993,427,False,1
31158,30026,419,False,1
31159,30025,427,False,1
31161,30012,419,False,1
31162,30011,427,False,1
31164,29996,419,False,1
31165,29995,427,False,1
31167,30006,419,False,1
31168,30005,427,False,1
31173,30000,419,False,1
31174,29999,427,False,1
31179,29992,419,False,1
31180,29991,427,False,1
31182,30004,419,False,1
31183,30003,427,False,1
31185,30008,419,False,1
31188,30010,419,False,1
31189,30009,427,False,1
31191,30018,419,False,1
31197,29990,419,False,1
31201,30013,427,False,1
31229,30079,419,False,1
31230,30078,427,False,1
31232,30077,419,False,1
31233,30076,427,False,1
31247,30071,419,False,1
31248,30070,427,False,1
31250,30067,419,False,1
31251,30066,427,False,1
31253,30063,419,False,1
31254,30062,427,False,1
31259,30065,419,False,1
31260,30064,427,False,1
31271,30081,419,False,1
31272,30080,427,False,1
31280,30069,419,False,1
31281,30068,427,False,1
31283,30047,419,False,1
31284,30046,427,False,1
31289,30045,427,False,1
31291,30073,419,False,1
31292,30072,427,False,1
31297,30055,419,False,1
31298,30054,427,False,1
31300,30057,419,False,1
31301,30056,427,False,1
31306,30059,419,False,1
31307,30058,427,False,1
31309,30049,419,False,1
31310,30048,427,False,1
31312,30061,419,False,1
31313,30060,427,False,1
31315,30051,419,False,1
31316,30050,427,False,1
31318,30053,419,False,1
31319,30052,427,False,1
31321,30110,419,False,1
31331,30136,419,False,1
31332,30107,427,False,1
31334,30135,427,False,1
31338,30126,419,False,1
31339,30125,427,False,1
31341,30108,419,False,1
31350,30134,419,False,1
31351,30133,427,False,1
31358,30118,419,False,1
31359,30117,427,False,1
31363,30140,419,False,1
31364,30139,427,False,1
31366,30114,419,False,1
31367,30113,427,False,1
31369,30138,419,False,1
31370,30137,427,False,1
31372,30104,419,False,1
31373,30141,427,False,1
31375,30128,419,False,1
31376,30127,427,False,1
31378,30120,419,False,1
31379,30119,427,False,1
31381,30132,419,False,1
31382,30131,427,False,1
31387,30124,419,False,1
31388,30123,427,False,1
31390,30130,419,False,1
31391,30129,427,False,1
31396,30197,419,False,1
31398,30201,419,False,1
31400,30206,419,False,1
31401,30207,427,False,1
31407,30193,419,False,1
31408,30194,427,False,1
31412,30205,419,False,1
31414,30211,427,False,1
31416,30202,427,False,1
31419,30187,419,False,1
31421,30188,427,False,1
31425,30189,419,False,1
31427,30190,427,False,1
31431,30163,419,False,1
31433,30184,427,False,1
31437,30186,419,False,1
31439,30185,427,False,1
31443,30191,419,False,1
31445,30192,427,False,1
31448,30196,419,False,1
31449,30195,427,False,1
31451,30210,419,False,1
31453,30198,419,False,1
31455,30208,419,False,1
31456,30209,427,False,1
31458,30199,419,False,1
31459,30200,427,False,1
31461,30270,419,False,1
31462,30269,427,False,1
31467,30181,427,False,1
31468,30180,427,False,1
31470,30252,419,False,1
31471,30251,427,False,1
31473,30248,419,False,1
31474,30247,427,False,1
31476,30246,419,False,1
31477,30245,427,False,1
31479,30266,419,False,1
31480,30265,427,False,1
31482,30272,419,False,1
31483,30271,427,False,1
31485,30250,419,False,1
31486,30249,427,False,1
31491,30264,419,False,1
31492,30263,427,False,1
31494,30244,427,False,1
31498,30182,427,False,1
31501,30267,427,False,1
31503,30262,419,False,1
31506,30260,419,False,1
31509,30256,419,False,1
31510,30255,427,False,1
31514,30257,427,False,1
31517,30253,427,False,1
31535,30352,419,False,1
31536,30351,419,False,1
31537,30350,419,False,1
31538,30349,427,False,1
31539,30348,427,False,1
31540,30347,427,False,1
31543,30381,419,False,1
31544,30380,419,False,1
31549,30364,419,False,1
31550,30362,419,False,1
31551,30363,419,False,1
31552,30360,427,False,1
31553,30361,427,False,1
31554,30359,427,False,1
31556,30358,419,False,1
31558,30356,419,False,1
31559,30355,427,False,1
31560,30354,427,False,1
31561,30353,427,False,1
31563,30331,419,False,1
31564,30334,419,False,1
31565,30330,419,False,1
31566,30332,427,False,1
31567,30329,427,False,1
31568,30333,427,False,1
31570,30302,419,False,1
31571,30387,419,False,1
31573,30383,427,False,1
31574,30384,427,False,1
31575,30385,427,False,1
31577,30374,419,False,1
31578,30375,419,False,1
31579,30376,419,False,1
31580,30371,427,False,1
31581,30372,427,False,1
31582,30373,427,False,1
31584,30326,419,False,1
31585,30327,419,False,1
31586,30328,419,False,1
31587,30303,427,False,1
31588,30324,427,False,1
31589,30325,427,False,1
31591,30370,419,False,1
31592,30369,419,False,1
31593,30368,419,False,1
31594,30367,427,False,1
31595,30366,427,False,1
31596,30365,427,False,1
31598,30345,419,False,1
31599,30344,419,False,1
31600,30346,419,False,1
31601,30342,427,False,1
31602,30341,427,False,1
31603,30343,427,False,1
31605,30340,419,False,1
31606,30339,419,False,1
31607,30338,419,False,1
31608,30337,427,False,1
31609,30336,427,False,1
31610,30335,427,False,1
31612,30400,419,False,1
31615,30405,427,False,1
31617,30392,427,False,1
31619,30401,419,False,1
31621,30395,419,False,1
31626,30402,419,False,1
31627,30403,427,False,1
31629,30407,419,False,1
31630,30406,427,False,1
31632,30396,419,False,1
31634,30391,427,False,1
31639,30398,419,False,1
31640,30399,427,False,1
31642,30389,419,False,1
31643,30390,427,False,1
31686,30477,427,False,1
31688,30480,419,False,1
31689,30481,427,False,1
31691,30516,419,False,1
31692,30524,427,False,1
31694,30518,419,False,1
31695,30517,427,False,1
31698,30511,427,False,1
31700,30474,427,False,1
31702,30482,419,False,1
31703,30483,427,False,1
31705,30478,419,False,1
31706,30479,427,False,1
31708,30508,419,False,1
31709,30507,427,False,1
31711,30473,427,False,1
31713,30472,419,False,1
31714,30471,427,False,1
31716,30521,419,False,1
31717,30520,427,False,1
31719,30523,419,False,1
31720,30522,427,False,1
31725,30510,419,False,1
31728,30504,419,False,1
31731,30514,419,False,1
31732,30513,427,False,1
31743,30475,419,False,1
31745,30470,419,False,1
31746,30509,427,False,1
31754,30581,419,False,1
31755,30580,427,False,1
31757,30583,419,False,1
31758,30582,427,False,1
31760,30608,419,False,1
31761,30607,427,False,1
31766,30574,419,False,1
31769,30588,419,False,1
31770,30587,427,False,1
31777,30565,419,False,1
31778,30564,427,False,1
31780,30579,419,False,1
31783,30571,419,False,1
31784,30570,427,False,1
31786,30567,419,False,1
31787,30566,427,False,1
31789,30577,419,False,1
31790,30576,427,False,1
31798,30585,419,False,1
31799,30584,427,False,1
31801,30610,419,False,1
31802,30609,427,False,1
31804,30586,419,False,1
31806,30569,419,False,1
31807,30568,427,False,1
31809,30575,419,False,1
31813,30590,419,False,1
31814,30589,427,False,1
31816,30592,419,False,1
31817,30591,427,False,1
31836,30638,419,False,1
31838,30637,427,False,1
31842,30628,419,False,1
31844,30647,427,False,1
31854,30636,419,False,1
31856,30635,427,False,1
31874,30643,427,False,1
31878,30640,419,False,1
31880,30639,427,False,1
31890,30646,419,False,1
31892,30645,427,False,1
31898,30667,427,False,1
31899,30664,427,False,1
31902,30634,419,False,1
31904,30633,427,False,1
31908,30632,419,False,1
31910,30631,427,False,1
31914,30630,419,False,1
31916,30629,427,False,1
31959,30701,419,False,1
31960,30700,427,False,1
31962,30694,419,False,1
31963,30695,427,False,1
31965,30703,419,False,1
31966,30702,427,False,1
31971,30684,419,False,1
31972,30685,427,False,1
31974,30690,419,False,1
31975,30691,427,False,1
31980,30697,419,False,1
31981,30696,427,False,1
31983,30688,419,False,1
31984,30689,427,False,1
31988,30692,419,False,1
31989,30693,427,False,1
31991,30699,419,False,1
31992,30698,427,False,1
32006,30804,419,False,1
32011,30807,419,False,1
32015,30806,419,False,1
32017,30829,419,False,1
32018,30828,427,False,1
32020,30833,419,False,1
32021,30832,427,False,1
32023,30831,419,False,1
32024,30830,427,False,1
32029,30826,427,False,1
32031,30805,427,False,1
32033,30761,419,False,1
32034,30760,427,False,1
32036,30808,419,False,1
32039,30762,419,False,1
32040,30763,427,False,1
32046,30836,427,False,1
32048,30841,419,False,1
32049,30840,427,False,1
32051,30843,419,False,1
32052,30842,427,False,1
32054,30835,419,False,1
32058,30827,427,False,1
32060,30894,419,False,1
32061,30893,427,False,1
32063,30892,419,False,1
32064,30891,427,False,1
32066,30857,427,False,1
32071,30860,419,False,1
32072,30859,427,False,1
32078,30862,419,False,1
32079,30861,427,False,1
32084,30878,419,False,1
32085,30877,427,False,1
32087,30882,419,False,1
32088,30881,427,False,1
32090,30888,419,False,1
32091,30887,427,False,1
32093,30876,419,False,1
32094,30875,427,False,1
32096,30890,419,False,1
32097,30889,427,False,1
32099,30880,419,False,1
32100,30879,427,False,1
32102,30874,419,False,1
32103,30873,427,False,1
32105,30872,419,False,1
32106,30871,427,False,1
32108,30868,419,False,1
32109,30867,427,False,1
32111,30870,419,False,1
32112,30869,427,False,1
32114,30864,419,False,1
32117,30884,419,False,1
32118,30883,427,False,1
32229,30972,419,False,1
32230,30971,427,False,1
32235,30984,419,False,1
32241,30993,427,False,1
32246,30986,419,False,1
32247,30985,427,False,1
32250,30977,427,False,1
32255,30980,419,False,1
32256,30979,427,False,1
32258,30982,419,False,1
32259,30981,427,False,1
32264,30974,419,False,1
32265,30973,427,False,1
32268,30991,427,False,1
32270,30994,419,False,1
32272,30990,419,False,1
32273,30995,427,False,1
32278,31101,427,False,1
32281,31108,419,False,1
32282,31107,419,False,1
32302,31097,427,False,1
32303,31098,427,False,1
32305,31099,427,False,1
32306,31100,427,False,1
32308,31094,419,False,1
32310,31093,427,False,1
32311,31092,427,False,1
32418,31131,419,False,1
32419,31128,427,False,1
32425,31126,427,False,1
32439,31132,419,False,1
32440,31129,427,False,1
32441,31130,427,False,1
32486,31353,419,False,1
32489,31350,427,False,1
32492,31324,419,False,1
32495,31321,427,False,1
32496,31320,427,False,1
32499,31342,419,False,1
32500,31341,419,False,1
32501,31340,419,False,1
32502,31339,427,False,1
32503,31338,427,False,1
32504,31337,427,False,1
32506,31336,419,False,1
32507,31335,419,False,1
32508,31334,419,False,1
32509,31333,427,False,1
32510,31326,427,False,1
32511,31325,427,False,1
32513,31360,419,False,1
32514,31359,419,False,1
32515,31358,419,False,1
32517,31356,427,False,1
32518,31355,427,False,1
32520,31286,419,False,1
32521,31285,419,False,1
32522,31284,419,False,1
32523,31369,427,False,1
32524,31368,427,False,1
32525,31367,427,False,1
32527,31366,419,False,1
32528,31365,419,False,1
32529,31364,419,False,1
32530,31363,427,False,1
32531,31362,427,False,1
32532,31361,427,False,1
32534,31348,419,False,1
32535,31347,419,False,1
32536,31346,419,False,1
32537,31345,427,False,1
32538,31344,427,False,1
32539,31343,427,False,1
32541,31312,419,False,1
32542,31311,419,False,1
32543,31310,419,False,1
32544,31289,427,False,1
32545,31288,427,False,1
32546,31287,427,False,1
32548,31318,419,False,1
32549,31317,419,False,1
32550,31316,419,False,1
32551,31315,427,False,1
32552,31314,427,False,1
32553,31313,427,False,1
32555,31332,419,False,1
32559,31328,427,False,1
32764,31393,419,False,1
32765,31392,427,False,1
32767,31402,419,False,1
32768,31401,419,False,1
32770,31404,419,False,1
32771,31403,419,False,1
32773,31400,419,False,1
32776,31405,427,False,1
32784,31390,419,False,1
32785,31391,427,False,1
32787,31397,419,False,1
32788,31406,419,False,1
32789,31407,427,False,1
32790,31396,427,False,1
32792,31395,427,False,1
32993,31705,419,False,1
32994,31716,419,False,1
32995,31715,427,False,1
32996,31714,427,False,1
33005,31711,427,False,1
33008,31709,419,False,1
33009,31708,419,False,1
33010,31706,427,False,1
33011,31707,427,False,1
33165,32091,456,False,1
33168,32096,456,False,1
33174,32093,456,False,1
33189,32097,456,False,1
33192,32111,456,False,1
33198,32116,456,False,1
33204,32119,456,False,1
33210,32113,456,False,1
33213,32099,456,False,1
33219,32108,456,False,1
33225,32084,456,False,1
33228,32102,456,False,1
33231,32087,456,False,1
33240,32117,456,False,1
33243,32109,456,False,1
33311,32246,456,False,1
33314,32234,456,False,1
33317,32232,456,False,1
33320,32213,456,False,1
33323,32215,456,False,1
33326,32217,456,False,1
33329,32219,456,False,1
33332,32221,456,False,1
33335,32223,456,False,1
33338,32230,456,False,1
33341,32211,456,False,1
33344,32205,456,False,1
33347,32207,456,False,1
33353,32248,456,False,1
33359,32236,456,False,1
33362,32228,456,False,1
33365,32209,456,False,1
33368,32244,456,False,1
33470,32389,456,False,1
33471,32384,456,False,1
33476,32370,456,False,1
33477,32369,456,False,1
33478,32368,456,False,1
33483,32362,456,False,1
33484,32361,456,False,1
33485,32360,456,False,1
33491,32375,456,False,1
33492,32374,456,False,1
33497,32328,456,False,1
33498,32327,456,False,1
33499,32326,456,False,1
33504,32350,456,False,1
33505,32349,456,False,1
33506,32348,456,False,1
33595,32528,456,False,1
33601,32530,456,False,1
33604,32506,456,False,1
33607,32534,456,False,1
33616,32542,456,False,1
33625,32538,456,False,1
33628,32551,456,False,1
33631,32526,456,False,1
33640,32549,456,False,1
33643,32524,456,False,1
33649,32532,456,False,1
33655,32555,456,False,1
33658,32547,456,False,1
33673,32536,456,False,1
33703,32545,456,False,1
33706,32557,456,False,1
33709,32553,456,False,1
33758,32588,456,False,1
33764,32612,456,False,1
33767,32614,456,False,1
33773,32618,456,False,1
33776,32608,456,False,1
33785,32605,456,False,1
33788,32584,456,False,1
33791,32616,456,False,1
33794,32620,456,False,1
33800,32624,456,False,1
33812,32596,456,False,1
33815,32586,456,False,1
33821,32767,456,False,1
33824,32693,456,False,1
33827,32782,456,False,1
33830,32704,456,False,1
33833,32706,456,False,1
33836,32769,456,False,1
33839,32770,456,False,1
33842,32790,456,False,1
33851,32766,456,False,1
33854,32688,456,False,1
33857,32685,456,False,1
33860,32711,456,False,1
33869,32687,456,False,1
33875,32709,456,False,1
33878,32708,456,False,1
33884,32826,456,False,1
33895,32820,456,False,1
33898,32830,456,False,1
33901,32828,456,False,1
33904,32832,456,False,1
33907,32822,456,False,1
33910,32836,456,False,1
33913,32824,456,False,1
33916,32805,456,False,1
33991,32860,456,False,1
34003,32862,456,False,1
34006,32857,456,False,1
34022,32855,456,False,1
34025,32853,456,False,1
34034,32858,456,False,1
34039,32702,456,False,1
34042,32847,456,False,1
34045,32849,456,False,1
34048,32851,456,False,1
34051,32703,456,False,1
34054,32845,456,False,1
34073,32982,456,False,1
34076,32994,456,False,1
34079,32992,456,False,1
34082,32986,456,False,1
34085,32974,456,False,1
34088,32990,456,False,1
34091,32980,456,False,1
34094,32972,456,False,1
34097,32988,456,False,1
34100,32976,456,False,1
34103,32978,456,False,1
34106,32996,456,False,1
34109,32984,456,False,1
34112,32964,456,False,1
34118,32970,456,False,1
34127,32966,456,False,1
34149,33017,456,False,1
34155,33013,456,False,1
34166,33011,456,False,1
34175,33008,456,False,1
34181,33003,456,False,1
34190,33028,456,False,1
34193,33015,456,False,1
34202,33001,456,False,1
34205,33005,456,False,1
34223,33089,456,False,1
34229,33097,456,False,1
34235,33091,456,False,1
34241,33075,456,False,1
34244,33084,456,False,1
34250,33073,456,False,1
34253,33079,456,False,1
34256,33080,456,False,1
34259,33083,456,False,1
34262,33077,456,False,1
34268,33095,456,False,1
34271,33087,456,False,1
34274,33092,456,False,1
34277,33067,456,False,1
34280,33069,456,False,1
34283,33071,456,False,1
34286,33064,456,False,1
34290,33151,456,False,1
34293,33155,456,False,1
34299,33153,456,False,1
34302,33159,456,False,1
34308,33149,456,False,1
34311,33145,456,False,1
34314,33147,456,False,1
34323,33167,456,False,1
34326,33165,456,False,1
34329,33163,456,False,1
34332,33123,456,False,1
34335,33161,456,False,1
34359,33218,456,False,1
34362,33234,456,False,1
34365,33227,456,False,1
34368,33232,456,False,1
34371,33216,456,False,1
34374,33229,456,False,1
34377,33226,456,False,1
34398,33210,456,False,1
34407,33215,456,False,1
34410,33222,456,False,1
34413,33235,456,False,1
34419,33176,456,False,1
34422,33172,456,False,1
34425,33205,456,False,1
34428,33241,456,False,1
34431,33170,456,False,1
34434,33175,456,False,1
34440,33244,456,False,1
34446,33239,456,False,1
34459,33352,456,False,1
34465,33348,456,False,1
34467,33347,456,False,1
34487,33355,456,False,1
34498,33319,456,False,1
34504,33323,456,False,1
34507,33363,456,False,1
34518,33308,456,False,1
34524,33335,456,False,1
34530,33457,456,False,1
34536,33452,456,False,1
34538,33482,456,False,1
34544,33474,456,False,1
34561,33461,456,False,1
34564,33480,456,False,1
34567,33470,456,False,1
34570,33472,456,False,1
34582,33460,456,False,1
34591,33449,456,False,1
34603,33464,456,False,1
34606,33447,456,False,1
34609,33444,456,False,1
34612,33477,456,False,1
34618,33508,456,False,1
34624,33506,456,False,1
34627,33517,456,False,1
34636,33519,456,False,1
34642,33528,456,False,1
34648,33544,456,False,1
34654,33534,456,False,1
34657,33542,456,False,1
34660,33536,456,False,1
34663,33530,456,False,1
34672,33546,456,False,1
34675,33532,456,False,1
34681,33548,456,False,1
34687,33526,456,False,1
34698,33521,456,False,1
34700,33524,456,False,1
34731,33574,456,False,1
34732,33573,456,False,1
34734,33583,456,False,1
34737,33576,456,False,1
34749,33578,456,False,1
34761,33590,456,False,1
34766,33594,456,False,1
34780,33601,456,False,1
34786,33599,456,False,1
34910,33793,456,False,1
34919,33807,456,False,1
34931,33809,456,False,1
34966,33799,456,False,1
34969,33795,456,False,1
34976,33824,456,False,1
34982,33819,456,False,1
34997,33865,456,False,1
35003,33863,456,False,1
35029,33844,456,False,1
35048,33854,456,False,1
35075,33835,456,False,1
35158,34053,456,False,1
35159,34055,456,False,1
35166,34063,456,False,1
35175,34049,456,False,1
35180,34039,456,False,1
35195,34031,456,False,1
35198,34070,456,False,1
35201,34033,456,False,1
35210,34076,456,False,1
35213,34072,456,False,1
35216,34065,456,False,1
35219,34056,456,False,1
35222,34084,456,False,1
35225,34068,456,False,1
35228,34082,456,False,1
35231,34067,456,False,1
35243,34146,456,False,1
35246,34129,456,False,1
35250,34122,456,False,1
35253,34148,456,False,1
35259,34123,456,False,1
35261,34119,456,False,1
35264,34105,456,False,1
35270,34130,456,False,1
35273,34113,456,False,1
35275,34112,456,False,1
35278,34120,456,False,1
35280,34144,456,False,1
35283,34117,456,False,1
35289,34110,456,False,1
35292,34121,456,False,1
35295,34131,456,False,1
35298,34106,456,False,1
35304,34125,456,False,1
35364,34278,456,False,1
35370,34326,456,False,1
35373,34273,456,False,1
35376,34324,456,False,1
35379,34328,456,False,1
35382,34329,456,False,1
35385,34271,456,False,1
35391,34269,456,False,1
35397,34298,456,False,1
35400,34294,456,False,1
35403,34296,456,False,1
35409,34333,456,False,1
35429,34293,456,False,1
35435,34285,456,False,1
35444,34356,456,False,1
35447,34348,456,False,1
35470,34376,456,False,1
35482,34358,456,False,1
35500,34360,456,False,1
35503,34346,456,False,1
35598,34465,456,False,1
35600,34533,456,False,1
35605,34485,456,False,1
35612,34493,456,False,1
35614,34492,456,False,1
35621,34497,456,False,1
35633,34515,456,False,1
35634,34516,456,False,1
35635,34517,456,False,1
35654,34584,456,False,1
35655,34585,456,False,1
35666,34625,456,False,1
35669,34627,456,False,1
35681,34634,456,False,1
35698,34629,456,False,1
35704,34633,456,False,1
35707,34631,456,False,1
35716,34644,456,False,1
35734,34675,456,False,1
35740,34687,456,False,1
35831,34748,456,False,1
35834,34727,456,False,1
35896,34753,456,False,1
35956,34912,456,False,1
35957,34902,456,False,1
35971,34915,456,False,1
35972,34905,456,False,1
36292,35223,456,False,1
36298,35225,456,False,1
36316,35228,456,False,1
36328,35240,456,False,1
36350,35250,456,False,1
36359,35286,456,False,1
36362,35264,456,False,1
36383,35252,456,False,1
36392,35273,456,False,1
36398,35288,456,False,1
36443,35414,456,False,1
36462,35384,456,False,1
36474,35415,456,False,1
36482,35411,456,False,1
36586,35516,456,False,1
36607,35549,456,False,1
36621,35514,456,False,1
36629,35506,456,False,1
36660,35612,456,False,1
36662,35586,456,False,1
36675,35569,456,False,1
36677,35567,456,False,1
36693,35592,456,False,1
36696,35588,456,False,1
36702,35606,456,False,1
36705,35610,456,False,1
36708,35590,456,False,1
36711,35594,456,False,1
36714,35618,456,False,1
36728,35682,456,False,1
36729,35681,456,False,1
36731,35694,456,False,1
36755,35654,456,False,1
36761,35696,456,False,1
36770,35702,456,False,1
36774,35675,456,False,1
36785,35674,456,False,1
36787,35686,456,False,1
36884,35808,456,False,1
36895,35845,456,False,1
36898,35805,456,False,1
36924,35810,456,False,1
36931,35847,456,False,1
36942,35848,456,False,1
36945,35844,456,False,1
37024,35946,456,False,1
37086,35979,456,False,1
37120,35966,456,False,1
37242,36080,456,False,1
37250,36033,456,False,1
37283,36159,456,False,1
37295,36151,456,False,1
37326,36185,456,False,1
37328,36187,456,False,1
37330,36189,456,False,1
37335,36192,456,False,1
37338,36195,456,False,1
37341,36198,456,False,1
37343,36200,456,False,1
37346,36203,456,False,1
37350,36205,456,False,1
37352,36207,456,False,1
37360,36212,456,False,1
37370,36216,456,False,1
37372,36218,456,False,1
37378,36221,456,False,1
37380,36223,456,False,1
37399,36229,456,False,1
37407,36235,456,False,1
37409,36237,456,False,1
37411,36239,456,False,1
37422,36314,456,False,1
37426,36311,456,False,1
37435,36313,456,False,1
37437,36323,456,False,1
37440,36317,456,False,1
37449,36304,456,False,1
37451,36329,456,False,1
37457,36305,456,False,1
37506,36374,456,False,1
37507,36375,456,False,1
37513,36372,456,False,1
37514,36373,456,False,1
37579,36467,456,False,1
37581,36469,456,False,1
40588,39588,525,False,1
40592,39609,525,False,1
40596,39591,525,False,1
40604,39608,525,False,1
40769,39748,525,False,1
40773,39756,525,False,1
40777,39732,525,False,1
40781,39739,525,False,1
40785,39730,525,False,1
40789,39742,525,False,1
41056,39972,525,False,1
41064,39982,525,False,1
41068,39958,525,False,1
41229,40160,525,False,1
41582,40510,525,False,1
41594,40501,525,False,1
41598,40495,525,False,1
41602,40514,525,False,1
41612,40499,525,False,1
41632,40497,525,False,1
41866,40772,525,False,1
41878,40768,525,False,1
41882,40767,525,False,1
41890,40764,525,False,1
41902,40771,525,False,1
42016,40929,525,False,1
42024,40930,525,False,1
42028,40918,525,False,1
42032,40926,525,False,1
42036,40914,525,False,1
42040,40922,525,False,1
42044,40897,525,False,1
42052,40906,525,False,1
42056,40910,525,False,1
42064,40895,525,False,1
42068,40904,525,False,1
42100,41026,525,False,1
42101,41008,525,False,1
42102,41010,525,False,1
42111,41055,525,False,1
42131,41056,525,False,1
42132,41021,525,False,1
42140,41047,525,False,1
42141,41057,525,False,1
42142,41018,525,False,1
42150,41046,525,False,1
42151,41051,525,False,1
42152,41069,525,False,1
42161,41039,525,False,1
42186,40990,525,False,1
42202,41098,525,False,1
42214,40978,525,False,1
42218,41117,525,False,1
42222,40983,525,False,1
42226,40989,525,False,1
42246,41119,525,False,1
42254,40985,525,False,1
42258,40980,525,False,1
42266,41175,525,False,1
42278,41188,525,False,1
42286,41169,525,False,1
42302,41173,525,False,1
42306,41168,525,False,1
42314,41186,525,False,1
42330,41171,525,False,1
42365,41231,525,False,1
42385,41226,525,False,1
42396,41251,525,False,1
42402,41232,525,False,1
42406,41224,525,False,1
42410,41235,525,False,1
42430,41222,525,False,1
42434,41247,525,False,1
42445,41258,525,False,1
42449,41248,525,False,1
42477,41331,525,False,1
42485,41323,525,False,1
42495,41370,525,False,1
42499,41360,525,False,1
42505,41321,525,False,1
42511,41332,525,False,1
42515,41372,525,False,1
42523,41347,525,False,1
42531,41362,525,False,1
42535,41337,525,False,1
42539,41364,525,False,1
42551,41341,525,False,1
42555,41325,525,False,1
42563,41371,525,False,1
42577,41502,525,False,1
42578,41508,525,False,1
42579,41503,525,False,1
42587,41459,525,False,1
42588,41458,525,False,1
42589,41455,525,False,1
42597,41500,525,False,1
42598,41510,525,False,1
42599,41512,525,False,1
42608,41467,525,False,1
42609,41468,525,False,1
42617,41469,525,False,1
42618,41464,525,False,1
42619,41444,525,False,1
42627,41443,525,False,1
42628,41461,525,False,1
42732,41581,525,False,1
42736,41560,525,False,1
42740,41552,525,False,1
42744,41597,525,False,1
42748,41571,525,False,1
42756,41576,525,False,1
42760,41580,525,False,1
42764,41595,525,False,1
42768,41546,525,False,1
42831,41731,525,False,1
42841,41709,525,False,1
42855,41708,525,False,1
42859,41735,525,False,1
42866,41718,525,False,1
42887,41803,525,False,1
42891,41779,525,False,1
42901,41760,525,False,1
42905,41802,525,False,1
42909,41796,525,False,1
42911,41764,525,False,1
42923,41798,525,False,1
42927,41771,525,False,1
43174,42026,525,False,1
43182,42035,525,False,1
43186,42053,525,False,1
43190,42027,525,False,1
43194,42013,525,False,1
43198,42031,525,False,1
43202,42008,525,False,1
43210,42018,525,False,1
43214,42037,525,False,1
43218,42019,525,False,1
43226,42020,525,False,1
43230,42012,525,False,1
43234,42092,525,False,1
43245,42097,525,False,1
43278,42078,525,False,1
43284,42066,525,False,1
43287,42064,525,False,1
43290,42082,525,False,1
43294,42076,525,False,1
43298,42098,525,False,1
43302,42086,525,False,1
43554,42317,525,False,1
43605,42295,525,False,1
43613,42311,525,False,1
43617,42322,525,False,1
43621,42315,525,False,1
43983,42658,525,False,1
44007,42615,525,False,1
44011,42663,525,False,1
44226,42840,525,False,1
44230,42841,525,False,1
44782,43385,525,False,1
44790,43362,525,False,1
44794,43354,525,False,1
44812,43358,525,False,1
44848,43419,525,False,1
44850,43420,525,False,1
44858,43477,525,False,1
44860,43487,525,False,1
44868,43418,525,False,1
44869,43414,525,False,1
44870,43424,525,False,1
44878,43470,525,False,1
44879,43485,525,False,1
44880,43483,525,False,1
44887,43465,525,False,1
44888,43460,525,False,1
44889,43463,525,False,1
44897,43426,525,False,1
44898,43415,525,False,1
44907,43479,525,False,1
44908,43473,525,False,1
44909,43482,525,False,1
45324,43765,525,False,1
45340,43771,525,False,1
45352,43810,525,False,1
45535,43888,525,False,1
50071,47790,525,False,1
50513,48093,525,False,1
50533,48085,525,False,1
50537,48066,525,False,1
50991,48411,525,False,1
51003,48446,525,False,1
51657,48960,525,False,1
51682,48961,525,False,1
51979,49132,525,False,1
51983,49051,525,False,1
51986,49052,525,False,1
51990,49122,525,False,1
52011,49131,525,False,1
52142,49288,525,False,1
52146,49233,525,False,1
52172,49290,525,False,1
52198,49262,525,False,1
52215,49234,525,False,1
52529,49655,525,False,1
52533,49592,525,False,1
52572,49622,525,False,1
52584,49584,525,False,1
52596,49666,525,False,1
52604,49641,525,False,1
52612,49645,525,False,1
52628,49723,525,False,1
52650,49742,525,False,1
52662,49711,525,False,1
52684,49728,525,False,1
52696,49741,525,False,1
52726,49796,525,False,1
52745,49804,525,False,1
52757,49760,525,False,1
52761,49776,525,False,1
52765,49774,525,False,1
52782,49786,525,False,1
52863,49866,525,False,1
52911,49865,525,False,1
52928,49991,525,False,1
52963,49973,525,False,1
52967,49977,525,False,1
52983,49974,525,False,1
52988,49967,525,False,1
53000,49968,525,False,1
53219,50203,525,False,1
53264,50202,525,False,1
53276,50232,525,False,1
53277,50227,525,False,1
53279,50233,525,False,1
53287,50218,525,False,1
53392,50216,525,False,1
53676,50551,525,False,1
53677,50542,525,False,1
53775,50648,525,False,1
53780,50642,525,False,1
53784,50640,525,False,1
53786,50643,525,False,1
53788,50644,525,False,1
53790,50641,525,False,1
54036,50894,525,False,1
54040,50895,525,False,1
54046,50884,525,False,1
54062,50880,525,False,1
54072,50887,525,False,1
54106,50896,525,False,1
54323,51106,525,False,1
54327,51084,525,False,1
54328,51087,525,False,1
54338,51085,525,False,1
54339,51089,525,False,1
54341,51107,525,False,1
54349,51081,525,False,1
54357,51088,525,False,1
54358,51086,525,False,1
54359,51082,525,False,1
54381,51126,525,False,1
54385,51077,525,False,1
54389,51103,525,False,1
54393,51102,525,False,1
54397,51075,525,False,1
54418,51095,525,False,1
54807,51516,525,False,1
54823,51503,525,False,1
54824,51504,525,False,1
54825,51518,525,False,1
54831,51514,525,False,1
55409,52003,525,False,1
55425,51957,525,False,1
55429,52004,525,False,1
55437,52005,525,False,1
55441,51991,525,False,1
55445,51996,525,False,1
55449,52007,525,False,1
56324,52754,525,False,1
57265,53375,525,False,1
57269,53361,525,False,1
57277,53357,525,False,1
57281,53378,525,False,1
57282,53376,525,False,1
57284,53372,525,False,1
57292,53383,525,False,1
57293,53380,525,False,1
57302,53379,525,False,1
57629,53599,525,False,1
57713,53673,525,False,1
57721,53649,525,False,1
57838,53749,525,False,1
57839,53747,525,False,1
58048,53920,525,False,1
58056,53917,525,False,1
58065,53921,525,False,1
58278,54127,525,False,1
58389,54252,525,False,1
58590,54476,525,False,1
58591,54477,525,False,1
58592,54475,525,False,1
58600,54490,525,False,1
58601,54487,525,False,1
58602,54486,525,False,1
58610,54460,525,False,1
58611,54461,525,False,1
58612,54463,525,False,1
58620,54446,525,False,1
58621,54444,525,False,1
58622,54436,525,False,1
58630,54440,525,False,1
58632,54471,525,False,1
58640,54457,525,False,1
58641,54452,525,False,1
58642,54448,525,False,1
58650,54467,525,False,1
58651,54473,525,False,1
58652,54495,525,False,1
58731,54508,525,False,1
