batch_time_avg,batch_time_cv_percent,batch_time_max,batch_time_max_min_ratio,batch_time_min,batches_per_second,cell_sets_per_sec,cumulative_flops,cumulative_flops_val_sync,epoch,flops_per_batch,mfu (%),step,train/gradient_norm,train_loss,val_loss
,,,,,,13.503883361816406,408767204163584.0,,0,8175344418816.0,2.874971389770508,49,1.7139296531677246,1.2583295106887817,
0.13206253945827484,202.05210876464844,2.0126194953918457,23.46122932434082,0.085784912109375,7.572170257568359,609.7149047851562,817534408327168.0,,0,8175344418816.0,129.8080596923828,99,1.0712270736694336,0.4399595260620117,
0.09264974296092987,21.16904067993164,0.1801292896270752,2.0995447635650635,0.08579444885253906,10.79333782196045,623.0477905273438,1226301612490752.0,,0,8175344418816.0,132.64662170410156,149,0.9018247723579407,0.2873993515968323,
0.0861862450838089,0.7846583724021912,0.0888059139251709,1.0432679653167725,0.08512282371520996,11.60278034210205,63.35480499267578,1635068816654336.0,,0,8175344418816.0,13.488211631774902,199,0.8357182741165161,0.26980388164520264,
0.09148944169282913,18.175527572631836,0.16942691802978516,1.975168228149414,0.08577847480773926,10.93022346496582,631.3773803710938,2043836155035648.0,,0,8175344418816.0,134.41998291015625,249,0.7093877792358398,0.2347668558359146,
0.08945567160844803,16.378517150878906,0.16482329368591309,1.9386073350906372,0.0850214958190918,11.17872142791748,25.196502685546875,2452603224981504.0,,0,8175344418816.0,5.364325046539307,299,0.8253405690193176,0.22208479046821594,
0.0944100171327591,23.785200119018555,0.1770334243774414,2.0711324214935303,0.08547663688659668,10.592096328735352,528.1654663085938,2861370563362816.0,,0,8175344418816.0,112.44621276855469,349,0.9178978204727173,0.20767946541309357,
0.09260804951190948,22.415258407592773,0.17999839782714844,2.118364095687866,0.08497047424316406,10.798196792602539,622.49365234375,3270137633308672.0,,0,8175344418816.0,132.52865600585938,399,0.8794947266578674,0.1711403727531433,
0.09156021475791931,23.972253799438477,0.21861958503723145,2.5544538497924805,0.08558368682861328,10.921774864196777,19.342506408691406,3678904971689984.0,,0,8175344418816.0,4.118011951446533,449,0.7654184103012085,0.3415411114692688,
0.0864444375038147,1.2188740968704224,0.08974170684814453,1.0574719905853271,0.08486437797546387,11.568123817443848,623.918212890625,4087672310071296.0,,0,8175344418816.0,132.83193969726562,499,0.6705548763275146,0.23888157308101654,
0.08810741454362869,13.96179485321045,0.17403793334960938,2.0398714542388916,0.08531808853149414,11.349782943725586,19.381521224975586,4496439380017152.0,,0,8175344418816.0,4.126317977905273,549,0.5883356928825378,0.15427668392658234,
0.08782944083213806,11.131178855895996,0.15597009658813477,1.819346308708191,0.08572864532470703,11.385704040527344,583.2208862304688,4905206449963008.0,,0,8175344418816.0,124.16748809814453,599,1.0584584474563599,0.15221302211284637,
0.09456280618906021,26.31606101989746,0.1792142391204834,2.0962367057800293,0.08549332618713379,10.574982643127441,599.2769775390625,5313974056779776.0,,0,8175344418816.0,127.58582305908203,649,0.6843336820602417,0.14326699078083038,
0.09284142404794693,23.985591888427734,0.18578624725341797,2.185572385787964,0.0850057601928711,10.7710542678833,26.603166580200195,5722741126725632.0,,0,8175344418816.0,5.663803577423096,699,0.4224211275577545,0.12860757112503052,
0.09380003809928894,24.759273529052734,0.1810131072998047,2.1168408393859863,0.0855109691619873,10.66097640991211,617.9483032226562,6131508196671488.0,,0,8175344418816.0,131.56094360351562,749,0.5793138146400452,0.13083398342132568,
0.1023373082280159,29.11206817626953,0.1829843521118164,2.138962984085083,0.08554816246032715,9.771607398986816,83.25308227539062,6540275266617344.0,,0,8175344418816.0,17.72454833984375,799,0.42737939953804016,0.1259733885526657,
0.09390463680028915,27.258630752563477,0.2028055191040039,2.373331069946289,0.08545184135437012,10.649101257324219,604.7577514648438,6949042873434112.0,,0,8175344418816.0,128.752685546875,849,0.5990461707115173,0.17494171857833862,
0.10003647953271866,29.2089900970459,0.1824815273284912,2.140925407409668,0.0852348804473877,9.996353149414062,476.4988708496094,7357809943379968.0,,0,8175344418816.0,101.44641876220703,899,0.45390784740448,0.13992124795913696,
0.11193539202213287,31.7121639251709,0.17595529556274414,2.044977903366089,0.08604264259338379,8.933725357055664,70.99723052978516,7766577013325824.0,,0,8175344418816.0,15.11528205871582,949,0.4674232602119446,0.1178799420595169,
0.09564323723316193,24.09667205810547,0.1692807674407959,1.980637550354004,0.08546781539916992,10.455522537231445,625.0409545898438,8175344620142592.0,,0,8175344418816.0,133.0709686279297,999,0.36439064145088196,0.11159244179725647,
0.11148454248905182,33.11852264404297,0.2106642723083496,2.4650299549102783,0.08546113967895508,8.969853401184082,52.48052215576172,8584111690088448.0,,0,8175344418816.0,11.173081398010254,1049,0.4431605637073517,0.14937983453273773,
0.10150692611932755,31.808971405029297,0.1904447078704834,2.216932535171509,0.08590459823608398,9.851544380187988,257.3102722167969,8992878760034304.0,,0,8175344418816.0,54.78125,1099,0.4374057650566101,0.1907944679260254,
0.09438683837652206,23.728952407836914,0.17247366905212402,2.0406289100646973,0.08451986312866211,10.594696998596191,547.5152587890625,9401645829980160.0,,0,8175344418816.0,116.56578063964844,1149,0.4023721516132355,0.11290334165096283,
0.10348739475011826,28.982463836669922,0.17463040351867676,2.0437772274017334,0.08544492721557617,9.663012504577637,35.61305236816406,9810412899926016.0,,0,8175344418816.0,7.582004547119141,1199,0.41231611371040344,0.1148928701877594,
0.0999283492565155,29.01595687866211,0.1915748119354248,2.236973285675049,0.08564019203186035,10.007169723510742,112.9937515258789,1.0219181043613696e+16,,0,8175344418816.0,24.056324005126953,1249,0.5140756368637085,0.1257202923297882,
0.10547109693288803,33.34978485107422,0.197282075881958,2.296149253845215,0.08591866493225098,9.481270790100098,90.68476104736328,1.0627948113559552e+16,,0,8175344418816.0,19.30674934387207,1299,0.46398425102233887,0.11331754922866821,
0.10401004552841187,33.490657806396484,0.1988389492034912,2.3311269283294678,0.0852973461151123,9.614456176757812,91.60038757324219,1.1036715183505408e+16,,0,8175344418816.0,19.501686096191406,1349,0.47280001640319824,0.16725580394268036,
0.097468301653862,26.75014305114746,0.18617987632751465,2.176565170288086,0.08553838729858398,10.259745597839355,607.99365234375,1.1445482253451264e+16,,0,8175344418816.0,129.4416046142578,1399,0.5227198004722595,0.10657592117786407,
0.09695295989513397,28.295888900756836,0.1964282989501953,2.3086471557617188,0.0850837230682373,10.314279556274414,34.04489517211914,1.185424932339712e+16,,0,8175344418816.0,7.248144149780273,1449,0.31791433691978455,0.11850112676620483,
0.11049763858318329,35.37804412841797,0.2087850570678711,2.4524483680725098,0.08513331413269043,9.049967765808105,319.33819580078125,1.2263016393342976e+16,,0,8175344418816.0,67.98696899414062,1499,0.5636991262435913,0.10656346380710602,
0.10056113451719284,30.401721954345703,0.18396830558776855,2.145263195037842,0.08575558662414551,9.944199562072754,225.9528350830078,1.2671783463288832e+16,,0,8175344418816.0,48.10526657104492,1549,0.431353360414505,0.11403632164001465,
0.09914015978574753,27.68288803100586,0.19529438018798828,2.2938289642333984,0.08513903617858887,10.086729049682617,35.82978057861328,1.3080550533234688e+16,,0,8175344418816.0,7.628145694732666,1599,0.35790154337882996,0.10607905685901642,
0.10346583276987076,31.727783203125,0.1957693099975586,2.3004636764526367,0.08509993553161621,9.665026664733887,553.9960327148438,1.3489318676922368e+16,,0,8175344418816.0,117.9455337524414,1649,0.4341399669647217,0.13465672731399536,
0.09072675555944443,20.165956497192383,0.1745443344116211,2.0576865673065186,0.08482551574707031,11.022107124328613,152.18174743652344,1.3898085746868224e+16,,0,8175344418816.0,32.39942932128906,1699,0.3328108787536621,0.11277161538600922,
0.09641268849372864,25.944034576416016,0.18878817558288574,2.2108724117279053,0.08539080619812012,10.372077941894531,77.66124725341797,1.430685281681408e+16,,0,8175344418816.0,16.534048080444336,1749,0.2663606107234955,0.11899209022521973,
0.10178253799676895,28.038957595825195,0.1795797348022461,2.117905855178833,0.08479118347167969,9.824867248535156,568.4517211914062,1.4715619886759936e+16,,0,8175344418816.0,121.02313995361328,1799,0.3438586890697479,0.1248578280210495,
0.10628339648246765,33.58890151977539,0.18923735618591309,2.223900556564331,0.08509254455566406,9.408807754516602,58.6258544921875,1.5124386956705792e+16,,0,8175344418816.0,12.481420516967773,1849,0.3485932946205139,0.1501857191324234,
0.10139428079128265,29.28908920288086,0.21211600303649902,2.494389772415161,0.0850372314453125,9.862488746643066,108.88479614257812,1.5533154026651648e+16,,0,8175344418816.0,23.181529998779297,1899,0.357632040977478,0.10069850087165833,
0.09143190830945969,21.90390968322754,0.18324565887451172,2.1595919132232666,0.08485198020935059,10.937100410461426,631.8504028320312,1.5941921096597504e+16,,0,8175344418816.0,134.52069091796875,1949,0.514473557472229,0.11048479378223419,
0.1030719056725502,33.87669372558594,0.1976478099822998,2.3299925327301025,0.08482766151428223,9.70196533203125,68.4113998413086,1.6350689240285184e+16,,0,8175344418816.0,14.564760208129883,1999,0.21039174497127533,0.0909925103187561,
0.09406448900699615,25.319677352905273,0.18664026260375977,2.204653024673462,0.08465743064880371,10.631004333496094,539.9544677734375,1.675945631023104e+16,,0,8175344418816.0,114.95609283447266,2049,0.3591221272945404,0.11952462792396545,
0.10205253958702087,35.843387603759766,0.24017071723937988,2.83555006980896,0.08469986915588379,9.798873901367188,88.3577880859375,1.7168223380176896e+16,,0,8175344418816.0,18.811336517333984,2099,0.30523303151130676,0.0940035730600357,
0.09804988652467728,30.475263595581055,0.20639944076538086,2.4306752681732178,0.0849144458770752,10.19888973236084,188.1302032470703,1.7576990450122752e+16,,0,8175344418816.0,40.05284118652344,2149,0.28348079323768616,0.09403978288173676,
0.10428262501955032,32.01041030883789,0.2038123607635498,2.3973610401153564,0.08501529693603516,9.589324951171875,90.67308807373047,1.7985757520068608e+16,,0,8175344418816.0,19.304264068603516,2199,0.27366116642951965,0.10624229907989502,
0.09767814725637436,29.239181518554688,0.21166610717773438,2.4849328994750977,0.08517980575561523,10.237704277038574,66.87772369384766,1.8394524590014464e+16,,0,8175344418816.0,14.238240242004395,2249,0.37966546416282654,0.2519417405128479,
0.0922011211514473,22.127351760864258,0.175825834274292,2.066150665283203,0.0850982666015625,10.845854759216309,483.4412841796875,1.880329165996032e+16,,0,8175344418816.0,102.92445373535156,2299,0.3451504409313202,0.13749416172504425,
0.10286607593297958,31.875289916992188,0.18908953666687012,2.22568678855896,0.08495783805847168,9.7213773727417,29.942190170288086,1.9212058729906176e+16,,0,8175344418816.0,6.374680519104004,2349,0.3865271806716919,0.10203734040260315,
0.10161204636096954,31.123384475708008,0.2026195526123047,2.3616795539855957,0.08579468727111816,9.841352462768555,84.8121109008789,1.962082579985203e+16,,0,8175344418816.0,18.05646324157715,2399,0.24443471431732178,0.0954153835773468,
0.0923071801662445,25.644798278808594,0.19581365585327148,2.3061275482177734,0.08491015434265137,10.833393096923828,556.2676391601562,2.002959286979789e+16,,0,8175344418816.0,118.42915344238281,2449,0.21779392659664154,0.08299969136714935,
0.09660382568836212,27.15272331237793,0.1829054355621338,2.1384339332580566,0.08553242683410645,10.351556777954102,32.213558197021484,2.043836208722739e+16,,0,8175344418816.0,6.858253002166748,2499,0.2597426772117615,0.0910351574420929,
0.10207518935203552,32.20269012451172,0.20042705535888672,2.331388235092163,0.0859689712524414,9.796699523925781,90.67735290527344,2.084712915717325e+16,,0,8175344418816.0,19.305171966552734,2549,0.32349786162376404,0.10502605140209198,
0.10665003210306168,48.49876403808594,0.30803728103637695,3.602604389190674,0.08550405502319336,9.37646198272705,83.26360321044922,2.1255896227119104e+16,,0,8175344418816.0,17.726787567138672,2599,0.20898406207561493,0.08318044245243073,
0.10520347952842712,30.785438537597656,0.17795467376708984,2.097890853881836,0.08482551574707031,9.505389213562012,134.1336212158203,2.166466329706496e+16,,0,8175344418816.0,28.55699348449707,2649,0.2531430721282959,0.11577154695987701,
0.09007170051336288,17.210649490356445,0.17124199867248535,2.0213067531585693,0.08471846580505371,11.102266311645508,595.8741455078125,2.2073430367010816e+16,,0,8175344418816.0,126.86135864257812,2699,0.30875280499458313,0.15306594967842102,
0.12706813216209412,62.236900329589844,0.3663630485534668,4.247625350952148,0.08625125885009766,7.869793891906738,39.39500427246094,2.248219743695667e+16,,0,8175344418816.0,8.38718032836914,2749,0.21973060071468353,0.11890755593776703,
0.11481807380914688,40.570945739746094,0.2820007801055908,3.287337064743042,0.0857839584350586,8.709429740905762,391.55322265625,2.289096450690253e+16,,0,8175344418816.0,83.36151885986328,2799,0.18571755290031433,0.11325675249099731,
0.11031239479780197,37.550567626953125,0.22889494895935059,2.654285430908203,0.08623600006103516,9.065164566040039,51.34079360961914,2.3299731576848384e+16,,0,8175344418816.0,10.930434226989746,2849,0.34902143478393555,0.10570670664310455,
0.13710647821426392,54.309913635253906,0.3510909080505371,4.074975490570068,0.08615779876708984,7.293601036071777,48.210079193115234,2.370849864679424e+16,,0,8175344418816.0,10.263906478881836,2899,0.1900712251663208,0.10211066901683807,
0.3664261996746063,457.0085144042969,12.082612991333008,140.4192657470703,0.08604669570922852,2.729062557220459,231.15672302246094,2.4117265716740096e+16,,0,8175344418816.0,49.213172912597656,2949,0.24581916630268097,0.12055622041225433,
0.16444611549377441,55.402217864990234,0.40947675704956055,4.706932067871094,0.08699440956115723,6.081019401550293,26.854219436645508,2.452603278668595e+16,,0,8175344418816.0,5.717252731323242,2999,0.22602537274360657,0.10270428657531738,
0.10854998230934143,39.240760803222656,0.2369844913482666,2.7630956172943115,0.08576774597167969,9.212346076965332,441.1938781738281,2.493479985663181e+16,,0,8175344418816.0,93.93000030517578,3049,0.21110142767429352,0.11195659637451172,
0.11888749897480011,44.99602508544922,0.2656245231628418,3.080085277557373,0.08623933792114258,8.4113130569458,38.8289909362793,2.5343566926577664e+16,,0,8175344418816.0,8.266676902770996,3099,0.2630942463874817,0.1139366626739502,
0.12818662822246552,49.84858703613281,0.314852237701416,3.641479015350342,0.08646273612976074,7.801125526428223,414.623046875,2.575233399652352e+16,,0,8175344418816.0,88.27307891845703,3149,0.3620377480983734,0.10086938738822937,
0.11034390330314636,41.256568908691406,0.25698041915893555,2.974457025527954,0.0863957405090332,9.062575340270996,550.5571899414062,2.6161101066469376e+16,,0,8175344418816.0,117.21340942382812,3199,0.22794859111309052,0.2260763943195343,
0.11804661154747009,46.071311950683594,0.3288240432739258,3.777282953262329,0.08705306053161621,8.471230506896973,40.6134147644043,2.656987028389888e+16,,0,8175344418816.0,8.64657974243164,3249,0.19294220209121704,0.082237109541893,
0.12113428860902786,39.98722839355469,0.2302405834197998,2.6510090827941895,0.08685016632080078,8.255301475524902,249.43075561523438,2.6978637353844736e+16,,0,8175344418816.0,53.10370635986328,3299,0.19433046877384186,0.08694370090961456,
0.12804430723190308,57.82914352416992,0.4108588695526123,4.773857116699219,0.08606433868408203,7.809796333312988,94.14038848876953,2.738740442379059e+16,,0,8175344418816.0,20.042449951171875,3349,0.13981014490127563,0.07632878422737122,
0.12274154275655746,45.88844299316406,0.33270764350891113,3.777174234390259,0.08808374404907227,8.147200584411621,86.50646209716797,2.779617149373645e+16,,0,8175344418816.0,18.417190551757812,3399,0.20200753211975098,0.08542300760746002,
0.15374469757080078,59.738990783691406,0.38788819313049316,4.3629350662231445,0.08890533447265625,6.504289627075195,143.8678741455078,2.8204938563682304e+16,,0,8175344418816.0,30.629411697387695,3449,0.4290485680103302,0.10618764162063599,
0.16161268949508667,55.54195785522461,0.4090616703033447,4.695365905761719,0.08712029457092285,6.187633037567139,25.54920768737793,2.861370563362816e+16,,0,8175344418816.0,5.43941593170166,3499,0.3962579369544983,0.11317397654056549,
0.11129928380250931,40.900917053222656,0.3057847023010254,3.4907217025756836,0.08759927749633789,8.984783172607422,308.6112976074219,2.9022472703574016e+16,,0,8175344418816.0,65.7032241821289,3549,0.19348593056201935,0.0864565372467041,
0.13788360357284546,50.0060920715332,0.34936094284057617,4.040896415710449,0.086456298828125,7.252493858337402,50.115535736083984,2.943123977351987e+16,,0,8175344418816.0,10.669577598571777,3599,0.18736235797405243,0.09979431331157684,
0.1424635797739029,55.48055648803711,0.432464599609375,5.046722412109375,0.08569216728210449,7.019338130950928,46.14545440673828,2.984000684346573e+16,,0,8175344418816.0,9.824348449707031,3649,0.19519895315170288,0.08770520985126495,
0.12630392611026764,53.98394775390625,0.4587116241455078,5.243098735809326,0.08748865127563477,7.917409896850586,220.89137268066406,3.0248773913411584e+16,,0,8175344418816.0,47.02768325805664,3699,0.2473752498626709,0.1767110824584961,
0.13443511724472046,57.57380294799805,0.36231255531311035,4.217287540435791,0.08591127395629883,7.438532829284668,35.733055114746094,3.065754098335744e+16,,0,8175344418816.0,7.607552528381348,3749,0.21018822491168976,0.12383009493350983,
0.15176807343959808,58.01773452758789,0.3906593322753906,4.548478603363037,0.08588790893554688,6.589000701904297,405.0196838378906,3.1066308053303296e+16,,0,8175344418816.0,86.22852325439453,3799,0.1789480745792389,0.10675998032093048,
0.10828527063131332,36.26563262939453,0.28222155570983887,3.2546329498291016,0.08671379089355469,9.23486614227295,512.4757080078125,3.147507512324915e+16,,0,8175344418816.0,109.10587310791016,3849,0.28383034467697144,0.10199695825576782,
0.11922959983348846,40.78810119628906,0.2909412384033203,3.2986857891082764,0.08819913864135742,8.387179374694824,23.795028686523438,3.188384219319501e+16,,0,8175344418816.0,5.065951824188232,3899,0.15264394879341125,0.07605017721652985,
0.10852096229791641,39.37761688232422,0.24061012268066406,2.824439525604248,0.08518862724304199,9.21480941772461,345.1334228515625,3.229261141062451e+16,,0,8175344418816.0,73.47876739501953,3949,0.13907365500926971,0.08653762936592102,
0.14146655797958374,47.75078201293945,0.30934882164001465,3.5510571002960205,0.08711457252502441,7.068808555603027,227.3319091796875,3.270137848057037e+16,,0,8175344418816.0,48.39887237548828,3999,0.35639727115631104,0.09322039783000946,
,,,,,,,,3.270137848057037e+16,0,,,3999,,,0.19597186148166656
0.12197058647871017,54.3121223449707,0.45682382583618164,5.334237098693848,0.08563995361328125,8.198698043823242,614.33203125,3.3110145550516224e+16,,0,8175344418816.0,130.79104614257812,4049,0.15310531854629517,0.07978309690952301,
0.08531723916530609,0.503734827041626,0.0862433910369873,1.0209708213806152,0.0844719409942627,11.72096061706543,640.2648315429688,3.351891262046208e+16,,0,8175344418816.0,136.3121337890625,4099,0.20682108402252197,0.10013602674007416,
0.08560165762901306,0.23729005455970764,0.08632183074951172,1.0127495527267456,0.0852351188659668,11.68201732635498,643.4287719726562,3.3927679690407936e+16,,0,8175344418816.0,136.9857177734375,4149,0.2122841477394104,0.11817671358585358,
0.09300287067890167,23.34050941467285,0.16862869262695312,1.9781399965286255,0.08524608612060547,10.75235652923584,68.57917022705078,3.433644676035379e+16,,0,8175344418816.0,14.60047721862793,4199,0.2243829220533371,0.09686082601547241,
0.09917803853750229,30.72083282470703,0.20437288284301758,2.3855631351470947,0.08567070960998535,10.082877159118652,534.7237548828125,3.474521383029965e+16,,0,8175344418816.0,113.84247589111328,4249,0.24527190625667572,0.10428740084171295,
0.12133299559354782,47.01652526855469,0.30514001846313477,3.4695470333099365,0.08794808387756348,8.241781234741211,22.873029708862305,3.5153980900245504e+16,,0,8175344418816.0,4.869658946990967,4299,0.1575840562582016,0.10686491429805756,
0.11841468513011932,55.98246765136719,0.3515305519104004,4.140750408172607,0.08489537239074707,8.44489860534668,341.4041442871094,3.556274797019136e+16,,0,8175344418816.0,72.68479919433594,4349,0.15584872663021088,0.199990376830101,
0.08878911286592484,14.078180313110352,0.17595505714416504,2.0607869625091553,0.08538246154785156,11.262641906738281,162.4462127685547,3.5971515040137216e+16,,0,8175344418816.0,34.58473587036133,4399,0.23623228073120117,0.2314256727695465,
0.09764967113733292,28.17241859436035,0.17284274101257324,2.0419485569000244,0.08464598655700684,10.240689277648926,22.12668800354004,3.638028425756672e+16,,0,8175344418816.0,4.710762977600098,4449,0.14834067225456238,0.10663843154907227,
0.09676727652549744,26.3514347076416,0.17487239837646484,2.049949884414673,0.08530569076538086,10.33407211303711,649.2980346679688,3.678904918002893e+16,,0,8175344418816.0,138.23529052734375,4499,0.14895640313625336,0.08455537259578705,
0.08908122032880783,17.154766082763672,0.16902899742126465,1.9942699670791626,0.08475732803344727,11.22571086883545,48.192100524902344,3.719781839745843e+16,,0,8175344418816.0,10.260078430175781,4549,0.18979176878929138,0.11075238883495331,
0.09333204478025436,21.71965217590332,0.16436314582824707,1.9273526668548584,0.08527922630310059,10.714433670043945,490.99310302734375,3.760658331992064e+16,,0,8175344418816.0,104.53223419189453,4599,0.15916606783866882,0.15021896362304688,
0.09268255531787872,21.96219253540039,0.17059707641601562,1.9929311275482178,0.0856010913848877,10.78951644897461,591.1128540039062,3.801535253735014e+16,,0,8175344418816.0,125.84768676757812,4649,0.3181300461292267,0.11406572163105011,
0.08969893306493759,17.569902420043945,0.1679375171661377,1.964537501335144,0.08548450469970703,11.148404121398926,23.164222717285156,3.842411745981235e+16,,0,8175344418816.0,4.9316534996032715,4699,0.18527744710445404,0.09705998003482819,
0.09490013867616653,24.97635841369629,0.18285632133483887,2.1434459686279297,0.08530950546264648,10.537392616271973,634.6177978515625,3.883288667724186e+16,,0,8175344418816.0,135.10986328125,4749,0.13209988176822662,0.11340592801570892,
0.09470799565315247,24.238197326660156,0.17331767082214355,2.028221368789673,0.08545303344726562,10.558770179748535,292.5367736816406,3.924165159970406e+16,,0,8175344418816.0,62.28096008300781,4799,0.1686120331287384,0.1026170551776886,
0.08992887288331985,20.230077743530273,0.20609331130981445,2.4237492084503174,0.08503079414367676,11.11989974975586,57.54022216796875,3.965042081713357e+16,,0,8175344418816.0,12.250289916992188,4849,0.20171625912189484,0.08973808586597443,
0.09784366935491562,27.989990234375,0.17979001998901367,2.0985352993011475,0.08567404747009277,10.220385551452637,575.408935546875,4.005918573959578e+16,,0,8175344418816.0,122.50432586669922,4899,0.17522189021110535,0.10448570549488068,
0.09063035994768143,21.419475555419922,0.2003340721130371,2.346956253051758,0.08535909652709961,11.033830642700195,26.77617645263672,4.046795495702528e+16,,0,8175344418816.0,5.700636863708496,4949,0.20036646723747253,0.12598775327205658,
0.09887231141328812,28.41701316833496,0.19234466552734375,2.254668712615967,0.08530950546264648,10.114054679870605,576.8824462890625,4.087672417445478e+16,,0,8175344418816.0,122.81803894042969,4999,0.17193059623241425,0.10938586294651031,
0.09985347092151642,32.293636322021484,0.24901127815246582,2.9128024578094482,0.08548855781555176,10.014674186706543,435.8351745605469,4.128548909691699e+16,,0,8175344418816.0,92.78913116455078,5049,0.2036542296409607,0.07810857892036438,
0.10225017368793488,30.35438346862793,0.1806035041809082,2.1113736629486084,0.08553838729858398,9.77993392944336,24.721437454223633,4.16942583143465e+16,,0,8175344418816.0,5.263184070587158,5099,0.14660288393497467,0.08548301458358765,
0.0957302376627922,27.115806579589844,0.1913449764251709,2.233269691467285,0.08567929267883301,10.446020126342773,558.5498046875,4.21030232368087e+16,,0,8175344418816.0,118.91502380371094,5149,0.1655953973531723,0.08448928594589233,
0.1014225035905838,33.17802047729492,0.23931646347045898,2.8116064071655273,0.08511734008789062,9.859745025634766,27.284473419189453,4.251179245423821e+16,,0,8175344418816.0,5.8088531494140625,5199,0.19255442917346954,0.0955982357263565,
0.0953226312994957,23.159351348876953,0.16312384605407715,1.9073865413665771,0.08552217483520508,10.49068832397461,624.552001953125,4.292055737670042e+16,,0,8175344418816.0,132.9668731689453,5249,0.31684449315071106,0.08918789029121399,
0.09909124672412872,27.42289924621582,0.17101311683654785,2.0012080669403076,0.08545494079589844,10.091708183288574,493.3691711425781,4.332932659412992e+16,,0,8175344418816.0,105.03809356689453,5299,0.16154874861240387,0.08920374512672424,
0.10594384372234344,32.74397277832031,0.1826019287109375,2.141828775405884,0.08525514602661133,9.438962936401367,28.486560821533203,4.373809151659213e+16,,0,8175344418816.0,6.064777374267578,5349,0.16160142421722412,0.09920790791511536,
0.1037796214222908,31.509632110595703,0.19748139381408691,2.303903341293335,0.08571600914001465,9.63580322265625,185.89573669433594,4.414686073402163e+16,,0,8175344418816.0,39.57712936401367,5399,0.14638735353946686,0.07935306429862976,
0.08986430615186691,12.958834648132324,0.13785600662231445,1.6100611686706543,0.08562159538269043,11.127888679504395,575.9867553710938,4.455562565648384e+16,,0,8175344418816.0,122.6273422241211,5449,0.15696591138839722,0.09777674078941345,
0.09773631393909454,25.954673767089844,0.18256902694702148,2.124587059020996,0.08593153953552246,10.231612205505371,619.4957885742188,4.496439487391334e+16,,0,8175344418816.0,131.89039611816406,5499,0.1625426858663559,0.13960890471935272,
0.09961586445569992,29.572938919067383,0.18610739707946777,2.1762030124664307,0.08551931381225586,10.038561820983887,74.66028594970703,4.537315979637555e+16,,0,8175344418816.0,15.89514446258545,5549,0.1682940274477005,0.106190025806427,
0.09512948244810104,24.50724983215332,0.18248701095581055,2.127392292022705,0.08577966690063477,10.511987686157227,22.74427604675293,4.578192901380506e+16,,0,8175344418816.0,4.842247009277344,5599,0.1807008981704712,0.11889559030532837,
0.09598810970783234,29.607791900634766,0.23473525047302246,2.758046865463257,0.08510923385620117,10.417957305908203,305.0241394042969,4.619069393626726e+16,,0,8175344418816.0,64.93951416015625,5649,0.21219223737716675,0.1154390275478363,
0.11758660525083542,47.65702819824219,0.3247387409210205,3.7337183952331543,0.0869746208190918,8.504369735717773,551.733642578125,4.659946315369677e+16,,0,8175344418816.0,117.4638671875,5699,0.1925393044948578,0.07960900664329529,
,,,,,,13.842214584350586,4.700823237112627e+16,,1,,1.975894570350647,5749,0.16024263203144073,0.12089750170707703,
0.09740076959133148,30.109657287597656,0.197113037109375,4.003234386444092,0.04923844337463379,10.26685905456543,620.0177612304688,4.741699729358848e+16,,1,,132.00152587890625,5799,0.16805399954319,0.09148162603378296,
0.10642748326063156,36.92048263549805,0.2607612609863281,3.0274088382720947,0.08613348007202148,9.396069526672363,24.146976470947266,4.782576651101798e+16,,1,,5.140881538391113,5849,0.13690336048603058,0.07203267514705658,
0.0905512347817421,4.429141521453857,0.10296106338500977,1.1950057744979858,0.08615946769714355,11.043472290039062,606.299072265625,4.823453143348019e+16,,1,,129.08082580566406,5899,0.14948591589927673,0.07581911981105804,
0.09667232632637024,29.923254013061523,0.24906468391418457,2.8913888931274414,0.08614015579223633,10.344221115112305,556.1525268554688,4.86433006509097e+16,,1,,118.4046401977539,5949,0.11744695156812668,0.07922916114330292,
0.10474713146686554,37.65548324584961,0.24807000160217285,2.8942770957946777,0.08571052551269531,9.54680061340332,24.239225387573242,4.90520655733719e+16,,1,,5.160521507263184,5999,0.16308510303497314,0.10413211584091187,
0.11462723463773727,49.49726486206055,0.33852338790893555,3.916029453277588,0.08644556999206543,8.723930358886719,619.3321533203125,4.946083479080141e+16,,1,,131.85556030273438,6049,0.12179192155599594,0.0901423990726471,
0.08928726613521576,15.478726387023926,0.18505287170410156,2.1769449710845947,0.0850057601928711,11.19980525970459,17.686626434326172,4.986959971326362e+16,,1,,3.7654757499694824,6099,0.11406682431697845,0.07138088345527649,
0.09067312628030777,17.718242645263672,0.16107845306396484,1.8996061086654663,0.08479571342468262,11.02862548828125,573.886474609375,5.027836893069312e+16,,1,,122.1801986694336,6149,0.2791261076927185,0.10733106732368469,
0.0986478254199028,29.95389175415039,0.19049930572509766,2.228584051132202,0.0854799747467041,10.137070655822754,559.7113037109375,5.068713385315533e+16,,1,,119.16230010986328,6199,0.149806946516037,0.080704465508461,
0.09554190933704376,25.79329490661621,0.19574499130249023,2.293264627456665,0.08535647392272949,10.4666109085083,16.30122184753418,5.109590307058483e+16,,1,,3.4705235958099365,6249,0.17420265078544617,0.09637893736362457,
0.09594957530498505,26.351951599121094,0.18727636337280273,2.1964426040649414,0.08526349067687988,10.422141075134277,562.0924682617188,5.150466799304704e+16,,1,,119.66925811767578,6299,0.1493036299943924,0.08185820281505585,
0.09897022694349289,28.261079788208008,0.1836714744567871,2.1513898372650146,0.0853734016418457,10.104048728942871,539.7090454101562,5.191343721047654e+16,,1,,114.9038314819336,6349,0.14478465914726257,0.09623654186725616,
0.09776153415441513,30.37155532836914,0.19432830810546875,2.2793543338775635,0.08525586128234863,10.228971481323242,562.3950805664062,5.232220213293875e+16,,1,,119.73368835449219,6399,0.12596401572227478,0.08513697981834412,
0.09532593935728073,24.71887969970703,0.17237186431884766,2.023470640182495,0.08518624305725098,10.490324020385742,632.834716796875,5.273097135036826e+16,,1,,134.73025512695312,6449,0.17123690247535706,0.08861227333545685,
0.09032080322504044,17.536069869995117,0.1717836856842041,2.015781879425049,0.0852193832397461,11.071646690368652,19.9023380279541,5.313974056779776e+16,,1,,4.237199306488037,6499,0.16693690419197083,0.09464934468269348,
0.09365179389715195,21.75786781311035,0.17619967460632324,2.0575273036956787,0.08563661575317383,10.677852630615234,562.1813354492188,5.354850549025997e+16,,1,,119.68817901611328,6549,0.16941148042678833,0.09296908974647522,
0.09757120907306671,27.497665405273438,0.19949913024902344,2.320028305053711,0.08598995208740234,10.24892520904541,628.826171875,5.395727470768947e+16,,1,,133.8768310546875,6599,0.1574636846780777,0.10584358870983124,
0.09190094470977783,19.435901641845703,0.1693274974822998,1.9848053455352783,0.0853118896484375,10.881280899047852,637.6729736328125,5.436603963015168e+16,,1,,135.76031494140625,6649,0.1459570825099945,0.09676563739776611,
0.09055069833993912,17.551258087158203,0.17044377326965332,1.9907077550888062,0.08561968803405762,11.043537139892578,574.787841796875,5.477480884758118e+16,,1,,122.3720932006836,6699,0.182425856590271,0.07920891046524048,
0.09507834166288376,24.782917022705078,0.1809864044189453,2.1195127964019775,0.08539056777954102,10.517642974853516,17.98770523071289,5.518357377004339e+16,,1,,3.8295750617980957,6749,0.16109037399291992,0.0987921804189682,
0.0930691659450531,24.381101608276367,0.18035435676574707,2.121190309524536,0.08502507209777832,10.744697570800781,159.71168518066406,5.55923429874729e+16,,1,,34.00255584716797,6799,0.12415386736392975,0.09051947295665741,
0.09065821021795273,18.830860137939453,0.16771173477172852,1.9732555150985718,0.0849924087524414,11.030440330505371,606.5355224609375,5.60011079099351e+16,,1,,129.13116455078125,6849,0.2145126909017563,0.09744244813919067,
0.09711036086082458,28.164363861083984,0.2002239227294922,2.342865228652954,0.08546113967895508,10.297562599182129,22.529146194458008,5.640987712736461e+16,,1,,4.796446323394775,6899,0.13107791543006897,0.09474749863147736,
0.09153223782777786,19.446060180664062,0.1756579875946045,2.0709609985351562,0.08481955528259277,10.9251127243042,591.2632446289062,5.681864204982682e+16,,1,,125.87969970703125,6949,0.14184480905532837,0.1281391829252243,
0.0923057347536087,21.167152404785156,0.1766037940979004,2.0691418647766113,0.08535122871398926,10.833563804626465,28.224061965942383,5.722741126725632e+16,,1,,6.008891582489014,6999,0.13962267339229584,0.13878318667411804,
0.09149659425020218,20.44556427001953,0.17913603782653809,2.0985171794891357,0.08536314964294434,10.92936897277832,582.453369140625,5.763617618971853e+16,,1,,124.00408172607422,7049,0.16244977712631226,0.0817188024520874,
0.09247351437807083,23.400360107421875,0.18519830703735352,2.166158676147461,0.08549618721008301,10.8139066696167,580.169189453125,5.804494540714803e+16,,1,,123.51778411865234,7099,0.17869427800178528,0.09630103409290314,
0.0949360728263855,23.94801139831543,0.1714954376220703,2.014953136444092,0.08511137962341309,10.533404350280762,27.846961975097656,5.845371462457754e+16,,1,,5.928606986999512,7149,0.1307927519083023,0.0737932026386261,
0.09891106933355331,28.080181121826172,0.18053650856018066,2.1272695064544678,0.08486771583557129,10.110092163085938,70.12211608886719,5.886247954703974e+16,,1,,14.928969383239746,7199,0.14305903017520905,0.09060479700565338,
0.09859249740839005,27.33254623413086,0.18320584297180176,2.148876428604126,0.08525657653808594,10.142759323120117,629.8038940429688,5.927124876446925e+16,,1,,134.08499145507812,7249,0.15060822665691376,0.08791317045688629,
0.09737885743379593,26.815427780151367,0.17877507209777832,2.111372470855713,0.08467245101928711,10.269169807434082,33.068939208984375,5.968001368693146e+16,,1,,7.040363788604736,7299,0.16987471282482147,0.09519478678703308,
0.0973462238907814,28.30799102783203,0.19045519828796387,2.2279250621795654,0.08548545837402344,10.272611618041992,536.9971923828125,6.008878290436096e+16,,1,,114.32649230957031,7349,0.17265035212039948,0.08905498683452606,
0.09417198598384857,24.201705932617188,0.17623209953308105,2.074662208557129,0.0849449634552002,10.618868827819824,22.94605255126953,6.049754782682317e+16,,1,,4.885205268859863,7399,0.10637443512678146,0.07585589587688446,
0.09744629263877869,26.72858238220215,0.17727208137512207,2.0761423110961914,0.08538532257080078,10.262063026428223,46.014892578125,6.090631704425267e+16,,1,,9.796552658081055,7449,0.1320376992225647,0.08407323062419891,
0.09300234913825989,26.186485290527344,0.20052671432495117,2.3632731437683105,0.08485126495361328,10.752416610717773,629.7305908203125,6.131508196671488e+16,,1,,134.06939697265625,7499,0.1828574538230896,0.11256033182144165,
0.09304865449666977,24.16442108154297,0.21053123474121094,2.464085102081299,0.08543992042541504,10.747065544128418,127.55764770507812,6.172385118414438e+16,,1,,27.156970977783203,7549,0.2246517539024353,0.09021089971065521,
0.09363539516925812,22.4703426361084,0.18746018409729004,2.1940524578094482,0.08544015884399414,10.67972183227539,626.7533569335938,6.213261610660659e+16,,1,,133.43553161621094,7599,0.15686973929405212,0.10214349627494812,
0.09350765496492386,21.77776336669922,0.163801908493042,1.9194835424423218,0.08533644676208496,10.69431209564209,28.62584686279297,6.25413853240361e+16,,1,,6.094431400299072,7649,0.1350088268518448,0.09183305501937866,
0.09385864436626434,24.90987777709961,0.19470453262329102,2.292447328567505,0.08493304252624512,10.654319763183594,73.73040008544922,6.29501502464983e+16,,1,,15.697172164916992,7699,0.1301078498363495,0.09210842847824097,
0.09723388403654099,24.941097259521484,0.18139004707336426,2.1132590770721436,0.08583426475524902,10.284480094909668,536.7021484375,6.335891946392781e+16,,1,,114.263671875,7749,0.1370377242565155,0.1331484466791153,
0.10431773215532303,33.61854553222656,0.2063460350036621,2.41408371925354,0.08547592163085938,9.586097717285156,26.098493576049805,6.376768438639002e+16,,1,,5.556358814239502,7799,0.13534320890903473,0.09365125000476837,
0.10662639141082764,31.701751708984375,0.20724081993103027,2.412928581237793,0.08588767051696777,9.378540992736816,468.7503356933594,6.417645360381952e+16,,1,,99.7967529296875,7849,0.132852703332901,0.1003742516040802,
0.10352110117673874,30.095632553100586,0.19962000846862793,2.3488385677337646,0.08498668670654297,9.659866333007812,27.751728057861328,6.458522282124902e+16,,1,,5.908331394195557,7899,0.18981851637363434,0.08808650076389313,
0.09767644107341766,27.583139419555664,0.1868584156036377,2.195678949356079,0.08510279655456543,10.237882614135742,63.15538024902344,6.499398774371123e+16,,1,,13.445755004882812,7949,0.11249977350234985,0.073890820145607,
0.10350719094276428,33.8680305480957,0.22185540199279785,2.577713966369629,0.08606672286987305,9.661164283752441,601.9180297851562,6.540275696114074e+16,,1,,128.14810180664062,7999,0.10845816135406494,0.09046059846878052,
,,,,,,,,6.540275696114074e+16,1,,,7999,,,0.16850753128528595
0.08760321885347366,1.6019912958145142,0.0906376838684082,1.0590827465057373,0.08558130264282227,11.415105819702148,620.5030517578125,6.581152188360294e+16,,1,,132.10484313964844,8049,0.1576995849609375,0.12166666984558105,
0.08661678433418274,0.8164312839508057,0.08850502967834473,1.0320700407028198,0.0857548713684082,11.545105934143066,628.54052734375,6.622029110103245e+16,,1,,133.81602478027344,8099,0.1954982876777649,0.07792362570762634,
0.08594091236591339,0.5007522106170654,0.08832097053527832,1.0332589149475098,0.08547806739807129,11.63590145111084,23.860881805419922,6.662905602349466e+16,,1,,5.079971790313721,8149,0.16547246277332306,0.18642590939998627,
0.10883257538080215,31.80219268798828,0.19076919555664062,2.2277956008911133,0.0856313705444336,9.188425064086914,123.51261138916016,6.703782524092416e+16,,1,,26.295785903930664,8199,0.10507717728614807,0.06997087597846985,
0.09365295618772507,23.902650833129883,0.18792223930358887,2.209188222885132,0.08506393432617188,10.677720069885254,620.441650390625,6.744659016338637e+16,,1,,132.09178161621094,8249,0.14206890761852264,0.08449231088161469,
0.0934104174375534,18.416194915771484,0.16424250602722168,1.926218032836914,0.0852668285369873,10.705443382263184,21.964113235473633,6.785535938081587e+16,,1,,4.676150798797607,8299,0.1626320779323578,0.09012697637081146,
0.09724578261375427,23.404800415039062,0.1681225299835205,1.9671791791915894,0.0854637622833252,10.283222198486328,633.6860961914062,6.826412430327808e+16,,1,,134.91151428222656,8349,0.12232184410095215,0.0764322280883789,
0.09300903230905533,26.141347885131836,0.19666242599487305,2.305938959121704,0.08528518676757812,10.751644134521484,37.956295013427734,6.867289352070758e+16,,1,,8.080880165100098,8399,0.12890838086605072,0.08062651753425598,
0.08899465948343277,11.763221740722656,0.14436817169189453,1.6901378631591797,0.0854179859161377,11.236629486083984,44.6954460144043,6.908165844316979e+16,,1,,9.515642166137695,8449,0.10358069092035294,0.07168556749820709,
0.09578686952590942,23.987518310546875,0.16807055473327637,1.9819639921188354,0.08480000495910645,10.439844131469727,329.7496643066406,6.94904276605993e+16,,1,,70.20356750488281,8499,0.1379701793193817,0.08205714821815491,
0.09466086328029633,25.188257217407227,0.17534828186035156,2.054494857788086,0.08534860610961914,10.564027786254883,25.11134910583496,6.98991968780288e+16,,1,,5.346196174621582,8549,0.13829079270362854,0.11187991499900818,
0.09889132529497147,29.05146598815918,0.19104456901550293,2.2461960315704346,0.085052490234375,10.112110137939453,113.54845428466797,7.030796180049101e+16,,1,,24.174421310424805,8599,0.11963318288326263,0.07726612687110901,
0.09188763797283173,20.60909652709961,0.17084813117980957,2.013190269470215,0.08486437797546387,10.882857322692871,60.16009521484375,7.071673101792051e+16,,1,,12.808059692382812,8649,0.11790856719017029,0.180368110537529,
0.09130294620990753,19.01416778564453,0.16222167015075684,1.8970332145690918,0.08551335334777832,10.95254898071289,40.239498138427734,7.112549594038272e+16,,1,,8.566972732543945,8699,0.12209321558475494,0.09451019763946533,
0.09007299691438675,18.372987747192383,0.19497108459472656,2.287008762359619,0.0852515697479248,11.102107048034668,78.4411849975586,7.153426515781222e+16,,1,,16.700096130371094,8749,0.12965907156467438,0.09970453381538391,
0.09175074845552444,21.555435180664062,0.17513823509216309,2.0520970821380615,0.08534598350524902,10.899093627929688,27.178247451782227,7.194303008027443e+16,,1,,5.786237716674805,8799,0.15818935632705688,0.24736034870147705,
0.1001766100525856,29.58709144592285,0.1820542812347412,2.145768404006958,0.08484339714050293,9.982370376586914,89.77619171142578,7.235179929770394e+16,,1,,19.113313674926758,8849,0.24585510790348053,0.09958373010158539,
0.0929911658167839,21.434925079345703,0.17634296417236328,2.075076103210449,0.08498144149780273,10.75370979309082,74.41386413574219,7.276056851513344e+16,,1,,15.842680931091309,8899,0.13007749617099762,0.10974679887294769,
0.09731617569923401,27.45475196838379,0.18088006973266602,2.1261332035064697,0.08507466316223145,10.27578353881836,51.63178634643555,7.316932914262835e+16,,1,,10.992386817932129,8949,0.11617878079414368,0.081886887550354,
0.09628645330667496,26.637083053588867,0.17342066764831543,2.0367345809936523,0.08514642715454102,10.385677337646484,85.6276626586914,7.357809836005786e+16,,1,,18.23009490966797,8999,0.22180965542793274,0.29505491256713867,
0.09343452006578445,23.126195907592773,0.16346526145935059,1.9324374198913574,0.08459019660949707,10.702682495117188,28.505653381347656,7.398686757748736e+16,,1,,6.068841934204102,9049,0.152361199259758,0.12711508572101593,
0.10043226927518845,30.977025985717773,0.187180757522583,2.203089475631714,0.08496284484863281,9.956958770751953,38.869789123535156,7.439563679491686e+16,,1,,8.275362014770508,9099,0.11227011680603027,0.07565978169441223,
0.09899309277534485,30.109384536743164,0.20824551582336426,2.4327776432037354,0.08559989929199219,10.101715087890625,68.56037139892578,7.480439742241178e+16,,1,,14.596475601196289,9149,0.09693362563848495,0.07657389342784882,
0.0963619276881218,25.60064697265625,0.18102574348449707,2.1283764839172363,0.0850534439086914,10.377542495727539,36.42508316040039,7.521316663984128e+16,,1,,7.754885196685791,9199,0.14042770862579346,0.10014316439628601,
0.09694912284612656,24.35577392578125,0.16557979583740234,1.9362493753433228,0.08551573753356934,10.314688682556152,145.9550323486328,7.562193585727078e+16,,1,,31.073766708374023,9249,0.21672499179840088,0.09616926312446594,
0.10000301897525787,29.471155166625977,0.18727970123291016,2.194021701812744,0.08535909652709961,9.999698638916016,36.59375,7.603070507470029e+16,,1,,7.790794372558594,9299,0.11549010127782822,0.09198714792728424,
0.1050749123096466,34.084354400634766,0.19497084617614746,2.3000121116638184,0.08476948738098145,9.517019271850586,508.9740295410156,7.64394742921298e+16,,1,,108.36036682128906,9349,0.11720158904790878,0.1110021322965622,
0.10145542770624161,29.601871490478516,0.18538498878479004,2.169074058532715,0.08546733856201172,9.856544494628906,81.5230712890625,7.68482349196247e+16,,1,,17.35622787475586,9399,0.14246496558189392,0.0738578587770462,
0.10079377889633179,28.593156814575195,0.1866440773010254,2.1946420669555664,0.08504533767700195,9.921246528625488,45.3680534362793,7.72570041370542e+16,,1,,9.65884017944336,9449,0.13147103786468506,0.10711817443370819,
0.10072806477546692,31.072650909423828,0.19172048568725586,2.242938995361328,0.08547735214233398,9.927719116210938,244.81153869628906,7.766577335448371e+16,,1,,52.120277404785156,9499,0.14203353226184845,0.07236576080322266,
0.09066475182771683,16.90626335144043,0.16240739822387695,1.9010549783706665,0.08543014526367188,11.029644966125488,633.779296875,7.807454257191322e+16,,1,,134.93136596679688,9549,0.15110090374946594,0.08870555460453033,
0.09784609079360962,28.401954650878906,0.18474435806274414,2.1675827503204346,0.08523058891296387,10.220131874084473,489.3570861816406,7.848330319940813e+16,,1,,104.18392181396484,9599,0.12892751395702362,0.0792304128408432,
0.10280182957649231,32.95962905883789,0.19490456581115723,2.2769696712493896,0.08559823036193848,9.727453231811523,75.23808288574219,7.889207241683763e+16,,1,,16.018156051635742,9649,0.15392616391181946,0.08834333717823029,
0.10915498435497284,35.83237838745117,0.20840668678283691,2.438110113143921,0.0854787826538086,9.161285400390625,31.40799903869629,7.930084163426714e+16,,1,,6.6867499351501465,9699,0.15168742835521698,0.09529136121273041,
0.10174871981143951,31.622020721435547,0.1972808837890625,2.3042430877685547,0.0856163501739502,9.828133583068848,620.8091430664062,7.970961085169664e+16,,1,,132.17001342773438,9749,0.1406671702861786,0.0860505998134613,
0.10136858373880386,29.970579147338867,0.18598341941833496,2.167978048324585,0.08578658103942871,9.864989280700684,57.60965347290039,8.011837147919155e+16,,1,,12.265071868896484,9799,0.1918313354253769,0.18636178970336914,
0.09773877263069153,27.771068572998047,0.18663501739501953,2.1914637088775635,0.08516454696655273,10.231354713439941,43.722679138183594,8.052714069662106e+16,,1,,9.308540344238281,9849,0.13852612674236298,0.09224069118499756,
0.09849762171506882,28.944961547851562,0.18471455574035645,2.1664211750030518,0.08526253700256348,10.1525297164917,72.42486572265625,8.093590991405056e+16,,1,,15.419224739074707,9899,0.14058847725391388,0.18022216856479645,
0.09764903783798218,27.06243896484375,0.17615079879760742,2.0613410472869873,0.08545446395874023,10.24075698852539,146.7361297607422,8.134467913148006e+16,,1,,31.240062713623047,9949,0.24226659536361694,0.09333711862564087,
0.11005589365959167,36.00199508666992,0.2082231044769287,2.4412736892700195,0.08529281616210938,9.086292266845703,40.00291442871094,8.175344834890957e+16,,1,,8.51660442352295,9999,0.09054255485534668,0.07229402661323547,
0.09995871782302856,28.717681884765625,0.18622565269470215,2.176821231842041,0.08554935455322266,10.004129409790039,506.7177734375,8.216220897640448e+16,,1,,107.8800048828125,10049,0.13394413888454437,0.08408084511756897,
0.10044723749160767,31.67732810974121,0.20021414756774902,2.34572172164917,0.08535289764404297,9.955474853515625,21.002824783325195,8.257097819383398e+16,,1,,4.471493244171143,10099,0.13890740275382996,0.12814953923225403,
0.09602925181388855,26.543663024902344,0.18438959121704102,2.1584632396698,0.08542633056640625,10.413493156433105,613.6409301757812,8.297974741126349e+16,,1,,130.64390563964844,10149,0.140123650431633,0.08875462412834167,
0.0918656513094902,19.84874725341797,0.1776561737060547,2.0726425647735596,0.08571481704711914,10.88546085357666,156.3599090576172,8.3388516628693e+16,,1,,33.28895950317383,10199,0.12415557354688644,0.09034307301044464,
0.09431090205907822,25.194866180419922,0.19436168670654297,2.2873191833496094,0.08497357368469238,10.603228569030762,36.40256118774414,8.37972772561879e+16,,1,,7.750090599060059,10249,0.10427266359329224,0.07787720859050751,
0.10658328235149384,30.497821807861328,0.18463397026062012,2.1628873348236084,0.08536458015441895,9.382333755493164,538.2318725585938,8.42060464736174e+16,,1,,114.58934783935547,10299,0.17489171028137207,0.2593240737915039,
0.09702470898628235,26.762737274169922,0.18515324592590332,2.176380157470703,0.08507394790649414,10.306652069091797,91.69212341308594,8.461481569104691e+16,,1,,19.521215438842773,10349,0.10779819637537003,0.11182233691215515,
0.09405004978179932,23.179115295410156,0.18093061447143555,2.1335196495056152,0.08480381965637207,10.632637023925781,625.9882202148438,8.502358490847642e+16,,1,,133.27264404296875,10399,0.11739052087068558,0.0761483758687973,
0.09418332576751709,24.353464126586914,0.17967844009399414,2.107578992843628,0.08525347709655762,10.61759090423584,576.8641967773438,8.543234553597133e+16,,1,,122.81415557861328,10449,0.1357031613588333,0.15297751128673553,
0.09655287861824036,27.59011459350586,0.19142937660217285,2.2353310585021973,0.08563804626464844,10.357019424438477,42.84626007080078,8.584111475340083e+16,,1,,9.121952056884766,10499,0.14001178741455078,0.08161680400371552,
0.09346244484186172,22.386104583740234,0.18308377265930176,2.138575553894043,0.08561015129089355,10.699483871459961,567.35693359375,8.624988397083034e+16,,1,,120.7900619506836,10549,0.1461859792470932,0.15205925703048706,
0.1000966802239418,30.313365936279297,0.22411131858825684,2.6203811168670654,0.0855262279510498,9.990341186523438,67.95764923095703,8.665865318825984e+16,,1,,14.468156814575195,10599,0.10615447908639908,0.08348412811756134,
0.09743013978004456,27.364988327026367,0.2040576934814453,2.4052586555480957,0.0848381519317627,10.263764381408691,490.2631530761719,8.706741381575475e+16,,1,,104.3768310546875,10649,0.10785633325576782,0.07120366394519806,
0.09895232319831848,24.41783905029297,0.18560528755187988,2.184718132019043,0.08495616912841797,10.105876922607422,343.3941345214844,8.747618303318426e+16,,1,,73.10847473144531,10699,0.10137585550546646,0.0798087865114212,
0.11536715179681778,40.7194938659668,0.3048584461212158,3.5038459300994873,0.08700680732727051,8.667978286743164,21.35995101928711,8.788495225061376e+16,,1,,4.547524929046631,10749,0.09716036170721054,0.07808788120746613,
0.10138681530952454,32.12222671508789,0.19893479347229004,2.329990863800049,0.08538007736206055,9.863215446472168,630.869140625,8.829372146804326e+16,,1,,134.31178283691406,10799,0.10554003715515137,0.07485075294971466,
0.08920606970787048,17.146289825439453,0.17948460578918457,2.1030821800231934,0.08534359931945801,11.210000038146973,50.41649627685547,8.870249068547277e+16,,1,,10.733651161193848,10849,0.12086528539657593,0.09223061800003052,
0.10705233365297318,32.8386344909668,0.1878185272216797,2.2046444416046143,0.08519220352172852,9.341225624084473,37.039573669433594,8.911125131296768e+16,,1,,7.885710716247559,10899,0.12079744040966034,0.12407980859279633,
0.09837067872285843,27.238800048828125,0.17711877822875977,2.104194164276123,0.08417415618896484,10.165631294250488,556.8192749023438,8.952002053039718e+16,,1,,118.54660034179688,10949,0.10325521975755692,0.07521592080593109,
0.08827652782201767,14.439666748046875,0.17688226699829102,2.0815975666046143,0.08497428894042969,11.328039169311523,28.212644577026367,8.992878974782669e+16,,1,,6.006460666656494,10999,0.10809390991926193,0.08326251804828644,
0.10003144294023514,30.325855255126953,0.1881241798400879,2.21258544921875,0.08502459526062012,9.996856689453125,82.38323211669922,9.03375589652562e+16,,1,,17.539358139038086,11049,0.09149854630231857,0.07298639416694641,
0.10040087252855301,29.01344108581543,0.18764781951904297,2.210646390914917,0.0848836898803711,9.96007251739502,616.7362670898438,9.07463195927511e+16,,1,,131.3029022216797,11099,0.09788788855075836,0.0943191796541214,
0.10086885839700699,30.010757446289062,0.18911123275756836,2.206308603286743,0.08571386337280273,9.913862228393555,24.663440704345703,9.11550888101806e+16,,1,,5.250836372375488,11149,0.13102024793624878,0.07943373918533325,
0.09864496439695358,28.706830978393555,0.20905733108520508,2.464536428451538,0.08482623100280762,10.137365341186523,559.1989135742188,9.156385802761011e+16,,1,,119.05323028564453,11199,0.12121107429265976,0.09171365201473236,
0.10426785051822662,29.68499755859375,0.19926977157592773,2.334155321121216,0.08537125587463379,9.590683937072754,622.772705078125,9.197262724503962e+16,,1,,132.5880584716797,11249,0.11459960788488388,0.07780438661575317,
0.09842939674854279,30.110816955566406,0.18488764762878418,2.173008441925049,0.0850837230682373,10.159566879272461,96.47477722167969,9.238138787253453e+16,,1,,20.539440155029297,11299,0.13827545940876007,0.08888612687587738,
0.09742487221956253,27.475391387939453,0.1857285499572754,2.181638479232788,0.08513259887695312,10.26431941986084,623.7212524414062,9.279015708996403e+16,,1,,132.7899932861328,11349,0.11697129160165787,0.08471199870109558,
0.09445308893918991,23.06102180480957,0.17300820350646973,2.030071258544922,0.08522272109985352,10.58726692199707,20.689577102661133,9.319892630739354e+16,,1,,4.4048027992248535,11399,0.10961715877056122,0.08164569735527039,
0.08922381699085236,14.239297866821289,0.15571188926696777,1.8453251123428345,0.0843818187713623,11.207770347595215,582.8017578125,9.360769552482304e+16,,1,,124.07825469970703,11449,0.10750988125801086,0.07543420791625977,
,,,,,,639.831298828125,9.401646474225254e+16,,2,,136.21981811523438,11499,0.1304275095462799,0.07528159022331238,
0.0967901200056076,29.499910354614258,0.20181941986083984,4.749143123626709,0.0424959659576416,10.331632614135742,630.5421142578125,9.442522536974746e+16,,2,,134.24215698242188,11549,0.1012512817978859,0.07812845706939697,
0.09033678472042084,18.88729476928711,0.18960070610046387,2.221994638442993,0.08532905578613281,11.069687843322754,626.6871948242188,9.483399458717696e+16,,2,,133.4214630126953,11599,0.09985704720020294,0.07952505350112915,
0.08962712436914444,16.996746063232422,0.18856191635131836,2.2042224407196045,0.08554577827453613,11.157337188720703,622.5256958007812,9.524276380460646e+16,,2,,132.5354766845703,11649,0.12511414289474487,0.08573850989341736,
0.09363042563199997,22.311416625976562,0.1755976676940918,2.051434278488159,0.08559751510620117,10.680288314819336,20.694000244140625,9.565153302203597e+16,,2,,4.405744552612305,11699,0.112326480448246,0.09641437232494354,
0.08960307389497757,15.809525489807129,0.17088055610656738,2.0078916549682617,0.08510446548461914,11.160331726074219,636.5745239257812,9.606029364953088e+16,,2,,135.52645874023438,11749,0.10947323590517044,0.08797983825206757,
0.09199294447898865,22.543657302856445,0.18048572540283203,2.1133484840393066,0.0854027271270752,10.870399475097656,616.8040161132812,9.646906286696038e+16,,2,,131.31732177734375,11799,0.1004088893532753,0.10166770219802856,
0.0989714115858078,25.699872970581055,0.1721045970916748,2.0154988765716553,0.08539056777954102,10.103927612304688,50.96342849731445,9.687783208438989e+16,,2,,10.850093841552734,11849,0.10630729794502258,0.10053220391273499,
0.09300556033849716,19.71331214904785,0.16593337059020996,1.9558155536651611,0.08484101295471191,10.752045631408691,529.0856323242188,9.72866013018194e+16,,2,,112.6421127319336,11899,0.11159123480319977,0.09640516340732574,
0.09696530550718307,27.850034713745117,0.17885923385620117,2.118666172027588,0.08442068099975586,10.312967300415039,49.51987075805664,9.76953619293143e+16,,2,,10.542760848999023,11949,0.1087852418422699,0.13252019882202148,
0.09110678732395172,18.362098693847656,0.1679084300994873,1.9839119911193848,0.08463501930236816,10.976130485534668,511.28363037109375,9.81041311467438e+16,,2,,108.8520736694336,11999,0.10420572012662888,0.07838393747806549,
,,,,,,,,9.81041311467438e+16,2,,,11999,,,0.19799071550369263
0.09442907571792603,25.756452560424805,0.18255996704101562,2.164146900177002,0.08435654640197754,10.589958190917969,624.8119506835938,9.851290036417331e+16,,2,,133.022216796875,12049,0.09870224446058273,0.07787586748600006,
0.08624650537967682,0.7615239024162292,0.0895082950592041,1.0486321449279785,0.0853571891784668,11.594673156738281,626.3450317382812,9.892166958160282e+16,,2,,133.34860229492188,12099,0.1342369019985199,0.17085795104503632,
0.08621285110712051,0.6678822636604309,0.08881711959838867,1.0368623733520508,0.08565950393676758,11.599199295043945,18.45586395263672,9.933043879903232e+16,,2,,3.929245948791504,12149,0.0930575504899025,0.09219734370708466,
0.10781833529472351,32.63700485229492,0.19909119606018066,2.3214375972747803,0.08576202392578125,9.274860382080078,387.1075134277344,9.973919942652723e+16,,2,,82.4150390625,12199,0.11718021333217621,0.10317911207675934,
0.09374161809682846,22.091402053833008,0.16630268096923828,1.9537557363510132,0.08511948585510254,10.667620658874512,636.8052978515625,1.0014796864395674e+17,,2,,135.57557678222656,12249,0.1087040826678276,0.07005609571933746,
0.09517939388751984,25.713159561157227,0.1858508586883545,2.1793336868286133,0.08527874946594238,10.506476402282715,25.525869369506836,1.0055673786138624e+17,,2,,5.434447288513184,12299,0.11699014157056808,0.08728206157684326,
0.09514882415533066,24.514047622680664,0.18684720993041992,2.1777384281158447,0.08579874038696289,10.509851455688477,636.573486328125,1.0096550707881574e+17,,2,,135.52622985839844,12349,0.11924144625663757,0.07206888496875763,
0.08778213709592819,14.777742385864258,0.1780691146850586,2.1048543453216553,0.08459925651550293,11.391839027404785,641.3515625,1.0137426770631066e+17,,2,,136.54348754882812,12399,0.10457152128219604,0.1291443407535553,
0.08719751983880997,10.99031925201416,0.15284276008605957,1.8018995523452759,0.0848231315612793,11.468215942382812,140.27407836914062,1.0178303692374016e+17,,2,,29.864295959472656,12449,0.10925780236721039,0.08320383727550507,
0.09424770623445511,24.315214157104492,0.18544745445251465,2.174311637878418,0.08529019355773926,10.610337257385254,627.5972290039062,1.0219180614116966e+17,,2,,133.61520385742188,12499,0.11162467300891876,0.08965171873569489,
0.09567973762750626,26.79535675048828,0.18165874481201172,2.1280579566955566,0.08536362648010254,10.451534271240234,24.43567657470703,1.0260057535859917e+17,,2,,5.202345848083496,12549,0.10937371104955673,0.09353139996528625,
0.09204649180173874,22.94816780090332,0.18310976028442383,2.1409242153167725,0.08552837371826172,10.86407470703125,611.2792358398438,1.0300933598609408e+17,,2,,130.14109802246094,12599,0.13104668259620667,0.07505430281162262,
0.08760443329811096,2.976945400238037,0.10286831855773926,1.2020354270935059,0.08557844161987305,11.414947509765625,642.106689453125,1.0341810520352358e+17,,2,,136.70425415039062,12649,0.1325547695159912,0.08283902704715729,
0.09001466631889343,17.080615997314453,0.18901538848876953,2.2230608463287354,0.08502483367919922,11.109301567077637,73.34648895263672,1.0382687442095309e+17,,2,,15.615437507629395,12699,0.1022491380572319,0.07084383070468903,
0.09040363878011703,17.478010177612305,0.1602163314819336,1.8767693042755127,0.08536815643310547,11.061501502990723,622.29541015625,1.042356436383826e+17,,2,,132.48643493652344,12749,0.111439548432827,0.10171163082122803,
0.09830249100923538,30.257495880126953,0.2059173583984375,2.4087326526641846,0.08548784255981445,10.172682762145996,44.9438591003418,1.046444042658775e+17,,2,,9.56852912902832,12799,0.17056331038475037,0.12034040689468384,
0.09194301068782806,21.183958053588867,0.17974567413330078,2.1021478176116943,0.08550572395324707,10.876302719116211,49.25680923461914,1.05053173483307e+17,,2,,10.486754417419434,12849,0.13282403349876404,0.07775816321372986,
0.10786818712949753,28.20265007019043,0.18335843086242676,2.1430370807647705,0.08556008338928223,9.270573616027832,526.3812866210938,1.0546194270073651e+17,,2,,112.06636047363281,12899,0.11077214032411575,0.08527791500091553,
0.10053565353155136,30.232778549194336,0.1802215576171875,2.109825372695923,0.08542013168334961,9.946720123291016,33.541404724121094,1.0587071191816602e+17,,2,,7.140951633453369,12949,0.10296093672513962,0.09353035688400269,
0.09842893481254578,28.087289810180664,0.19165539741516113,2.2380948066711426,0.0856332778930664,10.159614562988281,578.7781372070312,1.0627948113559552e+17,,2,,123.22163391113281,12999,0.11136483401060104,0.07922928035259247,
0.0931553766131401,22.887601852416992,0.1738288402557373,2.039386749267578,0.0852358341217041,10.734753608703613,33.12805938720703,1.0668824176309043e+17,,2,,7.052950859069824,13049,0.10769761353731155,0.07961785793304443,
0.09282855689525604,22.59086036682129,0.17947816848754883,2.103612184524536,0.08531904220581055,10.772547721862793,94.61649322509766,1.0709701098051994e+17,,2,,20.143814086914062,13099,0.14565885066986084,0.10405828058719635,
0.09586217254400253,25.72060203552246,0.18114638328552246,2.122026205062866,0.08536481857299805,10.43164348602295,180.65467834472656,1.0750578019794944e+17,,2,,38.461307525634766,13149,0.0947607085108757,0.08486722409725189,
0.09192325919866562,20.454349517822266,0.18494868278503418,2.1755242347717285,0.08501338958740234,10.878640174865723,33.89828872680664,1.0791454941537894e+17,,2,,7.2169318199157715,13199,0.13264231383800507,0.08719305694103241,
0.10173249989748001,29.38248634338379,0.17790436744689941,2.0912728309631348,0.08506989479064941,9.829700469970703,592.548828125,1.0832331004287386e+17,,2,,126.15340423583984,13249,0.11778883635997772,0.08855706453323364,
0.09705586731433868,26.297725677490234,0.18539857864379883,2.17049241065979,0.0854177474975586,10.303343772888184,66.30109405517578,1.0873207926030336e+17,,2,,14.11547565460205,13299,0.11400298029184341,0.08323909342288971,
0.2677032947540283,446.71453857421875,8.636713027954102,101.02629852294922,0.08548974990844727,3.7354791164398193,45.90653991699219,1.0914084847773286e+17,,2,,9.773483276367188,13349,0.10957333445549011,0.10278116166591644,
0.09899406135082245,26.065052032470703,0.1762702465057373,2.0616230964660645,0.08550071716308594,10.101615905761719,553.2930908203125,1.0954961769516237e+17,,2,,117.7958755493164,13399,0.12430715560913086,0.07625584304332733,
0.09720954298973083,26.367889404296875,0.17253947257995605,2.0287485122680664,0.08504724502563477,10.287055969238281,29.782939910888672,1.0995837832265728e+17,,2,,6.340775966644287,13449,0.10815255343914032,0.09053665399551392,
0.09511197358369827,25.203411102294922,0.17806625366210938,2.07814359664917,0.08568525314331055,10.513922691345215,621.8509521484375,1.1036714754008678e+17,,2,,132.39181518554688,13499,0.13700555264949799,0.0870668888092041,
0.09441865980625153,24.29138946533203,0.1663525104522705,1.9510512351989746,0.08526301383972168,10.591126441955566,533.5440673828125,1.1077591675751629e+17,,2,,113.59130859375,13549,0.1350448727607727,0.08992388844490051,
0.10461463034152985,30.12360191345215,0.1844184398651123,2.154111623764038,0.08561229705810547,9.558892250061035,21.893720626831055,1.111846859749458e+17,,2,,4.661164283752441,13599,0.11764942109584808,0.11475437879562378,
0.10361508280038834,30.22544288635254,0.1917579174041748,2.236402988433838,0.08574390411376953,9.651104927062988,111.43992614746094,1.115934551923753e+17,,2,,23.725515365600586,13649,0.11770446598529816,0.10027270019054413,
0.10321395844221115,30.087255477905273,0.17453765869140625,2.046100378036499,0.08530259132385254,9.68861198425293,134.41392517089844,1.120022158198702e+17,,2,,28.616670608520508,13699,0.09963434189558029,0.07914307713508606,
0.09516757726669312,26.327716827392578,0.17839765548706055,2.0905447006225586,0.08533549308776855,10.507780075073242,27.440725326538086,1.1241098503729971e+17,,2,,5.842119216918945,13749,0.1608690321445465,0.0865771621465683,
0.09955326467752457,27.099390029907227,0.18061089515686035,2.114861488342285,0.08540081977844238,10.04487419128418,184.93377685546875,1.1281975425472922e+17,,2,,39.3723258972168,13799,0.09655273705720901,0.07882954180240631,
0.10046759247779846,27.707870483398438,0.18281006813049316,2.1444921493530273,0.08524632453918457,9.953457832336426,24.61239242553711,1.1322852347215872e+17,,2,,5.239968299865723,13849,0.13724489510059357,0.23281538486480713,
0.09903590381145477,27.235553741455078,0.17023110389709473,1.996111273765564,0.0852813720703125,10.0973482131958,231.14976501464844,1.1363728409965363e+17,,2,,49.211692810058594,13899,0.10570920258760452,0.08637495338916779,
0.10513719171285629,32.30690002441406,0.19936585426330566,2.3267619609832764,0.08568382263183594,9.511382102966309,139.771484375,1.1404605331708314e+17,,2,,29.757291793823242,13949,0.08949596434831619,0.07011456787586212,
0.10143612325191498,26.960176467895508,0.17840957641601562,2.086591958999634,0.08550286293029785,9.858421325683594,118.68824768066406,1.1445482253451264e+17,,2,,25.268680572509766,13999,0.1270594745874405,0.08143307268619537,
0.10047541558742523,29.029071807861328,0.19734692573547363,2.30635666847229,0.08556652069091797,9.952683448791504,53.32530212402344,1.1486359175194214e+17,,2,,11.352934837341309,14049,0.1107538565993309,0.08140231668949127,
0.09414229542016983,26.197620391845703,0.1920790672302246,2.2616684436798096,0.08492803573608398,10.622218132019043,70.19367218017578,1.1527235237943706e+17,,2,,14.944204330444336,14099,0.10043280571699142,0.06723171472549438,
0.09811852872371674,27.10213851928711,0.17622160911560059,2.066326379776001,0.08528256416320801,10.191755294799805,513.0015869140625,1.1568112159686656e+17,,2,,109.21782684326172,14149,0.10212293267250061,0.07202550768852234,
0.09814831614494324,27.017606735229492,0.1766653060913086,2.064476251602173,0.08557391166687012,10.188661575317383,551.3802490234375,1.1608989081429606e+17,,2,,117.38863372802734,14199,0.12440386414527893,0.12572212517261505,
0.10061714053153992,30.749528884887695,0.1888895034790039,2.2103495597839355,0.08545684814453125,9.938664436340332,35.22523880004883,1.1649866003172557e+17,,2,,7.499438762664795,14249,0.12439758330583572,0.12210580706596375,
0.09866238385438919,29.894685745239258,0.17860126495361328,2.087989568710327,0.08553743362426758,10.135575294494629,61.67247772216797,1.1690742924915507e+17,,2,,13.130044937133789,14299,0.1382218301296234,0.24712729454040527,
0.09087231755256653,19.994831085205078,0.17219328880310059,2.0193397998809814,0.08527207374572754,11.004450798034668,24.3958683013916,1.1731618987664998e+17,,2,,5.193870544433594,14349,0.10020839422941208,0.08135092258453369,
0.09779806435108185,23.928712844848633,0.17624497413635254,2.066363573074341,0.08529233932495117,10.225151062011719,566.1453857421875,1.1772495909407949e+17,,2,,120.53211975097656,14399,0.10833404958248138,0.07021734118461609,
0.09660030156373978,27.976423263549805,0.18614935874938965,2.1929070949554443,0.08488702774047852,10.351934432983398,529.3258056640625,1.18133728311509e+17,,2,,112.69324493408203,14449,0.11907665431499481,0.0763377994298935,
0.10200109332799911,31.13848876953125,0.1917743682861328,2.2343766689300537,0.08582901954650879,9.803816795349121,34.98405075073242,1.185424975289385e+17,,2,,7.448090076446533,14499,0.0895669236779213,0.09309709072113037,
0.10250908881425858,29.715784072875977,0.19115066528320312,2.2319769859313965,0.08564186096191406,9.755232810974121,170.74473571777344,1.189512581564334e+17,,2,,36.35148239135742,14549,0.14300532639026642,0.08957630395889282,
0.09966595470905304,27.976688385009766,0.17820310592651367,2.081721782684326,0.08560371398925781,10.033515930175781,27.293794631958008,1.1936002737386291e+17,,2,,5.810837745666504,14599,0.10774675011634827,0.07769082486629486,
0.09630898386240005,26.61211585998535,0.1902604103088379,2.235347270965576,0.0851144790649414,10.383247375488281,54.30780792236328,1.1976879659129242e+17,,2,,11.562110900878906,14649,0.1833549439907074,0.0724555104970932,
0.10791413486003876,33.42576217651367,0.20132112503051758,2.3582563400268555,0.08536863327026367,9.266626358032227,333.51171875,1.2017756580872192e+17,,2,,71.00450897216797,14699,0.0945187360048294,0.0810282975435257,
0.09560523182153702,25.63872528076172,0.17781591415405273,2.0812039375305176,0.08543896675109863,10.459678649902344,26.42389488220215,1.2058632643621683e+17,,2,,5.625636577606201,14749,0.11918733268976212,0.07529087364673615,
0.09318753331899643,20.922513961791992,0.15631699562072754,1.8332377672195435,0.08526825904846191,10.731049537658691,48.49067687988281,1.2099509565364634e+17,,2,,10.323644638061523,14799,0.10302144289016724,0.07079769670963287,
0.09474403411149979,23.36260986328125,0.16486001014709473,1.9298231601715088,0.08542752265930176,10.554754257202148,574.3282470703125,1.2140386487107584e+17,,2,,122.27425384521484,14849,0.10351303219795227,0.07710510492324829,
0.10362596064805984,28.963300704956055,0.17731571197509766,2.075366735458374,0.08543825149536133,9.650091171264648,509.47509765625,1.2181263408850534e+17,,2,,108.467041015625,14899,0.10670094937086105,0.10383407771587372,
0.09597649425268173,26.647979736328125,0.1872694492340088,2.1881930828094482,0.08558177947998047,10.419218063354492,38.70402908325195,1.2222140330593485e+17,,2,,8.240072250366211,14949,0.1140708401799202,0.11014124751091003,
0.09915392100811005,30.641517639160156,0.19251441955566406,2.260347604751587,0.08517026901245117,10.08533000946045,30.390159606933594,1.2263016393342976e+17,,2,,6.470052719116211,14999,0.083651602268219,0.08124735951423645,
0.09970071166753769,30.21522331237793,0.19993925094604492,2.354285717010498,0.08492565155029297,10.03001880645752,568.07421875,1.2303893315085926e+17,,2,,120.94276428222656,15049,0.10061509907245636,0.07499639689922333,
0.10472080111503601,33.03848648071289,0.19112372398376465,2.231867551803589,0.08563399314880371,9.549201965332031,475.97216796875,1.2344770236828877e+17,,2,,101.33428192138672,15099,0.11058118939399719,0.11970758438110352,
0.10183169692754745,30.75604248046875,0.19667911529541016,2.3045432567596436,0.08534407615661621,9.820125579833984,629.982421875,1.2385647158571827e+17,,2,,134.1230010986328,15149,0.1004929393529892,0.07469747960567474,
0.09227218478918076,22.800079345703125,0.19455242156982422,2.288728952407837,0.08500456809997559,10.837502479553223,167.19151306152344,1.2426523221321318e+17,,2,,35.59500503540039,15199,0.11679390072822571,0.10123898088932037,
0.09778866916894913,27.605880737304688,0.17972064018249512,2.111741542816162,0.08510541915893555,10.226133346557617,28.214906692504883,1.2467400143064269e+17,,2,,6.006942272186279,15249,0.13416293263435364,0.1246991902589798,
0.09721780568361282,27.69784927368164,0.19048047065734863,2.224838972091675,0.08561539649963379,10.286181449890137,401.468505859375,1.250827706480722e+17,,2,,85.47248077392578,15299,0.13315871357917786,0.23305393755435944,
0.12313629686832428,35.368160247802734,0.23461484909057617,2.757721424102783,0.08507561683654785,8.121082305908203,562.7664794921875,1.254915398655017e+17,,2,,119.81275939941406,15349,0.10326118767261505,0.06311067938804626,
0.10005901008844376,29.969741821289062,0.19379472732543945,2.282965898513794,0.08488726615905762,9.994102478027344,37.96416473388672,1.259003004929966e+17,,2,,8.082554817199707,15399,0.14249613881111145,0.07074391841888428,
0.09367440640926361,23.316547393798828,0.18216848373413086,2.1263089179992676,0.08567357063293457,10.675274848937988,36.24055099487305,1.2630906971042611e+17,,2,,7.7155985832214355,15449,0.09908301383256912,0.08473317325115204,
0.09339230507612228,21.869396209716797,0.1828296184539795,2.1425223350524902,0.08533382415771484,10.707520484924316,58.51667404174805,1.2671783892785562e+17,,2,,12.458175659179688,15499,0.11040503531694412,0.097545325756073,
0.09881596267223358,28.510496139526367,0.17898821830749512,2.092845916748047,0.08552384376525879,10.11982250213623,509.8019714355469,1.2712660814528512e+17,,2,,108.53662872314453,15549,0.10520881414413452,0.07054917514324188,
0.09701919555664062,25.67050552368164,0.17483949661254883,2.0552914142608643,0.0850679874420166,10.307238578796387,46.383949279785156,1.2753536877278003e+17,,2,,9.875123977661133,15599,0.11638379096984863,0.17723055183887482,
0.09470512717962265,23.969112396240234,0.18339157104492188,2.1431796550750732,0.08556985855102539,10.559090614318848,26.96105194091797,1.2794413799020954e+17,,2,,5.739996910095215,15649,0.10123541206121445,0.07151223719120026,
0.11281263083219528,35.285037994384766,0.23384714126586914,2.726076602935791,0.08578157424926758,8.864255905151367,460.26739501953125,1.2835290720763904e+17,,2,,97.9907455444336,15699,0.10072556138038635,0.06312114000320435,
0.09839176386594772,26.669221878051758,0.1817617416381836,2.1314492225646973,0.08527612686157227,10.1634521484375,619.968505859375,1.2876167642506854e+17,,2,,131.9910430908203,15749,0.11173097789287567,0.10603019595146179,
0.09657671302556992,22.961320877075195,0.16916418075561523,1.9842884540557861,0.0852518081665039,10.354463577270508,617.9214477539062,1.2917044564249805e+17,,2,,131.5552215576172,15799,0.1094529777765274,0.11879590153694153,
0.09976393729448318,28.102794647216797,0.17600417137145996,2.0721185207366943,0.08493924140930176,10.023662567138672,251.63079833984375,1.2957920626999296e+17,,2,,53.57209396362305,15849,0.11204078793525696,0.09902486205101013,
0.09860894083976746,28.842309951782227,0.18001842498779297,2.1244595050811768,0.08473610877990723,10.141068458557129,30.910606384277344,1.2998797548742246e+17,,2,,6.580855369567871,15899,0.11776261776685715,0.09001728892326355,
0.09754974395036697,27.89973258972168,0.18004226684570312,2.1156866550445557,0.0850987434387207,10.251180648803711,531.0807495117188,1.3039674470485197e+17,,2,,113.06687927246094,15949,0.11075366288423538,0.09997279942035675,
0.10338426381349564,30.60528564453125,0.20963072776794434,2.4666647911071777,0.08498549461364746,9.672651290893555,544.1624755859375,1.3080551392228147e+17,,2,,115.85196685791016,15999,0.10093214362859726,0.06175418198108673,
,,,,,,,,1.3080551392228147e+17,2,,,15999,,,0.19528934359550476
0.08974562585353851,17.32785415649414,0.16716670989990234,1.970402479171753,0.0848388671875,11.142603874206543,615.77099609375,1.3121427454977638e+17,,2,,131.09739685058594,16049,0.11272498220205307,0.10069070756435394,
0.08674647659063339,1.0908949375152588,0.08965730667114258,1.050973892211914,0.08530879020690918,11.52784538269043,630.511474609375,1.3162304376720589e+17,,2,,134.23562622070312,16099,0.18340928852558136,0.13030844926834106,
0.08674947172403336,2.026641845703125,0.09744143486022949,1.1402223110198975,0.08545827865600586,11.527447700500488,18.708282470703125,1.320318129846354e+17,,2,,3.982985496520996,16149,0.1037808209657669,0.07926689088344574,
0.08979588747024536,14.278407096862793,0.1560816764831543,1.8406270742416382,0.08479809761047363,11.136366844177246,242.53953552246094,1.324405822020649e+17,,2,,51.63656997680664,16199,0.10545515269041061,0.07549569010734558,
0.09121046215295792,21.75257682800293,0.1698470115661621,2.0109808444976807,0.08445978164672852,10.963654518127441,637.320068359375,1.328493428295598e+17,,2,,135.6851806640625,16249,0.11612842231988907,0.1313427984714508,
0.09192045032978058,19.75501823425293,0.17189383506774902,2.0118117332458496,0.08544230461120605,10.878972053527832,16.06450843811035,1.3325811204698931e+17,,2,,3.4201273918151855,16299,0.10212989896535873,0.0775582492351532,
0.09240520000457764,20.397720336914062,0.16340255737304688,1.917927861213684,0.08519744873046875,10.821901321411133,639.5750122070312,1.3366688126441882e+17,,2,,136.16526794433594,16349,0.09014298766851425,0.07041747868061066,
0.08622071892023087,0.9021785855293274,0.08895754814147949,1.0443297624588013,0.08518147468566895,11.598139762878418,643.41162109375,1.3407565048184832e+17,,2,,136.98207092285156,16399,0.10941020399332047,0.08721855282783508,
0.08895260095596313,15.325007438659668,0.17064976692199707,2.004326343536377,0.08514070510864258,11.241941452026367,285.2547302246094,1.3448441969927782e+17,,2,,60.73061752319336,16449,0.11035732924938202,0.0779130756855011,
0.09208784252405167,22.265243530273438,0.18157529830932617,2.14250111579895,0.08474922180175781,10.859196662902832,630.8662109375,1.3489318032677274e+17,,2,,134.3111572265625,16499,0.11771319061517715,0.06874346733093262,
0.08685512840747833,1.8030935525894165,0.09490060806274414,1.1088694334030151,0.08558320999145508,11.51342487335205,22.034027099609375,1.3530194954420224e+17,,2,,4.691035270690918,16549,0.10432158410549164,0.07638704776763916,
0.08938047289848328,20.332748413085938,0.21623611450195312,2.527942419052124,0.08553838729858398,11.188126564025879,160.90309143066406,1.3571071876163174e+17,,2,,34.256202697753906,16599,0.09387367218732834,0.07392483949661255,
0.0967429056763649,24.82868766784668,0.18175911903381348,2.1351494789123535,0.08512711524963379,10.336675643920898,635.3338012695312,1.3611948797906125e+17,,2,,135.26231384277344,16649,0.16346962749958038,0.12498581409454346,
0.08814606815576553,12.427568435668945,0.16464567184448242,1.9305793046951294,0.08528304100036621,11.344804763793945,477.81268310546875,1.3652824860655616e+17,,2,,101.72612762451172,16699,0.1489829123020172,0.11344373226165771,
0.09345078468322754,27.334028244018555,0.22577643394470215,2.6562070846557617,0.08499956130981445,10.700819969177246,112.32627868652344,1.3693701782398566e+17,,2,,23.91421890258789,16749,0.12516289949417114,0.08745884895324707,
0.09116759896278381,20.9921932220459,0.18416953086853027,2.155592441558838,0.08543801307678223,10.968809127807617,23.21814727783203,1.3734578704141517e+17,,2,,4.943134307861328,16799,0.1174343004822731,0.09164232015609741,
0.09103196114301682,21.10129737854004,0.1874997615814209,2.1955816745758057,0.08539867401123047,10.985153198242188,638.169189453125,1.3775455625884467e+17,,2,,135.86595153808594,16849,0.11106006056070328,0.07641589641571045,
0.09189414232969284,20.80306053161621,0.174269437789917,2.0393707752227783,0.08545255661010742,10.882086753845215,500.1837463378906,1.3816331688633958e+17,,2,,106.4889144897461,16899,0.09302201122045517,0.07202926278114319,
0.0974186584353447,25.588857650756836,0.18881630897521973,2.2048795223236084,0.08563566207885742,10.264974594116211,18.892139434814453,1.3857208610376909e+17,,2,,4.022129058837891,16949,0.11923756450414658,0.12538832426071167,
0.09876351058483124,27.848838806152344,0.18438482284545898,2.1526877880096436,0.08565330505371094,10.125197410583496,565.5043334960938,1.389808553211986e+17,,2,,120.39563751220703,16999,0.09621156007051468,0.06764310598373413,
0.09257558733224869,19.281797409057617,0.17322158813476562,2.0230836868286133,0.08562254905700684,10.801983833312988,25.180967330932617,1.393896245386281e+17,,2,,5.36101770401001,17049,0.13157033920288086,0.12810352444648743,
0.09296057373285294,21.23120880126953,0.17159509658813477,2.0055954456329346,0.08555817604064941,10.757248878479004,636.9917602539062,1.397983937560576e+17,,2,,135.6152801513672,17099,0.11514810472726822,0.112642303109169,
0.10088148713111877,28.619258880615234,0.18100428581237793,2.1224541664123535,0.0852806568145752,9.91262149810791,249.90646362304688,1.4020715438355251e+17,,2,,53.204986572265625,17149,0.12845692038536072,0.22056201100349426,
0.11050570011138916,32.2202262878418,0.20019173622131348,2.3489959239959717,0.08522439002990723,9.049306869506836,37.9157600402832,1.4061592360098202e+17,,2,,8.072250366210938,17199,0.09297769516706467,0.11094623804092407,
,,,,,,632.1338500976562,1.4102469281841152e+17,,3,,134.58103942871094,17249,0.10509935021400452,0.10510273277759552,
0.09520629048347473,26.306665420532227,0.18158841133117676,4.049774169921875,0.04483914375305176,10.503507614135742,25.8221435546875,1.4143346203584102e+17,,3,,5.497523784637451,17299,0.10517733544111252,0.11092360317707062,
0.08795680850744247,13.359508514404297,0.16988205909729004,1.9941703081130981,0.0851893424987793,11.369215965270996,635.9603881835938,1.4184222266333594e+17,,3,,135.39572143554688,17349,0.1081397607922554,0.12508709728717804,
0.08844413608312607,13.46457290649414,0.1714932918548584,2.0080652236938477,0.08540225028991699,11.306571960449219,27.753999710083008,1.4225099188076544e+17,,3,,5.908815383911133,17399,0.1227324828505516,0.08572627604007721,
0.0906563252210617,18.568988800048828,0.1790142059326172,2.0996527671813965,0.08525896072387695,11.030669212341309,578.8008422851562,1.4265976109819494e+17,,3,,123.22647094726562,17449,0.12628446519374847,0.20977386832237244,
0.09253200888633728,21.599815368652344,0.18146538734436035,2.138941764831543,0.0848388671875,10.8070707321167,625.7794189453125,1.4306853031562445e+17,,3,,133.22817993164062,17499,0.08688614517450333,0.0886988639831543,
0.09546492248773575,25.265880584716797,0.18659520149230957,2.187976598739624,0.0852820873260498,10.475050926208496,39.53337478637695,1.4347729094311936e+17,,3,,8.41663932800293,17549,0.11551131308078766,0.10706827044487,
0.08985091000795364,13.280901908874512,0.16363883018493652,1.9080517292022705,0.08576226234436035,11.129548072814941,121.16087341308594,1.4388606016054886e+17,,3,,25.795101165771484,17599,0.08518999814987183,0.08709727227687836,
0.09224020689725876,21.312551498413086,0.18022632598876953,2.116533041000366,0.08515167236328125,10.841259002685547,633.07470703125,1.4429482078804378e+17,,3,,134.78135681152344,17649,0.0907074585556984,0.08532087504863739,
0.08809199184179306,11.89643669128418,0.16094374656677246,1.8899985551834106,0.08515548706054688,11.35176944732666,95.47399139404297,1.4470359859540787e+17,,3,,20.326374053955078,17699,0.11370813101530075,0.0901838093996048,
0.09719216078519821,27.648754119873047,0.19182872772216797,2.2620737552642822,0.08480215072631836,10.288895606994629,94.53251647949219,1.451123592229028e+17,,3,,20.125934600830078,17749,0.0955633819103241,0.07478299736976624,
0.10492081195116043,31.808231353759766,0.18280410766601562,2.146162986755371,0.08517718315124512,9.530997276306152,39.90751647949219,1.4552113703026688e+17,,3,,8.496294021606445,17799,0.09225993603467941,0.06838300824165344,
0.09319544583559036,21.51312828063965,0.18574881553649902,2.1687331199645996,0.0856485366821289,10.730138778686523,614.3287963867188,1.459298976577618e+17,,3,,130.7903594970703,17849,0.11411026120185852,0.08885668218135834,
0.10252170264720917,30.012042999267578,0.1845111846923828,2.143489122390747,0.08607983589172363,9.754032135009766,572.0609130859375,1.463386582852567e+17,,3,,121.79153442382812,17899,0.12241195142269135,0.10648417472839355,
0.10033639520406723,26.79237174987793,0.17435431480407715,2.050978899002075,0.08501029014587402,9.966473579406738,71.96895599365234,1.467474360926208e+17,,3,,15.322161674499512,17949,0.09650206565856934,0.082665354013443,
0.1005353331565857,26.693655014038086,0.18750953674316406,2.186849594116211,0.08574414253234863,9.946751594543457,131.70004272460938,1.471561967201157e+17,,3,,28.03888511657715,17999,0.11438797414302826,0.14660395681858063,
0.10701709240674973,32.77736282348633,0.19940519332885742,2.3275837898254395,0.08567047119140625,9.344301223754883,29.51263427734375,1.475649745274798e+17,,3,,6.283227920532227,18049,0.09367232769727707,0.07932253181934357,
0.10042005777359009,29.581241607666016,0.2031269073486328,2.386634588241577,0.08511018753051758,9.958169937133789,104.46269226074219,1.4797373515497472e+17,,3,,22.24006462097168,18099,0.11758077889680862,0.07067126035690308,
0.10095721483230591,26.985153198242188,0.1766202449798584,2.0644443035125732,0.08555340766906738,9.905186653137207,620.680419921875,1.4838249578246963e+17,,3,,132.14260864257812,18149,0.08562961965799332,0.07594901323318481,
0.10012305527925491,27.858327865600586,0.1777958869934082,2.0921378135681152,0.08498287200927734,9.987709999084473,27.581077575683594,1.4879127358983373e+17,,3,,5.872000217437744,18199,0.10567953437566757,0.11096908152103424,
0.10164894163608551,26.70209312438965,0.18778538703918457,2.1941850185394287,0.08558320999145508,9.837780952453613,382.3492126464844,1.4920003421732864e+17,,3,,81.40199279785156,18249,0.10000993311405182,0.08145667612552643,
0.09913741797208786,28.42958641052246,0.17983341217041016,2.1050169467926025,0.08543086051940918,10.087008476257324,23.672672271728516,1.4960879484482355e+17,,3,,5.039902210235596,18299,0.08278632909059525,0.08267833292484283,
0.0933627188205719,22.369342803955078,0.176253080368042,2.0593550205230713,0.0855865478515625,10.710912704467773,105.13556671142578,1.5001757265218765e+17,,3,,22.383319854736328,18349,0.09243616461753845,0.06942465901374817,
0.10985464602708817,30.998516082763672,0.19274663925170898,2.2498795986175537,0.08566975593566895,9.102937698364258,596.199951171875,1.5042633327968256e+17,,3,,126.93073272705078,18399,0.08923497796058655,0.09873433411121368,
0.10233965516090393,31.681076049804688,0.19531607627868652,2.287888288497925,0.08536958694458008,9.771383285522461,40.42894744873047,1.5083511108704666e+17,,3,,8.607306480407715,18449,0.10181670635938644,0.07171328365802765,
0.10095837712287903,28.590415954589844,0.20364713668823242,2.3852498531341553,0.08537769317626953,9.905071258544922,578.80908203125,1.5124387171454157e+17,,3,,123.22822570800781,18499,0.11228697001934052,0.08801737427711487,
0.10116930305957794,27.84747886657715,0.1890096664428711,2.206817865371704,0.0856480598449707,9.884421348571777,631.8363037109375,1.5165263234203648e+17,,3,,134.51768493652344,18549,0.08686638623476028,0.0705917477607727,
0.08831021189689636,11.315065383911133,0.1579902172088623,1.8508580923080444,0.08536052703857422,11.323719024658203,28.29388427734375,1.5206141014940058e+17,,3,,6.023756504058838,18599,0.087923064827919,0.07619307935237885,
0.09081479907035828,16.6669921875,0.17130589485168457,1.9926480054855347,0.0859689712524414,11.011421203613281,511.36456298828125,1.524701707768955e+17,,3,,108.86930847167969,18649,0.08900508284568787,0.06829860806465149,
0.10564528405666351,33.827083587646484,0.23001480102539062,2.6939876079559326,0.08538079261779785,9.465638160705566,186.64920043945312,1.528789485842596e+17,,3,,39.73754119873047,18699,0.10624084621667862,0.09005139768123627,
0.10060816258192062,27.24124526977539,0.16836762428283691,1.9768799543380737,0.08516836166381836,9.93955135345459,480.43548583984375,1.532877092117545e+17,,3,,102.2845230102539,18749,0.08915359526872635,0.06736096739768982,
0.10098890215158463,28.771400451660156,0.18159985542297363,2.1262636184692383,0.08540797233581543,9.902077674865723,614.1755981445312,1.536964698392494e+17,,3,,130.7577362060547,18799,0.11091437190771103,0.0778944194316864,
0.11287644505500793,37.61289978027344,0.224135160446167,2.6168956756591797,0.08564925193786621,8.859244346618652,17.969865798950195,1.541052476466135e+17,,3,,3.825777292251587,18849,0.08826914429664612,0.08038070797920227,
0.0984695702791214,30.862730026245117,0.20042848587036133,2.3505308628082275,0.08526945114135742,10.155421257019043,553.4314575195312,1.545140082741084e+17,,3,,117.82533264160156,18899,0.08221936970949173,0.07578767836093903,
0.2791295051574707,429.8232727050781,8.673567771911621,101.8813247680664,0.08513402938842773,3.582566499710083,630.0776977539062,1.5492276890160333e+17,,3,,134.14328002929688,18949,0.1053677350282669,0.07884961366653442,
0.09621892124414444,24.050004959106445,0.16944336891174316,1.9755357503890991,0.08577084541320801,10.392966270446777,38.375423431396484,1.5533154670896742e+17,,3,,8.170111656188965,18999,0.09154307842254639,0.10571189224720001,
0.10080590099096298,28.67129898071289,0.18011951446533203,2.104149580001831,0.0856020450592041,9.92005443572998,619.2271118164062,1.5574030733646234e+17,,3,,131.8332061767578,19049,0.10425237566232681,0.06981618702411652,
0.10091987252235413,29.22047233581543,0.19458746910095215,2.273113250732422,0.08560395240783691,9.90885066986084,26.068328857421875,1.5614908514382643e+17,,3,,5.549936771392822,19099,0.11313091218471527,0.09813053905963898,
0.09526004642248154,24.590482711791992,0.18956613540649414,2.210294008255005,0.08576512336730957,10.497580528259277,550.0929565429688,1.5655784577132134e+17,,3,,117.11456298828125,19149,0.11413595825433731,0.10338945686817169,
0.09131553024053574,17.65300178527832,0.1572556495666504,1.8391807079315186,0.08550310134887695,10.951040267944336,44.76081848144531,1.5696660639881626e+17,,3,,9.529560089111328,19199,0.08914376050233841,0.06189517676830292,
0.0918530598282814,23.23834800720215,0.17984461784362793,2.1141932010650635,0.08506536483764648,10.886953353881836,40.90775680541992,1.5737538420618035e+17,,3,,8.709244728088379,19249,0.10144425928592682,0.08357556164264679,
0.0929180309176445,21.804668426513672,0.17466235160827637,2.055075168609619,0.0849907398223877,10.762173652648926,581.329833984375,1.5778414483367526e+17,,3,,123.764892578125,19299,0.10012184828519821,0.06918106973171234,
0.1001315712928772,27.777759552001953,0.1704561710357666,1.9885157346725464,0.08572030067443848,9.986860275268555,47.65963363647461,1.5819292264103936e+17,,3,,10.146717071533203,19349,0.12720341980457306,0.0783390998840332,
0.10043615102767944,28.54585075378418,0.17981195449829102,2.1003170013427734,0.08561182022094727,9.956574440002441,619.9970092773438,1.5860168326853427e+17,,3,,131.9971160888672,19399,0.09613245725631714,0.09019950032234192,
0.09647068381309509,29.468708038330078,0.20723390579223633,2.436343193054199,0.08505940437316895,10.365843772888184,615.9939575195312,1.590104438960292e+17,,3,,131.14486694335938,19449,0.1212288960814476,0.07324874401092529,
0.09809201210737228,25.48895835876465,0.1790153980255127,2.0944013595581055,0.08547329902648926,10.194510459899902,152.41061401367188,1.5941922170339328e+17,,3,,32.448158264160156,19499,0.08741752803325653,0.06195239722728729,
0.09517832100391388,25.973934173583984,0.19482851028442383,2.2812724113464355,0.0854034423828125,10.50659465789795,581.7861938476562,1.598279823308882e+17,,3,,123.86204528808594,19549,0.08754535764455795,0.07259106636047363,
0.0917089581489563,20.77556800842285,0.17554187774658203,2.055086851119995,0.0854182243347168,10.904060363769531,21.494754791259766,1.602367429583831e+17,,3,,4.576224327087402,19599,0.09368051588535309,0.07736185193061829,
0.08854035288095474,12.7306489944458,0.16668057441711426,1.9567756652832031,0.08518123626708984,11.29428482055664,632.6490478515625,1.606455207657472e+17,,3,,134.6907196044922,19649,0.08598404377698898,0.08037339150905609,
0.08804333955049515,11.995760917663574,0.15981841087341309,1.876016616821289,0.0851902961730957,11.35804271697998,634.8306274414062,1.610542813932421e+17,,3,,135.15518188476562,19699,0.09181514382362366,0.07331085205078125,
0.087668277323246,9.722434043884277,0.14649462699890137,1.714530110359192,0.08544301986694336,11.406634330749512,633.34130859375,1.614630592006062e+17,,3,,134.83811950683594,19749,0.11968216300010681,0.16370122134685516,
0.08893483877182007,15.162185668945312,0.1733846664428711,2.0388922691345215,0.08503866195678711,11.244187355041504,606.6763305664062,1.6187181982810112e+17,,3,,129.1611328125,19799,0.09825503081083298,0.07688018679618835,
0.0929674431681633,23.932506561279297,0.18834137916564941,2.199756145477295,0.08561921119689941,10.756453514099121,25.688953399658203,1.6228058045559603e+17,,3,,5.469167709350586,19849,0.09727925807237625,0.09471762180328369,
0.09904017299413681,25.96677017211914,0.1746814250946045,2.061295747756958,0.08474349975585938,10.096912384033203,123.2208251953125,1.6268935826296013e+17,,3,,26.23366355895996,19899,0.09103032946586609,0.07755514979362488,
0.08947693556547165,17.76401710510254,0.17325758934020996,2.0288825035095215,0.08539557456970215,11.176064491271973,626.2700805664062,1.6309811889045504e+17,,3,,133.3326416015625,19949,0.0987389087677002,0.08138465881347656,
0.09564422816038132,25.584630966186523,0.17570185661315918,2.0542190074920654,0.08553218841552734,10.455413818359375,20.787809371948242,1.6350689669781914e+17,,3,,4.425715923309326,19999,0.09331346303224564,0.0749986320734024,
,,,,,,,,1.6350689669781914e+17,3,,,19999,,,0.23358996212482452
0.09289315342903137,22.66437530517578,0.1835155487060547,2.1623716354370117,0.08486771583557129,10.765055656433105,617.797119140625,1.6391565732531405e+17,,3,,131.5287628173828,20049,0.11487658321857452,0.07956485450267792,
0.08593010157346725,0.6789225339889526,0.08786225318908691,1.0333397388458252,0.08502745628356934,11.637365341186523,634.3661499023438,1.6432441795280896e+17,,3,,135.05628967285156,20099,0.10053595155477524,0.07834544777870178,
0.08575586974620819,1.1343165636062622,0.0923006534576416,1.085417628288269,0.0850369930267334,11.661008834838867,622.8706665039062,1.6473319576017306e+17,,3,,132.60891723632812,20149,0.10660665482282639,0.13207896053791046,
0.09461081027984619,24.929027557373047,0.19497919082641602,2.288191795349121,0.08521103858947754,10.569616317749023,115.1137924194336,1.6514195638766797e+17,,3,,24.507678985595703,20199,0.12262579798698425,0.07565054297447205,
0.09104026108980179,20.148256301879883,0.17073941230773926,2.0063681602478027,0.0850987434387207,10.984151840209961,632.3477172851562,1.6555071701516288e+17,,3,,134.62657165527344,20249,0.10726841539144516,0.09329546988010406,
0.10020449012517929,31.510210037231445,0.19114017486572266,2.2455954551696777,0.08511781692504883,9.979593276977539,17.4495792388916,1.6595949482252698e+17,,3,,3.71500825881958,20299,0.11020469665527344,0.0771140307188034,
0.09288612008094788,21.154273986816406,0.18051981925964355,2.1094722747802734,0.08557581901550293,10.765871047973633,61.68675994873047,1.663682554500219e+17,,3,,13.133086204528809,20349,0.09903138130903244,0.09670835733413696,
0.09193024039268494,22.34379005432129,0.17666029930114746,2.0693588256835938,0.08536958694458008,10.877813339233398,584.7283325195312,1.66777033257386e+17,,3,,124.4884262084961,20399,0.08839382976293564,0.08540469408035278,
0.09389883279800415,23.9931583404541,0.18291878700256348,2.1365530490875244,0.08561396598815918,10.649760246276855,17.912691116333008,1.671857938848809e+17,,3,,3.8136045932769775,20449,0.11285728961229324,0.14599286019802094,
0.08838143199682236,9.32462215423584,0.1441516876220703,1.6908504962921143,0.08525395393371582,11.314594268798828,625.9284057617188,1.675945545123758e+17,,3,,133.25990295410156,20499,0.088345967233181,0.0676189512014389,
0.09270268678665161,19.7574405670166,0.188065767288208,2.1981897354125977,0.08555483818054199,10.787174224853516,26.879749298095703,1.680033323197399e+17,,3,,5.722687721252441,20549,0.09096404165029526,0.07698316872119904,
0.08675067871809006,1.8220659494400024,0.09369683265686035,1.0981630086898804,0.08532142639160156,11.527287483215332,629.7356567382812,1.684120929472348e+17,,3,,134.07046508789062,20599,0.12095186114311218,0.0832139104604721,
0.09027936309576035,20.126991271972656,0.1956789493560791,2.283745527267456,0.08568334579467773,11.076728820800781,637.0001831054688,1.688208707545989e+17,,3,,135.61708068847656,20649,0.09674161672592163,0.09082303941249847,
0.08636607229709625,1.157918095588684,0.09160399436950684,1.070174217224121,0.08559727668762207,11.578620910644531,18.2496395111084,1.6922963138209382e+17,,3,,3.885340690612793,20699,0.1377364844083786,0.07792225480079651,
0.08984822034835815,19.517316818237305,0.1791553497314453,2.1195995807647705,0.08452320098876953,11.129880905151367,110.53372192382812,1.6963839200958874e+17,,3,,23.53258514404297,20749,0.10409598052501678,0.10505984723567963,
0.08921070396900177,13.713448524475098,0.14934110641479492,1.7470059394836426,0.08548402786254883,11.209417343139648,645.0025024414062,1.7004716981695283e+17,,3,,137.32077026367188,20799,0.08223935961723328,0.06682783365249634,
0.09196746349334717,23.000356674194336,0.18474602699279785,2.164720058441162,0.08534407615661621,10.87341022491455,208.63575744628906,1.7045593044444774e+17,,3,,44.4184684753418,20849,0.09362371265888214,0.07097437977790833,
0.09236659854650497,21.21778106689453,0.17653799057006836,2.0754380226135254,0.08506059646606445,10.826424598693848,638.703369140625,1.7086469107194266e+17,,3,,135.9796905517578,20899,0.12920361757278442,0.07505114376544952,
0.09066856652498245,19.278350830078125,0.16899538040161133,1.9798555374145508,0.0853574275970459,11.029180526733398,14.956624984741211,1.7127346887930675e+17,,3,,3.1842594146728516,20949,0.10217148065567017,0.0764417052268982,
0.09199819713830948,18.418174743652344,0.16809606552124023,1.9616596698760986,0.08569073677062988,10.869778633117676,597.44384765625,1.7168222950680166e+17,,3,,127.19554901123047,20999,0.08316678553819656,0.06157280504703522,
0.09003276377916336,15.625024795532227,0.1716008186340332,2.007906198501587,0.08546257019042969,11.107068061828613,627.1723022460938,1.7209100731416576e+17,,3,,133.5247344970703,21049,0.10377445071935654,0.08054986596107483,
0.08900714665651321,12.46086597442627,0.16436004638671875,1.9206151962280273,0.08557677268981934,11.235053062438965,110.3382568359375,1.7249976794166067e+17,,3,,23.490970611572266,21099,0.11589215695858002,0.09453774988651276,
0.0941738486289978,25.499805450439453,0.19158124923706055,2.254857301712036,0.08496379852294922,10.618659019470215,641.5045166015625,1.729085285691556e+17,,3,,136.5760498046875,21149,0.09552180767059326,0.09273967146873474,
0.09002608805894852,17.84332847595215,0.17189598083496094,2.0224294662475586,0.08499479293823242,11.107891082763672,18.289569854736328,1.7331730637651968e+17,,3,,3.8938419818878174,21199,0.10119790583848953,0.09729643166065216,
0.0908002257347107,17.620357513427734,0.15949606895446777,1.866189956665039,0.08546614646911621,11.013188362121582,522.5006713867188,1.737260670040146e+17,,3,,111.24018096923828,21249,0.08862484246492386,0.07845649123191833,
0.10026438534259796,30.976219177246094,0.20553922653198242,2.401904582977295,0.08557343482971191,9.973631858825684,594.3326416015625,1.741348276315095e+17,,3,,126.5331802368164,21299,0.0946953147649765,0.0818735808134079,
0.09254736453294754,19.83843231201172,0.17144107818603516,2.00500226020813,0.08550667762756348,10.805277824401855,20.36170768737793,1.745436054388736e+17,,3,,4.3349995613098145,21349,0.11235368251800537,0.08015595376491547,
0.09197624027729034,19.536256790161133,0.1806955337524414,2.1270759105682373,0.08495020866394043,10.8723726272583,591.7879028320312,1.749523660663685e+17,,3,,125.99140167236328,21399,0.10033081471920013,0.08523643016815186,
0.09328344464302063,21.602245330810547,0.1859455108642578,2.177643060684204,0.0853884220123291,10.720015525817871,20.64252471923828,1.753611438737326e+17,,3,,4.394785404205322,21449,0.12031175941228867,0.08570608496665955,
0.08782003074884415,7.693645477294922,0.13448834419250488,1.5706111192703247,0.08562803268432617,11.386923789978027,123.01368713378906,1.7576990450122752e+17,,3,,26.189565658569336,21499,0.1287083774805069,0.26993951201438904,
0.09142771363258362,24.294841766357422,0.2198641300201416,2.5908215045928955,0.08486270904541016,10.937602043151855,640.4588623046875,1.7617866512872243e+17,,3,,136.35342407226562,21549,0.08645246922969818,0.09883962571620941,
0.0926382914185524,23.905254364013672,0.1723160743713379,2.0279409885406494,0.08497095108032227,10.794672012329102,15.651567459106445,1.7658744293608653e+17,,3,,3.332212209701538,21599,0.09543817490339279,0.0633482038974762,
0.09070901572704315,20.449228286743164,0.1826341152191162,2.1489310264587402,0.08498835563659668,11.024262428283691,384.2383117675781,1.7699620356358144e+17,,3,,81.80418395996094,21649,0.09519634395837784,0.0725293755531311,
0.09202291816473007,18.067697525024414,0.16275596618652344,1.9112584590911865,0.08515644073486328,10.86685848236084,556.9859008789062,1.7740498137094554e+17,,3,,118.58206939697266,21699,0.07858897745609283,0.06613783538341522,
0.09847196936607361,28.427886962890625,0.18476390838623047,2.1652138233184814,0.08533287048339844,10.155174255371094,77.8743667602539,1.7781374199844045e+17,,3,,16.57942008972168,21749,0.11084610223770142,0.06850326061248779,
0.09001614153385162,18.72648048400879,0.19222474098205566,2.254239320755005,0.08527255058288574,11.109118461608887,635.7224731445312,1.7822250262593536e+17,,3,,135.3450469970703,21799,0.09717278182506561,0.07606829702854156,
0.0971984788775444,25.634037017822266,0.17654752731323242,2.083474636077881,0.08473706245422363,10.288227081298828,30.66876792907715,1.7863128043329946e+17,,3,,6.5293684005737305,21849,0.10564424097537994,0.13695429265499115,
0.09774012863636017,27.809425354003906,0.18445873260498047,2.156233549118042,0.08554673194885254,10.23121166229248,131.18333435058594,1.7904004106079437e+17,,3,,27.928878784179688,21899,0.08937250822782516,0.0692724734544754,
0.09534687548875809,24.775482177734375,0.18331360816955566,2.1448919773101807,0.0854651927947998,10.488020896911621,564.308837890625,1.7944880168828928e+17,,3,,120.14112854003906,21949,0.09032444655895233,0.0773952305316925,
0.10007631778717041,29.625940322875977,0.1897716522216797,2.2298922538757324,0.08510351181030273,9.992374420166016,33.444313049316406,1.7985757949565338e+17,,3,,7.1202802658081055,21999,0.08538345992565155,0.07033422589302063,
0.1013876274228096,28.65625,0.19089674949645996,2.2296018600463867,0.08561921119689941,9.863136291503906,482.88555908203125,1.802663401231483e+17,,3,,102.80613708496094,22049,0.10034067928791046,0.09925270080566406,
0.09528740495443344,23.2401180267334,0.1700153350830078,2.0077991485595703,0.08467745780944824,10.494566917419434,44.447025299072266,1.806751179305124e+17,,3,,9.462753295898438,22099,0.1045428067445755,0.09569273889064789,
0.09428267180919647,23.44678497314453,0.17762231826782227,2.071268081665039,0.0857553482055664,10.606402397155762,71.27193450927734,1.810838785580073e+17,,3,,15.17376708984375,22149,0.10773751139640808,0.11263196170330048,
0.10154541581869125,30.630252838134766,0.19030094146728516,2.225226879119873,0.08551979064941406,9.847810745239258,517.1837158203125,1.814926391855022e+17,,3,,110.10820007324219,22199,0.09015769511461258,0.08377523720264435,
0.10556839406490326,32.646018981933594,0.19547343254089355,2.2977399826049805,0.08507204055786133,9.472532272338867,38.22366714477539,1.819014169928663e+17,,3,,8.137803077697754,22249,0.09840162843465805,0.08477075397968292,
0.09990044683218002,28.194738388061523,0.17596220970153809,2.076847791671753,0.08472561836242676,10.009964942932129,31.588415145874023,1.823101776203612e+17,,3,,6.725161075592041,22299,0.08727335929870605,0.08714787662029266,
0.10224515199661255,31.033912658691406,0.1973283290863037,2.311762809753418,0.0853583812713623,9.780414581298828,566.2337646484375,1.827189554277253e+17,,3,,120.55093383789062,22349,0.0901145488023758,0.08468972146511078,
0.09708139300346375,27.898412704467773,0.1862471103668213,2.18186354637146,0.08536148071289062,10.30063533782959,37.49021911621094,1.8312771605522022e+17,,3,,7.981652736663818,22399,0.08441707491874695,0.06606414914131165,
0.0953332781791687,22.74240493774414,0.17220783233642578,2.0120339393615723,0.08558893203735352,10.489517211914062,477.7049560546875,1.8353647668271514e+17,,3,,101.70319366455078,22449,0.1598702371120453,0.0803728848695755,
0.10328269749879837,33.31882095336914,0.19670653343200684,2.3207616806030273,0.08475947380065918,9.682164192199707,34.66542434692383,1.8394525449007923e+17,,3,,7.380254745483398,22499,0.09493596851825714,0.06702129542827606,
0.09662453830242157,23.88032341003418,0.18367409706115723,2.1433162689208984,0.08569622039794922,10.34933853149414,581.8429565429688,1.8435401511757414e+17,,3,,123.87413024902344,22549,0.10468670725822449,0.19304756820201874,
0.09978627413511276,29.339542388916016,0.18732833862304688,2.185575008392334,0.08571124076843262,10.021418571472168,633.1084594726562,1.8476277574506906e+17,,3,,134.7885284423828,22599,0.09809886664152145,0.06878475844860077,
0.09073949605226517,19.262664794921875,0.17571806907653809,2.055084705352783,0.08550405502319336,11.020559310913086,22.60433578491211,1.8517155355243315e+17,,3,,4.812453746795654,22649,0.09065856039524078,0.06294530630111694,
0.1025465577840805,29.832984924316406,0.18129658699035645,2.117422580718994,0.08562135696411133,9.751667976379395,626.8963623046875,1.8558031417992806e+17,,3,,133.4659881591797,22699,0.0944657027721405,0.0939919501543045,
0.09604713320732117,26.334348678588867,0.18814325332641602,2.2123568058013916,0.08504199981689453,10.411555290222168,43.36282730102539,1.8598909198729216e+17,,3,,9.231928825378418,22749,0.0801621526479721,0.07371276617050171,
0.09583574533462524,25.821327209472656,0.19001507759094238,2.227996349334717,0.08528518676757812,10.43451976776123,581.6039428710938,1.8639785261478707e+17,,3,,123.8232421875,22799,0.08470415323972702,0.06566958129405975,
0.10124853253364563,32.474212646484375,0.2037675380706787,2.383591651916504,0.08548760414123535,9.876686096191406,626.8624267578125,1.86806613242282e+17,,3,,133.45875549316406,22849,0.09506790339946747,0.07128837704658508,
0.09544355422258377,24.857481002807617,0.18241453170776367,2.153106212615967,0.08472156524658203,10.477396965026855,21.91455841064453,1.8721539104964608e+17,,3,,4.665600299835205,22899,0.09820373356342316,0.07259173691272736,
,,,,,,,1.87624151677141e+17,,4,,,22949,0.10428892076015472,0.06843239068984985,
0.09644929319620132,27.16482925415039,0.1820387840270996,3.730522394180298,0.0487971305847168,10.368142127990723,394.7355041503906,1.880329294845051e+17,,4,,84.03902435302734,22999,0.09403561800718307,0.07419423758983612,
0.08818402141332626,12.871581077575684,0.16730475425720215,1.9659907817840576,0.08509945869445801,11.339922904968262,637.4269409179688,1.88441690112e+17,,4,,135.7079315185547,23049,0.08716263622045517,0.0684165358543396,
0.0896269828081131,17.015596389770508,0.18515276908874512,2.1681110858917236,0.08539819717407227,11.157354354858398,23.41389274597168,1.888504507394949e+17,,4,,4.984807968139648,23099,0.10309399664402008,0.12063997983932495,
0.08881905674934387,17.03380012512207,0.19453048706054688,2.273391008377075,0.08556842803955078,11.258845329284668,627.4898681640625,1.89259228546859e+17,,4,,133.5923309326172,23149,0.1048884242773056,0.07691961526870728,
0.09057501703500748,21.55419921875,0.1752758026123047,2.0638039112091064,0.08492851257324219,11.040572166442871,245.1831512451172,1.8966798917435392e+17,,4,,52.19939041137695,23199,0.11031459271907806,0.08019153773784637,
0.09603775292634964,26.680540084838867,0.1987760066986084,2.341883659362793,0.08487868309020996,10.412571907043457,627.15283203125,1.9007674980184883e+17,,4,,133.5205841064453,23249,0.09368257224559784,0.0962992012500763,
0.09954339265823364,29.369836807250977,0.18295836448669434,2.135100841522217,0.08569073677062988,10.045869827270508,538.777099609375,1.9048552760921293e+17,,4,,114.70542907714844,23299,0.0785912275314331,0.07305549085140228,
0.10099603980779648,28.157527923583984,0.1843123435974121,2.15415620803833,0.08556127548217773,9.901378631591797,24.302732467651367,1.9089428823670784e+17,,4,,5.174041748046875,23349,0.10042073577642441,0.0739707499742508,
0.09831684082746506,28.82147789001465,0.1927778720855713,2.2606945037841797,0.08527374267578125,10.171196937561035,636.55322265625,1.9130306604407194e+17,,4,,135.5219268798828,23399,0.09988316148519516,0.0883474349975586,
0.09815359860658646,25.043777465820312,0.17423105239868164,2.0351624488830566,0.08561038970947266,10.188114166259766,530.8577880859375,1.9171182667156685e+17,,4,,113.0194091796875,23449,0.14968834817409515,0.0962890088558197,
0.09773340821266174,29.332571029663086,0.19548583030700684,2.2889177799224854,0.08540534973144531,10.231915473937988,81.0419692993164,1.9212058729906176e+17,,4,,17.253803253173828,23499,0.1110970675945282,0.09332732856273651,
0.09201612323522568,22.30651092529297,0.19221782684326172,2.2473156452178955,0.08553218841552734,10.867660522460938,566.9140625,1.9252936510642586e+17,,4,,120.6957778930664,23549,0.10673405230045319,0.07892382144927979,
0.09714605659246445,28.98787498474121,0.19211292266845703,2.2677459716796875,0.08471536636352539,10.293779373168945,27.16797637939453,1.9293812573392077e+17,,4,,5.784051418304443,23599,0.10061277449131012,0.07767938077449799,
0.09711302071809769,25.846511840820312,0.1794593334197998,2.1066055297851562,0.0851888656616211,10.297280311584473,543.6253662109375,1.9334690354128486e+17,,4,,115.73761749267578,23649,0.10177624970674515,0.06902801990509033,
0.0951266661286354,25.223386764526367,0.1876087188720703,2.19242000579834,0.0855715274810791,10.512299537658691,627.3117065429688,1.9375566416877978e+17,,4,,133.5543975830078,23699,0.0886436477303505,0.0636875331401825,
0.09331507980823517,24.22153663635254,0.1805124282836914,2.1239070892333984,0.0849907398223877,10.716382026672363,24.576601028442383,1.941644247962747e+17,,4,,5.232348442077637,23749,0.10503135621547699,0.07382838428020477,
0.09581688791513443,27.063024520874023,0.19878792762756348,2.322239875793457,0.085601806640625,10.436573028564453,587.9308471679688,1.945732026036388e+17,,4,,125.17023468017578,23799,0.09802240133285522,0.08179919421672821,
0.09626200050115585,24.79572296142578,0.1748199462890625,2.0441362857818604,0.08552265167236328,10.388315200805664,33.993736267089844,1.949819632311337e+17,,4,,7.237252712249756,23849,0.11951031535863876,0.10500314831733704,
0.0907013863325119,17.400484085083008,0.1647171974182129,1.932909369468689,0.08521723747253418,11.025190353393555,629.0084228515625,1.953907238586286e+17,,4,,133.9156494140625,23899,0.09327518194913864,0.08165179193019867,
0.08787229657173157,12.79677677154541,0.16632580757141113,1.946807622909546,0.08543515205383301,11.38015079498291,635.503173828125,1.957995016659927e+17,,4,,135.29837036132812,23949,0.09588247537612915,0.07990559935569763,
0.0959012508392334,26.37589454650879,0.18116259574890137,2.1236989498138428,0.08530521392822266,10.427392959594727,23.701974868774414,1.962082622934876e+17,,4,,5.046140670776367,23999,0.09705055505037308,0.07291828095912933,
,,,,,,,,1.962082622934876e+17,4,,,23999,,,0.2853802442550659
0.08606871962547302,1.2991772890090942,0.08929085731506348,1.056215763092041,0.08453845977783203,11.618623733520508,610.8590087890625,1.966170401008517e+17,,4,,130.0516357421875,24049,0.08488699793815613,0.06444939970970154,
0.08685710281133652,1.306965947151184,0.09069705009460449,1.0622118711471558,0.08538508415222168,11.513162612915039,628.8771362304688,1.9702580072834662e+17,,4,,133.8876953125,24099,0.09472795575857162,0.07369460165500641,
0.08946610987186432,18.622638702392578,0.1720728874206543,2.0268988609313965,0.08489465713500977,11.177416801452637,23.922910690307617,1.9743456135584154e+17,,4,,5.093177795410156,24149,0.08864471316337585,0.0647764801979065,
0.1021597608923912,27.153356552124023,0.18287205696105957,2.134758949279785,0.08566403388977051,9.788589477539062,593.9352416992188,1.9784333916320563e+17,,4,,126.44857788085938,24199,0.10176631063222885,0.09173239767551422,
0.09110036492347717,19.777563095092773,0.1712801456451416,2.0080080032348633,0.08529853820800781,10.976903915405273,382.8975524902344,1.9825209979070054e+17,,4,,81.51873016357422,24249,0.10111994296312332,0.10197460651397705,
0.09437926858663559,23.839479446411133,0.16853046417236328,1.9892051219940186,0.08472251892089844,10.595547676086426,32.23493576049805,1.9866087759806464e+17,,4,,6.862804889678955,24299,0.08906473964452744,0.07204562425613403,
0.09147927910089493,17.986970901489258,0.16289615631103516,1.916338562965393,0.08500385284423828,10.931437492370605,125.22174835205078,1.9906963822555955e+17,,4,,26.659658432006836,24349,0.10582710802555084,0.08933325111865997,
0.0939234048128128,24.837177276611328,0.18519830703735352,2.162425994873047,0.08564376831054688,10.646973609924316,38.61736297607422,1.9947839885305446e+17,,4,,8.2216215133667,24399,0.10868483036756516,0.08026087284088135,
0.0936913788318634,21.56428337097168,0.1785891056060791,2.0968949794769287,0.08516836166381836,10.67333984375,111.83497619628906,1.9988717666041856e+17,,4,,23.809621810913086,24449,0.11279814690351486,0.15269231796264648,
0.08901864290237427,17.587322235107422,0.1671302318572998,1.9663363695144653,0.08499574661254883,11.233601570129395,639.2371826171875,2.0029593728791347e+17,,4,,136.0933380126953,24499,0.09490237385034561,0.06914360821247101,
0.09821061789989471,28.043521881103516,0.17872238159179688,2.1030163764953613,0.08498382568359375,10.182198524475098,18.381206512451172,2.007046979154084e+17,,4,,3.91335129737854,24549,0.08010262250900269,0.07190601527690887,
0.09630854427814484,26.319276809692383,0.18770909309387207,2.20552659034729,0.08510851860046387,10.383294105529785,585.2239990234375,2.0111347572277248e+17,,4,,124.59394836425781,24599,0.10330574214458466,0.09349247813224792,
0.09510333836078644,25.282400131225586,0.18743062019348145,2.2035200595855713,0.08505964279174805,10.514878273010254,140.49501037597656,2.015222363502674e+17,,4,,29.911331176757812,24649,0.0917775109410286,0.07172614336013794,
0.10126026719808578,28.145030975341797,0.17873120307922363,2.0881001949310303,0.08559513092041016,9.875541687011719,49.73445510864258,2.019310141576315e+17,,4,,10.588444709777832,24699,0.09370367974042892,0.07968701422214508,
0.08929617702960968,16.230831146240234,0.1632707118988037,1.9171314239501953,0.08516407012939453,11.198688507080078,630.41162109375,2.023397747851264e+17,,4,,134.21438598632812,24749,0.10565507411956787,0.07442215085029602,
0.09601615369319916,24.70426368713379,0.17081260681152344,2.0070314407348633,0.08510708808898926,10.41491413116455,25.809833526611328,2.027485354126213e+17,,4,,5.494903087615967,24799,0.10442556440830231,0.07021506130695343,
0.09454678744077682,23.690217971801758,0.1769111156463623,2.075479030609131,0.08523869514465332,10.576773643493652,615.4326171875,2.031573132199854e+17,,4,,131.0253448486328,24849,0.12814933061599731,0.13363145291805267,
0.10181642323732376,30.842439651489258,0.19118928909301758,2.23061466217041,0.08571147918701172,9.821598052978516,556.0942993164062,2.0356607384748032e+17,,4,,118.39225006103516,24899,0.10091380029916763,0.08331146836280823,
0.10451672971248627,31.209463119506836,0.19736909866333008,2.3111042976379395,0.08540034294128418,9.567846298217773,39.26212692260742,2.039748516548444e+17,,4,,8.358890533447266,24949,0.09028465300798416,0.0781768262386322,
0.1076478511095047,31.008440017700195,0.18680500984191895,2.196608304977417,0.08504247665405273,9.289548873901367,484.40753173828125,2.0438361228233933e+17,,4,,103.13016510009766,24999,0.11254014819860458,0.09016697108745575,
0.09781450033187866,25.737340927124023,0.17744708061218262,2.0832643508911133,0.08517742156982422,10.223433494567871,39.925575256347656,2.0479237290983424e+17,,4,,8.500139236450195,25049,0.10899890214204788,0.13366453349590302,
0.10700041800737381,29.14608383178711,0.17835402488708496,2.1033496856689453,0.08479523658752441,9.345757484436035,509.1648254394531,2.0520115071719834e+17,,4,,108.4009780883789,25099,0.08475571870803833,0.08174903690814972,
0.10325076431035995,28.690122604370117,0.19031882286071777,2.2244250774383545,0.08555865287780762,9.685158729553223,444.2892150878906,2.0560991134469325e+17,,4,,94.58899688720703,25149,0.0954558253288269,0.09877689182758331,
0.10000351816415787,29.064626693725586,0.18649768829345703,2.193437337875366,0.08502531051635742,9.999648094177246,61.1285400390625,2.0601867197218816e+17,,4,,13.014241218566895,25199,0.0966477245092392,0.0892215222120285,
0.10069402307271957,30.949546813964844,0.1898963451385498,2.2187886238098145,0.0855855941772461,9.931076049804688,634.823974609375,2.0642744977955226e+17,,4,,135.15377807617188,25249,0.13446751236915588,0.18936245143413544,
0.10065614432096481,29.798898696899414,0.1833798885345459,2.1474287509918213,0.08539509773254395,9.934812545776367,28.793163299560547,2.0683621040704717e+17,,4,,6.1300530433654785,25299,0.10265561938285828,0.1026102751493454,
0.10333600640296936,25.48527717590332,0.16893458366394043,1.9727349281311035,0.08563470840454102,9.677168846130371,302.5146789550781,2.0724498821441126e+17,,4,,64.4052505493164,25349,0.09900617599487305,0.08111128211021423,
0.09254585951566696,20.68376922607422,0.18067193031311035,2.1291582584381104,0.08485603332519531,10.80545425415039,579.5332641601562,2.0765374884190618e+17,,4,,123.38239288330078,25399,0.09646549820899963,0.10091666877269745,
0.09921730309724808,30.2210693359375,0.20380926132202148,2.3923797607421875,0.08519101142883301,10.078886985778809,27.365184783935547,2.080625094694011e+17,,4,,5.8260369300842285,25449,0.08699605613946915,0.06559896469116211,
0.10040100663900375,28.11773681640625,0.19569802284240723,2.2891147136688232,0.08549070358276367,9.96005916595459,224.057861328125,2.084712872767652e+17,,4,,47.70182800292969,25499,0.08687525987625122,0.07416386902332306,
0.09698521345853806,25.665557861328125,0.18568897247314453,2.173679828643799,0.08542609214782715,10.310850143432617,19.07825469970703,2.088800479042601e+17,,4,,4.0617523193359375,25549,0.08192870020866394,0.05772565305233002,
0.09267213195562363,20.63633155822754,0.1725766658782959,2.0201473236083984,0.08542776107788086,10.790730476379395,624.824462890625,2.09288808531755e+17,,4,,133.02487182617188,25599,0.09072978794574738,0.06323085725307465,
0.09218756854534149,24.639989852905273,0.198652982711792,2.3304059505462646,0.08524394035339355,10.84744930267334,627.6583251953125,2.096975863391191e+17,,4,,133.62818908691406,25649,0.09673880785703659,0.08784183859825134,
0.0973670706152916,29.64354133605957,0.19684076309204102,2.2932465076446533,0.08583498001098633,10.27041244506836,21.803829193115234,2.10106346966614e+17,,4,,4.642026424407959,25699,0.09946918487548828,0.06204085052013397,
0.08813247829675674,14.089888572692871,0.17493581771850586,2.049971580505371,0.08533573150634766,11.34655475616455,158.20773315429688,2.105151247739781e+17,,4,,33.6823616027832,25749,0.09134777635335922,0.06359779834747314,
0.09300682693719864,22.319751739501953,0.17474627494812012,2.033106565475464,0.08595037460327148,10.751898765563965,515.2026977539062,2.1092388540147302e+17,,4,,109.68644714355469,25799,0.09025481343269348,0.0788760632276535,
0.09307181090116501,24.360881805419922,0.1897563934326172,2.2253177165985107,0.08527159690856934,10.744392395019531,182.44139099121094,2.1133264602896794e+17,,4,,38.841697692871094,25849,0.08937080949544907,0.07231998443603516,
0.10054856538772583,29.228906631469727,0.1838088035583496,2.14896559715271,0.08553361892700195,9.945443153381348,582.7720336914062,2.1174142383633203e+17,,4,,124.0719223022461,25899,0.10886213183403015,0.07757224142551422,
0.09855610132217407,28.132450103759766,0.18170404434204102,2.125999689102173,0.08546757698059082,10.146505355834961,31.458179473876953,2.1215018446382694e+17,,4,,6.697433948516846,25949,0.12089131772518158,0.08536683022975922,
0.09531396627426147,25.780696868896484,0.20416545867919922,2.3946242332458496,0.08525991439819336,10.491641998291016,381.7796936035156,2.1255896227119104e+17,,4,,81.28074645996094,25999,0.09604095667600632,0.07220670580863953,
0.09604285657405853,26.10448455810547,0.18094801902770996,2.124044895172119,0.0851902961730957,10.412018775939941,486.05572509765625,2.1296772289868595e+17,,4,,103.48106384277344,26049,0.1290900558233261,0.07354111969470978,
0.08951818943023682,13.148365020751953,0.14960408210754395,1.759149193763733,0.08504343032836914,11.170913696289062,632.449462890625,2.1337648352618086e+17,,4,,134.6482391357422,26099,0.09131351858377457,0.06649716198444366,
0.09969137609004974,29.140228271484375,0.1832883358001709,2.1418538093566895,0.08557462692260742,10.03095817565918,433.0772705078125,2.1378526133354496e+17,,4,,92.20197296142578,26149,0.0882158875465393,0.06417515873908997,
0.1030927374958992,28.071916580200195,0.1776273250579834,2.0718045234680176,0.08573555946350098,9.700004577636719,20.800527572631836,2.1419402196103987e+17,,4,,4.428423881530762,26199,0.08880247175693512,0.07352441549301147,
0.09782931953668594,30.80246353149414,0.24178647994995117,2.823998212814331,0.08561849594116211,10.221883773803711,566.6621704101562,2.146027825885348e+17,,4,,120.64214324951172,26249,0.10440251976251602,0.09638577699661255,
0.0921115055680275,23.32904052734375,0.18135404586791992,2.1198408603668213,0.08555078506469727,10.856407165527344,559.7100830078125,2.1501156039589888e+17,,4,,119.16205596923828,26299,0.08705361932516098,0.06233750283718109,
0.09633883833885193,23.43988609313965,0.17544960975646973,2.053227424621582,0.08545064926147461,10.380029678344727,20.42375946044922,2.154203210233938e+17,,4,,4.348210334777832,26349,0.08702187240123749,0.0655880719423294,
0.09417329728603363,22.7628116607666,0.16925787925720215,1.997341275215149,0.08474159240722656,10.618721008300781,631.0870361328125,2.158290988307579e+17,,4,,134.35816955566406,26399,0.09164170175790787,0.07783117890357971,
0.093892902135849,25.225460052490234,0.19533324241638184,2.2926225662231445,0.08520078659057617,10.650432586669922,24.87456512451172,2.162378594582528e+17,,4,,5.295784950256348,26449,0.0926607996225357,0.06713534891605377,
0.08955039083957672,15.487589836120605,0.17100024223327637,1.996084213256836,0.08566784858703613,11.16689682006836,512.11962890625,2.166466200857477e+17,,4,,109.03006744384766,26499,0.08302441239356995,0.07332544028759003,
0.09124987572431564,18.158382415771484,0.17444610595703125,2.0425779819488525,0.08540487289428711,10.958918571472168,321.7467041015625,2.170553978931118e+17,,4,,68.49974060058594,26549,0.08949299156665802,0.06426626443862915,
0.09420588612556458,24.64811134338379,0.18518829345703125,2.179008722305298,0.08498740196228027,10.615047454833984,23.92023277282715,2.1746415852060672e+17,,4,,5.092607498168945,26599,0.120140440762043,0.09760445356369019,
0.0929064080119133,22.55803871154785,0.1761782169342041,2.069416046142578,0.08513426780700684,10.763520240783691,580.2337646484375,2.178729363279708e+17,,4,,123.53153228759766,26649,0.10010269284248352,0.0699278861284256,
0.09402061253786087,22.200267791748047,0.16794514656066895,1.9781825542449951,0.08489871025085449,10.635966300964355,204.83729553222656,2.1828169695546573e+17,,4,,43.60977554321289,26699,0.10742727667093277,0.09407316148281097,
0.0951332300901413,25.79864501953125,0.19212627410888672,2.253204345703125,0.08526802062988281,10.511573791503906,66.40570068359375,2.1869045758296064e+17,,4,,14.13774585723877,26749,0.09771812707185745,0.07191212475299835,
0.10066542029380798,32.34931564331055,0.21622252464294434,2.5384035110473633,0.08518052101135254,9.933897972106934,552.6510009765625,2.1909923539032474e+17,,4,,117.65917205810547,26799,0.14499425888061523,0.32193291187286377,
0.09680481255054474,25.71114730834961,0.19033050537109375,2.2244439125061035,0.08556318283081055,10.33006477355957,20.987722396850586,2.1950799601781965e+17,,4,,4.468277454376221,26849,0.11060575395822525,0.09840063750743866,
0.10747957974672318,31.774154663085938,0.19695782661437988,2.318073034286499,0.08496618270874023,9.304092407226562,412.3274230957031,2.1991675664531456e+17,,4,,87.78433990478516,26899,0.13856686651706696,0.19175800681114197,
0.1017412394285202,26.733409881591797,0.17777323722839355,2.0906102657318115,0.08503413200378418,9.828855514526367,342.25408935546875,2.2032553445267866e+17,,4,,72.86575317382812,26949,0.09243756532669067,0.07163237035274506,
0.10768455266952515,30.522483825683594,0.2060098648071289,2.42029070854187,0.08511781692504883,9.286383628845215,54.249298095703125,2.2073429508017357e+17,,4,,11.549654006958008,26999,0.0965852290391922,0.08407270908355713,
0.09880419075489044,27.13344383239746,0.18151593208312988,2.110856056213379,0.08599162101745605,10.121027946472168,513.9287109375,2.2114307288753766e+17,,4,,109.41521453857422,27049,0.1014542207121849,0.06358829140663147,
0.11410325765609741,32.29988479614258,0.19038796424865723,2.2273621559143066,0.08547687530517578,8.763991355895996,22.203960418701172,2.2155183351503258e+17,,4,,4.727214336395264,27099,0.09011118113994598,0.06696362793445587,
0.09846988320350647,30.71211814880371,0.20337939262390137,2.3942220211029053,0.0849459171295166,10.155389785766602,528.71826171875,2.219605941425275e+17,,4,,112.56391143798828,27149,0.08596096932888031,0.0611405074596405,
0.1040911078453064,30.346576690673828,0.1863102912902832,2.188833475112915,0.08511853218078613,9.606968879699707,557.8466186523438,2.223693719498916e+17,,4,,118.76531982421875,27199,0.08767818659543991,0.07632385194301605,
0.08883919566869736,14.606486320495605,0.15786147117614746,1.865686297416687,0.08461308479309082,11.256293296813965,19.968475341796875,2.227781325773865e+17,,4,,4.251280307769775,27249,0.11863606423139572,0.0741359144449234,
0.09483011066913605,26.840635299682617,0.2142937183380127,2.512770652770996,0.0852818489074707,10.545174598693848,590.6829833984375,2.231869103847506e+17,,4,,125.75616455078125,27299,0.12565042078495026,0.09279248118400574,
0.09114271402359009,21.297426223754883,0.173081636428833,2.0471348762512207,0.0845482349395752,10.97180461883545,131.8780975341797,2.235956710122455e+17,,4,,28.076793670654297,27349,0.093223936855793,0.08303114771842957,
0.09014423191547394,18.430238723754883,0.1759343147277832,2.069373369216919,0.08501815795898438,11.09333324432373,521.4594116210938,2.240044316397404e+17,,4,,111.01849365234375,27399,0.1380312144756317,0.0922461748123169,
0.09357137978076935,24.467496871948242,0.18221282958984375,2.1480658054351807,0.08482646942138672,10.687027931213379,522.9069213867188,2.244132094471045e+17,,4,,111.32666778564453,27449,0.08934316784143448,0.07369063794612885,
0.09536262601613998,25.996540069580078,0.19182038307189941,2.2515432834625244,0.08519506454467773,10.486288070678711,22.68254280090332,2.2482197007459942e+17,,4,,4.829103946685791,27499,0.08161266893148422,0.06900371611118317,
0.09673354774713516,26.697677612304688,0.18313097953796387,2.1335654258728027,0.08583331108093262,10.337675094604492,613.8775634765625,2.2523073070209434e+17,,4,,130.69427490234375,27549,0.16421331465244293,0.09158828854560852,
0.10546684265136719,31.47856330871582,0.19108128547668457,2.2396340370178223,0.08531808853149414,9.481653213500977,533.03466796875,2.2563950850945843e+17,,4,,113.48286437988281,27599,0.0946083813905716,0.07651376724243164,
0.09581641107797623,25.1495361328125,0.18941712379455566,2.217637300491333,0.08541393280029297,10.436625480651855,582.3005981445312,2.2604826913695334e+17,,4,,123.97156524658203,27649,0.09244751185178757,0.09711746871471405,
0.09660058468580246,26.926856994628906,0.19001102447509766,2.2267038822174072,0.08533287048339844,10.351903915405273,627.7111206054688,2.2645704694431744e+17,,4,,133.6394500732422,27699,0.11109861731529236,0.06926952302455902,
0.09731486439704895,28.7276668548584,0.18799352645874023,2.209017038345337,0.08510279655456543,10.275921821594238,23.872379302978516,2.2686580757181235e+17,,4,,5.0824198722839355,27749,0.11907051503658295,0.07808618247509003,
0.09818241000175476,29.255706787109375,0.19254231452941895,2.250889778137207,0.0855405330657959,10.185123443603516,530.9320068359375,2.2727456819930726e+17,,4,,113.03520965576172,27799,0.09089247137308121,0.06546492874622345,
0.09651295840740204,26.5131893157959,0.1719653606414795,2.0092289447784424,0.08558773994445801,10.361302375793457,567.15087890625,2.2768334600667136e+17,,4,,120.7461929321289,27849,0.10206837207078934,0.07760556042194366,
0.1016826406121254,31.456132888793945,0.2001361846923828,2.339097738265991,0.08556127548217773,9.83452033996582,31.893768310546875,2.2809210663416627e+17,,4,,6.790170192718506,27899,0.09142866730690002,0.07070085406303406,
0.09542056918144226,27.24471664428711,0.19029688835144043,2.2284412384033203,0.08539462089538574,10.479921340942383,564.2974853515625,2.2850088444153037e+17,,4,,120.13870239257812,27949,0.09910326451063156,0.07723139226436615,
0.10491405427455902,31.592548370361328,0.18519806861877441,2.1679575443267822,0.08542513847351074,9.531611442565918,18.60460090637207,2.2890964506902528e+17,,4,,3.960911989212036,27999,0.09409177303314209,0.06164965033531189,
,,,,,,,,2.2890964506902528e+17,4,,,27999,,,0.27942031621932983
0.0858110785484314,1.5641916990280151,0.09397125244140625,1.112044095993042,0.084503173828125,11.6535062789917,593.0381469726562,2.293184056965202e+17,,4,,126.25758361816406,28049,0.09686333686113358,0.08092445135116577,
0.08635630458593369,0.8611139059066772,0.0888521671295166,1.0392848253250122,0.08549356460571289,11.579931259155273,620.8352661132812,2.297271835038843e+17,,4,,132.1755828857422,28099,0.1101674735546112,0.07205991446971893,
0.09253980219364166,22.053186416625977,0.17095732688903809,2.003204345703125,0.0853419303894043,10.806160926818848,20.159433364868164,2.301359441313792e+17,,4,,4.291934967041016,28149,0.10271374136209488,0.08111310005187988,
0.0934208333492279,19.733442306518555,0.16471099853515625,1.933280110359192,0.08519768714904785,10.70425033569336,607.3031616210938,2.305447047588741e+17,,4,,129.29458618164062,28199,0.08650503307580948,0.08343949913978577,
0.09337877482175827,23.773950576782227,0.1892869472503662,2.214191198348999,0.08548808097839355,10.709071159362793,628.7105712890625,2.309534825662382e+17,,4,,133.8522186279297,28249,0.09569291025400162,0.08475381135940552,
0.09734152257442474,27.335132598876953,0.18462228775024414,2.163832187652588,0.08532190322875977,10.27310848236084,50.48491287231445,2.3136224319373312e+17,,4,,10.74821662902832,28299,0.09286914020776749,0.07114234566688538,
0.09298970550298691,22.84126853942871,0.1713542938232422,2.0100796222686768,0.08524751663208008,10.753878593444824,615.4888916015625,2.317710210010972e+17,,4,,131.03733825683594,28349,0.10925715416669846,0.07261241972446442,
0.0904790461063385,18.388080596923828,0.177351713180542,2.0701441764831543,0.08567118644714355,11.052282333374023,27.66053581237793,2.3217978162859213e+17,,4,,5.888916969299316,28399,0.08829161524772644,0.07948330044746399,
0.0960216298699379,26.39208984375,0.1830582618713379,2.147902250289917,0.08522653579711914,10.41431999206543,580.0852661132812,2.3258854225608704e+17,,4,,123.49992370605469,28449,0.09552795439958572,0.0843498557806015,
0.09001371264457703,18.95254135131836,0.18378686904907227,2.1505913734436035,0.08545875549316406,11.109417915344238,645.1937866210938,2.3299732006345114e+17,,4,,137.3614959716797,28499,0.08821325749158859,0.062130361795425415,
0.09540334343910217,27.544031143188477,0.20206046104431152,2.3709959983825684,0.08522176742553711,10.481812477111816,19.915319442749023,2.3340608069094605e+17,,4,,4.239963531494141,28549,0.13185863196849823,0.0768316239118576,
0.08882737904787064,12.693463325500488,0.16676688194274902,1.9644254446029663,0.08489346504211426,11.257789611816406,629.4051513671875,2.3381485849831014e+17,,4,,134.00010681152344,28599,0.11581476777791977,0.06807069480419159,
0.09050735086202621,18.98353385925293,0.185136079788208,2.181907892227173,0.08485054969787598,11.048826217651367,26.244096755981445,2.3422361912580506e+17,,4,,5.587357521057129,28649,0.0879935547709465,0.07387968897819519,
,,,,,,13.606720924377441,2.3463237975329997e+17,,5,,1.9422792196273804,28699,0.12048230320215225,0.10262182354927063,
0.09386586397886276,24.648279190063477,0.17575788497924805,3.936213731765747,0.04465150833129883,10.6535005569458,627.4669799804688,2.3504115756066406e+17,,5,,133.58746337890625,28749,0.08131756633520126,0.06131117045879364,
0.09079586714506149,21.017786026000977,0.19512224197387695,2.2934768199920654,0.08507704734802246,11.013716697692871,19.84486961364746,2.3544991818815898e+17,,5,,4.224964618682861,28799,0.10789892077445984,0.11772941052913666,
0.08679641038179398,1.031775712966919,0.08965849876403809,1.050788164138794,0.08532500267028809,11.521214485168457,642.0062255859375,2.358586788156539e+17,,5,,136.682861328125,28849,0.0914333164691925,0.0710517019033432,
0.08838671445846558,12.832513809204102,0.16710710525512695,1.9520902633666992,0.08560419082641602,11.31391716003418,631.3601684570312,2.36267456623018e+17,,5,,134.41632080078125,28899,0.09354385733604431,0.06830547749996185,
0.08866225183010101,13.907425880432129,0.17390775680541992,2.028973340988159,0.08571219444274902,11.278757095336914,21.85352325439453,2.366762172505129e+17,,5,,4.652606010437012,28949,0.09725312888622284,0.07215441763401031,
0.0923110842704773,22.257951736450195,0.168198823928833,1.9700173139572144,0.08537936210632324,10.832935333251953,631.0274047851562,2.37084995057877e+17,,5,,134.34547424316406,28999,0.09091121703386307,0.07428251206874847,
0.09099654853343964,19.460233688354492,0.16338706016540527,1.915665864944458,0.08528995513916016,10.98942756652832,27.505887985229492,2.374937556853719e+17,,5,,5.855992317199707,29049,0.08786258101463318,0.07678055763244629,
0.09553027898073196,21.85508155822754,0.17075347900390625,2.002891778945923,0.08525347709655762,10.46788501739502,162.1058349609375,2.379025163128668e+17,,5,,34.512264251708984,29099,0.11553306877613068,0.15335796773433685,
0.09009295701980591,16.04035186767578,0.1509556770324707,1.7718383073806763,0.08519721031188965,11.099647521972656,590.9873657226562,2.383112941202309e+17,,5,,125.82097625732422,29149,0.10204898566007614,0.09614980220794678,
0.09906982630491257,28.77191734313965,0.18499302864074707,2.1782326698303223,0.08492803573608398,10.093891143798828,28.289348602294922,2.3872005474772582e+17,,5,,6.022790908813477,29199,0.11670102179050446,0.17495490610599518,
0.0949762836098671,24.08685302734375,0.17369437217712402,2.0394294261932373,0.08516812324523926,10.52894401550293,633.5252075195312,2.3912883255508992e+17,,5,,134.87725830078125,29249,0.08996554464101791,0.07346023619174957,
0.0935276672244072,24.81378746032715,0.1853933334350586,2.168379306793213,0.08549857139587402,10.692023277282715,559.4052124023438,2.3953759318258483e+17,,5,,119.0971450805664,29299,0.14855758845806122,0.1954497992992401,
0.09766016155481339,28.50120735168457,0.20552825927734375,2.4100353717803955,0.08528017997741699,10.23958969116211,576.8765869140625,2.3994635381007974e+17,,5,,122.8167953491211,29349,0.09377578645944595,0.07470361888408661,
0.0978231355547905,27.105371475219727,0.1724224090576172,2.0171988010406494,0.08547616004943848,10.222530364990234,605.2509765625,2.4035513161744384e+17,,5,,128.85768127441406,29399,0.08827454596757889,0.06470412015914917,
0.10371147841215134,29.688701629638672,0.186553955078125,2.18019700050354,0.08556747436523438,9.642133712768555,26.080005645751953,2.4076389224493875e+17,,5,,5.552422523498535,29449,0.13254345953464508,0.06972053647041321,
0.09858933836221695,30.305368423461914,0.19541382789611816,2.2903637886047363,0.08531999588012695,10.143084526062012,627.1386108398438,2.4117265287243366e+17,,5,,133.51756286621094,29499,0.09917055815458298,0.06505376100540161,
0.10195910185575485,24.20104217529297,0.1601264476776123,1.8797639608383179,0.08518433570861816,9.807853698730469,517.08447265625,2.4158143067979776e+17,,5,,110.08707427978516,29549,0.11251243203878403,0.11611363291740417,
0.10554283857345581,29.694198608398438,0.1952660083770752,2.2837300300598145,0.08550310134887695,9.474825859069824,565.5038452148438,2.4199019130729267e+17,,5,,120.39553833007812,29599,0.09401261061429977,0.06987941265106201,
0.10946734249591827,32.172977447509766,0.19696426391601562,2.3001222610473633,0.0856320858001709,9.135144233703613,514.2521362304688,2.4239896911465677e+17,,5,,109.48407745361328,29649,0.09563355892896652,0.0817926824092865,
0.10319927334785461,30.78001594543457,0.19410467147827148,2.2687432765960693,0.0855560302734375,9.689990043640137,28.302066802978516,2.4280772974215168e+17,,5,,6.025498390197754,29699,0.1026553139090538,0.08458127081394196,
0.10924609005451202,37.93630599975586,0.23135018348693848,2.7110512256622314,0.08533596992492676,9.153645515441895,523.6327514648438,2.432164903696466e+17,,5,,111.481201171875,29749,0.09477996081113815,0.08594241738319397,
0.10114666074514389,29.3984375,0.19226956367492676,2.2499775886535645,0.08545398712158203,9.88663387298584,641.7037353515625,2.436252681770107e+17,,5,,136.61846923828125,29799,0.09997259825468063,0.0907275527715683,
0.09219837188720703,20.446584701538086,0.17215585708618164,2.018742799758911,0.08527874946594238,10.84617805480957,25.12115478515625,2.440340288045056e+17,,5,,5.348283290863037,29849,0.10242535918951035,0.06805698573589325,
0.09542427211999893,27.936872482299805,0.2121906280517578,2.4781267642974854,0.08562541007995605,10.479514122009277,504.32916259765625,2.444428066118697e+17,,5,,107.37147521972656,29899,0.09921155124902725,0.06279021501541138,
0.0990004613995552,27.918563842773438,0.19550156593322754,2.297130823135376,0.08510684967041016,10.10096263885498,26.531370162963867,2.448515672393646e+17,,5,,5.648518085479736,29949,0.10266397893428802,0.09361712634563446,
0.10109605640172958,30.51551055908203,0.1847221851348877,2.1731646060943604,0.08500146865844727,9.891583442687988,576.5925903320312,2.4526032786685952e+17,,5,,122.75633239746094,29999,0.0965638980269432,0.07716459035873413,
0.09512939304113388,25.670743942260742,0.1848769187927246,2.1577422618865967,0.08568072319030762,10.511998176574707,561.1648559570312,2.456691056742236e+17,,5,,119.47177124023438,30049,0.10196924209594727,0.10296232998371124,
0.09949392825365067,30.401411056518555,0.189011812210083,2.212120294570923,0.08544373512268066,10.050864219665527,24.781949996948242,2.4607786630171853e+17,,5,,5.27606725692749,30099,0.09054139256477356,0.08354483544826508,
0.09399916976690292,24.079374313354492,0.1775674819946289,2.0845494270324707,0.08518266677856445,10.638391494750977,623.5924072265625,2.4648662692921344e+17,,5,,132.7625732421875,30149,0.0912923738360405,0.07602879405021667,
0.09477932751178741,25.2708740234375,0.19213461875915527,2.245253801345825,0.08557367324829102,10.550824165344238,466.1363830566406,2.4689540473657754e+17,,5,,99.24024963378906,30199,0.09499010443687439,0.0739629864692688,
0.09963927417993546,29.089122772216797,0.19681882858276367,2.3136327266693115,0.08506917953491211,10.036202430725098,576.9717407226562,2.4730416536407245e+17,,5,,122.83704376220703,30249,0.09912778437137604,0.08936113119125366,
0.09333217889070511,20.528539657592773,0.16191887855529785,1.893165111541748,0.08552813529968262,10.714418411254883,635.5358276367188,2.4771294317143654e+17,,5,,135.30531311035156,30299,0.09472554177045822,0.07833175361156464,
0.09175339341163635,18.411733627319336,0.17130827903747559,1.9999916553497314,0.08565449714660645,10.898778915405273,22.770801544189453,2.4812170379893146e+17,,5,,4.847894668579102,30349,0.10589644312858582,0.08730277419090271,
0.09752602875232697,27.61848258972168,0.20456647872924805,2.389458656311035,0.08561205863952637,10.25367259979248,500.3052978515625,2.4853046442642637e+17,,5,,106.5147933959961,30399,0.11244605481624603,0.06418885290622711,
0.10028684139251709,27.354736328125,0.19991683959960938,2.3364298343658447,0.08556509017944336,9.97139835357666,579.2598876953125,2.4893924223379046e+17,,5,,123.3241958618164,30449,0.08163313567638397,0.05967159569263458,
0.10055659711360931,27.02882194519043,0.1815042495727539,2.1255416870117188,0.08539199829101562,9.944648742675781,461.99884033203125,2.4934800286128538e+17,,5,,98.35935974121094,30499,0.11144009977579117,0.06260262429714203,
0.10109863430261612,27.621095657348633,0.191880464553833,2.2352092266082764,0.08584451675415039,9.89133071899414,566.2295532226562,2.497567634887803e+17,,5,,120.550048828125,30549,0.09302841871976852,0.06598363816738129,
0.09291195869445801,23.739961624145508,0.18846988677978516,2.1915597915649414,0.0859980583190918,10.762877464294434,23.532360076904297,2.501655412961444e+17,,5,,5.0100297927856445,30599,0.10608071833848953,0.08111810684204102,
0.09573879092931747,23.009353637695312,0.16820883750915527,1.968189001083374,0.0854637622833252,10.445087432861328,623.9713134765625,2.505743019236393e+17,,5,,132.84324645996094,30649,0.12123944610357285,0.1066625714302063,
0.09632514417171478,27.438915252685547,0.1894524097442627,2.226533889770508,0.08508849143981934,10.381505012512207,499.8855895996094,2.509830797310034e+17,,5,,106.4254379272461,30699,0.10013072937726974,0.07611939311027527,
0.09525373578071594,25.36189079284668,0.1806936264038086,2.119380235671997,0.08525776863098145,10.498275756835938,23.599157333374023,2.513918403584983e+17,,5,,5.0242509841918945,30749,0.1008971780538559,0.06374727189540863,
0.0930577963590622,22.53324317932129,0.17977476119995117,2.1123299598693848,0.08510732650756836,10.746009826660156,620.0935668945312,2.518006009859932e+17,,5,,132.01766967773438,30799,0.11262811720371246,0.07053324580192566,
0.09360495209693909,28.753841400146484,0.23290514945983887,2.7251765727996826,0.0854642391204834,10.683196067810059,22.567529678344727,2.522093787933573e+17,,5,,4.804617881774902,30849,0.0928058847784996,0.0684099793434143,
0.09138357639312744,19.95087242126465,0.17820048332214355,2.0859436988830566,0.08542919158935547,10.942885398864746,625.52783203125,2.5261813942085222e+17,,5,,133.17462158203125,30899,0.11271088570356369,0.1501835137605667,
0.0956151932477951,26.760351181030273,0.18235230445861816,2.1352405548095703,0.08540129661560059,10.458588600158691,529.1839599609375,2.5302691722821632e+17,,5,,112.66305541992188,30949,0.10664380341768265,0.10583953559398651,
0.10436132550239563,31.85520362854004,0.18994784355163574,2.210007905960083,0.08594894409179688,9.582093238830566,21.695890426635742,2.5343567785571123e+17,,5,,4.619046211242676,30999,0.09207825362682343,0.07405546307563782,
0.09494571387767792,25.15193748474121,0.18279170989990234,2.134331703186035,0.08564352989196777,10.532334327697754,480.5005187988281,2.5384443848320614e+17,,5,,102.2983627319336,31049,0.08756180852651596,0.06549090147018433,
0.09687303751707077,27.6550350189209,0.19528579711914062,2.2844839096069336,0.08548355102539062,10.322790145874023,561.2460327148438,2.5425321629057024e+17,,5,,119.48905944824219,31099,0.10628944635391235,0.06565603613853455,
0.09365279227495193,26.34470558166504,0.1902329921722412,2.23271107673645,0.08520269393920898,10.677738189697266,575.328125,2.5466197691806515e+17,,5,,122.48712921142578,31149,0.085236556828022,0.07372711598873138,
0.10531691461801529,31.443212509155273,0.19356918334960938,2.2558460235595703,0.08580780029296875,9.495150566101074,588.31005859375,2.5507073754556006e+17,,5,,125.25096893310547,31199,0.10386437922716141,0.08371609449386597,
0.0952623188495636,28.144012451171875,0.1967909336090088,2.316628932952881,0.08494710922241211,10.497329711914062,19.886430740356445,2.5547951535292416e+17,,5,,4.2338128089904785,31249,0.09033957868814468,0.07827471196651459,
0.08998846262693405,18.148128509521484,0.1737220287322998,2.038327693939209,0.08522772789001465,11.11253547668457,515.5687255859375,2.5588827598041907e+17,,5,,109.76437377929688,31299,0.08555769175291061,0.0629783421754837,
0.10659392178058624,34.48869705200195,0.19402456283569336,2.2626051902770996,0.08575272560119629,9.38139820098877,530.4458618164062,2.5629705378778317e+17,,5,,112.93170166015625,31349,0.08515793085098267,0.061174988746643066,
0.09532010555267334,25.721933364868164,0.18073344230651855,2.109611749649048,0.08567142486572266,10.490965843200684,618.9845581054688,2.5670581441527808e+17,,5,,131.78155517578125,31399,0.09568582475185394,0.08145667612552643,
0.09336016327142715,22.79425621032715,0.1764211654663086,2.064464569091797,0.08545613288879395,10.711206436157227,465.5147705078125,2.57114575042773e+17,,5,,99.10790252685547,31449,0.09221700578927994,0.062335118651390076,
0.1038212850689888,31.249950408935547,0.20366406440734863,2.3700997829437256,0.08593058586120605,9.631936073303223,24.646656036376953,2.575233528501371e+17,,5,,5.247263431549072,31499,0.09365271776914597,0.06433169543743134,
0.09091159701347351,22.246444702148438,0.19907331466674805,2.3229663372039795,0.08569788932800293,10.999696731567383,489.1489562988281,2.57932113477632e+17,,5,,104.13961029052734,31549,0.0992574542760849,0.07222035527229309,
0.10532832145690918,33.956050872802734,0.19071054458618164,2.225877523422241,0.0856788158416748,9.494122505187988,476.7203369140625,2.583408912849961e+17,,5,,101.49356842041016,31599,0.10840103775262833,0.13293693959712982,
0.0982847735285759,33.869293212890625,0.22705817222595215,2.6770081520080566,0.08481788635253906,10.174515724182129,22.68722915649414,2.58749651912491e+17,,5,,4.83010196685791,31649,0.11238191276788712,0.10227888822555542,
0.09616842865943909,30.598796844482422,0.20593047142028809,2.4104390144348145,0.08543276786804199,10.398423194885254,460.2423095703125,2.5915841253998592e+17,,5,,97.98540496826172,31699,0.0827622190117836,0.06203676760196686,
0.10025861859321594,32.897857666015625,0.19594264030456543,2.2966132164001465,0.08531808853149414,9.974205017089844,25.00489044189453,2.5956719034735e+17,,5,,5.323530673980713,31749,0.10234199464321136,0.07275350391864777,
0.1001092791557312,32.68797302246094,0.20589280128479004,2.408546209335327,0.08548426628112793,9.989084243774414,562.791259765625,2.5997595097484493e+17,,5,,119.81803131103516,31799,0.09489800781011581,0.08407570421695709,
0.09126626700162888,20.622936248779297,0.19286251068115234,2.2580819129943848,0.08540987968444824,10.956950187683105,570.1912841796875,2.6038471160233984e+17,,5,,121.39349365234375,31849,0.10608500987291336,0.10535620152950287,
0.10361863672733307,33.7135124206543,0.1900010108947754,2.221688747406006,0.08552098274230957,9.650774002075195,23.218929290771484,2.6079348940970394e+17,,5,,4.943300724029541,31899,0.10633280128240585,0.07728070020675659,
0.0979975089430809,27.501623153686523,0.18273043632507324,2.153689384460449,0.08484530448913574,10.204340934753418,579.70947265625,2.6120225003719885e+17,,5,,123.41991424560547,31949,0.10487779974937439,0.07163688540458679,
0.09201561659574509,19.924530029296875,0.18289899826049805,2.142066478729248,0.08538436889648438,10.867720603942871,60.849910736083984,2.6161102784456294e+17,,5,,12.95492172241211,31999,0.09510820358991623,0.08404932916164398,
,,,,,,,,2.6161102784456294e+17,5,,,31999,,,0.35613566637039185
0.2789534330368042,454.24029541015625,9.146400451660156,108.33150482177734,0.08442974090576172,3.5848276615142822,601.944091796875,2.6201978847205786e+17,,5,,128.15365600585938,32049,0.08260641247034073,0.05970807373523712,
0.08586268872022629,1.303690791130066,0.09331679344177246,1.0956345796585083,0.08517146110534668,11.646502494812012,639.6425170898438,2.6242854909955277e+17,,5,,136.1796417236328,32099,0.09894754737615585,0.06838658452033997,
0.08557012677192688,0.21285124123096466,0.08600282669067383,1.010230541229248,0.08513188362121582,11.686321258544922,27.450544357299805,2.6283732690691686e+17,,5,,5.844209671020508,32149,0.10411552339792252,0.07971222698688507,
0.1012091189622879,30.905664443969727,0.1980605125427246,2.3193039894104004,0.08539652824401855,9.880533218383789,150.49159240722656,2.6324608753441178e+17,,5,,32.03959655761719,32199,0.12125997990369797,0.06695520877838135,
0.09953507781028748,28.054357528686523,0.19519972801208496,2.282210350036621,0.08553099632263184,10.046710014343262,592.35595703125,2.6365486534177587e+17,,5,,126.11234283447266,32249,0.08816425502300262,0.06517483294010162,
0.09918016195297241,35.19935607910156,0.27492308616638184,3.242682933807373,0.08478260040283203,10.082661628723145,27.134841918945312,2.640636259692708e+17,,5,,5.776996612548828,32299,0.10590248554944992,0.1027434766292572,
0.10085485875606537,31.529224395751953,0.19807958602905273,2.339000701904297,0.0846855640411377,9.915238380432129,73.728759765625,2.644723865967657e+17,,5,,15.696824073791504,32349,0.10201166570186615,0.06006108224391937,
0.09133496880531311,24.205997467041016,0.2153940200805664,2.5268309116363525,0.08524274826049805,10.948709487915039,640.4617309570312,2.648811644041298e+17,,5,,136.3540496826172,32399,0.104375459253788,0.08637821674346924,
0.09174901247024536,21.645835876464844,0.17452216148376465,2.0397160053253174,0.08556199073791504,10.899300575256348,61.51991653442383,2.652899250316247e+17,,5,,13.097564697265625,32449,0.10775648057460785,0.12642934918403625,
0.097709059715271,28.05877113342285,0.18455004692077637,2.1753740310668945,0.08483600616455078,10.234465599060059,522.92724609375,2.656986856591196e+17,,5,,111.33100128173828,32499,0.08308356255292892,0.06945623457431793,
0.09749903529882431,26.31374168395996,0.1882784366607666,2.207374334335327,0.08529520034790039,10.256511688232422,30.017845153808594,2.661074634664837e+17,,5,,6.390787124633789,32549,0.09566307067871094,0.0849757045507431,
0.10011011362075806,30.462589263916016,0.18957209587097168,2.2321059703826904,0.0849297046661377,9.98900032043457,60.99358367919922,2.6651622409397862e+17,,5,,12.985508918762207,32599,0.10003761202096939,0.10093371570110321,
0.0904320776462555,17.22657585144043,0.1618788242340088,1.9009793996810913,0.08515548706054688,11.058022499084473,637.0197143554688,2.6692500190134272e+17,,5,,135.62123107910156,32649,0.08656900376081467,0.06933371722698212,
0.08888491988182068,16.239919662475586,0.16796565055847168,1.980554223060608,0.0848073959350586,11.250502586364746,80.24787902832031,2.6733376252883763e+17,,5,,17.084741592407227,32699,0.0915113091468811,0.0722612738609314,
0.08943582326173782,16.13465690612793,0.17392945289611816,2.0503342151641846,0.08482980728149414,11.181201934814453,63.026527404785156,2.6774252315633254e+17,,5,,13.41832160949707,32749,0.11005096882581711,0.11159150302410126,
0.09274628758430481,21.113401412963867,0.16766786575317383,1.9658571481704712,0.08528995513916016,10.782102584838867,29.03557014465332,2.6815130096369664e+17,,5,,6.181661128997803,32799,0.08396971225738525,0.06977418065071106,
0.09504956752061844,24.890872955322266,0.18376779556274414,2.1607789993286133,0.08504700660705566,10.52082633972168,33.757347106933594,2.6856006159119155e+17,,5,,7.186925888061523,32849,0.09871208667755127,0.0771094262599945,
0.09076907485723495,18.879423141479492,0.18562626838684082,2.169482469558716,0.08556246757507324,11.016968727111816,629.4825439453125,2.6896883939855565e+17,,5,,134.01657104492188,32899,0.09802413731813431,0.07662923634052277,
0.09314310550689697,21.84110450744629,0.1782207489013672,2.0877015590667725,0.08536696434020996,10.736167907714844,25.730575561523438,2.6937760002605056e+17,,5,,5.478029251098633,32949,0.1089770570397377,0.09074750542640686,
0.09197792410850525,18.328357696533203,0.16863226890563965,1.9687716960906982,0.08565354347229004,10.872174263000488,34.318748474121094,2.6978636065354547e+17,,5,,7.306447505950928,32999,0.10013551265001297,0.06793428957462311,
0.09190130978822708,18.78832244873047,0.1639857292175293,1.9204572439193726,0.0853888988494873,10.881237983703613,21.681636810302734,2.7019513846090957e+17,,5,,4.616011619567871,33049,0.10106934607028961,0.08999526500701904,
0.08609898388385773,0.7190372943878174,0.08810138702392578,1.030767560005188,0.08547163009643555,11.61453914642334,575.4183959960938,2.7060389908840448e+17,,5,,122.50634765625,33099,0.10812786966562271,0.08056671917438507,
0.0934649407863617,22.920257568359375,0.17852330207824707,2.0925607681274414,0.08531332015991211,10.699199676513672,506.3150939941406,2.710126597158994e+17,,5,,107.79428100585938,33149,0.11868699640035629,0.14685431122779846,
0.09783309698104858,29.861881256103516,0.21587681770324707,2.5112059116363525,0.08596539497375488,10.221489906311035,21.734838485717773,2.714214375232635e+17,,5,,4.627338409423828,33199,0.10240776091814041,0.0663006454706192,
0.09435614943504333,25.65981101989746,0.18540430068969727,2.170753240585327,0.08541011810302734,10.598143577575684,66.12825012207031,2.718301981507584e+17,,5,,14.0786771774292,33249,0.11715087294578552,0.0776202380657196,
0.09533713757991791,24.66486358642578,0.17754483222961426,2.0967249870300293,0.08467721939086914,10.489091873168945,628.9326782226562,2.722389759581225e+17,,5,,133.89952087402344,33299,0.09354913979768753,0.07866880297660828,
0.09324850142002106,22.269641876220703,0.17274188995361328,2.021850109100342,0.08543753623962402,10.72403335571289,137.25790405273438,2.726477365856174e+17,,5,,29.222152709960938,33349,0.08943535387516022,0.06636764109134674,
0.10402128100395203,32.595096588134766,0.20453333854675293,2.400980234146118,0.08518743515014648,9.613417625427246,571.3641967773438,2.7305649721311232e+17,,5,,121.64319610595703,33399,0.09722283482551575,0.05831235647201538,
0.2555287182331085,443.0303039550781,8.178457260131836,95.89834594726562,0.08528256416320801,3.913454294204712,32.3482551574707,2.734652750204764e+17,,5,,6.8869309425354,33449,0.09920020401477814,0.09909896552562714,
0.09970810264348984,27.555988311767578,0.1788187026977539,2.1061174869537354,0.08490443229675293,10.029275894165039,455.39569091796875,2.7387403564797133e+17,,5,,96.95355987548828,33499,0.09764859080314636,0.06932169198989868,
0.09360070526599884,22.565828323364258,0.16875171661376953,1.9745632410049438,0.08546280860900879,10.683679580688477,36.85399627685547,2.7428281345533542e+17,,5,,7.846200466156006,33549,0.0842452198266983,0.0708734393119812,
0.10092881321907043,28.8863468170166,0.18760466575622559,2.2045094966888428,0.08510041236877441,9.907973289489746,46.15331268310547,2.7469157408283034e+17,,5,,9.826021194458008,33599,0.10684055089950562,0.11797848343849182,
0.09168251603841782,19.292835235595703,0.16520452499389648,1.945093035697937,0.08493399620056152,10.907205581665039,167.89697265625,2.7510033471032525e+17,,5,,35.74519729614258,33649,0.09194224327802658,0.06390894949436188,
0.09185382723808289,21.06422233581543,0.18013978004455566,2.1122934818267822,0.0852816104888916,10.886862754821777,36.911834716796875,2.7550911251768934e+17,,5,,7.858514308929443,33699,0.0833340436220169,0.07059146463871002,
0.10550691187381744,32.58096694946289,0.19612765312194824,2.2890522480010986,0.08568072319030762,9.478052139282227,170.22390747070312,2.7591787314518426e+17,,5,,36.2406005859375,33749,0.09309616684913635,0.06778813898563385,
0.09342401474714279,22.475833892822266,0.1796092987060547,2.10467267036438,0.08533835411071777,10.703886032104492,51.95357131958008,2.7632663377267917e+17,,5,,11.060894012451172,33799,0.09176125377416611,0.06429915130138397,
0.09239917248487473,21.855850219726562,0.17186403274536133,2.0182888507843018,0.08515334129333496,10.82260799407959,29.52435302734375,2.7673541158004326e+17,,5,,6.285722732543945,33849,0.10394646972417831,0.07589419186115265,
0.09869015961885452,29.918779373168945,0.1856229305267334,2.171034336090088,0.08549976348876953,10.132721900939941,123.94978332519531,2.7714417220753818e+17,,5,,26.388858795166016,33899,0.09383222460746765,0.07651518285274506,
0.09613089263439178,27.772586822509766,0.19398856163024902,2.2878708839416504,0.08478999137878418,10.402482986450195,49.02345275878906,2.7755295001490227e+17,,5,,10.43707275390625,33949,0.09534570574760437,0.07673439383506775,
0.09671022742986679,28.87575340270996,0.18194270133972168,2.1347291469573975,0.08522987365722656,10.340167999267578,625.1640625,2.779617106423972e+17,,5,,133.09718322753906,33999,0.09587980806827545,0.08304950594902039,
0.08783119171857834,13.285497665405273,0.16930675506591797,1.9833483695983887,0.08536410331726074,11.385477066040039,84.58839416503906,2.783704712698921e+17,,5,,18.008834838867188,34049,0.106915682554245,0.09523460268974304,
0.09695973247289658,28.04274559020996,0.18400931358337402,2.153825283050537,0.0854337215423584,10.313559532165527,34.075164794921875,2.787792490772562e+17,,5,,7.254589080810547,34099,0.09662758558988571,0.06550142168998718,
0.10551189631223679,30.24464988708496,0.18776273727416992,2.2030093669891357,0.08523011207580566,9.477603912353516,346.0191955566406,2.791880097047511e+17,,5,,73.66734313964844,34149,0.10678047686815262,0.07570302486419678,
0.10100406408309937,30.2089900970459,0.1801314353942871,2.115797758102417,0.08513641357421875,9.900591850280762,413.7507019042969,2.795967875121152e+17,,5,,88.08735656738281,34199,0.11764734238386154,0.06681160628795624,
0.10914330184459686,31.76624870300293,0.18329811096191406,2.1587727069854736,0.08490848541259766,9.16226577758789,35.717227935791016,2.800055481396101e+17,,5,,7.604183673858643,34249,0.07339537888765335,0.0574028342962265,
0.09618369489908218,28.056503295898438,0.1839756965637207,2.1661202907562256,0.08493328094482422,10.396772384643555,137.6363067626953,2.8041430876710502e+17,,5,,29.30271339416504,34299,0.09180928766727448,0.06909692287445068,
0.09216198325157166,20.617860794067383,0.18662238121032715,2.186608076095581,0.08534789085388184,10.85046100616455,24.003801345825195,2.8082308657446912e+17,,5,,5.11039924621582,34349,0.11539837718009949,0.08157314360141754,
0.09808479994535446,29.02817726135254,0.1866598129272461,2.2296431064605713,0.08371734619140625,10.195260047912598,631.5899658203125,2.8123184720196403e+17,,5,,134.46524047851562,34399,0.09552272409200668,0.08892366290092468,
,,,,,,628.364990234375,2.8164060782945894e+17,,6,,133.77865600585938,34449,0.103897325694561,0.06745460629463196,
0.09435225278139114,25.453237533569336,0.175889253616333,4.075085163116455,0.04316210746765137,10.598580360412598,589.98193359375,2.8204938563682304e+17,,6,,125.6069107055664,34499,0.09067396819591522,0.06995244324207306,
0.08915091305971146,7.7292866706848145,0.1347813606262207,1.5772477388381958,0.08545351028442383,11.216935157775879,635.1798706054688,2.8245814626431795e+17,,6,,135.2295379638672,34549,0.1077302098274231,0.11816847324371338,
0.08751357346773148,9.853005409240723,0.14748191833496094,1.7332088947296143,0.08509182929992676,11.426798820495605,639.323974609375,2.8286692407168205e+17,,6,,136.11181640625,34599,0.11687473952770233,0.12149837613105774,
0.08973636478185654,16.12476348876953,0.16010451316833496,1.881270408630371,0.08510446548461914,11.143754005432129,20.892324447631836,2.8327568469917696e+17,,6,,4.447967052459717,34649,0.09222240000963211,0.06964071094989777,
0.09494888037443161,22.75328254699707,0.16626191139221191,1.9473966360092163,0.08537650108337402,10.531982421875,162.87411499023438,2.8368444532667187e+17,,6,,34.67583465576172,34699,0.09751376509666443,0.07130882143974304,
0.09798061102628708,27.372060775756836,0.19202160835266113,2.249932289123535,0.08534550666809082,10.206100463867188,550.5819702148438,2.8409322313403597e+17,,6,,117.21867370605469,34749,0.10950158536434174,0.07121220231056213,
0.10226832330226898,30.903791427612305,0.17815661430358887,2.0947136878967285,0.08505058288574219,9.778199195861816,146.19337463378906,2.8450198376153088e+17,,6,,31.124509811401367,34799,0.09718989580869675,0.0643874853849411,
0.09536570310592651,24.796451568603516,0.18710589408874512,2.1843101978302,0.08565902709960938,10.485950469970703,584.1820678710938,2.8491076156889498e+17,,6,,124.37212371826172,34849,0.09700638055801392,0.0860808938741684,
0.10172904282808304,29.419973373413086,0.19804143905639648,2.32106351852417,0.08532357215881348,9.830034255981445,32.06479263305664,2.853195221963899e+17,,6,,6.8265814781188965,34899,0.0878458246588707,0.062436267733573914,
0.10297323018312454,28.893342971801758,0.18367242813110352,2.151148796081543,0.08538341522216797,9.711261749267578,558.6171875,2.857282828238848e+17,,6,,118.92937469482422,34949,0.11634059995412827,0.07915326952934265,
0.09296683222055435,24.819002151489258,0.19855141639709473,2.319586753845215,0.08559775352478027,10.756524085998535,542.7205810546875,2.861370606312489e+17,,6,,115.54499053955078,34999,0.12634050846099854,0.1188599169254303,
0.10086684674024582,27.308706283569336,0.17320466041564941,2.0127196311950684,0.08605504035949707,9.914060592651367,32.16413116455078,2.865458212587438e+17,,6,,6.84773063659668,35049,0.17609021067619324,0.27948373556137085,
0.08859094232320786,12.015480041503906,0.16183853149414062,1.8899601697921753,0.08563065528869629,11.287836074829102,632.1709594726562,2.8695458188623872e+17,,6,,134.58892822265625,35099,0.09162832051515579,0.07286852598190308,
0.09305959939956665,19.192533493041992,0.16795754432678223,1.9641692638397217,0.0855107307434082,10.74580192565918,22.89902687072754,2.873633596936028e+17,,6,,4.8751935958862305,35149,0.103111132979393,0.07135884463787079,
0.09950977563858032,27.952892303466797,0.19071269035339355,2.2208657264709473,0.08587312698364258,10.049263954162598,527.6416015625,2.8777212032109773e+17,,6,,112.33468627929688,35199,0.1096125990152359,0.08216831088066101,
0.10103785991668701,29.07675552368164,0.18259191513061523,2.1506969928741455,0.0848989486694336,9.897279739379883,529.7134399414062,2.8818089812846182e+17,,6,,112.77577209472656,35249,0.09506697207689285,0.06488345563411713,
0.09902700036764145,27.39483070373535,0.17058777809143066,1.9879831075668335,0.08580946922302246,10.09825611114502,26.57064437866211,2.8858964157608755e+17,,6,,5.656879425048828,35299,0.09751400351524353,0.06539198756217957,
0.09800707548856735,26.796720504760742,0.18749785423278809,2.194340229034424,0.08544611930847168,10.203344345092773,582.93994140625,2.8899841938345165e+17,,6,,124.10768127441406,35349,0.09370630979537964,0.0703461617231369,
0.09213549643754959,23.382274627685547,0.1861560344696045,2.186880350112915,0.08512401580810547,10.853580474853516,531.0734252929688,2.8940719719081574e+17,,6,,113.0653076171875,35399,0.0931638851761818,0.07498829066753387,
0.10449093580245972,32.222171783447266,0.19840621948242188,2.313894510269165,0.08574557304382324,9.570208549499512,556.8713989257812,2.8981597499817984e+17,,6,,118.55769348144531,35449,0.0945790633559227,0.08604039251804352,
0.1008245125412941,29.6677188873291,0.21976661682128906,2.558988094329834,0.08588027954101562,9.91822338104248,554.0057373046875,2.902247184458056e+17,,6,,117.94760131835938,35499,0.08861162513494492,0.062049224972724915,
0.10036724805831909,27.036306381225586,0.2012953758239746,2.3551199436187744,0.08547139167785645,9.963409423828125,32.42489242553711,2.9063349625316966e+17,,6,,6.90324592590332,35549,0.09761715680360794,0.06921736896038055,
0.10781167447566986,28.56800079345703,0.18652057647705078,2.1783320903778076,0.08562541007995605,9.275433540344238,520.0667114257812,2.9104227406053376e+17,,6,,110.72199249267578,35599,0.1001080870628357,0.07730892300605774,
0.10218632221221924,30.18798065185547,0.18803906440734863,2.200164556503296,0.08546590805053711,9.78604507446289,506.05633544921875,2.914510175081595e+17,,6,,107.73918914794922,35649,0.09522358328104019,0.06763547658920288,
0.1007632315158844,29.31652069091797,0.17995285987854004,2.106003761291504,0.08544754981994629,9.92425537109375,590.5205078125,2.918597953155236e+17,,6,,125.7215805053711,35699,0.12333890050649643,0.14611771702766418,
0.10305555164813995,31.033151626586914,0.18079257011413574,2.1090340614318848,0.0857229232788086,9.70350456237793,501.709228515625,2.922685731228877e+17,,6,,106.81369018554688,35749,0.0916314423084259,0.06671623885631561,
0.10296380519866943,27.9309024810791,0.18756794929504395,2.1843178272247314,0.08587026596069336,9.712150573730469,24.671146392822266,2.926773165705134e+17,,6,,5.252477169036865,35799,0.11886449158191681,0.07959885895252228,
0.09846845269203186,28.995180130004883,0.1967623233795166,2.2992875576019287,0.08557534217834473,10.155536651611328,636.6394653320312,2.930860943778775e+17,,6,,135.540283203125,35849,0.11573457717895508,0.07351776957511902,
0.09416896104812622,24.033519744873047,0.1843397617340088,2.1519699096679688,0.08566093444824219,10.619210243225098,582.8318481445312,2.934948721852416e+17,,6,,124.08467102050781,35899,0.09993316978216171,0.06279119849205017,
0.09303225576877594,21.72631072998047,0.18574142456054688,2.1708343029022217,0.08556222915649414,10.748960494995117,32.05843734741211,2.939036156328673e+17,,6,,6.825228214263916,35949,0.13655488193035126,0.1490858644247055,
0.09750336408615112,24.11284065246582,0.18110132217407227,2.106642007827759,0.08596682548522949,10.25605583190918,520.5453491210938,2.943123934402314e+17,,6,,110.82389831542969,35999,0.09964210540056229,0.056721240282058716,
,,,,,,,,2.943123934402314e+17,6,,,35999,,,0.35955116152763367
0.09273013472557068,22.04051971435547,0.17611193656921387,2.0817313194274902,0.08459877967834473,10.783981323242188,624.408203125,2.947211712475955e+17,,6,,132.93624877929688,36049,0.10793973505496979,0.06630973517894745,
0.08647432923316956,0.7162855863571167,0.08849239349365234,1.0335663557052612,0.08561849594116211,11.564125061035156,636.738037109375,2.951299490549596e+17,,6,,135.561279296875,36099,0.09375529736280441,0.07297821342945099,
0.08639448881149292,1.4179069995880127,0.09243440628051758,1.08168625831604,0.08545398712158203,11.574812889099121,611.5643310546875,2.9553869250258534e+17,,6,,130.20179748535156,36149,0.09507192671298981,0.08887852728366852,
0.0980105847120285,27.657045364379883,0.18195843696594238,2.1394143104553223,0.08505058288574219,10.202980041503906,209.7006378173828,2.9594747030994944e+17,,6,,44.645179748535156,36199,0.11008581519126892,0.08521442115306854,
0.10370952636003494,29.02666664123535,0.17847657203674316,2.0962953567504883,0.08513903617858887,9.642315864562988,632.65234375,2.9635624811731354e+17,,6,,134.69142150878906,36249,0.10475865751504898,0.06739488244056702,
0.09502726793289185,26.71700668334961,0.18494009971618652,2.163886785507202,0.08546662330627441,10.523295402526855,19.270648956298828,2.9676499156493926e+17,,6,,4.102713584899902,36299,0.09435878694057465,0.05767606198787689,
0.09108966588973999,19.78754997253418,0.17989587783813477,2.0954325199127197,0.08585143089294434,10.978193283081055,625.6927490234375,2.9717376937230336e+17,,6,,133.20973205566406,36349,0.11020327359437943,0.12675625085830688,
0.08909410983324051,13.122967720031738,0.15179848670959473,1.7763124704360962,0.08545708656311035,11.22408676147461,501.2403564453125,2.9758254717966746e+17,,6,,106.7138671875,36399,0.09677217155694962,0.06639905273914337,
0.09447641670703888,24.590375900268555,0.20316314697265625,2.370076894760132,0.08572006225585938,10.584651947021484,39.843109130859375,2.979912906272932e+17,,6,,8.48258113861084,36449,0.08285839855670929,0.060260385274887085,
0.09299231320619583,21.984378814697266,0.17206668853759766,2.018526792526245,0.08524370193481445,10.75357723236084,93.6658706665039,2.984000684346573e+17,,6,,19.941425323486328,36499,0.10341095924377441,0.09176787734031677,
0.09398264437913895,23.658401489257812,0.18606162071228027,2.1668481826782227,0.08586740493774414,10.640262603759766,34.03109359741211,2.988088462420214e+17,,6,,7.245205879211426,36549,0.09140957146883011,0.0628393143415451,
0.09480638802051544,26.095539093017578,0.17902803421020508,2.098377227783203,0.08531737327575684,10.547812461853027,147.97975158691406,2.992175896896471e+17,,6,,31.50482749938965,36599,0.13495613634586334,0.18576201796531677,
0.09869297593832016,31.691730499267578,0.23189592361450195,2.7082908153533936,0.08562445640563965,10.132433891296387,535.1334228515625,2.996263674970112e+17,,6,,113.92969512939453,36649,0.10887909680604935,0.06732599437236786,
0.09965185075998306,31.48967170715332,0.19185996055603027,2.2628557682037354,0.08478665351867676,10.034936904907227,33.257843017578125,3.000351453043753e+17,,6,,7.080581188201904,36699,0.09713094681501389,0.07477317750453949,
0.09902942180633545,29.662090301513672,0.19013071060180664,2.221038341522217,0.08560442924499512,10.09800910949707,564.8976440429688,3.004439231117394e+17,,6,,120.2664794921875,36749,0.09192579984664917,0.07275822758674622,
0.09245265275239944,22.38115692138672,0.17740964889526367,2.075852155685425,0.0854635238647461,10.816347122192383,91.05223083496094,3.008526665593651e+17,,6,,19.38498306274414,36799,0.08878415822982788,0.06819112598896027,
0.0904352217912674,14.624208450317383,0.17015695571899414,1.9817016124725342,0.08586406707763672,11.057639122009277,100.08984375,3.012614443667292e+17,,6,,21.309085845947266,36849,0.11187675595283508,0.08276976644992828,
0.09958484023809433,27.40834617614746,0.19745516777038574,2.316807985305786,0.08522725105285645,10.041688919067383,551.6077880859375,3.016702221740933e+17,,6,,117.43707275390625,36899,0.09683766216039658,0.07374294102191925,
0.10215719044208527,34.9277229309082,0.21528410911560059,2.5109827518463135,0.08573698997497559,9.788835525512695,25.29424476623535,3.0207896562171904e+17,,6,,5.385134696960449,36949,0.10128757357597351,0.08947798609733582,
0.26889100670814514,427.4042053222656,8.310525894165039,96.9326171875,0.08573508262634277,3.7189788818359375,469.7423095703125,3.0248774342908314e+17,,6,,100.00794219970703,36999,0.10432834178209305,0.07036250829696655,
0.09725558012723923,24.939960479736328,0.17991971969604492,2.0988986492156982,0.08572101593017578,10.282186508178711,452.6342468261719,3.028965212364472e+17,,6,,96.36564636230469,37049,0.22016602754592896,0.20358005166053772,
0.09779002517461777,25.195314407348633,0.18758893013000488,2.193300724029541,0.08552813529968262,10.225992202758789,61.30531692504883,3.0330526468407296e+17,,6,,13.05187702178955,37099,0.10535608977079391,0.10959967970848083,
0.09219852089881897,22.325218200683594,0.18729877471923828,2.1987221240997314,0.08518528938293457,10.846160888671875,586.0537109375,3.0371404249143706e+17,,6,,124.77059936523438,37149,0.09725046157836914,0.07002785801887512,
0.09638065099716187,25.98814582824707,0.18772578239440918,2.203981399536133,0.08517575263977051,10.375526428222656,36.330467224121094,3.0412282029880115e+17,,6,,7.734741687774658,37199,0.09460887312889099,0.08477447926998138,
0.10212939977645874,29.3039608001709,0.19620156288146973,2.2935845851898193,0.08554363250732422,9.791500091552734,611.5653076171875,3.045315637464269e+17,,6,,130.20199584960938,37249,0.15591353178024292,0.10261489450931549,
0.10395725816488266,29.87570571899414,0.19721007347106934,2.2849507331848145,0.08630824089050293,9.619338035583496,520.1674194335938,3.04940341553791e+17,,6,,110.7434310913086,37299,0.106875941157341,0.0984983742237091,
0.10495275259017944,32.13264846801758,0.1863088607788086,2.1782004833221436,0.08553338050842285,9.528097152709961,26.91929054260254,3.053491193611551e+17,,6,,5.731106281280518,37349,0.10162240266799927,0.09147229790687561,
0.09648346155881882,25.83551788330078,0.1888885498046875,2.205207347869873,0.08565568923950195,10.364470481872559,554.1015014648438,3.057578971685192e+17,,6,,117.96797943115234,37399,0.1566191464662552,0.21408328413963318,
0.09964578598737717,28.548763275146484,0.1828153133392334,2.135951280593872,0.08558964729309082,10.035547256469727,31.886926651000977,3.061666406161449e+17,,6,,6.7887139320373535,37449,0.08656124025583267,0.06973476707935333,
0.10289780795574188,29.4155216217041,0.19102001190185547,2.2294955253601074,0.0856785774230957,9.718379974365234,111.74774169921875,3.06575418423509e+17,,6,,23.791048049926758,37499,0.0971117615699768,0.06343787908554077,
0.09194913506507874,20.640472412109375,0.19739437103271484,2.3206777572631836,0.08505892753601074,10.875577926635742,556.7950439453125,3.069841962308731e+17,,6,,118.54143524169922,37549,0.09032072126865387,0.0667981207370758,
0.10542774945497513,30.39646339416504,0.18407106399536133,2.1515278816223145,0.08555364608764648,9.48516845703125,34.886478424072266,3.073929396784988e+17,,6,,7.4273176193237305,37599,0.10179691016674042,0.08372542262077332,
0.11051714420318604,36.44191360473633,0.25905466079711914,3.007953405380249,0.08612322807312012,9.048370361328125,584.2763061523438,3.078017174858629e+17,,6,,124.39218139648438,37649,0.09285064786672592,0.058168768882751465,
0.09521273523569107,25.71302604675293,0.19929242134094238,2.31858229637146,0.08595442771911621,10.502796173095703,529.17333984375,3.08210495293227e+17,,6,,112.6607894897461,37699,0.10919762402772903,0.08746130764484406,
0.10691292583942413,31.331443786621094,0.1847527027130127,2.157012701034546,0.08565211296081543,9.353405952453613,108.1719741821289,3.0861923874085274e+17,,6,,23.029769897460938,37749,0.09721022099256516,0.07026857137680054,
0.10255715996026993,31.34405517578125,0.21333932876586914,2.491112232208252,0.08564019203186035,9.750659942626953,379.781982421875,3.090280165482168e+17,,6,,80.85543060302734,37799,0.08571124076843262,0.06657402217388153,
0.10753508657217026,30.462703704833984,0.1958315372467041,2.2858314514160156,0.08567190170288086,9.299290657043457,38.210968017578125,3.094367943555809e+17,,6,,8.135099411010742,37849,0.09944171458482742,0.09125964343547821,
0.10213029384613037,28.97248077392578,0.18062329292297363,2.0977652072906494,0.08610272407531738,9.791414260864258,474.7206726074219,3.0984553780320666e+17,,6,,101.06784057617188,37899,0.1257888674736023,0.13917937874794006,
0.10380703210830688,31.258928298950195,0.18985414505004883,2.2131905555725098,0.08578300476074219,9.633258819580078,539.0389404296875,3.1025431561057075e+17,,6,,114.76116943359375,37949,0.09566494077444077,0.07358349859714508,
0.1085561141371727,33.623233795166016,0.21238422393798828,2.4846980571746826,0.08547687530517578,9.211825370788574,142.8276824951172,3.1066309341793485e+17,,6,,30.407957077026367,37999,0.09556080400943756,0.06930439174175262,
0.10080420225858688,31.027841567993164,0.1855635643005371,2.1709635257720947,0.08547520637512207,9.920221328735352,638.470458984375,3.1107187122529894e+17,,6,,135.9300994873047,38049,0.09303157776594162,0.068356454372406,
0.10789316892623901,32.34539031982422,0.18666291236877441,2.181731700897217,0.08555722236633301,9.268427848815918,64.33164978027344,3.114806146729247e+17,,6,,13.696181297302246,38099,0.08916163444519043,0.08048516511917114,
0.10811346769332886,32.836063385009766,0.21259474754333496,2.468986988067627,0.0861060619354248,9.249541282653809,534.0401611328125,3.118893924802888e+17,,6,,113.69693756103516,38149,0.09328018128871918,0.07450221478939056,
0.11178412288427353,32.51408386230469,0.19382119178771973,2.2619001865386963,0.08568954467773438,8.94581413269043,573.6314086914062,3.1229817028765286e+17,,6,,122.12589263916016,38199,0.09777268022298813,0.0639609545469284,
0.10436562448740005,29.90111541748047,0.1760084629058838,2.0556836128234863,0.08562040328979492,9.58169937133789,36.69004821777344,3.127069137352786e+17,,6,,7.811296463012695,38249,0.10883183032274246,0.11291567981243134,
0.09782300144433975,28.62272834777832,0.1995849609375,2.326270341873169,0.08579611778259277,10.22254467010498,64.09490203857422,3.131156915426427e+17,,6,,13.645777702331543,38299,0.12056538462638855,0.10807542502880096,
0.09609232097864151,25.336902618408203,0.17987680435180664,2.098555564880371,0.08571457862854004,10.406659126281738,67.6521987915039,3.135244693500068e+17,,6,,14.403125762939453,38349,0.09457091987133026,0.07217863202095032,
0.09913991391658783,28.026029586791992,0.18248486518859863,2.133439540863037,0.08553552627563477,10.08675479888916,73.27040100097656,3.139332127976325e+17,,6,,15.599238395690918,38399,0.0960564911365509,0.0892006903886795,
0.09905186295509338,32.066917419433594,0.2042534351348877,2.381272792816162,0.08577489852905273,10.095721244812012,553.500732421875,3.143419906049966e+17,,6,,117.84008026123047,38449,0.13146373629570007,0.13315361738204956,
0.1050170361995697,34.69491958618164,0.19477629661560059,2.27409029006958,0.08565020561218262,9.52226448059082,43.64023208618164,3.147507684123607e+17,,6,,9.290987968444824,38499,0.112930066883564,0.10086794197559357,
0.10302165895700455,31.160442352294922,0.19279980659484863,2.2482290267944336,0.08575630187988281,9.706696510314941,90.50521850585938,3.151595118599864e+17,,6,,19.268524169921875,38549,0.09910701215267181,0.06649751961231232,
0.10286863148212433,31.211395263671875,0.20765256881713867,2.4398086071014404,0.08511018753051758,9.721137046813965,492.146240234375,3.155682896673505e+17,,6,,104.7777328491211,38599,0.1272350698709488,0.07173198461532593,
0.09380348026752472,22.932538986206055,0.17308974266052246,2.0282251834869385,0.08534049987792969,10.660585403442383,137.94737243652344,3.159770674747146e+17,,6,,29.368938446044922,38649,0.2904096841812134,0.06967337429523468,
0.09908479452133179,30.55462646484375,0.18505048751831055,2.174971103668213,0.08508181571960449,10.092366218566895,194.87603759765625,3.163858452820787e+17,,6,,41.48902893066406,38699,0.0861440971493721,0.05976171791553497,
0.09476447850465775,25.250385284423828,0.18275141716003418,2.1297407150268555,0.08580923080444336,10.55247688293457,26.65313720703125,3.1679458872970445e+17,,6,,5.674442291259766,38749,0.08959203213453293,0.06393666565418243,
0.0941910594701767,24.65807342529297,0.17563295364379883,2.0493063926696777,0.08570361137390137,10.616719245910645,561.2553100585938,3.1720336653706854e+17,,6,,119.49102783203125,38799,0.09938479959964752,0.06309375166893005,
0.10033974051475525,29.856721878051758,0.1923656463623047,2.2569708824157715,0.08523178100585938,9.966140747070312,631.2688598632812,3.1761214434443264e+17,,6,,134.39688110351562,38849,0.09876894950866699,0.061024799942970276,
0.09309270232915878,21.462486267089844,0.17297959327697754,2.0253162384033203,0.08540868759155273,10.74198055267334,237.59237670898438,3.180208877920584e+17,,6,,50.58332061767578,38899,0.12240142375230789,0.12658336758613586,
0.09705528616905212,27.926513671875,0.1897108554840088,2.2318475246429443,0.08500170707702637,10.30340576171875,63.918113708496094,3.1842966559942246e+17,,6,,13.608139991760254,38949,0.1240982636809349,0.11141662299633026,
0.10338976979255676,26.632240295410156,0.1687171459197998,1.969789981842041,0.08565235137939453,9.672137260437012,36.45485305786133,3.1883844340678656e+17,,6,,7.761223793029785,38999,0.12002009898424149,0.08206506073474884,
0.09107720106840134,21.30484962463379,0.18186306953430176,2.1342904567718506,0.08521008491516113,10.979696273803711,627.1648559570312,3.192471868544123e+17,,6,,133.52313232421875,39049,0.11317193508148193,0.09796762466430664,
0.09333186596632004,23.2116641998291,0.17284512519836426,2.0306174755096436,0.08511948585510254,10.71445369720459,616.9993896484375,3.196559646617764e+17,,6,,131.35891723632812,39099,0.10010533034801483,0.07325957715511322,
0.0930228903889656,23.125350952148438,0.17974328994750977,2.1010360717773438,0.08554983139038086,10.750041961669922,28.594907760620117,3.200647424691405e+17,,6,,6.087844371795654,39149,0.098142609000206,0.06335204839706421,
0.0965936928987503,26.831722259521484,0.17441248893737793,2.0379629135131836,0.08558177947998047,10.352643013000488,132.7323455810547,3.204734859167662e+17,,6,,28.258663177490234,39199,0.11639154702425003,0.06513896584510803,
0.09795209765434265,30.726795196533203,0.22450637817382812,2.6240713596343994,0.0855565071105957,10.20907211303711,40.351436614990234,3.208822637241303e+17,,6,,8.590804100036621,39249,0.13577669858932495,0.10500507056713104,
0.09672823548316956,26.01732063293457,0.18862271308898926,2.207628011703491,0.08544135093688965,10.33824348449707,570.5559692382812,3.212910415314944e+17,,6,,121.47113037109375,39299,0.0925513207912445,0.06307996809482574,
0.09769739955663681,26.75281524658203,0.17666029930114746,2.066426992416382,0.08549070358276367,10.235687255859375,510.848388671875,3.216998193388585e+17,,6,,108.75941467285156,39349,0.09306512027978897,0.06486198306083679,
0.09890010952949524,32.192134857177734,0.2048039436340332,2.392225742340088,0.08561229705810547,10.111212730407715,60.019500732421875,3.221085627864842e+17,,6,,12.77812671661377,39399,0.10106270015239716,0.06617595255374908,
0.10259447991847992,31.79313850402832,0.20398688316345215,2.3848471641540527,0.08553457260131836,9.747113227844238,78.00696563720703,3.225173405938483e+17,,6,,16.607650756835938,39449,0.09547924995422363,0.07652370631694794,
0.09090088307857513,19.09745979309082,0.17732787132263184,2.073235511779785,0.08553194999694824,11.000992774963379,531.9320068359375,3.229261184012124e+17,,6,,113.24811553955078,39499,0.0967075452208519,0.08002312481403351,
0.10038987547159195,30.378271102905273,0.18888449668884277,2.2056081295013428,0.08563828468322754,9.961163520812988,618.5557861328125,3.2333486184883814e+17,,6,,131.69027709960938,39549,0.1205456331372261,0.0866156816482544,
0.09650961309671402,26.56117057800293,0.18688607215881348,2.176020622253418,0.08588433265686035,10.361661911010742,267.0772399902344,3.2374363965620224e+17,,6,,56.860633850097656,39599,0.11983773112297058,0.0922495424747467,
0.09225143492221832,20.877878189086914,0.18181204795837402,2.1222727298736572,0.08566856384277344,10.839940071105957,57.00560760498047,3.2415241746356634e+17,,6,,12.136470794677734,39649,0.1491602510213852,0.1794367879629135,
0.10275601595640182,30.842937469482422,0.19612908363342285,2.290949583053589,0.08561038970947266,9.731789588928223,71.8807373046875,3.2456116091119206e+17,,6,,15.303380012512207,39699,0.09746411442756653,0.060044631361961365,
0.10620414465665817,31.647064208984375,0.18628931045532227,2.1752192974090576,0.08564162254333496,9.415827751159668,119.22721099853516,3.2496993871855616e+17,,6,,25.383424758911133,39749,0.10740181803703308,0.06218959391117096,
0.10286704450845718,32.647972106933594,0.203812837600708,2.3807220458984375,0.08560967445373535,9.72128677368164,552.5384521484375,3.2537871652592026e+17,,6,,117.63521575927734,39799,0.12191662937402725,0.11503201723098755,
0.10474253445863724,31.39905548095703,0.2057476043701172,2.4123783111572266,0.08528828620910645,9.547219276428223,539.736572265625,3.25787459973546e+17,,6,,114.90969848632812,39849,0.08622810244560242,0.06373496353626251,
0.10301528126001358,29.912656784057617,0.1795182228088379,2.1015329360961914,0.08542251586914062,9.707298278808594,62.46226501464844,3.261962377809101e+17,,6,,13.29819107055664,39899,0.11730027198791504,0.0681810975074768,
0.09955846518278122,30.091808319091797,0.18439912796020508,2.1495161056518555,0.08578634262084961,10.044349670410156,643.7128295898438,3.266050155882742e+17,,6,,137.04620361328125,39949,0.09515377134084702,0.06765492260456085,
0.0983244925737381,29.002912521362305,0.18475842475891113,2.174621820449829,0.0849611759185791,10.170406341552734,106.79947662353516,3.270137933956383e+17,,6,,22.737564086914062,39999,0.11887142807245255,0.11993037164211273,
,,,,,,,,3.270137933956383e+17,6,,,39999,,,0.38534775376319885
0.0912640169262886,22.48063850402832,0.1907787322998047,2.2528464794158936,0.08468341827392578,10.957221031188965,613.7645874023438,3.27422536843264e+17,,6,,130.67022705078125,40049,0.10795746743679047,0.07528506219387054,
0.08541521430015564,0.5226309299468994,0.0873410701751709,1.027974009513855,0.08496427536010742,11.70751667022705,638.7223510742188,3.278313146506281e+17,,6,,135.98373413085938,40099,0.10852868854999542,0.06276853382587433,
0.08530635386705399,0.4649502635002136,0.08733105659484863,1.0294710397720337,0.08483099937438965,11.722455978393555,616.6594848632812,3.282400924579922e+17,,6,,131.28656005859375,40149,0.10401321202516556,0.08335942029953003,
,,,,,,24.463661193847656,3.286488359056179e+17,,7,,5.208303451538086,40199,0.10732657462358475,0.09105755388736725,
0.09949973225593567,31.82375717163086,0.20993638038635254,4.726243495941162,0.044419288635253906,10.050278663635254,624.4934692382812,3.29057613712982e+17,,7,,132.95440673828125,40249,0.1026729866862297,0.0665266215801239,
0.09581636637449265,26.98419761657715,0.1840829849243164,2.1567461490631104,0.08535218238830566,10.436630249023438,637.1193237304688,3.294663915203461e+17,,7,,135.6424560546875,40299,0.09844962507486343,0.07488904893398285,
0.08975731581449509,16.658823013305664,0.16397666931152344,1.9215583801269531,0.08533525466918945,11.141153335571289,559.4205932617188,3.2987513496797184e+17,,7,,119.10041809082031,40349,0.098310686647892,0.07449698448181152,
0.09467633068561554,22.16042709350586,0.17792224884033203,2.0786550045013428,0.08559489250183105,10.562301635742188,628.27001953125,3.3028391277533594e+17,,7,,133.7584228515625,40399,0.0957673117518425,0.05816879868507385,
0.09092351049184799,19.54639434814453,0.17345142364501953,2.0363316535949707,0.08517837524414062,10.998255729675293,25.034225463867188,3.306926905827e+17,,7,,5.329776287078857,40449,0.09895121306180954,0.06113089621067047,
0.09306040406227112,20.56759262084961,0.1680440902709961,1.9649730920791626,0.08551979064941406,10.745708465576172,640.2654418945312,3.3110143403032576e+17,,7,,136.312255859375,40499,0.0934835746884346,0.06438162922859192,
0.09046858549118042,15.186453819274902,0.1626887321472168,1.9111270904541016,0.08512711524963379,11.053560256958008,602.1370239257812,3.3151021183768986e+17,,7,,128.19473266601562,40549,0.09673405438661575,0.0882495790719986,
0.08871222287416458,11.8312349319458,0.14446067810058594,1.6991887092590332,0.08501744270324707,11.272403717041016,24.658323287963867,3.3191898964505395e+17,,7,,5.249747276306152,40599,0.09780370444059372,0.06435248255729675,
0.09532427042722702,25.169979095458984,0.17953276634216309,2.10442852973938,0.0853118896484375,10.490507125854492,591.9429321289062,3.3232776745241805e+17,,7,,126.02440643310547,40649,0.08974382281303406,0.06847703456878662,
0.09838742762804031,25.635103225708008,0.17104411125183105,1.9958187341690063,0.08570122718811035,10.163900375366211,22.609189987182617,3.327365109000438e+17,,7,,4.813487529754639,40699,0.11711559444665909,0.08685548603534698,
0.09554224461317062,28.88471794128418,0.25481200218200684,2.9740209579467773,0.08567929267883301,10.466574668884277,629.4239501953125,3.331452887074079e+17,,7,,134.0041046142578,40749,0.12107682973146439,0.08138863742351532,
0.10095447301864624,29.502578735351562,0.17983651161193848,2.1008377075195312,0.0856022834777832,9.905454635620117,566.3869018554688,3.33554066514772e+17,,7,,120.58354187011719,40799,0.1091252937912941,0.08453258872032166,
0.10177014768123627,32.08943176269531,0.19651031494140625,2.2976677417755127,0.0855259895324707,9.826064109802246,23.04326057434082,3.339628099623977e+17,,7,,4.905900955200195,40849,0.12757508456707,0.07312779128551483,
0.09179078787565231,19.40009307861328,0.16936969757080078,1.9860327243804932,0.0852804183959961,10.894339561462402,594.67431640625,3.343715877697618e+17,,7,,126.60592651367188,40899,0.0912470892071724,0.060074567794799805,
0.09961225092411041,29.46750831604004,0.1860184669494629,2.174132823944092,0.08555984497070312,10.038926124572754,608.3179931640625,3.347803655771259e+17,,7,,129.51065063476562,40949,0.10583481192588806,0.08686846494674683,
0.0977465882897377,26.65528106689453,0.18964934349060059,2.18343448638916,0.08685827255249023,10.230536460876465,592.42041015625,3.351891090247516e+17,,7,,126.12606048583984,40999,0.09670355916023254,0.08434659242630005,
0.09342531859874725,23.088932037353516,0.17481493949890137,2.0427963733673096,0.08557629585266113,10.703736305236816,498.87823486328125,3.355978868321157e+17,,7,,106.21097564697266,41049,0.0925571620464325,0.06348457932472229,
0.09392832964658737,26.01923179626465,0.22177600860595703,2.590512275695801,0.08561086654663086,10.646414756774902,26.469022750854492,3.360066646394798e+17,,7,,5.635244369506836,41099,0.09644267708063126,0.07104077935218811,
0.0955028161406517,21.336544036865234,0.16716480255126953,1.9540921449661255,0.08554601669311523,10.470895767211914,638.2089233398438,3.3641540808710554e+17,,7,,135.87442016601562,41149,0.1027325764298439,0.07852078974246979,
0.09554349631071091,24.43920135498047,0.17438220977783203,2.048830509185791,0.0851130485534668,10.466437339782715,295.43756103515625,3.368241858944696e+17,,7,,62.898536682128906,41199,0.1047137901186943,0.09340612590312958,
0.10163474828004837,31.942724227905273,0.18945884704589844,2.2332863807678223,0.08483409881591797,9.839154243469238,174.8877410888672,3.372329637018337e+17,,7,,37.23352813720703,41249,0.08898590505123138,0.062058642506599426,
0.09901640564203262,29.232425689697266,0.18057799339294434,2.109182596206665,0.08561515808105469,10.099336624145508,587.8201293945312,3.376417415091978e+17,,7,,125.14665985107422,41299,0.10646829009056091,0.07015751302242279,
0.09715989232063293,26.637361526489258,0.17621922492980957,2.0560555458068848,0.08570742607116699,10.292312622070312,28.409809112548828,3.3805048495682355e+17,,7,,6.048436641693115,41349,0.12663668394088745,0.08958443999290466,
0.09993073344230652,29.389949798583984,0.18041181564331055,2.1089093685150146,0.08554744720458984,10.006932258605957,612.92919921875,3.3845926276418765e+17,,7,,130.49237060546875,41399,0.09744323790073395,0.06713554263114929,
0.0917552188038826,17.77083969116211,0.1651597023010254,1.9240309000015259,0.08584046363830566,10.89856243133545,172.89630126953125,3.3886804057155174e+17,,7,,36.80955123901367,41449,0.10096947103738785,0.06640996038913727,
0.10133885592222214,30.39168357849121,0.2170577049255371,2.5285332202911377,0.08584332466125488,9.867883682250977,32.7883415222168,3.392767840191775e+17,,7,,6.980625152587891,41499,0.11850254237651825,0.09492713212966919,
0.09583305567502975,26.681184768676758,0.19946765899658203,2.331420660018921,0.0855562686920166,10.434812545776367,543.3995361328125,3.396855618265416e+17,,7,,115.68953704833984,41549,0.10042206943035126,0.09284377098083496,
0.096523717045784,26.67145347595215,0.17429494857788086,2.03841233253479,0.08550524711608887,10.360147476196289,63.453853607177734,3.4009433963390566e+17,,7,,13.509299278259277,41599,0.10203801095485687,0.0730377584695816,
0.10706593841314316,33.91069793701172,0.22209572792053223,2.5917999744415283,0.08569169044494629,9.340038299560547,565.4545288085938,3.405030830815314e+17,,7,,120.38504028320312,41649,0.11445795744657516,0.07525084912776947,
0.09680677205324173,26.539047241210938,0.18300414085388184,2.140852928161621,0.08548188209533691,10.329855918884277,609.3916625976562,3.409118608888955e+17,,7,,129.73924255371094,41699,0.10526134818792343,0.07060615718364716,
0.10704641044139862,32.900943756103516,0.19611644744873047,2.304781675338745,0.08509111404418945,9.341742515563965,61.51496887207031,3.413206386962596e+17,,7,,13.096511840820312,41749,0.0947936475276947,0.06376898288726807,
0.1033211499452591,34.36372375488281,0.23475384712219238,2.7405006885528564,0.08566093444824219,9.678560256958008,552.8743286132812,3.417293821438853e+17,,7,,117.70671081542969,41799,0.13430866599082947,0.07741037011146545,
0.10416195541620255,35.74021911621094,0.22463488578796387,2.6170334815979004,0.08583569526672363,9.600434303283691,48.83268737792969,3.421381599512494e+17,,7,,10.396459579467773,41849,0.09844394773244858,0.09277190268039703,
0.1084175556898117,35.039703369140625,0.20597600936889648,2.4129719734191895,0.08536195755004883,9.22359848022461,69.00730895996094,3.425469377586135e+17,,7,,14.691628456115723,41899,0.09045399725437164,0.07462373375892639,
0.0923636257648468,23.813016891479492,0.1925344467163086,2.2652626037597656,0.08499431610107422,10.826772689819336,225.7978973388672,3.429556812062392e+17,,7,,48.07228088378906,41949,0.0999993085861206,0.06677486002445221,
0.10452259331941605,32.37970733642578,0.191558837890625,2.239292860031128,0.08554434776306152,9.567309379577637,54.495601654052734,3.433644590136033e+17,,7,,11.602091789245605,41999,0.10849172621965408,0.06819485127925873,
0.09685055166482925,27.94643211364746,0.1837918758392334,2.1578078269958496,0.0851752758026123,10.325186729431152,499.8094482421875,3.437732368209674e+17,,7,,106.40922546386719,42049,0.11223042011260986,0.10935129225254059,
0.10949515551328659,32.70282745361328,0.1866922378540039,2.184704542160034,0.08545422554016113,9.132823944091797,286.10369873046875,3.441820146283315e+17,,7,,60.91136169433594,42099,0.10265850275754929,0.09005977213382721,
0.10330846160650253,35.36418533325195,0.22521519660949707,2.6445822715759277,0.08516097068786621,9.679749488830566,44.77408981323242,3.4459075807595725e+17,,7,,9.53238582611084,42149,0.09600745141506195,0.060262784361839294,
0.1005842387676239,28.373855590820312,0.1872091293334961,2.1845242977142334,0.08569788932800293,9.941915512084961,623.0162353515625,3.4499953588332134e+17,,7,,132.63990783691406,42199,0.0923616886138916,0.07422584295272827,
0.10238660126924515,30.943950653076172,0.1959850788116455,2.288050413131714,0.08565592765808105,9.766902923583984,86.59651184082031,3.4540831369068544e+17,,7,,18.43636131286621,42249,0.17857913672924042,0.13855871558189392,
0.10765516757965088,32.34127426147461,0.19611740112304688,2.2914321422576904,0.0855872631072998,9.288917541503906,573.5486450195312,3.458170571383112e+17,,7,,122.1082763671875,42299,0.09628421068191528,0.06641986966133118,
0.09540725499391556,23.766155242919922,0.18389105796813965,2.1512584686279297,0.0854806900024414,10.481383323669434,126.14685821533203,3.4622583494567526e+17,,7,,26.85661506652832,42349,0.10035613179206848,0.06167560815811157,
0.10414237529039383,32.382938385009766,0.19193816184997559,2.244584083557129,0.08551168441772461,9.602239608764648,44.167457580566406,3.4663461275303936e+17,,7,,9.403234481811523,42399,0.10021915286779404,0.07847696542739868,
0.10271959006786346,28.76299285888672,0.18799114227294922,2.211684226989746,0.08499908447265625,9.735240936279297,494.2353210449219,3.470433562006651e+17,,7,,105.22249603271484,42449,0.10223925113677979,0.08016626536846161,
0.11722692847251892,34.95056915283203,0.19169831275939941,2.2327277660369873,0.08585834503173828,8.530463218688965,63.862648010253906,3.474521340080292e+17,,7,,13.596331596374512,42499,0.09918419271707535,0.07543323934078217,
0.09512455761432648,23.3603515625,0.16415047645568848,1.9239928722381592,0.08531761169433594,10.512533187866211,619.7857055664062,3.478609118153933e+17,,7,,131.95213317871094,42549,0.11876890063285828,0.10083906352519989,
0.09533881396055222,23.245454788208008,0.17702579498291016,2.0651731491088867,0.08571958541870117,10.488907814025879,82.4582748413086,3.48269655263019e+17,,7,,17.55533218383789,42599,0.09601699560880661,0.07669644057750702,
0.09642653167247772,24.76333236694336,0.16905593872070312,1.9759454727172852,0.0855569839477539,10.370590209960938,65.45252990722656,3.486784330703831e+17,,7,,13.93481731414795,42649,0.13464125990867615,0.13212746381759644,
0.10391668975353241,29.33397674560547,0.1773371696472168,2.0700206756591797,0.08566927909851074,9.623092651367188,634.1878051757812,3.490872108777472e+17,,7,,135.01832580566406,42699,0.12064541131258011,0.0690629631280899,
0.09243783354759216,23.53094482421875,0.18954753875732422,2.2228808403015137,0.08527112007141113,10.818081855773926,45.04892349243164,3.494959886851113e+17,,7,,9.590897560119629,42749,0.10644064843654633,0.07266424596309662,
0.09949323534965515,27.00307273864746,0.17561674118041992,2.0503149032592773,0.08565354347229004,10.050934791564941,625.2938232421875,3.49904732132737e+17,,7,,133.1248016357422,42799,0.10396800935268402,0.08270874619483948,
0.10985148698091507,34.209293365478516,0.203582763671875,2.3775908946990967,0.08562564849853516,9.10319995880127,39.1450080871582,3.503135099401011e+17,,7,,8.333956718444824,42849,0.09386656433343887,0.0778573751449585,
0.09934587776660919,29.11221694946289,0.19861721992492676,2.334498167037964,0.08507919311523438,10.06584358215332,107.91773223876953,3.507222877474652e+17,,7,,22.97564125061035,42899,0.14890548586845398,0.17617952823638916,
0.09416714310646057,24.189334869384766,0.18796849250793457,2.191056728363037,0.08578896522521973,10.619415283203125,466.577392578125,3.5113103119509094e+17,,7,,99.33413696289062,42949,0.09875524789094925,0.06292860209941864,
0.101889468729496,31.235143661499023,0.19664359092712402,2.2881147861480713,0.08594131469726562,9.814557075500488,45.296852111816406,3.5153980900245504e+17,,7,,9.643681526184082,42999,0.1120171919465065,0.07633702456951141,
0.10014035552740097,29.86806869506836,0.19393014907836914,2.262378454208374,0.08571958541870117,9.985984802246094,624.3746337890625,3.5194858680981914e+17,,7,,132.92910766601562,43049,0.09989780187606812,0.06660529971122742,
0.09311271458864212,23.287702560424805,0.17743659019470215,2.0685789585113525,0.08577704429626465,10.73967170715332,614.0281982421875,3.5235733025744486e+17,,7,,130.7263641357422,43099,0.11321865767240524,0.08232830464839935,
0.09821148216724396,25.905019760131836,0.17096853256225586,1.9932565689086914,0.08577346801757812,10.182108879089355,339.30706787109375,3.5276610806480896e+17,,7,,72.23833465576172,43149,0.11986710876226425,0.0845346599817276,
0.10260408371686935,31.13985824584961,0.1890559196472168,2.205681562423706,0.08571314811706543,9.746200561523438,524.5625,3.5317488587217306e+17,,7,,111.67913818359375,43199,0.09241677820682526,0.05887158215045929,
0.10051646828651428,33.92245864868164,0.23515033721923828,2.7704365253448486,0.08487844467163086,9.948617935180664,28.775697708129883,3.535836293197988e+17,,7,,6.126334190368652,43249,0.11001377552747726,0.05863566696643829,
0.09304875135421753,20.65380859375,0.1850135326385498,2.160376787185669,0.08563947677612305,10.747055053710938,630.915283203125,3.539924071271629e+17,,7,,134.3216094970703,43299,0.09365744888782501,0.06794287264347076,
0.09758110344409943,26.996723175048828,0.18314790725708008,2.143120527267456,0.08545851707458496,10.247885704040527,626.3776245117188,3.54401184934527e+17,,7,,133.3555450439453,43349,0.12120064347982407,0.12849727272987366,
0.09473744034767151,24.813213348388672,0.18788671493530273,2.205463409423828,0.08519148826599121,10.555488586425781,623.29150390625,3.548099627418911e+17,,7,,132.69851684570312,43399,0.12451103329658508,0.07287968695163727,
0.09991932660341263,30.445837020874023,0.18699049949645996,2.1820461750030518,0.08569502830505371,10.008073806762695,627.7291870117188,3.552187061895168e+17,,7,,133.64329528808594,43449,0.13131952285766602,0.10086506605148315,
0.09851943701505661,28.910789489746094,0.18549132347106934,2.174236297607422,0.08531332015991211,10.150280952453613,48.11318588256836,3.556274839968809e+17,,7,,10.243277549743652,43499,0.09745828807353973,0.07273511588573456,
0.10042905062437057,29.561847686767578,0.18683218955993652,2.1962075233459473,0.08507037162780762,9.95727825164795,539.027587890625,3.56036261804245e+17,,7,,114.75875091552734,43549,0.10425123572349548,0.10219822824001312,
0.0964069738984108,24.402414321899414,0.17125439643859863,1.9944549798965454,0.08586525917053223,10.372693061828613,84.53889465332031,3.564450052518707e+17,,7,,17.9982967376709,43599,0.18175801634788513,0.18236768245697021,
0.10657797008752823,34.520790100097656,0.22344422340393066,2.5983121395111084,0.08599591255187988,9.38280200958252,33.849361419677734,3.568537830592348e+17,,7,,7.206515789031982,43649,0.10275069624185562,0.06851378083229065,
0.10242325812578201,31.240642547607422,0.19122791290283203,2.243471622467041,0.08523750305175781,9.763407707214355,126.42002868652344,3.572625608665989e+17,,7,,26.914772033691406,43699,0.14192646741867065,0.1567493975162506,
0.09635215252637863,24.296159744262695,0.17406034469604492,2.0404248237609863,0.08530592918395996,10.378595352172852,32.61997604370117,3.5767130431422464e+17,,7,,6.944779872894287,43749,0.09731177240610123,0.09370729327201843,
0.10176193714141846,28.965635299682617,0.1872565746307373,2.1838810443878174,0.08574485778808594,9.82685661315918,73.25462341308594,3.5808008212158874e+17,,7,,15.595879554748535,43799,0.10359438508749008,0.09839515388011932,
0.10157521069049835,31.032161712646484,0.19064736366271973,2.2327136993408203,0.08538818359375,9.844922065734863,125.74552154541016,3.584888599289528e+17,,7,,26.77117156982422,43849,0.09044486284255981,0.05824139714241028,
0.09702489525079727,24.049556732177734,0.17467117309570312,2.0453901290893555,0.08539748191833496,10.306632995605469,63.68440246582031,3.5889760337657856e+17,,7,,13.558382987976074,43899,0.11441060900688171,0.09249639511108398,
0.10072290152311325,30.43161964416504,0.19219589233398438,2.248049259185791,0.0854945182800293,9.928229331970215,558.0863647460938,3.5930638118394266e+17,,7,,118.81635284423828,43949,0.10950236022472382,0.06724900007247925,
0.09893906861543655,28.931676864624023,0.19855904579162598,2.323118209838867,0.08547091484069824,10.107231140136719,50.8338737487793,3.5971515899130675e+17,,7,,10.822510719299316,43999,0.09705674648284912,0.07906156778335571,
,,,,,,,,3.5971515899130675e+17,7,,,43999,,,0.3894275724887848
0.09983997792005539,29.05389976501465,0.18333840370178223,2.1591320037841797,0.08491301536560059,10.016027450561523,624.9110107421875,3.6012393679867085e+17,,7,,133.04330444335938,44049,0.12895269691944122,0.06853605806827545,
0.08623652905225754,0.8377135992050171,0.08984899520874023,1.0532885789871216,0.08530330657958984,11.596014022827148,622.78759765625,3.605326802462966e+17,,7,,132.59121704101562,44099,0.12457458674907684,0.07235759496688843,
0.0869620069861412,1.469484567642212,0.09157419204711914,1.0695668458938599,0.0856180191040039,11.499274253845215,23.368614196777344,3.609414580536607e+17,,7,,4.975168704986572,44149,0.1783064603805542,0.22123579680919647,
0.09274189174175262,21.16341209411621,0.1966099739074707,2.2943367958068848,0.0856935977935791,10.782613754272461,630.0059814453125,3.613502358610248e+17,,7,,134.1280059814453,44199,0.1130850538611412,0.11310222744941711,
0.09334611147642136,22.971494674682617,0.1778852939605713,2.080204963684082,0.08551335334777832,10.71281909942627,628.0797729492188,3.617589793086505e+17,,7,,133.71792602539062,44249,0.10219259560108185,0.06734146177768707,
0.09416383504867554,24.886199951171875,0.1875624656677246,2.188671827316284,0.08569693565368652,10.61978816986084,638.9698486328125,3.621677571160146e+17,,7,,136.0364227294922,44299,0.09599988907575607,0.06544652581214905,
0.08944708853960037,16.10084342956543,0.18876385688781738,2.2123665809631348,0.08532214164733887,11.179793357849121,633.9522094726562,3.625765349233787e+17,,7,,134.96817016601562,44349,0.0967547595500946,0.06283368170261383,
0.08646300435066223,1.1512850522994995,0.09027600288391113,1.056658148765564,0.08543539047241211,11.56563949584961,23.775625228881836,3.629852783710044e+17,,7,,5.061820983886719,44399,0.09877228736877441,0.0711650401353836,
0.09013377875089645,21.121828079223633,0.19028902053833008,2.2291393280029297,0.08536434173583984,11.094619750976562,146.06004333496094,3.633940561783685e+17,,7,,31.09612464904785,44449,0.17589232325553894,0.20521029829978943,
0.09226106852293015,21.805831909179688,0.1813187599182129,2.130704641342163,0.0850980281829834,10.838808059692383,611.8938598632812,3.638028339857326e+17,,7,,130.27195739746094,44499,0.10085630416870117,0.0689861923456192,
0.09514276683330536,25.75197982788086,0.18812012672424316,2.2006709575653076,0.08548307418823242,10.510519981384277,21.97859001159668,3.6421157743335834e+17,,7,,4.679233074188232,44549,0.10357057303190231,0.0757206529378891,
0.08892528712749481,13.871081352233887,0.17310547828674316,2.0285115242004395,0.08533620834350586,11.245394706726074,642.669189453125,3.646203552407224e+17,,7,,136.82400512695312,44599,0.08809294551610947,0.06379841268062592,
0.09382284432649612,24.334793090820312,0.17041254043579102,1.9892019033432007,0.08566880226135254,10.658384323120117,24.491031646728516,3.650291330480865e+17,,7,,5.214130878448486,44649,0.09796179085969925,0.06638213992118835,
0.08988261967897415,18.31652069091797,0.18179750442504883,2.1445257663726807,0.08477282524108887,11.12562084197998,184.62857055664062,3.654379108554506e+17,,7,,39.30734634399414,44699,0.09987744688987732,0.06406806409358978,
0.092614084482193,22.666154861450195,0.1792917251586914,2.09594464302063,0.08554220199584961,10.797492980957031,145.5865020751953,3.6584665430307635e+17,,7,,30.99530792236328,44749,0.0976610854268074,0.06449003517627716,
0.09610981494188309,27.092559814453125,0.1931018829345703,2.2625961303710938,0.08534526824951172,10.404764175415039,23.29946517944336,3.6625543211044045e+17,,7,,4.960446357727051,44799,0.08973835408687592,0.060516372323036194,
0.09503128379583359,25.994873046875,0.18633556365966797,2.178858995437622,0.08551979064941406,10.52285099029541,636.291748046875,3.6666420991780454e+17,,7,,135.4662628173828,44849,0.10054387152194977,0.07492867112159729,
0.09515611082315445,25.12194061279297,0.18628334999084473,2.177604913711548,0.08554506301879883,10.50904655456543,621.6454467773438,3.670729533654303e+17,,7,,132.3480682373047,44899,0.09045290946960449,0.06277903914451599,
0.09264105558395386,23.775842666625977,0.18278932571411133,2.150021553039551,0.08501744270324707,10.794350624084473,75.6926498413086,3.674817311727944e+17,,7,,16.11493492126465,44949,0.10090135037899017,0.06655712425708771,
0.09003251791000366,17.945167541503906,0.174360990524292,2.0446579456329346,0.08527636528015137,11.107097625732422,633.9141845703125,3.6789050898015846e+17,,7,,134.96006774902344,44999,0.1148049533367157,0.07633808255195618,
0.0927731990814209,21.885774612426758,0.18366527557373047,2.14808988571167,0.08550167083740234,10.778975486755371,25.523935317993164,3.682992524277842e+17,,7,,5.434035301208496,45049,0.11485347151756287,0.06140635907649994,
0.09444699436426163,24.830673217773438,0.18370509147644043,2.143928289413452,0.08568620681762695,10.5879487991333,650.442138671875,3.687080302351483e+17,,7,,138.47886657714844,45099,0.11825340986251831,0.08986523747444153,
0.0916026383638382,22.656814575195312,0.18678593635559082,2.198529005050659,0.08495950698852539,10.916715621948242,597.1923828125,3.691168080425124e+17,,7,,127.14201354980469,45149,0.10585891455411911,0.08366437256336212,
0.098514124751091,27.959617614746094,0.18674659729003906,2.180534601211548,0.08564257621765137,10.15082836151123,87.65441131591797,3.695255514901381e+17,,7,,18.661588668823242,45199,0.13453565537929535,0.06684243679046631,
0.09063365310430527,18.67857551574707,0.17276239395141602,2.0223495960235596,0.08542656898498535,11.033430099487305,578.1109008789062,3.699343292975022e+17,,7,,123.07958221435547,45249,0.14970579743385315,0.24455632269382477,
0.09494505077600479,24.81095314025879,0.19958066940307617,2.3381104469299316,0.08535981178283691,10.532407760620117,26.88744354248047,3.703431071048663e+17,,7,,5.724326133728027,45299,0.1371154487133026,0.18309719860553741,
0.09806250780820847,28.148147583007812,0.17689251899719238,2.070309638977051,0.08544254302978516,10.197576522827148,637.6852416992188,3.707518849122304e+17,,7,,135.76292419433594,45349,0.10140322893857956,0.06079888343811035,
0.08942444622516632,15.560626983642578,0.16405415534973145,1.921983003616333,0.0853567123413086,11.182624816894531,590.8219604492188,3.711606283598561e+17,,7,,125.78575134277344,45399,0.09560640901327133,0.06872424483299255,
0.08983814716339111,17.894922256469727,0.18663501739501953,2.1810896396636963,0.08556962013244629,11.131129264831543,19.026691436767578,3.715694061672202e+17,,7,,4.050775051116943,45449,0.0959787592291832,0.06747715175151825,
0.09218296408653259,21.752105712890625,0.18064427375793457,2.1156065464019775,0.08538651466369629,10.847991943359375,570.675537109375,3.719781839745843e+17,,7,,121.49659729003906,45499,0.09953226894140244,0.07240276038646698,
0.09429002553224564,25.21505355834961,0.18513751029968262,2.1676599979400635,0.08540892601013184,10.605575561523438,21.51944351196289,3.7238692742221005e+17,,7,,4.581480979919434,45549,0.11348403990268707,0.06262506544589996,
0.0964011698961258,25.297712326049805,0.1719961166381836,1.9957892894744873,0.08617949485778809,10.37331771850586,564.9903564453125,3.7279570522957414e+17,,7,,120.28621673583984,45599,0.10626379400491714,0.06925655901432037,
0.0935366079211235,21.787052154541016,0.17943239212036133,2.0939998626708984,0.08568882942199707,10.691000938415527,495.20294189453125,3.7320448303693824e+17,,7,,105.42850494384766,45649,0.0925854817032814,0.0615730881690979,
0.10103214532136917,27.81644630432129,0.18004322052001953,2.1036157608032227,0.0855875015258789,9.897839546203613,20.41769790649414,3.73613226484564e+17,,7,,4.346919536590576,45699,0.09649867564439774,0.07152236998081207,
0.10043688118457794,27.396263122558594,0.17247867584228516,2.0165915489196777,0.08552980422973633,9.956501960754395,498.3621826171875,3.7402200429192806e+17,,7,,106.10110473632812,45749,0.097185879945755,0.07122939825057983,
0.10299147665500641,31.810503005981445,0.2089684009552002,2.435774803161621,0.08579134941101074,9.709541320800781,511.68963623046875,3.7443078209929216e+17,,7,,108.93851470947266,45799,0.11152524501085281,0.08644057810306549,
0.10173366218805313,29.07732391357422,0.18057990074157715,2.1146931648254395,0.08539295196533203,9.829587936401367,552.5205078125,3.748395255469179e+17,,7,,117.63139343261719,45849,0.09213341772556305,0.061600834131240845,
,,,,,,,3.75248303354282e+17,,8,,,45899,0.10911758244037628,0.10320314764976501,
0.10126186907291412,33.35246658325195,0.22426962852478027,5.286925315856934,0.0424196720123291,9.875385284423828,359.9994812011719,3.756570811616461e+17,,8,,76.64374542236328,45949,0.1164015382528305,0.10483017563819885,
0.0983608067035675,27.259700775146484,0.17101049423217773,1.9957596063613892,0.08568692207336426,10.166650772094727,623.9631958007812,3.760658589690102e+17,,8,,132.8415069580078,45999,0.0981578677892685,0.07626587152481079,
0.09661523252725601,28.187257766723633,0.19288969039916992,2.2648932933807373,0.08516502380371094,10.350335121154785,16.95942497253418,3.764746024166359e+17,,8,,3.610654592514038,46049,0.11386603116989136,0.0874030739068985,
0.09741709381341934,23.52128028869629,0.1965351104736328,2.3152549266815186,0.08488702774047852,10.265138626098633,598.7091674804688,3.76883380224e+17,,8,,127.4649429321289,46099,0.09959735721349716,0.06052008271217346,
0.09676170349121094,26.184036254882812,0.17943859100341797,2.1041419506073,0.08527874946594238,10.334667205810547,268.87481689453125,3.772921580313641e+17,,8,,57.24333953857422,46149,0.15628375113010406,0.16980016231536865,
0.0941719114780426,24.021928787231445,0.1824665069580078,2.144606590270996,0.08508157730102539,10.618877410888672,633.7026977539062,3.777009014789898e+17,,8,,134.91505432128906,46199,0.12395917624235153,0.13326279819011688,
0.10078835487365723,29.20398712158203,0.18078255653381348,2.1141269207000732,0.08551168441772461,9.921781539916992,581.6917724609375,3.781096792863539e+17,,8,,123.8419418334961,46249,0.11497747153043747,0.08001270890235901,
0.09371069818735123,24.720232009887695,0.18534040451049805,2.181257486343384,0.08496952056884766,10.67113971710205,29.792776107788086,3.78518457093718e+17,,8,,6.342869758605957,46299,0.1108064129948616,0.08654540777206421,
0.09061412513256073,17.50881004333496,0.17321085929870605,2.0293948650360107,0.08535099029541016,11.035806655883789,620.1637573242188,3.7892720054134374e+17,,8,,132.03260803222656,46349,0.10632722079753876,0.06625722348690033,
0.0973113477230072,25.665355682373047,0.20905399322509766,2.4426374435424805,0.08558535575866699,10.276293754577637,599.4915161132812,3.7933597834870784e+17,,8,,127.63150024414062,46399,0.10273908823728561,0.06243494153022766,
0.10262362658977509,30.01364517211914,0.18427252769470215,2.168215274810791,0.08498811721801758,9.744344711303711,298.84185791015625,3.7974475615607194e+17,,8,,63.623313903808594,46449,0.10495244711637497,0.07438136637210846,
0.08848220109939575,12.195697784423828,0.14825105667114258,1.7502906322479248,0.0847008228302002,11.30170726776123,636.51806640625,3.8015349960369766e+17,,8,,135.51443481445312,46499,0.10185281932353973,0.0769646167755127,
0.09182374179363251,20.94429588317871,0.1767423152923584,2.065807819366455,0.0855560302734375,10.890429496765137,25.04923439025879,3.8056227741106176e+17,,8,,5.332971572875977,46549,0.1068919450044632,0.06395281851291656,
0.09487628936767578,25.661832809448242,0.18818378448486328,2.210880994796753,0.08511710166931152,10.540040969848633,185.20944213867188,3.8097105521842586e+17,,8,,39.43101501464844,46599,0.09659088402986526,0.059779658913612366,
0.09355725347995758,21.875333786010742,0.17107582092285156,2.0027687549591064,0.0854196548461914,10.688642501831055,144.07669067382812,3.8137983302578995e+17,,8,,30.67386817932129,46649,0.0886576697230339,0.07140986621379852,
0.09923630952835083,28.433067321777344,0.2050635814666748,2.3874330520629883,0.08589291572570801,10.076956748962402,34.395503997802734,3.817885764734157e+17,,8,,7.322789192199707,46699,0.09742333739995956,0.05632854998111725,
0.09232275187969208,22.460908889770508,0.1830587387084961,2.153329372406006,0.08501195907592773,10.831565856933594,637.592529296875,3.821973542807798e+17,,8,,135.74319458007812,46749,0.2152373045682907,0.19494220614433289,
0.10237886011600494,31.871191024780273,0.18622851371765137,2.1983962059020996,0.08471107482910156,9.767641067504883,39.15665054321289,3.826061320881439e+17,,8,,8.336435317993164,46799,0.10240717232227325,0.06349167227745056,
0.09434326738119125,24.930171966552734,0.17940545082092285,2.110243082046509,0.08501648902893066,10.599590301513672,226.481201171875,3.830148755357696e+17,,8,,48.21775436401367,46849,0.10192812979221344,0.06449364125728607,
0.10316970944404602,28.98680305480957,0.18689203262329102,2.168672800064087,0.08617806434631348,9.692767143249512,584.875244140625,3.834236533431337e+17,,8,,124.51970672607422,46899,0.08711308985948563,0.060374513268470764,
0.09817425906658173,28.511276245117188,0.1857295036315918,2.1803855895996094,0.08518195152282715,10.185969352722168,33.806129455566406,3.838324311504978e+17,,8,,7.1973114013671875,46949,0.09497985243797302,0.06804674863815308,
0.09598778188228607,26.765682220458984,0.2134082317352295,2.505308151245117,0.08518242835998535,10.41799259185791,540.75537109375,3.842411745981235e+17,,8,,115.12660217285156,46999,0.12257412075996399,0.10031749308109283,
0.09899138659238815,26.157093048095703,0.18143129348754883,2.115649700164795,0.08575677871704102,10.101889610290527,620.8670043945312,3.846499524054876e+17,,8,,132.18234252929688,47049,0.1192740872502327,0.08815442025661469,
0.10054843127727509,28.182140350341797,0.17766118049621582,2.0779895782470703,0.08549666404724121,9.945455551147461,93.78888702392578,3.850587302128517e+17,,8,,19.96761703491211,47099,0.10344942659139633,0.0803794264793396,
0.1024712398648262,30.432804107666016,0.17955422401428223,2.0985045433044434,0.08556294441223145,9.758835792541504,565.8673095703125,3.8546747366047744e+17,,8,,120.4729232788086,47149,0.12907858192920685,0.0961037129163742,
0.10727915912866592,31.533695220947266,0.18384480476379395,2.1296603679656982,0.08632588386535645,9.3214750289917,38.724029541015625,3.8587625146784154e+17,,8,,8.244330406188965,47199,0.10880881547927856,0.07168406248092651,
0.09678336977958679,26.209924697875977,0.18933677673339844,2.2064359188079834,0.08581113815307617,10.332353591918945,613.9842529296875,3.862850292752056e+17,,8,,130.7169952392578,47249,0.10858429968357086,0.09144353866577148,
0.0954960286617279,26.04497718811035,0.18958020210266113,2.2298476696014404,0.08501935005187988,10.471639633178711,539.8696899414062,3.866938070825697e+17,,8,,114.93803405761719,47299,0.09841886162757874,0.07733599841594696,
0.10122284293174744,30.860925674438477,0.22365117073059082,2.605435609817505,0.08584022521972656,9.879193305969238,53.47332763671875,3.8710255053019546e+17,,8,,11.38444995880127,47349,0.12821494042873383,0.13206635415554047,
0.09829724580049515,29.818174362182617,0.22398877143859863,2.635197877883911,0.08499884605407715,10.173225402832031,634.5863037109375,3.8751132833755955e+17,,8,,135.10316467285156,47399,0.1004396453499794,0.07524769008159637,
0.10431423783302307,30.505022048950195,0.18418264389038086,2.153006076812744,0.08554673194885254,9.586419105529785,92.80047607421875,3.8792010614492365e+17,,8,,19.757183074951172,47449,0.10524079948663712,0.07678638398647308,
0.1018105000257492,30.029037475585938,0.18660449981689453,2.1795549392700195,0.08561587333679199,9.82217025756836,45.66386413574219,3.883288495925494e+17,,8,,9.721817970275879,47499,0.10969846695661545,0.0687713623046875,
0.0990772545337677,24.787675857543945,0.17912697792053223,2.076270341873169,0.0862734317779541,10.093133926391602,584.784423828125,3.887376273999135e+17,,8,,124.50035858154297,47549,0.11480621993541718,0.08530139923095703,
0.11224360764026642,32.88225173950195,0.224884033203125,2.6295480728149414,0.08552193641662598,8.90919303894043,32.37715148925781,3.891464052072776e+17,,8,,6.893082618713379,47599,0.09403502941131592,0.07022446393966675,
0.10405199229717255,29.405738830566406,0.18175911903381348,2.131317138671875,0.08528017997741699,9.610580444335938,558.8531494140625,3.895551486549033e+17,,8,,118.9796142578125,47649,0.09654083102941513,0.06907595694065094,
0.09953754395246506,30.267498016357422,0.1943531036376953,2.269458770751953,0.08563852310180664,10.046460151672363,53.418479919433594,3.899639264622674e+17,,8,,11.372773170471191,47699,0.12756675481796265,0.09188219904899597,
0.10517289489507675,30.37639045715332,0.18067121505737305,2.105527877807617,0.08580803871154785,9.508153915405273,47.03553009033203,3.903727042696315e+17,,8,,10.013845443725586,47749,0.11480477452278137,0.06516379117965698,
0.09913088381290436,28.5344181060791,0.1914536952972412,2.2365739345550537,0.0856013298034668,10.087674140930176,623.2521362304688,3.907814477172572e+17,,8,,132.6901397705078,47799,0.11009753495454788,0.07146528363227844,
0.10391683131456375,31.324806213378906,0.18639516830444336,2.1735751628875732,0.0857551097869873,9.623080253601074,49.60972595214844,3.911902255246213e+17,,8,,10.561890602111816,47849,0.0964517816901207,0.06960107386112213,
0.10113836079835892,29.126604080200195,0.17751336097717285,2.0755198001861572,0.08552718162536621,9.887445449829102,632.4381103515625,3.915990033319854e+17,,8,,134.6458282470703,47899,0.09751851111650467,0.06646528840065002,
0.09883012622594833,27.188331604003906,0.18970489501953125,2.2176079750061035,0.08554482460021973,10.118372917175293,633.26318359375,3.920077811393495e+17,,8,,134.82147216796875,47949,0.0923047661781311,0.0673336386680603,
0.10217646509408951,29.241878509521484,0.19287323951721191,2.2756385803222656,0.08475565910339355,9.786989212036133,38.9083251953125,3.924165245869752e+17,,8,,8.28356647491455,47999,0.10617124289274216,0.0667886734008789,
,,,,,,,,3.924165245869752e+17,8,,,47999,,,0.42328742146492004
0.08567792177200317,2.431041955947876,0.09996604919433594,1.1807337999343872,0.08466434478759766,11.671618461608887,627.6038818359375,3.928253023943393e+17,,8,,133.61660766601562,48049,0.11913308501243591,0.08948913216590881,
0.08606023341417313,0.6674599647521973,0.08802986145019531,1.0312914848327637,0.08535885810852051,11.619769096374512,633.3126220703125,3.932340802017034e+17,,8,,134.83200073242188,48099,0.11473724991083145,0.08885711431503296,
0.08599886298179626,1.2825528383255005,0.09181737899780273,1.076456904411316,0.0852959156036377,11.628061294555664,30.002971649169922,3.9364282364932915e+17,,8,,6.387620449066162,48149,0.10765113681554794,0.0771106630563736,
0.1147867739200592,34.243385314941406,0.21428370475769043,2.5044543743133545,0.08556103706359863,8.711804389953613,179.01214599609375,3.9405160145669325e+17,,8,,38.11161422729492,48199,0.10359439998865128,0.07153153419494629,
0.09600278735160828,25.863420486450195,0.17946553230285645,2.1090569496154785,0.08509278297424316,10.416364669799805,628.5324096679688,3.9446037926405734e+17,,8,,133.81430053710938,48249,0.11129189282655716,0.08978308737277985,
0.10177652537822723,29.247272491455078,0.18032526969909668,2.115882158279419,0.08522462844848633,9.825448036193848,25.033552169799805,3.948691227116831e+17,,8,,5.3296332359313965,48299,0.15337401628494263,0.12227049469947815,
0.09605425596237183,25.742799758911133,0.16879057884216309,1.987939715385437,0.08490729331970215,10.410782814025879,513.2673950195312,3.952779005190472e+17,,8,,109.27442169189453,48349,0.11001837253570557,0.07344916462898254,
0.09873663634061813,28.588850021362305,0.18495440483093262,2.1734459400177,0.0850973129272461,10.12795352935791,40.98011779785156,3.9568667832641126e+17,,8,,8.724650382995605,48399,0.1639360785484314,0.13522744178771973,
0.10198601335287094,30.280746459960938,0.1820220947265625,2.1314334869384766,0.08539891242980957,9.805266380310059,85.19043731689453,3.96095421774037e+17,,8,,18.137008666992188,48449,0.0939798504114151,0.057354286313056946,
0.0876132994890213,13.094208717346191,0.1678316593170166,1.9743452072143555,0.0850062370300293,11.41379165649414,411.220703125,3.965041995814011e+17,,8,,87.54872131347656,48499,0.13793350756168365,0.1309494823217392,
0.10176749527454376,29.093257904052734,0.17464137077331543,2.0464067459106445,0.08534049987792969,9.826319694519043,35.92243576049805,3.969129773887652e+17,,8,,7.647871971130371,48549,0.11778837442398071,0.08695700764656067,
0.09198066592216492,21.936546325683594,0.17686724662780762,2.068807363510132,0.08549237251281738,10.87185001373291,563.0324096679688,3.973217551961293e+17,,8,,119.86937713623047,48599,0.11278840899467468,0.10070881247520447,
0.09394891560077667,24.5450439453125,0.17548346519470215,2.067049980163574,0.08489561080932617,10.644083023071289,633.4481811523438,3.97730498643755e+17,,8,,134.86087036132812,48649,0.10158278793096542,0.06738975644111633,
0.09813427180051804,30.556142807006836,0.19927239418029785,2.3397467136383057,0.08516836166381836,10.190119743347168,62.74167251586914,3.981392764511191e+17,,8,,13.35767650604248,48699,0.11670001596212387,0.08799315989017487,
0.09689686447381973,27.357694625854492,0.18425369262695312,2.1679813861846924,0.08498859405517578,10.32025146484375,637.9111938476562,3.985480542584832e+17,,8,,135.81103515625,48749,0.10103356093168259,0.06366141140460968,
0.09996923804283142,29.053550720214844,0.1842200756072998,2.15647292137146,0.08542656898498535,10.003077507019043,56.79191970825195,3.989567977061089e+17,,8,,12.09097671508789,48799,0.08961012959480286,0.05653129518032074,
0.10220036655664444,30.027645111083984,0.18563318252563477,2.1634864807128906,0.08580279350280762,9.784700393676758,619.8436889648438,3.99365575513473e+17,,8,,131.96446228027344,48849,0.10228151828050613,0.06652931869029999,
0.10656511038541794,31.765663146972656,0.20465707778930664,2.384315252304077,0.08583474159240723,9.383934020996094,235.26165771484375,3.997743533208371e+17,,8,,50.08711242675781,48899,0.10278113931417465,0.06496907770633698,
0.1071581095457077,33.25176239013672,0.19409561157226562,2.2705419063568115,0.08548426628112793,9.33200454711914,34.63998031616211,4.0018309676846285e+17,,8,,7.374837875366211,48949,0.1052822396159172,0.07693473994731903,
0.10425864160060883,31.1087589263916,0.18143343925476074,2.1255788803100586,0.0853571891784668,9.591530799865723,516.9503173828125,4.0059187457582694e+17,,8,,110.05851745605469,48999,0.1093602329492569,0.0813475251197815,
0.10639974474906921,30.7835636138916,0.19991183280944824,2.3463876247406006,0.08519983291625977,9.398519515991211,27.956878662109375,4.0100065238319104e+17,,8,,5.952008247375488,49049,0.1125393807888031,0.09053853154182434,
0.09818534553050995,26.987476348876953,0.18287372589111328,2.150911569595337,0.0850214958190918,10.184819221496582,631.3701171875,4.014093958308168e+17,,8,,134.41844177246094,49099,0.1349758505821228,0.1376161277294159,
0.09861960262060165,29.064374923706055,0.1853477954864502,2.1845319271087646,0.08484554290771484,10.139972686767578,578.7525634765625,4.0181817363818086e+17,,8,,123.2161865234375,49149,0.11283260583877563,0.07380706071853638,
0.10021867603063583,32.436161041259766,0.23018455505371094,2.6934337615966797,0.08546137809753418,9.978179931640625,32.036598205566406,4.0222695144554496e+17,,8,,6.820578575134277,49199,0.10950393974781036,0.07108131051063538,
0.10151045769453049,28.70832633972168,0.18229198455810547,2.1406238079071045,0.0851583480834961,9.851202011108398,581.72607421875,4.0263572925290906e+17,,8,,123.8492431640625,49249,0.08823181688785553,0.06323643028736115,
0.09321775287389755,17.545225143432617,0.14718866348266602,1.725826382637024,0.08528590202331543,10.727570533752441,626.7482299804688,4.030444727005348e+17,,8,,133.4344482421875,49299,0.11147952079772949,0.10650493204593658,
0.10928867012262344,34.70484161376953,0.23546767234802246,2.752864122390747,0.08553552627563477,9.150078773498535,63.225399017333984,4.034532505078989e+17,,8,,13.460661888122559,49349,0.09428698569536209,0.05979515612125397,
0.10506945103406906,31.406953811645508,0.20420384407043457,2.380033016204834,0.08579874038696289,9.5175142288208,578.1204833984375,4.03862028315263e+17,,8,,123.08161926269531,49399,0.16368088126182556,0.19626322388648987,
0.0992123931646347,30.203516006469727,0.18448472023010254,2.1560025215148926,0.08556795120239258,10.079385757446289,28.72873878479004,4.042707717628887e+17,,8,,6.116336822509766,49449,0.09193018078804016,0.05819790065288544,
0.2723475396633148,405.17205810546875,7.99269437789917,93.33631134033203,0.0856332778930664,3.671778917312622,416.3043518066406,4.046795495702528e+17,,8,,88.63102722167969,49499,0.11083239316940308,0.09356334805488586,
0.11163438111543655,27.747804641723633,0.17648983001708984,2.056135654449463,0.08583569526672363,8.957813262939453,493.4373779296875,4.050883273776169e+17,,8,,105.0526123046875,49549,0.10431020706892014,0.07390089333057404,
0.10104162991046906,28.97770118713379,0.17918038368225098,2.0939369201660156,0.0855710506439209,9.896910667419434,139.51513671875,4.054970708252426e+17,,8,,29.702714920043945,49599,0.11018738895654678,0.08673547208309174,
0.10017947852611542,28.822237014770508,0.17916345596313477,2.0939199924468994,0.08556365966796875,9.982084274291992,555.6116943359375,4.059058486326067e+17,,8,,118.28950500488281,49649,0.10185505449771881,0.06977900862693787,
0.09380879998207092,23.644283294677734,0.1804215908050537,2.107343912124634,0.08561563491821289,10.659980773925781,28.45103645324707,4.063146264399708e+17,,8,,6.057214260101318,49699,0.13849779963493347,0.15116119384765625,
0.0978243425488472,27.749290466308594,0.18153905868530273,2.1335206031799316,0.08508896827697754,10.222404479980469,578.457763671875,4.0672336988759654e+17,,8,,123.1534194946289,49749,0.16862812638282776,0.18040984869003296,
0.10319006443023682,30.71036148071289,0.19669127464294434,2.3011884689331055,0.08547377586364746,9.690855026245117,383.5548400878906,4.0713214769496064e+17,,8,,81.6586685180664,49799,0.09448088705539703,0.06899736821651459,
0.10659816861152649,32.9202880859375,0.1948108673095703,2.2728426456451416,0.08571243286132812,9.381024360656738,29.454914093017578,4.0754092550232474e+17,,8,,6.270939350128174,49849,0.13021013140678406,0.07263243198394775,
0.10694185644388199,32.443458557128906,0.18790578842163086,2.193556785583496,0.0856626033782959,9.350875854492188,540.7359008789062,4.079497033096888e+17,,8,,115.12245178222656,49899,0.10020144283771515,0.07219694554805756,
0.09993866831064224,26.62395668029785,0.17519402503967285,2.0473287105560303,0.0855720043182373,10.006136894226074,41.26163101196289,4.0835844675731456e+17,,8,,8.784584045410156,49949,0.09950095415115356,0.06123632192611694,
0.0976843312382698,27.251285552978516,0.18813800811767578,2.193636178970337,0.08576536178588867,10.237056732177734,601.3875122070312,4.0876722456467866e+17,,8,,128.03515625,49999,0.09719241410493851,0.06633803248405457,
0.11086783558130264,31.88518714904785,0.19534826278686523,2.27201509475708,0.08598017692565918,9.01974868774414,522.9430541992188,4.0917600237204275e+17,,8,,111.33436584472656,50049,0.1197924092411995,0.08762332797050476,
0.10597772151231766,31.63290786743164,0.18929839134216309,2.2145843505859375,0.08547806739807129,9.435945510864258,43.449459075927734,4.095847458196685e+17,,8,,9.250372886657715,50099,0.09819576889276505,0.06973639130592346,
0.09990621358156204,30.14646339416504,0.1993119716644287,2.3390066623687744,0.08521223068237305,10.009387016296387,537.2720336914062,4.099935236270326e+17,,8,,114.38500213623047,50149,0.0993887409567833,0.06815823912620544,
0.09707150608301163,26.907424926757812,0.19723248481750488,2.3053276538848877,0.0855550765991211,10.30168342590332,69.17153930664062,4.104023014343967e+17,,8,,14.726592063903809,50199,0.11133452504873276,0.063484326004982,
0.10492484271526337,29.95940399169922,0.18460559844970703,2.156832218170166,0.08559107780456543,9.530632019042969,44.29780578613281,4.108110448820224e+17,,8,,9.430985450744629,50249,0.11416605859994888,0.09134355187416077,
0.09605889022350311,24.450353622436523,0.16816091537475586,1.960649013519287,0.08576798439025879,10.41028118133545,611.160400390625,4.112198226893865e+17,,8,,130.1157989501953,50299,0.12727652490139008,0.08980251848697662,
0.10231433063745499,29.889169692993164,0.18134331703186035,2.1239120960235596,0.08538174629211426,9.773801803588867,52.166847229003906,4.116286004967506e+17,,8,,11.106300354003906,50349,0.09948992729187012,0.07349424064159393,
0.10803906619548798,32.82388687133789,0.19138240814208984,2.2507424354553223,0.08503079414367676,9.255910873413086,492.70330810546875,4.120373439443763e+17,,8,,104.89633178710938,50399,0.10953526943922043,0.08762979507446289,
0.09975561499595642,28.63286781311035,0.17505288124084473,2.0612716674804688,0.08492469787597656,10.024497985839844,56.703407287597656,4.124461217517404e+17,,8,,12.072132110595703,50449,0.10148090124130249,0.06657619774341583,
0.11011669039726257,32.73348617553711,0.20421123504638672,2.3860867023468018,0.08558416366577148,9.081275939941406,85.93893432617188,4.128548995591045e+17,,8,,18.296363830566406,50499,0.10747993737459183,0.07481315732002258,
0.09290654212236404,22.72076416015625,0.1736772060394287,2.035876750946045,0.08530831336975098,10.763504981994629,591.5973510742188,4.132636773664686e+17,,8,,125.9508285522461,50549,0.11941955238580704,0.0826987475156784,
0.09599899500608444,24.756288528442383,0.18065500259399414,2.1215970516204834,0.08515048027038574,10.416775703430176,91.82350158691406,4.1367242081409434e+17,,8,,19.54918670654297,50599,0.1204327717423439,0.12168221175670624,
0.09196355193853378,20.426006317138672,0.17916345596313477,2.105678081512451,0.08508586883544922,10.873873710632324,595.4384765625,4.140811986214584e+17,,8,,126.76860809326172,50649,0.11036445200443268,0.0708451122045517,
0.09985944628715515,28.624807357788086,0.1901710033416748,2.2265753746032715,0.08540964126586914,10.01407527923584,52.905513763427734,4.144899764288225e+17,,8,,11.263562202453613,50699,0.1075064018368721,0.09405727684497833,
0.09483028203248978,24.329843521118164,0.16437077522277832,1.9275391101837158,0.08527493476867676,10.54515552520752,26.595163345336914,4.1489871987644826e+17,,8,,5.662099361419678,50749,0.10474333167076111,0.061629518866539,
0.10121700912714005,24.905000686645508,0.1860957145690918,2.176758289337158,0.08549213409423828,9.879761695861816,456.4714050292969,4.1530749768381235e+17,,8,,97.18257904052734,50799,0.10359764844179153,0.06721477210521698,
0.09604866057634354,26.510879516601562,0.18392467498779297,2.1644623279571533,0.08497476577758789,10.411389350891113,39.94900131225586,4.1571627549117645e+17,,8,,8.505126953125,50849,0.10044791549444199,0.06836184859275818,
0.10758840292692184,33.96625900268555,0.21947026252746582,2.5640294551849365,0.08559584617614746,9.294682502746582,457.8104248046875,4.161250189388022e+17,,8,,97.46765899658203,50899,0.15946000814437866,0.10668258368968964,
0.09845589846372604,29.017473220825195,0.18419456481933594,2.149132490158081,0.08570647239685059,10.156831741333008,114.36756134033203,4.165337967461663e+17,,8,,24.34880828857422,50949,0.12855714559555054,0.09461258351802826,
0.09558036178350449,26.11066436767578,0.18048691749572754,2.120424509048462,0.08511829376220703,10.462400436401367,38.31478500366211,4.169425745535304e+17,,8,,8.157201766967773,50999,0.10172280669212341,0.06640486419200897,
0.09738084673881531,28.106651306152344,0.19906020164489746,2.3240935802459717,0.08565068244934082,10.268959999084473,570.5263671875,4.173513180011561e+17,,8,,121.46483612060547,51049,0.10615690797567368,0.06163427233695984,
0.10955174267292023,31.796802520751953,0.18967366218566895,2.2346253395080566,0.08487939834594727,9.128107070922852,36.67561340332031,4.177600958085202e+17,,8,,7.808223247528076,51099,0.10974069684743881,0.08641135692596436,
0.09701378643512726,26.789161682128906,0.1745615005493164,2.0400962829589844,0.08556532859802246,10.30781364440918,52.45060729980469,4.181688736158843e+17,,8,,11.16671371459961,51149,0.1268036663532257,0.1023787260055542,
0.09782972931861877,29.603639602661133,0.19426703453063965,2.272629737854004,0.08548116683959961,10.221841812133789,533.2060546875,4.1857761706351e+17,,8,,113.51935577392578,51199,0.10117626190185547,0.07110661268234253,
0.09859070926904678,29.864139556884766,0.1834731101989746,2.1523241996765137,0.08524417877197266,10.142943382263184,29.9340877532959,4.189863948708741e+17,,8,,6.372955322265625,51249,0.10095399618148804,0.07734401524066925,
0.09222565591335297,20.23876190185547,0.1740131378173828,2.0450327396392822,0.08509063720703125,10.84296989440918,613.2288208007812,4.193951726782382e+17,,8,,130.55616760253906,51299,0.10970639437437057,0.06947639584541321,
0.10343530029058456,31.43292236328125,0.19296026229858398,2.2591824531555176,0.08541154861450195,9.667879104614258,27.50035858154297,4.198039504856023e+17,,8,,5.8548150062561035,51349,0.10384804010391235,0.07226847112178802,
0.10258761048316956,31.306015014648438,0.20093894004821777,2.3704092502593994,0.08476972579956055,9.74776554107666,229.43006896972656,4.20212693933228e+17,,8,,48.8455696105957,51399,0.09145695716142654,0.060658663511276245,
0.10013626515865326,31.013561248779297,0.18798065185546875,2.199241876602173,0.08547520637512207,9.9863920211792,611.7059326171875,4.206214717405921e+17,,8,,130.23193359375,51449,0.09432382136583328,0.06401458382606506,
0.10631750524044037,31.306150436401367,0.18461084365844727,2.1599018573760986,0.08547186851501465,9.40578842163086,41.11652374267578,4.210302495479562e+17,,8,,8.753691673278809,51499,0.12939190864562988,0.07827438414096832,
0.1061701700091362,32.41348648071289,0.19422316551208496,2.2751624584198,0.08536672592163086,9.418841361999512,519.2175903320312,4.2143899299558195e+17,,8,,110.54122161865234,51549,0.10120568424463272,0.0679015964269638,
0.10325375199317932,28.408226013183594,0.1802992820739746,2.116305351257324,0.08519530296325684,9.684877395629883,186.13583374023438,4.2184777080294605e+17,,8,,39.62824249267578,51599,0.10451694577932358,0.07234546542167664,
,,,,,,15.061603546142578,4.2225654861031014e+17,,9,,2.1499552726745605,51649,0.11678212136030197,0.0869336724281311,
0.09387779980897903,24.58803367614746,0.1890099048614502,4.455964088439941,0.042417287826538086,10.652145385742188,636.2793579101562,4.226652920579359e+17,,9,,135.463623046875,51699,0.09577465057373047,0.05482006072998047,
0.08618663251399994,0.8650331497192383,0.08938741683959961,1.0531877279281616,0.08487319946289062,11.602726936340332,19.474943161010742,4.230740698653e+17,,9,,4.146207332611084,51749,0.10670463740825653,0.07206711173057556,
0.08626986294984818,1.5665998458862305,0.09444141387939453,1.1068681478500366,0.08532309532165527,11.591533660888672,593.6273803710938,4.2348284767266406e+17,,9,,126.3830337524414,51799,0.09973856061697006,0.0633830726146698,
0.09073461592197418,15.59564208984375,0.16270947456359863,1.906176209449768,0.08535909652709961,11.02115249633789,634.5469970703125,4.238915911202898e+17,,9,,135.09478759765625,51849,0.1085410937666893,0.08504350483417511,
0.08765542507171631,9.159098625183105,0.1436924934387207,1.682509422302246,0.0854036808013916,11.408307075500488,35.32210159301758,4.243003689276539e+17,,9,,7.5200605392456055,51899,0.11315684020519257,0.07852479815483093,
0.0928020030260086,20.420156478881836,0.175034761428833,2.0477211475372314,0.08547782897949219,10.775629997253418,637.9410400390625,4.24709146735018e+17,,9,,135.81739807128906,51949,0.14705325663089752,0.13005562126636505,
0.09514088928699493,23.37451171875,0.1824779510498047,2.1296958923339844,0.08568263053894043,10.510727882385254,31.016582489013672,4.251179245423821e+17,,9,,6.603417873382568,51999,0.09775667637586594,0.06654047966003418,
,,,,,,,,4.251179245423821e+17,9,,,51999,,,0.3740035891532898
0.09049816429615021,20.421539306640625,0.18849515914916992,2.234922409057617,0.08434081077575684,11.049947738647461,631.3684692382812,4.255266679900078e+17,,9,,134.4180908203125,52049,0.10625246912240982,0.07781818509101868,
0.08599675446748734,0.8771162629127502,0.08858203887939453,1.0371809005737305,0.08540654182434082,11.628345489501953,637.5411987304688,4.259354457973719e+17,,9,,135.73226928710938,52099,0.11426132917404175,0.10841114819049835,
0.0859006941318512,0.7204748392105103,0.08838295936584473,1.036047339439392,0.08530783653259277,11.641349792480469,616.11572265625,4.26344223604736e+17,,9,,131.17079162597656,52149,0.14753368496894836,0.22243860363960266,
0.10089562833309174,30.496883392333984,0.20066595077514648,2.3497679233551025,0.08539819717407227,9.911231994628906,314.60650634765625,4.267529670523617e+17,,9,,66.97959899902344,52199,0.09243656694889069,0.05966117978096008,
0.09426567703485489,22.37460708618164,0.17619633674621582,2.070173740386963,0.08511185646057129,10.608314514160156,569.0848999023438,4.271617448597258e+17,,9,,121.1579360961914,52249,0.11708476394414902,0.09923769533634186,
0.08889371901750565,16.136003494262695,0.18863606452941895,2.206897497177124,0.08547568321228027,11.249388694763184,20.232894897460938,4.275705226670899e+17,,9,,4.307575225830078,52299,0.12113266438245773,0.09422239661216736,
0.08614777028560638,0.807361364364624,0.08866667747497559,1.0395009517669678,0.0852973461151123,11.607961654663086,631.5694580078125,4.2797926611471565e+17,,9,,134.46087646484375,52349,0.09669157862663269,0.06532037258148193,
0.08618288487195969,0.7188964486122131,0.08865165710449219,1.0374226570129395,0.08545374870300293,11.603231430053711,291.10467529296875,4.2838804392207974e+17,,9,,61.97606658935547,52399,0.12215551733970642,0.08944490551948547,
0.08623706549406052,1.6417006254196167,0.09528946876525879,1.122875690460205,0.08486199378967285,11.595941543579102,636.8338012695312,4.2879682172944384e+17,,9,,135.5816650390625,52449,0.09525373578071594,0.07270878553390503,
0.08621328324079514,1.1642502546310425,0.09068632125854492,1.0615496635437012,0.08542823791503906,11.599140167236328,582.5664672851562,4.292055651770696e+17,,9,,124.02816772460938,52499,0.10372350364923477,0.07004408538341522,
0.09023991972208023,16.51753807067871,0.17293381690979004,2.0228826999664307,0.08548879623413086,11.08156967163086,21.651714324951172,4.2961434298443366e+17,,9,,4.609641075134277,52549,0.13723070919513702,0.08526918292045593,
0.08947974443435669,14.970608711242676,0.1679377555847168,1.963746190071106,0.08551907539367676,11.175713539123535,632.8193359375,4.3002312079179776e+17,,9,,134.72698974609375,52599,0.09169648587703705,0.06962545216083527,
0.09209652245044708,20.700599670410156,0.16972804069519043,1.9875341653823853,0.08539628982543945,10.858173370361328,628.4347534179688,4.3043189859916186e+17,,9,,133.7935028076172,52649,0.09996741265058517,0.0809631496667862,
0.0918046161532402,21.93490982055664,0.17372846603393555,2.0316343307495117,0.08551168441772461,10.892698287963867,20.912752151489258,4.308406420467876e+17,,9,,4.4523162841796875,52699,0.09115882962942123,0.06131559610366821,
0.08983765542507172,16.526105880737305,0.1766359806060791,2.0663442611694336,0.08548235893249512,11.131189346313477,636.1448974609375,4.312494198541517e+17,,9,,135.4349822998047,52749,0.15210343897342682,0.07394759356975555,
0.08989658951759338,17.81718635559082,0.1709582805633545,1.9974511861801147,0.08558821678161621,11.123891830444336,19.541969299316406,4.316581976615158e+17,,9,,4.160477161407471,52799,0.15714909136295319,0.17178022861480713,
0.09168793261051178,22.443567276000977,0.18825197219848633,2.2063117027282715,0.08532428741455078,10.906560897827148,606.1826782226562,4.320669411091415e+17,,9,,129.05604553222656,52849,0.09656550735235214,0.06207244098186493,
0.09040278196334839,19.179994583129883,0.1773240566253662,2.085737466812134,0.08501744270324707,11.061606407165527,541.1748657226562,4.324757189165056e+17,,9,,115.21591186523438,52899,0.12120078504085541,0.08729125559329987,
0.10312191396951675,33.2625617980957,0.2301492691040039,2.6832146644592285,0.08577370643615723,9.697259902954102,24.891891479492188,4.328844967238697e+17,,9,,5.299473285675049,52949,0.10518871247768402,0.08167888224124908,
0.10218246281147003,31.558225631713867,0.19289255142211914,2.2695014476776123,0.08499336242675781,9.786415100097656,643.5859375,4.332932401714954e+17,,9,,137.01919555664062,52999,0.10907835513353348,0.09655900299549103,
0.09253068268299103,24.109155654907227,0.17632412910461426,2.070150136947632,0.085174560546875,10.807226181030273,574.7343139648438,4.337020179788595e+17,,9,,122.3606948852539,53049,0.09647750854492188,0.06177128851413727,
0.09123941510915756,18.821949005126953,0.17060279846191406,2.0063424110412598,0.08503174781799316,10.960175514221191,633.577392578125,4.341107957862236e+17,,9,,134.88836669921875,53099,0.11085062474012375,0.06828097999095917,
0.0915135070681572,19.3632755279541,0.17566204071044922,2.0554494857788086,0.08546161651611328,10.927349090576172,581.5467529296875,4.3451953923384934e+17,,9,,123.81106567382812,53149,0.09534287452697754,0.06876625120639801,
0.0968562588095665,27.526582717895508,0.2004404067993164,2.347585678100586,0.08538150787353516,10.324578285217285,25.412996292114258,4.3492831704121344e+17,,9,,5.410416603088379,53199,0.10157510638237,0.06265468895435333,
0.09216844290494919,19.651248931884766,0.1602797508239746,1.8750561475753784,0.0854799747467041,10.849699974060059,629.0147705078125,4.3533709484857754e+17,,9,,133.9169921875,53249,0.12132186442613602,0.07198086380958557,
0.11331973969936371,32.51103591918945,0.22036218643188477,2.573768377304077,0.08561849594116211,8.82458782196045,567.297119140625,4.357458726559416e+17,,9,,120.7773208618164,53299,0.1008988544344902,0.06585972011089325,
0.11135858297348022,31.540205001831055,0.18727970123291016,2.1868932247161865,0.08563733100891113,8.979999542236328,535.6063232421875,4.3615461610356736e+17,,9,,114.0303726196289,53349,0.09279476851224899,0.0597347766160965,
0.10799584537744522,33.419673919677734,0.2086489200592041,2.4363162517547607,0.08564114570617676,9.259614944458008,593.586669921875,4.3656339391093146e+17,,9,,126.3743667602539,53399,0.10127784311771393,0.06359770894050598,
0.1038002222776413,29.443923950195312,0.17901611328125,2.0892696380615234,0.08568358421325684,9.633891105651855,38.214603424072266,4.3697217171829555e+17,,9,,8.135873794555664,53449,0.107536181807518,0.06476953625679016,
0.10840784758329391,27.754491806030273,0.1691725254058838,1.9812945127487183,0.08538484573364258,9.224424362182617,515.2579956054688,4.373809151659213e+17,,9,,109.6982192993164,53499,0.11585825681686401,0.08542488515377045,
0.10704971104860306,32.16831588745117,0.18508648872375488,2.165508985519409,0.08547019958496094,9.34145450592041,637.0451049804688,4.377896929732854e+17,,9,,135.62664794921875,53549,0.11757633090019226,0.06700041890144348,
0.10015738755464554,31.304533004760742,0.19674229621887207,2.3090507984161377,0.0852048397064209,9.984285354614258,28.550567626953125,4.381984707806495e+17,,9,,6.078404426574707,53599,0.12410148233175278,0.09602876007556915,
0.10356642305850983,30.45195960998535,0.18518590927124023,2.175788402557373,0.08511209487915039,9.655638694763184,631.6287231445312,4.386072142282752e+17,,9,,134.47349548339844,53649,0.11086021363735199,0.08919757604598999,
0.09687504172325134,27.3553409576416,0.18339014053344727,2.1481785774230957,0.08537006378173828,10.322576522827148,47.60325622558594,4.390159920356393e+17,,9,,10.134714126586914,53699,0.1672612726688385,0.08928050100803375,
0.09500119835138321,22.401552200317383,0.17376327514648438,2.0204761028289795,0.08600115776062012,10.526183128356934,573.3599853515625,4.394247698430034e+17,,9,,122.068115234375,53749,0.11510634422302246,0.07929424941539764,
0.09543630480766296,28.467731475830078,0.1996762752532959,2.3645718097686768,0.08444499969482422,10.478192329406738,201.68629455566406,4.398335132906291e+17,,9,,42.93893051147461,53799,0.10076721757650375,0.06683200597763062,
0.0961148664355278,26.47158432006836,0.1859145164489746,2.1823315620422363,0.0851907730102539,10.404217720031738,28.062673568725586,4.402422910979932e+17,,9,,5.974532127380371,53849,0.11518267542123795,0.07283945381641388,
0.0991159975528717,27.500967025756836,0.17890238761901855,2.0838661193847656,0.08585119247436523,10.089188575744629,513.9818725585938,4.406510689053573e+17,,9,,109.42652893066406,53899,0.10099849104881287,0.06733673810958862,
0.10893257707357407,29.969131469726562,0.19631600379943848,2.282871723175049,0.08599519729614258,9.179990768432617,575.2438354492188,4.410598467127214e+17,,9,,122.46917724609375,53949,0.09997731447219849,0.06880185008049011,
0.10223697870969772,30.096948623657227,0.1844465732574463,2.1543021202087402,0.0856177806854248,9.781196594238281,51.66839599609375,4.4146859016034714e+17,,9,,11.0001802444458,53999,0.12471477687358856,0.10540081560611725,
0.0924990102648735,20.16345977783203,0.17006874084472656,1.995540738105774,0.08522439002990723,10.81092643737793,310.8714294433594,4.418773679677112e+17,,9,,66.18440246582031,54049,0.10683224350214005,0.0684867799282074,
0.10121437907218933,29.556556701660156,0.17667126655578613,2.0688517093658447,0.08539581298828125,9.880019187927246,34.76420593261719,4.422861457750753e+17,,9,,7.401285171508789,54099,0.10800448805093765,0.07871353626251221,
0.09975152462720871,27.298059463500977,0.1718583106994629,2.02177095413208,0.08500385284423828,10.024909019470215,481.7547912597656,4.4269488922270106e+17,,9,,102.56539916992188,54149,0.12233835458755493,0.11165308952331543,
0.1009221076965332,32.56873321533203,0.1998002529144287,2.338749408721924,0.08543038368225098,9.908631324768066,540.6405639648438,4.4310366703006515e+17,,9,,115.10215759277344,54199,0.12180618196725845,0.12269848585128784,
0.1015532836318016,29.09375762939453,0.19071698188781738,2.2315351963043213,0.0854644775390625,9.847047805786133,503.6190490722656,4.4351244483742925e+17,,9,,107.22029113769531,54249,0.11940600723028183,0.07356224954128265,
0.1011333167552948,31.2696475982666,0.1863565444946289,2.1827919483184814,0.08537530899047852,9.887938499450684,546.728515625,4.43921188285055e+17,,9,,116.39828491210938,54299,0.09482456743717194,0.06604303419589996,
0.10602740943431854,30.7969913482666,0.18695402145385742,2.19712233543396,0.08509039878845215,9.431523323059082,33.60157012939453,4.443299660924191e+17,,9,,7.15376091003418,54349,0.12533177435398102,0.08613985776901245,
0.09904024004936218,31.469818115234375,0.23552370071411133,2.747507333755493,0.08572268486022949,10.096906661987305,576.8941040039062,4.447387438997832e+17,,9,,122.82051849365234,54399,0.12635299563407898,0.09999994933605194,
0.09637425094842911,24.63019371032715,0.1802501678466797,2.1112563610076904,0.08537578582763672,10.376215934753418,646.9407958984375,4.451474873474089e+17,,9,,137.73342895507812,54449,0.1401694118976593,0.13069838285446167,
0.10367857664823532,32.30850601196289,0.19487524032592773,2.2985804080963135,0.08478069305419922,9.645194053649902,36.46351623535156,4.45556265154773e+17,,9,,7.763068199157715,54499,0.1309192180633545,0.07989440858364105,
0.10964690148830414,35.08870315551758,0.21715140342712402,2.536754846572876,0.0856020450592041,9.120184898376465,193.01773071289062,4.459650429621371e+17,,9,,41.09339904785156,54549,0.10010867565870285,0.07156059145927429,
0.10444159805774689,30.94432830810547,0.18243193626403809,2.1309258937835693,0.08561158180236816,9.574728965759277,36.58182144165039,4.463738207695012e+17,,9,,7.788254737854004,54599,0.14547310769557953,0.08939708769321442,
0.10685928165912628,32.05970001220703,0.18523144721984863,2.1797122955322266,0.08497977256774902,9.358100891113281,492.1197204589844,4.467825642171269e+17,,9,,104.77208709716797,54649,0.10547716915607452,0.06660149991512299,
0.10638554394245148,31.260183334350586,0.19199609756469727,2.241518020629883,0.08565449714660645,9.399773597717285,567.5689086914062,4.47191342024491e+17,,9,,120.83518981933594,54699,0.11737897992134094,0.09646692872047424,
0.09983722865581512,29.07296371459961,0.1796712875366211,2.098562717437744,0.0856163501739502,10.016303062438965,28.754207611083984,4.476001198318551e+17,,9,,6.121758937835693,54749,0.08902396261692047,0.060124680399894714,
0.09510906785726547,25.187091827392578,0.17398738861083984,2.0495424270629883,0.08489084243774414,10.51424503326416,152.542724609375,4.480088632794808e+17,,9,,32.47628402709961,54799,0.09298838675022125,0.06102722883224487,
0.10174660384654999,29.63508415222168,0.18438935279846191,2.153477907180786,0.08562397956848145,9.828337669372559,621.3014526367188,4.484176410868449e+17,,9,,132.2748260498047,54849,0.11115273833274841,0.08914734423160553,
0.09544457495212555,23.371036529541016,0.1777019500732422,2.0776901245117188,0.08552861213684082,10.477285385131836,529.7890014648438,4.48826418894209e+17,,9,,112.79186248779297,54899,0.15212930738925934,0.13820846378803253,
0.1017022654414177,29.45586585998535,0.19225406646728516,2.246943950653076,0.08556246757507324,9.832622528076172,573.1861572265625,4.4923516234183475e+17,,9,,122.03109741210938,54949,0.12059799581766129,0.1128578782081604,
0.09411865472793579,22.632551193237305,0.17783164978027344,2.0765323638916016,0.08563876152038574,10.624885559082031,28.946571350097656,4.4964394014919885e+17,,9,,6.162713527679443,54999,0.11086693406105042,0.07429845631122589,
0.0959189236164093,24.286821365356445,0.1814861297607422,2.1186392307281494,0.08566164970397949,10.425471305847168,145.920654296875,4.5005271795656294e+17,,9,,31.066450119018555,55049,0.12552186846733093,0.08973094820976257,
0.09056196361780167,18.100906372070312,0.17382478713989258,2.0388545989990234,0.08525609970092773,11.042163848876953,519.2322998046875,4.504614614041887e+17,,9,,110.54434204101562,55099,0.10786259919404984,0.07510644197463989,
0.09506051242351532,25.326499938964844,0.18643903732299805,2.18552827835083,0.08530616760253906,10.519615173339844,86.12462615966797,4.508702392115528e+17,,9,,18.335899353027344,55149,0.10988050699234009,0.06662158668041229,
0.08909084647893906,12.805456161499023,0.15109705924987793,1.7636711597442627,0.08567190170288086,11.22449779510498,583.0426635742188,4.5127901701891686e+17,,9,,124.1295394897461,55199,0.10199155658483505,0.07085724174976349,
0.09020520001649857,17.712614059448242,0.1726703643798828,2.020099639892578,0.08547616004943848,11.085835456848145,33.7663688659668,4.5168779482628096e+17,,9,,7.188846588134766,55249,0.10352954268455505,0.06637974083423615,
0.09327768534421921,23.787992477416992,0.19160127639770508,2.251182794570923,0.08511137962341309,10.720678329467773,584.6505126953125,4.520965382739067e+17,,9,,124.47186279296875,55299,0.09709544479846954,0.06920668482780457,
0.09904814511537552,26.313716888427734,0.19061064720153809,2.222182273864746,0.08577632904052734,10.096100807189941,639.8941040039062,4.525053160812708e+17,,9,,136.2332000732422,55349,0.09253566712141037,0.06309336423873901,
0.09475617855787277,25.999723434448242,0.1871647834777832,2.1866776943206787,0.08559322357177734,10.553401947021484,23.52651596069336,4.529140938886349e+17,,9,,5.008785724639893,55399,0.09990015625953674,0.07751971483230591,
0.09386622905731201,26.09975242614746,0.18201541900634766,2.145033121109009,0.0848543643951416,10.653458595275879,590.0481567382812,4.533228373362606e+17,,9,,125.62101745605469,55449,0.10136567801237106,0.06855370104312897,
0.09144637733697891,23.845375061035156,0.19020438194274902,2.2379486560821533,0.0849905014038086,10.935369491577148,120.28022003173828,4.537316151436247e+17,,9,,25.60761070251465,55499,0.0999504029750824,0.06887423992156982,
0.09320969879627228,23.034955978393555,0.19292092323303223,2.256032705307007,0.08551335334777832,10.728497505187988,616.2605590820312,4.541403929509888e+17,,9,,131.20162963867188,55549,0.11035296320915222,0.0847698450088501,
0.10177018493413925,29.186756134033203,0.19549012184143066,2.279816150665283,0.08574819564819336,9.82606029510498,544.2824096679688,4.545491363986145e+17,,9,,115.87750244140625,55599,0.1460961252450943,0.16896623373031616,
0.098870187997818,26.871583938598633,0.19408726692199707,2.292135238647461,0.08467531204223633,10.114272117614746,23.25251579284668,4.549579142059786e+17,,9,,4.950450897216797,55649,0.11120755225419998,0.07720643281936646,
0.09358280897140503,23.799551010131836,0.1872551441192627,2.18855619430542,0.08556103706359863,10.685723304748535,564.8109741210938,4.553666920133427e+17,,9,,120.24803161621094,55699,0.12018992006778717,0.0918220728635788,
0.10195324569940567,32.53347396850586,0.21128606796264648,2.4762227535247803,0.08532595634460449,9.808417320251465,636.927978515625,4.5577543546096845e+17,,9,,135.60169982910156,55749,0.09866797924041748,0.05986104905605316,
0.09775176644325256,27.473068237304688,0.18302345275878906,2.1416940689086914,0.08545732498168945,10.22999382019043,26.75412940979004,4.5618421326833254e+17,,9,,5.695943355560303,55799,0.12107668071985245,0.08392710983753204,
0.09014470875263214,16.360137939453125,0.16956186294555664,1.989331603050232,0.085235595703125,11.09327507019043,544.6533813476562,4.5659299107569664e+17,,9,,115.95648193359375,55849,0.09852804988622665,0.06498265266418457,
0.10059545934200287,32.35889434814453,0.22326374053955078,2.616342306137085,0.08533430099487305,9.94080638885498,19.044967651367188,4.5700176888306074e+17,,9,,4.054665565490723,55899,0.10581140220165253,0.06579709053039551,
0.10098656266927719,30.578702926635742,0.18984293937683105,2.2335705757141113,0.08499526977539062,9.902307510375977,584.9453735351562,4.5741051233068646e+17,,9,,124.53462982177734,55949,0.11747679114341736,0.09381057322025299,
0.10215116292238235,34.52012252807617,0.23546528816223145,2.7482171058654785,0.08567929267883301,9.789414405822754,631.6973876953125,4.5781929013805056e+17,,9,,134.48812866210938,55999,0.09919033199548721,0.0617813915014267,
,,,,,,,,4.5781929013805056e+17,9,,,55999,,,0.4399649202823639
0.0878308117389679,15.470159530639648,0.18233203887939453,2.1573779582977295,0.08451557159423828,11.385526657104492,615.8915405273438,4.5822806794541466e+17,,9,,131.123046875,56049,0.13667190074920654,0.08345872163772583,
0.0858025774359703,0.5766026973724365,0.0883474349975586,1.0359784364700317,0.08527922630310059,11.654661178588867,632.6510009765625,4.586368113930404e+17,,9,,134.69113159179688,56099,0.11056825518608093,0.06880255043506622,
0.08655624836683273,1.178547978401184,0.08990883827209473,1.0542346239089966,0.08528351783752441,11.553180694580078,608.888427734375,4.590455892004045e+17,,9,,129.63209533691406,56149,0.1144959032535553,0.07211507856845856,
0.09788519144058228,29.161645889282227,0.19755005836486816,2.306635618209839,0.08564424514770508,10.216049194335938,88.57201385498047,4.594543670077686e+17,,9,,18.85694694519043,56199,0.11129222810268402,0.077082559466362,
0.10246071964502335,33.104488372802734,0.18744587898254395,2.2034707069396973,0.0850684642791748,9.759838104248047,633.30859375,4.598631104553943e+17,,9,,134.83114624023438,56249,0.10100685060024261,0.07129067182540894,
0.09226319193840027,22.752782821655273,0.18325567245483398,2.1445729732513428,0.08545088768005371,10.838558197021484,27.050819396972656,4.602718882627584e+17,,9,,5.759108543395996,56299,0.10032042860984802,0.061139851808547974,
0.09362305700778961,22.361663818359375,0.1703474521636963,1.9917124509811401,0.08552813529968262,10.681129455566406,59.88766860961914,4.606806660701225e+17,,9,,12.750060081481934,56349,0.16802819073200226,0.13229627907276154,
0.0929660052061081,23.335342407226562,0.18495965003967285,2.172168731689453,0.08514976501464844,10.756619453430176,636.7889404296875,4.610894095177482e+17,,9,,135.57211303710938,56399,0.12984737753868103,0.09834437072277069,
0.09361378848552704,24.271608352661133,0.1840686798095703,2.153618812561035,0.08546948432922363,10.6821870803833,36.397544860839844,4.614981873251123e+17,,9,,7.749022960662842,56449,0.09724168479442596,0.05744555592536926,
0.08997249603271484,16.802122116088867,0.17261791229248047,2.0213353633880615,0.08539795875549316,11.114507675170898,629.1849365234375,4.619069651324764e+17,,9,,133.95321655273438,56499,0.13528193533420563,0.0850762128829956,
0.0916803851723671,22.363683700561523,0.18694257736206055,2.1954193115234375,0.08515119552612305,10.907458305358887,27.214181900024414,4.623157429398405e+17,,9,,5.793888092041016,56549,0.10317440330982208,0.0678667426109314,
0.09948529303073883,29.362403869628906,0.18083715438842773,2.133089303970337,0.0847771167755127,10.051736831665039,84.47077178955078,4.6272448638746624e+17,,9,,17.983793258666992,56599,0.1059519499540329,0.06514529883861542,
0.09045907855033875,16.592390060424805,0.15843629837036133,1.8519508838653564,0.08555102348327637,11.054722785949707,633.1075439453125,4.6313326419483034e+17,,9,,134.78834533691406,56649,0.1135619655251503,0.08796510100364685,
0.08932901173830032,16.436975479125977,0.18202495574951172,2.1323421001434326,0.08536386489868164,11.194571495056152,28.58371353149414,4.635420420021944e+17,,9,,6.085461139678955,56699,0.10326530039310455,0.07802146673202515,
0.09661248326301575,27.77033805847168,0.1960458755493164,2.301224946975708,0.08519196510314941,10.350629806518555,114.54674530029297,4.6395078544982016e+17,,9,,24.38695526123047,56749,0.11268500238656998,0.06674167513847351,
0.09318903088569641,24.122329711914062,0.17383050918579102,2.035460948944092,0.08540105819702148,10.730875968933105,629.562255859375,4.6435956325718426e+17,,9,,134.03353881835938,56799,0.1408866047859192,0.08824443817138672,
0.09544727206230164,22.698959350585938,0.17288661003112793,2.015814781188965,0.08576512336730957,10.476988792419434,39.628971099853516,4.6476834106454835e+17,,9,,8.436991691589355,56849,0.11276733875274658,0.08780097961425781,
0.0954345241189003,27.07879638671875,0.1904299259185791,2.238354444503784,0.08507585525512695,10.478388786315918,536.8881225585938,4.651770845121741e+17,,9,,114.30326080322266,56899,0.1348753422498703,0.08524300158023834,
0.09591009467840195,25.47150230407715,0.17154288291931152,2.0261125564575195,0.08466601371765137,10.426431655883789,70.76583862304688,4.655858623195382e+17,,9,,15.066019058227539,56949,0.0875537320971489,0.05771784484386444,
0.10335623472929001,29.094993591308594,0.18325042724609375,2.14585280418396,0.08539748191833496,9.675274848937988,39.95398712158203,4.659946401269023e+17,,9,,8.506187438964844,56999,0.15407270193099976,0.22888383269309998,
0.0911727026104927,20.98308753967285,0.17256832122802734,2.0316221714019775,0.08494114875793457,10.968195915222168,597.8217163085938,4.66403383574528e+17,,9,,127.2760009765625,57049,0.10111570358276367,0.06615673005580902,
0.09176480770111084,19.225711822509766,0.172072172164917,2.028759241104126,0.08481645584106445,10.89742374420166,36.58972930908203,4.668121613818921e+17,,9,,7.789938926696777,57099,0.08849138021469116,0.05786602199077606,
0.09891816973686218,27.67547607421875,0.1682109832763672,1.970478892326355,0.08536553382873535,10.109366416931152,636.2970581054688,4.672209391892562e+17,,9,,135.46737670898438,57149,0.10690881311893463,0.0764475166797638,
0.09018415212631226,16.669219970703125,0.16591978073120117,1.9464495182037354,0.08524227142333984,11.088422775268555,28.10038185119629,4.676297169966203e+17,,9,,5.982559680938721,57199,0.10067890584468842,0.06870140135288239,
0.09296038746833801,21.00145149230957,0.1700124740600586,1.988605260848999,0.08549332618713379,10.757269859313965,42.962120056152344,4.68038460444246e+17,,9,,9.146617889404297,57249,0.09844394028186798,0.06807494163513184,
0.10222891718149185,27.83343505859375,0.18108177185058594,2.1374051570892334,0.08472037315368652,9.781968116760254,521.3905029296875,4.684472382516101e+17,,9,,111.00382995605469,57299,0.11022018641233444,0.05835099518299103,
0.09809713065624237,27.302005767822266,0.17815256118774414,2.0940496921539307,0.08507561683654785,10.193977355957031,58.85346603393555,4.688560160589742e+17,,9,,12.529878616333008,57349,0.11858498305082321,0.08208422362804413,
,,,,,,626.1676635742188,4.6926475950659994e+17,,10,,133.31085205078125,57399,0.11240506172180176,0.0634150505065918,
0.09304318577051163,26.16242218017578,0.18543744087219238,4.020059585571289,0.046128034591674805,10.747697830200195,638.7024536132812,4.69673537313964e+17,,10,,135.9794921875,57449,0.11664774268865585,0.06107147037982941,
0.09611067175865173,27.81595230102539,0.18391656875610352,2.146259069442749,0.08569169044494629,10.404672622680664,163.92379760742188,4.700823151213281e+17,,10,,34.89931106567383,57499,0.10447554290294647,0.0630255788564682,
0.09208445996046066,22.085084915161133,0.17109251022338867,2.0073118209838867,0.0852346420288086,10.85959529876709,637.34912109375,4.7049105856895386e+17,,10,,135.69137573242188,57549,0.1140168085694313,0.088441863656044,
0.09042958915233612,20.600828170776367,0.17372488975524902,2.0341105461120605,0.08540582656860352,11.058327674865723,17.892316818237305,4.7089983637631795e+17,,10,,3.809267044067383,57599,0.10371428728103638,0.07108031213283539,
0.08963403105735779,16.374601364135742,0.16289496421813965,1.9078482389450073,0.08538150787353516,11.156476974487305,629.2603149414062,4.7130861418368205e+17,,10,,133.96925354003906,57649,0.10782689601182938,0.06620506942272186,
0.08959674835205078,17.812170028686523,0.17092227935791016,2.018725872039795,0.08466839790344238,11.16111946105957,652.668701171875,4.717173576313078e+17,,10,,138.95289611816406,57699,0.11170005053281784,0.07030004262924194,
0.08858218789100647,16.22544288635254,0.1782853603363037,2.090893507003784,0.08526754379272461,11.28895092010498,106.20145416259766,4.721261354386719e+17,,10,,22.610246658325195,57749,0.10679841041564941,0.07431893050670624,
0.0937964990735054,23.342105865478516,0.17766404151916504,2.0985522270202637,0.08466029167175293,10.661378860473633,632.0372924804688,4.72534913246036e+17,,10,,134.5604705810547,57799,0.10399806499481201,0.06120295822620392,
0.09275072813034058,22.01241111755371,0.1781139373779297,2.0775091648101807,0.08573436737060547,10.781586647033691,24.776174545288086,4.7294369105340006e+17,,10,,5.274837493896484,57849,0.1086764931678772,0.06719955801963806,
0.09131595492362976,20.16981315612793,0.16918110847473145,1.9838933944702148,0.08527731895446777,10.95098876953125,637.6290283203125,4.733524345010258e+17,,10,,135.75096130371094,57899,0.1126435324549675,0.08473682403564453,
0.08774349838495255,12.411872863769531,0.16379737854003906,1.9335352182388306,0.08471393585205078,11.396855354309082,634.0942993164062,4.737612123083899e+17,,10,,134.99842834472656,57949,0.10157787054777145,0.06880022585391998,
0.0885511040687561,13.711450576782227,0.1729888916015625,2.025001049041748,0.08542656898498535,11.292914390563965,22.948848724365234,4.74169990115754e+17,,10,,4.885800361633301,57999,0.11703567951917648,0.07137301564216614,
0.09011667966842651,18.050048828125,0.16964054107666016,1.9985955953598022,0.08487987518310547,11.096725463867188,636.3329467773438,4.745787335633797e+17,,10,,135.4750213623047,58049,0.11932455003261566,0.07891517877578735,
0.09543957561254501,27.814666748046875,0.1998441219329834,2.3437368869781494,0.08526730537414551,10.47783374786377,21.695804595947266,4.749875113707438e+17,,10,,4.619028091430664,58099,0.12675581872463226,0.07556737959384918,
0.09257084131240845,21.675153732299805,0.18256330490112305,2.1341304779052734,0.08554458618164062,10.80253791809082,573.938232421875,4.753962891781079e+17,,10,,122.19122314453125,58149,0.10439103841781616,0.0734805017709732,
0.09321952611207962,22.271907806396484,0.1841902732849121,2.1522915363311768,0.08557868003845215,10.72736644744873,532.3642578125,4.758050326257336e+17,,10,,113.34012603759766,58199,0.09422505646944046,0.0613081157207489,
0.09464221447706223,24.831754684448242,0.19657182693481445,2.297420024871826,0.08556199073791504,10.566109657287598,25.984642028808594,4.762138104330977e+17,,10,,5.5321197509765625,58249,0.11005626618862152,0.07456955313682556,
0.0930839478969574,23.390668869018555,0.179063081741333,2.0907602310180664,0.08564496040344238,10.742990493774414,578.6000366210938,4.766225882404618e+17,,10,,123.18370819091797,58299,0.116578109562397,0.07885105907917023,
0.09364905208349228,23.240381240844727,0.1801137924194336,2.110997200012207,0.08532166481018066,10.678165435791016,305.2416076660156,4.7703133168808755e+17,,10,,64.9858169555664,58349,0.10045009851455688,0.06511412560939789,
0.09527819603681564,25.900136947631836,0.1761922836303711,2.0694363117218018,0.08514022827148438,10.495580673217773,584.0172119140625,4.7744010949545165e+17,,10,,124.33702850341797,58399,0.09751808643341064,0.060105085372924805,
0.0944187343120575,26.478984832763672,0.194136381149292,2.2758302688598633,0.08530354499816895,10.591118812561035,584.1624755859375,4.7784888730281574e+17,,10,,124.36795806884766,58449,0.1120854914188385,0.07972365617752075,
0.10175029933452606,30.03828239440918,0.19064807891845703,2.237814426422119,0.08519387245178223,9.827980995178223,26.68817710876465,4.7825766511017984e+17,,10,,5.6819024085998535,58499,0.11140762269496918,0.07032063603401184,
0.09853949397802353,27.909879684448242,0.18316888809204102,2.136784791946411,0.08572173118591309,10.148215293884277,545.2998046875,4.786664085578056e+17,,10,,116.0941162109375,58549,0.11166626214981079,0.07188430428504944,
0.1035023182630539,32.151947021484375,0.18779730796813965,2.2015860080718994,0.08530092239379883,9.661619186401367,577.5982666015625,4.7907518636516966e+17,,10,,122.97044372558594,58599,0.117055743932724,0.07802791893482208,
0.1084587499499321,31.50930404663086,0.18496227264404297,2.1644723415374756,0.08545374870300293,9.22009563446045,91.77251434326172,4.7948396417253376e+17,,10,,19.538330078125,58649,0.11439234018325806,0.06295454502105713,
0.09778354316949844,26.04261016845703,0.1843111515045166,2.157731771469116,0.0854189395904541,10.226670265197754,568.8951416015625,4.798927076201595e+17,,10,,121.11754608154297,58699,0.10893549770116806,0.07090392708778381,
0.09723842889070511,27.307241439819336,0.19058609008789062,2.2370054721832275,0.08519697189331055,10.2839994430542,53.863746643066406,4.803014854275236e+17,,10,,11.467569351196289,58749,0.11825837194919586,0.07439333200454712,
0.10118911415338516,27.31570816040039,0.17845964431762695,2.0793731212615967,0.08582377433776855,9.882486343383789,316.74835205078125,4.807102632348877e+17,,10,,67.43559265136719,58799,0.11406002193689346,0.07108277082443237,
0.10070571303367615,29.88855743408203,0.18173646926879883,2.1294443607330322,0.08534455299377441,9.929923057556152,494.2118225097656,4.811190066825134e+17,,10,,105.21749877929688,58849,0.11391045898199081,0.0816316157579422,
0.10445711761713028,33.077335357666016,0.19590163230895996,2.2892489433288574,0.08557462692260742,9.5733060836792,25.938274383544922,4.815277844898775e+17,,10,,5.522247791290283,58899,0.12111526727676392,0.09577998518943787,
0.09983266144990921,28.470699310302734,0.18944048881530762,2.2031943798065186,0.08598446846008301,10.016761779785156,489.4512023925781,4.819365622972416e+17,,10,,104.20396423339844,58949,0.10567284375429153,0.06127506494522095,
0.10443011671304703,31.328964233398438,0.18162035942077637,2.140425443649292,0.08485245704650879,9.57578182220459,87.62992095947266,4.823453057448673e+17,,10,,18.656375885009766,58999,0.11116881668567657,0.06775078177452087,
0.09904216229915619,27.87994956970215,0.17675375938415527,2.069754123687744,0.08539843559265137,10.096710205078125,510.0188293457031,4.827540835522314e+17,,10,,108.58280181884766,59049,0.0962907001376152,0.05732320249080658,
0.10216774791479111,29.88019561767578,0.17355060577392578,2.029214859008789,0.0855259895324707,9.787824630737305,526.8623046875,4.831628613595955e+17,,10,,112.16877746582031,59099,0.41773688793182373,0.08617936074733734,
0.10008769482374191,29.007593154907227,0.1840202808380127,2.1649861335754395,0.08499836921691895,9.991238594055176,35.916622161865234,4.835716391669596e+17,,10,,7.646634578704834,59149,0.13304340839385986,0.07850468158721924,
0.09975411742925644,27.419464111328125,0.18285918235778809,2.14920973777771,0.0850820541381836,10.024649620056152,317.482666015625,4.8398038261458534e+17,,10,,67.59192657470703,59199,0.1256641447544098,0.06783680617809296,
0.10138718783855438,29.232851028442383,0.1813819408416748,2.1272928714752197,0.08526420593261719,9.863179206848145,167.92758178710938,4.8438916042194944e+17,,10,,35.751712799072266,59249,0.11135765165090561,0.0706292986869812,
0.09469089657068253,25.718318939208984,0.18893909454345703,2.2149837017059326,0.08530044555664062,10.560677528381348,64.87532806396484,4.8479793822931354e+17,,10,,13.811930656433105,59299,0.0971265584230423,0.06495079398155212,
0.10266774892807007,30.568416595458984,0.18741369247436523,2.1911909580230713,0.08553051948547363,9.740157127380371,574.1546630859375,4.8520668167693926e+17,,10,,122.23729705810547,59349,0.10820025950670242,0.07498578727245331,
0.10138405114412308,29.036048889160156,0.17988157272338867,2.1059274673461914,0.08541679382324219,9.863484382629395,30.401880264282227,4.8561545948430336e+17,,10,,6.472548007965088,59399,0.10932252556085587,0.06568723917007446,
0.09759234637022018,27.62855339050293,0.1907646656036377,2.2311158180236816,0.08550190925598145,10.246705055236816,132.82875061035156,4.8602423729166746e+17,,10,,28.279186248779297,59449,0.09743200987577438,0.06666004657745361,
0.09939411282539368,29.965946197509766,0.1837468147277832,2.1521401405334473,0.08537864685058594,10.060957908630371,214.74765014648438,4.864329807392932e+17,,10,,45.71968460083008,59499,0.1252337247133255,0.07310745120048523,
0.09619361162185669,26.09819793701172,0.1811966896057129,2.1169748306274414,0.08559226989746094,10.395700454711914,50.81166076660156,4.868417585466573e+17,,10,,10.817782402038574,59549,0.1314733773469925,0.13657040894031525,
0.10881047695875168,31.475614547729492,0.18002748489379883,2.1061248779296875,0.08547806739807129,9.190291404724121,590.123046875,4.872505363540214e+17,,10,,125.63695526123047,59599,0.10827602446079254,0.06948177516460419,
0.09803005307912827,26.350358963012695,0.18209528923034668,2.1307854652404785,0.08545923233032227,10.200953483581543,39.675323486328125,4.876592798016471e+17,,10,,8.446860313415527,59649,0.10599079728126526,0.0672159343957901,
0.1033589094877243,34.441001892089844,0.20146608352661133,2.3657820224761963,0.0851583480834961,9.675024032592773,59.94309997558594,4.880680576090112e+17,,10,,12.761861801147461,59699,0.09528951346874237,0.061348944902420044,
0.09727110713720322,26.533233642578125,0.17131376266479492,2.002413272857666,0.08555364608764648,10.280545234680176,362.6236877441406,4.884768354163753e+17,,10,,77.20243835449219,59749,0.13039734959602356,0.05811406672000885,
0.10000380128622055,29.247243881225586,0.20649027824401855,2.4079132080078125,0.0857548713684082,9.99962043762207,29.01348114013672,4.888856132237394e+17,,10,,6.1769585609436035,59799,0.09981855005025864,0.06000956892967224,
0.10368821024894714,30.719043731689453,0.18454241752624512,2.1543478965759277,0.08566045761108398,9.644298553466797,505.9244384765625,4.892943566713651e+17,,10,,107.71110534667969,59849,0.10352792590856552,0.06999163329601288,
0.10300132632255554,35.68254089355469,0.24570918083190918,2.8738956451416016,0.08549690246582031,9.708613395690918,30.843034744262695,4.897031344787292e+17,,10,,6.566469669342041,59899,0.0963616669178009,0.06140916049480438,
0.0994822233915329,31.165733337402344,0.18603730201721191,2.1716418266296387,0.08566665649414062,10.052046775817871,87.4671401977539,4.901119122860933e+17,,10,,18.621719360351562,59949,0.2328587919473648,0.11254817247390747,
0.10680481046438217,30.245765686035156,0.18045735359191895,2.1059377193450928,0.08568978309631348,9.362874031066895,526.1741943359375,4.9052065573371904e+17,,10,,112.02227783203125,59999,0.1098271831870079,0.0763244777917862,
,,,,,,,,4.9052065573371904e+17,10,,,59999,,,0.4891553521156311
0.09783826768398285,25.99967384338379,0.17528247833251953,2.0724525451660156,0.08457732200622559,10.220949172973633,615.5706176757812,4.9092943354108314e+17,,10,,131.0547332763672,60049,0.1419842541217804,0.11343759298324585,
0.08638381958007812,0.7381073832511902,0.08919501304626465,1.0418046712875366,0.08561587333679199,11.576242446899414,627.8316650390625,4.913382113484472e+17,,10,,133.66510009765625,60099,0.12483697384595871,0.09395530819892883,
0.0864984318614006,0.9886192679405212,0.08877158164978027,1.0406407117843628,0.08530473709106445,11.560903549194336,624.4590454101562,4.9174695479607296e+17,,10,,132.94708251953125,60149,0.10350685566663742,0.07689107954502106,
0.10391487181186676,30.258569717407227,0.1800379753112793,2.10496187210083,0.08553028106689453,9.623261451721191,90.13653564453125,4.9215573260343706e+17,,10,,19.190031051635742,60199,0.11072653532028198,0.08913560211658478,
0.09827585518360138,28.321571350097656,0.18007779121398926,2.1140191555023193,0.08518266677856445,10.17543888092041,634.0084838867188,4.9256451041080115e+17,,10,,134.9801483154297,60249,0.11969589442014694,0.0809355229139328,
0.08789284527301788,12.319564819335938,0.16316843032836914,1.9142690896987915,0.08523797988891602,11.377490997314453,28.35095977783203,4.929732538584269e+17,,10,,6.035907745361328,60299,0.10619956254959106,0.080436572432518,
0.09008580446243286,16.643503189086914,0.16708779335021973,1.95871102809906,0.08530497550964355,11.1005277633667,634.25732421875,4.93382031665791e+17,,10,,135.0331268310547,60349,0.11868901550769806,0.07895007729530334,
0.0904867872595787,18.255712509155273,0.16066789627075195,1.886616587638855,0.08516192436218262,11.051337242126465,640.9598388671875,4.937908094731551e+17,,10,,136.4600830078125,60399,0.10290353745222092,0.07236896455287933,
0.09282606840133667,22.76632308959961,0.19034266471862793,2.234360933303833,0.0851888656616211,10.772835731506348,24.838685989379883,4.941995872805192e+17,,10,,5.288146018981934,60449,0.14731736481189728,0.07201528549194336,
0.09091800451278687,20.756555557250977,0.17809271812438965,2.099069833755493,0.08484363555908203,10.998921394348145,190.0050506591797,4.946083307281449e+17,,10,,40.45199966430664,60499,0.11298671364784241,0.06993462145328522,
0.09352679550647736,25.737279891967773,0.1806192398071289,2.1190292835235596,0.08523678779602051,10.692123413085938,56.917938232421875,4.95017108535509e+17,,10,,12.117806434631348,60549,0.10268493741750717,0.06517575681209564,
0.08788801729679108,12.477045059204102,0.1644275188446045,1.9279565811157227,0.08528590202331543,11.3781156539917,573.52392578125,4.954258863428731e+17,,10,,122.1030044555664,60599,0.11877824366092682,0.07863184809684753,
0.09288547188043594,23.01091766357422,0.1719646453857422,2.020947217941284,0.08509111404418945,10.765945434570312,632.6317749023438,4.958346297904988e+17,,10,,134.68704223632812,60649,0.10721983015537262,0.05924411118030548,
0.09323886781930923,23.157360076904297,0.17496991157531738,2.048156499862671,0.08542799949645996,10.725140571594238,21.314117431640625,4.962434075978629e+17,,10,,4.537766933441162,60699,0.10487958788871765,0.067670077085495,
0.10222627967596054,29.706912994384766,0.1817471981048584,2.127020835876465,0.08544683456420898,9.782220840454102,560.4609375,4.96652185405227e+17,,10,,119.32190704345703,60749,0.10844574868679047,0.07195344567298889,
0.10072726011276245,29.00470733642578,0.18726468086242676,2.186669111251831,0.08563923835754395,9.927799224853516,536.019287109375,4.9706092885285274e+17,,10,,114.1182861328125,60799,0.10910592973232269,0.07847724854946136,
0.09657478332519531,25.62047004699707,0.1885075569152832,2.202469825744629,0.08558917045593262,10.354669570922852,48.35316848754883,4.974697066602168e+17,,10,,10.2943696975708,60849,0.10343144088983536,0.07122668623924255,
0.09937934577465057,28.946321487426758,0.18709993362426758,2.1868579387664795,0.0855565071105957,10.06245231628418,170.7191925048828,4.978784844675809e+17,,10,,36.346046447753906,60899,0.10587241500616074,0.0737173855304718,
0.09127170592546463,19.077425003051758,0.16912126541137695,1.9835132360458374,0.08526349067687988,10.956297874450684,37.19334030151367,4.9828722791520666e+17,,10,,7.918447017669678,60949,0.10351409018039703,0.05941978096961975,
0.09184768050909042,21.575420379638672,0.1766374111175537,2.0671911239624023,0.08544802665710449,10.887591361999512,222.7447052001953,4.9869600572257075e+17,,10,,47.42225646972656,60999,0.10451521724462509,0.07331930100917816,
0.09616920351982117,24.905134201049805,0.18157196044921875,2.129997968673706,0.08524513244628906,10.39833927154541,529.038818359375,4.9910478352993485e+17,,10,,112.63214874267578,61049,0.11359995603561401,0.08220046758651733,
0.10084788501262665,26.90812110900879,0.18133330345153809,2.121318817138672,0.08548140525817871,9.915924072265625,39.41210174560547,4.995135269775606e+17,,10,,8.390820503234863,61099,0.1039348840713501,0.06788651645183563,
0.10239538550376892,29.878625869750977,0.18844008445739746,2.219998598098755,0.08488297462463379,9.766064643859863,55.83333206176758,4.999223047849247e+17,,10,,11.886893272399902,61149,0.11878440529108047,0.08044926822185516,
0.10006660968065262,30.50345230102539,0.18875885009765625,2.2225990295410156,0.08492708206176758,9.993343353271484,54.5137825012207,5.003310825922888e+17,,10,,11.605961799621582,61199,0.11086513847112656,0.08142492175102234,
0.09654824435710907,26.994441986083984,0.1815943717956543,2.1202805042266846,0.08564639091491699,10.357516288757324,72.13312530517578,5.0073986039965286e+17,,10,,15.3571138381958,61249,0.10980859398841858,0.07200580835342407,
0.10654166340827942,31.91051483154297,0.17911958694458008,2.100806474685669,0.08526229858398438,9.385998725891113,595.4207763671875,5.011486038472786e+17,,10,,126.76483917236328,61299,0.11280612647533417,0.08476729691028595,
0.10314642637968063,31.5828800201416,0.18637323379516602,2.1861560344696045,0.0852515697479248,9.694954872131348,34.178401947021484,5.015573816546427e+17,,10,,7.2765679359436035,61349,0.11895635724067688,0.07361705601215363,
0.10039307177066803,28.10675621032715,0.17790746688842773,2.0915379524230957,0.08506059646606445,9.960846900939941,633.6965942382812,5.019661594620068e+17,,10,,134.9137420654297,61399,0.10864076018333435,0.08647741377353668,
0.09806749224662781,26.684368133544922,0.18893766403198242,2.2136924266815186,0.08534955978393555,10.197059631347656,535.4263305664062,5.023749029096325e+17,,10,,113.99205017089844,61449,0.10042212158441544,0.0632425993680954,
0.09884916990995407,27.36014175415039,0.17802858352661133,2.0813698768615723,0.08553433418273926,10.116422653198242,619.7317504882812,5.027836807169966e+17,,10,,131.94064331054688,61499,0.12364417314529419,0.0846407562494278,
0.1061636283993721,32.11835861206055,0.18166184425354004,2.1202478408813477,0.08567953109741211,9.419422149658203,580.2703857421875,5.031924585243607e+17,,10,,123.5393295288086,61549,0.12318647652864456,0.062211379408836365,
0.10121630877256393,28.347700119018555,0.1819310188293457,2.133756399154663,0.08526325225830078,9.879831314086914,39.64334487915039,5.036012019719864e+17,,10,,8.440052032470703,61599,0.12493318319320679,0.09382873773574829,
0.09452804177999496,24.639379501342773,0.18024826049804688,2.123067855834961,0.08489990234375,10.578871726989746,94.38993835449219,5.040099797793505e+17,,10,,20.095579147338867,61649,0.09927662461996078,0.059488311409950256,
0.09634854644536972,27.130050659179688,0.1798384189605713,2.1036665439605713,0.08548808097839355,10.378983497619629,318.92364501953125,5.044187575867146e+17,,10,,67.89871978759766,61699,0.11166155338287354,0.08657395839691162,
0.11067689955234528,33.34105682373047,0.19194936752319336,2.238473892211914,0.08575010299682617,9.035308837890625,586.0965576171875,5.0482750103434035e+17,,10,,124.77972412109375,61749,0.11280395090579987,0.07173795998096466,
0.10229085385799408,31.94390869140625,0.19579553604125977,2.307384967803955,0.08485603332519531,9.776044845581055,476.48516845703125,5.0523627884170445e+17,,10,,101.4435043334961,61799,0.10562016069889069,0.06263241171836853,
0.0981701910495758,26.496557235717773,0.169266939163208,1.9800560474395752,0.08548593521118164,10.186391830444336,26.089210510253906,5.0564505664906854e+17,,10,,5.55438232421875,61849,0.13856910169124603,0.11767643690109253,
0.0934324711561203,21.092491149902344,0.16930627822875977,1.972199559211731,0.0858464241027832,10.702917098999023,111.09099578857422,5.0605383445643264e+17,,10,,23.651227951049805,61899,0.1907241940498352,0.1342727392911911,
0.09702643007040024,25.757715225219727,0.1864323616027832,2.196265459060669,0.08488607406616211,10.306469917297363,631.0333251953125,5.064625779040584e+17,,10,,134.34674072265625,61949,0.1055101826786995,0.06065817177295685,
0.10619442164897919,35.30647659301758,0.19965767860412598,2.326781749725342,0.08580851554870605,9.4166898727417,56.74871063232422,5.0687135571142246e+17,,10,,12.081777572631836,61999,0.12143949419260025,0.08383254706859589,
0.10808265954256058,32.67153549194336,0.1880359649658203,2.1944291591644287,0.08568787574768066,9.252178192138672,619.5738525390625,5.0728013351878656e+17,,10,,131.9070281982422,62049,0.11133673787117004,0.07737819850444794,
0.09841201454401016,27.506662368774414,0.18669462203979492,2.183197498321533,0.08551430702209473,10.161360740661621,116.41314697265625,5.076888769664123e+17,,10,,24.784311294555664,62099,0.1336372345685959,0.12286454439163208,
0.10908500850200653,31.689786911010742,0.18369317054748535,2.1501848697662354,0.08543133735656738,9.16716194152832,95.06680297851562,5.080976547737764e+17,,10,,20.239683151245117,62149,0.11473383009433746,0.07922041416168213,
0.10116253048181534,29.60910987854004,0.19396114349365234,2.2644846439361572,0.08565354347229004,9.885082244873047,536.1398315429688,5.085064325811405e+17,,10,,114.14395141601562,62199,0.10943689942359924,0.06355199217796326,
0.09764779359102249,27.856332778930664,0.18211865425109863,2.1400203704833984,0.08510136604309082,10.240886688232422,31.885358810424805,5.089151760287662e+17,,10,,6.788380146026611,62249,0.11371708661317825,0.07213598489761353,
0.0995786264538765,28.190433502197266,0.1841592788696289,2.1579654216766357,0.08533930778503418,10.042315483093262,628.3148803710938,5.093239538361303e+17,,10,,133.76797485351562,62299,0.12218053638935089,0.06634873151779175,
0.09657686203718185,27.605953216552734,0.18947601318359375,2.230573892593384,0.0849449634552002,10.354447364807129,619.067626953125,5.097327316434944e+17,,10,,131.7992401123047,62349,0.13433651626110077,0.12491706013679504,
0.09490089118480682,24.518800735473633,0.17745208740234375,2.0598337650299072,0.08614873886108398,10.537308692932129,52.83977127075195,5.101414750911201e+17,,10,,11.249566078186035,62399,0.10636972635984421,0.055764585733413696,
0.1072172001004219,31.913637161254883,0.1885061264038086,2.196225166320801,0.08583188056945801,9.326862335205078,534.0335083007812,5.105502528984842e+17,,10,,113.69551086425781,62449,0.124423548579216,0.08053062856197357,
0.09747397154569626,26.734981536865234,0.18746185302734375,2.208430767059326,0.0848846435546875,10.259148597717285,42.445152282714844,5.109590307058483e+17,,10,,9.036555290222168,62499,0.10378338396549225,0.07120034098625183,
0.09672216325998306,25.496355056762695,0.18786382675170898,2.208167314529419,0.08507680892944336,10.338891983032227,41.982627868652344,5.113678085132124e+17,,10,,8.93808364868164,62549,0.1160852462053299,0.06969153881072998,
0.09752187132835388,28.11762237548828,0.18281316757202148,2.14837384223938,0.08509373664855957,10.254110336303711,452.245849609375,5.1177655196083814e+17,,10,,96.282958984375,62599,0.11875725537538528,0.07213938236236572,
0.10307431221008301,29.859712600708008,0.18234896659851074,2.1333014965057373,0.08547735214233398,9.701738357543945,30.60641860961914,5.1218532976820224e+17,,10,,6.516094207763672,62649,0.10605930536985397,0.06568975746631622,
0.09805833548307419,26.901132583618164,0.18439054489135742,2.170182228088379,0.08496546745300293,10.19801139831543,512.8842163085938,5.1259410757556634e+17,,10,,109.1928482055664,62699,0.11001738160848618,0.06446892023086548,
0.09109519422054291,18.979206085205078,0.17387080192565918,2.0429821014404297,0.08510637283325195,10.977527618408203,110.23211669921875,5.1300285102319206e+17,,10,,23.468372344970703,62749,0.12228255718946457,0.07685025036334991,
0.09575974941253662,25.956138610839844,0.18820571899414062,2.2085466384887695,0.08521699905395508,10.442800521850586,102.5213851928711,5.1341162883055616e+17,,10,,21.82676124572754,62799,0.10867968201637268,0.06494700908660889,
0.09408371150493622,24.85879898071289,0.17741632461547852,2.085892677307129,0.08505535125732422,10.62883186340332,563.1935424804688,5.1382040663792026e+17,,10,,119.90367889404297,62849,0.10644051432609558,0.06083397567272186,
0.09835372865200043,28.139890670776367,0.18651866912841797,2.182880401611328,0.08544611930847168,10.16738224029541,38.57400894165039,5.14229150085546e+17,,10,,8.212390899658203,62899,0.11711271852254868,0.06720444560050964,
0.0962177962064743,25.912662506103516,0.18108773231506348,2.122898578643799,0.08530211448669434,10.393088340759277,624.4991455078125,5.146379278929101e+17,,10,,132.9556121826172,62949,0.1167774647474289,0.08181676268577576,
0.09341886639595032,20.475914001464844,0.16863369941711426,1.9798765182495117,0.0851738452911377,10.704475402832031,59.30529022216797,5.150467057002742e+17,,10,,12.62607192993164,62999,0.11267229914665222,0.06549501419067383,
0.10576381534337997,30.63211441040039,0.18644165992736816,2.178490161895752,0.08558297157287598,9.455029487609863,37.03376007080078,5.154554491478999e+17,,10,,7.884472370147705,63049,0.11429459601640701,0.07076504826545715,
0.09878361225128174,28.41162872314453,0.1803300380706787,2.1332688331604004,0.08453226089477539,10.123136520385742,637.0661010742188,5.15864226955264e+17,,10,,135.63111877441406,63099,0.10564558953046799,0.05819898843765259,
,,,,,,16.743898391723633,5.162730047626281e+17,,11,,3.5647692680358887,63149,0.1119661033153534,0.07520811259746552,
0.09581407904624939,28.227048873901367,0.18742585182189941,4.285930156707764,0.04373049736022949,10.43687915802002,547.3397827148438,5.166817825699922e+17,,11,,116.52841186523438,63199,0.11451389640569687,0.07065325975418091,
0.09808054566383362,28.755878448486328,0.18826818466186523,2.2047274112701416,0.08539295196533203,10.195701599121094,639.0439453125,5.170905260176179e+17,,11,,136.0522003173828,63249,0.09379181265830994,0.05344147980213165,
0.08819611370563507,12.934804916381836,0.16736602783203125,1.960975170135498,0.08534836769104004,11.338367462158203,183.10377502441406,5.17499303824982e+17,,11,,38.98271942138672,63299,0.13197289407253265,0.12100262939929962,
0.08703268319368362,2.4568541049957275,0.09660863876342773,1.1294121742248535,0.08553886413574219,11.489936828613281,585.0204467773438,5.179080816323461e+17,,11,,124.55061340332031,63349,0.10767515003681183,0.07906633615493774,
0.09112177044153214,17.11275863647461,0.16802024841308594,1.9676181077957153,0.08539271354675293,10.974326133728027,37.22898864746094,5.1831682507997184e+17,,11,,7.926036357879639,63399,0.10363712161779404,0.06491948664188385,
0.09305574744939804,23.413463592529297,0.1826028823852539,2.1409478187561035,0.08529067039489746,10.746247291564941,636.6231079101562,5.1872560288733594e+17,,11,,135.53680419921875,63449,0.11099874973297119,0.0616384893655777,
0.09270565956830978,19.713083267211914,0.17040300369262695,1.9912906885147095,0.08557415008544922,10.78682804107666,536.3490600585938,5.191343806947e+17,,11,,114.18849182128906,63499,0.11152592301368713,0.0789898931980133,
0.10285386443138123,27.27519416809082,0.18259334564208984,2.128620147705078,0.08578014373779297,9.722532272338867,23.68937110900879,5.1954312414232576e+17,,11,,5.043457508087158,63549,0.1116487979888916,0.06905704736709595,
0.09933510422706604,27.18602752685547,0.18859195709228516,2.20365834236145,0.08558130264282227,10.066934585571289,545.4920043945312,5.1995190194968986e+17,,11,,116.13501739501953,63599,0.12538883090019226,0.06847234070301056,
0.10636840015649796,31.666635513305664,0.1906909942626953,2.2484614849090576,0.08480954170227051,9.401288032531738,30.014677047729492,5.2036067975705395e+17,,11,,6.390112400054932,63649,0.1001533791422844,0.06060612201690674,
0.09899476170539856,29.338062286376953,0.20106720924377441,2.3478920459747314,0.08563733100891113,10.101544380187988,621.8392944335938,5.207694232046797e+17,,11,,132.3893280029297,63699,0.10727296769618988,0.08420869708061218,
0.09285665303468704,22.517528533935547,0.18946146965026855,2.2152440547943115,0.0855262279510498,10.769287109375,570.9097900390625,5.211782010120438e+17,,11,,121.54647064208984,63749,0.10874766111373901,0.07382254302501678,
0.09574928134679794,26.49921989440918,0.18792080879211426,2.2077419757843018,0.08511900901794434,10.44394302368164,28.1865234375,5.215869788194079e+17,,11,,6.000899314880371,63799,0.1218661218881607,0.07513825595378876,
0.09620487689971924,26.417911529541016,0.18039798736572266,2.1146767139434814,0.08530759811401367,10.39448356628418,256.60302734375,5.21995756626772e+17,,11,,54.630680084228516,63849,0.12170548737049103,0.0711551159620285,
0.09282658994197845,25.701488494873047,0.2021186351776123,2.3733584880828857,0.08516144752502441,10.772775650024414,568.8062133789062,5.224045000743977e+17,,11,,121.0986099243164,63899,0.13057035207748413,0.0958133339881897,
0.094650499522686,26.471986770629883,0.18742132186889648,2.191054105758667,0.08553934097290039,10.565184593200684,384.0921325683594,5.228132778817618e+17,,11,,81.77305603027344,63949,0.11517415940761566,0.08007964491844177,
0.09578254818916321,26.290496826171875,0.19645285606384277,2.2930073738098145,0.08567476272583008,10.440315246582031,621.2197875976562,5.232220556891259e+17,,11,,132.25743103027344,63999,0.11589028686285019,0.07042349874973297,
,,,,,,,,5.232220556891259e+17,11,,,63999,,,0.4911145865917206
0.09206611663103104,21.453428268432617,0.17702913284301758,2.0945801734924316,0.0845177173614502,10.861759185791016,635.8131103515625,5.236307991367516e+17,,11,,135.36434936523438,64049,0.11492563784122467,0.07096332311630249,
0.08633552491664886,0.7896707653999329,0.08833146095275879,1.040784239768982,0.0848701000213623,11.582717895507812,630.8701782226562,5.240395769441157e+17,,11,,134.31201171875,64099,0.1488058716058731,0.07437354326248169,
0.08632921427488327,1.012586236000061,0.08980298042297363,1.0510834455490112,0.08543848991394043,11.583564758300781,31.402963638305664,5.244483547514798e+17,,11,,6.685678482055664,64149,0.14201441407203674,0.10245534777641296,
0.09693537652492523,27.43448829650879,0.18600749969482422,2.176145315170288,0.08547568321228027,10.316150665283203,269.73388671875,5.2485709819910554e+17,,11,,57.426239013671875,64199,0.10287849605083466,0.05425189435482025,
0.10310954600572586,29.60908317565918,0.18512916564941406,2.1727116107940674,0.08520650863647461,9.698423385620117,353.3623046875,5.252658760064696e+17,,11,,75.2306900024414,64249,0.10700733959674835,0.05953875184059143,
0.10729502886533737,31.08063316345215,0.18238019943237305,2.15055251121521,0.08480620384216309,9.320096015930176,23.72199058532715,5.256746538138337e+17,,11,,5.0504021644592285,64299,0.11637633293867111,0.08218047022819519,
0.09563877433538437,24.94268226623535,0.18966984748840332,2.207042932510376,0.0859384536743164,10.456009864807129,598.5457763671875,5.2608339726145946e+17,,11,,127.4301528930664,64349,0.158019557595253,0.13676488399505615,
0.09422677755355835,23.294065475463867,0.17090678215026855,2.0111072063446045,0.08498144149780273,10.61269474029541,26.599916458129883,5.2649217506882355e+17,,11,,5.663111209869385,64399,0.11062384396791458,0.06765212118625641,
0.09571134299039841,25.374425888061523,0.17368650436401367,2.038395404815674,0.08520746231079102,10.448081970214844,79.4189453125,5.2690095287618765e+17,,11,,16.908260345458984,64449,0.1140500083565712,0.06628750264644623,
0.08971013873815536,14.455117225646973,0.16371893882751465,1.9220393896102905,0.08517980575561523,11.147011756896973,594.781982421875,5.2730973068355174e+17,,11,,126.62884521484375,64499,0.11167468130588531,0.059589847922325134,
0.09838449209928513,27.152023315429688,0.1833341121673584,2.162402629852295,0.08478260040283203,10.164203643798828,26.76620101928711,5.277184741311775e+17,,11,,5.698513031005859,64549,0.10724290460348129,0.0641028881072998,
0.0900053009390831,18.857446670532227,0.17271924018859863,2.022798538208008,0.08538627624511719,11.110457420349121,633.4468383789062,5.281272519385416e+17,,11,,134.86058044433594,64599,0.10966227203607559,0.06426151096820831,
0.08652583509683609,0.8325976133346558,0.08858799934387207,1.0369641780853271,0.08543014526367188,11.557241439819336,642.3194580078125,5.2853602974590566e+17,,11,,136.7495574951172,64649,0.1342354118824005,0.08072561025619507,
0.0924302190542221,22.322065353393555,0.17496442794799805,2.055504083633423,0.08511996269226074,10.81897258758545,58.15103530883789,5.289447731935314e+17,,11,,12.380331993103027,64699,0.12304000556468964,0.06627421081066132,
0.09000210464000702,19.41635513305664,0.18052291870117188,2.126906394958496,0.08487582206726074,11.110851287841797,641.8375244140625,5.293535510008955e+17,,11,,136.64695739746094,64749,0.14926494657993317,0.111921027302742,
0.09210354089736938,22.39187240600586,0.17947697639465332,2.115831136703491,0.08482575416564941,10.857346534729004,30.118885040283203,5.297623288082596e+17,,11,,6.412298679351807,64799,0.10714400559663773,0.06009955704212189,
0.08960015326738358,15.8786039352417,0.17496418952941895,2.0596086978912354,0.08495020866394043,11.16069507598877,100.65660858154297,5.301710722558853e+17,,11,,21.429752349853516,64849,0.0924626886844635,0.05702166259288788,
0.09123200178146362,19.363056182861328,0.17273640632629395,2.0349204540252686,0.08488607406616211,10.961066246032715,238.22474670410156,5.305798500632494e+17,,11,,50.717952728271484,64899,0.13338325917720795,0.08210167288780212,
0.09483247995376587,25.725053787231445,0.1755998134613037,2.0755200386047363,0.08460521697998047,10.544910430908203,77.14030456542969,5.309886278706135e+17,,11,,16.423139572143555,64949,0.10966475307941437,0.06266240775585175,
0.08849308639764786,16.75212287902832,0.19188690185546875,2.257295608520508,0.0850074291229248,11.300317764282227,367.081787109375,5.313973713182392e+17,,11,,78.15156555175781,64999,0.11363821476697922,0.07340648770332336,
0.087583526968956,8.538886070251465,0.1392977237701416,1.6394766569137573,0.08496475219726562,11.417672157287598,49.664710998535156,5.318061491256033e+17,,11,,10.573596954345703,65049,0.14032916724681854,0.10126644372940063,
0.09456723928451538,26.674501419067383,0.18728303909301758,2.2054755687713623,0.08491730690002441,10.57448673248291,53.150936126708984,5.322149269329674e+17,,11,,11.315813064575195,65099,0.10584525763988495,0.07274915277957916,
0.0943114310503006,25.698606491088867,0.1809687614440918,2.1273367404937744,0.0850682258605957,10.603168487548828,75.99077606201172,5.326237047403315e+17,,11,,16.17840576171875,65149,0.13407638669013977,0.08257487416267395,
0.09227833151817322,23.000368118286133,0.1912670135498047,2.2581419944763184,0.0847010612487793,10.836780548095703,25.762008666992188,5.3303244818795725e+17,,11,,5.4847211837768555,65199,0.11318858712911606,0.07374900579452515,
0.0950818732380867,25.975923538208008,0.17986345291137695,2.1231443881988525,0.08471560478210449,10.517251968383789,643.31494140625,5.3344122599532134e+17,,11,,136.9615020751953,65249,0.11211948096752167,0.07173500955104828,
0.09700058400630951,27.322385787963867,0.17874693870544434,2.1184606552124023,0.08437585830688477,10.309216499328613,23.34463882446289,5.3385000380268544e+17,,11,,4.970064163208008,65299,0.11980954557657242,0.08032573759555817,
0.08932380378246307,14.667678833007812,0.17098259925842285,2.0015602111816406,0.08542466163635254,11.195223808288574,561.9329833984375,5.342587472503112e+17,,11,,119.63530731201172,65349,0.11519452184438705,0.06607352197170258,
0.09695401787757874,27.921602249145508,0.18722033500671387,2.2007393836975098,0.08507156372070312,10.314167022705078,379.3406677246094,5.3466752505767526e+17,,11,,80.761474609375,65399,0.11228246241807938,0.0837719589471817,
0.10034304112195969,28.669677734375,0.18451189994812012,2.163917064666748,0.08526754379272461,9.965812683105469,25.29096794128418,5.3507630286503936e+17,,11,,5.38443660736084,65449,0.10856259614229202,0.05876968801021576,
0.09786874055862427,29.14946174621582,0.18765759468078613,2.194507360458374,0.08551239967346191,10.217766761779785,32.92296600341797,5.354850463126651e+17,,11,,7.009285926818848,65499,0.15067121386528015,0.14302562177181244,
0.10756543278694153,30.724546432495117,0.1906580924987793,2.2393858432769775,0.08513855934143066,9.296667098999023,591.2371826171875,5.358938241200292e+17,,11,,125.87415313720703,65549,0.11894070357084274,0.0647275447845459,
0.0957866907119751,24.94646644592285,0.17741131782531738,2.0823607444763184,0.08519721031188965,10.439864158630371,632.9437866210938,5.363026019273933e+17,,11,,134.75347900390625,65599,0.10148139297962189,0.06010991334915161,
0.0928799957036972,22.874343872070312,0.17621779441833496,2.0669403076171875,0.08525538444519043,10.766580581665039,48.69957733154297,5.36711345375019e+17,,11,,10.368120193481445,65649,0.12402340769767761,0.09456412494182587,
0.09692168980836868,25.468111038208008,0.18848037719726562,2.203146457672119,0.08555054664611816,10.317607879638672,47.22996520996094,5.371201231823831e+17,,11,,10.055240631103516,65699,0.10788249224424362,0.0661318451166153,
0.10397792607545853,28.96494483947754,0.1872570514678955,2.200054883956909,0.08511471748352051,9.617425918579102,568.6167602539062,5.375289009897472e+17,,11,,121.05828094482422,65749,0.10437554866075516,0.06372900307178497,
0.09851644933223724,27.17662239074707,0.1704545021057129,2.012248992919922,0.08470845222473145,10.150588989257812,560.082763671875,5.379376787971113e+17,,11,,119.24139404296875,65799,0.14212769269943237,0.13197560608386993,
0.09964749962091446,30.496353149414062,0.1848146915435791,2.173600673675537,0.08502697944641113,10.035374641418457,308.1219177246094,5.38346422244737e+17,,11,,65.59903717041016,65849,0.16100026667118073,0.16426245868206024,
0.09126205742359161,19.520526885986328,0.16990923881530762,2.000502586364746,0.08493328094482422,10.9574556350708,86.20577239990234,5.387552000521011e+17,,11,,18.353174209594727,65899,0.11304174363613129,0.08507838845252991,
0.09667323529720306,26.200714111328125,0.17548847198486328,2.0576722621917725,0.08528494834899902,10.344124794006348,37.761871337890625,5.391639778594652e+17,,11,,8.0394868850708,65949,0.17068776488304138,0.1780741661787033,
0.10059486329555511,29.837875366210938,0.17765140533447266,2.076612949371338,0.08554863929748535,9.940865516662598,134.3737030029297,5.3957272130709094e+17,,11,,28.608104705810547,65999,0.14318649470806122,0.21029435098171234,
0.0993710309267044,30.56515121459961,0.18485617637634277,2.1775872707366943,0.08489036560058594,10.063295364379883,127.03362274169922,5.3998149911445504e+17,,11,,27.045406341552734,66049,0.12105249613523483,0.07542569935321808,
0.10030432045459747,30.185791015625,0.18830609321594238,2.2059719562530518,0.08536195755004883,9.969660758972168,67.63508605957031,5.4039027692181914e+17,,11,,14.399482727050781,66099,0.10496214032173157,0.06745138764381409,
0.100294329226017,28.090675354003906,0.18184685707092285,2.1359708309173584,0.08513545989990234,9.970653533935547,67.03706359863281,5.4079902036944486e+17,,11,,14.272163391113281,66149,0.10058000683784485,0.07218877971172333,
0.10354557633399963,32.714813232421875,0.20224618911743164,2.372816801071167,0.0852346420288086,9.65758228302002,81.76921081542969,5.4120779817680896e+17,,11,,17.408632278442383,66199,0.10334967076778412,0.08559904992580414,
0.10045095533132553,27.355653762817383,0.1742393970489502,2.0575501918792725,0.08468294143676758,9.955106735229492,578.5718383789062,5.4161657598417306e+17,,11,,123.17770385742188,66249,0.10138143599033356,0.06766240298748016,
0.10074035823345184,28.58523178100586,0.18004226684570312,2.102778673171997,0.08562111854553223,9.926508903503418,33.7849235534668,5.420253194317988e+17,,11,,7.192796230316162,66299,0.11266759037971497,0.06806428730487823,
0.11048399657011032,32.778045654296875,0.1966102123260498,2.3076295852661133,0.08520007133483887,9.051084518432617,69.81747436523438,5.424340972391629e+17,,11,,14.864112854003906,66349,0.11172495782375336,0.06956733763217926,
0.10455808788537979,30.259876251220703,0.19101643562316895,2.2392053604125977,0.08530545234680176,9.564061164855957,66.749755859375,5.42842875046527e+17,,11,,14.2109956741333,66399,0.12608683109283447,0.07794076204299927,
0.10394254326820374,30.24261474609375,0.19178247451782227,2.249732255935669,0.08524680137634277,9.620699882507324,631.9164428710938,5.432516528538911e+17,,11,,134.53475952148438,66449,0.1100771427154541,0.07230836153030396,
0.10136289894580841,31.438621520996094,0.19232630729675293,2.252715826034546,0.08537530899047852,9.865543365478516,150.8200225830078,5.436603963015168e+17,,11,,32.10952377319336,66499,0.15716074407100677,0.15465198457241058,
0.102659672498703,31.57695960998535,0.1886599063873291,2.215512752532959,0.08515405654907227,9.740923881530762,55.26006317138672,5.440691741088809e+17,,11,,11.76484489440918,66549,0.12974350154399872,0.08960947394371033,
0.09615254402160645,26.485620498657227,0.17952990531921387,2.1104345321655273,0.0850677490234375,10.400140762329102,176.47384643554688,5.44477951916245e+17,,11,,37.57120895385742,66599,0.13292859494686127,0.07624974846839905,
0.10926876962184906,34.41992950439453,0.22744989395141602,2.658979654312134,0.0855402946472168,9.151745796203613,227.7946014404297,5.448866953638707e+17,,11,,48.497379302978516,66649,0.10006701201200485,0.05957259237766266,
0.09392445534467697,22.322593688964844,0.1824488639831543,2.134422540664673,0.0854792594909668,10.646854400634766,50.375240325927734,5.452954731712348e+17,,11,,10.724867820739746,66699,0.11388508230447769,0.06713776290416718,
0.0997202917933464,27.61587142944336,0.17091155052185059,2.0064234733581543,0.08518218994140625,10.02804946899414,87.02364349365234,5.457042509785989e+17,,11,,18.527299880981445,66749,0.09866495430469513,0.05919100344181061,
0.09434601664543152,22.055435180664062,0.16751527786254883,1.9761382341384888,0.08476901054382324,10.599281311035156,31.315052032470703,5.4611299442622464e+17,,11,,6.666961669921875,66799,0.1097383201122284,0.05566662549972534,
0.09234781563282013,24.00838279724121,0.18370723724365234,2.1637673377990723,0.08490157127380371,10.82862663269043,532.9315795898438,5.4652177223358874e+17,,11,,113.46092224121094,66849,0.1293724924325943,0.08345207571983337,
0.0981714203953743,28.209247589111328,0.17789602279663086,2.098378896713257,0.08477783203125,10.186264038085938,148.7362518310547,5.469305500409528e+17,,11,,31.66588592529297,66899,0.11087711155414581,0.07287722826004028,
0.09744307398796082,27.309680938720703,0.1819019317626953,2.133880853652954,0.08524465560913086,10.262401580810547,26.815311431884766,5.4733929348857856e+17,,11,,5.7089691162109375,66949,0.10779184848070145,0.05964207649230957,
0.09365011006593704,25.1610050201416,0.1822359561920166,2.1454198360443115,0.08494186401367188,10.678044319152832,267.53070068359375,5.4774807129594266e+17,,11,,56.957176208496094,66999,0.1219332292675972,0.0855017602443695,
0.10159602761268616,31.740694046020508,0.18248558044433594,2.138239622116089,0.08534383773803711,9.842904090881348,595.6627197265625,5.4815684910330675e+17,,11,,126.81634521484375,67049,0.12062378972768784,0.08235679566860199,
0.0986914411187172,26.78289031982422,0.17567968368530273,2.070896625518799,0.08483266830444336,10.132591247558594,582.656005859375,5.4856562691067085e+17,,11,,124.04723358154297,67099,0.11302177608013153,0.06724081933498383,
0.09323260188102722,21.91448211669922,0.16980814933776855,1.9984146356582642,0.08497142791748047,10.725861549377441,255.90557861328125,5.489743703582966e+17,,11,,54.48219299316406,67149,0.10119214653968811,0.061486050486564636,
0.10094749182462692,28.375545501708984,0.18031954765319824,2.117372751235962,0.08516192436218262,9.906140327453613,53.67514419555664,5.493831481656607e+17,,11,,11.427416801452637,67199,0.11485464870929718,0.061938539147377014,
0.0960085317492485,25.705394744873047,0.1756000518798828,2.0657951831817627,0.08500361442565918,10.415740966796875,105.21814727783203,5.497919259730248e+17,,11,,22.40089988708496,67249,0.10201853513717651,0.06413047015666962,
0.10126657783985138,30.910287857055664,0.19564414024353027,2.29184627532959,0.08536529541015625,9.874926567077637,47.7755126953125,5.502006694206505e+17,,11,,10.171387672424316,67299,0.09725604206323624,0.061520084738731384,
0.10433421283960342,31.281814575195312,0.20366740226745605,2.3874740600585938,0.08530664443969727,9.584583282470703,84.22554016113281,5.506094472280146e+17,,11,,17.931583404541016,67349,0.10646354407072067,0.06481514871120453,
0.1032218188047409,32.66439437866211,0.20167040824890137,2.36625337600708,0.08522772789001465,9.687873840332031,82.25924682617188,5.510182250353787e+17,,11,,17.51296043395996,67399,0.17261458933353424,0.09549133479595184,
0.09443016350269318,28.254056930541992,0.20325207710266113,2.392756938934326,0.0849447250366211,10.589836120605469,64.93389892578125,5.514269684830044e+17,,11,,13.824400901794434,67449,0.10776519030332565,0.07014337182044983,
0.0989704579114914,24.6606388092041,0.16907763481140137,1.990180492401123,0.08495593070983887,10.104025840759277,77.18919372558594,5.518357462903685e+17,,11,,16.433547973632812,67499,0.10326685011386871,0.06591819226741791,
0.10887996852397919,33.05101776123047,0.19743824005126953,2.3286280632019043,0.08478736877441406,9.184425354003906,83.14561462402344,5.522445240977326e+17,,11,,17.70166778564453,67549,0.09475129842758179,0.05954308807849884,
0.10236291587352753,30.385581970214844,0.17415380477905273,2.049482583999634,0.08497452735900879,9.76916217803955,37.02130126953125,5.5265326754535834e+17,,11,,7.881820201873779,67599,0.11027225106954575,0.07850733399391174,
0.11921060085296631,31.222633361816406,0.1802351474761963,2.113293409347534,0.08528637886047363,8.38851547241211,373.4732971191406,5.530620453527224e+17,,11,,79.51231384277344,67649,0.15166272222995758,0.1590743064880371,
0.09735157340765,26.699752807617188,0.18123817443847656,2.129495143890381,0.08510851860046387,10.272047996520996,63.03280258178711,5.534708231600865e+17,,11,,13.419658660888672,67699,0.11197158694267273,0.08029980957508087,
0.09956558793783188,30.175342559814453,0.18191194534301758,2.1315300464630127,0.0853433609008789,10.043630599975586,39.53648376464844,5.538796009674506e+17,,11,,8.417302131652832,67749,0.1199076697230339,0.07597881555557251,
0.10300960391759872,33.37070846557617,0.19171643257141113,2.2439680099487305,0.08543634414672852,9.707833290100098,83.23765563964844,5.5428834441507635e+17,,11,,17.721261978149414,67799,0.10293112695217133,0.06930235028266907,
0.09731488674879074,26.630117416381836,0.18404865264892578,2.1609675884246826,0.08516955375671387,10.275919914245605,93.04410552978516,5.5469712222244045e+17,,11,,19.809051513671875,67849,0.14064042270183563,0.1041862815618515,
0.10232856124639511,30.5739688873291,0.19261717796325684,2.2575790882110596,0.08532023429870605,9.772442817687988,553.1488647460938,5.5510590002980454e+17,,11,,117.76516723632812,67899,0.10489293932914734,0.07282589375972748,
0.09598720073699951,28.019899368286133,0.18478679656982422,2.1760244369506836,0.08491945266723633,10.418055534362793,64.40022277832031,5.555146434774303e+17,,11,,13.71078109741211,67949,0.12162450700998306,0.07559226453304291,
0.10111579298973083,31.472732543945312,0.18014979362487793,2.125908136367798,0.08474016189575195,9.889652252197266,49.60380554199219,5.559234212847944e+17,,11,,10.560629844665527,67999,0.10478373616933823,0.07045914232730865,
,,,,,,,,5.559234212847944e+17,11,,,67999,,,0.4796058237552643
0.09736031293869019,27.47370147705078,0.18311238288879395,2.1650171279907227,0.08457779884338379,10.271125793457031,624.1412353515625,5.5633219909215846e+17,,11,,132.87940979003906,68049,0.12370429933071136,0.08758124709129333,
0.08567971736192703,0.7181727290153503,0.08784317970275879,1.0362040996551514,0.08477401733398438,11.67137336730957,636.5494384765625,5.567409425397842e+17,,11,,135.5211181640625,68099,0.10526236891746521,0.06833723187446594,
0.08572608232498169,0.3511188328266144,0.08724498748779297,1.022962212562561,0.08528661727905273,11.665060997009277,20.981050491333008,5.571497203471483e+17,,11,,4.466856956481934,68149,0.17990060150623322,0.17575103044509888,
0.08792055398225784,14.598894119262695,0.17743539810180664,2.0766806602478027,0.08544182777404785,11.373905181884766,631.9676513671875,5.575584981545124e+17,,11,,134.545654296875,68199,0.18836353719234467,0.06889569759368896,
0.08903853595256805,14.500136375427246,0.1529250144958496,1.7932671308517456,0.08527731895446777,11.231091499328613,629.7451171875,5.579672416021381e+17,,11,,134.07247924804688,68249,0.11593310534954071,0.07736091315746307,
0.09713061153888702,26.166643142700195,0.170212984085083,1.9942039251327515,0.08535385131835938,10.295415878295898,21.010494232177734,5.583760194095022e+17,,11,,4.473125457763672,68299,0.11483969539403915,0.0739670991897583,
0.08896327763795853,13.259279251098633,0.1532421112060547,1.7935357093811035,0.08544135093688965,11.240592956542969,156.34449768066406,5.587847972168663e+17,,11,,33.28567886352539,68349,0.12709645926952362,0.09782056510448456,
0.08933208137750626,16.298389434814453,0.17978811264038086,2.112208843231201,0.08511853218078613,11.19418716430664,37.24570846557617,5.591935750242304e+17,,11,,7.929595947265625,68399,0.09453538805246353,0.05968490242958069,
0.10131494700908661,28.47669219970703,0.16925859451293945,1.999273419380188,0.08466005325317383,9.87021255493164,35.0200080871582,5.596023184718561e+17,,11,,7.455745220184326,68449,0.10786417871713638,0.07787321507930756,
0.0929671972990036,23.620227813720703,0.2084817886352539,2.437309503555298,0.08553767204284668,10.756482124328613,474.2427978515625,5.600110962792202e+17,,11,,100.96609497070312,68499,0.10863059759140015,0.06932586431503296,
0.10346447676420212,29.807600021362305,0.18094325065612793,2.1379482746124268,0.08463406562805176,9.665152549743652,24.90914535522461,5.604198740865843e+17,,11,,5.303146839141846,68549,0.09490623325109482,0.059183552861213684,
0.101002037525177,28.699865341186523,0.18126964569091797,2.1310648918151855,0.08506059646606445,9.900790214538574,542.9442749023438,5.6082861753421005e+17,,11,,115.59262084960938,68599,0.11473461985588074,0.09520559012889862,
0.1028170958161354,30.013198852539062,0.18304896354675293,2.159719467163086,0.08475589752197266,9.726009368896484,525.1160888671875,5.6123739534157414e+17,,11,,111.79700469970703,68649,0.10081082582473755,0.06337445974349976,
0.09892933070659637,28.006572723388672,0.1859605312347412,2.1852691173553467,0.0850973129272461,10.10822582244873,47.70537185668945,5.6164617314893824e+17,,11,,10.156454086303711,68699,0.12350047379732132,0.0930178165435791,
0.10112902522087097,27.90488624572754,0.17763757705688477,2.0748841762542725,0.08561325073242188,9.888358116149902,597.2962646484375,5.62054916596564e+17,,11,,127.16413116455078,68749,0.10587500780820847,0.0686836689710617,
0.09054949879646301,16.776269912719727,0.15638375282287598,1.8331800699234009,0.08530735969543457,11.043683052062988,38.29618453979492,5.6246369440392806e+17,,11,,8.153242111206055,68799,0.21487222611904144,0.29432016611099243,
,,,,,,,5.6287247221129216e+17,,12,,,68849,0.14116401970386505,0.13162250816822052,
0.09644796699285507,26.34235191345215,0.1860942840576172,3.8409557342529297,0.04844999313354492,10.368284225463867,569.6063232421875,5.632812156589179e+17,,12,,121.26895141601562,68899,0.11696968972682953,0.08131471276283264,
0.09731657803058624,27.03837013244629,0.1812424659729004,2.1279897689819336,0.08517074584960938,10.275741577148438,196.8804473876953,5.63689993466282e+17,,12,,41.915767669677734,68949,0.10765620321035385,0.06683556735515594,
0.10332897305488586,30.58452033996582,0.1909961700439453,2.2322051525115967,0.08556389808654785,9.677827835083008,21.433372497558594,5.640987712736461e+17,,12,,4.5631561279296875,68999,0.11510961502790451,0.07182243466377258,
0.08712498843669891,7.698906421661377,0.13351678848266602,1.5756686925888062,0.08473658561706543,11.477763175964355,398.0337219238281,5.645075490810102e+17,,12,,84.74121856689453,69049,0.11101129651069641,0.06689453125,
0.09471341222524643,25.556888580322266,0.1814866065979004,2.1417076587677,0.08473920822143555,10.55816650390625,639.7010498046875,5.649162925286359e+17,,12,,136.1920928955078,69099,0.09593236446380615,0.05747152864933014,
0.10090243071317673,27.674741744995117,0.1788928508758545,2.094486713409424,0.08541131019592285,9.910564422607422,86.2259292602539,5.65325070336e+17,,12,,18.357463836669922,69149,0.10335732251405716,0.06530265510082245,
0.09234397858381271,20.265958786010742,0.1798231601715088,2.1056315898895264,0.08540105819702148,10.829076766967773,632.475830078125,5.657338481433641e+17,,12,,134.6538543701172,69199,0.10738527774810791,0.06703774631023407,
0.09807091951370239,26.41571044921875,0.17925119400024414,2.0992915630340576,0.08538651466369629,10.196702003479004,27.241474151611328,5.661425915909898e+17,,12,,5.799698829650879,69249,0.13022476434707642,0.10334402322769165,
0.09698391705751419,26.1984920501709,0.1720104217529297,2.010903835296631,0.08553886413574219,10.310988426208496,570.8465576171875,5.665513693983539e+17,,12,,121.53299713134766,69299,0.1719684898853302,0.2089698314666748,
0.09296195209026337,20.304506301879883,0.16301298141479492,1.920400619506836,0.0848848819732666,10.757088661193848,644.4293823242188,5.66960147205718e+17,,12,,137.19876098632812,69349,0.10676956921815872,0.06553472578525543,
0.0950901061296463,24.29532814025879,0.18025493621826172,2.113880157470703,0.08527207374572754,10.516341209411621,588.9255981445312,5.6736889065334374e+17,,12,,125.38201904296875,69399,0.099946029484272,0.066854327917099,
0.09743307530879974,25.304201126098633,0.16625094413757324,1.9521855115890503,0.08516144752502441,10.263455390930176,637.5651245117188,5.6777766846070784e+17,,12,,135.73736572265625,69449,0.10254359245300293,0.06455305218696594,
0.09848448634147644,28.178773880004883,0.18247127532958984,2.1406733989715576,0.08524012565612793,10.153883934020996,27.171894073486328,5.6818644626807194e+17,,12,,5.784884929656982,69499,0.10965608805418015,0.0665149986743927,
0.09787064790725708,26.23836326599121,0.18405938148498535,2.1568188667297363,0.08533835411071777,10.217568397521973,513.6436157226562,5.6859518971569766e+17,,12,,109.35452270507812,69549,0.09840451180934906,0.060505107045173645,
0.09751507639884949,26.851356506347656,0.17415976524353027,2.0355429649353027,0.08555936813354492,10.2548246383667,499.3214416503906,5.6900396752306176e+17,,12,,106.30532836914062,69599,0.20034673810005188,0.21668311953544617,
0.09653456509113312,25.08915901184082,0.1785140037536621,2.087265968322754,0.0855252742767334,10.358983993530273,20.047401428222656,5.6941274533042586e+17,,12,,4.268083572387695,69649,0.1991392821073532,0.19143572449684143,
0.09227992594242096,19.246688842773438,0.1732637882232666,2.0332977771759033,0.08521318435668945,10.836592674255371,639.225341796875,5.6982152313778995e+17,,12,,136.0908203125,69699,0.11351889371871948,0.06959925591945648,
0.09433244913816452,23.95606803894043,0.1734602451324463,2.0312557220458984,0.08539557456970215,10.60080623626709,34.988346099853516,5.702302665854157e+17,,12,,7.449004650115967,69749,0.11235914379358292,0.062327027320861816,
0.09269686043262482,22.696590423583984,0.17535877227783203,2.050945520401001,0.08550143241882324,10.787851333618164,646.5415649414062,5.706390443927798e+17,,12,,137.6484375,69799,0.10078565776348114,0.06276781857013702,
0.09486746788024902,23.973600387573242,0.17805242538452148,2.0828561782836914,0.08548474311828613,10.541021347045898,328.57830810546875,5.710478222001439e+17,,12,,69.95418548583984,69849,0.11460862308740616,0.08361935615539551,
0.09497205913066864,25.39451789855957,0.20419979095458984,2.400369882583618,0.08507013320922852,10.529412269592285,34.2579460144043,5.714565656477696e+17,,12,,7.2935028076171875,69899,0.10798817873001099,0.062440887093544006,
0.0973639041185379,27.47111701965332,0.17972850799560547,2.124241590499878,0.08460831642150879,10.270746231079102,167.5657958984375,5.718653434551337e+17,,12,,35.67469024658203,69949,0.1263740211725235,0.08654770255088806,
0.09941615164279938,27.415781021118164,0.1746504306793213,2.0609707832336426,0.08474183082580566,10.058728218078613,544.1217651367188,5.722741212624978e+17,,12,,115.84330749511719,69999,0.11102110147476196,0.06108607351779938,
0.10801641643047333,29.773712158203125,0.18278121948242188,2.149618625640869,0.08502960205078125,9.257852554321289,41.793067932128906,5.726828647101235e+17,,12,,8.897727012634277,70049,0.12062239646911621,0.08405715227127075,
0.0991523489356041,29.376258850097656,0.17915749549865723,2.09948992729187,0.08533382415771484,10.085490226745605,639.5728759765625,5.730916425174876e+17,,12,,136.16481018066406,70099,0.15001317858695984,0.09034736454486847,
0.0975814089179039,25.149717330932617,0.1815488338470459,2.1204512119293213,0.0856180191040039,10.247854232788086,32.099124908447266,5.735004203248517e+17,,12,,6.833890914916992,70149,0.1186932846903801,0.06634651124477386,
0.09910015761852264,29.306222915649414,0.19020652770996094,2.2186920642852783,0.08572912216186523,10.090801239013672,565.9034423828125,5.7390916377247744e+17,,12,,120.4806137084961,70199,0.1082049161195755,0.06374940276145935,
0.10240139812231064,30.195636749267578,0.2277355194091797,2.668163776397705,0.08535289764404297,9.765491485595703,624.9887084960938,5.7431794157984154e+17,,12,,133.05984497070312,70249,0.10502384603023529,0.06286056339740753,
0.09818845987319946,28.579742431640625,0.18463563919067383,2.1659436225891113,0.08524489402770996,10.18449592590332,30.134681701660156,5.747267193872056e+17,,12,,6.415661334991455,70299,0.13521696627140045,0.08705489337444305,
0.09226592630147934,19.994054794311523,0.16327238082885742,1.925430417060852,0.08479785919189453,10.838237762451172,641.9445190429688,5.7513546283483136e+17,,12,,136.6697235107422,70349,0.11787045747041702,0.0898665189743042,
0.10130757838487625,28.392423629760742,0.19309616088867188,2.275509834289551,0.08485841751098633,9.870929718017578,565.7039184570312,5.7554424064219546e+17,,12,,120.43814086914062,70399,0.10702318698167801,0.0655786395072937,
0.09754572063684464,27.732561111450195,0.18834972381591797,2.2049803733825684,0.08542013168334961,10.251602172851562,50.69573211669922,5.7595301844955955e+17,,12,,10.79310131072998,70449,0.14392982423305511,0.08855956792831421,
0.09428762644529343,25.8218994140625,0.18572378158569336,2.1882376670837402,0.08487367630004883,10.60584545135498,631.6700439453125,5.7636179625692365e+17,,12,,134.4822998046875,70499,0.12763839960098267,0.08223193883895874,
0.09596917778253555,27.89646339416504,0.1817913055419922,2.149906635284424,0.08455777168273926,10.420012474060059,24.74481773376465,5.767705397045494e+17,,12,,5.268161773681641,70549,0.11684083193540573,0.07444240152835846,
0.09562518447637558,26.2517032623291,0.18922877311706543,2.2228031158447266,0.08513069152832031,10.45749568939209,588.0479125976562,5.771792831521751e+17,,12,,125.19515991210938,70599,0.13131384551525116,0.08281971514225006,
0.097037173807621,23.94935417175293,0.17612934112548828,2.059509754180908,0.08552002906799316,10.305329322814941,242.62489318847656,5.775880953192776e+17,,12,,51.65474319458008,70649,0.12233924865722656,0.06623579561710358,
0.09664934873580933,26.731983184814453,0.18240070343017578,2.151423454284668,0.08478140830993652,10.346680641174316,632.9202270507812,5.779968387669033e+17,,12,,134.7484588623047,70699,0.1608922928571701,0.19475185871124268,
0.09727056324481964,28.200355529785156,0.18170619010925293,2.1261138916015625,0.0854640007019043,10.28060245513916,523.0760498046875,5.784056509340058e+17,,12,,111.36267852783203,70749,0.11727812141180038,0.08510211110115051,
0.09563448280096054,24.08856964111328,0.17326903343200684,2.0213470458984375,0.08571958541870117,10.456480026245117,18.868494033813477,5.788143943816315e+17,,12,,4.017094612121582,70799,0.1532987356185913,0.174322247505188,
0.10054269433021545,29.207996368408203,0.18871259689331055,2.2174229621887207,0.08510446548461914,9.946023941040039,271.801513671875,5.792231378292572e+17,,12,,57.86643600463867,70849,0.11525168269872665,0.06949158012866974,
0.10446979850530624,32.45026779174805,0.18868088722229004,2.205158233642578,0.08556342124938965,9.572144508361816,584.7302856445312,5.796319499963597e+17,,12,,124.48883819580078,70899,0.11022960394620895,0.06624078750610352,
0.282564640045166,443.9000244140625,9.06002140045166,106.08023071289062,0.08540725708007812,3.539013385772705,31.208284378051758,5.800406934439854e+17,,12,,6.644230842590332,70949,0.11937251687049866,0.07562372088432312,
0.1013561487197876,32.35945129394531,0.23054146766662598,2.706883430480957,0.08516860008239746,9.866199493408203,628.4706420898438,5.804494368916111e+17,,12,,133.8011474609375,70999,0.11181659251451492,0.06262357532978058,
0.1057334840297699,31.13188362121582,0.17531752586364746,2.073188304901123,0.084564208984375,9.457741737365723,42.11448669433594,5.808582490587136e+17,,12,,8.966156959533691,71049,0.11429884284734726,0.06831075251102448,
0.09208140522241592,20.15041160583496,0.17659521102905273,2.076133966445923,0.08505964279174805,10.859955787658691,171.12733459472656,5.812669925063393e+17,,12,,36.43294143676758,71099,0.13727426528930664,0.08198855817317963,
0.09912038594484329,28.710453033447266,0.17957401275634766,2.1109468936920166,0.0850679874420166,10.08874225616455,125.61128234863281,5.81675735953965e+17,,12,,26.742591857910156,71149,0.12076027691364288,0.0777912586927414,
0.09798235446214676,27.201290130615234,0.180586576461792,2.127967119216919,0.08486342430114746,10.20591926574707,57.43361282348633,5.820845481210675e+17,,12,,12.227593421936035,71199,0.1719859093427658,0.20465585589408875,
0.099234439432621,32.24525833129883,0.21556544303894043,2.534498929977417,0.085052490234375,10.077146530151367,614.561279296875,5.824932915686932e+17,,12,,130.83984375,71249,0.14110995829105377,0.07359053194522858,
0.09667494893074036,27.77296257019043,0.19126152992248535,2.2336196899414062,0.08562850952148438,10.343940734863281,82.51155090332031,5.82902035016319e+17,,12,,17.56667709350586,71299,0.1218046247959137,0.08612924814224243,
0.10187350958585739,30.505050659179688,0.19061803817749023,2.240797996520996,0.0850670337677002,9.816094398498535,54.988765716552734,5.833108471834214e+17,,12,,11.707086563110352,71349,0.26285088062286377,0.18269170820713043,
0.09383140504360199,26.480470657348633,0.1896824836730957,2.2296252250671387,0.08507370948791504,10.6574125289917,464.8236999511719,5.837195906310472e+17,,12,,98.96077728271484,71399,0.11305402219295502,0.06030800938606262,
0.10683859139680862,30.59250831604004,0.18857765197753906,2.204258918762207,0.08555150032043457,9.35991382598877,28.173751831054688,5.841283340786729e+17,,12,,5.998180389404297,71449,0.12291083484888077,0.09223891794681549,
0.1126159206032753,31.480146408081055,0.18853020668029785,2.217379570007324,0.08502388000488281,8.879738807678223,456.8460998535156,5.845371462457754e+17,,12,,97.2623519897461,71499,0.12046201527118683,0.0802956372499466,
0.10270260274410248,29.72771453857422,0.1828000545501709,2.1411168575286865,0.08537602424621582,9.736851692199707,47.97157287597656,5.849458896934011e+17,,12,,10.213129043579102,71549,0.13629649579524994,0.1063234955072403,
0.10526545345783234,32.997535705566406,0.2268688678741455,2.6476192474365234,0.08568787574768066,9.49979305267334,85.36564636230469,5.853546331410268e+17,,12,,18.174312591552734,71599,0.11576022952795029,0.06789913773536682,
0.10102705657482147,27.337596893310547,0.18018674850463867,2.1062374114990234,0.08554911613464355,9.898338317871094,560.0904541015625,5.857634453081293e+17,,12,,119.24303436279297,71649,0.10380592197179794,0.07439802587032318,
0.10327927023172379,33.10047912597656,0.2241225242614746,2.6423003673553467,0.08482098579406738,9.68248462677002,43.59324645996094,5.86172188755755e+17,,12,,9.280983924865723,71699,0.1545441746711731,0.1305127590894699,
0.09289801865816116,22.38821029663086,0.18045759201049805,2.1088509559631348,0.0855715274810791,10.76449203491211,80.31387329101562,5.865809322033807e+17,,12,,17.098791122436523,71749,0.09853857010602951,0.06166180968284607,
0.09598905593156815,24.958805084228516,0.18041396141052246,2.108100175857544,0.08558130264282227,10.417854309082031,526.8846435546875,5.869897443704832e+17,,12,,112.17353057861328,71799,0.11259914189577103,0.07044996321201324,
0.10402179509401321,30.15888023376465,0.17507266998291016,2.045574426651001,0.0855860710144043,9.613369941711426,129.3192596435547,5.873984878181089e+17,,12,,27.532018661499023,71849,0.10253692418336868,0.05908404290676117,
0.09538005292415619,24.763019561767578,0.173567533493042,2.0315988063812256,0.0854339599609375,10.48437213897705,630.457275390625,5.878072312657347e+17,,12,,134.22409057617188,71899,0.10661322623491287,0.07046598196029663,
0.10596642643213272,30.23223114013672,0.17968988418579102,2.110605478286743,0.08513665199279785,9.436951637268066,50.1749267578125,5.882160434328371e+17,,12,,10.682221412658691,71949,0.1076728105545044,0.06763702630996704,
0.09899993985891342,27.721168518066406,0.17904448509216309,2.096449375152588,0.0854036808013916,10.1010160446167,52.39326858520508,5.886247868804628e+17,,12,,11.154504776000977,71999,0.11351088434457779,0.06292456388473511,
,,,,,,,,5.886247868804628e+17,12,,,71999,,,0.5716992020606995
0.08606594055891037,1.598958134651184,0.09428954124450684,1.1113300323486328,0.08484387397766113,11.618998527526855,623.3619995117188,5.890335990475653e+17,,12,,132.71351623535156,72049,0.11420010030269623,0.06804488599300385,
0.08676745742559433,1.1712439060211182,0.0914161205291748,1.0687175989151,0.08553814888000488,11.525057792663574,628.3477783203125,5.89442342495191e+17,,12,,133.77499389648438,72099,0.11027602106332779,0.07136288285255432,
0.0867607519030571,1.011716365814209,0.08984661102294922,1.052381157875061,0.08537459373474121,11.525948524475098,36.270748138427734,5.898510859428168e+17,,12,,7.72202730178833,72149,0.14147436618804932,0.0825171023607254,
0.08857254683971405,13.92635726928711,0.1649799346923828,1.9449712038040161,0.0848238468170166,11.290179252624512,516.665771484375,5.902598981099192e+17,,12,,109.99793243408203,72199,0.10694977641105652,0.06479160487651825,
0.08876340091228485,16.30898094177246,0.17472171783447266,2.0483953952789307,0.0852968692779541,11.265904426574707,551.7739868164062,5.90668641557545e+17,,12,,117.47245788574219,72249,0.1280994713306427,0.09055759012699127,
0.0997944176197052,30.233816146850586,0.18949651718139648,2.2169270515441895,0.08547711372375488,10.020600318908691,19.293724060058594,5.910773850051707e+17,,12,,4.107625961303711,72299,0.15227723121643066,0.07191133499145508,
0.09856539964675903,28.731487274169922,0.18790006637573242,2.2116799354553223,0.08495807647705078,10.145547866821289,632.0677490234375,5.914861971722732e+17,,12,,134.5669708251953,72349,0.1200246661901474,0.06972901523113251,
0.08854829519987106,15.041462898254395,0.18132972717285156,2.1225497722625732,0.08543014526367188,11.293272018432617,627.2611083984375,5.918949406198989e+17,,12,,133.54364013671875,72399,0.10779731720685959,0.06670618057250977,
0.09222597628831863,20.6404972076416,0.17229604721069336,2.015669822692871,0.08547830581665039,10.842931747436523,103.96858215332031,5.923036840675246e+17,,12,,22.134868621826172,72449,0.11760000884532928,0.06828783452510834,
0.08672471344470978,1.2192343473434448,0.09021139144897461,1.0543718338012695,0.08555936813354492,11.530738830566406,638.9108276367188,5.927124962346271e+17,,12,,136.02386474609375,72499,0.12116429954767227,0.07724912464618683,
0.09222540259361267,23.647090911865234,0.1860649585723877,2.182253122329712,0.08526277542114258,10.843000411987305,24.780990600585938,5.931212396822528e+17,,12,,5.275862693786621,72549,0.10839545726776123,0.06538695096969604,
0.09077321738004684,19.92378044128418,0.1834583282470703,2.1524579524993896,0.08523201942443848,11.016465187072754,284.1298522949219,5.935299831298785e+17,,12,,60.49113082885742,72599,0.11740001291036606,0.07034128904342651,
0.09245939552783966,20.444599151611328,0.16955089569091797,1.9817637205123901,0.0855555534362793,10.815558433532715,634.0012817382812,5.93938795296981e+17,,12,,134.97862243652344,72649,0.11905454099178314,0.06517204642295837,
0.10112090408802032,29.482343673706055,0.1939399242401123,2.2763264179229736,0.08519864082336426,9.889151573181152,22.929250717163086,5.943475387446067e+17,,12,,4.881628036499023,72699,0.11154663562774658,0.0739830881357193,
0.10184270888566971,28.97126007080078,0.1853032112121582,2.160571336746216,0.08576583862304688,9.819063186645508,564.7235107421875,5.947562821922324e+17,,12,,120.22940826416016,72749,0.1299152374267578,0.0935596227645874,
0.09383127093315125,24.536659240722656,0.19517159461975098,2.2738759517669678,0.08583211898803711,10.657427787780762,29.33522605895996,5.951650943593349e+17,,12,,6.245457649230957,72799,0.10852678120136261,0.06136000156402588,
0.094202421605587,23.208864212036133,0.18091988563537598,2.1255648136138916,0.08511614799499512,10.615438461303711,186.95973205566406,5.955738378069606e+17,,12,,39.80364990234375,72849,0.11901385337114334,0.06926058232784271,
0.091968834400177,16.645122528076172,0.17403650283813477,2.0344765186309814,0.08554363250732422,10.873248100280762,623.0573120117188,5.959825812545864e+17,,12,,132.64865112304688,72899,0.12167873978614807,0.08338257670402527,
0.09609579294919968,26.47115135192871,0.1849822998046875,2.159008264541626,0.08567929267883301,10.406282424926758,31.472824096679688,5.963913934216888e+17,,12,,6.700551509857178,72949,0.11446408182382584,0.06563955545425415,
0.09722454845905304,27.70794105529785,0.21585774421691895,2.5077500343322754,0.08607625961303711,10.285468101501465,480.7752990722656,5.968001368693146e+17,,12,,102.35686492919922,72999,0.1261451542377472,0.07381616532802582,
0.09624537825584412,25.773006439208984,0.18241357803344727,2.1265363693237305,0.08577966690063477,10.39011001586914,521.7831420898438,5.972088803169403e+17,,12,,111.08741760253906,73049,0.1364108920097351,0.10702291131019592,
0.09781379997730255,23.984127044677734,0.1735086441040039,2.0231969356536865,0.08575963973999023,10.223505973815918,488.57525634765625,5.976176924840428e+17,,12,,104.01747131347656,73099,0.12944330275058746,0.07133321464061737,
0.09475424885749817,24.637489318847656,0.1839292049407959,2.1588642597198486,0.08519721031188965,10.553616523742676,645.559326171875,5.980264359316685e+17,,12,,137.4393310546875,73149,0.11223446577787399,0.07745717465877533,
0.09680081158876419,24.44437026977539,0.17158031463623047,2.0072741508483887,0.0854792594909668,10.33049201965332,31.466264724731445,5.984351793792942e+17,,12,,6.699154853820801,73199,0.25134533643722534,0.12335582077503204,
0.09453900158405304,24.708690643310547,0.17590546607971191,2.068106174468994,0.08505630493164062,10.577645301818848,189.708740234375,5.988439915463967e+17,,12,,40.388912200927734,73249,0.12005756795406342,0.06755556166172028,
0.10944607108831406,30.73101043701172,0.1795799732208252,2.094789505004883,0.08572697639465332,9.136919975280762,539.4435424804688,5.992527349940224e+17,,12,,114.84730529785156,73299,0.11153451353311539,0.07236456871032715,
0.09456449747085571,26.52229881286621,0.20725369453430176,2.4294393062591553,0.08530926704406738,10.574792861938477,633.3245849609375,5.996615471611249e+17,,12,,134.8345489501953,73349,0.10168097913265228,0.05971542000770569,
0.09394735097885132,24.296079635620117,0.17547106742858887,2.0487396717071533,0.0856482982635498,10.64426040649414,639.7666015625,6.000702906087506e+17,,12,,136.2060546875,73399,0.11573023349046707,0.07806845009326935,
0.09988262504339218,28.134462356567383,0.1856365203857422,2.1701161861419678,0.08554220199584961,10.011751174926758,38.795780181884766,6.004790340563763e+17,,12,,8.259605407714844,73449,0.1194886714220047,0.08384303748607635,
0.09780202060937881,26.47323226928711,0.1783156394958496,2.0814883708953857,0.08566737174987793,10.224738121032715,614.1546630859375,6.008878462234788e+17,,12,,130.75328063964844,73499,0.11243125051259995,0.06512098014354706,
0.09516160935163498,22.07154083251953,0.16109895706176758,1.879894495010376,0.08569574356079102,10.508439064025879,580.8107299804688,6.012965896711045e+17,,12,,123.65437316894531,73549,0.11941831558942795,0.0881015956401825,
0.09392532706260681,24.89140510559082,0.1765270233154297,2.074744939804077,0.0850837230682373,10.64675521850586,45.8068962097168,6.017053331187302e+17,,12,,9.75226879119873,73599,0.12438753247261047,0.0836438238620758,
0.09949436038732529,25.408777236938477,0.17040061950683594,1.992667317390442,0.08551383018493652,10.050820350646973,61.06745529174805,6.021141452858327e+17,,12,,13.001235961914062,73649,0.11522042006254196,0.07562519609928131,
0.09468478709459305,27.94407844543457,0.1980879306793213,2.3299877643585205,0.08501672744750977,10.561358451843262,26.093738555908203,6.025228887334584e+17,,12,,5.555346488952637,73699,0.11025470495223999,0.0606856644153595,
0.10408061742782593,30.91229248046875,0.1914980411529541,2.2336764335632324,0.08573222160339355,9.60793685913086,511.3714904785156,6.029316321810842e+17,,12,,108.87078094482422,73749,0.16199363768100739,0.09585359692573547,
0.09236717969179153,20.629608154296875,0.17789387702941895,2.0797195434570312,0.08553743362426758,10.826355934143066,124.31254577636719,6.033404443481866e+17,,12,,26.46609115600586,73799,0.11243642121553421,0.067684605717659,
0.09429120272397995,26.603092193603516,0.1928083896636963,2.266063928604126,0.08508515357971191,10.605443954467773,31.356914520263672,6.037491877958124e+17,,12,,6.67587423324585,73849,0.12965813279151917,0.07523901760578156,
0.09330549836158752,23.81077003479004,0.20656275749206543,2.4183731079101562,0.08541393280029297,10.717482566833496,555.4188842773438,6.041579312434381e+17,,12,,118.24845886230469,73899,0.12151862680912018,0.06870672106742859,
0.0952056422829628,25.632614135742188,0.18160629272460938,2.125887870788574,0.08542609214782715,10.503579139709473,546.3773193359375,6.045667434105405e+17,,12,,116.3235092163086,73949,0.10766270756721497,0.06787128746509552,
0.1051575317978859,31.829383850097656,0.19491100311279297,2.275137424468994,0.08566999435424805,9.509542465209961,570.083740234375,6.049754868581663e+17,,12,,121.37060546875,73999,0.12037897855043411,0.06943827867507935,
0.09915986657142639,27.924955368041992,0.18137812614440918,2.1158297061920166,0.0857243537902832,10.084724426269531,547.0594482421875,6.05384230305792e+17,,12,,116.46873474121094,74049,0.11226417869329453,0.06050960719585419,
0.10223086178302765,29.4599666595459,0.20484137535095215,2.4057271480560303,0.08514738082885742,9.781782150268555,28.678573608398438,6.057930424728945e+17,,12,,6.105656623840332,74099,0.1420559138059616,0.09030352532863617,
0.09226247668266296,24.46704864501953,0.1947016716003418,2.287879467010498,0.08510136604309082,10.838642120361328,630.7630004882812,6.062017859205202e+17,,12,,134.2891845703125,74149,0.13779808580875397,0.09432457387447357,
0.09359325468540192,22.9338321685791,0.18166780471801758,2.1226861476898193,0.08558392524719238,10.684531211853027,631.6373901367188,6.066105293681459e+17,,12,,134.475341796875,74199,0.11476436257362366,0.0765538215637207,
0.0986887514591217,31.179765701293945,0.21860384941101074,2.5689985752105713,0.08509302139282227,10.132866859436035,533.4401245117188,6.070193415352484e+17,,12,,113.5691909790039,74249,0.1154089942574501,0.07034839689731598,
0.09296445548534393,24.239105224609375,0.1730351448059082,2.0276193618774414,0.08533906936645508,10.756799697875977,636.0681762695312,6.074280849828741e+17,,12,,135.4186553955078,74299,0.1176479384303093,0.08355790376663208,
0.10956389456987381,35.149017333984375,0.2133955955505371,2.4886584281921387,0.08574724197387695,9.127094268798828,43.760032653808594,6.078368284304998e+17,,12,,9.316493034362793,74349,0.12454835325479507,0.08538384735584259,
0.09984180331230164,28.050195693969727,0.18285608291625977,2.13913893699646,0.08548116683959961,10.015844345092773,622.7799072265625,6.082456405976023e+17,,12,,132.58958435058594,74399,0.13755391538143158,0.09060145914554596,
0.10462940484285355,34.45881652832031,0.21794652938842773,2.5431394577026367,0.08569979667663574,9.55754280090332,482.05377197265625,6.08654384045228e+17,,12,,102.6290512084961,74449,0.11261340230703354,0.06574027240276337,
0.26716625690460205,411.31683349609375,7.955935478210449,93.59474182128906,0.08500409126281738,3.7429873943328857,35.015968322753906,6.090631274928538e+17,,12,,7.454885959625244,74499,0.1442384421825409,0.09064534306526184,
0.10183078050613403,27.14891815185547,0.16941118240356445,2.0007545948028564,0.08467364311218262,9.820213317871094,306.2674560546875,6.094719396599562e+17,,12,,65.20421600341797,74549,0.106915682554245,0.06720702350139618,
,,,,,,13.783609390258789,6.09880683107582e+17,,13,,1.967529058456421,74599,0.12970373034477234,0.08046106994152069,
0.09473031014204025,25.561004638671875,0.17819619178771973,4.094359874725342,0.04352235794067383,10.556283950805664,633.6199951171875,6.102894265552077e+17,,13,,134.89744567871094,74649,0.11238880455493927,0.0589074045419693,
0.09269753843545914,21.612985610961914,0.16693520545959473,1.9569168090820312,0.08530521392822266,10.787773132324219,28.994047164916992,6.106982387223101e+17,,13,,6.172821044921875,74699,0.11088519543409348,0.07386595010757446,
0.08860120177268982,3.409374237060547,0.10380101203918457,1.2276408672332764,0.08455324172973633,11.286528587341309,636.3047485351562,6.111069821699359e+17,,13,,135.46902465820312,74749,0.09793087840080261,0.06413191556930542,
0.09044128656387329,19.688871383666992,0.17899346351623535,2.0999908447265625,0.0852353572845459,11.056897163391113,637.1783447265625,6.115157943370383e+17,,13,,135.65501403808594,74799,0.10590396821498871,0.0707305371761322,
0.08814197778701782,15.806568145751953,0.18518757820129395,2.181227684020996,0.0849006175994873,11.345332145690918,29.764394760131836,6.11924537784664e+17,,13,,6.336827754974365,74849,0.10746464878320694,0.060893163084983826,
0.09423783421516418,25.27521514892578,0.1818675994873047,2.1265015602111816,0.08552432060241699,10.611449241638184,573.46435546875,6.123332812322898e+17,,13,,122.09033203125,74899,0.1214442104101181,0.0751991719007492,
0.09163794666528702,18.80745506286621,0.17082548141479492,2.0125105381011963,0.08488178253173828,10.91250991821289,40.271629333496094,6.127420933993923e+17,,13,,8.573813438415527,74949,0.10535995662212372,0.06044325232505798,
0.097671277821064,25.744529724121094,0.17280793190002441,2.0189104080200195,0.08559465408325195,10.238424301147461,608.2816162109375,6.13150836847018e+17,,13,,129.50289916992188,74999,0.15095306932926178,0.08481784164905548,
0.09726249426603317,24.05760955810547,0.18213486671447754,2.1199049949645996,0.08591651916503906,10.281455993652344,530.201416015625,6.135595802946437e+17,,13,,112.8796615600586,75049,0.11751995235681534,0.0775776356458664,
0.09578023105859756,24.86792755126953,0.18216633796691895,2.1378793716430664,0.08520889282226562,10.440567970275879,28.533367156982422,6.139683924617462e+17,,13,,6.074742317199707,75099,0.1273893266916275,0.07805636525154114,
0.09099004417657852,16.09991455078125,0.16714119911193848,1.9547532796859741,0.08550500869750977,10.990213394165039,637.9125366210938,6.143771359093719e+17,,13,,135.8113250732422,75149,0.10892554372549057,0.0592678040266037,
0.09426141530275345,26.918655395507812,0.22920489311218262,2.6788763999938965,0.08556008338928223,10.608795166015625,621.7192993164062,6.147858793569976e+17,,13,,132.36378479003906,75199,0.11623460054397583,0.07966144382953644,
0.09383190423250198,20.21088409423828,0.1709461212158203,1.992197871208191,0.08580780029296875,10.657355308532715,146.55035400390625,6.151946915241001e+17,,13,,31.200511932373047,75249,0.11224095523357391,0.07232429087162018,
0.09610488265752792,26.077518463134766,0.18408679962158203,2.1581833362579346,0.0852971076965332,10.405298233032227,592.1980590820312,6.156034349717258e+17,,13,,126.0787353515625,75299,0.10533560067415237,0.07276931405067444,
0.10220658779144287,30.20585060119629,0.2226543426513672,2.6001203060150146,0.08563232421875,9.78410530090332,30.329118728637695,6.160121784193516e+17,,13,,6.457056999206543,75349,0.11494257301092148,0.07002660632133484,
0.09498187899589539,25.27787208557129,0.1917107105255127,2.2311558723449707,0.08592438697814941,10.528324127197266,486.2688903808594,6.16420990586454e+17,,13,,103.52645111083984,75399,0.11288299411535263,0.06365682184696198,
0.10439351201057434,30.0428466796875,0.19106483459472656,2.2479214668273926,0.08499622344970703,9.57913875579834,634.9926147460938,6.168297340340797e+17,,13,,135.18968200683594,75449,0.11580349504947662,0.0693003237247467,
0.10102356970310211,33.19089126586914,0.24889087677001953,2.9385697841644287,0.08469796180725098,9.898679733276367,169.86260986328125,6.172384774817055e+17,,13,,36.16368103027344,75499,0.12350102514028549,0.10111308097839355,
0.09669365733861923,24.645896911621094,0.17386865615844727,2.0348281860351562,0.08544635772705078,10.341939926147461,629.606689453125,6.17647289648808e+17,,13,,134.0430145263672,75549,0.10991360992193222,0.0673675686120987,
0.10163191705942154,28.303293228149414,0.18098187446594238,2.115325450897217,0.08555746078491211,9.839428901672363,38.35282897949219,6.180560330964337e+17,,13,,8.165301322937012,75599,0.12511181831359863,0.10630500316619873,
0.10482809692621231,29.435882568359375,0.1920638084411621,2.2610890865325928,0.08494305610656738,9.539427757263184,122.02881622314453,6.184647765440594e+17,,13,,25.97988510131836,75649,0.14067445695400238,0.08150932192802429,
0.10064847022294998,29.42189598083496,0.1973423957824707,2.305976152420044,0.08557868003845215,9.93557071685791,362.25872802734375,6.188735887111619e+17,,13,,77.1247329711914,75699,0.12058369815349579,0.06878672540187836,
0.11117231100797653,32.281795501708984,0.19358229637145996,2.2599170207977295,0.08565902709960938,8.99504566192627,26.568538665771484,6.192823321587876e+17,,13,,5.656431198120117,75749,0.13640689849853516,0.09915727376937866,
0.10391397774219513,30.206443786621094,0.18074941635131836,2.123645305633545,0.0851128101348877,9.623344421386719,531.8455810546875,6.196910756064133e+17,,13,,113.2297134399414,75799,0.11657633632421494,0.0710003674030304,
0.09933203458786011,30.68986701965332,0.1896967887878418,2.223928451538086,0.08529806137084961,10.067246437072754,29.113121032714844,6.200998877735158e+17,,13,,6.198171615600586,75849,0.11798738688230515,0.08167389035224915,
0.10021920502185822,31.427194595336914,0.21457982063293457,2.5152533054351807,0.0853114128112793,9.978127479553223,579.6383666992188,6.205086312211415e+17,,13,,123.40477752685547,75899,0.13096699118614197,0.0751897543668747,
0.09589403122663498,26.555099487304688,0.1812138557434082,2.127760887145996,0.08516645431518555,10.428177833557129,637.1034545898438,6.209173746687672e+17,,13,,135.63906860351562,75949,0.10963822901248932,0.0633547306060791,
0.09699320048093796,24.8350887298584,0.1707775592803955,2.005018949508667,0.0851750373840332,10.310001373291016,25.067352294921875,6.213261868358697e+17,,13,,5.33682918548584,75999,0.15637749433517456,0.13295041024684906,
,,,,,,,,6.213261868358697e+17,13,,,75999,,,0.5762524008750916
0.09054307639598846,18.5397891998291,0.1775352954864502,2.1047191619873047,0.0843510627746582,11.044466018676758,622.7118530273438,6.217349302834954e+17,,13,,132.57510375976562,76049,0.13290680944919586,0.0926649421453476,
0.08672669529914856,1.138349175453186,0.09013772010803223,1.051591396331787,0.08571553230285645,11.530474662780762,623.1347045898438,6.221437424505979e+17,,13,,132.6651153564453,76099,0.10026022791862488,0.06483539938926697,
0.08646118640899658,0.6034983992576599,0.08778810501098633,1.0262835025787354,0.0855398178100586,11.56588363647461,621.9680786132812,6.225524858982236e+17,,13,,132.416748046875,76149,0.11932958662509918,0.05927683413028717,
0.10340655595064163,32.375389099121094,0.20210599899291992,2.3667430877685547,0.08539414405822754,9.67056655883789,562.0953979492188,6.229612293458493e+17,,13,,119.66988372802734,76199,0.3288554549217224,0.07677431404590607,
0.10359658300876617,29.55681800842285,0.18561577796936035,2.1934595108032227,0.08462238311767578,9.652828216552734,650.2869262695312,6.233700415129518e+17,,13,,138.44583129882812,76249,0.12076020240783691,0.07711482048034668,
0.10420635342597961,30.556865692138672,0.19101667404174805,2.2474241256713867,0.08499360084533691,9.596343994140625,22.23297882080078,6.237787849605775e+17,,13,,4.733392238616943,76299,0.13622801005840302,0.09080182015895844,
0.0970042496919632,25.81247901916504,0.17306089401245117,2.033989906311035,0.08508443832397461,10.30882740020752,651.9671020507812,6.241875284082033e+17,,13,,138.80352783203125,76349,0.15937456488609314,0.09079654514789581,
0.09099795669317245,19.61576271057129,0.16901588439941406,1.9807153940200806,0.08533072471618652,10.9892578125,117.06077575683594,6.245963405753057e+17,,13,,24.922191619873047,76399,0.16262707114219666,0.08497652411460876,
0.09388574957847595,23.68569564819336,0.17528414726257324,2.0540993213653564,0.08533382415771484,10.651243209838867,29.05724334716797,6.250050840229315e+17,,13,,6.186275005340576,76449,0.13102298974990845,0.07027624547481537,
0.09424802660942078,23.127559661865234,0.17472529411315918,2.0443458557128906,0.08546757698059082,10.610301971435547,39.03597640991211,6.254138274705572e+17,,13,,8.31074333190918,76499,0.16797040402889252,0.06500706076622009,
0.09781241416931152,26.313684463500977,0.18318390846252441,2.154336452484131,0.08503031730651855,10.223650932312012,36.60844802856445,6.258226396376596e+17,,13,,7.793923377990723,76549,0.16760534048080444,0.12959422171115875,
0.08964434266090393,16.351613998413086,0.17392683029174805,2.0341525077819824,0.08550333976745605,11.155193328857422,140.3270263671875,6.262313830852854e+17,,13,,29.875564575195312,76599,0.14584112167358398,0.1090240478515625,
0.09679972380399704,26.145416259765625,0.17614173889160156,2.073639154434204,0.08494329452514648,10.330608367919922,346.6452331542969,6.266401265329111e+17,,13,,73.80062866210938,76649,0.12598180770874023,0.0824364423751831,
0.09045763313770294,16.048904418945312,0.16855502128601074,1.9836113452911377,0.08497381210327148,11.054899215698242,22.31634521484375,6.270489387000136e+17,,13,,4.75114107131958,76699,0.10570966452360153,0.06415483355522156,
0.09316928684711456,22.646533966064453,0.17022395133972168,1.9944493770599365,0.08534884452819824,10.733150482177734,82.83068084716797,6.274576821476393e+17,,13,,17.63461685180664,76749,0.1542026400566101,0.1577620804309845,
0.09613572806119919,27.253761291503906,0.18504977226257324,2.1838300228118896,0.08473634719848633,10.401959419250488,637.3515625,6.27866425595265e+17,,13,,135.69187927246094,76799,0.11902040988206863,0.0874367356300354,
0.09423071146011353,21.655122756958008,0.16162919998168945,1.9048584699630737,0.08485102653503418,10.612251281738281,113.72163391113281,6.282752377623675e+17,,13,,24.21129035949707,76849,0.1121102124452591,0.07687494158744812,
0.09999608248472214,26.64156150817871,0.17526936531066895,2.0507688522338867,0.0854651927947998,10.000391960144043,639.7404174804688,6.286839812099932e+17,,13,,136.20046997070312,76899,0.1128135547041893,0.07878817617893219,
0.08940079063177109,16.077125549316406,0.16388797760009766,1.9347734451293945,0.08470654487609863,11.18558406829834,25.12946319580078,6.29092724657619e+17,,13,,5.350052833557129,76949,0.12468554079532623,0.07052840292453766,
0.09637922048568726,25.715259552001953,0.18092870712280273,2.114285707473755,0.08557438850402832,10.375680923461914,210.46112060546875,6.295015368247214e+17,,13,,44.80708694458008,76999,0.13337936997413635,0.08682036399841309,
0.09073024243116379,14.98371696472168,0.16770267486572266,1.962414264678955,0.08545732498168945,11.021683692932129,111.48151397705078,6.299102802723471e+17,,13,,23.7343692779541,77049,0.10861708968877792,0.061801061034202576,
0.08945038169622421,17.112186431884766,0.1643233299255371,1.9415578842163086,0.08463478088378906,11.17938232421875,26.257244110107422,6.303190237199729e+17,,13,,5.590156555175781,77099,0.1054500862956047,0.06383058428764343,
0.10027682036161423,28.76630973815918,0.19195246696472168,2.2424941062927246,0.08559775352478027,9.972394943237305,632.1239013671875,6.307278358870753e+17,,13,,134.57891845703125,77149,0.17778390645980835,0.20630989968776703,
0.09097994118928909,17.46527671813965,0.17294812202453613,2.0222718715667725,0.08552169799804688,10.991434097290039,26.871397018432617,6.31136579334701e+17,,13,,5.720909595489502,77199,0.10218819230794907,0.0648203194141388,
0.09539086371660233,28.339378356933594,0.21036553382873535,2.4564015865325928,0.08563971519470215,10.483183860778809,274.3403625488281,6.315453227823268e+17,,13,,58.406951904296875,77249,0.10900939255952835,0.06519952416419983,
0.09141115099191666,20.89437484741211,0.16901898384094238,1.9957181215286255,0.08469080924987793,10.939584732055664,185.1310272216797,6.319541349494292e+17,,13,,39.41432189941406,77299,0.1197274774312973,0.07191623747348785,
0.09577073156833649,25.51369285583496,0.18164896965026855,2.1380832195281982,0.08495879173278809,10.441603660583496,23.744136810302734,6.32362878397055e+17,,13,,5.055117130279541,77349,0.12467031180858612,0.07753531634807587,
0.09210243076086044,21.25468635559082,0.19359493255615234,2.2855422496795654,0.08470416069030762,10.857477188110352,605.6319580078125,6.327716905641574e+17,,13,,128.9387969970703,77399,0.11116689443588257,0.06683997809886932,
0.0938032940030098,24.63007354736328,0.1833488941192627,2.1522576808929443,0.0851891040802002,10.660606384277344,55.317474365234375,6.331804340117832e+17,,13,,11.777068138122559,77449,0.16269440948963165,0.07777655124664307,
0.10285411030054092,30.11358070373535,0.18730664253234863,2.185899496078491,0.08568859100341797,9.722509384155273,50.336246490478516,6.335891774594089e+17,,13,,10.71656608581543,77499,0.12730009853839874,0.1034790426492691,
0.09915991127490997,27.35004425048828,0.17699480056762695,2.0722641944885254,0.08541131019592285,10.084720611572266,634.1106567382812,6.339979896265114e+17,,13,,135.00189208984375,77549,0.12431982159614563,0.06943054497241974,
0.09117694199085236,20.66474723815918,0.18001794815063477,2.1086599826812744,0.08537077903747559,10.967684745788574,22.11224365234375,6.344067330741371e+17,,13,,4.707687854766846,77599,0.10377305001020432,0.06063908338546753,
0.10016357153654099,31.705293655395508,0.19561409950256348,2.2914369106292725,0.08536744117736816,9.983670234680176,634.1681518554688,6.348154765217628e+17,,13,,135.01414489746094,77649,0.12255628407001495,0.066989466547966,
0.09375004470348358,25.517562866210938,0.18535709381103516,2.16957688331604,0.0854346752166748,10.666662216186523,630.1505737304688,6.352242886888653e+17,,13,,134.15879821777344,77699,0.11499688029289246,0.0780627578496933,
0.09653390198945999,26.801849365234375,0.1886577606201172,2.225795269012451,0.08475971221923828,10.359055519104004,279.3985900878906,6.35633032136491e+17,,13,,59.48384475708008,77749,0.10642968863248825,0.06323274970054626,
0.09944994747638702,29.121919631958008,0.20083928108215332,2.348440647125244,0.08552026748657227,10.055309295654297,582.750244140625,6.360417755841167e+17,,13,,124.06729125976562,77799,0.10689635574817657,0.06258994340896606,
0.10275784879922867,31.360288619995117,0.18603062629699707,2.1668241024017334,0.08585405349731445,9.731616973876953,23.00745391845703,6.364505877512192e+17,,13,,4.898277759552002,77849,0.17991654574871063,0.1620757132768631,
0.09265278279781342,20.6657657623291,0.18681907653808594,2.18034291267395,0.08568334579467773,10.792984008789062,586.969482421875,6.368593311988449e+17,,13,,124.96556091308594,77899,0.1157061755657196,0.07252858579158783,
0.09006044268608093,17.777481079101562,0.17071938514709473,2.0019710063934326,0.08527565002441406,11.103654861450195,632.8876953125,6.372680746464707e+17,,13,,134.7415313720703,77949,0.09198606759309769,0.05550628900527954,
0.09045395255088806,15.413734436035156,0.15250754356384277,1.7880767583847046,0.08529138565063477,11.05534839630127,36.362823486328125,6.376768868135731e+17,,13,,7.741630554199219,77999,0.12131082266569138,0.06643588840961456,
0.10164116322994232,32.38253402709961,0.20794057846069336,2.443281650543213,0.08510708808898926,9.838533401489258,564.7337646484375,6.380856302611988e+17,,13,,120.23158264160156,78049,0.09567180275917053,0.057450756430625916,
0.09726928919553757,27.190996170043945,0.18129706382751465,2.120575428009033,0.0854942798614502,10.280736923217773,35.95575714111328,6.384943737088246e+17,,13,,7.654965877532959,78099,0.12068858742713928,0.0763709545135498,
0.09606953710317612,25.477230072021484,0.18579936027526855,2.1739768981933594,0.0854651927947998,10.409127235412598,112.3244857788086,6.38903185875927e+17,,13,,23.913837432861328,78149,0.12749536335468292,0.06619851291179657,
0.09755108505487442,28.827970504760742,0.18760275840759277,2.2012431621551514,0.08522582054138184,10.251038551330566,480.09832763671875,6.393119293235528e+17,,13,,102.21273803710938,78199,0.1093875914812088,0.07704880833625793,
0.09849641472101212,26.053443908691406,0.17397236824035645,2.0338854789733887,0.08553695678710938,10.152653694152832,30.074291229248047,6.397206727711785e+17,,13,,6.402804374694824,78249,0.13769008219242096,0.08560468256473541,
0.1016068309545517,30.536762237548828,0.2037365436553955,2.3849117755889893,0.08542728424072266,9.84185791015625,543.4690551757812,6.40129484938281e+17,,13,,115.704345703125,78299,0.09961073100566864,0.055856093764305115,
0.10522012412548065,29.278074264526367,0.1837291717529297,2.1381590366363525,0.08592867851257324,9.503885269165039,580.5263671875,6.405382283859067e+17,,13,,123.59383392333984,78349,0.1324484795331955,0.07984626293182373,
0.10325619578361511,30.436580657958984,0.1778700351715088,2.08581280708313,0.08527612686157227,9.684649467468262,525.4057006835938,6.409469718335324e+17,,13,,111.8586654663086,78399,0.11509707570075989,0.08649496734142303,
0.09520399570465088,21.8214168548584,0.18424034118652344,2.1492481231689453,0.0857231616973877,10.503761291503906,209.42369079589844,6.413557840006349e+17,,13,,44.586219787597656,78449,0.10724195837974548,0.06487232446670532,
0.09690181165933609,27.017908096313477,0.18984484672546387,2.2259318828582764,0.08528780937194824,10.319724082946777,35.25128936767578,6.417645274482606e+17,,13,,7.504985332489014,78499,0.1419096142053604,0.14221994578838348,
0.09793290495872498,25.299964904785156,0.17669224739074707,2.068138837814331,0.08543539047241211,10.21107292175293,147.23324584960938,6.421732708958863e+17,,13,,31.345897674560547,78549,0.15976935625076294,0.08227173984050751,
0.09393388032913208,22.720605850219727,0.16876530647277832,1.9800471067428589,0.08523297309875488,10.64578628540039,583.7232055664062,6.425820830629888e+17,,13,,124.2744369506836,78599,0.14635664224624634,0.09845329821109772,
0.10091570019721985,30.087984085083008,0.18689870834350586,2.1760106086730957,0.08589053153991699,9.909260749816895,550.3369750976562,6.429908265106145e+17,,13,,117.1665267944336,78649,0.13081875443458557,0.07274377346038818,
0.09953507035970688,26.91155242919922,0.1843864917755127,2.141239881515503,0.08611202239990234,10.046710014343262,67.71153259277344,6.43399638677717e+17,,13,,14.41575813293457,78699,0.12112891674041748,0.07695119082927704,
0.1008707582950592,31.71708869934082,0.1954505443572998,2.2856781482696533,0.0855109691619873,9.913675308227539,48.77442932128906,6.438083821253427e+17,,13,,10.384056091308594,78749,0.12865391373634338,0.09290353953838348,
0.10152377933263779,29.214248657226562,0.18765950202941895,2.1931354999542236,0.08556675910949707,9.849909782409668,509.78192138671875,6.442171255729684e+17,,13,,108.53236389160156,78799,0.17115531861782074,0.10466815531253815,
0.10274970531463623,27.522293090820312,0.19051909446716309,2.2228574752807617,0.0857090950012207,9.73238754272461,616.54052734375,6.446259377400709e+17,,13,,131.26123046875,78849,0.11194789409637451,0.06417159736156464,
0.10257270187139511,32.316165924072266,0.20909953117370605,2.4280521869659424,0.08611822128295898,9.74918270111084,63.42588806152344,6.450346811876966e+17,,13,,13.503345489501953,78899,0.1349683552980423,0.0805286169052124,
0.09698336571455002,24.671764373779297,0.16710519790649414,1.9592490196228027,0.08529043197631836,10.311046600341797,24.681808471679688,6.454434246353224e+17,,13,,5.254746913909912,78949,0.1257592886686325,0.07609272003173828,
0.10538158565759659,32.10341262817383,0.2022075653076172,2.368230104446411,0.08538341522216797,9.489323616027832,210.27952575683594,6.458522368024248e+17,,13,,44.76842498779297,78999,0.1148567721247673,0.062142014503479004,
0.10881702601909637,34.86514663696289,0.20807313919067383,2.4297690391540527,0.08563494682312012,9.189738273620605,545.9019775390625,6.462609802500506e+17,,13,,116.2223129272461,79049,0.126056969165802,0.06436692178249359,
0.10405523329973221,28.960620880126953,0.18536853790283203,2.1703648567199707,0.08540892601013184,9.610280990600586,476.8968505859375,6.466697236976763e+17,,13,,101.53114318847656,79099,0.10542141646146774,0.06367649137973785,
0.10391487926244736,27.599557876586914,0.19952940940856934,2.3302981853485107,0.08562397956848145,9.623261451721191,148.83351135253906,6.470785358647788e+17,,13,,31.686594009399414,79149,0.1272106170654297,0.07154485583305359,
0.10332497209310532,29.249542236328125,0.17876672744750977,2.086475133895874,0.0856788158416748,9.678202629089355,51.513710021972656,6.474872793124045e+17,,13,,10.96724796295166,79199,0.11282667517662048,0.06555861234664917,
0.09720411151647568,29.197002410888672,0.20589256286621094,2.4079456329345703,0.08550548553466797,10.287630081176758,431.959228515625,6.478960227600302e+17,,13,,91.96395111083984,79249,0.14146418869495392,0.062149882316589355,
0.09959599375724792,27.076398849487305,0.17771649360656738,2.077929735183716,0.0855257511138916,10.04056453704834,478.93756103515625,6.483048349271327e+17,,13,,101.96561431884766,79299,0.1785823106765747,0.07374595105648041,
0.10139840096235275,30.136966705322266,0.21368980407714844,2.492449998855591,0.08573484420776367,9.862088203430176,69.47782135009766,6.487135783747584e+17,,13,,14.791799545288086,79349,0.1583724468946457,0.0817686915397644,
0.1114511787891388,32.06383514404297,0.18538808822631836,2.172898769378662,0.08531832695007324,8.972538948059082,53.68520736694336,6.491223218223841e+17,,13,,11.429558753967285,79399,0.16430242359638214,0.09274154901504517,
0.09191963821649551,20.77823829650879,0.17215466499328613,2.0118329524993896,0.0855710506439209,10.879068374633789,24.466402053833008,6.495311339894866e+17,,13,,5.208887100219727,79449,0.12437034398317337,0.09282833337783813,
0.10046060383319855,32.10441589355469,0.20865988731384277,2.4323205947875977,0.08578634262084961,9.954150199890137,585.7847290039062,6.499398774371123e+17,,13,,124.71334075927734,79499,0.1370808631181717,0.09364527463912964,
0.10269035398960114,31.72775650024414,0.21779274940490723,2.536757707595825,0.08585476875305176,9.73801326751709,606.1215209960938,6.50348620884738e+17,,13,,129.04302978515625,79549,0.13494405150413513,0.08246520161628723,
0.09605688601732254,27.60324478149414,0.18982195854187012,2.2198612689971924,0.0855107307434082,10.410497665405273,33.62355422973633,6.507574330518405e+17,,13,,7.158440589904785,79599,0.12298760563135147,0.06829042732715607,
0.09667333215475082,25.174945831298828,0.18280935287475586,2.1378467082977295,0.0855109691619873,10.344114303588867,525.8465576171875,6.511661764994662e+17,,13,,111.9525146484375,79649,0.1144329309463501,0.06739108264446259,
0.09918946027755737,27.905349731445312,0.18830108642578125,2.196362018585205,0.08573317527770996,10.081716537475586,544.3968505859375,6.51574919947092e+17,,13,,115.90187072753906,79699,0.12706993520259857,0.08529500663280487,
0.11006774008274078,30.836441040039062,0.18259191513061523,2.1348397731781006,0.08552956581115723,9.08531379699707,521.7970581054688,6.519837321141944e+17,,13,,111.09037780761719,79749,0.11512083560228348,0.07555021345615387,
0.09461815655231476,26.291473388671875,0.19465303421020508,2.2909858226776123,0.08496475219726562,10.568796157836914,572.5889892578125,6.523924755618202e+17,,13,,121.90396881103516,79799,0.11586553603410721,0.07789494097232819,
0.09190966933965683,21.59659194946289,0.1991748809814453,2.3203492164611816,0.08583831787109375,10.880248069763184,34.77338790893555,6.528012190094459e+17,,13,,7.403240203857422,79849,0.11603271961212158,0.062192484736442566,
0.09670588374137878,25.730424880981445,0.18238019943237305,2.126046657562256,0.08578372001647949,10.340632438659668,115.1846923828125,6.532100311765484e+17,,13,,24.522775650024414,79899,0.10656177252531052,0.059651777148246765,
0.0903458371758461,17.658905029296875,0.17136836051940918,2.0143628120422363,0.08507323265075684,11.068578720092773,524.422607421875,6.536187746241741e+17,,13,,111.64935302734375,79949,0.12662886083126068,0.06748327612876892,
0.0958699956536293,27.242717742919922,0.19326066970825195,2.249856472015381,0.08589911460876465,10.430791854858398,629.6715087890625,6.540275867912765e+17,,13,,134.0568084716797,79999,0.10928859561681747,0.06696560978889465,
,,,,,,,,6.540275867912765e+17,13,,,79999,,,0.5041454434394836
0.08679833263158798,8.181901931762695,0.13264918327331543,1.5729402303695679,0.08433198928833008,11.52095890045166,623.749755859375,6.544363302389023e+17,,13,,132.79608154296875,80049,0.10490400344133377,0.061850786209106445,
0.08594407141208649,0.9121455550193787,0.08878135681152344,1.0433213710784912,0.08509492874145508,11.63547420501709,627.455078125,6.54845073686528e+17,,13,,133.58493041992188,80099,0.11177334934473038,0.05978792905807495,
0.08628014475107193,1.1143702268600464,0.08907961845397949,1.0464892387390137,0.08512234687805176,11.5901517868042,627.2218627929688,6.552538858536305e+17,,13,,133.5352783203125,80149,0.101472869515419,0.06820501387119293,
0.09657619148492813,25.051443099975586,0.18370604515075684,2.168820381164551,0.08470320701599121,10.35451889038086,159.2782745361328,6.556626293012562e+17,,13,,33.910282135009766,80199,0.12349352240562439,0.07814686000347137,
0.10070369392633438,28.827112197875977,0.1724226474761963,2.0336403846740723,0.08478522300720215,9.930122375488281,633.218505859375,6.560713727488819e+17,,13,,134.8119659423828,80249,0.15650871396064758,0.16942058503627777,
0.09651371836662292,25.6818904876709,0.16942620277404785,1.9837669134140015,0.08540630340576172,10.361221313476562,24.309473037719727,6.564801849159844e+17,,13,,5.175477027893066,80299,0.1270759552717209,0.0926327109336853,
,,,,,,641.3589477539062,6.568889283636101e+17,,14,,136.54505920410156,80349,0.1656992882490158,0.11716519296169281,
0.09775908291339874,29.440702438354492,0.20247983932495117,4.101447105407715,0.04936790466308594,10.229228973388672,15.444437026977539,6.572976718112358e+17,,14,,3.288114309310913,80399,0.10294806957244873,0.06188210844993591,
0.09161747992038727,21.886924743652344,0.1930222511291504,2.2628705501556396,0.08529973030090332,10.914947509765625,520.8026123046875,6.577064839783383e+17,,14,,110.878662109375,80449,0.14608894288539886,0.11691884696483612,
0.0927756205201149,24.522891998291016,0.1854419708251953,2.174983024597168,0.08526134490966797,10.778693199157715,26.363279342651367,6.58115227425964e+17,,14,,5.612731456756592,80499,0.12077116221189499,0.08755230903625488,
0.09240873157978058,22.486215591430664,0.1796858310699463,2.1054811477661133,0.0853419303894043,10.821488380432129,277.7655944824219,6.585239708735898e+17,,14,,59.13618469238281,80549,0.10332494229078293,0.06931951642036438,
0.09535545855760574,24.788047790527344,0.1795668601989746,2.0987749099731445,0.08555793762207031,10.487076759338379,575.095458984375,6.589327830406922e+17,,14,,122.43758392333984,80599,0.12037297338247299,0.06400048732757568,
0.09826996922492981,29.253358840942383,0.19256210327148438,2.250500202178955,0.08556413650512695,10.176048278808594,23.632808685302734,6.59341526488318e+17,,14,,5.0314154624938965,80649,0.17446111142635345,0.1312132626771927,
0.09484228491783142,22.815406799316406,0.19290590286254883,2.2627146244049072,0.08525419235229492,10.54382038116455,628.6912841796875,6.597502699359437e+17,,14,,133.84811401367188,80699,0.12545232474803925,0.09471432864665985,
0.09363743662834167,22.884977340698242,0.18729066848754883,2.1922519207000732,0.0854330062866211,10.679490089416504,639.2008056640625,6.601590821030461e+17,,14,,136.08560180664062,80749,0.11893394589424133,0.09616680443286896,
0.08878806978464127,13.692651748657227,0.15629172325134277,1.8288198709487915,0.08546042442321777,11.262774467468262,70.14156341552734,6.605678255506719e+17,,14,,14.933110237121582,80799,0.13044635951519012,0.10465069115161896,
0.09421858936548233,23.32190704345703,0.19434261322021484,2.2825732231140137,0.08514189720153809,10.613615989685059,640.0868530273438,6.609765689982976e+17,,14,,136.27423095703125,80849,0.11638903617858887,0.0906815230846405,
0.09300285577774048,23.060178756713867,0.20150446891784668,2.3546762466430664,0.08557629585266113,10.752358436584473,23.11024284362793,6.613853811654e+17,,14,,4.920161247253418,80899,0.11765199899673462,0.07805272936820984,
0.09566458314657211,25.06938934326172,0.17763662338256836,2.078676223754883,0.08545660972595215,10.453189849853516,353.499755859375,6.617941246130258e+17,,14,,75.25995635986328,80949,0.10284541547298431,0.06442108750343323,
0.09037800878286362,20.780649185180664,0.1862649917602539,2.1888959407806396,0.08509540557861328,11.0646390914917,641.1876831054688,6.622028680606515e+17,,14,,136.5085906982422,80999,0.131500244140625,0.09161882102489471,
0.09406023472547531,24.3330135345459,0.19883418083190918,2.326603412628174,0.08546113967895508,10.631484985351562,34.128990173339844,6.62611680227754e+17,,14,,7.266047954559326,81049,0.1556602120399475,0.08743302524089813,
0.09995030611753464,29.980432510375977,0.1965174674987793,2.280794382095337,0.08616185188293457,10.004971504211426,511.35833740234375,6.630204236753797e+17,,14,,108.86798095703125,81099,0.13578768074512482,0.07741613686084747,
0.10136279463768005,30.9016170501709,0.236588716506958,2.776052713394165,0.08522486686706543,9.86555290222168,38.8332405090332,6.634291671230054e+17,,14,,8.267581939697266,81149,0.11379631608724594,0.07329845428466797,
0.09322061389684677,22.324020385742188,0.17040491104125977,2.0060794353485107,0.08494424819946289,10.727241516113281,218.0461883544922,6.638379792901079e+17,,14,,46.42194366455078,81199,0.11250479519367218,0.06016930937767029,
0.09656127542257309,26.2260684967041,0.1838359832763672,2.145312786102295,0.08569192886352539,10.356118202209473,601.5787963867188,6.642467227377336e+17,,14,,128.0758819580078,81249,0.12804454565048218,0.06985126435756683,
0.09814760833978653,29.11130714416504,0.19104480743408203,2.2514877319335938,0.08485269546508789,10.188735008239746,22.48672103881836,6.646555349048361e+17,,14,,4.787413597106934,81299,0.11646723002195358,0.08201117813587189,
0.09474777430295944,25.289155960083008,0.1838846206665039,2.1601786613464355,0.08512473106384277,10.554337501525879,525.7711181640625,6.650642783524618e+17,,14,,111.93646240234375,81349,0.10329202562570572,0.06032721698284149,
0.09366028010845184,19.828245162963867,0.16452693939208984,1.9311089515686035,0.08519816398620605,10.676884651184082,44.338035583496094,6.654730218000876e+17,,14,,9.439550399780273,81399,0.12054289132356644,0.07744327187538147,
0.1015186458826065,30.797941207885742,0.18738436698913574,2.1883530616760254,0.08562803268432617,9.850407600402832,125.10612487792969,6.6588183396719e+17,,14,,26.635042190551758,81449,0.11734206974506378,0.07447105646133423,
0.10457277297973633,34.12528991699219,0.21448993682861328,2.5094449520111084,0.08547306060791016,9.562718391418457,539.9138793945312,6.662905774148157e+17,,14,,114.94744110107422,81499,0.10085490345954895,0.05818812549114227,
0.10508885979652405,32.021488189697266,0.18772530555725098,2.1969592571258545,0.08544778823852539,9.515756607055664,32.313560485839844,6.666993208624415e+17,,14,,6.879543781280518,81549,0.11605232954025269,0.0601317435503006,
0.11159999668598175,32.492469787597656,0.19002771377563477,2.2180683612823486,0.08567261695861816,8.960573196411133,261.510009765625,6.67108133029544e+17,,14,,55.675376892089844,81599,0.11872496455907822,0.08056570589542389,
0.09781689941883087,28.24929428100586,0.19220495223999023,2.243962526321411,0.08565425872802734,10.223182678222656,426.98150634765625,6.675168764771697e+17,,14,,90.90419006347656,81649,0.14210474491119385,0.08266794681549072,
0.10352549701929092,30.55415153503418,0.1793503761291504,2.093217372894287,0.08568167686462402,9.659456253051758,91.55870056152344,6.679256199247954e+17,,14,,19.492809295654297,81699,0.14209400117397308,0.11667853593826294,
0.09962198138237,28.694847106933594,0.18982172012329102,2.212628126144409,0.08579015731811523,10.037945747375488,593.7669677734375,6.683344320918979e+17,,14,,126.41275024414062,81749,0.11665648967027664,0.07015539705753326,
0.10679397732019424,28.926687240600586,0.18015384674072266,2.1066396236419678,0.08551716804504395,9.363823890686035,25.820201873779297,6.687431755395236e+17,,14,,5.497110366821289,81799,0.1364341527223587,0.08639703691005707,
0.09310761094093323,19.78392219543457,0.17482852935791016,2.0588669776916504,0.0849149227142334,10.740260124206543,155.8126220703125,6.691519189871493e+17,,14,,33.17244338989258,81849,0.11091975122690201,0.06395545601844788,
0.09548552334308624,22.70294189453125,0.1738433837890625,2.0311150550842285,0.08559012413024902,10.47279167175293,530.7023315429688,6.695607311542518e+17,,14,,112.98631286621094,81899,0.11778250336647034,0.0652017593383789,
0.09580618143081665,24.441600799560547,0.17331218719482422,2.0299923419952393,0.08537578582763672,10.437739372253418,44.96018981933594,6.699694746018775e+17,,14,,9.572006225585938,81949,0.19555877149105072,0.2317967712879181,
0.09887024760246277,27.11842918395996,0.18506455421447754,2.172269344329834,0.08519411087036133,10.114266395568848,459.34393310546875,6.703782180495032e+17,,14,,97.79413604736328,81999,0.1195790022611618,0.08175767958164215,
0.11025305837392807,30.971458435058594,0.1982560157775879,2.3153553009033203,0.08562660217285156,9.070043563842773,22.406822204589844,6.707870302166057e+17,,14,,4.7704033851623535,82049,0.12117671221494675,0.06434895098209381,
0.09655793756246567,26.901248931884766,0.18844294548034668,2.2142481803894043,0.08510470390319824,10.356476783752441,113.26976776123047,6.711957736642314e+17,,14,,24.115087509155273,82099,0.10821716487407684,0.06722128391265869,
0.09607820957899094,23.47624969482422,0.17354297637939453,2.031447410583496,0.08542823791503906,10.408186912536621,542.099365234375,6.716045171118572e+17,,14,,115.41273498535156,82149,0.2804531455039978,0.14676856994628906,
0.10392093658447266,32.2310676574707,0.19078731536865234,2.2326321601867676,0.08545398712158203,9.622699737548828,20.405336380004883,6.720133292789596e+17,,14,,4.344287872314453,82199,0.1255800575017929,0.06536820530891418,
0.1075425073504448,32.9630241394043,0.21204543113708496,2.4605023860931396,0.08617973327636719,9.298648834228516,639.7171020507812,6.724220727265853e+17,,14,,136.1955108642578,82249,0.13288457691669464,0.12822553515434265,
0.09644109010696411,26.005403518676758,0.1831045150756836,2.144665002822876,0.08537673950195312,10.369024276733398,514.7991943359375,6.728308161742111e+17,,14,,109.60054016113281,82299,0.10655789077281952,0.06148862838745117,
0.09508214145898819,26.025121688842773,0.18222641944885254,2.1324150562286377,0.08545541763305664,10.51722240447998,615.0255126953125,6.732396283413135e+17,,14,,130.93869018554688,82349,0.1386268138885498,0.12578293681144714,
0.0926259458065033,20.984237670898438,0.18100380897521973,2.1087417602539062,0.08583498001098633,10.796111106872559,560.868896484375,6.736483717889393e+17,,14,,119.40876770019531,82399,0.14393483102321625,0.1322474628686905,
0.08966177701950073,14.506643295288086,0.15629005432128906,1.8316465616226196,0.0853276252746582,11.153024673461914,25.677223205566406,6.74057115236565e+17,,14,,5.466670036315918,82449,0.1034417524933815,0.05777294933795929,
0.09418404847383499,25.234111785888672,0.20716571807861328,2.421903371810913,0.08553838729858398,10.617508888244629,130.01475524902344,6.744659274036675e+17,,14,,27.68008804321289,82499,0.09556666016578674,0.05598555505275726,
0.10202787071466446,33.08168411254883,0.2144756317138672,2.4991207122802734,0.08582043647766113,9.801243782043457,628.5415649414062,6.748746708512932e+17,,14,,133.8162384033203,82549,0.1296311914920807,0.05892854928970337,
0.10690861940383911,30.59950828552246,0.17580556869506836,2.0511436462402344,0.08571100234985352,9.353782653808594,55.61209487915039,6.752834830183956e+17,,14,,11.839792251586914,82599,0.12003301829099655,0.08010084927082062,
0.09164752811193466,19.808338165283203,0.1701974868774414,1.9885233640670776,0.08558988571166992,10.911369323730469,627.9225463867188,6.756922264660214e+17,,14,,133.68446350097656,82649,0.1071656197309494,0.09292544424533844,
0.09240454435348511,23.08414649963379,0.18051767349243164,2.104931592941284,0.08575940132141113,10.821978569030762,26.38602638244629,6.761009699136471e+17,,14,,5.617574214935303,82699,0.10936978459358215,0.0727163553237915,
0.09415452182292938,23.50052261352539,0.17654800415039062,2.070848226547241,0.08525395393371582,10.62083911895752,109.80937957763672,6.765097820807496e+17,,14,,23.378372192382812,82749,0.12979145348072052,0.09087973833084106,
0.10171475261449814,27.975936889648438,0.18585205078125,2.1805243492126465,0.08523273468017578,9.831416130065918,623.3058471679688,6.769185255283753e+17,,14,,132.70156860351562,82799,0.10046803206205368,0.06260305643081665,
0.09560336917638779,26.960010528564453,0.18346309661865234,2.153423309326172,0.08519601821899414,10.459881782531738,27.338926315307617,6.77327268976001e+17,,14,,5.820446491241455,82849,0.09630067646503448,0.058939069509506226,
0.09636873751878738,28.307470321655273,0.1956498622894287,2.28204083442688,0.08573460578918457,10.376809120178223,526.7843627929688,6.777360811431035e+17,,14,,112.15217590332031,82899,0.106059730052948,0.0564250648021698,
0.10003963857889175,27.185548782348633,0.18717312812805176,2.1853690147399902,0.0856482982635498,9.996037483215332,23.14923095703125,6.781448245907292e+17,,14,,4.928462028503418,82949,0.12153443694114685,0.08470724523067474,
0.09855987131595612,28.76026725769043,0.20018625259399414,2.3441312313079834,0.08539891242980957,10.146117210388184,621.09716796875,6.78553568038355e+17,,14,,132.23133850097656,82999,0.10435658693313599,0.07456958293914795,
0.08958888798952103,14.786401748657227,0.18187856674194336,2.1323184967041016,0.0852961540222168,11.162097930908203,577.0874633789062,6.789623802054574e+17,,14,,122.86167907714844,83049,0.15536896884441376,0.13645687699317932,
0.08990955352783203,16.040224075317383,0.1623837947845459,1.9198204278945923,0.08458280563354492,11.122288703918457,22.402132034301758,6.793711236530831e+17,,14,,4.769404888153076,83099,0.10684246569871902,0.06068269908428192,
0.09803203493356705,27.188274383544922,0.17505168914794922,2.049170970916748,0.08542561531066895,10.2007474899292,623.4952392578125,6.797798671007089e+17,,14,,132.74188232421875,83149,0.1308867633342743,0.06930665671825409,
0.0932527557015419,22.557933807373047,0.18613910675048828,2.1841793060302734,0.08522152900695801,10.723543167114258,53.35299301147461,6.801886792678113e+17,,14,,11.358830451965332,83199,0.1253499835729599,0.08960358798503876,
0.09981757402420044,32.45960998535156,0.20338773727416992,2.3774778842926025,0.08554768562316895,10.018275260925293,81.16049194335938,6.80597422715437e+17,,14,,17.279035568237305,83249,0.12870673835277557,0.08276422321796417,
0.0898207575082779,18.729127883911133,0.17702507972717285,2.079310894012451,0.08513641357421875,11.133283615112305,614.7814331054688,6.810061661630628e+17,,14,,130.88671875,83299,0.12066281586885452,0.06428653001785278,
0.09287294745445251,20.377994537353516,0.16354012489318848,1.916442632675171,0.08533525466918945,10.7673978805542,24.593338012695312,6.814149783301652e+17,,14,,5.235911846160889,83349,0.09961564093828201,0.05724114179611206,
0.09239454567432404,19.6544189453125,0.17717385292053223,2.0718448162078857,0.08551502227783203,10.823149681091309,64.64418029785156,6.81823721777791e+17,,14,,13.76271915435791,83399,0.10631512850522995,0.06174856424331665,
0.1004125103354454,28.407651901245117,0.19509243965148926,2.284298896789551,0.08540582656860352,9.958918571472168,626.7647705078125,6.822324652254167e+17,,14,,133.43797302246094,83449,0.1340475082397461,0.09861749410629272,
0.09647852182388306,25.228256225585938,0.1832590103149414,2.1523168087005615,0.0851449966430664,10.36500072479248,87.1211929321289,6.826412773925192e+17,,14,,18.548067092895508,83499,0.13486498594284058,0.09455424547195435,
0.09873087704181671,32.350799560546875,0.21294903755187988,2.4839823246002197,0.08572888374328613,10.128543853759766,613.8078002929688,6.830500208401449e+17,,14,,130.67942810058594,83549,0.09740447252988815,0.05757345259189606,
0.10177057981491089,29.952693939208984,0.1928257942199707,2.260194778442383,0.08531379699707031,9.82602310180664,81.36334991455078,6.834587642877706e+17,,14,,17.32222557067871,83599,0.10115500539541245,0.05712631344795227,
0.09558574855327606,24.237337112426758,0.1840834617614746,2.1421749591827393,0.08593297004699707,10.461810111999512,54.88043212890625,6.838675764548731e+17,,14,,11.684021949768066,83649,0.12611736357212067,0.06579767167568207,
0.09719356894493103,28.53839111328125,0.1795058250427246,2.10257887840271,0.08537411689758301,10.28874683380127,479.92724609375,6.842763199024988e+17,,14,,102.17631530761719,83699,0.11324544996023178,0.07699881494045258,
0.11346904933452606,32.928409576416016,0.19137835502624512,2.241180658340454,0.08539175987243652,8.812975883483887,50.14232635498047,6.846850633501245e+17,,14,,10.675280570983887,83749,0.09994674474000931,0.060235396027565,
0.10253263264894485,32.282257080078125,0.2123723030090332,2.473856210708618,0.0858466625213623,9.752992630004883,597.8335571289062,6.85093875517227e+17,,14,,127.27851867675781,83799,0.14078855514526367,0.10643216967582703,
0.09956863522529602,29.062580108642578,0.21207118034362793,2.475222587585449,0.0856776237487793,10.043323516845703,36.0595817565918,6.855026189648527e+17,,14,,7.677070617675781,83849,0.12856201827526093,0.13129498064517975,
0.1065310537815094,30.696557998657227,0.1883549690246582,2.1980786323547363,0.08569073677062988,9.386934280395508,48.78955841064453,6.859113624124785e+17,,14,,10.387277603149414,83899,0.13254615664482117,0.08241917192935944,
0.10396944731473923,32.06184005737305,0.18753480911254883,2.1967709064483643,0.08536839485168457,9.618210792541504,501.16717529296875,6.863201745795809e+17,,14,,106.69828796386719,83949,0.13230276107788086,0.08597181737422943,
0.09440527856349945,27.2989501953125,0.19148707389831543,2.2532684803009033,0.08498191833496094,10.59262752532959,44.107505798339844,6.867289180272067e+17,,14,,9.390469551086426,83999,0.17306576669216156,0.0832391232252121,
,,,,,,,,6.867289180272067e+17,14,,,83999,,,0.49720609188079834
0.0942055955529213,24.484804153442383,0.18832826614379883,2.22550106048584,0.08462285995483398,10.615079879760742,605.8007202148438,6.871377301943091e+17,,14,,128.9747314453125,84049,0.14314383268356323,0.10438065230846405,
0.08726672828197479,1.2664825916290283,0.09059596061706543,1.0608205795288086,0.08540177345275879,11.459121704101562,626.0844116210938,6.875464736419348e+17,,14,,133.29312133789062,84099,0.11131893843412399,0.07349732518196106,
0.08683062344789505,1.0813910961151123,0.09025859832763672,1.0549824237823486,0.08555459976196289,11.516674995422363,24.635860443115234,6.879552170895606e+17,,14,,5.244964599609375,84149,0.1173640638589859,0.05840861797332764,
0.09628979861736298,26.488609313964844,0.18469882011413574,2.1527583599090576,0.08579635620117188,10.385315895080566,500.33233642578125,6.88364029256663e+17,,14,,106.52055358886719,84199,0.10922445356845856,0.06702220439910889,
0.10721877962350845,31.661174774169922,0.19904732704162598,2.3187732696533203,0.08584165573120117,9.3267240524292,630.6343994140625,6.887727727042888e+17,,14,,134.26181030273438,84249,0.1454084813594818,0.1015235036611557,
0.10089672356843948,28.906543731689453,0.19360852241516113,2.256091356277466,0.0858159065246582,9.911124229431152,67.679931640625,6.891815161519145e+17,,14,,14.409029960632324,84299,0.1847802996635437,0.1845686286687851,
0.09299253672361374,21.859716415405273,0.18537282943725586,2.1635119915008545,0.08568143844604492,10.75355052947998,599.4998168945312,6.89590328319017e+17,,14,,127.63327026367188,84349,0.1199565902352333,0.06581033766269684,
0.09730684012174606,24.693918228149414,0.18344664573669434,2.1451499462127686,0.08551692962646484,10.276769638061523,24.315372467041016,6.899990717666427e+17,,14,,5.176733016967773,84399,0.15583127737045288,0.0956239104270935,
0.10092197358608246,27.373231887817383,0.17539739608764648,2.0554206371307373,0.08533406257629395,9.908644676208496,584.2686767578125,6.904078152142684e+17,,14,,124.39055633544922,84449,0.12139276415109634,0.07126300036907196,
0.09405123442411423,24.756649017333984,0.17095041275024414,2.0085606575012207,0.08511090278625488,10.632502555847168,635.6495971679688,6.908166273813709e+17,,14,,135.3295440673828,84499,0.1539805382490158,0.08038567006587982,
0.09601165354251862,26.291486740112305,0.1850113868713379,2.1637611389160156,0.08550453186035156,10.41540241241455,20.148967742919922,6.912253708289966e+17,,14,,4.289707183837891,84549,0.11080522835254669,0.05962580442428589,
0.09103372693061829,19.497112274169922,0.17216897010803223,2.016697645187378,0.08537173271179199,10.984939575195312,621.1527709960938,6.916341142766223e+17,,14,,132.24317932128906,84599,0.126247376203537,0.07762382924556732,
0.09494176506996155,24.774948120117188,0.18763041496276855,2.201296806335449,0.0852363109588623,10.532772064208984,24.587581634521484,6.920429264437248e+17,,14,,5.234686374664307,84649,0.12934596836566925,0.09974612295627594,
0.09098941087722778,17.994550704956055,0.1619563102722168,1.8935763835906982,0.08552932739257812,10.990289688110352,561.8964233398438,6.924516698913505e+17,,14,,119.62752532958984,84699,0.12191633880138397,0.06258508563041687,
0.1026344895362854,29.70252227783203,0.18564128875732422,2.163809299468994,0.08579373359680176,9.74331283569336,133.68226623535156,6.928604133389763e+17,,14,,28.460899353027344,84749,0.12130938470363617,0.1076907217502594,
0.09104951471090317,19.405227661132812,0.18059372901916504,2.1396591663360596,0.08440303802490234,10.98303508758545,28.503149032592773,6.932692255060787e+17,,14,,6.0683088302612305,84799,0.09988461434841156,0.06753823161125183,
0.08817476779222488,13.536466598510742,0.17130446434020996,2.014277935028076,0.08504509925842285,11.341113090515137,572.7386474609375,6.936779689537044e+17,,14,,121.93582916259766,84849,0.10930247604846954,0.0654108077287674,
0.09041034430265427,16.350942611694336,0.1759335994720459,2.0823581218719482,0.0844876766204834,11.060681343078613,558.455078125,6.940867124013302e+17,,14,,118.89485931396484,84899,0.12563399970531464,0.08577059209346771,
0.10098696500062943,28.651248931884766,0.17783474922180176,2.0871613025665283,0.0852041244506836,9.902268409729004,522.84423828125,6.944955245684326e+17,,14,,111.3133316040039,84949,0.12136470526456833,0.08099645376205444,
0.0956081822514534,24.56968116760254,0.17739224433898926,2.0676941871643066,0.08579230308532715,10.459356307983398,525.63916015625,6.949042680160584e+17,,14,,111.90836334228516,84999,0.49467453360557556,0.18229226768016815,
0.1032685935497284,33.02970504760742,0.23162436485290527,2.702906608581543,0.08569455146789551,9.683485984802246,29.811702728271484,6.953130114636841e+17,,14,,6.346899509429932,85049,0.1255626231431961,0.07195983827114105,
0.10516180843114853,30.361467361450195,0.19597983360290527,2.285292148590088,0.08575701713562012,9.5091552734375,421.4993591308594,6.957218236307866e+17,,14,,89.73704528808594,85099,0.13368533551692963,0.07559710741043091,
0.11990852653980255,30.77115821838379,0.20083928108215332,2.3394858837127686,0.08584761619567871,8.339691162109375,533.6080322265625,6.961305670784123e+17,,14,,113.60492706298828,85149,0.12568098306655884,0.0647425651550293,
0.10942193865776062,30.569061279296875,0.19683504104614258,2.291849374771118,0.08588480949401855,9.138935089111328,490.6713562011719,6.96539310526038e+17,,14,,104.46372985839844,85199,0.1305115669965744,0.08664572238922119,
0.10162340104579926,26.446876525878906,0.17904090881347656,2.0971100330352783,0.08537507057189941,9.840252876281738,506.988037109375,6.969481226931405e+17,,14,,107.93754577636719,85249,0.11665993183851242,0.07181312143802643,
0.10050072520971298,27.855224609375,0.19003772735595703,2.2154293060302734,0.08577919006347656,9.950177192687988,29.807987213134766,6.973568661407662e+17,,14,,6.346108436584473,85299,0.12096135318279266,0.07713370025157928,
0.10396140813827515,30.90230941772461,0.20354580879211426,2.3710854053497314,0.0858449935913086,9.6189546585083,594.3211059570312,6.977656783078687e+17,,14,,126.53071594238281,85349,0.14492036402225494,0.07512354850769043,
0.10318749397993088,29.34779167175293,0.19029784202575684,2.223015308380127,0.08560347557067871,9.691097259521484,487.7117919921875,6.981744217554944e+17,,14,,103.83364868164062,85399,0.1313672959804535,0.1063283383846283,
0.10214390605688095,26.51145362854004,0.18205046653747559,2.1241276264190674,0.08570599555969238,9.790109634399414,30.35507583618164,6.985831652031201e+17,,14,,6.462583541870117,85449,0.15443722903728485,0.11131197214126587,
0.10270902514457703,35.40732192993164,0.21668791770935059,2.527559995651245,0.08573007583618164,9.73624324798584,621.9496459960938,6.989919773702226e+17,,14,,132.41282653808594,85499,0.16396304965019226,0.17595379054546356,
0.10737740993499756,32.712608337402344,0.18370318412780762,2.1432502269744873,0.08571243286132812,9.312945365905762,31.19884490966797,6.994007208178483e+17,,14,,6.642221450805664,85549,0.11459969729185104,0.08456555008888245,
0.10067415237426758,29.37750816345215,0.19693231582641602,2.3010945320129395,0.08558201789855957,9.933035850524902,548.1150512695312,6.99809464265474e+17,,14,,116.69347381591797,85599,0.11796943843364716,0.07007190585136414,
0.10675353556871414,33.50818634033203,0.19186854362487793,2.2350332736968994,0.085845947265625,9.367371559143066,577.547119140625,7.002182764325765e+17,,14,,122.95954132080078,85649,0.12611530721187592,0.06426259875297546,
0.1048910915851593,33.51462173461914,0.22241783142089844,2.592716693878174,0.0857856273651123,9.533698081970215,30.673770904541016,7.006270198802022e+17,,14,,6.530433654785156,85699,0.1076156497001648,0.05625009536743164,
0.10107970982789993,26.908950805664062,0.17819452285766602,2.0822360515594482,0.08557844161987305,9.893181800842285,562.8220825195312,7.01035763327828e+17,,14,,119.82459259033203,85749,0.1120166927576065,0.05987226963043213,
0.0983797237277031,26.01374053955078,0.19263243675231934,2.2469332218170166,0.08573126792907715,10.164695739746094,634.8701171875,7.014445754949304e+17,,14,,135.16358947753906,85799,0.13970278203487396,0.09384916722774506,
0.09766076505184174,26.064041137695312,0.17212367057800293,2.0152382850646973,0.08541107177734375,10.239526748657227,629.8263549804688,7.018533189425562e+17,,14,,134.08978271484375,85849,0.11030559986829758,0.06023783981800079,
0.09272291511297226,22.765621185302734,0.17873191833496094,2.0944323539733887,0.08533668518066406,10.784820556640625,622.82080078125,7.022620623901819e+17,,14,,132.59829711914062,85899,0.38042184710502625,0.09034104645252228,
0.09029489010572433,18.82927703857422,0.1844322681427002,2.1717519760131836,0.08492326736450195,11.074823379516602,26.84522247314453,7.026708745572844e+17,,14,,5.71533727645874,85949,0.13071390986442566,0.06984369456768036,
0.09145291894674301,18.982778549194336,0.17739009857177734,2.0769271850585938,0.08540987968444824,10.934588432312012,642.9576416015625,7.030796180049101e+17,,14,,136.8854217529297,85999,0.1467142105102539,0.13226544857025146,
0.0923941433429718,20.476797103881836,0.15696310997009277,1.8607999086380005,0.08435249328613281,10.823197364807129,643.2109375,7.034883614525358e+17,,14,,136.93934631347656,86049,0.11670126020908356,0.07302893698215485,
,,,,,,28.60750961303711,7.038971736196383e+17,,15,,6.090527534484863,86099,0.15387532114982605,0.1625874936580658,
0.09112048894166946,20.73472023010254,0.17855095863342285,3.8883743286132812,0.045919179916381836,10.974479675292969,638.6495361328125,7.04305917067264e+17,,15,,135.96823120117188,86149,0.11818702518939972,0.0591912567615509,
0.08790302276611328,8.868941307067871,0.140899658203125,1.6506510972976685,0.08536005020141602,11.37617301940918,628.3759155273438,7.047146605148897e+17,,15,,133.78097534179688,86199,0.13677679002285004,0.056890830397605896,
0.08697967231273651,1.3212980031967163,0.09071755409240723,1.0599068403244019,0.08559012413024902,11.496939659118652,631.1795043945312,7.051234726819922e+17,,15,,134.3778533935547,86249,0.14392901957035065,0.058530405163764954,
0.0867411345243454,1.3762924671173096,0.09071469306945801,1.0619559288024902,0.08542227745056152,11.528554916381836,583.3646240234375,7.055322161296179e+17,,15,,124.19808959960938,86299,0.11337021738290787,0.0781230628490448,
0.09218725562095642,23.18473243713379,0.18507671356201172,2.1643259525299072,0.08551239967346191,10.84748649597168,44.20083236694336,7.059409595772436e+17,,15,,9.41033935546875,86349,0.11139271408319473,0.06403757631778717,
0.09729760140180588,25.20037841796875,0.17281436920166016,2.0169687271118164,0.08568024635314941,10.277745246887207,473.5376281738281,7.063497717443461e+17,,15,,100.81597137451172,86399,0.11039476841688156,0.057177141308784485,
0.10451717674732208,32.32437515258789,0.21070599555969238,2.464370012283325,0.08550095558166504,9.567805290222168,565.39306640625,7.067585151919718e+17,,15,,120.37195587158203,86449,0.12683933973312378,0.0816931277513504,
0.09616423398256302,24.9592342376709,0.18574738502502441,2.1713335514068604,0.08554530143737793,10.398876190185547,31.219444274902344,7.071672586395976e+17,,15,,6.646606922149658,86499,0.10998982191085815,0.07177776098251343,
0.09008835256099701,17.830745697021484,0.17245078086853027,2.0192880630493164,0.08540177345275879,11.100214004516602,527.1527709960938,7.075760708067e+17,,15,,112.23060607910156,86549,0.1259779930114746,0.09469789266586304,
0.0971747413277626,28.040836334228516,0.18765735626220703,2.1889264583587646,0.08573031425476074,10.290740013122559,27.39862060546875,7.079848142543258e+17,,15,,5.833155155181885,86599,0.1110878586769104,0.06131716072559357,
0.09809128940105438,27.938512802124023,0.18379569053649902,2.158257484436035,0.0851593017578125,10.194584846496582,635.3655395507812,7.083936264214282e+17,,15,,135.26905822753906,86649,0.10390667617321014,0.06087400019168854,
0.09013433009386063,19.251564025878906,0.20971369743347168,2.451786756515503,0.08553504943847656,11.094552040100098,564.6151733398438,7.08802369869054e+17,,15,,120.20634460449219,86699,0.1505323052406311,0.07698044180870056,
0.09665022045373917,27.138437271118164,0.1944589614868164,2.273948907852173,0.08551597595214844,10.346587181091309,27.793027877807617,7.092111133166797e+17,,15,,5.917124271392822,86749,0.11317082494497299,0.06428401172161102,
0.09114912152290344,19.39114761352539,0.18444323539733887,2.1519501209259033,0.08570981025695801,10.97103214263916,578.1401977539062,7.096199254837821e+17,,15,,123.08580780029297,86799,0.1471559852361679,0.09693364799022675,
0.09569940716028214,24.687759399414062,0.17678093910217285,2.0661959648132324,0.08555865287780762,10.449385643005371,639.9020385742188,7.100286689314079e+17,,15,,136.23489379882812,86849,0.1249479129910469,0.0693352073431015,
0.09470394998788834,26.27370262145996,0.19286632537841797,2.2705812454223633,0.08494138717651367,10.559221267700195,567.1392211914062,7.104374123790336e+17,,15,,120.74371337890625,86899,0.144395649433136,0.09443977475166321,
0.10177436470985413,30.918729782104492,0.18992376327514648,2.2106597423553467,0.08591270446777344,9.82565689086914,469.2525634765625,7.10846224546136e+17,,15,,99.90367889404297,86949,0.15059959888458252,0.08349776268005371,
0.095860555768013,25.305419921875,0.17631888389587402,2.0583062171936035,0.0856621265411377,10.431818962097168,27.252065658569336,7.112549679937618e+17,,15,,5.8019537925720215,86999,0.11662810295820236,0.0654325783252716,
0.09901764988899231,28.729467391967773,0.20004558563232422,2.347057580947876,0.08523249626159668,10.099209785461426,571.0007934570312,7.116637114413875e+17,,15,,121.56583404541016,87049,0.10539327561855316,0.06062643229961395,
0.10030476003885269,31.528953552246094,0.19621658325195312,2.2938945293426514,0.08553862571716309,9.969616889953613,625.2721557617188,7.1207252360849e+17,,15,,133.12017822265625,87099,0.15029652416706085,0.1312379390001297,
0.09624715149402618,28.592710494995117,0.18872427940368652,2.2142043113708496,0.08523344993591309,10.389918327331543,77.17752838134766,7.124812670561157e+17,,15,,16.43106460571289,87149,0.10265138745307922,0.05804122984409332,
0.10112160444259644,27.33332633972168,0.19039130210876465,2.2268359661102295,0.08549857139587402,9.889082908630371,130.90673828125,7.128900105037414e+17,,15,,27.869991302490234,87199,0.11129291355609894,0.08212028443813324,
0.10910734534263611,33.39740753173828,0.2028517723083496,2.3844237327575684,0.08507370948791504,9.16528606414795,42.28028869628906,7.132988226708439e+17,,15,,9.001456260681152,87249,0.11075626313686371,0.06668232381343842,
0.26748207211494446,448.30059814453125,8.659770011901855,101.67511749267578,0.08517098426818848,3.7385683059692383,94.78997039794922,7.137075661184696e+17,,15,,20.18074607849121,87299,0.21675020456314087,0.3684934675693512,
0.1169033795595169,34.48405075073242,0.2371232509613037,2.7673676013946533,0.08568549156188965,8.554072380065918,578.4873046875,7.141163095660954e+17,,15,,123.15970611572266,87349,0.1666846126317978,0.09730249643325806,
0.09292581677436829,22.566543579101562,0.18378376960754395,2.1612942218780518,0.08503413200378418,10.761272430419922,26.60385513305664,7.145251217331978e+17,,15,,5.663949966430664,87399,0.11075857281684875,0.07028524577617645,
0.09810648113489151,29.19529151916504,0.18795180320739746,2.2115936279296875,0.08498477935791016,10.19300651550293,639.347412109375,7.149338651808236e+17,,15,,136.11680603027344,87449,0.12469532340765,0.0773688405752182,
0.09739665687084198,26.367259979248047,0.18434453010559082,2.156461238861084,0.08548474311828613,10.267292976379395,139.69503784179688,7.153426086284493e+17,,15,,29.741016387939453,87499,0.12515732645988464,0.06529329717159271,
0.10529251396656036,31.153921127319336,0.18779444694519043,2.2083728313446045,0.0850374698638916,9.49735164642334,95.41217803955078,7.157514207955517e+17,,15,,20.313215255737305,87549,0.113022081553936,0.07132866978645325,
0.09446600824594498,22.100866317749023,0.17420172691345215,2.0356533527374268,0.08557534217834473,10.58581829071045,511.6505432128906,7.161601642431775e+17,,15,,108.93019104003906,87599,0.13178864121437073,0.07345560193061829,
0.10265721380710602,33.1658935546875,0.2083280086517334,2.4320478439331055,0.08565950393676758,9.741156578063965,33.37468338012695,7.165689076908032e+17,,15,,7.105456352233887,87649,0.22526203095912933,0.0872257798910141,
0.10086595267057419,28.626253128051758,0.19230246543884277,2.244276523590088,0.08568572998046875,9.914148330688477,570.0545654296875,7.169777198579057e+17,,15,,121.36438751220703,87699,0.2121541053056717,0.12434396147727966,
0.1020180881023407,30.115245819091797,0.18347740173339844,2.147341728210449,0.08544397354125977,9.802183151245117,559.2977294921875,7.173864633055314e+17,,15,,119.07426452636719,87749,0.11894308775663376,0.0688050240278244,
0.10162454098463058,31.047666549682617,0.191115140914917,2.231978416442871,0.08562588691711426,9.840143203735352,29.538658142089844,7.177952067531571e+17,,15,,6.288768291473389,87799,0.16969317197799683,0.24074700474739075,
0.096119724214077,25.33258819580078,0.18108654022216797,2.110731601715088,0.08579325675964355,10.403692245483398,633.7490844726562,7.182040189202596e+17,,15,,134.9249267578125,87849,0.10774116963148117,0.07076357305049896,
0.10105259716510773,31.654327392578125,0.19156289100646973,2.248476982116699,0.08519673347473145,9.89583683013916,24.83304214477539,7.186127623678853e+17,,15,,5.28694486618042,87899,0.13925690948963165,0.11386708915233612,
0.10186783969402313,31.291954040527344,0.20218157768249512,2.36346435546875,0.08554458618164062,9.816640853881836,521.9473876953125,7.190215745349878e+17,,15,,111.12239074707031,87949,0.10337888449430466,0.05636942386627197,
0.09779772162437439,28.105077743530273,0.2028501033782959,2.370314836502075,0.08557939529418945,10.225187301635742,582.3143920898438,7.194303179826135e+17,,15,,123.97449493408203,87999,0.12269454449415207,0.06374454498291016,
,,,,,,,,7.194303179826135e+17,15,,,87999,,,0.4043624997138977
0.09884850680828094,27.522151947021484,0.1769561767578125,2.087980031967163,0.08474993705749512,10.116490364074707,615.9000244140625,7.198390614302392e+17,,15,,131.12486267089844,88049,0.13553763926029205,0.13122735917568207,
0.08702144026756287,2.175586462020874,0.09581494331359863,1.1305288076400757,0.08475232124328613,11.491421699523926,628.39208984375,7.202478735973417e+17,,15,,133.784423828125,88099,0.09760961681604385,0.05893026292324066,
0.08731842041015625,1.9308079481124878,0.09572482109069824,1.1202226877212524,0.08545160293579102,11.452337265014648,36.61897277832031,7.206566170449674e+17,,15,,7.796164035797119,88149,0.14105023443698883,0.07326711714267731,
0.09905581176280975,30.052003860473633,0.19703173637390137,2.2992842197418213,0.0856926441192627,10.095318794250488,143.71546936035156,7.210653604925932e+17,,15,,30.596965789794922,88199,0.1054578423500061,0.06075781583786011,
0.09727303683757782,30.337608337402344,0.23660993576049805,2.7644152641296387,0.08559131622314453,10.280341148376465,620.3145141601562,7.214741726596956e+17,,15,,132.06471252441406,88249,0.16057340800762177,0.08613309264183044,
0.09751345962285995,25.403175354003906,0.18426513671875,2.1464569568634033,0.0858461856842041,10.254995346069336,24.58751106262207,7.218829161073213e+17,,15,,5.234671115875244,88299,0.13233675062656403,0.10117597877979279,
0.10266157984733582,31.2733211517334,0.1911146640777588,2.2389676570892334,0.0853583812713623,9.740742683410645,593.1142578125,7.222916595549471e+17,,15,,126.27378845214844,88349,0.20128321647644043,0.2154790461063385,
0.09751400351524353,26.276199340820312,0.19115805625915527,2.23217511177063,0.08563756942749023,10.254938125610352,255.11544799804688,7.227004717220495e+17,,15,,54.3139762878418,88399,0.11516917496919632,0.0711921900510788,
0.09802296757698059,26.967987060546875,0.17317581176757812,2.0259056091308594,0.0854806900024414,10.201690673828125,139.24917602539062,7.231092151696753e+17,,15,,29.64609146118164,88449,0.13268257677555084,0.062399983406066895,
0.09698088467121124,28.07146453857422,0.20530247688293457,2.394747734069824,0.08573031425476074,10.311309814453125,646.0590209960938,7.23517958617301e+17,,15,,137.5457000732422,88499,0.11945333331823349,0.06408439576625824,
0.09655093401670456,29.48246192932129,0.20050549507141113,2.342728614807129,0.0855863094329834,10.357227325439453,29.732635498046875,7.239267707844035e+17,,15,,6.330066204071045,88549,0.12106072157621384,0.07110704481601715,
0.0964578166604042,24.51770782470703,0.16690444946289062,1.9633275270462036,0.08501100540161133,10.367226600646973,95.0377197265625,7.243355142320292e+17,,15,,20.233491897583008,88599,0.1096266508102417,0.06499996781349182,
0.0905262753367424,18.525157928466797,0.17879343032836914,2.0829036235809326,0.08583855628967285,11.046516418457031,89.53156280517578,7.247442576796549e+17,,15,,19.061233520507812,88649,0.1165350154042244,0.08151958882808685,
0.10527195036411285,34.295406341552734,0.19644474983215332,2.3208980560302734,0.08464169502258301,9.49920654296875,46.133541107177734,7.251530698467574e+17,,15,,9.821812629699707,88699,0.12211393564939499,0.06385703384876251,
0.09914321452379227,26.68941879272461,0.18657255172729492,2.1802077293395996,0.08557558059692383,10.086419105529785,344.30352783203125,7.255618132943831e+17,,15,,73.30207824707031,88749,0.12673188745975494,0.07537655532360077,
0.09870579838752747,31.57979393005371,0.20750188827514648,2.4170150756835938,0.08585047721862793,10.13111686706543,103.79984283447266,7.259705567420088e+17,,15,,22.09894371032715,88799,0.1314438134431839,0.07015648484230042,
0.0977170467376709,28.095745086669922,0.1833817958831787,2.1512770652770996,0.08524322509765625,10.23362922668457,630.9074096679688,7.263793689091113e+17,,15,,134.31993103027344,88849,0.10446103662252426,0.06452272832393646,
0.09270910173654556,22.386417388916016,0.17258548736572266,2.0200703144073486,0.08543539047241211,10.78642749786377,143.3272705078125,7.26788112356737e+17,,15,,30.514318466186523,88899,0.13053901493549347,0.08006536960601807,
0.09123560041189194,21.435157775878906,0.1897284984588623,2.221282720565796,0.08541393280029297,10.960634231567383,30.866403579711914,7.271968558043628e+17,,15,,6.571444511413574,88949,0.1758023500442505,0.0850432962179184,
0.1035635694861412,30.36427879333496,0.17201519012451172,2.0077977180480957,0.08567357063293457,9.655905723571777,245.55105590820312,7.276056679714652e+17,,15,,52.2777214050293,88999,0.13836440443992615,0.07538031041622162,
0.09733730554580688,27.089529037475586,0.17614269256591797,2.0566558837890625,0.08564519882202148,10.273552894592285,152.54452514648438,7.28014411419091e+17,,15,,32.47666931152344,89049,0.10885464400053024,0.0636199563741684,
0.11022371053695679,33.756919860839844,0.20120692253112793,2.3612775802612305,0.08521103858947754,9.072458267211914,72.43131256103516,7.284231548667167e+17,,15,,15.420598030090332,89099,0.11609341949224472,0.05826905369758606,
0.09997405856847763,29.69692039489746,0.1818830966949463,2.139740228652954,0.08500242233276367,10.002594947814941,56.1698112487793,7.288319670338191e+17,,15,,11.95853042602539,89149,0.11152514070272446,0.07903259992599487,
0.09435519576072693,24.89767074584961,0.17545390129089355,2.0661330223083496,0.08491897583007812,10.598251342773438,33.083824157714844,7.292407104814449e+17,,15,,7.043532848358154,89199,0.13126781582832336,0.0899125337600708,
0.08986325562000275,17.367839813232422,0.16727137565612793,1.9715142250061035,0.08484411239624023,11.128019332885742,619.8319702148438,7.296495226485473e+17,,15,,131.96197509765625,89249,0.14749126136302948,0.0630105584859848,
0.09650948643684387,29.00094223022461,0.20250487327575684,2.3798725605010986,0.08509063720703125,10.361675262451172,97.3776626586914,7.30058266096173e+17,,15,,20.731664657592773,89299,0.1413428634405136,0.07518015801906586,
0.09274329990148544,22.163368225097656,0.19119620323181152,2.243105888366699,0.08523726463317871,10.782450675964355,32.74943542480469,7.304670095437988e+17,,15,,6.972341537475586,89349,0.14728303253650665,0.061288982629776,
0.09057753533124924,17.157470703125,0.15987920761108398,1.8803349733352661,0.08502697944641113,11.040265083312988,578.5092163085938,7.308758217109012e+17,,15,,123.16438293457031,89399,0.23800000548362732,0.1470215767621994,
0.09091594070196152,19.454700469970703,0.1710808277130127,2.0112085342407227,0.08506369590759277,10.999171257019043,70.15458679199219,7.31284565158527e+17,,15,,14.935883522033691,89449,0.10503772646188736,0.06000050902366638,
0.09334660321474075,23.0609130859375,0.1713566780090332,2.015462636947632,0.0850210189819336,10.712762832641602,114.0764389038086,7.316933086061527e+17,,15,,24.286828994750977,89499,0.1145186647772789,0.09015323221683502,
0.09526016563177109,25.744094848632812,0.17894768714904785,2.0995712280273438,0.08523058891296387,10.497567176818848,549.185546875,7.321021207732552e+17,,15,,116.92137145996094,89549,0.11483690142631531,0.058237165212631226,
0.09446629881858826,23.63077735900879,0.17979907989501953,2.1033003330230713,0.08548426628112793,10.585785865783691,29.5118465423584,7.325108642208809e+17,,15,,6.283060073852539,89599,0.120371975004673,0.08593659102916718,
0.09308221191167831,19.629533767700195,0.16391944885253906,1.928144097328186,0.08501410484313965,10.74319076538086,68.20055389404297,7.329196076685066e+17,,15,,14.519869804382324,89649,0.12664414942264557,0.09215675294399261,
0.09014520794153214,19.692249298095703,0.18384528160095215,2.1615993976593018,0.08505058288574219,11.093213081359863,91.52796936035156,7.333284198356091e+17,,15,,19.48626708984375,89699,0.11319560557603836,0.0647985190153122,
0.09351426362991333,25.209909439086914,0.20383214950561523,2.406820774078369,0.08468937873840332,10.69355583190918,28.074432373046875,7.337371632832348e+17,,15,,5.977035045623779,89749,0.10805961489677429,0.07337881624698639,
0.10344189405441284,29.193073272705078,0.17801523208618164,2.0873637199401855,0.0852823257446289,9.66726303100586,545.0631103515625,7.341459067308605e+17,,15,,116.04371643066406,89799,0.12200963497161865,0.08255502581596375,
0.09590668976306915,25.246938705444336,0.18276119232177734,2.1330788135528564,0.08567953109741211,10.426801681518555,56.0525016784668,7.34554718897963e+17,,15,,11.933554649353027,89849,0.1011890172958374,0.05777214467525482,
0.1057840883731842,32.948768615722656,0.19099783897399902,2.233705997467041,0.08550715446472168,9.453217506408691,60.3207893371582,7.349634623455887e+17,,15,,12.84227180480957,89899,0.1180163100361824,0.06881922483444214,
0.10064529627561569,30.23284149169922,0.19290375709533691,2.2441442012786865,0.08595871925354004,9.935883522033691,539.8828125,7.353722057932145e+17,,15,,114.94083404541016,89949,0.11011926084756851,0.06475289165973663,
0.10781820118427277,30.367721557617188,0.1820230484008789,2.1422338485717773,0.08496880531311035,9.274871826171875,44.16674041748047,7.357810179603169e+17,,15,,9.403080940246582,89999,0.14824846386909485,0.06508232653141022,
0.10519306361675262,34.6218376159668,0.24164962768554688,2.8380556106567383,0.08514618873596191,9.506330490112305,487.4617919921875,7.361897614079427e+17,,15,,103.7804183959961,90049,0.15051257610321045,0.07718534767627716,
0.10056018084287643,28.50001335144043,0.19914841651916504,2.3134162425994873,0.08608412742614746,9.944293975830078,56.98691177368164,7.365985048555684e+17,,15,,12.132490158081055,90099,0.09484854340553284,0.05735120177268982,
0.10254181176424026,30.12521743774414,0.18857979774475098,2.201063632965088,0.08567667007446289,9.752119064331055,272.5598449707031,7.370073170226708e+17,,15,,58.02787780761719,90149,0.11268383264541626,0.063712939620018,
0.09485185146331787,25.644359588623047,0.18385958671569824,2.1612465381622314,0.08507108688354492,10.542757034301758,455.6021423339844,7.374160604702966e+17,,15,,96.99751281738281,90199,0.1395074427127838,0.12087064981460571,
0.10554752498865128,31.727886199951172,0.18925213813781738,2.2178168296813965,0.08533263206481934,9.474405288696289,61.245113372802734,7.378248039179223e+17,,15,,13.03905963897705,90249,0.11114151775836945,0.08247837424278259,
0.09703698009252548,26.594247817993164,0.19602179527282715,2.294828176498413,0.0854189395904541,10.305349349975586,632.387451171875,7.382336160850248e+17,,15,,134.63504028320312,90299,0.12801648676395416,0.07297495007514954,
0.09641043096780777,26.075843811035156,0.19005393981933594,2.2219669818878174,0.08553409576416016,10.372321128845215,31.837337493896484,7.386423595326505e+17,,15,,6.77815580368042,90349,0.10014469176530838,0.05805446207523346,
0.10177728533744812,30.75108528137207,0.20523977279663086,2.38393235206604,0.08609294891357422,9.8253755569458,532.9393920898438,7.390511029802762e+17,,15,,113.46258544921875,90399,0.12142498791217804,0.07060600817203522,
0.10647463798522949,34.65293502807617,0.2026844024658203,2.3663151264190674,0.08565402030944824,9.391907691955566,552.77685546875,7.394599151473787e+17,,15,,117.68596649169922,90449,0.12296499311923981,0.08071176707744598,
0.10554781556129456,32.24458312988281,0.20324277877807617,2.365079164505005,0.08593487739562988,9.47437858581543,34.22455596923828,7.398686585950044e+17,,15,,7.286394119262695,90499,0.1104268878698349,0.06476125121116638,
0.09416329115629196,24.32107925415039,0.17448782920837402,2.0544164180755615,0.08493304252624512,10.61984920501709,622.8186645507812,7.402774707621069e+17,,15,,132.59783935546875,90549,0.20751284062862396,0.19038966298103333,
0.09407458454370499,23.609973907470703,0.1888580322265625,2.2151291370391846,0.08525824546813965,10.629862785339355,43.89630889892578,7.406862142097326e+17,,15,,9.34550666809082,90599,0.14229202270507812,0.07179559767246246,
0.10921522229909897,33.68136978149414,0.21918463706970215,2.5643064975738525,0.08547520637512207,9.156232833862305,43.22235870361328,7.410949576573583e+17,,15,,9.202022552490234,90649,0.10594028234481812,0.06039126217365265,
0.09883168339729309,26.381690979003906,0.17765307426452637,2.0744988918304443,0.08563661575317383,10.118212699890137,495.9571228027344,7.415037698244608e+17,,15,,105.58907318115234,90699,0.10405867546796799,0.061734944581985474,
0.10194828361272812,28.88587188720703,0.17870020866394043,2.0881567001342773,0.08557796478271484,9.808895111083984,20.786897659301758,7.419125132720865e+17,,15,,4.4255218505859375,90749,0.2176157832145691,0.11815148591995239,
0.10733810812234879,32.152008056640625,0.18947315216064453,2.2176618576049805,0.08543825149536133,9.31635570526123,531.6317749023438,7.423212567197123e+17,,15,,113.18418884277344,90799,0.10209276527166367,0.06286337971687317,
0.10386275500059128,31.068330764770508,0.18888378143310547,2.2035200595855713,0.08571910858154297,9.628090858459473,532.7623291015625,7.427300688868147e+17,,15,,113.42488861083984,90849,0.11513618379831314,0.07520729303359985,
0.10131541639566422,27.57514190673828,0.19561314582824707,2.2721095085144043,0.08609318733215332,9.870165824890137,69.7538833618164,7.431388123344404e+17,,15,,14.850573539733887,90899,0.15062929689884186,0.10388815402984619,
0.10400636494159698,30.54149055480957,0.2045764923095703,2.3904144763946533,0.08558201789855957,9.614795684814453,548.1611938476562,7.435475557820662e+17,,15,,116.70329284667969,90949,0.11123167723417282,0.0619199275970459,
0.09394741803407669,21.058652877807617,0.17159128189086914,2.0145161151885986,0.08517742156982422,10.64425277709961,53.74276351928711,7.439563679491686e+17,,15,,11.441812515258789,90999,0.1212971955537796,0.055757924914360046,
0.1019216775894165,30.130693435668945,0.19942760467529297,2.3245718479156494,0.08579111099243164,9.811455726623535,564.0557861328125,7.443651113967944e+17,,15,,120.08724975585938,91049,0.10337325185537338,0.05927041172981262,
0.0968463197350502,26.35781478881836,0.18812155723571777,2.1919150352478027,0.08582520484924316,10.325636863708496,539.6397094726562,7.447738548444201e+17,,15,,114.88906860351562,91099,0.12375327944755554,0.0742277204990387,
0.10214357823133469,31.561941146850586,0.19649243354797363,2.2979135513305664,0.08550906181335449,9.790141105651855,28.07061004638672,7.451826670115226e+17,,15,,5.976221561431885,91149,0.11563005298376083,0.07084038853645325,
0.10345921665430069,32.53264617919922,0.20153117179870605,2.354227304458618,0.08560395240783691,9.665644645690918,595.53173828125,7.455914104591483e+17,,15,,126.78846740722656,91199,0.14109377562999725,0.08327196538448334,
0.10696178674697876,33.18718719482422,0.21639609336853027,2.518979072570801,0.0859062671661377,9.349133491516113,52.116756439208984,7.46000153906774e+17,,15,,11.095636367797852,91249,0.09916793555021286,0.06468282639980316,
0.10253158211708069,29.216922760009766,0.1869523525238037,2.181048631668091,0.08571672439575195,9.753091812133789,566.6832275390625,7.464089660738765e+17,,15,,120.64662170410156,91299,0.1005689725279808,0.06835606694221497,
0.09724073857069016,24.75229263305664,0.17987751960754395,2.0975427627563477,0.08575630187988281,10.2837553024292,552.9290771484375,7.468177095215022e+17,,15,,117.71837615966797,91349,0.11797741800546646,0.06592334806919098,
0.10295441001653671,31.586654663085938,0.20830845832824707,2.4320428371429443,0.08565163612365723,9.71303653717041,28.512529373168945,7.47226452969128e+17,,15,,6.070306301116943,91399,0.10082423686981201,0.06452389061450958,
0.0970478430390358,27.94600486755371,0.21321845054626465,2.485687017440796,0.08577847480773926,10.30419635772705,117.5721664428711,7.476352651362304e+17,,15,,25.03106689453125,91449,0.14916656911373138,0.09019103646278381,
0.09550987929105759,24.25943374633789,0.17368626594543457,2.026270866394043,0.08571720123291016,10.470120429992676,242.2424774169922,7.480440085838561e+17,,15,,51.573326110839844,91499,0.11648806184530258,0.08709907531738281,
0.09743757545948029,27.174102783203125,0.19223570823669434,2.2489728927612305,0.08547711372375488,10.262981414794922,50.723594665527344,7.484527520314819e+17,,15,,10.799033164978027,91549,0.10099086910486221,0.06448774039745331,
0.10116997361183167,29.634170532226562,0.18824195861816406,2.1909260749816895,0.08591890335083008,9.884355545043945,527.6029052734375,7.488615641985843e+17,,15,,112.32645416259766,91599,0.13510146737098694,0.07174178957939148,
0.10300461947917938,30.452421188354492,0.19907736778259277,2.3349533081054688,0.08525967597961426,9.70830249786377,33.3837890625,7.4927030764621e+17,,15,,7.107395648956299,91649,0.14329014718532562,0.06877055764198303,
0.11108698695898056,31.99993133544922,0.197509765625,2.3037023544311523,0.08573579788208008,9.001954078674316,520.342041015625,7.496790510938358e+17,,15,,110.78060913085938,91699,0.1569695770740509,0.07241389155387878,
0.10248297452926636,32.82889175415039,0.19412660598754883,2.262493133544922,0.08580207824707031,9.757718086242676,543.7315063476562,7.500878632609382e+17,,15,,115.76021575927734,91749,0.1213686540722847,0.076884925365448,
,,,,,,,7.50496606708564e+17,,16,,,91799,0.12507562339305878,0.07791635394096375,
0.09859821200370789,31.6829833984375,0.19693374633789062,4.327122211456299,0.045511484146118164,10.142171859741211,584.6588134765625,7.509054188756664e+17,,16,,124.47362518310547,91849,0.11887463182210922,0.0592351108789444,
0.09129304438829422,20.43230628967285,0.20380592346191406,2.381901741027832,0.08556437492370605,10.953737258911133,629.425537109375,7.513141623232922e+17,,16,,134.0044403076172,91899,0.1302565336227417,0.09341059625148773,
0.08703038096427917,1.3452638387680054,0.09070301055908203,1.061564326286316,0.08544278144836426,11.490241050720215,25.038114547729492,7.517229057709179e+17,,16,,5.330604553222656,91949,0.1104302927851677,0.06472288072109222,
0.09359652549028397,21.395082473754883,0.18942761421203613,2.2093544006347656,0.0857388973236084,10.684157371520996,616.7854614257812,7.521317179380204e+17,,16,,131.31336975097656,91999,0.11555664241313934,0.07306447625160217,
,,,,,,,,7.521317179380204e+17,16,,,91999,,,0.4621577858924866
0.08585953712463379,1.3955413103103638,0.09081315994262695,1.0788692235946655,0.08417439460754395,11.646929740905762,635.1824340820312,7.525404613856461e+17,,16,,135.23007202148438,92049,0.14018063247203827,0.06840313971042633,
0.08625653386116028,0.8885913491249084,0.0887300968170166,1.0419920682907104,0.08515429496765137,11.593324661254883,621.0137939453125,7.529492048332718e+17,,16,,132.21359252929688,92099,0.12158037722110748,0.08030734956264496,
0.08621960878372192,1.2355308532714844,0.0911102294921875,1.0727933645248413,0.08492803573608398,11.598289489746094,629.8621215820312,7.533580170003743e+17,,16,,134.09738159179688,92149,0.11514384299516678,0.06875555217266083,
0.10783766955137253,28.794784545898438,0.17708325386047363,2.0600736141204834,0.08595967292785645,9.273197174072266,88.85333251953125,7.53766760448e+17,,16,,18.916839599609375,92199,0.11738947033882141,0.06479361653327942,
0.09760585427284241,28.96222686767578,0.19794678688049316,2.300145387649536,0.08605837821960449,10.24528694152832,401.7570495605469,7.541755038956257e+17,,16,,85.5339126586914,92249,0.15933047235012054,0.09494234621524811,
0.10096936672925949,30.31436538696289,0.18392205238342285,2.158919095993042,0.08519172668457031,9.903993606567383,28.827220916748047,7.545843160627282e+17,,16,,6.137303829193115,92299,0.14961399137973785,0.08027088642120361,
0.09642653912305832,22.637584686279297,0.16894125938415527,1.9635359048843384,0.08603930473327637,10.370589256286621,573.2412109375,7.549930595103539e+17,,16,,122.0428237915039,92349,0.19342367351055145,0.07959118485450745,
0.09382354468107224,24.787691116333008,0.18538141250610352,2.1901655197143555,0.08464264869689941,10.658305168151855,508.3299255371094,7.554018029579796e+17,,16,,108.22323608398438,92399,0.09820730984210968,0.05643562972545624,
0.09909430146217346,29.633207321166992,0.18124032020568848,2.1396982669830322,0.08470368385314941,10.091397285461426,166.61175537109375,7.558106151250821e+17,,16,,35.47157669067383,92449,0.12111730873584747,0.07890567183494568,
0.0944313332438469,24.510040283203125,0.17938733100891113,2.105318307876587,0.08520674705505371,10.589705467224121,627.946533203125,7.562193585727078e+17,,16,,133.68955993652344,92499,0.1251520812511444,0.09931758046150208,
0.10337530821561813,29.46519660949707,0.18020844459533691,2.1070430278778076,0.08552670478820801,9.673489570617676,32.0176887512207,7.566281020203336e+17,,16,,6.816553115844727,92549,0.13994461297988892,0.08084574341773987,
0.1018441841006279,28.718914031982422,0.18773603439331055,2.2032630443573,0.08520817756652832,9.818921089172363,90.99713897705078,7.57036914187436e+17,,16,,19.373254776000977,92599,0.11828432232141495,0.06840099394321442,
0.10335944592952728,30.6717472076416,0.2039792537689209,2.3756661415100098,0.0858619213104248,9.67497444152832,593.13720703125,7.574456576350618e+17,,16,,126.27867126464844,92649,0.10956501960754395,0.0638490617275238,
0.097185418009758,29.69120979309082,0.19924330711364746,2.326354503631592,0.08564615249633789,10.289609909057617,27.407073974609375,7.578544010826875e+17,,16,,5.834955215454102,92699,0.12336105108261108,0.09662683308124542,
0.09243903309106827,19.84318733215332,0.17309069633483887,2.0303916931152344,0.0852499008178711,10.817940711975098,596.2771606445312,7.5826321324979e+17,,16,,126.9471664428711,92749,0.12715142965316772,0.08626426756381989,
0.10100376605987549,30.290040969848633,0.20027709007263184,2.3401706218719482,0.08558225631713867,9.900620460510254,34.52224349975586,7.586719566974157e+17,,16,,7.349771976470947,92799,0.1269543170928955,0.06479771435260773,
0.09298187494277954,19.994413375854492,0.16448020935058594,1.9168071746826172,0.08580946922302246,10.754783630371094,79.42496490478516,7.590807001450414e+17,,16,,16.909542083740234,92849,0.12838508188724518,0.08346866071224213,
0.09671193361282349,25.5136775970459,0.19774818420410156,2.3129215240478516,0.08549714088439941,10.339984893798828,323.7500915527344,7.594895123121439e+17,,16,,68.92626953125,92899,0.11673281341791153,0.06613995134830475,
0.09860671311616898,25.09522819519043,0.17854619026184082,2.0870490074157715,0.08554959297180176,10.141297340393066,31.576738357543945,7.598982557597696e+17,,16,,6.722674369812012,92949,0.1300138235092163,0.0649334043264389,
0.09903763234615326,29.77416229248047,0.18301606178283691,2.148007869720459,0.08520269393920898,10.097171783447266,99.02908325195312,7.603069992073953e+17,,16,,21.083251953125,92999,0.12112561613321304,0.07312534749507904,
0.09767354279756546,25.956628799438477,0.18289852142333984,2.13679838180542,0.08559465408325195,10.238187789916992,594.5402221679688,7.607158113744978e+17,,16,,126.57737731933594,93049,0.13141058385372162,0.08319450914859772,
0.11114351451396942,34.18354034423828,0.201460599899292,2.3608198165893555,0.08533501625061035,8.99737548828125,479.07305908203125,7.611245548221235e+17,,16,,101.99446105957031,93099,0.1384456753730774,0.08965405821800232,
0.09973754733800888,29.4111328125,0.19853615760803223,2.3211476802825928,0.08553361892700195,10.026314735412598,573.9663696289062,7.615332982697492e+17,,16,,122.19720458984375,93149,0.11433843523263931,0.0695691853761673,
0.1060200184583664,32.791648864746094,0.1940007209777832,2.2592618465423584,0.08586907386779785,9.432180404663086,39.110816955566406,7.619421104368517e+17,,16,,8.326676368713379,93199,0.1504693627357483,0.16358160972595215,
0.1006787121295929,28.605531692504883,0.19391489028930664,2.2738120555877686,0.0852818489074707,9.932585716247559,235.44448852539062,7.623508538844774e+17,,16,,50.126033782958984,93249,0.10841424763202667,0.07280971109867096,
0.10119765996932983,28.015796661376953,0.184830904006958,2.1584725379943848,0.08563041687011719,9.881651878356934,542.7879638671875,7.627596660515799e+17,,16,,115.55933380126953,93299,0.10277383774518967,0.06235881149768829,
0.1012633666396141,31.149030685424805,0.2089705467224121,2.4479498863220215,0.08536553382873535,9.875239372253418,32.23029327392578,7.631684094992056e+17,,16,,6.861816883087158,93349,0.13416217267513275,0.08694565296173096,
0.09998413175344467,28.842805862426758,0.18335747718811035,2.1524126529693604,0.08518695831298828,10.0015869140625,103.38833618164062,7.635771529468314e+17,,16,,22.011335372924805,93399,0.12304671108722687,0.06953701376914978,
0.1066080704331398,30.664196014404297,0.19165301322937012,2.2429192066192627,0.08544802665710449,9.380152702331543,48.90712356567383,7.639859651139338e+17,,16,,10.412306785583496,93449,0.11709323525428772,0.06396649777889252,
0.09672565758228302,25.712158203125,0.17039966583251953,1.9978755712509155,0.08529043197631836,10.338518142700195,87.43321228027344,7.643947085615596e+17,,16,,18.6144962310791,93499,0.102297842502594,0.055002763867378235,
0.09491541981697083,26.986555099487305,0.20332622528076172,2.3812451362609863,0.08538651466369629,10.535696029663086,533.4117431640625,7.648034520091853e+17,,16,,113.56314086914062,93549,0.13045674562454224,0.0737072229385376,
0.10616835951805115,35.66962432861328,0.22776532173156738,2.6799516677856445,0.08498859405517578,9.419001579284668,48.65237045288086,7.652122641762877e+17,,16,,10.358070373535156,93599,0.12612086534500122,0.10140058398246765,
0.10594835132360458,33.78214645385742,0.1867680549621582,2.1707775592803955,0.08603739738464355,9.43856143951416,565.8294067382812,7.656210076239135e+17,,16,,120.46484375,93649,0.1520891934633255,0.07023027539253235,
0.09506703913211823,26.629287719726562,0.20569252967834473,2.399357557296753,0.08572816848754883,10.518893241882324,560.695556640625,7.660297510715392e+17,,16,,119.3718490600586,93699,0.12436940521001816,0.06704837083816528,
0.10355246812105179,29.86396026611328,0.1862795352935791,2.1793642044067383,0.08547425270080566,9.656940460205078,63.784305572509766,7.664385632386417e+17,,16,,13.579652786254883,93749,0.16726738214492798,0.20573122799396515,
0.10422895103693008,29.393606185913086,0.19392776489257812,2.262728214263916,0.08570528030395508,9.594263076782227,579.5894165039062,7.668473066862674e+17,,16,,123.39435577392578,93799,0.1669948250055313,0.18521277606487274,
0.10226418823003769,32.86958312988281,0.1995093822479248,2.32822322845459,0.08569169044494629,9.778594970703125,31.478113174438477,7.672560501338931e+17,,16,,6.701677322387695,93849,0.12498370558023453,0.07244886457920074,
0.10195779800415039,30.237524032592773,0.18569064140319824,2.1682591438293457,0.08564043045043945,9.807979583740234,64.46864318847656,7.676648623009956e+17,,16,,13.725347518920898,93899,0.1091405376791954,0.061524197459220886,
0.10037990659475327,27.981840133666992,0.18675708770751953,2.1796679496765137,0.08568143844604492,9.962153434753418,567.4459228515625,7.680736057486213e+17,,16,,120.80900573730469,93949,0.12402395904064178,0.12662574648857117,
0.10251720249652863,28.46920394897461,0.1829679012298584,2.1430411338806152,0.08537769317626953,9.754460334777832,479.9472351074219,7.68482349196247e+17,,16,,102.18057250976562,93999,0.10368777066469193,0.06630712747573853,
0.10107970237731934,29.926368713378906,0.19805669784545898,2.3222029209136963,0.08528828620910645,9.893182754516602,76.12594604492188,7.688911613633495e+17,,16,,16.207181930541992,94049,0.13952668011188507,0.09499256312847137,
0.09237745404243469,22.812320709228516,0.19315385818481445,2.2702066898345947,0.0850820541381836,10.825152397155762,30.67420768737793,7.692999048109752e+17,,16,,6.530526638031006,94099,0.11305943131446838,0.0708717405796051,
0.10718631744384766,34.461700439453125,0.20767951011657715,2.4347097873687744,0.08529949188232422,9.329548835754395,100.29840850830078,7.69708648258601e+17,,16,,21.353490829467773,94149,0.12614093720912933,0.07276177406311035,
0.09522001445293427,24.74176788330078,0.1827237606048584,2.1389153003692627,0.08542823791503906,10.501993179321289,579.6702880859375,7.701174604257034e+17,,16,,123.41156768798828,94199,0.11889287084341049,0.06361794471740723,
0.09081504493951797,19.232004165649414,0.16452980041503906,1.926205039024353,0.08541655540466309,11.011391639709473,41.092350006103516,7.705262038733292e+17,,16,,8.748544692993164,94249,0.12985700368881226,0.08773951232433319,
0.09122074395418167,17.937856674194336,0.18506526947021484,2.1759374141693115,0.08505082130432129,10.962419509887695,62.91574478149414,7.709349473209549e+17,,16,,13.394736289978027,94299,0.12040486931800842,0.06848283112049103,
0.09753105789422989,25.996553421020508,0.18098998069763184,2.1124179363250732,0.0856790542602539,10.253144264221191,46.28153610229492,7.713437594880573e+17,,16,,9.853320121765137,94349,0.11810936778783798,0.07853254675865173,
0.10090301930904388,29.269018173217773,0.18674659729003906,2.1926941871643066,0.08516764640808105,9.910506248474121,85.73468780517578,7.717525029356831e+17,,16,,18.252880096435547,94399,0.10861103981733322,0.06573052704334259,
0.09443283826112747,25.53282356262207,0.18611669540405273,2.17413592338562,0.08560490608215332,10.589536666870117,620.2562866210938,7.721612463833088e+17,,16,,132.0523223876953,94449,0.1273241937160492,0.07180953025817871,
0.09817627817392349,26.84703826904297,0.17831683158874512,2.0800724029541016,0.08572626113891602,10.185759544372559,46.84791946411133,7.725700585504113e+17,,16,,9.973902702331543,94499,0.11610306054353714,0.05995906889438629,
0.10381826758384705,32.19575119018555,0.19406723976135254,2.2676613330841064,0.08558034896850586,9.632216453552246,39.84683609008789,7.72978801998037e+17,,16,,8.483375549316406,94549,0.11830946058034897,0.06497645378112793,
0.0986466333270073,23.92890739440918,0.16991734504699707,1.9886349439620972,0.08544421195983887,10.137192726135254,554.6343994140625,7.733876141651395e+17,,16,,118.0814437866211,94599,0.14320237934589386,0.0858839750289917,
0.09323832392692566,19.97987174987793,0.16584324836730957,1.938297986984253,0.08556127548217773,10.725203514099121,535.1934814453125,7.737963576127652e+17,,16,,113.9424819946289,94649,0.1432114541530609,0.12428954243659973,
0.09398582577705383,21.31193733215332,0.17174124717712402,2.0165815353393555,0.08516454696655273,10.639902114868164,36.5301399230957,7.742051010603909e+17,,16,,7.777251720428467,94699,0.13596735894680023,0.10277245938777924,
0.0981360375881195,25.807065963745117,0.17772531509399414,2.096453905105591,0.08477425575256348,10.189936637878418,58.34331512451172,7.746139132274934e+17,,16,,12.421268463134766,94749,0.12509003281593323,0.08035969734191895,
0.09463944286108017,24.303556442260742,0.17173528671264648,2.0085325241088867,0.08550286293029785,10.566418647766113,53.5476188659668,7.750226566751191e+17,,16,,11.40026569366455,94799,0.3086509108543396,0.20578132569789886,
0.104759581387043,31.877525329589844,0.18479681015014648,2.1613662242889404,0.08550000190734863,9.545665740966797,568.6460571289062,7.754314001227448e+17,,16,,121.06451416015625,94849,0.1067616194486618,0.06473633646965027,
0.10197602957487106,28.433731079101562,0.19897079467773438,2.3287346363067627,0.08544158935546875,9.806225776672363,528.299072265625,7.758402122898473e+17,,16,,112.47465515136719,94899,0.12396019697189331,0.11830410361289978,
0.10234851390123367,30.646808624267578,0.19917726516723633,2.332765579223633,0.08538246154785156,9.770537376403809,83.87909698486328,7.76248955737473e+17,,16,,17.857824325561523,94949,0.1076570674777031,0.07150931656360626,
0.1097274050116539,34.565059661865234,0.21668171882629395,2.5310213565826416,0.08561038970947266,9.113493919372559,22.38562774658203,7.766576991850988e+17,,16,,4.765891075134277,94999,0.14688493311405182,0.07627204060554504,
0.10214056074619293,29.422937393188477,0.188582181930542,2.210787057876587,0.08530092239379883,9.790430068969727,195.96783447265625,7.770665113522012e+17,,16,,41.72146987915039,95049,0.10164352506399155,0.06813165545463562,
0.10389384627342224,30.847551345825195,0.19117403030395508,2.227963924407959,0.08580660820007324,9.625208854675293,501.9622497558594,7.77475254799827e+17,,16,,106.86756134033203,95099,0.13656021654605865,0.075992152094841,
0.10005654394626617,29.31900978088379,0.19184184074401855,2.252028465270996,0.08518624305725098,9.994348526000977,30.32096290588379,7.778839982474527e+17,,16,,6.455320835113525,95149,0.13157229125499725,0.09853844344615936,
0.10381872951984406,29.616056442260742,0.18266773223876953,2.1266028881073,0.08589649200439453,9.632173538208008,46.78073501586914,7.782928104145551e+17,,16,,9.959599494934082,95199,0.5116865038871765,0.16083264350891113,
0.10443266481161118,32.1865119934082,0.1971738338470459,2.304564952850342,0.08555793762207031,9.57554817199707,59.60382080078125,7.787015538621809e+17,,16,,12.689629554748535,95249,0.13784901797771454,0.0856190025806427,
0.09680511057376862,25.357099533081055,0.1809101104736328,2.124789237976074,0.08514261245727539,10.330033302307129,56.205787658691406,7.791102973098066e+17,,16,,11.96618938446045,95299,0.14643007516860962,0.0808819830417633,
0.10062001645565033,31.667930603027344,0.19304108619689941,2.2550864219665527,0.0856025218963623,9.938380241394043,565.6682739257812,7.79519109476909e+17,,16,,120.43054962158203,95349,0.10942355543375015,0.06907325983047485,
0.09651324152946472,27.35431671142578,0.1926407814025879,2.261394500732422,0.08518671989440918,10.361272811889648,48.955326080322266,7.799278529245348e+17,,16,,10.422569274902344,95399,0.11949947476387024,0.06682267785072327,
0.1045285314321518,31.80243492126465,0.18622994422912598,2.168651819229126,0.08587360382080078,9.566765785217285,47.55723190307617,7.803365963721605e+17,,16,,10.12491512298584,95449,0.09477416425943375,0.060295283794403076,
0.1093837171792984,32.43512725830078,0.19391751289367676,2.2623443603515625,0.08571529388427734,9.142128944396973,36.80116271972656,7.80745408539263e+17,,16,,7.834952354431152,95499,0.1354718655347824,0.0888097882270813,
0.10375218093395233,33.92761993408203,0.191298246383667,2.2386112213134766,0.08545398712158203,9.638351440429688,617.0738525390625,7.811541519868887e+17,,16,,131.37477111816406,95549,0.12067576497793198,0.08389173448085785,
0.09985046088695526,31.32520866394043,0.20841526985168457,2.4354050159454346,0.08557724952697754,10.014976501464844,561.8163452148438,7.815628954345144e+17,,16,,119.6104736328125,95599,0.1172330304980278,0.062322914600372314,
0.1063503623008728,29.726531982421875,0.1793684959411621,2.0931143760681152,0.08569455146789551,9.402883529663086,48.34914016723633,7.819717076016169e+17,,16,,10.293512344360352,95649,0.10406450927257538,0.06526415050029755,
0.10771127045154572,33.28678894042969,0.19688034057617188,2.3084166049957275,0.08528804779052734,9.284079551696777,45.31306457519531,7.823804510492426e+17,,16,,9.647132873535156,95699,0.15533390641212463,0.07478854060173035,
0.10094483196735382,29.380891799926758,0.20209550857543945,2.36613130569458,0.08541178703308105,9.906401634216309,312.0396728515625,7.827891944968684e+17,,16,,66.43312072753906,95749,0.14486895501613617,0.08063377439975739,
0.10605737566947937,32.255313873291016,0.1902449131011963,2.2231833934783936,0.08557319641113281,9.428858757019043,128.70755004882812,7.831980066639708e+17,,16,,27.401784896850586,95799,0.16358397901058197,0.08007977902889252,
0.09235034883022308,21.85169219970703,0.18545269966125488,2.184258460998535,0.08490419387817383,10.828329086303711,280.85333251953125,7.836067501115965e+17,,16,,59.79356002807617,95849,0.13498333096504211,0.08377623558044434,
0.11186789721250534,35.073158264160156,0.19295001029968262,2.271031141281128,0.0849614143371582,8.939114570617676,47.96915054321289,7.84015562278699e+17,,16,,10.21261215209961,95899,0.10483141988515854,0.06154114007949829,
0.10566941648721695,35.435054779052734,0.2046794891357422,2.38899564743042,0.08567595481872559,9.463476181030273,81.31050872802734,7.844243057263247e+17,,16,,17.31097412109375,95949,0.1394413411617279,0.06999632716178894,
0.11079583317041397,32.60101318359375,0.20703506469726562,2.4110350608825684,0.08586978912353516,9.025609970092773,419.8779602050781,7.848330491739505e+17,,16,,89.391845703125,95999,0.11280082166194916,0.06331747770309448,
,,,,,,,,7.848330491739505e+17,16,,,95999,,,0.3857373595237732
0.08991942554712296,19.23775863647461,0.16794061660766602,1.9945350885391235,0.08420038223266602,11.12106704711914,622.4744873046875,7.852418613410529e+17,,16,,132.52456665039062,96049,0.10695018619298935,0.057805657386779785,
0.08677706867456436,1.1487334966659546,0.09119558334350586,1.065610647201538,0.08558058738708496,11.523781776428223,627.4339599609375,7.856506047886787e+17,,16,,133.5804443359375,96099,0.13121871650218964,0.094978928565979,
0.08645264059305191,2.4654858112335205,0.09680390357971191,1.1310802698135376,0.08558535575866699,11.567026138305664,615.48974609375,7.860593482363044e+17,,16,,131.0375213623047,96149,0.1270015388727188,0.10287028551101685,
0.10256259888410568,30.93816375732422,0.19129085540771484,2.2445929050445557,0.08522295951843262,9.750143051147461,204.67477416992188,7.864681604034068e+17,,16,,43.57517623901367,96199,0.117648184299469,0.06777112185955048,
0.09546994417905807,26.789648056030273,0.1791377067565918,2.1008193492889404,0.08527040481567383,10.47450065612793,640.9161987304688,7.868769038510326e+17,,16,,136.4508056640625,96249,0.10536133497953415,0.06083858013153076,
0.09941843897104263,27.811548233032227,0.17850017547607422,2.0868542194366455,0.08553552627563477,10.058496475219727,22.329511642456055,7.872856472986583e+17,,16,,4.753943920135498,96299,0.10605291277170181,0.06259623169898987,
0.09277693927288055,22.537290573120117,0.19487619400024414,2.2763590812683105,0.08560872077941895,10.77854061126709,579.8856811523438,7.876944594657608e+17,,16,,123.4574203491211,96349,0.18642738461494446,0.09304799139499664,
0.0918908566236496,22.64676856994629,0.18387055397033691,2.1510605812072754,0.0854790210723877,10.882475852966309,632.5989379882812,7.881032029133865e+17,,16,,134.6800537109375,96399,0.1285834163427353,0.06585693359375,
0.09229335933923721,20.829267501831055,0.1648566722869873,1.926998257637024,0.08555102348327637,10.835015296936035,33.8890380859375,7.885119463610122e+17,,16,,7.214962482452393,96449,0.15118299424648285,0.06950144469738007,
0.09010312706232071,16.15782928466797,0.17371916770935059,2.03157639503479,0.0855095386505127,11.098394393920898,596.9295654296875,7.889207585281147e+17,,16,,127.0860595703125,96499,0.11626633256673813,0.06781917810440063,
0.09425905346870422,23.112350463867188,0.1734178066253662,2.029597043991089,0.08544445037841797,10.609060287475586,36.44722366333008,7.893295019757404e+17,,16,,7.759599208831787,96549,0.11147607117891312,0.07124343514442444,
0.0916319191455841,20.34947967529297,0.18500304222106934,2.1660311222076416,0.08541107177734375,10.913227081298828,328.7579040527344,7.897382454233661e+17,,16,,69.99242401123047,96599,0.10177318006753922,0.07258720695972443,
0.09050581604242325,20.832637786865234,0.187117338180542,2.182955265045166,0.08571743965148926,11.0490140914917,627.5618896484375,7.901470575904686e+17,,16,,133.607666015625,96649,0.09999684244394302,0.060635149478912354,
0.09815236926078796,28.272382736206055,0.19753170013427734,2.309532880783081,0.08552885055541992,10.188241004943848,24.25653648376465,7.905558010380943e+17,,16,,5.1642069816589355,96699,0.1127360463142395,0.07024134695529938,
0.0913151204586029,20.01090431213379,0.18173003196716309,2.1273601055145264,0.08542513847351074,10.951088905334473,146.45094299316406,7.9096454448572e+17,,16,,31.179346084594727,96749,0.1200520247220993,0.07420247793197632,
0.09423600882291794,21.378005981445312,0.17504334449768066,2.0506815910339355,0.0853586196899414,10.611655235290527,31.285079956054688,7.913733566528225e+17,,16,,6.660581111907959,96799,0.1372462809085846,0.06532253324985504,
0.10024004429578781,28.49846839904785,0.18201041221618652,2.127080202102661,0.08556818962097168,9.976053237915039,113.55471801757812,7.917821001004483e+17,,16,,24.175752639770508,96849,0.1142626628279686,0.07666318118572235,
0.09371481835842133,23.938331604003906,0.1819477081298828,2.122361898422241,0.08572888374328613,10.670671463012695,628.2841186523438,7.92190843548074e+17,,16,,133.7614288330078,96899,0.10929176211357117,0.07145121693611145,
0.09967581182718277,27.136022567749023,0.17754602432250977,2.079228639602661,0.08539032936096191,10.032524108886719,32.308349609375,7.925996557151764e+17,,16,,6.878434658050537,96949,0.11970546096563339,0.07906541228294373,
0.09244943410158157,20.83139991760254,0.17492389678955078,2.0459506511688232,0.08549761772155762,10.816723823547363,588.4103393554688,7.930083991628022e+17,,16,,125.27233123779297,96999,0.10797155648469925,0.0618562251329422,
0.10134929418563843,28.262378692626953,0.18007683753967285,2.106990337371826,0.08546638488769531,9.866867065429688,189.351318359375,7.934171426104279e+17,,16,,40.31282043457031,97049,0.10322599112987518,0.05991819500923157,
0.09970118850469589,30.286212921142578,0.19430994987487793,2.2742671966552734,0.08543848991394043,10.029970169067383,37.20931625366211,7.938259547775304e+17,,16,,7.921848297119141,97099,0.11821609735488892,0.0721517950296402,
0.10490813851356506,30.7559757232666,0.19300293922424316,2.247960329055786,0.08585691452026367,9.532148361206055,522.5283203125,7.942346982251561e+17,,16,,111.2460708618164,97149,0.11824754625558853,0.06926152110099792,
0.09722865372896194,27.132596969604492,0.1789414882659912,2.0935893058776855,0.08547115325927734,10.285033226013184,119.39666748046875,7.946435103922586e+17,,16,,25.41950225830078,97199,0.11536290496587753,0.060482725501060486,
0.09131399542093277,21.704792022705078,0.18725013732910156,2.193669080734253,0.08535933494567871,10.951223373413086,549.5037841796875,7.950522538398843e+17,,16,,116.9891357421875,97249,0.1637233942747116,0.1095476746559143,
0.09863820672035217,32.72035217285156,0.24198579788208008,2.8380067348480225,0.08526611328125,10.13805866241455,208.0572052001953,7.9546099728751e+17,,16,,44.29529571533203,97299,0.13113254308700562,0.0809539258480072,
0.10275872051715851,31.850143432617188,0.20641350746154785,2.409503221511841,0.08566641807556152,9.731534004211426,68.69181823730469,7.958698094546125e+17,,16,,14.624460220336914,97349,0.12179552018642426,0.06744059920310974,
0.10984661430120468,33.26676940917969,0.2001025676727295,2.3423404693603516,0.08542847633361816,9.10360336303711,534.7543334960938,7.962785529022382e+17,,16,,113.84898376464844,97399,0.12886075675487518,0.07979387044906616,
0.12085340917110443,33.091766357421875,0.20328474044799805,2.3823890686035156,0.0853281021118164,8.274487495422363,100.17920684814453,7.96687296349864e+17,,16,,21.328113555908203,97449,0.34859660267829895,0.22423744201660156,
0.1019095852971077,30.285917282104492,0.20261478424072266,2.3957579135894775,0.08457231521606445,9.812620162963867,82.81132507324219,7.970961085169664e+17,,16,,17.6304988861084,97499,0.11810769140720367,0.06928324699401855,
,,,,,,639.8945922851562,7.975048519645921e+17,,17,,136.23329162597656,97549,0.10893083363771439,0.06008997559547424,
0.09743581712245941,29.540369033813477,0.19680070877075195,4.353688716888428,0.045203208923339844,10.263166427612305,635.3055419921875,7.979135954122179e+17,,17,,135.25628662109375,97599,0.13584308326244354,0.06970584392547607,
0.08914424479007721,15.611761093139648,0.16212701797485352,1.907258152961731,0.08500528335571289,11.217774391174316,448.4632873535156,7.983224075793203e+17,,17,,95.47765350341797,97649,0.1178407222032547,0.06585204601287842,
0.0893404558300972,15.156147956848145,0.16239237785339355,1.9044400453567505,0.08527040481567383,11.193138122558594,580.446044921875,7.98731151026946e+17,,17,,123.57672882080078,97699,0.10943492501974106,0.0634760856628418,
0.09373629838228226,23.610010147094727,0.1811809539794922,2.120677947998047,0.08543539047241211,10.66822624206543,29.34811782836914,7.991398944745718e+17,,17,,6.248202323913574,97749,0.10894036293029785,0.06025184690952301,
0.09398998320102692,23.98912239074707,0.18333745002746582,2.1423680782318115,0.08557701110839844,10.639431953430176,604.5394287109375,7.995487066416742e+17,,17,,128.70619201660156,97799,0.11779367178678513,0.06832316517829895,
0.0905800387263298,14.899951934814453,0.16574358940124512,1.9331040382385254,0.0857396125793457,11.039959907531738,534.561279296875,7.999574500893e+17,,17,,113.8078842163086,97849,0.13401979207992554,0.08308090269565582,
0.09425473213195801,25.1594295501709,0.18096351623535156,2.1318519115448,0.0848855972290039,10.609546661376953,512.791748046875,8.003661935369257e+17,,17,,109.17315673828125,97899,0.09968733042478561,0.06600463390350342,
0.09609902650117874,25.858491897583008,0.17063283920288086,2.0099191665649414,0.08489537239074707,10.405932426452637,642.85693359375,8.007750057040282e+17,,17,,136.86398315429688,97949,0.11368982493877411,0.06690682470798492,
0.09812901169061661,29.261150360107422,0.18790435791015625,2.204467535018921,0.08523797988891602,10.190666198730469,29.788516998291016,8.011837491516539e+17,,17,,6.341963291168213,97999,0.12211009114980698,0.07702814042568207,
0.0919029638171196,23.8626651763916,0.1930980682373047,2.273724317550659,0.08492588996887207,10.88104248046875,583.3211059570312,8.015924925992796e+17,,17,,124.18882751464844,98049,0.12316091358661652,0.07223588228225708,
0.10401441156864166,29.609786987304688,0.19420075416564941,2.2775204181671143,0.08526849746704102,9.614052772521973,579.1142578125,8.020013047663821e+17,,17,,123.29319763183594,98099,0.10805115103721619,0.05631333589553833,
0.09219345450401306,18.017362594604492,0.1530289649963379,1.7903066873550415,0.08547639846801758,10.846756935119629,22.790884017944336,8.024100482140078e+17,,17,,4.852169990539551,98149,0.13771486282348633,0.07922056317329407,
0.08871183544397354,16.92705535888672,0.19266247749328613,2.2605674266815186,0.08522748947143555,11.272452354431152,633.6309204101562,8.028187916616335e+17,,17,,134.89976501464844,98199,0.09960397332906723,0.05627356469631195,
0.10321056097745895,31.252901077270508,0.20220088958740234,2.361741781234741,0.08561515808105469,9.688931465148926,29.118715286254883,8.03227603828736e+17,,17,,6.199362754821777,98249,0.13021208345890045,0.07182884216308594,
0.10341153293848038,31.233638763427734,0.20752215385437012,2.435853958129883,0.08519482612609863,9.670101165771484,536.7224731445312,8.036363472763617e+17,,17,,114.26799011230469,98299,0.12043089419603348,0.06831057369709015,
0.10518422722816467,29.472990036010742,0.18566131591796875,2.16115403175354,0.08590841293334961,9.507128715515137,589.5637817382812,8.040450907239875e+17,,17,,125.51788330078125,98349,0.13393718004226685,0.06501825153827667,
0.1128198429942131,33.862159729003906,0.24225640296936035,2.828171491622925,0.08565831184387207,8.863689422607422,42.96036148071289,8.044539028910899e+17,,17,,9.14624309539795,98399,0.1110343486070633,0.05722525715827942,
0.10915661603212357,32.115478515625,0.1942596435546875,2.2693214416503906,0.0856025218963623,9.161149024963379,573.5488891601562,8.048626463387156e+17,,17,,122.10832977294922,98449,0.17438487708568573,0.07115373015403748,
0.09844794124364853,26.731178283691406,0.19038105010986328,2.2222421169281006,0.08567070960998535,10.157652854919434,480.3280334472656,8.052714585058181e+17,,17,,102.26164245605469,98499,0.13543666899204254,0.09260979294776917,
0.10038858652114868,27.540058135986328,0.18820405006408691,2.2036871910095215,0.0854041576385498,9.961291313171387,560.1370849609375,8.056802019534438e+17,,17,,119.25296020507812,98549,0.10610173642635345,0.05234222114086151,
0.10875026136636734,31.346040725708008,0.19391751289367676,2.269610643386841,0.08544087409973145,9.195380210876465,525.74609375,8.060889454010696e+17,,17,,111.93113708496094,98599,0.1362704038619995,0.08316868543624878,
0.10117477923631668,30.306537628173828,0.18589091300964355,2.177149534225464,0.08538269996643066,9.883886337280273,21.13601303100586,8.06497757568172e+17,,17,,4.499848365783691,98649,0.18150971829891205,0.06050775945186615,
0.10075116902589798,30.159910202026367,0.19057512283325195,2.23060941696167,0.08543634414672852,9.925442695617676,547.7455444335938,8.069065010157978e+17,,17,,116.61479949951172,98699,0.10867807269096375,0.05627959966659546,
0.10358288139104843,30.439390182495117,0.183457612991333,2.150458335876465,0.0853109359741211,9.654105186462402,577.1998901367188,8.073152444634235e+17,,17,,122.8856201171875,98749,0.12591281533241272,0.061274558305740356,
0.0954703688621521,20.88733673095703,0.1687915325164795,1.9752384424209595,0.08545374870300293,10.474453926086426,473.7676086425781,8.07724056630526e+17,,17,,100.86493682861328,98799,0.12059948593378067,0.06080290675163269,
0.10275812447071075,29.58867835998535,0.17887163162231445,2.0969953536987305,0.08529901504516602,9.73159122467041,630.0961303710938,8.081328000781517e+17,,17,,134.147216796875,98849,0.21776612102985382,0.12290410697460175,
0.09952480345964432,28.662994384765625,0.1844921112060547,2.156245231628418,0.08556175231933594,10.047746658325195,30.132549285888672,8.085415435257774e+17,,17,,6.415207386016846,98899,0.1129109263420105,0.0704900473356247,
0.10057143867015839,28.1334171295166,0.18448472023010254,2.1573069095611572,0.08551621437072754,9.943180084228516,611.7930297851562,8.089503556928799e+17,,17,,130.25048828125,98949,0.1376364380121231,0.07069836556911469,
0.09395986795425415,22.849720001220703,0.18749189376831055,2.195134162902832,0.08541250228881836,10.642842292785645,185.563720703125,8.093590991405056e+17,,17,,39.506439208984375,98999,0.1489667147397995,0.08820806443691254,
0.09704539179801941,25.205142974853516,0.1692190170288086,1.9775264263153076,0.0855710506439209,10.304455757141113,31.392902374267578,8.097678425881313e+17,,17,,6.683536052703857,99049,0.1543535739183426,0.08353886008262634,
0.09390973299741745,22.58100128173828,0.1742570400238037,2.0400679111480713,0.08541727066040039,10.648523330688477,471.7221374511719,8.101766547552338e+17,,17,,100.42945098876953,99099,0.126552015542984,0.07195207476615906,
0.09930093586444855,26.10669708251953,0.20065999031066895,2.325532913208008,0.08628559112548828,10.070399284362793,39.19148635864258,8.105853982028595e+17,,17,,8.343851089477539,99149,0.1978554129600525,0.12492680549621582,
0.09475841373205185,28.9993953704834,0.24414873123168945,2.885098457336426,0.08462405204772949,10.553153038024902,194.1418914794922,8.109941416504852e+17,,17,,41.33272933959961,99199,0.12773258984088898,0.11528971791267395,
0.09438096731901169,22.582250595092773,0.18243741989135742,2.150278091430664,0.08484363555908203,10.595356941223145,123.19242858886719,8.114029538175877e+17,,17,,26.227619171142578,99249,0.127406507730484,0.0579843670129776,
0.0982585921883583,30.676488876342773,0.21751809120178223,2.5489327907562256,0.08533692359924316,10.177227020263672,26.948131561279297,8.118116972652134e+17,,17,,5.737246513366699,99299,0.13572533428668976,0.08164025843143463,
0.09302299469709396,20.824722290039062,0.16649365425109863,1.9506175518035889,0.08535432815551758,10.750030517578125,131.8931427001953,8.122204407128392e+17,,17,,28.07999610900879,99349,0.15212877094745636,0.07193951308727264,
0.09801126271486282,27.51494598388672,0.18423056602478027,2.1572399139404297,0.08540105819702148,10.202908515930176,491.9744873046875,8.126292528799416e+17,,17,,104.74117279052734,99399,0.14385409653186798,0.08723297715187073,
0.0974956601858139,28.432048797607422,0.18866205215454102,2.209426164627075,0.08538961410522461,10.256866455078125,33.0212516784668,8.130379963275674e+17,,17,,7.030211448669434,99449,0.13349322974681854,0.07271961867809296,
0.09598135203123093,24.91716957092285,0.17757797241210938,2.0715341567993164,0.0857229232788086,10.418689727783203,565.5355224609375,8.134467397751931e+17,,17,,120.40228271484375,99499,0.13342808187007904,0.07486151158809662,
0.11140257120132446,31.824228286743164,0.19171571731567383,2.242051362991333,0.08550906181335449,8.97645378112793,33.53911209106445,8.138555519422956e+17,,17,,7.140463352203369,99549,0.1059691533446312,0.06034098565578461,
0.10610935091972351,31.15436553955078,0.18683242797851562,2.172609567642212,0.08599448204040527,9.424240112304688,584.0511474609375,8.142642953899213e+17,,17,,124.34425354003906,99599,0.13201269507408142,0.07815536856651306,
0.09640058875083923,24.36600685119629,0.17261099815368652,2.0227396488189697,0.08533525466918945,10.373380661010742,616.9575805664062,8.14673038837547e+17,,17,,131.35000610351562,99649,0.11404470354318619,0.06144082546234131,
0.09659206867218018,24.08815574645996,0.17348861694335938,2.029021739959717,0.08550357818603516,10.352816581726074,62.05463790893555,8.150818510046495e+17,,17,,13.211407661437988,99699,0.1111844852566719,0.06646952033042908,
0.10002751648426056,28.610898971557617,0.19424986839294434,2.273646354675293,0.08543539047241211,9.997249603271484,559.5010375976562,8.154905944522752e+17,,17,,119.11754608154297,99749,0.11990170925855637,0.06840009987354279,
0.09879360347986221,27.688156127929688,0.18384861946105957,2.14679217338562,0.08563876152038574,10.122112274169922,37.21966552734375,8.158994066193777e+17,,17,,7.9240522384643555,99799,0.14220109581947327,0.07033920288085938,
0.09468070417642593,26.103851318359375,0.20268535614013672,2.391488552093506,0.08475279808044434,10.561814308166504,61.39570236206055,8.163081500670034e+17,,17,,13.071120262145996,99849,0.10646872222423553,0.06254470348358154,
0.10290952026844025,31.345666885375977,0.19121813774108887,2.2489869594573975,0.08502411842346191,9.717273712158203,278.2977294921875,8.167168935146291e+17,,17,,59.24947738647461,99899,0.17975695431232452,0.10605296492576599,
0.09192068874835968,18.77729606628418,0.15776538848876953,1.8489110469818115,0.08532881736755371,10.87894344329834,20.614530563354492,8.171257056817316e+17,,17,,4.388825416564941,99949,0.13455118238925934,0.06797678768634796,
0.09671932458877563,27.58737564086914,0.18579339981079102,2.1677210330963135,0.0857090950012207,10.339195251464844,590.5578002929688,8.175344491293573e+17,,17,,125.72952270507812,99999,0.12651434540748596,0.0719231516122818,
,,,,,,,,8.175344491293573e+17,17,,,99999,,,0.5403981804847717
0.08900871872901917,13.595015525817871,0.15061378479003906,1.7726669311523438,0.08496451377868652,11.234854698181152,610.353271484375,8.17943192576983e+17,,17,,129.9439697265625,100049,0.10438823699951172,0.06037284433841705,
0.0873989462852478,1.3084710836410522,0.09156441688537598,1.0636414289474487,0.08608579635620117,11.441784858703613,623.09912109375,8.183520047440855e+17,,17,,132.6575469970703,100099,0.1527232676744461,0.07224370539188385,
0.08679793775081635,1.265828251838684,0.09209966659545898,1.0778292417526245,0.08544921875,11.521011352539062,24.236032485961914,8.187607481917112e+17,,17,,5.159841537475586,100149,0.1120646670460701,0.06064210832118988,
0.0926942378282547,21.683176040649414,0.16967988014221191,1.9794762134552002,0.08571958541870117,10.78815746307373,639.3949584960938,8.19169491639337e+17,,17,,136.12692260742188,100199,0.1274520754814148,0.08439989387989044,
0.09101039171218872,17.344900131225586,0.1781320571899414,2.0762712955474854,0.08579421043395996,10.98775577545166,130.9674072265625,8.195783038064394e+17,,17,,27.88290786743164,100249,0.16221703588962555,0.1692889928817749,
0.09248199313879013,21.740846633911133,0.17554450035095215,2.051241636276245,0.08557963371276855,10.812915802001953,603.4259033203125,8.199870472540652e+17,,17,,128.46913146972656,100299,0.12142392992973328,0.06278616189956665,
0.08954610675573349,16.538265228271484,0.18315577507019043,2.1459126472473145,0.08535099029541016,11.167430877685547,635.3927612304688,8.203957907016909e+17,,17,,135.2748565673828,100349,0.11003637313842773,0.05806860327720642,
0.08647237718105316,0.9583112597465515,0.08960866928100586,1.0520620346069336,0.0851743221282959,11.564386367797852,28.146501541137695,8.208046028687933e+17,,17,,5.9923787117004395,100399,0.15263129770755768,0.08591671288013458,
0.09086937457323074,19.59345054626465,0.1652233600616455,1.9362109899520874,0.08533334732055664,11.004807472229004,143.9671173095703,8.212133463164191e+17,,17,,30.650543212890625,100449,0.11195060610771179,0.07134313881397247,
0.09770951420068741,27.65365219116211,0.18601703643798828,2.1907882690429688,0.08490872383117676,10.234417915344238,619.0949096679688,8.216220897640448e+17,,17,,131.8050537109375,100499,0.14463753998279572,0.06038254499435425,
0.08853418380022049,13.16660213470459,0.16953730583190918,1.9919073581695557,0.0851130485534668,11.295072555541992,21.66056251525879,8.220309019311473e+17,,17,,4.61152458190918,100549,0.13330566883087158,0.06921835243701935,
0.0863109901547432,0.9130296111106873,0.08840274810791016,1.0355905294418335,0.08536458015441895,11.586009979248047,635.8966674804688,8.22439645378773e+17,,17,,135.38214111328125,100599,0.14137116074562073,0.09242941439151764,
0.08881498128175735,14.963118553161621,0.16867518424987793,1.9779164791107178,0.08527922630310059,11.25936222076416,24.546022415161133,8.228483888263987e+17,,17,,5.2258381843566895,100649,0.12940849363803864,0.08494682610034943,
0.08609932661056519,0.629189670085907,0.08780694007873535,1.033515214920044,0.08495950698852539,11.614492416381836,91.49949645996094,8.232572009935012e+17,,17,,19.480205535888672,100699,0.1303204745054245,0.07605919241905212,
0.08941105753183365,17.826499938964844,0.16740131378173828,1.9645001888275146,0.08521318435668945,11.184298515319824,589.0189819335938,8.236659444411269e+17,,17,,125.40190887451172,100749,0.1252891570329666,0.07785956561565399,
0.08802361786365509,12.966802597045898,0.16611647605895996,1.9465465545654297,0.08533906936645508,11.360588073730469,17.247581481933594,8.240746878887526e+17,,17,,3.6720032691955566,100799,0.13612057268619537,0.06439605355262756,
0.09358534216880798,24.705965042114258,0.18055248260498047,2.122056722640991,0.0850837230682373,10.685434341430664,529.9768676757812,8.244835000558551e+17,,17,,112.83186340332031,100849,0.1352566033601761,0.10159629583358765,
0.0919092446565628,22.141033172607422,0.17544341087341309,2.056523084640503,0.08531069755554199,10.880298614501953,596.0784301757812,8.248922435034808e+17,,17,,126.90485382080078,100899,0.12847398221492767,0.06172959506511688,
0.0928780809044838,20.276836395263672,0.17212796211242676,2.010423183441162,0.0856177806854248,10.766802787780762,643.2229614257812,8.253009869511066e+17,,17,,136.94189453125,100949,0.14238698780536652,0.08522866666316986,
0.09037483483552933,15.931608200073242,0.16278529167175293,1.906531810760498,0.08538293838500977,11.065027236938477,586.0408935546875,8.25709799118209e+17,,17,,124.76787567138672,100999,0.1556788980960846,0.14199644327163696,
0.0902547612786293,15.36352825164795,0.1700596809387207,1.9850553274154663,0.08566999435424805,11.079748153686523,20.964445114135742,8.261185425658348e+17,,17,,4.463322162628174,101049,0.13399207592010498,0.08080652356147766,
0.08988837897777557,16.906267166137695,0.16710853576660156,1.9569305181503296,0.08539319038391113,11.124908447265625,540.9353637695312,8.265273547329372e+17,,17,,115.16492462158203,101099,0.1306879073381424,0.07535523176193237,
0.09637853503227234,25.584253311157227,0.18758559226989746,2.1939284801483154,0.08550214767456055,10.375754356384277,566.0899658203125,8.26936098180563e+17,,17,,120.52032470703125,101149,0.11990194022655487,0.06877580285072327,
0.09838367253541946,24.07481575012207,0.17247486114501953,2.030510425567627,0.08494162559509277,10.164288520812988,604.6486206054688,8.273448416281887e+17,,17,,128.7294464111328,101199,0.12197544425725937,0.070291668176651,
0.09606338292360306,27.650190353393555,0.22657370567321777,2.6681013107299805,0.08491945266723633,10.409793853759766,69.59205627441406,8.277536537952911e+17,,17,,14.816121101379395,101249,0.12925156950950623,0.06895475089550018,
0.09936566650867462,28.478975296020508,0.20021677017211914,2.3388404846191406,0.08560514450073242,10.063838958740234,26.827363967895508,8.281623972429169e+17,,17,,5.7115349769592285,101299,0.12769272923469543,0.06311368942260742,
0.08986344933509827,15.313751220703125,0.16641616821289062,1.9511704444885254,0.08529043197631836,11.127994537353516,126.54969787597656,8.285711406905426e+17,,17,,26.942378997802734,101349,0.12787222862243652,0.07595217227935791,
0.0987079069018364,28.843231201171875,0.19266319274902344,2.2528114318847656,0.08552122116088867,10.130901336669922,578.0018920898438,8.28979952857645e+17,,17,,123.05636596679688,101399,0.1310720145702362,0.06944473087787628,
0.09311480075120926,21.232837677001953,0.17552614212036133,2.051632881164551,0.08555436134338379,10.739431381225586,48.95370101928711,8.293886963052708e+17,,17,,10.422223091125488,101449,0.1449694037437439,0.07680973410606384,
0.09901674091815948,28.443212509155273,0.1930842399597168,2.2648634910583496,0.08525204658508301,10.099302291870117,82.1009750366211,8.297974397528965e+17,,17,,17.479265213012695,101499,0.1555558294057846,0.07308365404605865,
0.09643232077360153,24.78290367126465,0.18002820014953613,2.108250141143799,0.08539223670959473,10.369966506958008,28.75969123840332,8.30206251919999e+17,,17,,6.122926712036133,101549,0.12267660349607468,0.07152451574802399,
0.09643373638391495,28.226726531982422,0.18996882438659668,2.2342684268951416,0.08502507209777832,10.3698148727417,91.30644989013672,8.306149953676247e+17,,17,,19.439105987548828,101599,0.11473384499549866,0.06454488635063171,
0.09549698233604431,23.537038803100586,0.1642317771911621,1.9290913343429565,0.08513426780700684,10.471535682678223,598.11474609375,8.310237388152504e+17,,17,,127.33838653564453,101649,0.11121467500925064,0.05912783741950989,
0.09867013245820999,28.21015167236328,0.20044422149658203,2.340864896774292,0.08562827110290527,10.13477897644043,25.73626708984375,8.314325509823529e+17,,17,,5.479240894317627,101699,0.12476096302270889,0.06075400114059448,
0.09598351269960403,26.59768295288086,0.18341541290283203,2.1602389812469482,0.08490514755249023,10.418456077575684,270.1889953613281,8.318412944299786e+17,,17,,57.52312469482422,101749,0.11556758731603622,0.06882764399051666,
0.09775061905384064,26.9145450592041,0.18790698051452637,2.203037977218628,0.08529448509216309,10.230113983154297,152.7410430908203,8.322500378776044e+17,,17,,32.51850509643555,101799,0.12019602954387665,0.09521549940109253,
0.09291490912437439,23.028762817382812,0.18520760536193848,2.1678876876831055,0.08543229103088379,10.762535095214844,60.593299865722656,8.326588500447068e+17,,17,,12.900288581848145,101849,0.12142449617385864,0.0792597085237503,
0.10058121383190155,29.801626205444336,0.2032773494720459,2.397158622741699,0.08479928970336914,9.942214012145996,140.26870727539062,8.330675934923325e+17,,17,,29.863149642944336,101899,0.16701821982860565,0.15503448247909546,
0.09702429920434952,26.002710342407227,0.17772722244262695,2.081164836883545,0.08539795875549316,10.306696891784668,59.5086784362793,8.334763369399583e+17,,17,,12.669373512268066,101949,0.12096378207206726,0.08043603599071503,
0.09840761870145798,26.20933723449707,0.19425392150878906,2.2743031978607178,0.08541250228881836,10.16181468963623,95.94444274902344,8.338851491070607e+17,,17,,20.426532745361328,101999,0.11916700750589371,0.06236109137535095,
0.10944564640522003,31.088401794433594,0.19026517868041992,2.234151601791382,0.08516216278076172,9.136955261230469,595.0414428710938,8.342938925546865e+17,,17,,126.68408203125,102049,0.13061612844467163,0.07066863775253296,
0.10172124207019806,30.066850662231445,0.1837451457977295,2.1566855907440186,0.08519792556762695,9.830788612365723,66.09412384033203,8.347026360023122e+17,,17,,14.071412086486816,102099,0.142159104347229,0.0834505707025528,
0.09852568060159683,28.694921493530273,0.19666457176208496,2.3074862957000732,0.08522891998291016,10.149638175964355,91.76818084716797,8.351114481694147e+17,,17,,19.53740882873535,102149,0.11744654923677444,0.06605912744998932,
0.10193784534931183,29.908781051635742,0.1839919090270996,2.160785436630249,0.08515048027038574,9.80989933013916,51.26327133178711,8.355201916170404e+17,,17,,10.91392993927002,102199,0.15117034316062927,0.06425748765468597,
0.1019728034734726,32.02475357055664,0.2416684627532959,2.832036018371582,0.08533382415771484,9.806536674499512,426.0097351074219,8.359289350646661e+17,,17,,90.69729614257812,102249,0.15782131254673004,0.13086268305778503,
0.1117299497127533,32.138668060302734,0.1965465545654297,2.3004708290100098,0.08543753623962402,8.950151443481445,630.88427734375,8.363377472317686e+17,,17,,134.31500244140625,102299,0.14232054352760315,0.07530468702316284,
0.10207950323820114,30.67361068725586,0.2009260654449463,2.3462178707122803,0.08563828468322754,9.796286582946777,41.911537170410156,8.367464906793943e+17,,17,,8.92294979095459,102349,0.13310298323631287,0.1126059740781784,
0.09805372357368469,24.611534118652344,0.16701865196228027,1.9504104852676392,0.0856325626373291,10.198491096496582,62.19985580444336,8.3715523412702e+17,,17,,13.242323875427246,102399,0.28391188383102417,0.06920966506004333,
0.09628346562385559,26.845460891723633,0.1857132911682129,2.1700398921966553,0.08558058738708496,10.38599967956543,317.5918884277344,8.375640462941225e+17,,17,,67.61518096923828,102449,0.1245657280087471,0.06721098721027374,
0.1037278100848198,30.233421325683594,0.18803906440734863,2.202942371368408,0.0853581428527832,9.640616416931152,576.43115234375,8.379727897417482e+17,,17,,122.72196197509766,102499,0.14667744934558868,0.10513454675674438,
0.1036093682050705,30.37352752685547,0.1870129108428955,2.1910552978515625,0.08535289764404297,9.651637077331543,35.73194122314453,8.383816019088507e+17,,17,,7.607316017150879,102549,0.12576749920845032,0.07406476140022278,
0.09740323573350906,25.944028854370117,0.1888444423675537,2.2012672424316406,0.08578896522521973,10.266599655151367,519.5,8.387903453564764e+17,,17,,110.60133361816406,102599,0.13344219326972961,0.06417398154735565,
0.10422704368829727,30.151456832885742,0.18763351440429688,2.2078237533569336,0.08498573303222656,9.594438552856445,101.41752624511719,8.391990888041021e+17,,17,,21.591751098632812,102649,0.15780991315841675,0.12565508484840393,
0.10438261181116104,32.10298156738281,0.1909012794494629,2.2325267791748047,0.08550906181335449,9.580140113830566,421.9433898925781,8.396079009712046e+17,,17,,89.83158111572266,102699,0.14570453763008118,0.12211835384368896,
0.10292880237102509,30.42800521850586,0.17937803268432617,2.107963800430298,0.08509540557861328,9.7154541015625,613.5222778320312,8.400166444188303e+17,,17,,130.61865234375,102749,0.13209928572177887,0.06973095238208771,
0.09878208488225937,28.765220642089844,0.18007421493530273,2.1047754287719727,0.0855550765991211,10.123292922973633,120.2408218383789,8.40425387866456e+17,,17,,25.59922218322754,102799,0.13272206485271454,0.08538354933261871,
0.09612026065587997,25.077659606933594,0.1820230484008789,2.129025459289551,0.0854959487915039,10.403634071350098,31.54250717163086,8.408342000335585e+17,,17,,6.715386867523193,102849,0.11367771029472351,0.09629277884960175,
0.10432621091604233,32.34541702270508,0.18736863136291504,2.1969165802001953,0.08528709411621094,9.585318565368652,532.9635620117188,8.412429434811843e+17,,17,,113.46772003173828,102899,0.33444732427597046,0.20176178216934204,
0.10044695436954498,30.440553665161133,0.18311047554016113,2.1492724418640137,0.08519649505615234,9.955503463745117,481.4698181152344,8.4165168692881e+17,,17,,102.50473022460938,102949,0.1507527381181717,0.0846390575170517,
0.1059461459517479,33.723350524902344,0.22052693367004395,2.583195209503174,0.08536982536315918,9.43875789642334,41.9259147644043,8.420604990959124e+17,,17,,8.926010131835938,102999,0.13449111580848694,0.07072976231575012,
0.09250551462173462,22.89055824279785,0.18839788436889648,2.202237367630005,0.08554840087890625,10.810166358947754,156.2646484375,8.424692425435382e+17,,17,,33.268680572509766,103049,0.11207986623048782,0.06843301653862,
0.10093497484922409,29.815637588500977,0.19756603240966797,2.3109071254730225,0.08549284934997559,9.907368659973145,30.959911346435547,8.428779859911639e+17,,17,,6.591352462768555,103099,0.1633249968290329,0.07209320366382599,
0.1008264571428299,29.13977813720703,0.1884446144104004,2.205678939819336,0.08543610572814941,9.918031692504883,579.3895263671875,8.432867981582664e+17,,17,,123.35179901123047,103149,0.14900703728199005,0.14046306908130646,
0.10044459998607635,27.846790313720703,0.18060898780822754,2.111055374145508,0.08555388450622559,9.955737113952637,44.4617919921875,8.436955416058921e+17,,17,,9.465897560119629,103199,0.12382087111473083,0.06713910400867462,
0.09752284735441208,29.165428161621094,0.1880965232849121,2.228299856185913,0.0844125747680664,10.254007339477539,146.4874267578125,8.441042850535178e+17,,17,,31.187114715576172,103249,0.140530064702034,0.06398488581180573,
,,,,,,635.259521484375,8.445130972206203e+17,,18,,135.24649047851562,103299,0.12068278342485428,0.06889840960502625,
0.08850189298391342,17.622201919555664,0.17543292045593262,3.9105818271636963,0.0448610782623291,11.299193382263184,33.012062072753906,8.44921840668246e+17,,18,,7.028254508972168,103349,0.11219244450330734,0.06756342947483063,
0.08657758682966232,1.663756251335144,0.09373307228088379,1.0985723733901978,0.08532261848449707,11.550333023071289,574.3812255859375,8.453305841158717e+17,,18,,122.28553009033203,103399,0.11327296495437622,0.06811818480491638,
0.09265752136707306,13.822093963623047,0.1795809268951416,2.100273847579956,0.08550357818603516,10.792431831359863,30.790969848632812,8.457393962829742e+17,,18,,6.555384635925293,103449,0.13187870383262634,0.09537416696548462,
0.08879449963569641,11.867908477783203,0.1617422103881836,1.893036127090454,0.08544063568115234,11.261958122253418,637.4847412109375,8.461481397306e+17,,18,,135.72024536132812,103499,0.12413527071475983,0.07476784288883209,
0.09509385377168655,25.84563446044922,0.18820548057556152,2.208815813064575,0.08520650863647461,10.515926361083984,165.54335021972656,8.465568831782257e+17,,18,,35.244110107421875,103549,0.12774764001369476,0.08519096672534943,
0.09306692332029343,20.02252197265625,0.17651915550231934,2.066401243209839,0.08542346954345703,10.744956016540527,32.05557632446289,8.469656953453281e+17,,18,,6.824619293212891,103599,0.17116381227970123,0.0936935693025589,
0.09931021928787231,29.270401000976562,0.19416451454162598,2.2788476943969727,0.08520293235778809,10.069457054138184,582.8076782226562,8.473744387929539e+17,,18,,124.07952117919922,103649,0.12720105051994324,0.07249881327152252,
0.09162136912345886,17.616500854492188,0.16337013244628906,1.9121160507202148,0.08543944358825684,10.914484977722168,617.7965698242188,8.477831822405796e+17,,18,,131.5286407470703,103699,0.10926175862550735,0.07448180019855499,
0.09450528025627136,22.870952606201172,0.1858513355255127,2.1633658409118652,0.08590841293334961,10.581419944763184,584.2366333007812,8.48191994407682e+17,,18,,124.38373565673828,103749,0.12595678865909576,0.0754150003194809,
0.09553680568933487,27.73096466064453,0.20014715194702148,2.344550371170044,0.08536696434020996,10.467170715332031,496.0514221191406,8.486007378553078e+17,,18,,105.60914611816406,103799,0.11345948278903961,0.06886036694049835,
0.09948009252548218,27.249834060668945,0.1794414520263672,2.0960593223571777,0.08560895919799805,10.052262306213379,31.16796112060547,8.490095500224102e+17,,18,,6.635646343231201,103849,0.12042194604873657,0.06724922358989716,
0.0971403643488884,25.899646759033203,0.18140053749084473,2.1190083026885986,0.08560633659362793,10.294382095336914,526.0923461914062,8.49418293470036e+17,,18,,112.00484466552734,103899,0.13164642453193665,0.07666786015033722,
0.10171400755643845,23.670970916748047,0.1704704761505127,2.004690647125244,0.08503580093383789,9.831487655639648,575.3707885742188,8.498270369176617e+17,,18,,122.4962158203125,103949,0.1372097134590149,0.10969683527946472,
0.09731981158256531,27.786333084106445,0.17935609817504883,2.0964927673339844,0.08555054664611816,10.275400161743164,510.9853210449219,8.502358490847642e+17,,18,,108.78856658935547,103999,0.1543380618095398,0.11731655895709991,
,,,,,,,,8.502358490847642e+17,18,,,103999,,,0.6020123958587646
0.09780095517635345,31.744932174682617,0.23949074745178223,2.835007429122925,0.08447623252868652,10.224848747253418,620.3486328125,8.506445925323899e+17,,18,,132.0719757080078,104049,0.11102645099163055,0.06166665256023407,
0.08563227206468582,0.32473087310791016,0.08655905723571777,1.0174139738082886,0.08507752418518066,11.677840232849121,628.2486572265625,8.510533359800156e+17,,18,,133.75389099121094,104099,0.13145262002944946,0.07011675834655762,
0.08623863011598587,0.8781401515007019,0.0891427993774414,1.0466861724853516,0.08516669273376465,11.595730781555176,32.24901580810547,8.514621481471181e+17,,18,,6.86580228805542,104149,0.12160415202379227,0.07609359920024872,
0.10050936043262482,28.43202018737793,0.17558717727661133,2.058248519897461,0.08530902862548828,9.949322700500488,370.5312194824219,8.518708915947438e+17,,18,,78.88594818115234,104199,0.17065203189849854,0.08474935591220856,
0.10207468271255493,29.805057525634766,0.18107247352600098,2.110614538192749,0.08579134941101074,9.796749114990234,479.3115539550781,8.522796350423695e+17,,18,,102.04523468017578,104249,0.12542308866977692,0.055747345089912415,
0.10996226966381073,35.32328796386719,0.19915366172790527,2.3291072845458984,0.08550643920898438,9.09402847290039,24.787914276123047,8.52688447209472e+17,,18,,5.277337074279785,104299,0.13776354491710663,0.0718495100736618,
0.09857688099145889,28.223241806030273,0.17392468452453613,2.0373029708862305,0.08537006378173828,10.144366264343262,115.66474151611328,8.530971906570977e+17,,18,,24.624975204467773,104349,0.15841993689537048,0.06720143556594849,
0.09498608112335205,24.333646774291992,0.17422103881835938,2.0445029735565186,0.08521437644958496,10.52785873413086,34.57464599609375,8.535059341047235e+17,,18,,7.360928058624268,104399,0.14093568921089172,0.061710089445114136,
0.10602134466171265,32.72262191772461,0.18933749198913574,2.222661018371582,0.08518505096435547,9.432063102722168,473.43572998046875,8.539147462718259e+17,,18,,100.79427337646484,104449,0.1307235062122345,0.07319599390029907,
0.09668688476085663,25.9361572265625,0.1738452911376953,2.0521047115325928,0.08471560478210449,10.342663764953613,94.70780944824219,8.543234897194516e+17,,18,,20.163253784179688,104499,0.12896443903446198,0.0699017196893692,
0.09610535204410553,24.81601333618164,0.1732313632965088,2.0458712577819824,0.08467364311218262,10.405247688293457,40.122066497802734,8.547322331670774e+17,,18,,8.541971206665039,104549,0.1600741147994995,0.1005694717168808,
0.2698605954647064,420.3890075683594,8.20812702178955,95.94181823730469,0.08555316925048828,3.7056169509887695,148.48953247070312,8.551410453341798e+17,,18,,31.613361358642578,104599,0.17240890860557556,0.08981864154338837,
0.10943052172660828,33.19657897949219,0.1879425048828125,2.2057108879089355,0.08520722389221191,9.138218879699707,156.0693817138672,8.555497887818056e+17,,18,,33.227108001708984,104649,0.12056948244571686,0.06452895700931549,
0.10032568126916885,29.306833267211914,0.1972033977508545,2.3145272731781006,0.08520245552062988,9.967537879943848,77.43070983886719,8.559585322294313e+17,,18,,16.484968185424805,104699,0.127811998128891,0.06639893352985382,
0.09861046075820923,27.94046401977539,0.2002406120300293,2.3548593521118164,0.08503293991088867,10.140912055969238,105.1199722290039,8.563673443965338e+17,,18,,22.3799991607666,104749,0.13685844838619232,0.09394609928131104,
0.10880112648010254,30.711719512939453,0.1801009178161621,2.112067937850952,0.08527231216430664,9.191081047058105,31.80450439453125,8.567760878441595e+17,,18,,6.77116584777832,104799,0.11969396471977234,0.06545120477676392,
0.09303296357393265,22.498455047607422,0.1805706024169922,2.12473464012146,0.08498501777648926,10.748878479003906,593.9293212890625,8.571848312917852e+17,,18,,126.44731903076172,104849,0.13556641340255737,0.06883418560028076,
0.098936066031456,31.412870407104492,0.20934486389160156,2.4558053016662598,0.08524489402770996,10.107537269592285,247.10362243652344,8.575936434588877e+17,,18,,52.60826110839844,104899,0.18369446694850922,0.09216092526912689,
0.10249901562929153,28.81298828125,0.1945633888244629,2.273984432220459,0.08556056022644043,9.75619125366211,77.40474700927734,8.580023869065134e+17,,18,,16.479440689086914,104949,0.15510784089565277,0.10790508985519409,
0.09280621260404587,21.15664291381836,0.16905879974365234,1.980283260345459,0.08537101745605469,10.775140762329102,203.24984741210938,8.584111303541391e+17,,18,,43.271812438964844,104999,0.13393746316432953,0.07427871227264404,
0.10142174363136292,28.51805305480957,0.19038176536560059,2.2330074310302734,0.08525800704956055,9.859818458557129,42.2501106262207,8.588199425212416e+17,,18,,8.995031356811523,105049,0.1295725703239441,0.06819003820419312,
0.098287433385849,27.65809440612793,0.1978311538696289,2.3181002140045166,0.0853419303894043,10.174241065979004,137.67477416992188,8.592286859688673e+17,,18,,29.310901641845703,105099,0.13009516894817352,0.08262933790683746,
0.09948238730430603,30.724855422973633,0.1889491081237793,2.224433422088623,0.08494257926940918,10.052030563354492,109.75826263427734,8.596374981359698e+17,,18,,23.367488861083984,105149,0.12427245080471039,0.06951622664928436,
0.10162869840860367,28.414501190185547,0.17034173011779785,1.9909406900405884,0.08555841445922852,9.839739799499512,39.111209869384766,8.600462415835955e+17,,18,,8.326761245727539,105199,0.13940370082855225,0.06693442165851593,
0.09641801565885544,24.97718048095703,0.1729269027709961,2.0151307582855225,0.08581423759460449,10.371505737304688,589.004638671875,8.604549850312212e+17,,18,,125.39884948730469,105249,0.13583388924598694,0.07133467495441437,
0.09889212250709534,30.933929443359375,0.21470022201538086,2.5169179439544678,0.08530282974243164,10.112028121948242,59.872493743896484,8.608637971983237e+17,,18,,12.74682903289795,105299,0.1098601371049881,0.06649976968765259,
0.10517335683107376,32.18507385253906,0.19184136390686035,2.2606213092803955,0.08486223220825195,9.508111953735352,245.3422088623047,8.612725406459494e+17,,18,,52.23325729370117,105349,0.1296960413455963,0.0900452733039856,
0.09935013204813004,26.36324691772461,0.18462562561035156,2.1587138175964355,0.0855257511138916,10.065411567687988,447.5162353515625,8.616812840935752e+17,,18,,95.2760238647461,105399,0.13661670684814453,0.08515092730522156,
0.10057424753904343,27.031370162963867,0.17184066772460938,2.0039870738983154,0.08574938774108887,9.942902565002441,37.414276123046875,8.620900962606776e+17,,18,,7.965484142303467,105449,0.1082073450088501,0.054355114698410034,
0.10015706717967987,29.821516036987305,0.18653273582458496,2.1778252124786377,0.08565092086791992,9.984317779541016,173.5380096435547,8.624988397083034e+17,,18,,36.946170806884766,105499,0.11389577388763428,0.059085384011268616,
0.09741058200597763,26.289472579956055,0.17813634872436523,2.081968069076538,0.08556151390075684,10.265825271606445,554.0875244140625,8.629075831559291e+17,,18,,117.96501159667969,105549,0.13118600845336914,0.07856202125549316,
0.10316836088895798,33.60835266113281,0.22964715957641602,2.6825878620147705,0.08560657501220703,9.692893981933594,35.4339485168457,8.633163953230316e+17,,18,,7.543873310089111,105599,0.1356021761894226,0.06814216077327728,
0.11174377799034119,33.782779693603516,0.19284677505493164,2.2679004669189453,0.08503317832946777,8.949044227600098,145.09054565429688,8.637251387706573e+17,,18,,30.889719009399414,105649,0.1107773631811142,0.07291892170906067,
0.10474301129579544,32.015357971191406,0.19404292106628418,2.2651052474975586,0.08566617965698242,9.547176361083984,36.652896881103516,8.64133882218283e+17,,18,,7.80338716506958,105699,0.11812913417816162,0.0671461969614029,
0.10224893689155579,31.563772201538086,0.19031286239624023,2.219944715499878,0.08572864532470703,9.780052185058594,89.83002471923828,8.645426943853855e+17,,18,,19.12477684020996,105749,0.1283152550458908,0.06889040768146515,
0.1001557856798172,23.80902862548828,0.16427159309387207,1.9202449321746826,0.08554720878601074,9.984445571899414,528.377685546875,8.649514378330112e+17,,18,,112.49138641357422,105799,0.15347525477409363,0.08816614747047424,
0.107045479118824,33.248191833496094,0.19330382347106934,2.2764604091644287,0.0849142074584961,9.34182357788086,47.659934997558594,8.653601812806369e+17,,18,,10.146780014038086,105849,0.17800818383693695,0.07934966683387756,
0.09913740307092667,30.383167266845703,0.19714760780334473,2.300380229949951,0.08570218086242676,10.087010383605957,588.6683349609375,8.657689934477394e+17,,18,,125.32723999023438,105899,0.1455685943365097,0.10072110593318939,
0.10236363857984543,29.073543548583984,0.17435145378112793,2.053536891937256,0.08490300178527832,9.76909351348877,508.2011413574219,8.661777368953651e+17,,18,,108.19581604003906,105949,0.174438938498497,0.1022438257932663,
0.10509815812110901,29.849424362182617,0.19003629684448242,2.2413909435272217,0.08478498458862305,9.514914512634277,37.458045959472656,8.665864803429908e+17,,18,,7.9748029708862305,105999,0.13935470581054688,0.08090394735336304,
0.09301476180553436,21.49292755126953,0.17556142807006836,2.056148052215576,0.08538365364074707,10.750981330871582,69.89935302734375,8.669952925100933e+17,,18,,14.881545066833496,106049,0.13876548409461975,0.05993683636188507,
0.10023178905248642,28.42121696472168,0.19392824172973633,2.2635397911071777,0.08567476272583008,9.976874351501465,86.6455307006836,8.67404035957719e+17,,18,,18.44679832458496,106099,0.1841166764497757,0.10689142346382141,
0.09713628143072128,24.40911865234375,0.17309999465942383,2.037830114364624,0.08494329452514648,10.294815063476562,107.6998291015625,8.678127794053448e+17,,18,,22.929250717163086,106149,0.11778519302606583,0.06144644320011139,
0.09707506000995636,29.419267654418945,0.1937243938446045,2.2744140625,0.0851755142211914,10.30130672454834,586.1930541992188,8.682215915724472e+17,,18,,124.8002700805664,106199,0.13073092699050903,0.08969943225383759,
0.10224183648824692,30.273303985595703,0.18442964553833008,2.154296398162842,0.08561015129089355,9.780732154846191,80.75672149658203,8.68630335020073e+17,,18,,17.193073272705078,106249,0.13827313482761383,0.07982201874256134,
0.10663922131061554,33.05356216430664,0.18805861473083496,2.2016525268554688,0.08541703224182129,9.377412796020508,216.509765625,8.690390784676987e+17,,18,,46.09484100341797,106299,0.1346343457698822,0.09254318475723267,
0.09820367395877838,28.023317337036133,0.17560458183288574,2.0486505031585693,0.08571720123291016,10.182918548583984,23.943511962890625,8.694478906348012e+17,,18,,5.097564220428467,106349,0.14266248047351837,0.09498277306556702,
0.09843562543392181,26.657318115234375,0.17886996269226074,2.1010866165161133,0.08513212203979492,10.158923149108887,250.18240356445312,8.698566340824269e+17,,18,,53.26373291015625,106399,0.1387152075767517,0.06636585295200348,
0.09956193715333939,29.616580963134766,0.18488717079162598,2.170199394226074,0.08519363403320312,10.043999671936035,245.08773803710938,8.702654462495293e+17,,18,,52.179080963134766,106449,0.14619259536266327,0.11711521446704865,
0.09071547538042068,20.736284255981445,0.18100881576538086,2.1331944465637207,0.0848534107208252,11.023477554321289,51.6669807434082,8.706741896971551e+17,,18,,10.999879837036133,106499,0.1347963809967041,0.06508933007717133,
0.0929807648062706,20.45892906188965,0.16528010368347168,1.9329065084457397,0.08550858497619629,10.754913330078125,621.3465576171875,8.710829331447808e+17,,18,,132.28443908691406,106549,0.15025663375854492,0.06654722988605499,
0.10209020227193832,29.69159507751465,0.18013668060302734,2.1107523441314697,0.0853424072265625,9.795259475708008,32.554405212402344,8.714917453118833e+17,,18,,6.930819511413574,106599,0.1237087994813919,0.057691410183906555,
0.0951906219124794,24.093170166015625,0.1728525161743164,2.0401101112365723,0.08472704887390137,10.505236625671387,477.0115966796875,8.71900488759509e+17,,18,,101.55557250976562,106649,0.17079417407512665,0.09445349872112274,
0.09968441724777222,29.498306274414062,0.18762493133544922,2.202791213989258,0.08517599105834961,10.031658172607422,237.7968292236328,8.723092322071347e+17,,18,,50.62685012817383,106699,0.14129756391048431,0.08947739005088806,
0.09584284573793411,25.006763458251953,0.19191551208496094,2.241051197052002,0.08563637733459473,10.433746337890625,25.365346908569336,8.727180443742372e+17,,18,,5.400271892547607,106749,0.23576900362968445,0.13489040732383728,
0.09599459916353226,27.971893310546875,0.20255780220031738,2.3852932453155518,0.08491945266723633,10.417253494262695,574.1412963867188,8.731267878218629e+17,,18,,122.23445129394531,106799,0.13799680769443512,0.07148444652557373,
0.09965436905622482,27.63475227355957,0.1769106388092041,2.0689916610717773,0.08550572395324707,10.034683227539062,387.7082824707031,8.735355312694886e+17,,18,,82.54293823242188,106849,0.13383103907108307,0.07138332724571228,
0.09095218032598495,17.74500846862793,0.1856706142425537,2.169565439224243,0.08557963371276855,10.994789123535156,630.9391479492188,8.739443434365911e+17,,18,,134.32669067382812,106899,0.15418483316898346,0.07089349627494812,
0.09406096488237381,24.590896606445312,0.1988239288330078,2.331902503967285,0.08526253700256348,10.631402969360352,619.8735961914062,8.743530868842168e+17,,18,,131.97084045410156,106949,0.25297242403030396,0.1949378252029419,
0.09133252501487732,18.12204360961914,0.17406678199768066,2.051849365234375,0.08483409881591797,10.949002265930176,25.008655548095703,8.747618303318426e+17,,18,,5.324332237243652,106999,0.18659095466136932,0.10627755522727966,
0.09671862423419952,27.475582122802734,0.17733311653137207,2.070814609527588,0.08563446998596191,10.33927059173584,628.362060546875,8.75170642498945e+17,,18,,133.7780303955078,107049,0.1268833875656128,0.07178270816802979,
0.09769883751869202,25.77766227722168,0.18482375144958496,2.163726568222046,0.0854191780090332,10.235536575317383,573.0552368164062,8.755793859465708e+17,,18,,122.00322723388672,107099,0.1353769153356552,0.06959521770477295,
0.0933578610420227,22.594825744628906,0.18880009651184082,2.2073512077331543,0.08553242683410645,10.711470603942871,529.2008056640625,8.759881293941965e+17,,18,,112.66663360595703,107149,0.1521039605140686,0.12851326167583466,
0.09446172416210175,21.581432342529297,0.18197083473205566,2.1302919387817383,0.08542060852050781,10.586298942565918,612.30712890625,8.76396941561299e+17,,18,,130.3599395751953,107199,0.12307721376419067,0.07483275234699249,
0.09404118359088898,26.81822395324707,0.2142946720123291,2.5291075706481934,0.0847313404083252,10.633639335632324,22.315542221069336,8.768056850089247e+17,,18,,4.750969886779785,107249,0.17692193388938904,0.10287535190582275,
0.08867574483156204,13.928857803344727,0.15639615058898926,1.8371609449386597,0.0851292610168457,11.277040481567383,572.5096435546875,8.772144284565504e+17,,18,,121.88706970214844,107299,0.13568006455898285,0.06398594379425049,
0.09944485872983932,27.458337783813477,0.18381667137145996,2.1466760635375977,0.08562850952148438,10.055824279785156,586.2099609375,8.776232406236529e+17,,18,,124.80386352539062,107349,0.18250402808189392,0.07228788733482361,
0.09575676172971725,25.834989547729492,0.18158197402954102,2.121612310409546,0.0855867862701416,10.443126678466797,24.304725646972656,8.780319840712786e+17,,18,,5.174466133117676,107399,0.13408249616622925,0.07383155822753906,
0.10324530303478241,30.895891189575195,0.18698382377624512,2.183213233947754,0.08564615249633789,9.685670852661133,132.653564453125,8.784407275189043e+17,,18,,28.24188995361328,107449,0.14205443859100342,0.08447496592998505,
0.09783130884170532,25.379981994628906,0.1756594181060791,2.0551493167877197,0.08547282218933105,10.22167682647705,72.59073638916016,8.788495396860068e+17,,18,,15.454538345336914,107499,0.12349063158035278,0.05930610001087189,
0.09920880943536758,29.546798706054688,0.19929933547973633,2.332195997238159,0.08545565605163574,10.079750061035156,519.2919311523438,8.792582831336325e+17,,18,,110.55704498291016,107549,0.12296438217163086,0.06628122925758362,
0.09702011197805405,26.482559204101562,0.18007779121398926,2.1075422763824463,0.08544445037841797,10.307141304016113,137.12913513183594,8.796670265812582e+17,,18,,29.194738388061523,107599,0.16312411427497864,0.08014096319675446,
0.09776056557893753,28.000158309936523,0.20333194732666016,2.3627538681030273,0.08605718612670898,10.229073524475098,36.53903579711914,8.800758387483607e+17,,18,,7.779146194458008,107649,0.12667666375637054,0.07287830114364624,
0.0979713648557663,24.763126373291016,0.16923284530639648,1.977655053138733,0.08557248115539551,10.207063674926758,140.7765350341797,8.804845821959864e+17,,18,,29.971267700195312,107699,0.10189726948738098,0.056824132800102234,
0.09715110063552856,27.319852828979492,0.18616414070129395,2.1807758808135986,0.08536601066589355,10.293244361877441,481.02471923828125,8.808933943630889e+17,,18,,102.40996551513672,107749,0.11784111708402634,0.070094034075737,
0.10653170943260193,35.3562126159668,0.2541847229003906,2.961622953414917,0.08582615852355957,9.386877059936523,536.2730712890625,8.813021378107146e+17,,18,,114.17231750488281,107799,0.18040986359119415,0.08269475400447845,
0.10557162016630173,31.151521682739258,0.19922280311584473,2.3456192016601562,0.08493399620056152,9.47224235534668,70.07113647460938,8.817108812583404e+17,,18,,14.918116569519043,107849,0.1406715363264084,0.07786573469638824,
0.10712484270334244,33.11146926879883,0.1949307918548584,2.280254602432251,0.08548641204833984,9.3349027633667,26.58487892150879,8.821196934254428e+17,,18,,5.659910202026367,107899,0.12901929020881653,0.09684506058692932,
0.10546635836362839,35.290565490722656,0.20674729347229004,2.4273362159729004,0.085174560546875,9.481697082519531,210.38046264648438,8.825284368730685e+17,,18,,44.7899169921875,107949,0.15718968212604523,0.07469518482685089,
0.09443313628435135,23.092636108398438,0.18422293663024902,2.1481728553771973,0.08575797080993652,10.589503288269043,563.5382080078125,8.829371803206943e+17,,18,,119.97705841064453,107999,0.1381322741508484,0.08458463847637177,
,,,,,,,,8.829371803206943e+17,18,,,107999,,,0.5267730951309204
0.09558752179145813,26.355764389038086,0.18482136726379395,2.1819324493408203,0.08470535278320312,10.461616516113281,618.3916015625,8.833459924877967e+17,,18,,131.6553192138672,108049,0.15347768366336823,0.07209035754203796,
0.0866672620177269,1.2258960008621216,0.09088563919067383,1.0667678117752075,0.08519721031188965,11.538382530212402,627.01953125,8.837547359354225e+17,,18,,133.49220275878906,108099,0.12600067257881165,0.0646992176771164,
0.0871824100613594,1.4648785591125488,0.09206652641296387,1.0794955492019653,0.08528661727905273,11.470203399658203,29.058317184448242,8.841634793830482e+17,,18,,6.186503887176514,108149,0.12489750236272812,0.061144307255744934,
0.09499429166316986,22.3863582611084,0.17379403114318848,2.033546209335327,0.0854635238647461,10.526947975158691,415.9134521484375,8.845722915501507e+17,,18,,88.54780578613281,108199,0.21178223192691803,0.08988068997859955,
0.09553998708724976,23.835205078125,0.173065185546875,2.038398504257202,0.08490252494812012,10.466821670532227,608.0418701171875,8.849810349977764e+17,,18,,129.4518585205078,108249,0.12362024188041687,0.06041178107261658,
0.10370571911334991,27.956769943237305,0.17847228050231934,2.096162796020508,0.08514237403869629,9.642669677734375,19.18760108947754,8.853897784454021e+17,,18,,4.0850324630737305,108299,0.13465285301208496,0.06590145826339722,
0.09640705585479736,26.136005401611328,0.17896080017089844,2.1150784492492676,0.08461189270019531,10.372684478759766,635.273193359375,8.857985906125046e+17,,18,,135.24940490722656,108349,0.12467365711927414,0.07786145806312561,
0.09951604902744293,28.62574577331543,0.18136358261108398,2.122087240219116,0.0854647159576416,10.048630714416504,50.5911750793457,8.862073340601303e+17,,18,,10.770840644836426,108399,0.12379186600446701,0.06148059666156769,
0.09921370446681976,28.336702346801758,0.17961883544921875,2.1186647415161133,0.08477926254272461,10.079252243041992,122.92740631103516,8.86616077507756e+17,,18,,26.171194076538086,108449,0.21407277882099152,0.07147745788097382,
0.09712064266204834,28.65861701965332,0.1833336353302002,2.160841226577759,0.08484363555908203,10.296472549438477,621.7950439453125,8.870248896748585e+17,,18,,132.37991333007812,108499,0.1494997888803482,0.06003212928771973,
0.09775704145431519,28.522642135620117,0.18311023712158203,2.1383426189422607,0.0856318473815918,10.229442596435547,21.37291717529297,8.874336331224842e+17,,18,,4.550285339355469,108549,0.12395362555980682,0.05322369933128357,
0.10020410269498825,30.441701889038086,0.1962721347808838,2.2961888313293457,0.08547735214233398,9.979631423950195,639.6454467773438,8.8784237657011e+17,,18,,136.1802520751953,108599,0.13471348583698273,0.0909939706325531,
0.09354086965322495,22.37278938293457,0.17811274528503418,2.0956077575683594,0.08499336242675781,10.69051456451416,636.875244140625,8.882511887372124e+17,,18,,135.59048461914062,108649,0.14842408895492554,0.08807909488677979,
0.09054748713970184,17.67828941345215,0.16852140426635742,1.9703181982040405,0.08553004264831543,11.043929100036621,43.648494720458984,8.886599321848381e+17,,18,,9.292747497558594,108699,0.13658148050308228,0.06412546336650848,
0.09290993958711624,23.3094425201416,0.1702737808227539,2.0042431354522705,0.08495664596557617,10.763111114501953,619.5634155273438,8.890686756324639e+17,,18,,131.90480041503906,108749,0.12465815246105194,0.059873610734939575,
0.11186544597148895,30.14813232421875,0.18677616119384766,2.187896490097046,0.08536791801452637,8.939311027526855,60.120750427246094,8.894774877995663e+17,,18,,12.799683570861816,108799,0.12390052527189255,0.0694844126701355,
0.10269733518362045,26.89155387878418,0.1709461212158203,1.9942092895507812,0.08572125434875488,9.737351417541504,583.2364501953125,8.89886231247192e+17,,18,,124.17080688476562,108849,0.14788737893104553,0.07668426632881165,
0.09592855721712112,25.71808624267578,0.17641329765319824,2.0756592750549316,0.084991455078125,10.42442512512207,519.003662109375,8.902949746948178e+17,,18,,110.49567413330078,108899,0.12028747797012329,0.059548214077949524,
0.10423415899276733,29.87310218811035,0.18752837181091309,2.1938769817352295,0.08547806739807129,9.59378433227539,38.45432662963867,8.907037868619203e+17,,18,,8.186910629272461,108949,0.16081297397613525,0.08006362617015839,
0.0997793972492218,26.266281127929688,0.17658543586730957,2.0764379501342773,0.08504247665405273,10.022109031677246,306.6536865234375,8.91112530309546e+17,,18,,65.28644561767578,108999,0.10770168155431747,0.0686119943857193,
,,,,,,27.589765548706055,8.915213424766484e+17,,19,,5.873849868774414,109049,0.150551900267601,0.0945381224155426,
0.10105052590370178,31.82439422607422,0.19220542907714844,4.3297438621521,0.04439187049865723,9.896039962768555,628.5726318359375,8.919300859242742e+17,,19,,133.82286071777344,109099,0.13998596370220184,0.06287477910518646,
0.0970262661576271,24.09598159790039,0.17396211624145508,2.033113956451416,0.08556437492370605,10.306487083435059,638.6248168945312,8.923388293718999e+17,,19,,135.96295166015625,109149,0.12794511020183563,0.0616796612739563,
0.09598705172538757,25.573123931884766,0.18546223640441895,2.1709468364715576,0.08542919158935547,10.418071746826172,592.9451293945312,8.927476415390024e+17,,19,,126.23777770996094,109199,0.1483098268508911,0.06589889526367188,
0.0903911292552948,19.79534149169922,0.1659412384033203,1.945080041885376,0.08531332015991211,11.063032150268555,412.4005126953125,8.931563849866281e+17,,19,,87.7999038696289,109249,0.13422349095344543,0.08415448665618896,
0.09610913693904877,27.326099395751953,0.18419408798217773,2.154581069946289,0.08548951148986816,10.404837608337402,39.62056350708008,8.935651284342538e+17,,19,,8.435202598571777,109299,0.14240968227386475,0.09812019765377045,
0.09586243331432343,25.00440216064453,0.17475557327270508,2.0516598224639893,0.08517765998840332,10.431614875793457,119.8057861328125,8.939739406013563e+17,,19,,25.506603240966797,109349,0.12092052400112152,0.057368531823158264,
0.08932742476463318,16.755271911621094,0.17745208740234375,2.079888105392456,0.08531808853149414,11.194770812988281,614.69482421875,8.94382684048982e+17,,19,,130.8682861328125,109399,0.1302305907011032,0.060099661350250244,
0.10106658935546875,29.05689811706543,0.20781803131103516,2.4390676021575928,0.08520388603210449,9.894466400146484,30.90608024597168,8.947914274966077e+17,,19,,6.579891681671143,109449,0.1269233077764511,0.06741297245025635,
0.09395328909158707,24.101991653442383,0.18738913536071777,2.1945865154266357,0.08538699150085449,10.643587112426758,634.69775390625,8.952002396637102e+17,,19,,135.12689208984375,109499,0.11348903924226761,0.05710873007774353,
0.09634257107973099,24.781723022460938,0.18004655838012695,2.1048333644866943,0.08553957939147949,10.37962818145752,24.714006423950195,8.95608983111336e+17,,19,,5.26160192489624,109549,0.19581450521945953,0.0904306173324585,
0.09798403084278107,26.56116485595703,0.20807480812072754,2.426727771759033,0.08574295043945312,10.205744743347168,636.8453369140625,8.960177265589617e+17,,19,,135.5841064453125,109599,0.20124787092208862,0.08786867558956146,
0.09677217900753021,25.471851348876953,0.1735846996307373,2.0321173667907715,0.08542060852050781,10.333548545837402,559.6123046875,8.964265387260641e+17,,19,,119.1412353515625,109649,0.14086486399173737,0.07613548636436462,
0.09416653960943222,20.22821617126465,0.16498851776123047,1.9333508014678955,0.08533811569213867,10.61948299407959,29.607675552368164,8.968352821736899e+17,,19,,6.303462028503418,109699,0.12333977967500687,0.05611701309680939,
0.09308257699012756,21.433048248291016,0.17815804481506348,2.073704481124878,0.08591294288635254,10.743148803710938,564.147705078125,8.972440256213156e+17,,19,,120.1068115234375,109749,0.1077459454536438,0.05541267991065979,
0.10166120529174805,33.99532699584961,0.22414541244506836,2.6144754886627197,0.08573246002197266,9.836593627929688,499.6839294433594,8.97652837788418e+17,,19,,106.38250732421875,109799,0.17639312148094177,0.1255621761083603,
0.10298313945531845,28.144365310668945,0.17929339408874512,2.0947790145874023,0.08559060096740723,9.7103271484375,163.9386444091797,8.980615812360438e+17,,19,,34.902469635009766,109849,0.14766287803649902,0.06482550501823425,
0.1136769950389862,36.34041213989258,0.23621082305908203,2.7592833042144775,0.08560585975646973,8.796854972839355,621.0537719726562,8.984703246836695e+17,,19,,132.2220916748047,109899,0.1556292176246643,0.11064459383487701,
0.098448246717453,29.6083927154541,0.19944047927856445,2.3333919048309326,0.08547234535217285,10.157621383666992,28.835988998413086,8.98879136850772e+17,,19,,6.139170169830322,109949,0.2599618136882782,0.07548171281814575,
0.11441550403833389,35.783729553222656,0.21772003173828125,2.5457372665405273,0.08552336692810059,8.740074157714844,505.36541748046875,8.992878802983977e+17,,19,,107.59209442138672,109999,0.11450225114822388,0.05741226673126221,
0.10172376781702042,27.80290412902832,0.18865561485290527,2.1976735591888428,0.08584332466125488,9.830544471740723,635.30615234375,8.996966237460234e+17,,19,,135.2564239501953,110049,0.14494216442108154,0.06208240985870361,
0.09809648990631104,26.071205139160156,0.1939094066619873,2.265002965927124,0.08561110496520996,10.194045066833496,540.239501953125,9.001054359131259e+17,,19,,115.01677703857422,110099,0.14033138751983643,0.10390566289424896,
0.10681656748056412,30.47235679626465,0.18661737442016602,2.180093765258789,0.08560061454772949,9.36184310913086,529.1642456054688,9.005141793607516e+17,,19,,112.65885925292969,110149,0.14039501547813416,0.06836599111557007,
0.11631695926189423,33.13652420043945,0.19953465461730957,2.33233380317688,0.08555150032043457,8.597198486328125,30.38188362121582,9.009229228083773e+17,,19,,6.46829080581665,110199,0.10795937478542328,0.05975352227687836,
0.1025245413184166,26.92304801940918,0.17736482620239258,2.0590431690216064,0.08613944053649902,9.753762245178223,118.98703002929688,9.013317349754798e+17,,19,,25.332290649414062,110249,0.30683761835098267,0.253728449344635,
0.10996352136135101,31.19098472595215,0.19113445281982422,2.2249186038970947,0.0859062671661377,9.093924522399902,461.3077087402344,9.017404784231055e+17,,19,,98.21221923828125,110299,0.11686105281114578,0.0632433146238327,
0.10541768372058868,32.298404693603516,0.18581819534301758,2.181652784347534,0.08517313003540039,9.486074447631836,22.537139892578125,9.02149290590208e+17,,19,,4.798147678375244,110349,0.14767958223819733,0.07703648507595062,
0.10958924144506454,32.448570251464844,0.19313716888427734,2.2725579738616943,0.08498668670654297,9.124983787536621,626.1557006835938,9.025580340378337e+17,,19,,133.30828857421875,110399,0.13752105832099915,0.07305815815925598,
0.0959746390581131,26.30207633972168,0.191575288772583,2.2422659397125244,0.08543825149536133,10.419419288635254,53.00838088989258,9.029667774854595e+17,,19,,11.285463333129883,110449,0.14978663623332977,0.09996207058429718,
0.09985765814781189,28.484865188598633,0.19105958938598633,2.236879348754883,0.08541345596313477,10.014254570007324,39.3757438659668,9.033755896525619e+17,,19,,8.383079528808594,110499,0.1256430745124817,0.08138635754585266,
0.09884895384311676,29.582866668701172,0.18973159790039062,2.2180254459381104,0.085540771484375,10.11644458770752,634.0757446289062,9.037843331001876e+17,,19,,134.9944610595703,110549,0.1259557008743286,0.061812251806259155,
0.09122517704963684,21.18090057373047,0.18436932563781738,2.1651570796966553,0.08515286445617676,10.961885452270508,163.36805725097656,9.041930765478134e+17,,19,,34.7809944152832,110599,0.12287722527980804,0.08555267751216888,
0.09842219203710556,29.47673988342285,0.19726204872131348,2.3111023902893066,0.08535408973693848,10.160310745239258,570.128662109375,9.046018887149158e+17,,19,,121.38016510009766,110649,0.14686699211597443,0.06781871616840363,
0.09223056584596634,21.38566780090332,0.17416930198669434,2.0408523082733154,0.0853414535522461,10.842392921447754,557.4857177734375,9.050106321625416e+17,,19,,118.68848419189453,110699,0.14710310101509094,0.09346292912960052,
0.10497785359621048,33.01074981689453,0.20528340339660645,2.395237922668457,0.08570480346679688,9.525818824768066,47.5192756652832,9.054193756101673e+17,,19,,10.11683464050293,110749,0.10291194170713425,0.07744130492210388,
0.10018275678157806,28.082746505737305,0.18170952796936035,2.130289077758789,0.08529806137084961,9.981757164001465,631.598876953125,9.058281877772698e+17,,19,,134.46714782714844,110799,0.13461650907993317,0.06756483018398285,
0.10298513621091843,31.514110565185547,0.19136285781860352,2.2435548305511475,0.08529448509216309,9.710139274597168,50.550899505615234,9.062369312248955e+17,,19,,10.762266159057617,110849,0.16270747780799866,0.06986574828624725,
0.10303366929292679,28.47783660888672,0.1925497055053711,2.2548727989196777,0.08539271354675293,9.705565452575684,459.4190979003906,9.066456746725212e+17,,19,,97.81014251708984,110899,0.10840179026126862,0.06263424456119537,
0.10730309039354324,31.997455596923828,0.18769550323486328,2.1990585327148438,0.08535265922546387,9.319396018981934,499.9187316894531,9.070544868396237e+17,,19,,106.4324951171875,110949,0.1384003609418869,0.08231218159198761,
0.1157672107219696,33.888465881347656,0.2009291648864746,2.3458948135375977,0.08565139770507812,8.63802433013916,64.3558120727539,9.074632302872494e+17,,19,,13.701326370239258,110999,0.11712504923343658,0.06097032129764557,
0.10876864194869995,35.94337844848633,0.24715447425842285,2.876258611679077,0.08592915534973145,9.193826675415039,611.2167358398438,9.078719737348751e+17,,19,,130.12779235839844,111049,0.1215333417057991,0.059168741106987,
0.0988745167851448,28.72774887084961,0.19916558265686035,2.3283636569976807,0.08553886413574219,10.113829612731934,53.33329772949219,9.082807859019776e+17,,19,,11.35463809967041,111099,0.10773052275180817,0.0695914626121521,
0.09559816867113113,27.236793518066406,0.18267607688903809,2.140166759490967,0.08535599708557129,10.460451126098633,36.069313049316406,9.086895293496033e+17,,19,,7.679142475128174,111149,0.4455292820930481,0.15631739795207977,
0.10632336139678955,35.972503662109375,0.23398590087890625,2.741837978363037,0.08533906936645508,9.40527057647705,556.9183959960938,9.09098272797229e+17,,19,,118.56770324707031,111199,0.11541531980037689,0.06062403321266174,
0.11003871262073517,32.72543716430664,0.19242453575134277,2.2452762126922607,0.08570194244384766,9.087711334228516,29.58184242248535,9.095070849643315e+17,,19,,6.297962188720703,111249,0.11037938296794891,0.06633026897907257,
0.10010024905204773,27.366296768188477,0.17849349975585938,2.1123592853546143,0.08449959754943848,9.989985466003418,536.910400390625,9.099158284119572e+17,,19,,114.30801391601562,111299,0.12000906467437744,0.05573722720146179,
0.10036566108465195,32.43457794189453,0.19938898086547852,2.3314106464385986,0.08552289009094238,9.963567733764648,31.747085571289062,9.10324571859583e+17,,19,,6.758941650390625,111349,0.10118615627288818,0.052188992500305176,
0.10562144964933395,31.496131896972656,0.19769573211669922,2.305114984512329,0.08576393127441406,9.4677734375,104.59354400634766,9.107333840266854e+17,,19,,22.26792335510254,111399,0.19860580563545227,0.1608218252658844,
0.09765911847352982,29.837621688842773,0.20789837837219238,2.455228090286255,0.08467578887939453,10.239699363708496,610.83984375,9.111421274743112e+17,,19,,130.04754638671875,111449,0.1873287856578827,0.08898672461509705,
0.09668859839439392,26.520009994506836,0.18840575218200684,2.2226157188415527,0.08476758003234863,10.342480659484863,32.1323356628418,9.115508709219369e+17,,19,,6.84096097946167,111499,0.11049951612949371,0.059121206402778625,
0.10238372534513474,33.27906036376953,0.20867085456848145,2.4451425075531006,0.08534097671508789,9.767176628112793,630.5355834960938,9.119596830890394e+17,,19,,134.2407684326172,111549,0.10841996967792511,0.06498833000659943,
0.0940842553973198,23.60637092590332,0.19689345359802246,2.30424165725708,0.0854482650756836,10.62877082824707,511.5545959472656,9.123684265366651e+17,,19,,108.9097671508789,111599,0.11025894433259964,0.07071982324123383,
0.09930578619241714,27.450042724609375,0.19127178192138672,2.2431704998016357,0.08526849746704102,10.069906234741211,296.0375061035156,9.127772387037676e+17,,19,,63.026268005371094,111649,0.1514624059200287,0.08786013722419739,
0.1008325144648552,30.255769729614258,0.2001485824584961,2.331019401550293,0.08586311340332031,9.917435646057129,582.1936645507812,9.131859821513933e+17,,19,,123.94879150390625,111699,0.23556606471538544,0.19018873572349548,
0.09540092200040817,28.526153564453125,0.2004992961883545,2.3479344844818115,0.08539390563964844,10.482078552246094,28.321701049804688,9.13594725599019e+17,,19,,6.029678821563721,111749,0.11245262622833252,0.06350564956665039,
0.09733011573553085,24.08707618713379,0.16860604286193848,1.9776862859725952,0.08525419235229492,10.274312973022461,612.3982543945312,9.140035377661215e+17,,19,,130.37933349609375,111799,0.1401844173669815,0.09202167391777039,
0.1041598841547966,35.25938415527344,0.23531270027160645,2.754361152648926,0.08543276786804199,9.600625038146973,619.21826171875,9.144122812137472e+17,,19,,131.83131408691406,111849,0.16119731962680817,0.13701605796813965,
0.10022129118442535,31.001346588134766,0.19921302795410156,2.3225162029266357,0.08577466011047363,9.977919578552246,578.340576171875,9.148210246613729e+17,,19,,123.12847900390625,111899,0.12401022762060165,0.06288492679595947,
0.09411414712667465,19.09889030456543,0.16106200218200684,1.8906620740890503,0.08518815040588379,10.625394821166992,564.5015869140625,9.152298368284754e+17,,19,,120.1821517944336,111949,0.12746435403823853,0.06128579378128052,
0.1040259376168251,34.24676513671875,0.250591516494751,2.9331276416778564,0.0854349136352539,9.612987518310547,29.546051025390625,9.156385802761011e+17,,19,,6.290341854095459,111999,0.13660463690757751,0.065326988697052,
,,,,,,,,9.156385802761011e+17,19,,,111999,,,0.5986006259918213
0.09867577254772186,27.277841567993164,0.18015718460083008,2.127803325653076,0.08466815948486328,10.134199142456055,621.819091796875,9.160473237237268e+17,,19,,132.38504028320312,112049,0.11022326350212097,0.06411287188529968,
0.08567418903112411,1.1527304649353027,0.09183526039123535,1.0838435888290405,0.0847311019897461,11.672127723693848,629.9085083007812,9.164561358908293e+17,,19,,134.10726928710938,112099,0.13321678340435028,0.07957588136196136,
0.08622631430625916,1.224317193031311,0.09129977226257324,1.0687693357467651,0.08542513847351074,11.59738826751709,620.2435302734375,9.16864879338455e+17,,19,,132.0496063232422,112149,0.14201155304908752,0.0806049108505249,
0.09083103388547897,18.824865341186523,0.17055010795593262,1.9941542148590088,0.0855250358581543,11.009452819824219,95.72966766357422,9.172736227860808e+17,,19,,20.380807876586914,112199,0.117790088057518,0.07429425418376923,
0.10681482404470444,35.48728561401367,0.19967222213745117,2.334507703781128,0.08553075790405273,9.3619966506958,578.5894165039062,9.176824349531832e+17,,19,,123.18144989013672,112249,0.12050461769104004,0.06043243408203125,
0.1028268113732338,29.579164505004883,0.18911957740783691,2.2138261795043945,0.08542656898498535,9.725090026855469,26.44434356689453,9.18091178400809e+17,,19,,5.629990100860596,112299,0.1494271159172058,0.07072198390960693,
0.09745585918426514,27.42070198059082,0.17441034317016602,2.042358636856079,0.08539652824401855,10.261055946350098,638.0590209960938,9.184999218484347e+17,,19,,135.84251403808594,112349,0.12917034327983856,0.08924724161624908,
0.08633606880903244,1.2107744216918945,0.09179258346557617,1.0823440551757812,0.0848090648651123,11.58264446258545,141.7429962158203,9.189087340155372e+17,,19,,30.177024841308594,112399,0.16292443871498108,0.09322971105575562,
0.09664206206798553,25.277158737182617,0.17715692520141602,2.0755412578582764,0.08535456657409668,10.347460746765137,104.14057922363281,9.193174774631629e+17,,19,,22.171485900878906,112449,0.11520138382911682,0.06011538207530975,
0.09946686029434204,28.378576278686523,0.17757201194763184,2.069030523300171,0.08582377433776855,10.05359935760498,68.74464416503906,9.197262209107886e+17,,19,,14.635706901550293,112499,0.23371291160583496,0.20146480202674866,
0.09546686708927155,25.72649574279785,0.18272757530212402,2.133939504623413,0.08562922477722168,10.474838256835938,34.21097183227539,9.201350330778911e+17,,19,,7.283502101898193,112549,0.10240352898836136,0.05293431878089905,
0.09592865407466888,25.560386657714844,0.17249178886413574,2.0276308059692383,0.08507061004638672,10.424413681030273,87.77862548828125,9.205437765255168e+17,,19,,18.688034057617188,112599,0.14092370867729187,0.08107586205005646,
0.09964974969625473,30.845170974731445,0.20824694633483887,2.4471075534820557,0.0850992202758789,10.035148620605469,98.30364990234375,9.209525199731425e+17,,19,,20.928808212280273,112649,0.17269545793533325,0.07326437532901764,
0.09149742871522903,18.128643035888672,0.166121244430542,1.9435346126556396,0.08547377586364746,10.929268836975098,17.683982849121094,9.21361332140245e+17,,19,,3.7649126052856445,112699,0.12487351149320602,0.06696240603923798,
0.08984590321779251,17.629575729370117,0.16918420791625977,1.9941211938858032,0.08484148979187012,11.130167961120605,635.5403442382812,9.217700755878707e+17,,19,,135.3062744140625,112749,0.12116078287363052,0.07400624454021454,
0.09444503486156464,22.91170883178711,0.17216849327087402,2.0166637897491455,0.0853729248046875,10.58816909790039,67.46879577636719,9.221788190354964e+17,,19,,14.364079475402832,112799,0.14978450536727905,0.06883041560649872,
0.09129112958908081,19.27480125427246,0.17426419258117676,2.053541421890259,0.08486032485961914,10.95396614074707,31.493345260620117,9.225876312025989e+17,,19,,6.704920768737793,112849,0.12539251148700714,0.06172400712966919,
0.09842505306005478,28.57537078857422,0.1888277530670166,2.2083146572113037,0.08550763130187988,10.160015106201172,526.8785400390625,9.229963746502246e+17,,19,,112.17223358154297,112899,0.13931021094322205,0.06282477080821991,
0.10117591917514801,28.4711971282959,0.17565131187438965,2.0530903339385986,0.08555459976196289,9.883774757385254,56.407737731933594,9.234051180978504e+17,,19,,12.009184837341309,112949,0.17873217165470123,0.07194387912750244,
0.10171063989400864,30.071680068969727,0.1889336109161377,2.22275972366333,0.08499956130981445,9.831812858581543,584.4036254882812,9.238139302649528e+17,,19,,124.4192886352539,112999,0.1594858020544052,0.09521980583667755,
0.09575415402650833,25.654159545898438,0.1867380142211914,2.192538022994995,0.08516979217529297,10.443410873413086,229.75790405273438,9.242226737125786e+17,,19,,48.91536331176758,113049,0.12500916421413422,0.06712362170219421,
0.10060107707977295,25.721923828125,0.17561006546020508,2.0583384037017822,0.08531641960144043,9.940251350402832,40.05490493774414,9.24631485879681e+17,,19,,8.527673721313477,113099,0.1386968344449997,0.08162614703178406,
0.09835324436426163,26.00737762451172,0.17873430252075195,2.0956313610076904,0.08528900146484375,10.16743278503418,116.30253601074219,9.250402293273068e+17,,19,,24.760761260986328,113149,0.12489840388298035,0.06499756872653961,
0.0973738431930542,29.36815643310547,0.19289851188659668,2.2699344158172607,0.08497977256774902,10.269698143005371,52.47269821166992,9.254489727749325e+17,,19,,11.171416282653809,113199,0.1303132325410843,0.06771571934223175,
0.09886326640844345,29.626380920410156,0.18651413917541504,2.1909890174865723,0.0851278305053711,10.114980697631836,551.8449096679688,9.25857784942035e+17,,19,,117.48755645751953,113249,0.14134208858013153,0.08335830271244049,
0.0943087786436081,25.93914031982422,0.17102670669555664,2.011282444000244,0.08503365516662598,10.603466033935547,35.06423568725586,9.262665283896607e+17,,19,,7.4651618003845215,113299,0.1564168930053711,0.06148223578929901,
0.09530951827764511,24.361604690551758,0.18426918983459473,2.169642686843872,0.0849306583404541,10.492132186889648,56.51645278930664,9.266752718372864e+17,,19,,12.032330513000488,113349,0.14164814352989197,0.0832897275686264,
0.09523678570985794,25.2714900970459,0.17668581008911133,2.083348035812378,0.0848085880279541,10.500144004821777,108.225341796875,9.270840840043889e+17,,19,,23.04113006591797,113399,0.11673790216445923,0.053941622376441956,
0.09370674937963486,26.504289627075195,0.20333552360534668,2.3928258419036865,0.0849771499633789,10.671589851379395,101.00421142578125,9.274928274520146e+17,,19,,21.503755569458008,113449,0.1720709204673767,0.0810571163892746,
0.1032201498746872,30.05671501159668,0.1750171184539795,2.065175771713257,0.0847468376159668,9.688031196594238,168.34103393554688,9.279015708996403e+17,,19,,35.83973693847656,113499,0.14528460800647736,0.07083256542682648,
0.09463375061750412,24.731441497802734,0.1806652545928955,2.115438938140869,0.0854032039642334,10.567054748535156,64.07569122314453,9.283103830667428e+17,,19,,13.641688346862793,113549,0.13211689889431,0.08136235177516937,
0.0968916267156601,27.50424575805664,0.18165016174316406,2.1251320838928223,0.08547711372375488,10.320809364318848,43.4736213684082,9.287191265143685e+17,,19,,9.255516052246094,113599,0.11877632886171341,0.0562109649181366,
0.09921957552433014,28.246177673339844,0.1798543930053711,2.108445882797241,0.08530187606811523,10.078656196594238,552.1435546875,9.291278699619942e+17,,19,,117.55113220214844,113649,0.145719975233078,0.08904886245727539,
0.10483437776565552,31.753992080688477,0.19097304344177246,2.2337958812713623,0.08549261093139648,9.53885555267334,34.958168029785156,9.295366821290967e+17,,19,,7.442580223083496,113699,0.13241435587406158,0.07234680652618408,
0.09653209149837494,25.568315505981445,0.17931175231933594,2.103666067123413,0.08523774147033691,10.359249114990234,614.44384765625,9.299454255767224e+17,,19,,130.81484985351562,113749,0.11126545816659927,0.057875409722328186,
0.10119317471981049,31.215715408325195,0.1820380687713623,2.147327184677124,0.08477425575256348,9.882089614868164,100.17610168457031,9.303541690243482e+17,,19,,21.327451705932617,113799,0.11109857261180878,0.06206434965133667,
0.097781240940094,27.95069122314453,0.18053436279296875,2.112649917602539,0.08545398712158203,10.226910591125488,30.618328094482422,9.307629811914506e+17,,19,,6.518629550933838,113849,0.12373339384794235,0.07201002538204193,
0.0992371216416359,30.66068458557129,0.216508150100708,2.5360212326049805,0.0853731632232666,10.076873779296875,623.8543090820312,9.311717246390764e+17,,19,,132.81832885742188,113899,0.15836100280284882,0.08105385303497314,
0.09564989805221558,25.49549674987793,0.17947912216186523,2.098597526550293,0.08552336692810059,10.454794883728027,508.6193542480469,9.315804680867021e+17,,19,,108.28485107421875,113949,0.17090199887752533,0.10243245959281921,
0.09968721121549606,28.830249786376953,0.18416929244995117,2.1578054428100586,0.08535027503967285,10.031376838684082,632.0147705078125,9.319892802538045e+17,,19,,134.55569458007812,113999,0.17235371470451355,0.07472570240497589,
0.0973462164402008,27.179920196533203,0.18416476249694824,2.154021739959717,0.08549809455871582,10.272612571716309,60.97074890136719,9.323980237014303e+17,,19,,12.980648040771484,114049,0.14284996688365936,0.064504474401474,
0.09911829233169556,31.214292526245117,0.21488738059997559,2.5150139331817627,0.08544182777404785,10.08895492553711,51.6279296875,9.32806767149056e+17,,19,,10.991565704345703,114099,0.13438983261585236,0.08204835653305054,
0.09267351031303406,19.518409729003906,0.16810059547424316,1.9637833833694458,0.08560037612915039,10.790570259094238,518.66015625,9.332155793161585e+17,,19,,110.42253112792969,114149,0.13951724767684937,0.10614772140979767,
0.10102123022079468,31.28350257873535,0.18759870529174805,2.1981518268585205,0.08534383773803711,9.898909568786621,84.5074234008789,9.336243227637842e+17,,19,,17.991596221923828,114199,0.1108269914984703,0.06641030311584473,
0.10547526180744171,31.978837966918945,0.18974828720092773,2.2165894508361816,0.08560371398925781,9.48089599609375,388.2940673828125,9.340330662114099e+17,,19,,82.66764831542969,114249,0.11637414246797562,0.057364627718925476,
0.0973363146185875,28.981225967407227,0.1910395622253418,2.2415878772735596,0.08522510528564453,10.27365779876709,103.06653594970703,9.344418783785124e+17,,19,,21.94282341003418,114299,0.18720203638076782,0.06991440057754517,
0.10317617654800415,30.951095581054688,0.18690204620361328,2.182495355606079,0.08563685417175293,9.692159652709961,50.63280487060547,9.348506218261381e+17,,19,,10.779703140258789,114349,0.12694616615772247,0.06842535734176636,
0.10043115168809891,30.315900802612305,0.19414067268371582,2.2809805870056152,0.0851128101348877,9.957070350646973,47.03303909301758,9.352594339932406e+17,,19,,10.013314247131348,114399,0.3022578954696655,0.13874922692775726,
0.10196978598833084,28.60914421081543,0.19529390335083008,2.285273551940918,0.08545756340026855,9.8068265914917,557.2340087890625,9.356681774408663e+17,,19,,118.63489532470703,114449,0.12297140061855316,0.06218820810317993,
0.10218293219804764,32.57623291015625,0.19009065628051758,2.2272262573242188,0.08534860610961914,9.786370277404785,34.69060516357422,9.36076920888492e+17,,19,,7.385616302490234,114499,0.10720081627368927,0.06618712842464447,
0.1061677560210228,32.18338394165039,0.1870579719543457,2.185685396194458,0.08558320999145508,9.419055938720703,63.23231887817383,9.364857330555945e+17,,19,,13.462135314941406,114549,0.13361459970474243,0.06566508114337921,
0.10255704075098038,28.379257202148438,0.18853497505187988,2.1978371143341064,0.08578205108642578,9.75067138671875,59.56196975708008,9.368944765032202e+17,,19,,12.680719375610352,114599,0.14829854667186737,0.07532523572444916,
0.10153422504663467,31.180871963500977,0.18920183181762695,2.211967706680298,0.08553552627563477,9.848895072937012,561.8997192382812,9.37303219950846e+17,,19,,119.62821960449219,114649,0.1336483508348465,0.06626491248607635,
0.1052614152431488,32.35890579223633,0.19156765937805176,2.237468957901001,0.0856180191040039,9.500157356262207,427.96746826171875,9.377120321179484e+17,,19,,91.11410522460938,114699,0.14627280831336975,0.06645794212818146,
,,,,,,,9.381207755655741e+17,,20,,,114749,0.13826020061969757,0.06786219775676727,
0.0946732833981514,25.67662811279297,0.18225431442260742,3.9279494285583496,0.04639935493469238,10.562642097473145,503.97314453125,9.385295190131999e+17,,20,,107.2956771850586,114799,0.13299033045768738,0.066848024725914,
0.09914584457874298,28.681873321533203,0.17903757095336914,2.0920522212982178,0.08557987213134766,10.086152076721191,628.6212158203125,9.389383311803023e+17,,20,,133.83319091796875,114849,0.1163225769996643,0.05675262212753296,
0.08978939056396484,18.121477127075195,0.175276517868042,2.0641021728515625,0.08491659164428711,11.137173652648926,27.419713973999023,9.39347074627928e+17,,20,,5.837646007537842,114899,0.12220175564289093,0.0744306892156601,
0.0948251411318779,22.80724334716797,0.18245291709899902,2.1371047496795654,0.0853738784790039,10.545726776123047,340.80389404296875,9.397558180755538e+17,,20,,72.55701446533203,114949,0.13821545243263245,0.06261265277862549,
0.09240829199552536,15.704498291015625,0.15852785110473633,1.8471527099609375,0.08582282066345215,10.821539878845215,628.4320678710938,9.401646302426563e+17,,20,,133.79293823242188,114999,0.30910056829452515,0.2000412493944168,
0.09965682774782181,29.21540069580078,0.17870879173278809,2.0980124473571777,0.08518004417419434,10.034435272216797,176.96185302734375,9.40573373690282e+17,,20,,37.675106048583984,115049,0.13021564483642578,0.08416955173015594,
0.09871239215135574,27.38311767578125,0.18544840812683105,2.170954704284668,0.08542251586914062,10.130440711975098,128.3017578125,9.409821171379077e+17,,20,,27.315391540527344,115099,0.13123667240142822,0.0655985176563263,
0.10092984139919281,28.43100929260254,0.1965036392211914,2.300494909286499,0.0854179859161377,9.907872200012207,26.54071044921875,9.413909293050102e+17,,20,,5.650506496429443,115149,0.12903426587581635,0.07148237526416779,
0.09068688750267029,17.799406051635742,0.1716306209564209,2.0161969661712646,0.08512592315673828,11.026952743530273,585.6177368164062,9.417996727526359e+17,,20,,124.67778015136719,115199,0.14057917892932892,0.0841047614812851,
0.0941580981016159,23.522607803344727,0.18487763404846191,2.164581060409546,0.08541035652160645,10.62043571472168,616.3290405273438,9.422084162002616e+17,,20,,131.21620178222656,115249,0.1371157169342041,0.0689186304807663,
0.09690076112747192,30.188570022583008,0.21983933448791504,2.569078207015991,0.0855712890625,10.319835662841797,228.0419921875,9.426172283673641e+17,,20,,48.550048828125,115299,0.12667042016983032,0.05800728499889374,
0.09504836797714233,21.136337280273438,0.17441344261169434,2.0458450317382812,0.08525252342224121,10.520959854125977,593.6029663085938,9.430259718149898e+17,,20,,126.3778305053711,115349,0.11904814094305038,0.06935705244541168,
0.10136231780052185,29.02341079711914,0.18801331520080566,2.201115846633911,0.08541727066040039,9.865598678588867,32.50933837890625,9.434347152626156e+17,,20,,6.921224594116211,115399,0.17353038489818573,0.1498001515865326,
0.09191808849573135,19.72657585144043,0.17873358726501465,2.094902515411377,0.08531832695007324,10.879251480102539,132.44102478027344,9.43843527429718e+17,,20,,28.196640014648438,115449,0.13814298808574677,0.06776796281337738,
0.08897630870342255,15.233001708984375,0.17442965507507324,2.04988169670105,0.08509254455566406,11.238945960998535,629.5947265625,9.442522708773437e+17,,20,,134.04046630859375,115499,0.14381219446659088,0.05725204944610596,
0.10622073709964752,30.554079055786133,0.19193720817565918,2.2589075565338135,0.08496904373168945,9.41435718536377,30.2128849029541,9.446610143249695e+17,,20,,6.432310581207275,115549,0.11365102976560593,0.0654887706041336,
0.09528636187314987,23.712221145629883,0.17539548873901367,2.0503227710723877,0.08554530143737793,10.494681358337402,607.2922973632812,9.45069826492072e+17,,20,,129.2922821044922,115599,0.12439803779125214,0.057909995317459106,
0.0997564047574997,30.823379516601562,0.22018814086914062,2.607091188430786,0.0844573974609375,10.024418830871582,56.1533317565918,9.454785699396977e+17,,20,,11.955021858215332,115649,0.23449155688285828,0.11843110620975494,
0.09736888110637665,24.56875228881836,0.17294836044311523,2.043593406677246,0.08462953567504883,10.270221710205078,472.859375,9.458873821068001e+17,,20,,100.67156982421875,115699,0.1631809026002884,0.1034184992313385,
0.08932071924209595,14.804529190063477,0.17864561080932617,2.0889620780944824,0.08551883697509766,11.195611000061035,565.611083984375,9.462961255544259e+17,,20,,120.41837310791016,115749,0.1804429441690445,0.18605324625968933,
0.09457310289144516,22.208267211914062,0.1909787654876709,2.2407429218292236,0.08523011207580566,10.573830604553223,27.248279571533203,9.467048690020516e+17,,20,,5.8011474609375,115799,0.14435887336730957,0.07505901157855988,
0.10147736221551895,27.98415184020996,0.1743156909942627,2.0420713424682617,0.08536219596862793,9.854414939880371,631.2648315429688,9.47113681169154e+17,,20,,134.39602661132812,115849,0.1187678724527359,0.06140832602977753,
0.1094842255115509,29.926084518432617,0.18507075309753418,2.185842752456665,0.08466792106628418,9.133735656738281,241.87449645996094,9.475224246167798e+17,,20,,51.49497985839844,115899,0.22570256888866425,0.21600936353206635,
0.10545399785041809,32.77385330200195,0.19687747955322266,2.314484119415283,0.08506321907043457,9.482807159423828,54.530555725097656,9.479311680644055e+17,,20,,11.609533309936523,115949,0.1521134078502655,0.18759332597255707,
0.10383747518062592,29.767793655395508,0.1851212978363037,2.166109561920166,0.08546257019042969,9.630434036254883,194.21414184570312,9.48339980231508e+17,,20,,41.34811019897461,115999,0.1581442654132843,0.11052614450454712,
,,,,,,,,9.48339980231508e+17,20,,,115999,,,0.6250951290130615
0.08990008383989334,15.429197311401367,0.14602231979370117,1.7199592590332031,0.08489871025085449,11.123459815979004,628.65478515625,9.487487236791337e+17,,20,,133.84034729003906,116049,0.16084083914756775,0.08267970383167267,
0.08604304492473602,0.5300785899162292,0.08757209777832031,1.0258857011795044,0.08536243438720703,11.622090339660645,631.77099609375,9.491574671267594e+17,,20,,134.5037841796875,116099,0.138620063662529,0.06163664162158966,
0.08634672313928604,1.2704956531524658,0.09339594841003418,1.0920883417129517,0.08552050590515137,11.581215858459473,629.4110717773438,9.495662792938619e+17,,20,,134.00135803222656,116149,0.11798855662345886,0.05737452208995819,
0.10991477221250534,33.61689758300781,0.19287395477294922,2.2641823291778564,0.08518481254577637,9.097957611083984,126.79576110839844,9.499750227414876e+17,,20,,26.994766235351562,116199,0.151621475815773,0.0933530181646347,
0.09502673894166946,25.679426193237305,0.17177939414978027,2.0262415409088135,0.0847773551940918,10.523353576660156,636.7698974609375,9.503837661891133e+17,,20,,135.56805419921875,116249,0.21997670829296112,0.0619630366563797,
0.10148634761571884,35.32414245605469,0.24439120292663574,2.8603625297546387,0.08544063568115234,9.85354232788086,42.57881164550781,9.507925783562158e+17,,20,,9.065011978149414,116299,0.1408923715353012,0.08480179309844971,
0.09634599089622498,27.63485336303711,0.18700146675109863,2.2071356773376465,0.08472585678100586,10.37925910949707,132.79010009765625,9.512013218038415e+17,,20,,28.270957946777344,116349,0.16431476175785065,0.08445656299591064,
0.09905105829238892,27.55367088317871,0.17711496353149414,2.0766448974609375,0.08528900146484375,10.095803260803223,619.1815795898438,9.516100652514673e+17,,20,,131.82350158691406,116399,0.1337396800518036,0.06014297902584076,
0.09718942642211914,27.497482299804688,0.17669010162353516,2.080083131790161,0.08494377136230469,10.289185523986816,25.540056228637695,9.520188774185697e+17,,20,,5.437467575073242,116449,0.1302386224269867,0.06102548539638519,
0.09816586971282959,27.61241912841797,0.18555951118469238,2.1765623092651367,0.08525347709655762,10.186840057373047,72.9179458618164,9.524276208661955e+17,,20,,15.524200439453125,116499,0.1376950591802597,0.06291121244430542,
0.10006678104400635,28.686302185058594,0.17533612251281738,2.053027629852295,0.0854036808013916,9.993326187133789,129.94822692871094,9.528363643138212e+17,,20,,27.665924072265625,116549,0.1548600047826767,0.06831188499927521,
0.09931725263595581,29.649158477783203,0.18277406692504883,2.1476738452911377,0.08510327339172363,10.068743705749512,114.15369415283203,9.532451764809236e+17,,20,,24.30327606201172,116599,0.1361825317144394,0.06544172763824463,
0.08970865607261658,16.457578659057617,0.17010188102722168,2.008131504058838,0.08470654487609863,11.147196769714355,631.489501953125,9.536539199285494e+17,,20,,134.44386291503906,116649,0.3865002691745758,0.15378209948539734,
0.09609457105398178,26.882694244384766,0.18467950820922852,2.15704083442688,0.0856170654296875,10.406414985656738,26.496259689331055,9.540626633761751e+17,,20,,5.641042709350586,116699,0.17934854328632355,0.13103659451007843,
0.08991916477680206,16.546724319458008,0.16779875755310059,1.9782860279083252,0.08482027053833008,11.121100425720215,196.00125122070312,9.544714755432776e+17,,20,,41.72858810424805,116749,0.13971316814422607,0.06284099817276001,
0.09650276601314545,26.187326431274414,0.17949223518371582,2.108384370803833,0.08513259887695312,10.362397193908691,552.35791015625,9.548802189909033e+17,,20,,117.5967788696289,116799,0.1270936131477356,0.06267718970775604,
0.10045874863862991,28.53038787841797,0.18443775177001953,2.1700010299682617,0.08499431610107422,9.95433521270752,51.80880355834961,9.55288962438529e+17,,20,,11.030073165893555,116849,0.1487305462360382,0.06654557585716248,
0.09429743140935898,22.467182159423828,0.16367888450622559,1.921138882637024,0.08519887924194336,10.604743003845215,631.55517578125,9.556977746056315e+17,,20,,134.4578399658203,116899,0.1284349411725998,0.07552893459796906,
0.09836439788341522,31.150775909423828,0.2175920009613037,2.550718307495117,0.08530616760253906,10.166279792785645,38.114166259765625,9.561065180532572e+17,,20,,8.114490509033203,116949,0.11015139520168304,0.06868386268615723,
0.09640216082334518,26.66048240661621,0.18162822723388672,2.132232427597046,0.08518218994140625,10.373211860656738,411.44842529296875,9.565153302203597e+17,,20,,87.59720611572266,116999,0.19513660669326782,0.06796814501285553,
0.0965840294957161,25.741607666015625,0.18106865882873535,2.1196298599243164,0.08542466163635254,10.353678703308105,624.2706909179688,9.569240736679854e+17,,20,,132.90696716308594,117049,0.10916018486022949,0.056196585297584534,
0.09822160750627518,28.792354583740234,0.2279372215270996,2.6598873138427734,0.0856943130493164,10.181058883666992,620.2109985351562,9.573328171156111e+17,,20,,132.0426788330078,117099,0.12055104225873947,0.06241101026535034,
0.09559642523527145,25.09429931640625,0.18028497695922852,2.1050682067871094,0.08564329147338867,10.460641860961914,545.608642578125,9.577416292827136e+17,,20,,116.15985107421875,117149,0.15296238660812378,0.10151275992393494,
0.10940118879079819,28.270729064941406,0.17368674278259277,2.024603843688965,0.08578801155090332,9.140668869018555,28.180776596069336,9.581503727303393e+17,,20,,5.999675750732422,117199,0.12800386548042297,0.06565660238265991,
0.09945578873157501,30.478628158569336,0.21340346336364746,2.4923746585845947,0.08562254905700684,10.054718971252441,521.8140869140625,9.58559116177965e+17,,20,,111.09400177001953,117249,0.13526910543441772,0.06092381477355957,
0.0972529798746109,30.289379119873047,0.22156810760498047,2.5897138118743896,0.0855569839477539,10.282461166381836,521.618896484375,9.589679283450675e+17,,20,,111.05244445800781,117299,0.11471810936927795,0.06069917976856232,
0.09947101771831512,28.791227340698242,0.18856263160705566,2.2145254611968994,0.08514809608459473,10.053179740905762,28.744699478149414,9.593766717926932e+17,,20,,6.119735240936279,117349,0.12675954401493073,0.06029757857322693,
0.09507596492767334,25.612104415893555,0.18882989883422852,2.210848569869995,0.08541059494018555,10.517905235290527,573.7882080078125,9.59785415240319e+17,,20,,122.1592788696289,117399,0.22582927346229553,0.08998832106590271,
0.10410763323307037,31.085355758666992,0.21073007583618164,2.460007667541504,0.0856623649597168,9.605443954467773,24.342153549194336,9.601942274074214e+17,,20,,5.182434558868408,117449,0.13173235952854156,0.07218566536903381,
0.10544957965612411,29.61688804626465,0.19057941436767578,2.2234065532684326,0.08571505546569824,9.483205795288086,547.8731689453125,9.606029708550472e+17,,20,,116.64198303222656,117499,0.11583037674427032,0.06650383770465851,
0.10186417400836945,29.18324851989746,0.19536423683166504,2.2786965370178223,0.08573508262634277,9.816994667053223,510.9256896972656,9.610117143026729e+17,,20,,108.77587127685547,117549,0.1329815685749054,0.07892505824565887,
0.10512156039476395,33.92203903198242,0.22111797332763672,2.595853090286255,0.08518123626708984,9.512796401977539,22.10604476928711,9.614205264697754e+17,,20,,4.7063679695129395,117599,0.20957614481449127,0.1411880999803543,
0.09392368048429489,20.806161880493164,0.18601083755493164,2.1862032413482666,0.0850839614868164,10.646942138671875,626.702880859375,9.618292699174011e+17,,20,,133.42478942871094,117649,0.11072707176208496,0.06317764520645142,
0.09840825200080872,29.412126541137695,0.1955420970916748,2.2864108085632324,0.08552360534667969,10.161748886108398,536.384521484375,9.622380133650268e+17,,20,,114.196044921875,117699,0.12826034426689148,0.07157370448112488,
0.09410803020000458,25.4036865234375,0.19529175758361816,2.2786622047424316,0.08570456504821777,10.62608528137207,588.6254272460938,9.626468255321293e+17,,20,,125.31812286376953,117749,0.12147969752550125,0.05826751887798309,
0.09260360896587372,23.42777442932129,0.17581534385681152,2.063472032546997,0.08520364761352539,10.798714637756348,635.1889038085938,9.63055568979755e+17,,20,,135.23146057128906,117799,0.4027000069618225,0.18964572250843048,
0.09246364235877991,21.929821014404297,0.18282532691955566,2.1406538486480713,0.08540630340576172,10.815061569213867,26.456403732299805,9.634643124273807e+17,,20,,5.632557392120361,117849,0.14085812866687775,0.06783738732337952,
0.09612897783517838,23.761856079101562,0.17484402656555176,2.035203695297241,0.08590984344482422,10.402689933776855,631.9251098632812,9.638731245944832e+17,,20,,134.53659057617188,117899,0.12311001121997833,0.0650511234998703,
0.10179830342531204,31.54800796508789,0.20932221412658691,2.4469847679138184,0.08554291725158691,9.823346138000488,502.50360107421875,9.642818680421089e+17,,20,,106.9828109741211,117949,0.13311344385147095,0.05904833972454071,
0.09535755962133408,25.451534271240234,0.1742238998413086,2.039719820022583,0.08541560173034668,10.486845970153809,229.7894287109375,9.646906114897347e+17,,20,,48.92207336425781,117999,0.10941372066736221,0.05852189660072327,
0.1019737720489502,31.55644416809082,0.18850207328796387,2.206763982772827,0.08542013168334961,9.806443214416504,555.3345947265625,9.650994236568371e+17,,20,,118.23050689697266,118049,0.1295982301235199,0.05933094024658203,
0.105088971555233,28.440784454345703,0.1814587116241455,2.115187168121338,0.08578848838806152,9.515746116638184,26.055694580078125,9.655081671044628e+17,,20,,5.547246932983398,118099,0.1567283272743225,0.0651712566614151,
0.09726762771606445,28.775163650512695,0.19146060943603516,2.2414679527282715,0.08541750907897949,10.280912399291992,303.40081787109375,9.659169105520886e+17,,20,,64.59391021728516,118149,0.19787496328353882,0.10577334463596344,
0.08954383432865143,14.785660743713379,0.15192675590515137,1.7892045974731445,0.08491301536560059,11.167715072631836,156.07826232910156,9.66325722719191e+17,,20,,33.229000091552734,118199,0.12664686143398285,0.07206989824771881,
0.10153401643037796,26.95458984375,0.17758536338806152,2.0773229598999023,0.08548760414123535,9.848916053771973,23.169775009155273,9.667344661668168e+17,,20,,4.932836055755615,118249,0.1254170835018158,0.09977562725543976,
0.09844829887151718,27.077207565307617,0.18880176544189453,2.2079737186431885,0.08550906181335449,10.15761661529541,130.0023193359375,9.671432783339192e+17,,20,,27.677438735961914,118299,0.14337390661239624,0.07388252019882202,
0.09381730854511261,21.65216636657715,0.16119623184204102,1.8908617496490479,0.0852501392364502,10.659014701843262,28.1055850982666,9.67552021781545e+17,,20,,5.983667850494385,118349,0.14255757629871368,0.08745159208774567,
0.09834030270576477,27.292238235473633,0.17804408073425293,2.0854923725128174,0.0853726863861084,10.168770790100098,518.4757080078125,9.679607652291707e+17,,20,,110.38327026367188,118399,0.14413684606552124,0.11160987615585327,
0.0957898497581482,23.699005126953125,0.17190146446228027,2.0156357288360596,0.08528399467468262,10.439518928527832,95.53636169433594,9.683695773962732e+17,,20,,20.33965301513672,118449,0.1353866308927536,0.06767667829990387,
0.09196597337722778,21.3109188079834,0.18014144897460938,2.109022855758667,0.08541464805603027,10.873586654663086,29.44474220275879,9.687783208438989e+17,,20,,6.268773555755615,118499,0.10646183043718338,0.06250131130218506,
0.09969005733728409,29.196086883544922,0.19236230850219727,2.2531626224517822,0.08537435531616211,10.03109073638916,142.97219848632812,9.691870642915246e+17,,20,,30.438724517822266,118549,0.12491312623023987,0.06761801242828369,
0.09659674018621445,25.14815902709961,0.18990802764892578,2.2120912075042725,0.08585000038146973,10.352316856384277,134.1729278564453,9.695958764586271e+17,,20,,28.56536102294922,118599,0.2182721644639969,0.0820644199848175,
0.09299866855144501,21.586177825927734,0.1753699779510498,2.0693628787994385,0.08474588394165039,10.75284194946289,601.784423828125,9.700046199062528e+17,,20,,128.11965942382812,118649,0.10829479247331619,0.06077311933040619,
0.10324110090732574,30.995014190673828,0.21600747108459473,2.5247275829315186,0.0855567455291748,9.686064720153809,106.75897216796875,9.704133633538785e+17,,20,,22.72894287109375,118699,0.1657148003578186,0.07445602118968964,
0.0972723588347435,27.968259811401367,0.19286346435546875,2.266634941101074,0.08508801460266113,10.280412673950195,22.79691505432129,9.70822175520981e+17,,20,,4.853454113006592,118749,0.13814221322536469,0.07081794738769531,
0.09710422158241272,23.936176300048828,0.16460680961608887,1.9153025150299072,0.08594298362731934,10.298213005065918,529.3958129882812,9.712309189686067e+17,,20,,112.70816040039062,118799,0.1161881610751152,0.059558287262916565,
0.09656298905611038,25.87459945678711,0.18889665603637695,2.2114758491516113,0.08541655540466309,10.355934143066406,588.9046630859375,9.716396624162324e+17,,20,,125.37755584716797,118849,0.13294388353824615,0.09171190857887268,
0.09453266113996506,21.744552612304688,0.19268441200256348,2.250819444656372,0.08560633659362793,10.578354835510254,543.87548828125,9.720484745833349e+17,,20,,115.7908706665039,118899,0.2759055197238922,0.08251446485519409,
0.0998765081167221,29.306190490722656,0.18626737594604492,2.187312126159668,0.08515810966491699,10.012364387512207,582.320556640625,9.724572180309606e+17,,20,,123.97581481933594,118949,0.16314534842967987,0.06565223634243011,
0.29310810565948486,421.37750244140625,8.934146881103516,104.60787200927734,0.08540606498718262,3.411710739135742,30.852750778198242,9.728659614785864e+17,,20,,6.568538188934326,118999,0.12121229618787766,0.06119997799396515,
0.10189748555421829,30.344097137451172,0.18160343170166016,2.1251189708709717,0.08545565605163574,9.8137845993042,539.61669921875,9.732747736456888e+17,,20,,114.8841781616211,119049,0.1511615663766861,0.06836499273777008,
0.09741660952568054,28.992382049560547,0.20536422729492188,2.405690908432007,0.08536601066589355,10.265190124511719,636.5452270507812,9.736835170933146e+17,,20,,135.5202178955078,119099,0.12340201437473297,0.064016193151474,
0.09531107544898987,28.129690170288086,0.2401423454284668,2.8320980072021484,0.0847930908203125,10.491959571838379,22.868865966796875,9.740922605409403e+17,,20,,4.868772506713867,119149,0.11417301744222641,0.05710260570049286,
0.0973518118262291,26.572158813476562,0.17826533317565918,2.0820252895355225,0.08562111854553223,10.27202320098877,481.02978515625,9.745010727080428e+17,,20,,102.41104888916016,119199,0.1209210529923439,0.0711825042963028,
0.09365161508321762,23.8331298828125,0.17491650581359863,2.045299530029297,0.08552122116088867,10.677872657775879,24.42291259765625,9.749098161556685e+17,,20,,5.1996283531188965,119249,0.1260068118572235,0.08179473876953125,
0.09689304232597351,22.026060104370117,0.15835857391357422,1.851992130279541,0.08550715446472168,10.320658683776855,532.7891845703125,9.753185596032942e+17,,20,,113.43061065673828,119299,0.14512108266353607,0.05917826294898987,
0.10257482528686523,30.69451332092285,0.17979860305786133,2.1022744178771973,0.0855257511138916,9.748980522155762,526.559326171875,9.757273717703967e+17,,20,,112.10426330566406,119349,0.14353324472904205,0.06477347016334534,
0.09417808800935745,25.664669036865234,0.182358980178833,2.139164686203003,0.08524775505065918,10.618181228637695,24.576414108276367,9.761361152180224e+17,,20,,5.232308864593506,119399,0.1643335074186325,0.06613059341907501,
0.10026519745588303,27.468170166015625,0.18606114387512207,2.198047637939453,0.08464837074279785,9.973550796508789,123.46720123291016,9.765448586656481e+17,,20,,26.286115646362305,119449,0.15360553562641144,0.0968417376279831,
0.09827766567468643,27.022111892700195,0.1824352741241455,2.145231246948242,0.08504223823547363,10.175251960754395,123.51634216308594,9.769536708327506e+17,,20,,26.296579360961914,119499,0.11234116554260254,0.06351245939731598,
0.10242759436368942,29.737106323242188,0.20091867446899414,2.3371975421905518,0.08596563339233398,9.762994766235352,46.4032096862793,9.773624142803763e+17,,20,,9.87922477722168,119549,0.11550586670637131,0.06266248226165771,
0.09104142338037491,17.769437789916992,0.16301679611206055,1.9157212972640991,0.08509421348571777,10.984010696411133,610.4453125,9.777712264474788e+17,,20,,129.96356201171875,119599,0.17602816224098206,0.07448123395442963,
0.10127044469118118,30.267799377441406,0.18185043334960938,2.1466293334960938,0.08471441268920898,9.874549865722656,92.30418395996094,9.781799698951045e+17,,20,,19.65152359008789,119649,0.11972711980342865,0.05678652226924896,
0.09975359588861465,29.273778915405273,0.20552968978881836,2.4097423553466797,0.08529114723205566,10.024701118469238,41.66554260253906,9.785887133427302e+17,,20,,8.870577812194824,119699,0.13352440297603607,0.06626932322978973,
0.10258708149194717,32.242706298828125,0.20202374458312988,2.3629231452941895,0.08549737930297852,9.74781608581543,65.14954376220703,9.789975255098327e+17,,20,,13.870311737060547,119749,0.13387535512447357,0.06756982207298279,
0.09154579043388367,21.750324249267578,0.1811668872833252,2.135801315307617,0.0848238468170166,10.923495292663574,51.86781311035156,9.794062689574584e+17,,20,,11.042635917663574,119799,0.18761906027793884,0.09395790100097656,
0.10194481164216995,31.7856502532959,0.18930935859680176,2.2171926498413086,0.08538246154785156,9.809228897094727,550.6189575195312,9.798150124050842e+17,,20,,117.2265625,119849,0.1514703631401062,0.06464958190917969,
0.10308204591274261,34.939510345458984,0.25093936920166016,2.933891534805298,0.08553123474121094,9.701010704040527,38.56532287597656,9.802238245721866e+17,,20,,8.210541725158691,119899,0.11531613767147064,0.05989527702331543,
0.09584879875183105,28.402095794677734,0.20491647720336914,2.40803861618042,0.08509683609008789,10.433098793029785,43.455810546875,9.806325680198124e+17,,20,,9.251724243164062,119949,0.1692131906747818,0.09101471304893494,
0.10029013454914093,29.788135528564453,0.19633221626281738,2.2966225147247314,0.08548736572265625,9.971070289611816,141.24130249023438,9.810413114674381e+17,,20,,30.070215225219727,119999,0.15667761862277985,0.111020028591156,
,,,,,,,,9.810413114674381e+17,20,,,119999,,,0.668579638004303
0.08781318366527557,12.977917671203613,0.16723227500915527,1.9783025979995728,0.0845332145690918,11.387811660766602,622.4197998046875,9.814501236345405e+17,,20,,132.51292419433594,120049,0.14659224450588226,0.0725618451833725,
0.08627894520759583,0.8833884596824646,0.08994269371032715,1.0541541576385498,0.08532214164733887,11.590312957763672,631.6754150390625,9.818588670821663e+17,,20,,134.4834442138672,120099,0.2001737654209137,0.15205493569374084,
0.08613014221191406,0.7330215573310852,0.08837723731994629,1.034670352935791,0.08541584014892578,11.610337257385254,621.4173583984375,9.82267610529792e+17,,20,,132.29949951171875,120149,0.1368139386177063,0.0787874311208725,
0.10807733237743378,31.696428298950195,0.19305992126464844,2.2635905742645264,0.08528923988342285,9.252634048461914,340.9770202636719,9.826764226968945e+17,,20,,72.5938720703125,120199,0.13213713467121124,0.06230957806110382,
0.08944124728441238,16.149925231933594,0.17433500289916992,2.0405421257019043,0.08543562889099121,11.180523872375488,627.4727172851562,9.830851661445202e+17,,20,,133.58868408203125,120249,0.14688967168331146,0.07415282726287842,
0.09224487096071243,22.437665939331055,0.1861097812652588,2.1910746097564697,0.08493995666503906,10.84071159362793,21.265949249267578,9.834939095921459e+17,,20,,4.527512073516846,120299,0.12275832146406174,0.0661359429359436,
0.09185241907835007,19.575170516967773,0.17246365547180176,2.0260565280914307,0.08512282371520996,10.887029647827148,216.54962158203125,9.839027217592484e+17,,20,,46.103328704833984,120349,0.12594974040985107,0.0645306259393692,
0.0881577879190445,11.015544891357422,0.15588855743408203,1.825798511505127,0.08538103103637695,11.343297004699707,622.8592529296875,9.843114652068741e+17,,20,,132.60647583007812,120399,0.13357649743556976,0.061633795499801636,
0.08789334446191788,13.48207950592041,0.1704998016357422,2.0243215560913086,0.08422565460205078,11.377426147460938,22.71969985961914,9.847202086544998e+17,,20,,4.837015151977539,120449,0.13863173127174377,0.06709462404251099,
,,,,,,633.4891357421875,9.851290208216023e+17,,21,,134.8695831298828,120499,0.14165881276130676,0.0815296471118927,
0.094521664083004,25.332063674926758,0.17916488647460938,3.9312386512756348,0.04557466506958008,10.579585075378418,627.6534423828125,9.85537764269228e+17,,21,,133.62716674804688,120549,0.1194048672914505,0.061582520604133606,
0.0963333249092102,26.45344352722168,0.18338656425476074,2.147566795349121,0.08539271354675293,10.380623817443848,149.5725555419922,9.859465077168538e+17,,21,,31.843936920166016,120599,0.12958867847919464,0.06606543064117432,
0.08937235176563263,15.231558799743652,0.18366789817810059,2.164708137512207,0.08484649658203125,11.189142227172852,603.236328125,9.863553198839562e+17,,21,,128.42877197265625,120649,0.12663157284259796,0.06956428289413452,
0.0938807800412178,22.397546768188477,0.17682766914367676,2.074761152267456,0.08522796630859375,10.651806831359863,25.48430633544922,9.86764063331582e+17,,21,,5.42559814453125,120699,0.15068590641021729,0.07331977784633636,
0.09506677091121674,26.302997589111328,0.18639230728149414,2.192978858947754,0.08499503135681152,10.518922805786133,637.7053833007812,9.871728067792077e+17,,21,,135.76722717285156,120749,0.12621216475963593,0.06101752817630768,
0.09599662572145462,27.629350662231445,0.18124890327453613,2.1319563388824463,0.08501529693603516,10.417032241821289,598.0573120117188,9.875816189463101e+17,,21,,127.32616424560547,120799,0.12782399356365204,0.057368382811546326,
0.098833367228508,28.03509521484375,0.17902469635009766,2.108579158782959,0.08490300178527832,10.118040084838867,103.73881530761719,9.879903623939359e+17,,21,,22.085952758789062,120849,0.12145190685987473,0.059284359216690063,
0.10347487777471542,31.898590087890625,0.18361592292785645,2.1524343490600586,0.08530616760253906,9.66418170928955,635.2986450195312,9.883991745610383e+17,,21,,135.25482177734375,120899,0.12672024965286255,0.07229788601398468,
0.09251778572797775,19.28273582458496,0.1760249137878418,2.0600287914276123,0.08544778823852539,10.808732032775879,25.548276901245117,9.88807918008664e+17,,21,,5.439218044281006,120949,0.11351409554481506,0.0625113993883133,
0.09180601686239243,16.24900245666504,0.16735053062438965,1.9666059017181396,0.08509612083435059,10.892532348632812,166.8260955810547,9.892166614562898e+17,,21,,35.517208099365234,120999,0.30305182933807373,0.1073889285326004,
0.09060264378786087,15.900786399841309,0.15615034103393555,1.8317853212356567,0.08524489402770996,11.037205696105957,635.6682739257812,9.896254736233923e+17,,21,,135.33351135253906,121049,0.14389845728874207,0.07114885747432709,
0.09853462874889374,29.02071762084961,0.17938709259033203,2.0995407104492188,0.08544111251831055,10.14871597290039,24.72772789001465,9.90034217071018e+17,,21,,5.264523029327393,121099,0.1473960429430008,0.06540022790431976,
0.09605158865451813,27.5532169342041,0.18618559837341309,2.1941473484039307,0.08485555648803711,10.41107177734375,630.5729370117188,9.904429605186437e+17,,21,,134.24871826171875,121149,0.15270107984542847,0.07352940738201141,
0.09797331690788269,25.30632781982422,0.17220783233642578,2.016848564147949,0.08538460731506348,10.206860542297363,31.14817237854004,9.908517726857462e+17,,21,,6.631433486938477,121199,0.1641695350408554,0.06028100848197937,
0.09969095140695572,29.553058624267578,0.1874678134918213,2.2092082500457764,0.08485746383666992,10.031000137329102,621.6009521484375,9.912605161333719e+17,,21,,132.33859252929688,121249,0.12893730401992798,0.07288943231105804,
0.0919886901974678,17.93600845336914,0.18793797492980957,2.18595027923584,0.08597540855407715,10.870902061462402,584.9603881835938,9.916692595809976e+17,,21,,124.53782653808594,121299,0.12866640090942383,0.06626361608505249,
0.09784884750843048,26.913747787475586,0.1789853572845459,2.0933024883270264,0.08550381660461426,10.219843864440918,40.308475494384766,9.920780717481001e+17,,21,,8.581657409667969,121349,0.12758690118789673,0.05550554394721985,
0.09422101825475693,24.400259017944336,0.1842951774597168,2.1578216552734375,0.08540797233581543,10.613343238830566,94.79378509521484,9.924868151957258e+17,,21,,20.18155860900879,121399,0.17366960644721985,0.09434297680854797,
0.09962110966444016,29.185155868530273,0.20317554473876953,2.3888654708862305,0.08505105972290039,10.038033485412598,632.2346801757812,9.928955586433516e+17,,21,,134.60250854492188,121449,0.14909319579601288,0.07718950510025024,
0.09323462843894958,22.126188278198242,0.1750321388244629,2.0653531551361084,0.0847468376159668,10.725628852844238,128.26324462890625,9.93304370810454e+17,,21,,27.307191848754883,121499,0.15655134618282318,0.0898507833480835,
0.09489022195339203,24.335342407226562,0.19277262687683105,2.2576661109924316,0.08538579940795898,10.538493156433105,542.6436767578125,9.937131142580797e+17,,21,,115.52861785888672,121549,0.12503619492053986,0.07999716699123383,
0.10193829238414764,28.367204666137695,0.18150711059570312,2.1072654724121094,0.08613395690917969,9.809856414794922,24.054433822631836,9.941218577057055e+17,,21,,5.121179103851318,121599,0.1401396244764328,0.08391229808330536,
0.10006070137023926,30.88083267211914,0.2389993667602539,2.807487964630127,0.0851292610168457,9.99393367767334,262.759521484375,9.94530669872808e+17,,21,,55.94139862060547,121649,0.18800725042819977,0.07015758752822876,
0.09167066961526871,20.005950927734375,0.18060016632080078,2.12856388092041,0.08484601974487305,10.908614158630371,588.7528686523438,9.949394133204337e+17,,21,,125.34524536132812,121699,0.14082154631614685,0.10846759378910065,
0.09941423684358597,28.021638870239258,0.191178560256958,2.2350716590881348,0.08553576469421387,10.058921813964844,75.68960571289062,9.953481567680594e+17,,21,,16.114286422729492,121749,0.15301388502120972,0.09026132524013519,
0.09814415872097015,29.74125862121582,0.18889689445495605,2.207873582839966,0.0855560302734375,10.189093589782715,500.5452575683594,9.957569689351619e+17,,21,,106.56587982177734,121799,0.19413124024868011,0.07740718126296997,
0.0990108773112297,29.555328369140625,0.19724416732788086,2.315284252166748,0.08519220352172852,10.099900245666504,54.592506408691406,9.961657123827876e+17,,21,,11.622722625732422,121849,0.14841951429843903,0.0734851211309433,
0.095463827252388,25.16728973388672,0.20053744316101074,2.3578343391418457,0.0850515365600586,10.47517204284668,93.31578826904297,9.965744558304133e+17,,21,,19.866893768310547,121899,0.23330426216125488,0.17223364114761353,
0.09896256774663925,28.144062042236328,0.18519210815429688,2.173809051513672,0.08519244194030762,10.104830741882324,445.7744140625,9.969832679975158e+17,,21,,94.90518951416016,121949,0.12448102235794067,0.06629365682601929,
0.11103615909814835,34.91384506225586,0.20778799057006836,2.420206308364868,0.08585548400878906,9.006074905395508,28.821413040161133,9.973920114451415e+17,,21,,6.136066913604736,121999,0.19541722536087036,0.08528585731983185,
0.10354578495025635,30.19495964050293,0.19853997230529785,2.324373483657837,0.08541655540466309,9.657563209533691,525.643798828125,9.978007548927672e+17,,21,,111.90934753417969,122049,0.13730522990226746,0.06319968402385712,
0.09812739491462708,28.45985221862793,0.18310141563415527,2.1415908336639404,0.08549785614013672,10.190834045410156,33.82453918457031,9.982095670598697e+17,,21,,7.201231002807617,122099,0.1564980447292328,0.07067106664180756,
0.10126771777868271,26.846834182739258,0.1808028221130371,2.1182026863098145,0.0853567123413086,9.874814987182617,52.235565185546875,9.986183105074954e+17,,21,,11.120930671691895,122149,0.1480787694454193,0.07152865827083588,
0.10172425955533981,32.58236312866211,0.2113478183746338,2.4736976623535156,0.08543801307678223,9.830496788024902,450.541259765625,9.990270539551212e+17,,21,,95.92005157470703,122199,0.158712700009346,0.09147213399410248,
0.11885946989059448,38.655982971191406,0.22609543800354004,2.6072394847869873,0.08671832084655762,8.413296699523926,36.4851188659668,9.994358661222236e+17,,21,,7.767667293548584,122249,0.10942886769771576,0.0697750449180603,
0.11198363453149796,34.774009704589844,0.2140798568725586,2.473543167114258,0.0865478515625,8.929876327514648,240.57286071777344,9.998446095698493e+17,,21,,51.217864990234375,122299,0.16329805552959442,0.06503631174564362,
0.09533657878637314,25.77396011352539,0.17992663383483887,2.115032911300659,0.08507037162780762,10.489153861999512,627.3890991210938,1.0002534217369518e+18,,21,,133.57089233398438,122349,0.13438807427883148,0.07148875296115875,
0.09977158904075623,28.26050567626953,0.18895626068115234,2.2073678970336914,0.0856025218963623,10.022893905639648,62.5124397277832,1.0006621651845775e+18,,21,,13.308873176574707,122399,0.1073617935180664,0.0632859319448471,
0.09542934596538544,28.316423416137695,0.2115166187286377,2.4912526607513428,0.08490371704101562,10.47895622253418,468.338134765625,1.0010709086322033e+18,,21,,99.70899963378906,122449,0.21863144636154175,0.09818233549594879,
0.12112893164157867,31.163217544555664,0.18687963485717773,2.1850078105926514,0.08552813529968262,8.25566577911377,54.84186553955078,1.0014797207993057e+18,,21,,11.675810813903809,122499,0.12518484890460968,0.05814860761165619,
0.10901933908462524,30.141529083251953,0.1799619197845459,2.106809377670288,0.0854191780090332,9.172684669494629,48.898681640625,1.0018884642469315e+18,,21,,10.41050910949707,122549,0.16842466592788696,0.06880307197570801,
0.10570937395095825,30.21955680847168,0.19129252433776855,2.2518889904022217,0.08494758605957031,9.459898948669434,510.2657470703125,1.0022972076945572e+18,,21,,108.6353759765625,122599,0.13011415302753448,0.0554095059633255,
0.10548609495162964,33.27419662475586,0.20554471015930176,2.4191830158233643,0.08496451377868652,9.4799222946167,556.41015625,1.0027060198616596e+18,,21,,118.4594955444336,122649,0.13189668953418732,0.06040641665458679,
0.10315020382404327,30.183517456054688,0.18288922309875488,2.1441612243652344,0.0852963924407959,9.694601058959961,590.45751953125,1.0031147633092854e+18,,21,,125.70816802978516,122699,0.1727539598941803,0.07120910286903381,
0.10032539069652557,29.609882354736328,0.19127249717712402,2.231268882751465,0.0857236385345459,9.96756649017334,24.643840789794922,1.0035235067569111e+18,,21,,5.246663570404053,122749,0.15029621124267578,0.06928561627864838,
0.11096423864364624,31.86570167541504,0.20185184478759766,2.3602609634399414,0.08552098274230957,9.01191234588623,479.7747497558594,1.0039323189240136e+18,,21,,102.14384460449219,122799,0.2109600305557251,0.08260203897953033,
0.11133325845003128,33.413516998291016,0.21910643577575684,2.5628411769866943,0.08549356460571289,8.982041358947754,505.84033203125,1.0043410623716393e+18,,21,,107.69319915771484,122849,0.14014172554016113,0.06825071573257446,
0.1059393510222435,26.735422134399414,0.16878581047058105,1.98117995262146,0.08519458770751953,9.439363479614258,39.61636734008789,1.004749805819265e+18,,21,,8.434309005737305,122899,0.1459612101316452,0.11407473683357239,
0.10565431416034698,30.753488540649414,0.1839756965637207,2.150419235229492,0.08555340766906738,9.464829444885254,537.648681640625,1.0051586179863675e+18,,21,,114.4651870727539,122949,0.16810987889766693,0.07885684072971344,
0.09379256516695023,21.076906204223633,0.17342281341552734,2.043546199798584,0.08486366271972656,10.661826133728027,26.853147506713867,1.0055673614339932e+18,,21,,5.717024326324463,122999,0.12013175338506699,0.06652054190635681,
0.1038370355963707,30.42281150817871,0.1731095314025879,2.028247356414795,0.08534932136535645,9.630475997924805,490.31878662109375,1.005976104881619e+18,,21,,104.38866424560547,123049,0.12619967758655548,0.08724749088287354,
0.10203342884778976,29.099889755249023,0.1919257640838623,2.234750270843506,0.08588242530822754,9.80070972442627,631.1614990234375,1.0063849170487214e+18,,21,,134.37403869628906,123099,0.17882415652275085,0.08241203427314758,
0.09251885116100311,19.45102882385254,0.17008233070373535,2.0000083446502686,0.08504080772399902,10.808608055114746,21.985830307006836,1.0067936604963471e+18,,21,,4.680774211883545,123149,0.11703839153051376,0.07793401181697845,
0.09965107589960098,29.827198028564453,0.18917393684387207,2.214926242828369,0.08540868759155273,10.035014152526855,641.9201049804688,1.0072024039439729e+18,,21,,136.66453552246094,123199,0.1575411856174469,0.10318587720394135,
0.0902138203382492,19.90917205810547,0.1909322738647461,2.2315640449523926,0.08555984497070312,11.084775924682617,556.6748657226562,1.0076112161110753e+18,,21,,118.5158462524414,123249,0.16288945078849792,0.07192882895469666,
0.09579705446958542,26.520917892456055,0.18667054176330566,2.188988447189331,0.08527708053588867,10.43873405456543,586.2395629882812,1.008019959558701e+18,,21,,124.81016540527344,123299,0.11281590163707733,0.07113726437091827,
0.09302079677581787,20.824357986450195,0.17344903945922852,2.034475803375244,0.08525490760803223,10.750284194946289,637.1249389648438,1.0084287030063268e+18,,21,,135.64364624023438,123349,0.1368006467819214,0.10607904195785522,
0.08862945437431335,14.82177734375,0.1804187297821045,2.1088550090789795,0.08555293083190918,11.282930374145508,19.37257194519043,1.0088375151734292e+18,,21,,4.124412536621094,123399,0.13406336307525635,0.07047644257545471,
0.09557576477527618,26.694908142089844,0.20186567306518555,2.3642587661743164,0.08538222312927246,10.462903022766113,623.2622680664062,1.009246258621055e+18,,21,,132.69229125976562,123449,0.15467798709869385,0.18324953317642212,
0.08839986473321915,12.281479835510254,0.16390514373779297,1.9243762493133545,0.08517313003540039,11.312234878540039,640.8877563476562,1.0096550020686807e+18,,21,,136.4447479248047,123499,0.13031743466854095,0.07025890052318573,
0.09374294430017471,22.88515281677246,0.17374682426452637,2.0364537239074707,0.08531832695007324,10.667469024658203,570.548828125,1.0100638142357832e+18,,21,,121.46961212158203,123549,0.145552858710289,0.10026603937149048,
0.09498953819274902,26.498878479003906,0.19002866744995117,2.214449644088745,0.08581304550170898,10.527475357055664,633.908935546875,1.0104725576834089e+18,,21,,134.95895385742188,123599,0.13962559401988983,0.058433711528778076,
0.0897153913974762,17.655649185180664,0.16649627685546875,1.9619320631027222,0.08486342430114746,11.14635944366455,23.6937255859375,1.0108813698505114e+18,,21,,5.044384956359863,123649,0.12113931775093079,0.07003355026245117,
0.09930451214313507,25.1716365814209,0.17272520065307617,2.021271228790283,0.08545374870300293,10.070035934448242,580.1954956054688,1.0112901132981371e+18,,21,,123.52338409423828,123699,0.11862175166606903,0.06644579768180847,
0.09761511534452438,23.11443328857422,0.1667017936706543,1.9519875049591064,0.08540105819702148,10.244315147399902,635.8875122070312,1.0116988567457628e+18,,21,,135.38018798828125,123749,0.1606731116771698,0.08440527319908142,
0.09184420853853226,21.861421585083008,0.1748354434967041,2.0501012802124023,0.0852813720703125,10.888002395629883,33.36279296875,1.0121076689128653e+18,,21,,7.1029253005981445,123799,0.13841912150382996,0.06646576523780823,
0.09044943004846573,19.718793869018555,0.1855318546295166,2.1729867458343506,0.08538103103637695,11.055901527404785,561.6873779296875,1.012516412360491e+18,,21,,119.58301544189453,123849,0.11834677308797836,0.06109745800495148,
0.0914575383067131,15.705558776855469,0.16003656387329102,1.874930500984192,0.08535599708557129,10.934036254882812,19.96067237854004,1.0129251558081167e+18,,21,,4.249619007110596,123899,0.19096043705940247,0.09493178129196167,
0.10518848896026611,30.712186813354492,0.19103574752807617,2.227571725845337,0.08575963973999023,9.506743431091309,139.45140075683594,1.0133339679752192e+18,,21,,29.689146041870117,123949,0.13056203722953796,0.08916233479976654,
0.09543538838624954,24.289785385131836,0.17682552337646484,2.074857711791992,0.08522295951843262,10.478293418884277,528.5192260742188,1.0137427114228449e+18,,21,,112.52153778076172,123999,0.1640646904706955,0.07076847553253174,
,,,,,,,,1.0137427114228449e+18,21,,,123999,,,0.6736938953399658
0.09255438297986984,22.398401260375977,0.18299221992492676,2.1662893295288086,0.08447265625,10.804458618164062,616.8655395507812,1.0141514548704707e+18,,21,,131.33042907714844,124049,0.13822561502456665,0.07840171456336975,
0.08712629228830338,1.2173349857330322,0.0910196304321289,1.0647530555725098,0.08548426628112793,11.477591514587402,630.74462890625,1.0145602670375731e+18,,21,,134.2852783203125,124099,0.12703000009059906,0.07056958973407745,
0.08702988177537918,1.0064679384231567,0.08881998062133789,1.0415806770324707,0.08527421951293945,11.49030590057373,33.946895599365234,1.0149690104851988e+18,,21,,7.227280139923096,124149,0.1875145435333252,0.061316877603530884,
0.09186839312314987,20.195377349853516,0.1695406436920166,1.9843480587005615,0.08543896675109863,10.885136604309082,99.14315032958984,1.0153777539328246e+18,,21,,21.10753631591797,124199,0.13215500116348267,0.059825316071510315,
0.09599567949771881,26.506074905395508,0.1921243667602539,2.2479147911071777,0.08546781539916992,10.417135238647461,213.6619415283203,1.015786566099927e+18,,21,,45.48854064941406,124249,0.1454363912343979,0.07533426582813263,
0.10015971958637238,29.845727920532227,0.18665528297424316,2.187286853790283,0.08533644676208496,9.984053611755371,24.916383743286133,1.0161953095475528e+18,,21,,5.304687976837158,124299,0.11344905942678452,0.05943821370601654,
0.09075623005628586,19.071313858032227,0.17252254486083984,2.020190477371216,0.08539915084838867,11.018527030944824,55.011680603027344,1.0166040529951785e+18,,21,,11.71196460723877,124349,0.12857231497764587,0.05726537108421326,
0.09576668590307236,26.299816131591797,0.1819615364074707,2.128513813018799,0.08548760414123535,10.442045211791992,41.539180755615234,1.017012865162281e+18,,21,,8.843674659729004,124399,0.12629424035549164,0.06873190402984619,
0.09685398638248444,26.216981887817383,0.17730069160461426,2.079880714416504,0.08524560928344727,10.324820518493652,167.9164276123047,1.0174216086099067e+18,,21,,35.74934005737305,124449,0.12746384739875793,0.05861207842826843,
0.09124324470758438,20.615806579589844,0.17105364799499512,2.0096778869628906,0.08511495590209961,10.959715843200684,643.9802856445312,1.0178303520575324e+18,,21,,137.1031494140625,124499,0.11266808211803436,0.06804841756820679,
0.08631359785795212,1.5646885633468628,0.09139204025268555,1.0757461786270142,0.08495688438415527,11.585659980773926,19.267486572265625,1.0182391642246349e+18,,21,,4.102039813995361,124549,0.12013286352157593,0.05945847928524017,
0.09458447247743607,24.008750915527344,0.17322468757629395,2.0326571464538574,0.0852208137512207,10.57256031036377,587.7639770507812,1.0186479076722606e+18,,21,,125.13471221923828,124599,0.11432075500488281,0.057565838098526,
0.09157241135835648,18.405616760253906,0.1775829792022705,2.0900957584381104,0.08496403694152832,10.920319557189941,641.1141357421875,1.0190566511198863e+18,,21,,136.49293518066406,124649,0.18650931119918823,0.06834614276885986,
0.09413105249404907,25.30681610107422,0.1929340362548828,2.266594171524048,0.08512067794799805,10.623486518859863,45.65641403198242,1.0194654632869888e+18,,21,,9.720232009887695,124699,0.1527080535888672,0.11414535343647003,
0.09577004611492157,25.571950912475586,0.18331360816955566,2.147876024246216,0.08534646034240723,10.441678047180176,640.8430786132812,1.0198742067346145e+18,,21,,136.4352264404297,124749,0.1832156479358673,0.08043015003204346,
0.08670344203710556,2.2346789836883545,0.09800171852111816,1.1491316556930542,0.08528327941894531,11.533568382263184,19.727710723876953,1.0202829501822403e+18,,21,,4.200021266937256,124799,0.14665043354034424,0.07747204601764679,
0.1135011836886406,32.384586334228516,0.196580171585083,2.3001646995544434,0.0854635238647461,8.810481071472168,158.0870819091797,1.0206917623493427e+18,,21,,33.65667724609375,124849,0.1325393170118332,0.0705060064792633,
0.10079169273376465,30.17646598815918,0.20395874977111816,2.386507272720337,0.08546328544616699,9.921452522277832,589.2337646484375,1.0211005057969684e+18,,21,,125.4476318359375,124899,0.11735307425260544,0.06400750577449799,
0.09621888399124146,25.58959197998047,0.17254638671875,2.021852493286133,0.08534073829650879,10.392970085144043,549.306640625,1.0215093179640709e+18,,21,,116.9471664428711,124949,0.14518395066261292,0.07109576463699341,
0.0982213169336319,29.545024871826172,0.1866922378540039,2.19209885597229,0.08516597747802734,10.181089401245117,545.1683959960938,1.0219180614116966e+18,,21,,116.06612396240234,124999,0.1296088695526123,0.06461529433727264,
0.09303407371044159,18.73301124572754,0.17386269569396973,2.035388708114624,0.08541989326477051,10.748749732971191,26.903602600097656,1.0223268048593224e+18,,21,,5.727766036987305,125049,0.1490613967180252,0.07626968622207642,
0.0978894829750061,28.325708389282227,0.18723011016845703,2.1897342205047607,0.08550357818603516,10.215601921081543,281.69598388671875,1.0227356170264248e+18,,21,,59.97296142578125,125099,0.13579918444156647,0.06306646764278412,
0.09658090770244598,27.14413070678711,0.1895580291748047,2.2319529056549072,0.08492922782897949,10.354012489318848,570.492431640625,1.0231443604740506e+18,,21,,121.45760345458984,125149,0.1596137285232544,0.09173339605331421,
0.10228189080953598,30.543447494506836,0.18137407302856445,2.124474048614502,0.0853736400604248,9.776902198791504,25.272119522094727,1.0235531039216763e+18,,21,,5.3804240226745605,125199,0.12011808156967163,0.060898467898368835,
0.09277595579624176,24.009504318237305,0.19585919380187988,2.289863109588623,0.08553314208984375,10.778655052185059,495.22406005859375,1.0239619160887788e+18,,21,,105.43299865722656,125249,0.15705415606498718,0.06356632709503174,
0.10217373818159103,30.63241958618164,0.18444347381591797,2.1655125617980957,0.08517313003540039,9.787250518798828,20.219066619873047,1.0243706595364045e+18,,21,,4.304631233215332,125299,0.13804805278778076,0.08678379654884338,
0.09587983787059784,25.075206756591797,0.1726384162902832,2.0172669887542725,0.08558034896850586,10.42972183227539,530.7666625976562,1.0247794029840302e+18,,21,,113.00000762939453,125349,0.13261155784130096,0.06716194748878479,
0.09855934232473373,26.04145050048828,0.17715120315551758,2.0698139667510986,0.08558797836303711,10.146171569824219,638.139892578125,1.0251882151511327e+18,,21,,135.85972595214844,125399,0.13430985808372498,0.0657101571559906,
0.08813610672950745,10.291232109069824,0.14888238906860352,1.7500693798065186,0.08507227897644043,11.346087455749512,27.57590103149414,1.0255969585987584e+18,,21,,5.8708977699279785,125449,0.11988530308008194,0.08176109194755554,
0.09701493382453918,27.00994110107422,0.18044829368591309,2.110159158706665,0.08551406860351562,10.30769157409668,89.10191345214844,1.0260057020463841e+18,,21,,18.96976089477539,125499,0.13307330012321472,0.07201315462589264,
0.1035541519522667,31.386667251586914,0.1891036033630371,2.202195167541504,0.08587050437927246,9.656783103942871,533.4517822265625,1.0264145142134866e+18,,21,,113.57167053222656,125549,0.12584976851940155,0.06411151587963104,
0.10350259393453598,32.00447082519531,0.1914536952972412,2.2297115325927734,0.08586478233337402,9.661593437194824,572.9847412109375,1.0268232576611123e+18,,21,,121.98822784423828,125599,0.1144762933254242,0.06736674904823303,
0.09029342979192734,18.83662223815918,0.17910003662109375,2.1115477085113525,0.08481931686401367,11.075003623962402,607.8624267578125,1.027232001108738e+18,,21,,129.41366577148438,125649,0.1489294022321701,0.09714028239250183,
0.10374849289655685,31.402803421020508,0.19631123542785645,2.293977975845337,0.08557677268981934,9.638693809509277,87.01188659667969,1.0276408132758405e+18,,21,,18.524795532226562,125699,0.12766502797603607,0.06852275133132935,
0.09855446964502335,28.94938087463379,0.1877901554107666,2.1916580200195312,0.08568406105041504,10.146673202514648,53.171913146972656,1.0280495567234662e+18,,21,,11.32027816772461,125749,0.1365404725074768,0.08176618814468384,
0.09609250724315643,26.347246170043945,0.18224740028381348,2.1233479976654053,0.0858302116394043,10.406638145446777,615.3605346679688,1.028458300171092e+18,,21,,131.010009765625,125799,0.1187935322523117,0.06752671301364899,
0.09346598386764526,22.398578643798828,0.18283295631408691,2.1372528076171875,0.08554577827453613,10.699079513549805,629.2109985351562,1.0288671123381944e+18,,21,,133.95877075195312,125849,0.15890847146511078,0.1196887344121933,
0.09868954867124557,30.87394905090332,0.20735669136047363,2.4345998764038086,0.08517074584960938,10.13278579711914,582.7772216796875,1.0292758557858202e+18,,21,,124.07302856445312,125899,0.1481679230928421,0.0691513866186142,
0.10200170427560806,30.175683975219727,0.19874358177185059,2.3200416564941406,0.0856637954711914,9.803757667541504,40.505149841308594,1.0296845992334459e+18,,21,,8.623529434204102,125949,0.1273534744977951,0.0595359206199646,
0.11180306226015091,33.414794921875,0.20475316047668457,2.389463186264038,0.08569002151489258,8.94429874420166,34.67538833618164,1.0300934114005484e+18,,21,,7.382376194000244,125999,0.12124206125736237,0.06391449272632599,
0.10264291614294052,31.21946907043457,0.18702459335327148,2.1847658157348633,0.08560395240783691,9.742513656616211,605.1762084960938,1.0305021548481741e+18,,21,,128.84176635742188,126049,0.11907903105020523,0.06131753325462341,
0.1051451712846756,32.21881866455078,0.1921842098236084,2.251246213912964,0.08536791801452637,9.510660171508789,55.1946907043457,1.0309108982957998e+18,,21,,11.750927925109863,126099,0.14236308634281158,0.0871119350194931,
0.09698907285928726,29.73638343811035,0.22240757942199707,2.619615316390991,0.0849008560180664,10.310440063476562,60.52404022216797,1.0313197104629023e+18,,21,,12.885543823242188,126149,0.154274582862854,0.08060887455940247,
0.09648577868938446,28.901639938354492,0.20344138145446777,2.4202487468719482,0.08405804634094238,10.364221572875977,311.5078430175781,1.031728453910528e+18,,21,,66.31989288330078,126199,0.1611729860305786,0.11662448942661285,
,,,,,,643.4808959960938,1.0321372660776305e+18,,22,,136.996826171875,126249,0.17154823243618011,0.09868884086608887,
0.09328160434961319,23.991825103759766,0.180436372756958,3.932537317276001,0.0458829402923584,10.720227241516113,29.952198028564453,1.0325460095252562e+18,,22,,6.3768110275268555,126299,0.148032084107399,0.06383980810642242,
0.09274300187826157,22.32185935974121,0.17958498001098633,2.103200674057007,0.08538651466369629,10.782485008239746,581.0096435546875,1.0329547529728819e+18,,22,,123.69671630859375,126349,0.20926061272621155,0.05571277439594269,
0.08951802551746368,11.583115577697754,0.15899872779846191,1.8580901622772217,0.0855710506439209,11.170934677124023,33.614662170410156,1.0333635651399844e+18,,22,,7.156548023223877,126399,0.09962040930986404,0.05559369921684265,
0.08635129779577255,1.1220942735671997,0.08997964859008789,1.0573705434799194,0.0850975513458252,11.580601692199707,576.1552734375,1.0337723085876101e+18,,22,,122.66321563720703,126449,0.1518995463848114,0.059039294719696045,
0.09042897075414658,20.143815994262695,0.18498969078063965,2.1686594486236572,0.08530139923095703,11.058403015136719,120.33406829833984,1.0341810520352358e+18,,22,,25.61907386779785,126499,0.1320914626121521,0.0690532922744751,
0.09018700569868088,15.439722061157227,0.16284441947937012,1.8989735841751099,0.0857539176940918,11.088071823120117,29.864578247070312,1.0345898642023383e+18,,22,,6.358156681060791,126549,0.1405443549156189,0.07062868773937225,
0.09221835434436798,23.4554386138916,0.1898210048675537,2.219200372695923,0.08553576469421387,10.843828201293945,593.460205078125,1.034998607649964e+18,,22,,126.3474349975586,126599,0.14148321747779846,0.07216803729534149,
0.09248796105384827,22.516014099121094,0.18267178535461426,2.1389992237091064,0.08540058135986328,10.812217712402344,638.3350219726562,1.0354073510975898e+18,,22,,135.90127563476562,126649,0.1224825456738472,0.05998867750167847,
0.08666647970676422,0.85558021068573,0.08942961692810059,1.0448590517044067,0.08559012413024902,11.53848648071289,565.53173828125,1.0358161632646922e+18,,22,,120.40147399902344,126699,0.162003293633461,0.06613577902317047,
0.10178716480731964,32.10661697387695,0.20180535316467285,2.355337619781494,0.08568000793457031,9.824420928955078,639.0828857421875,1.036224906712318e+18,,22,,136.06048583984375,126749,0.145839124917984,0.0767492800951004,
0.09837543219327927,25.79128646850586,0.16697931289672852,1.9548932313919067,0.08541607856750488,10.165140151977539,26.83538246154785,1.0366336501599437e+18,,22,,5.713242053985596,126799,0.22361306846141815,0.09372970461845398,
0.09448619186878204,24.477209091186523,0.18877816200256348,2.2047653198242188,0.08562278747558594,10.58355712890625,589.6036376953125,1.0370424623270461e+18,,22,,125.52637481689453,126849,0.1611398309469223,0.06062391400337219,
0.10083619505167007,28.362089157104492,0.18120503425598145,2.129040002822876,0.08511114120483398,9.917074203491211,534.5321044921875,1.0374512057746719e+18,,22,,113.80167388916016,126899,0.20214210450649261,0.0680927038192749,
0.10055158287286758,29.543283462524414,0.2024085521697998,2.3647401332855225,0.08559441566467285,9.945144653320312,574.4017333984375,1.0378599492222976e+18,,22,,122.28990173339844,126949,0.15044021606445312,0.08987261354923248,
0.09277836978435516,20.270082473754883,0.1866474151611328,2.192923069000244,0.085113525390625,10.778373718261719,443.1422424316406,1.0382687613894e+18,,22,,94.34480285644531,126999,0.14583727717399597,0.07202421128749847,
0.10329657793045044,28.5303955078125,0.17939114570617676,2.0967912673950195,0.0855550765991211,9.680862426757812,28.19951057434082,1.0386775048370258e+18,,22,,6.003664493560791,127049,0.15398460626602173,0.10495142638683319,
0.10320013016462326,27.5231876373291,0.18451261520385742,2.1621479988098145,0.08533763885498047,9.689909934997559,532.4824829101562,1.0390862482846515e+18,,22,,113.36531066894531,127099,0.22399725019931793,0.1736070066690445,
0.1037316620349884,32.670230865478516,0.2171170711517334,2.53682017326355,0.0855863094329834,9.640257835388184,537.0438232421875,1.039495060451754e+18,,22,,114.33641815185547,127149,0.16153644025325775,0.0796668529510498,
0.1085653156042099,31.61440086364746,0.19536781311035156,2.284315586090088,0.0855257511138916,9.211045265197754,26.57130241394043,1.0399038038993797e+18,,22,,5.65701961517334,127199,0.11984726786613464,0.06516078114509583,
0.0984235554933548,27.68683624267578,0.1768054962158203,2.0590639114379883,0.08586692810058594,10.16016960144043,547.2769165039062,1.0403125473470054e+18,,22,,116.5150375366211,127249,0.1307859718799591,0.05911196768283844,
0.10800419002771378,31.468128204345703,0.21563291549682617,2.4986255168914795,0.08630061149597168,9.25890064239502,29.2669620513916,1.0407213595141079e+18,,22,,6.230924129486084,127299,0.14393162727355957,0.060515791177749634,
0.09175384789705276,18.009681701660156,0.1728076934814453,2.0192618370056152,0.08557963371276855,10.898725509643555,578.6596069335938,1.0411301029617336e+18,,22,,123.19640350341797,127349,0.20199617743492126,0.11861646175384521,
0.0969877541065216,24.856870651245117,0.17261552810668945,2.016803026199341,0.08558869361877441,10.310580253601074,630.7409057617188,1.0415388464093594e+18,,22,,134.28448486328125,127399,0.1294017732143402,0.0659094899892807,
0.10540745407342911,30.971782684326172,0.1982738971710205,2.324645519256592,0.08529210090637207,9.486994743347168,26.801937103271484,1.0419476585764618e+18,,22,,5.706121921539307,127449,0.40414875745773315,0.11144356429576874,
0.09703412652015686,26.19046401977539,0.18669819831848145,2.183044672012329,0.08552193641662598,10.305652618408203,497.0764465332031,1.0423564020240876e+18,,22,,105.82737731933594,127499,0.1247074231505394,0.06765434145927429,
0.09865350276231766,27.74940299987793,0.17804908752441406,2.095064401626587,0.08498501777648926,10.13648796081543,531.9218139648438,1.04276521419119e+18,,22,,113.24593353271484,127549,0.1431737244129181,0.08854717016220093,
0.09880723804235458,26.648420333862305,0.18220186233520508,2.139254093170166,0.08517074584960938,10.120716094970703,554.1522827148438,1.0431739576388157e+18,,22,,117.97879028320312,127599,0.156010702252388,0.08061929047107697,
0.09371602535247803,22.699628829956055,0.1778724193572998,2.072507858276367,0.08582472801208496,10.670533180236816,612.7496337890625,1.0435827010864415e+18,,22,,130.4541473388672,127649,0.20331116020679474,0.07836312055587769,
0.1003379374742508,28.548309326171875,0.19746112823486328,2.302123546600342,0.08577346801757812,9.966320037841797,27.661073684692383,1.043991513253544e+18,,22,,5.889031410217285,127699,0.12765797972679138,0.07787588238716125,
0.09709136188030243,26.479167938232422,0.17843174934387207,2.093388795852661,0.0852358341217041,10.299577713012695,569.4209594726562,1.0444002567011697e+18,,22,,121.2294921875,127749,0.12529243528842926,0.05758967995643616,
0.10498660802841187,32.942344665527344,0.18679594993591309,2.183694362640381,0.0855412483215332,9.5250244140625,522.5952758789062,1.0448090001487954e+18,,22,,111.26032257080078,127799,0.1378505676984787,0.06330901384353638,
0.09560311585664749,22.96523094177246,0.17899823188781738,2.082183837890625,0.08596658706665039,10.459909439086914,559.15185546875,1.0452178123158979e+18,,22,,119.043212890625,127849,0.16700176894664764,0.06436409056186676,
0.09984046220779419,28.624343872070312,0.1925370693206787,2.258906364440918,0.0852346420288086,10.015979766845703,597.6122436523438,1.0456265557635236e+18,,22,,127.23139953613281,127899,0.14088821411132812,0.09190939366817474,
0.107577383518219,30.977190017700195,0.18902087211608887,2.20473313331604,0.08573412895202637,9.295634269714355,27.572368621826172,1.0460352992111493e+18,,22,,5.87014627456665,127949,0.1449936181306839,0.10089865326881409,
0.09761879593133926,28.47842025756836,0.18236351013183594,2.133162260055542,0.08548974990844727,10.243928909301758,620.7005004882812,1.0464441113782518e+18,,22,,132.14688110351562,127999,0.11901699006557465,0.06646674871444702,
,,,,,,,,1.0464441113782518e+18,22,,,127999,,,0.6379949450492859
0.09629008919000626,28.441633224487305,0.20355510711669922,2.414062976837158,0.0843205451965332,10.385284423828125,605.4938354492188,1.0468528548258775e+18,,22,,128.90939331054688,128049,0.1292579472064972,0.05859231948852539,
0.08692095428705215,1.5118348598480225,0.09266495704650879,1.0832327604293823,0.08554482460021973,11.504705429077148,620.1819458007812,1.0472615982735032e+18,,22,,132.03648376464844,128099,0.13993437588214874,0.06550288200378418,
0.08728454262018204,1.714889407157898,0.09406805038452148,1.0954153537750244,0.08587431907653809,11.456781387329102,32.177066802978516,1.0476704104406057e+18,,22,,6.850484848022461,128149,0.1647956818342209,0.07014209032058716,
0.09278439730405807,22.498153686523438,0.1820361614227295,2.1324970722198486,0.08536291122436523,10.777674674987793,616.4524536132812,1.0480791538882314e+18,,22,,131.2424774169922,128199,0.15504178404808044,0.06369708478450775,
0.08919388055801392,12.61121940612793,0.16627001762390137,1.9322749376296997,0.08604884147644043,11.211531639099121,631.4268188476562,1.0484878973358572e+18,,22,,134.43051147460938,128249,0.15847216546535492,0.07741181552410126,
0.09714654088020325,27.48171615600586,0.18033599853515625,2.1119019985198975,0.08539032936096191,10.29372787475586,24.029043197631836,1.0488967095029596e+18,,22,,5.115773677825928,128299,0.3634724020957947,0.19472675025463104,
0.09325220435857773,21.086063385009766,0.16794443130493164,1.9787520170211792,0.08487391471862793,10.723607063293457,601.1825561523438,1.0493054529505853e+18,,22,,127.99151611328125,128349,0.14155039191246033,0.0616520494222641,
0.0992758497595787,28.190649032592773,0.18056631088256836,2.1145105361938477,0.08539390563964844,10.072943687438965,639.3641967773438,1.0497141963982111e+18,,22,,136.12037658691406,128399,0.1797836273908615,0.06689761579036713,
0.09100990742444992,18.74744415283203,0.17977118492126465,2.114384889602661,0.0850229263305664,10.987814903259277,51.114776611328125,1.0501230085653135e+18,,22,,10.882314682006836,128449,0.13989074528217316,0.06186750531196594,
0.0901678204536438,15.485355377197266,0.17243695259094238,2.0123956203460693,0.08568739891052246,11.090431213378906,590.924560546875,1.0505317520129393e+18,,22,,125.8075942993164,128499,0.17185288667678833,0.08036725223064423,
0.1006501168012619,28.146291732788086,0.1809830665588379,2.1193790435791016,0.08539438247680664,9.935408592224121,31.936784744262695,1.050940495460565e+18,,22,,6.799328327178955,128549,0.14784333109855652,0.062259748578071594,
0.0997302234172821,28.643301010131836,0.17938995361328125,2.114288330078125,0.08484649658203125,10.027050971984863,137.04150390625,1.0513493076276675e+18,,22,,29.17608070373535,128599,0.12489340454339981,0.06068688631057739,
0.10451815277338028,30.02627944946289,0.18350887298583984,2.1368463039398193,0.08587837219238281,9.567715644836426,639.8980712890625,1.0517580510752932e+18,,22,,136.23403930664062,128649,0.1305679827928543,0.06038312613964081,
0.09921243041753769,28.168956756591797,0.18024039268493652,2.1089863777160645,0.08546304702758789,10.07938289642334,45.312557220458984,1.0521667945229189e+18,,22,,9.647025108337402,128699,0.2568512558937073,0.13635684549808502,
0.10306750982999802,28.878704071044922,0.19101285934448242,2.229095697402954,0.08569073677062988,9.702378273010254,590.1561279296875,1.0525756066900214e+18,,22,,125.64399719238281,128749,0.1231536939740181,0.06555050611495972,
0.10074316710233688,27.768159866333008,0.19722557067871094,2.324413776397705,0.08484959602355957,9.926231384277344,83.27772521972656,1.0529843501376471e+18,,22,,17.729793548583984,128799,0.4663187265396118,0.062678262591362,
0.09928636252880096,26.385879516601562,0.18992900848388672,2.220036029815674,0.08555221557617188,10.071876525878906,71.09149169921875,1.0533931623047496e+18,,22,,15.135350227355957,128849,0.13235905766487122,0.06066937744617462,
0.10257706046104431,30.833646774291992,0.1867668628692627,2.183865785598755,0.08552122116088867,9.74876880645752,487.99676513671875,1.0538019057523753e+18,,22,,103.8943099975586,128899,0.20744703710079193,0.1259097158908844,
0.10529425740242004,29.902053833007812,0.18217992782592773,2.129755735397339,0.0855402946472168,9.497193336486816,60.42808532714844,1.054210649200001e+18,,22,,12.865114212036133,128949,0.12581448256969452,0.057919248938560486,
0.09322408586740494,19.76714324951172,0.16632771492004395,1.9460479021072388,0.08546948432922363,10.726841926574707,29.033187866210938,1.0546194613671035e+18,,22,,6.181154251098633,128999,0.17866717278957367,0.13233423233032227,
0.09584002941846848,24.850584030151367,0.17541265487670898,2.05301833152771,0.08544135093688965,10.434053421020508,566.2052001953125,1.0550282048147292e+18,,22,,120.54486083984375,129049,0.20563913881778717,0.07493366301059723,
0.09354545176029205,23.261810302734375,0.18852639198303223,2.209052562713623,0.0853426456451416,10.689990997314453,39.32133865356445,1.055436948262355e+18,,22,,8.37149715423584,129099,0.15354430675506592,0.0788675844669342,
0.10100028663873672,29.220382690429688,0.19497251510620117,2.2957894802093506,0.08492612838745117,9.900961875915527,477.47705078125,1.0558457604294574e+18,,22,,101.65467071533203,129149,0.1418256163597107,0.06999370455741882,
0.10127654671669006,30.230554580688477,0.17821550369262695,2.0869758129119873,0.08539414405822754,9.873954772949219,62.436248779296875,1.0562545038770831e+18,,22,,13.292652130126953,129199,0.14770755171775818,0.06297460198402405,
0.10222675651311874,28.881479263305664,0.1794281005859375,2.103001832962036,0.08531999588012695,9.782175064086914,107.83799743652344,1.0566632473247089e+18,,22,,22.95866584777832,129249,0.12380237877368927,0.0801578015089035,
0.10080868005752563,30.781574249267578,0.188887357711792,2.2187678813934326,0.08513164520263672,9.919780731201172,580.5288696289062,1.0570720594918113e+18,,22,,123.59436798095703,129299,0.1332366168498993,0.06298196315765381,
0.09879345446825027,29.74185562133789,0.19425296783447266,2.2679991722106934,0.08564949035644531,10.1221284866333,31.28020477294922,1.057480802939437e+18,,22,,6.659543037414551,129349,0.13130809366703033,0.06871761381626129,
0.09482365846633911,25.783964157104492,0.17664599418640137,2.0715572834014893,0.08527207374572754,10.545891761779785,570.0326538085938,1.0578895463870628e+18,,22,,121.35972595214844,129399,0.13869935274124146,0.06479103863239288,
0.10686730593442917,30.3607177734375,0.17301511764526367,2.021319627761841,0.08559513092041016,9.357398986816406,51.389854431152344,1.0582983585541652e+18,,22,,10.940878868103027,129449,0.20995858311653137,0.14870207011699677,
0.09887143224477768,26.817607879638672,0.18840289115905762,2.2041263580322266,0.08547735214233398,10.114145278930664,87.45567321777344,1.058707102001791e+18,,22,,18.619277954101562,129499,0.38369765877723694,0.27038025856018066,
0.09750096499919891,27.609325408935547,0.17982220649719238,2.1009514331817627,0.08559083938598633,10.256308555603027,595.8226928710938,1.0591158454494167e+18,,22,,126.85041046142578,129549,0.16270296275615692,0.09335221350193024,
0.09585745632648468,26.506614685058594,0.17371416091918945,2.0422000885009766,0.08506226539611816,10.432156562805176,33.03895568847656,1.0595246576165192e+18,,22,,7.033980369567871,129599,0.14106065034866333,0.0625523030757904,
0.250514417886734,424.3204650878906,7.68887996673584,89.63970947265625,0.08577537536621094,3.991786241531372,611.038818359375,1.0599334010641449e+18,,22,,130.0899200439453,129649,0.18964682519435883,0.11533516645431519,
0.09780538827180862,27.882221221923828,0.1882326602935791,2.2201428413391113,0.08478403091430664,10.224386215209961,58.66419982910156,1.0603421445117706e+18,,22,,12.489583969116211,129699,0.13412949442863464,0.06582093238830566,
0.09223585575819016,21.939403533935547,0.18527984619140625,2.18070387840271,0.08496332168579102,10.841771125793457,42.26774978637695,1.0607509566788731e+18,,22,,8.998785972595215,129749,0.1336355209350586,0.07580991089344025,
0.1005985289812088,29.90196990966797,0.1874990463256836,2.195009469985962,0.08542060852050781,9.940503120422363,575.7194213867188,1.0611597001264988e+18,,22,,122.5704345703125,129799,0.1836480349302292,0.15051111578941345,
0.09745585918426514,27.4827880859375,0.19254493713378906,2.2562344074249268,0.08533906936645508,10.261055946350098,37.48996353149414,1.0615684435741245e+18,,22,,7.981598377227783,129849,0.18192684650421143,0.09426204860210419,
0.09454650431871414,23.17391014099121,0.16313838958740234,1.9105339050292969,0.0853888988494873,10.57680606842041,70.42274475097656,1.061977255741227e+18,,22,,14.992974281311035,129899,0.14765360951423645,0.07771500945091248,
0.09328442811965942,24.430212020874023,0.18011069297790527,2.1073803901672363,0.08546662330627441,10.719902992248535,485.0863952636719,1.0623859991888527e+18,,22,,103.27469635009766,129949,0.122977115213871,0.06063510477542877,
0.09584098309278488,25.70001792907715,0.18828606605529785,2.2076611518859863,0.08528757095336914,10.43394947052002,44.813392639160156,1.0627947426364785e+18,,22,,9.540753364562988,129999,0.1589740812778473,0.060537189245224,
0.09406282007694244,22.4915714263916,0.18645954132080078,2.179136276245117,0.08556580543518066,10.631193161010742,566.0945434570312,1.0632035548035809e+18,,22,,120.52129364013672,130049,0.14445248246192932,0.07644826173782349,
0.09203460067510605,16.8142147064209,0.15578126907348633,1.836150050163269,0.08484125137329102,10.865478515625,34.66456985473633,1.0636122982512067e+18,,22,,7.380072593688965,130099,0.18416132032871246,0.11444076895713806,
0.10344536602497101,30.467212677001953,0.17502570152282715,2.054267644882202,0.08520102500915527,9.666938781738281,56.149410247802734,1.0640211104183091e+18,,22,,11.95418643951416,130149,0.1189180240035057,0.057133302092552185,
0.0975484773516655,27.251537322998047,0.18196487426757812,2.136680841445923,0.08516240119934082,10.251313209533691,470.5721130371094,1.0644298538659348e+18,,22,,100.18460845947266,130199,0.12366204708814621,0.06032468378543854,
0.10242293030023575,27.48368263244629,0.17804789543151855,2.0923149585723877,0.08509612083435059,9.763439178466797,43.861488342285156,1.0648385973135606e+18,,22,,9.338092803955078,130249,0.1359684318304062,0.06293904781341553,
0.09694486856460571,24.92072868347168,0.17181801795959473,2.013047695159912,0.08535218238830566,10.315141677856445,619.000244140625,1.065247409480663e+18,,22,,131.78489685058594,130299,0.14317424595355988,0.099456787109375,
0.09390513598918915,22.398849487304688,0.18672966957092285,2.2050695419311523,0.08468198776245117,10.64904499053955,51.82719802856445,1.0656561529282888e+18,,22,,11.033988952636719,130349,0.1841709166765213,0.0880628228187561,
0.0949554368853569,24.725290298461914,0.1833796501159668,2.1537396907806396,0.0851447582244873,10.531255722045898,37.73664093017578,1.0660648963759145e+18,,22,,8.0341157913208,130399,0.14475569128990173,0.05919177830219269,
0.09597496688365936,24.18494415283203,0.17624592781066895,2.077279567718506,0.08484458923339844,10.41938304901123,562.067626953125,1.066473708543017e+18,,22,,119.66397094726562,130449,0.15152908861637115,0.06040269136428833,
0.10393449664115906,35.06986999511719,0.24151158332824707,2.833601951599121,0.08523130416870117,9.621444702148438,74.9220199584961,1.0668824519906427e+18,,22,,15.950867652893066,130499,0.1376795768737793,0.06734028458595276,
0.10360435396432877,31.561254501342773,0.1996471881866455,2.316771984100342,0.08617472648620605,9.652104377746582,586.5608520507812,1.0672911954382684e+18,,22,,124.8785629272461,130549,0.20265866816043854,0.06475336849689484,
0.09703650325536728,28.108943939208984,0.19882917404174805,2.330641031265259,0.0853109359741211,10.305399894714355,542.7603149414062,1.0677000076053709e+18,,22,,115.5534439086914,130599,0.16091719269752502,0.07772614061832428,
0.0969499871134758,24.65380096435547,0.18410468101501465,2.155928373336792,0.08539462089538574,10.314596176147461,24.787799835205078,1.0681087510529966e+18,,22,,5.277312755584717,130649,0.15004205703735352,0.07881878316402435,
0.09967448562383652,28.74018096923828,0.1793227195739746,2.096160888671875,0.08554816246032715,10.032657623291016,515.329833984375,1.0685174945006223e+18,,22,,109.71350860595703,130699,0.15366099774837494,0.07722209393978119,
0.1065293624997139,33.65411376953125,0.2033700942993164,2.383988857269287,0.08530664443969727,9.387084007263184,39.543155670166016,1.0689263066677248e+18,,22,,8.418721199035645,130749,0.13464954495429993,0.06001964211463928,
0.09420867264270782,26.26866912841797,0.19968819618225098,2.349423408508301,0.08499455451965332,10.614733695983887,29.369661331176758,1.0693350501153505e+18,,22,,6.25278902053833,130799,0.13188962638378143,0.0597546249628067,
0.0943208709359169,23.789175033569336,0.18186354637145996,2.1321423053741455,0.0852961540222168,10.602107048034668,506.6709899902344,1.0697437935629763e+18,,22,,107.87004852294922,130849,0.15108145773410797,0.07631412148475647,
0.09751562774181366,27.983125686645508,0.1863710880279541,2.1883585453033447,0.08516478538513184,10.254766464233398,58.54139709472656,1.0701526057300787e+18,,22,,12.463438987731934,130899,0.12728561460971832,0.06653366982936859,
0.10554815083742142,30.758718490600586,0.189985990524292,2.2241547107696533,0.0854194164276123,9.474349021911621,614.008544921875,1.0705613491777044e+18,,22,,130.72216796875,130949,0.1364787220954895,0.07145385444164276,
0.10277073085308075,31.556884765625,0.20259523391723633,2.3582308292388916,0.08590984344482422,9.73039722442627,37.5161018371582,1.0709700926253302e+18,,22,,7.9871625900268555,130999,0.15938375890254974,0.07548023760318756,
0.1046699658036232,29.773038864135742,0.18666696548461914,2.1834828853607178,0.08549046516418457,9.553838729858398,56.99095153808594,1.0713789047924326e+18,,22,,12.133350372314453,131049,0.13100507855415344,0.06887079775333405,
0.09789619594812393,27.468116760253906,0.20493221282958984,2.3932840824127197,0.08562803268432617,10.214900970458984,564.4136352539062,1.0717876482400584e+18,,22,,120.1634292602539,131099,0.1610526740550995,0.07714849710464478,
0.09148438274860382,19.402809143066406,0.1730036735534668,2.0444083213806152,0.08462285995483398,10.930827140808105,45.5145263671875,1.0721963916876841e+18,,22,,9.690024375915527,131149,0.13026785850524902,0.0716823935508728,
0.0970115214586258,26.809871673583984,0.1820688247680664,2.1347100734710693,0.08528971672058105,10.308053970336914,623.36474609375,1.0726052038547866e+18,,22,,132.714111328125,131199,0.24640141427516937,0.07492510974407196,
0.09348156303167343,23.497962951660156,0.17325639724731445,2.0340192317962646,0.08517932891845703,10.697296142578125,36.11239242553711,1.0730139473024123e+18,,22,,7.688313961029053,131249,0.1528106927871704,0.05781008303165436,
0.09559077024459839,26.20277976989746,0.17688870429992676,2.0681066513061523,0.08553171157836914,10.461261749267578,39.70351028442383,1.073422690750038e+18,,22,,8.452860832214355,131299,0.14798685908317566,0.07482479512691498,
0.09232054650783539,21.662281036376953,0.18886089324951172,2.2071144580841064,0.08556914329528809,10.831825256347656,572.6943359375,1.0738315029171405e+18,,22,,121.92638397216797,131349,0.1405765414237976,0.05980615317821503,
0.09894010424613953,26.36899757385254,0.17316913604736328,2.028843641281128,0.08535361289978027,10.107125282287598,40.466522216796875,1.0742402463647662e+18,,22,,8.61530590057373,131399,0.13456229865550995,0.06733642518520355,
0.10059798508882523,30.307260513305664,0.1913900375366211,2.2299671173095703,0.08582639694213867,9.940557479858398,534.90771484375,1.074648989812392e+18,,22,,113.88162994384766,131449,0.1695292741060257,0.066108837723732,
0.09942679107189178,29.61663818359375,0.18249058723449707,2.13438081741333,0.08550047874450684,10.05765151977539,79.92938995361328,1.0750578019794944e+18,,22,,17.01693344116211,131499,0.15432485938072205,0.0869140774011612,
0.1090838685631752,33.697879791259766,0.19427967071533203,2.2735700607299805,0.08545136451721191,9.167258262634277,106.91716003417969,1.0754665454271201e+18,,22,,22.762619018554688,131549,0.16200858354568481,0.07006673514842987,
0.10048578679561615,31.506723403930664,0.21325945854187012,2.493907928466797,0.08551216125488281,9.951656341552734,606.5311279296875,1.0758753575942226e+18,,22,,129.13023376464844,131599,0.16254952549934387,0.068070188164711,
0.10631901770830154,33.543399810791016,0.19335341453552246,2.252342700958252,0.0858454704284668,9.405654907226562,24.249191284179688,1.0762841010418483e+18,,22,,5.162642955780029,131649,0.1920442134141922,0.07602357864379883,
0.09600041061639786,24.604055404663086,0.17273449897766113,2.0153467655181885,0.0857095718383789,10.416622161865234,597.4033813476562,1.076692844489474e+18,,22,,127.18694305419922,131699,0.11984864622354507,0.050808295607566833,
0.10008516162633896,30.429521560668945,0.19884967803955078,2.324359655380249,0.08555030822753906,9.991491317749023,584.9278564453125,1.0771016566565765e+18,,22,,124.5309066772461,131749,0.20478686690330505,0.12141183018684387,
0.10234327614307404,28.047855377197266,0.18336200714111328,2.1313135623931885,0.08603239059448242,9.771037101745605,113.6484603881836,1.0775104001042022e+18,,22,,24.195711135864258,131799,0.16654005646705627,0.06268958747386932,
0.10370170325040817,29.641767501831055,0.176774263381958,2.0749354362487793,0.08519506454467773,9.643043518066406,616.919677734375,1.077919143551828e+18,,22,,131.34194946289062,131849,0.14445827901363373,0.07221393287181854,
0.11017110198736191,31.799755096435547,0.19036507606506348,2.2289907932281494,0.0854041576385498,9.076789855957031,36.40956115722656,1.0783279557189304e+18,,22,,7.751580238342285,131899,0.1518300473690033,0.08820509910583496,
0.09351693093776703,27.578458786010742,0.20802569389343262,2.4523262977600098,0.08482789993286133,10.69325065612793,94.1505355834961,1.0787366991665562e+18,,22,,20.04461097717285,131949,0.14822149276733398,0.060981959104537964,
,,,,,,28.835268020629883,1.0791454426141819e+18,,23,,6.139017105102539,131999,0.16292284429073334,0.08954434096813202,
,,,,,,,,1.0791454426141819e+18,23,,,131999,,,0.6416907906532288
0.08925005048513412,19.171751022338867,0.17850208282470703,4.2637434005737305,0.04186511039733887,11.204475402832031,637.3240356445312,1.0795542547812844e+18,,23,,135.68601989746094,132049,0.19649825990200043,0.09253564476966858,
0.08581075072288513,1.1808518171310425,0.08890748023986816,1.0519181489944458,0.0845193862915039,11.65355110168457,635.7289428710938,1.0799629982289101e+18,,23,,135.346435546875,132099,0.11768856644630432,0.0679539293050766,
0.08599962294101715,0.6067544221878052,0.08766341209411621,1.027471899986267,0.08531951904296875,11.627958297729492,618.2601928710938,1.0803717416765358e+18,,23,,131.62733459472656,132149,0.19488462805747986,0.10808715224266052,
0.0940534844994545,25.131898880004883,0.1925954818725586,2.2599899768829346,0.0852196216583252,10.632248878479004,74.23492431640625,1.0807805538436383e+18,,23,,15.804585456848145,132199,0.16525991261005402,0.06938116252422333,
0.10069829225540161,28.25792121887207,0.173933744430542,2.0302534103393555,0.08567094802856445,9.930655479431152,137.03253173828125,1.081189297291264e+18,,23,,29.174169540405273,132249,0.1635419726371765,0.08113828301429749,
0.0951773151755333,24.989662170410156,0.17920708656311035,2.0926921367645264,0.08563470840454102,10.506705284118652,26.436635971069336,1.0815980407388897e+18,,23,,5.6283488273620605,132299,0.20816753804683685,0.1128435730934143,
0.10580596327781677,28.616863250732422,0.17603278160095215,2.059316635131836,0.08548116683959961,9.451263427734375,648.3361206054688,1.0820068529059922e+18,,23,,138.03048706054688,132349,0.1464771330356598,0.06523390114307404,
0.09509021788835526,24.505460739135742,0.17784571647644043,2.08589506149292,0.08526110649108887,10.516328811645508,59.55109405517578,1.0824155963536179e+18,,23,,12.678403854370117,132399,0.16062605381011963,0.05691519379615784,
0.09340029954910278,23.986373901367188,0.18401241302490234,2.156184196472168,0.0853416919708252,10.706603050231934,23.491146087646484,1.0828243398012436e+18,,23,,5.001255512237549,132449,0.1490882784128189,0.05920550227165222,
0.09682461619377136,26.163393020629883,0.1848926544189453,2.1586527824401855,0.08565187454223633,10.32795238494873,123.48866271972656,1.0832331519683461e+18,,23,,26.290685653686523,132499,0.14511431753635406,0.0733528733253479,
0.09018539637327194,19.642807006835938,0.18128180503845215,2.121384859085083,0.08545446395874023,11.088269233703613,28.84395980834961,1.0836418954159718e+18,,23,,6.140867233276367,132549,0.17453710734844208,0.06974174082279205,
0.09583750367164612,25.297624588012695,0.17284464836120605,2.0216143131256104,0.08549833297729492,10.434328079223633,151.0478973388672,1.0840506388635976e+18,,23,,32.15803527832031,132599,0.13617101311683655,0.07064564526081085,
0.0939713791012764,22.803245544433594,0.17508721351623535,2.0515623092651367,0.0853433609008789,10.641538619995117,121.83940124511719,1.0844594510307e+18,,23,,25.939558029174805,132649,0.13637085258960724,0.05745270848274231,
0.09321075677871704,24.66643524169922,0.18419671058654785,2.1667943000793457,0.08500885963439941,10.728375434875488,23.1993465423584,1.0848681944783258e+18,,23,,4.939131736755371,132699,0.4136408269405365,0.2058219462633133,
0.09546636790037155,27.447912216186523,0.1846144199371338,2.163026809692383,0.08535003662109375,10.474893569946289,642.2182006835938,1.0852769379259515e+18,,23,,136.72799682617188,132749,0.15467728674411774,0.0686454027891159,
0.09983167052268982,29.483062744140625,0.18611359596252441,2.1910948753356934,0.08494091033935547,10.016861915588379,639.2291259765625,1.085685750093054e+18,,23,,136.0916290283203,132799,0.1265612542629242,0.06453172862529755,
0.08777403831481934,14.022229194641113,0.17363524436950684,2.048213005065918,0.08477401733398438,11.392889976501465,630.0179443359375,1.0860944935406797e+18,,23,,134.13055419921875,132849,0.1627001315355301,0.06691068410873413,
0.09167612344026566,21.03944206237793,0.18051695823669434,2.1108856201171875,0.08551716804504395,10.907965660095215,99.72281646728516,1.0865033057077821e+18,,23,,21.230947494506836,132899,0.19519568979740143,0.06932725012302399,
0.09375212341547012,21.207244873046875,0.18825197219848633,2.1960883140563965,0.08572149276733398,10.666424751281738,32.38499450683594,1.0869120491554079e+18,,23,,6.894752502441406,132949,0.14058324694633484,0.07903668284416199,
0.0907626748085022,14.508896827697754,0.14995217323303223,1.7639495134353638,0.08500933647155762,11.017745018005371,357.3904724121094,1.0873207926030336e+18,,23,,76.08828735351562,132999,0.1866077184677124,0.06618653237819672,
0.10087507218122482,32.409820556640625,0.21142840385437012,2.4785003662109375,0.08530497550964355,9.913251876831055,80.41637420654297,1.087729604770136e+18,,23,,17.12061309814453,133049,0.16109393537044525,0.1080034077167511,
0.09811898320913315,27.98041534423828,0.21689653396606445,2.5396413803100586,0.0854043960571289,10.191707611083984,588.4581909179688,1.0881383482177618e+18,,23,,125.28251647949219,133099,0.1311643123626709,0.07683828473091125,
0.10229278355836868,30.36736297607422,0.19506025314331055,2.2833802700042725,0.08542609214782715,9.775860786437988,554.0518188476562,1.0885470916653875e+18,,23,,117.95741271972656,133149,0.16365253925323486,0.07175923883914948,
0.11242630332708359,30.791793823242188,0.2029416561126709,2.3785476684570312,0.08532166481018066,8.894715309143066,33.742889404296875,1.08895590383249e+18,,23,,7.183847427368164,133199,0.14275529980659485,0.06359745562076569,
0.09891123324632645,27.692920684814453,0.1900014877319336,2.2254416942596436,0.08537697792053223,10.110074996948242,91.54668426513672,1.0893646472801157e+18,,23,,19.490251541137695,133249,0.15929138660430908,0.06042294204235077,
0.0955863744020462,26.06289291381836,0.17677879333496094,2.0812556743621826,0.08493852615356445,10.461742401123047,329.765625,1.0897733907277414e+18,,23,,70.20697021484375,133299,0.16419461369514465,0.07323938608169556,
0.09929275512695312,26.60317039489746,0.17640185356140137,2.065460205078125,0.08540558815002441,10.07122802734375,40.64813995361328,1.0901822028948439e+18,,23,,8.653972625732422,133349,0.150969460606575,0.06875818967819214,
0.10703498870134354,32.8404655456543,0.2180929183959961,2.5601248741149902,0.08518838882446289,9.34273910522461,139.59327697753906,1.0905909463424696e+18,,23,,29.71935272216797,133399,0.13034044206142426,0.06547246873378754,
0.1021496132016182,30.434232711791992,0.20398545265197754,2.3812131881713867,0.08566451072692871,9.789562225341797,33.18989562988281,1.0909996897900954e+18,,23,,7.066115379333496,133449,0.1463894546031952,0.07318678498268127,
0.10540378838777542,30.192346572875977,0.18338370323181152,2.146113395690918,0.08544921875,9.487325668334961,519.9370727539062,1.0914085019571978e+18,,23,,110.69439697265625,133499,0.2740458548069,0.08682593703269958,
0.10233396291732788,28.226579666137695,0.17571377754211426,2.055177688598633,0.08549809455871582,9.771926879882812,103.5796127319336,1.0918172454048236e+18,,23,,22.05205726623535,133549,0.1552155315876007,0.07520748674869537,
0.11173103749752045,34.35232925415039,0.19361495971679688,2.2562477588653564,0.08581280708312988,8.950064659118652,39.94173049926758,1.0922259888524493e+18,,23,,8.503578186035156,133599,0.19526365399360657,0.07840794324874878,
0.10078860074281693,26.780574798583984,0.17086315155029297,1.9981319904327393,0.08551144599914551,9.921756744384766,106.04084777832031,1.0926348010195517e+18,,23,,22.576053619384766,133649,0.16826392710208893,0.07261517643928528,
0.09685903042554855,26.258289337158203,0.19480538368225098,2.2763497829437256,0.08557796478271484,10.3242826461792,584.451171875,1.0930435444671775e+18,,23,,124.4294204711914,133699,0.13270652294158936,0.058603301644325256,
0.10073187202215195,31.156719207763672,0.19429588317871094,2.2746992111206055,0.08541607856750488,9.927345275878906,285.4142150878906,1.0934522879148032e+18,,23,,60.76456832885742,133749,0.12561452388763428,0.06827424466609955,
0.09950294345617294,32.34177780151367,0.2569234371185303,3.0245871543884277,0.0849449634552002,10.049954414367676,140.971435546875,1.0938611000819057e+18,,23,,30.012760162353516,133799,0.3655388653278351,0.07088516652584076,
0.09443143010139465,25.665987014770508,0.1865556240081787,2.2012293338775635,0.08475065231323242,10.589694023132324,42.4586181640625,1.0942698435295314e+18,,23,,9.039422988891602,133849,0.14324051141738892,0.06906667351722717,
0.1056496873497963,31.698972702026367,0.18318724632263184,2.1439218521118164,0.08544492721557617,9.465243339538574,171.0728302001953,1.0946785869771571e+18,,23,,36.42133712768555,133899,0.13693469762802124,0.0557878315448761,
0.10199375450611115,30.95241355895996,0.19793415069580078,2.3093459606170654,0.08571004867553711,9.804522514343262,576.7405395507812,1.0950873991442596e+18,,23,,122.78782653808594,133949,0.13055044412612915,0.06025975942611694,
0.11567424982786179,32.59066390991211,0.2107710838317871,2.468200922012329,0.08539462089538574,8.644966125488281,126.78128051757812,1.0954961425918853e+18,,23,,26.991683959960938,133999,0.13097400963306427,0.06998053193092346,
0.10147956758737564,30.5466365814209,0.1813809871673584,2.127347230911255,0.08526158332824707,9.85420036315918,560.8908081054688,1.095904886039511e+18,,23,,119.4134292602539,134049,0.20056180655956268,0.10811033844947815,
0.09562954306602478,26.031700134277344,0.1937270164489746,2.270834445953369,0.0853109359741211,10.457019805908203,29.929943084716797,1.0963136982066135e+18,,23,,6.372072696685791,134099,0.13176178932189941,0.06374777853488922,
0.10250165313482285,31.555988311767578,0.19353604316711426,2.2837283611297607,0.08474564552307129,9.755940437316895,88.71338653564453,1.0967224416542392e+18,,23,,18.88704490661621,134149,0.15113356709480286,0.08109214901924133,
0.10001292079687119,28.760589599609375,0.17464423179626465,2.0436084270477295,0.08545875549316406,9.998708724975586,401.40362548828125,1.0971312538213417e+18,,23,,85.45866394042969,134199,0.21400631964206696,0.1544128805398941,
0.09404728561639786,23.735824584960938,0.17891192436218262,2.100097417831421,0.08519220352172852,10.632948875427246,581.43212890625,1.0975399972689674e+18,,23,,123.78665924072266,134249,0.13930663466453552,0.06773151457309723,
0.09722740948200226,26.43545913696289,0.19330406188964844,2.256995439529419,0.0856466293334961,10.285165786743164,630.9826049804688,1.0979487407165932e+18,,23,,134.3359375,134299,0.13608889281749725,0.06396660208702087,
0.09814214706420898,26.782733917236328,0.1684551239013672,1.9723583459854126,0.08540797233581543,10.189302444458008,54.59379959106445,1.0983575528836956e+18,,23,,11.622997283935547,134349,0.15341772139072418,0.06233331561088562,
0.0955580621957779,27.672718048095703,0.2212202548980713,2.5881218910217285,0.08547520637512207,10.464841842651367,68.99127197265625,1.0987662963313213e+18,,23,,14.688213348388672,134399,0.12223556637763977,0.05827955901622772,
0.09935338795185089,28.567049026489258,0.18669414520263672,2.1716456413269043,0.0859689712524414,10.065082550048828,192.0048065185547,1.0991750397789471e+18,,23,,40.87774658203125,134449,0.1491965800523758,0.06645745038986206,
0.10052857547998428,30.014114379882812,0.18362927436828613,2.148237943649292,0.0854790210723877,9.947420120239258,45.54851150512695,1.0995838519460495e+18,,23,,9.697259902954102,134499,0.2238098531961441,0.09293407201766968,
0.09604673087596893,25.480993270874023,0.17848825454711914,2.0932555198669434,0.08526825904846191,10.411598205566406,333.6897277832031,1.0999925953936753e+18,,23,,71.04240417480469,134549,0.14479562640190125,0.06383167207241058,
0.09009365737438202,18.891277313232422,0.17577862739562988,2.057049036026001,0.08545184135437012,11.099559783935547,51.70291519165039,1.100401338841301e+18,,23,,11.007529258728027,134599,0.17994347214698792,0.0651736706495285,
0.09922542423009872,30.275514602661133,0.19089317321777344,2.235180377960205,0.0854039192199707,10.078062057495117,54.786930084228516,1.1008101510084035e+18,,23,,11.664114952087402,134649,0.14446869492530823,0.07442881166934967,
0.09737647324800491,25.128150939941406,0.1797478199005127,2.101745128631592,0.08552312850952148,10.269421577453613,129.67416381835938,1.1012188944560292e+18,,23,,27.607576370239258,134699,0.19917047023773193,0.08170007169246674,
0.10051226615905762,30.419696807861328,0.2017042636871338,2.355239152908325,0.08564066886901855,9.949034690856934,80.90215301513672,1.1016276379036549e+18,,23,,17.224035263061523,134749,0.22709199786186218,0.14248250424861908,
0.09803599119186401,27.567138671875,0.19261908531188965,2.2574689388275146,0.08532524108886719,10.200335502624512,48.42245864868164,1.1020364500707574e+18,,23,,10.309122085571289,134799,0.15911422669887543,0.058805301785469055,
0.09806731343269348,27.836116790771484,0.18946480751037598,2.224691152572632,0.08516454696655273,10.197076797485352,623.5322875976562,1.1024451935183831e+18,,23,,132.74977111816406,134849,0.27420058846473694,0.120651975274086,
0.10059770196676254,27.564298629760742,0.20712709426879883,2.4283151626586914,0.085296630859375,9.940585136413574,320.0338439941406,1.1028539369660088e+18,,23,,68.13507843017578,134899,0.13664762675762177,0.06670942902565002,
0.09801904857158661,27.151399612426758,0.19306516647338867,2.2662241458892822,0.08519244194030762,10.202098846435547,550.2205810546875,1.1032627491331113e+18,,23,,117.14173889160156,134949,0.22746337950229645,0.09400361776351929,
0.09397873282432556,24.81220054626465,0.1906113624572754,2.235262870788574,0.08527469635009766,10.640706062316895,402.43048095703125,1.103671492580737e+18,,23,,85.67728424072266,134999,0.16037918627262115,0.07294552028179169,
0.10697460919618607,31.04746437072754,0.18464112281799316,2.1608707904815674,0.08544754981994629,9.348012924194336,64.68577575683594,1.1040802360283628e+18,,23,,13.771574974060059,135049,0.1236148327589035,0.06527279317378998,
0.11319776624441147,36.732635498046875,0.20209670066833496,2.354218006134033,0.08584451675415039,8.834096908569336,569.871826171875,1.1044890481954652e+18,,23,,121.32548522949219,135099,0.1335039585828781,0.08151654899120331,
0.09691794216632843,27.13749122619629,0.17829370498657227,2.100346803665161,0.08488774299621582,10.31800651550293,96.68592071533203,1.104897791643091e+18,,23,,20.584392547607422,135149,0.17176319658756256,0.07662564516067505,
0.27285057306289673,424.6663513183594,8.37990665435791,97.91394805908203,0.08558440208435059,3.6650094985961914,515.9078369140625,1.1053065350907167e+18,,23,,109.83656311035156,135199,0.17342397570610046,0.062425658106803894,
0.10467974841594696,28.927223205566406,0.18116331100463867,2.120370864868164,0.08543944358825684,9.552946090698242,65.15404510498047,1.1057153472578191e+18,,23,,13.871270179748535,135249,0.13370783627033234,0.06272430717945099,
0.09616079926490784,26.818010330200195,0.17630958557128906,2.0625834465026855,0.0854799747467041,10.399248123168945,65.81934356689453,1.1061240907054449e+18,,23,,14.012911796569824,135299,0.14294902980327606,0.06596024334430695,
0.09957808256149292,29.094383239746094,0.18512439727783203,2.17427396774292,0.0851430892944336,10.042369842529297,375.4949035644531,1.1065328341530706e+18,,23,,79.94271850585938,135349,0.1819707751274109,0.06954674422740936,
0.09753302484750748,26.772789001464844,0.17410874366760254,2.044037103652954,0.08517885208129883,10.252937316894531,35.34956741333008,1.106941646320173e+18,,23,,7.525908470153809,135399,0.12983445823192596,0.0851736068725586,
0.09714660048484802,26.31004524230957,0.18463897705078125,2.177389144897461,0.08479833602905273,10.293721199035645,82.23162078857422,1.1073503897677988e+18,,23,,17.507078170776367,135449,0.12636329233646393,0.08800166845321655,
0.09777750074863434,27.265872955322266,0.17815089225769043,2.0838510990142822,0.08549118041992188,10.227301597595215,117.03691101074219,1.1077592019349012e+18,,23,,24.917112350463867,135499,0.13734924793243408,0.0530470609664917,
0.09881021082401276,28.86493492126465,0.18895602226257324,2.2119054794311523,0.08542680740356445,10.12041187286377,28.482526779174805,1.108167945382527e+18,,23,,6.063918590545654,135549,0.19682055711746216,0.06728574633598328,
0.09916972368955612,28.122421264648438,0.18794560432434082,2.1934051513671875,0.08568668365478516,10.083723068237305,119.58370971679688,1.1085766888301527e+18,,23,,25.45932388305664,135599,0.15688402950763702,0.060573458671569824,
0.10340037196874619,31.500255584716797,0.19901657104492188,2.327575206756592,0.08550381660461426,9.67114543914795,28.46012306213379,1.1089855009972552e+18,,23,,6.059148788452148,135649,0.13841980695724487,0.0681120753288269,
0.10257638245820999,29.460153579711914,0.1771235466003418,2.064854860305786,0.08578014373779297,9.748832702636719,548.2691040039062,1.1093942444448809e+18,,23,,116.72626495361328,135699,0.13238643109798431,0.056720033288002014,
0.09385338425636292,23.001649856567383,0.1811199188232422,2.1181371212005615,0.08550906181335449,10.654916763305664,526.9085693359375,1.1098029878925066e+18,,23,,112.17861938476562,135749,0.13932795822620392,0.0682116150856018,
0.10316656529903412,31.858531951904297,0.19880294799804688,2.336458444595337,0.08508729934692383,9.693062782287598,30.467666625976562,1.1102118000596091e+18,,23,,6.48655366897583,135799,0.13432194292545319,0.06124073266983032,
0.10281931608915329,31.985471725463867,0.18896842002868652,2.2334182262420654,0.0846095085144043,9.725799560546875,68.18388366699219,1.1106205435072348e+18,,23,,14.516321182250977,135849,0.14076337218284607,0.06889212131500244,
0.10082302242517471,29.587366104125977,0.1926734447479248,2.2512619495391846,0.08558464050292969,9.91836929321289,525.0341186523438,1.1110292869548605e+18,,23,,111.77954864501953,135899,0.17926427721977234,0.11111417412757874,
0.1074589267373085,32.00088119506836,0.18309736251831055,2.134561061859131,0.08577752113342285,9.305880546569824,507.908935546875,1.111438099121963e+18,,23,,108.13360595703125,135949,0.13589034974575043,0.05691118538379669,
0.1006612628698349,30.22827911376953,0.1982886791229248,2.328176975250244,0.08516907691955566,9.934308052062988,55.05308532714844,1.1118468425695887e+18,,23,,11.720780372619629,135999,0.12763191759586334,0.07749533653259277,
,,,,,,,,1.1118468425695887e+18,23,,,135999,,,0.5915842652320862
0.09666088968515396,26.357894897460938,0.18782973289489746,2.1852307319641113,0.08595418930053711,10.34544563293457,622.80419921875,1.1122555860172145e+18,,23,,132.59475708007812,136049,0.1388229876756668,0.05998304486274719,
0.08573165535926819,0.6975105404853821,0.08716082572937012,1.0334943532943726,0.0843360424041748,11.664302825927734,638.9862670898438,1.1126643981843169e+18,,23,,136.0399169921875,136099,0.17134059965610504,0.07498703896999359,
0.08628125488758087,1.344171404838562,0.09210848808288574,1.0798637866973877,0.0852963924407959,11.59000301361084,613.0208740234375,1.1130731416319427e+18,,23,,130.5118865966797,136149,0.1263783574104309,0.08222708106040955,
0.0937507376074791,22.923559188842773,0.17482733726501465,2.0504016876220703,0.08526492118835449,10.666582107543945,581.0910034179688,1.1134818850795684e+18,,23,,123.71404266357422,136199,0.11624301970005035,0.0617351233959198,
0.1054004430770874,30.57855224609375,0.18473196029663086,2.171586275100708,0.0850677490234375,9.487626075744629,618.3538818359375,1.1138906972466708e+18,,23,,131.6472930908203,136249,0.1664094477891922,0.07060869038105011,
0.09852283447980881,29.215152740478516,0.19264650344848633,2.251856803894043,0.08555006980895996,10.149930953979492,32.25917053222656,1.1142994406942966e+18,,23,,6.867963790893555,136299,0.14306963980197906,0.06403204798698425,
0.10726383328437805,31.58649444580078,0.19617962837219238,2.310457229614258,0.08490943908691406,9.322807312011719,228.27281188964844,1.1147081841419223e+18,,23,,48.59918975830078,136349,0.1491512507200241,0.06864741444587708,
0.09486958384513855,24.496353149414062,0.18685555458068848,2.185304880142212,0.08550548553466797,10.540785789489746,622.533935546875,1.1151169963090248e+18,,23,,132.5372314453125,136399,0.1681097447872162,0.06643709540367126,
0.1061379462480545,31.518442153930664,0.18745756149291992,2.191899299621582,0.08552289009094238,9.421700477600098,24.287824630737305,1.1155257397566505e+18,,23,,5.170867919921875,136449,0.1350858211517334,0.0690118670463562,
0.10437607765197754,29.63683319091797,0.18996858596801758,2.2220654487609863,0.08549189567565918,9.58073902130127,98.2153091430664,1.1159344832042762e+18,,23,,20.90999984741211,136499,0.19841229915618896,0.07211041450500488,
0.09486299753189087,21.52800941467285,0.16298651695251465,1.9149147272109985,0.0851142406463623,10.541518211364746,38.8797492980957,1.1163432953713787e+18,,23,,8.277482986450195,136549,0.23525170981884003,0.20389457046985626,
0.09916824102401733,28.778779983520508,0.18938994407653809,2.2482707500457764,0.08423805236816406,10.083873748779297,50.041866302490234,1.1167520388190044e+18,,23,,10.65389347076416,136599,0.2203703075647354,0.07135434448719025,
0.09902247786521912,30.621997833251953,0.19748616218566895,2.331927537918091,0.08468794822692871,10.098716735839844,188.96502685546875,1.1171607822666301e+18,,23,,40.23057556152344,136649,0.1867521107196808,0.06645742058753967,
0.09245139360427856,20.250694274902344,0.1600041389465332,1.8784070014953613,0.08518075942993164,10.816494941711426,56.64010238647461,1.1175695944337326e+18,,23,,12.05865478515625,136699,0.1349649578332901,0.05598282814025879,
0.09760768711566925,26.904266357421875,0.176652193069458,2.0725862979888916,0.08523273468017578,10.245095252990723,51.197898864746094,1.1179783378813583e+18,,23,,10.900012016296387,136749,0.12343313544988632,0.06270252168178558,
0.1008525863289833,31.826988220214844,0.1916060447692871,2.253403902053833,0.08502960205078125,9.915462493896484,225.52398681640625,1.1183871500484608e+18,,23,,48.01396560668945,136799,0.1474767029285431,0.061797529458999634,
0.10150206089019775,29.276260375976562,0.17000818252563477,1.9907535314559937,0.08539891242980957,9.85201644897461,36.598018646240234,1.1187958934960865e+18,,23,,7.791703701019287,136849,0.24562595784664154,0.1274464726448059,
0.09942217171192169,28.11090850830078,0.16954302787780762,1.9970091581344604,0.08489847183227539,10.05811882019043,542.823486328125,1.1192046369437123e+18,,23,,115.56690979003906,136899,0.13899953663349152,0.06556572020053864,
0.0977008044719696,27.83142852783203,0.19308876991271973,2.26108455657959,0.08539652824401855,10.235330581665039,50.89632797241211,1.1196134491108147e+18,,23,,10.835807800292969,136949,0.2669655680656433,0.0804014503955841,
0.09904497861862183,27.414182662963867,0.1823728084564209,2.137246608734131,0.08533072471618652,10.096423149108887,37.01827621459961,1.1200221925584404e+18,,23,,7.881175994873047,136999,0.17218147218227386,0.10461901128292084,
0.09269800782203674,21.359298706054688,0.17238235473632812,2.019213914871216,0.08537101745605469,10.787717819213867,625.2562866210938,1.1204309360060662e+18,,23,,133.11680603027344,137049,0.1748613715171814,0.08345383405685425,
0.09633944183588028,25.5126895904541,0.19108247756958008,2.2386844158172607,0.08535480499267578,10.379964828491211,45.802734375,1.1208397481731686e+18,,23,,9.751383781433105,137099,0.15602527558803558,0.06241832673549652,
0.09351205080747604,23.02968406677246,0.18894147872924805,2.222646713256836,0.0850074291229248,10.693809509277344,532.8426513671875,1.1212484916207944e+18,,23,,113.44197845458984,137149,0.15923357009887695,0.07962073385715485,
0.09816291183233261,24.84572982788086,0.18382501602172852,2.148993492126465,0.0855400562286377,10.18714714050293,28.151212692260742,1.1216572350684201e+18,,23,,5.993381977081299,137199,0.14595738053321838,0.07547517120838165,
0.10327372699975967,29.94314956665039,0.18233251571655273,2.1322288513183594,0.08551263809204102,9.683005332946777,49.36248779296875,1.1220660472355226e+18,,23,,10.50925350189209,137249,0.14785796403884888,0.06765517592430115,
0.09321515262126923,23.56007957458496,0.17112231254577637,2.0052103996276855,0.08533883094787598,10.727869987487793,582.118408203125,1.1224747906831483e+18,,23,,123.93276977539062,137299,0.13911494612693787,0.06987889111042023,
0.09438762068748474,25.619598388671875,0.18803620338439941,2.209172010421753,0.08511614799499512,10.594609260559082,37.834434509277344,1.122883534130774e+18,,23,,8.054935455322266,137349,0.1994362473487854,0.08596649765968323,
0.09561581909656525,26.50554084777832,0.19169378280639648,2.2604188919067383,0.08480453491210938,10.45851993560791,575.0789184570312,1.1232923462978765e+18,,23,,122.43406677246094,137399,0.13894231617450714,0.0625409483909607,
0.09942082315683365,28.12775421142578,0.17583560943603516,2.0612411499023438,0.08530569076538086,10.058255195617676,32.4246826171875,1.1237010897455022e+18,,23,,6.903202056884766,137449,0.14662089943885803,0.06806263327598572,
0.10179906338453293,32.22235107421875,0.1970958709716797,2.30401349067688,0.08554458618164062,9.823272705078125,65.95130157470703,1.124109833193128e+18,,23,,14.04100513458252,137499,0.1295786052942276,0.054806143045425415,
0.10117369145154953,28.877233505249023,0.18201684951782227,2.137871742248535,0.08513927459716797,9.883992195129395,122.08641815185547,1.1245186453602304e+18,,23,,25.992149353027344,137549,0.15118803083896637,0.07216240465641022,
0.09988340735435486,29.389787673950195,0.17795777320861816,2.0971786975860596,0.08485579490661621,10.011672973632812,86.39372253417969,1.1249273888078561e+18,,23,,18.3931884765625,137599,0.15986062586307526,0.07197877764701843,
0.1024378091096878,31.81154441833496,0.20977139472961426,2.4474947452545166,0.0857086181640625,9.7620210647583,67.02790069580078,1.1253361322554819e+18,,23,,14.27021312713623,137649,0.2666577696800232,0.0679415613412857,
,,,,,,14.768611907958984,1.1257449444225843e+18,,24,,2.1081323623657227,137699,0.1613590568304062,0.07472844421863556,
0.09647373855113983,29.124082565307617,0.20315909385681152,4.67997407913208,0.043410301208496094,10.365514755249023,633.4821166992188,1.12615368787021e+18,,24,,134.8680877685547,137749,0.14441989362239838,0.07895062863826752,
0.09046130627393723,16.89443016052246,0.1787726879119873,2.0915908813476562,0.08547210693359375,11.054450035095215,27.5854434967041,1.1265624313178358e+18,,24,,5.872929573059082,137799,0.1876450628042221,0.060571372509002686,
0.0862019956111908,1.1938244104385376,0.09000253677368164,1.0565828084945679,0.08518266677856445,11.60066032409668,591.4146118164062,1.1269712434849382e+18,,24,,125.91192626953125,137849,0.16525836288928986,0.07131113111972809,
0.08924166113138199,12.346251487731934,0.1590416431427002,1.8643367290496826,0.08530735969543457,11.205528259277344,612.8152465820312,1.127379986932564e+18,,24,,130.46812438964844,137899,0.14690108597278595,0.06531774997711182,
0.09243734180927277,22.00302505493164,0.17914032936096191,2.109431743621826,0.08492350578308105,10.81813907623291,28.47874641418457,1.1277887303801897e+18,,24,,6.063113689422607,137949,0.16305400431156158,0.0603908896446228,
0.09863681346178055,27.915828704833984,0.18265008926391602,2.139772653579712,0.08535957336425781,10.138202667236328,539.9020385742188,1.1281975425472922e+18,,24,,114.9449234008789,137999,0.13181981444358826,0.07386066019535065,
0.09416509419679642,21.334064483642578,0.17852115631103516,2.0874369144439697,0.08552169799804688,10.619646072387695,23.780227661132812,1.1286062859949179e+18,,24,,5.062800884246826,138049,0.17219187319278717,0.07491326332092285,
0.09355530142784119,23.52537727355957,0.21037578582763672,2.449422597885132,0.08588790893554688,10.688865661621094,429.4622497558594,1.1290150981620204e+18,,24,,91.43233489990234,138099,0.14472052454948425,0.058902814984321594,
0.10692402720451355,29.009624481201172,0.1717085838317871,2.0059773921966553,0.08559846878051758,9.352435111999512,575.8441772460938,1.1294238416096461e+18,,24,,122.59698486328125,138149,0.14591354131698608,0.09694236516952515,
0.09702852368354797,29.493833541870117,0.19098734855651855,2.2352848052978516,0.08544206619262695,10.30624771118164,19.32330322265625,1.1298325850572718e+18,,24,,4.1139235496521,138199,0.1429065614938736,0.06252804398536682,
0.10141140222549438,29.304357528686523,0.1901538372039795,2.2249646186828613,0.0854637622833252,9.860824584960938,564.1624755859375,1.1302413972243743e+18,,24,,120.10997009277344,138249,0.15824754536151886,0.05425013601779938,
0.09443574398756027,27.13903045654297,0.19923067092895508,2.3513948917388916,0.08472871780395508,10.589210510253906,569.1817626953125,1.130650140672e+18,,24,,121.1785659790039,138299,0.1920596808195114,0.0810227245092392,
0.10396663099527359,30.98666763305664,0.2158663272857666,2.5177526473999023,0.08573770523071289,9.618471145629883,562.5062255859375,1.1310588841196257e+18,,24,,119.7573471069336,138349,0.17924679815769196,0.061478763818740845,
0.09709709137678146,24.886306762695312,0.176987886428833,2.064340591430664,0.08573579788208008,10.298969268798828,499.2330322265625,1.1314676962867282e+18,,24,,106.28651428222656,138399,0.17444586753845215,0.06495654582977295,
0.1099880039691925,33.06884002685547,0.19406437873840332,2.2573769092559814,0.0859689712524414,9.091900825500488,30.827756881713867,1.1318764397343539e+18,,24,,6.5632171630859375,138449,0.1518305391073227,0.07924450933933258,
0.283956378698349,408.6972961425781,8.403705596923828,98.06962585449219,0.08569121360778809,3.521667718887329,510.9748229980469,1.1322851831819796e+18,,24,,108.78633117675781,138499,0.20323996245861053,0.10532611608505249,
0.10036352276802063,30.339372634887695,0.1989140510559082,2.3301708698272705,0.08536458015441895,9.96377944946289,503.8919982910156,1.1326939953490821e+18,,24,,107.27839660644531,138549,0.18576951324939728,0.1084478497505188,
0.10816580802202225,30.365554809570312,0.18313384056091309,2.131408214569092,0.0859215259552002,9.245065689086914,535.244384765625,1.1331027387967078e+18,,24,,113.95331573486328,138599,0.1446753740310669,0.05797165632247925,
0.10594221949577332,31.602970123291016,0.22756338119506836,2.66355037689209,0.08543610572814941,9.439107894897461,539.42724609375,1.1335114822443336e+18,,24,,114.84384155273438,138649,0.13736432790756226,0.06360292434692383,
0.09737175703048706,28.298830032348633,0.18155169486999512,2.127558469772339,0.08533334732055664,10.269918441772461,22.90001106262207,1.133920294411436e+18,,24,,4.87540340423584,138699,0.15797755122184753,0.0659981518983841,
0.10502547770738602,32.41371154785156,0.21721863746643066,2.5416390895843506,0.0854640007019043,9.521499633789062,509.7707824707031,1.1343290378590618e+18,,24,,108.52999114990234,138749,0.3196403682231903,0.12971746921539307,
0.10063174366950989,32.096248626708984,0.19541573524475098,2.287586212158203,0.08542442321777344,9.937222480773926,435.64984130859375,1.1347377813066875e+18,,24,,92.74967956542969,138799,0.16976523399353027,0.07381109893321991,
0.10250049829483032,30.802324295043945,0.19235610961914062,2.249321222305298,0.08551740646362305,9.756050109863281,31.360200881958008,1.13514659347379e+18,,24,,6.676574230194092,138849,0.21331483125686646,0.07402312755584717,
0.09932903945446014,30.419967651367188,0.19397377967834473,2.2944514751434326,0.08454036712646484,10.067548751831055,632.4445190429688,1.1355553369214157e+18,,24,,134.64718627929688,138899,0.672853410243988,0.204544335603714,
0.09390869736671448,21.844158172607422,0.16574597358703613,1.9578707218170166,0.0846562385559082,10.648640632629395,27.64246940612793,1.1359640803690414e+18,,24,,5.885070323944092,138949,0.14429332315921783,0.06972533464431763,
0.09555251896381378,25.222307205200195,0.19026899337768555,2.236093282699585,0.08508992195129395,10.465448379516602,484.0186767578125,1.1363728925361439e+18,,24,,103.04737854003906,138999,0.23521509766578674,0.06696434319019318,
0.10220176726579666,27.869171142578125,0.1796417236328125,2.0959527492523193,0.0857088565826416,9.784566879272461,565.4857177734375,1.1367816359837696e+18,,24,,120.39168548583984,139049,0.21921205520629883,0.06525741517543793,
0.09182428568601608,19.83523941040039,0.18251824378967285,2.139004945755005,0.08532857894897461,10.890364646911621,26.612213134765625,1.1371903794313953e+18,,24,,5.665729522705078,139099,0.15397050976753235,0.06743057072162628,
0.09089769423007965,23.21355438232422,0.21016144752502441,2.4798805713653564,0.0847465991973877,11.001379013061523,557.8574829101562,1.1375991915984978e+18,,24,,118.76763916015625,139149,0.1662413626909256,0.0729837715625763,
0.09957755357027054,30.053281784057617,0.19950318336486816,2.329427719116211,0.08564472198486328,10.042424201965332,592.7589721679688,1.1380079350461235e+18,,24,,126.1981430053711,139199,0.15782107412815094,0.06749603152275085,
0.09518339484930038,26.30059242248535,0.18718767166137695,2.201219081878662,0.0850381851196289,10.506034851074219,635.82470703125,1.1384166784937492e+18,,24,,135.3668212890625,139249,0.19008971750736237,0.06751132011413574,
0.09195972234010696,17.968610763549805,0.16286468505859375,1.9139444828033447,0.08509373664855957,10.8743257522583,618.1223754882812,1.1388254906608517e+18,,24,,131.59799194335938,139299,0.17805694043636322,0.11139407753944397,
0.09604722261428833,23.71818733215332,0.17253899574279785,2.0255744457244873,0.08518028259277344,10.411544799804688,27.5308780670166,1.1392342341084774e+18,,24,,5.8613128662109375,139349,0.21296608448028564,0.08822278678417206,
0.09921960532665253,26.466903686523438,0.18205642700195312,2.122579336166382,0.08577132225036621,10.078653335571289,520.0772094726562,1.1396430462755799e+18,,24,,110.72422790527344,139399,0.14363044500350952,0.07351028919219971,
0.10098015516996384,26.90802764892578,0.17246699333190918,2.0326428413391113,0.08484864234924316,9.902935981750488,516.5182495117188,1.1400517897232056e+18,,24,,109.96652221679688,139449,0.1366765946149826,0.07452788949012756,
0.10790114849805832,34.956695556640625,0.20212602615356445,2.3631112575531006,0.08553385734558105,9.267742156982422,615.3619384765625,1.1404605331708314e+18,,24,,131.0102996826172,139499,0.2694234251976013,0.07872051000595093,
0.09791882336139679,29.057941436767578,0.18553948402404785,2.1632721424102783,0.08576798439025879,10.212540626525879,474.87896728515625,1.1408693453379338e+18,,24,,101.1015396118164,139549,0.19483520090579987,0.13602480292320251,
0.09136836230754852,20.20656394958496,0.2049105167388916,2.4076988697052,0.08510637283325195,10.944706916809082,29.163818359375,1.1412780887855596e+18,,24,,6.208965301513672,139599,0.2314562052488327,0.14405694603919983,
0.09784242510795593,27.794212341308594,0.19048190116882324,2.2355823516845703,0.0852046012878418,10.220515251159668,630.6156005859375,1.1416868322331853e+18,,24,,134.25779724121094,139649,0.2027166485786438,0.088751882314682,
0.09170347452163696,21.612823486328125,0.17856407165527344,2.081786870956421,0.08577442169189453,10.904711723327637,624.75390625,1.1420956444002877e+18,,24,,133.00985717773438,139699,0.1461826115846634,0.05757506191730499,
0.09654100239276886,25.382736206054688,0.1828618049621582,2.138460159301758,0.0855109691619873,10.358293533325195,27.60529327392578,1.1425043878479135e+18,,24,,5.877155780792236,139749,0.14551500976085663,0.07163575291633606,
0.10497241467237473,31.70343780517578,0.18307971954345703,2.1428606510162354,0.08543705940246582,9.526311874389648,553.120361328125,1.1429131312955392e+18,,24,,117.75910186767578,139799,0.19311675429344177,0.17871001362800598,
0.10292080789804459,31.484346389770508,0.1948385238647461,2.2671992778778076,0.0859379768371582,9.716208457946777,25.109603881835938,1.1433219434626417e+18,,24,,5.345824241638184,139849,0.19060729444026947,0.06556577980518341,
0.09829695522785187,25.10215950012207,0.192490816116333,2.2430543899536133,0.0858163833618164,10.17325496673584,119.04383850097656,1.1437306869102674e+18,,24,,25.344385147094727,139899,0.15669770538806915,0.0584646612405777,
0.09542504698038101,27.16765785217285,0.19963598251342773,2.345341920852661,0.08512020111083984,10.479429244995117,511.5448303222656,1.1441394303578931e+18,,24,,108.9076919555664,139949,0.18717829883098602,0.07204489409923553,
0.0935259535908699,22.967702865600586,0.18627619743347168,2.1902735233306885,0.08504700660705566,10.692219734191895,19.22085952758789,1.1445482425249956e+18,,24,,4.092113018035889,139999,0.3102501928806305,0.18779343366622925,
,,,,,,,,1.1445482425249956e+18,24,,,139999,,,0.6152375340461731
0.08841624110937119,14.23333740234375,0.1759047508239746,2.0860371589660645,0.08432483673095703,11.310139656066895,601.8486328125,1.1449569859726213e+18,,24,,128.13333129882812,140049,0.17773163318634033,0.0936587005853653,
0.08720889687538147,1.3885866403579712,0.09268736839294434,1.0775275230407715,0.08601856231689453,11.466719627380371,618.8914794921875,1.145365729420247e+18,,24,,131.76174926757812,140099,0.1609535664319992,0.0600292831659317,
0.08750829845666885,1.4494332075119019,0.09361648559570312,1.089612364768982,0.08591723442077637,11.42748737335205,25.47133445739746,1.1457745415873495e+18,,24,,5.422836780548096,140149,0.17375369369983673,0.06082206964492798,
0.11109121888875961,30.440250396728516,0.17881464958190918,2.0927298069000244,0.08544564247131348,9.001611709594727,616.285888671875,1.1461832850349752e+18,,24,,131.20701599121094,140199,0.1325300931930542,0.06304006278514862,
0.09195242077112198,19.827966690063477,0.17867684364318848,2.1031649112701416,0.08495616912841797,10.875189781188965,647.843505859375,1.146592028482601e+18,,24,,137.92562866210938,140249,0.1833224892616272,0.0686013400554657,
0.0881383940577507,13.262529373168945,0.16804194450378418,1.9731885194778442,0.08516263961791992,11.345793724060059,544.6096801757812,1.1470008406497034e+18,,24,,115.94718933105469,140299,0.12555047869682312,0.061686351895332336,
0.09372662007808685,26.133150100708008,0.19902396202087402,2.334627389907837,0.08524870872497559,10.669327735900879,612.1784057617188,1.1474095840973292e+18,,24,,130.33253479003906,140349,0.17853498458862305,0.07331742346286774,
0.09057489782571793,14.80945110321045,0.16297054290771484,1.902390718460083,0.08566617965698242,11.040586471557617,22.087120056152344,1.1478183275449549e+18,,24,,4.702339172363281,140399,0.2461680918931961,0.09621526300907135,
0.0911850705742836,17.226673126220703,0.17003488540649414,2.000673294067383,0.08498883247375488,10.966708183288574,464.735595703125,1.1482271397120573e+18,,24,,98.9420166015625,140449,0.14040344953536987,0.058305174112319946,
0.0959308072924614,25.975513458251953,0.18865180015563965,2.197946786880493,0.0858309268951416,10.424180030822754,611.400634765625,1.1486358831596831e+18,,24,,130.1669464111328,140499,0.13883695006370544,0.05761978030204773,
0.09075111150741577,18.791982650756836,0.18415284156799316,2.1605217456817627,0.0852353572845459,11.019148826599121,31.59980583190918,1.1490446266073088e+18,,24,,6.727585792541504,140549,0.14754679799079895,0.07308824360370636,
0.09579627215862274,27.327606201171875,0.18046164512634277,2.116819143295288,0.0852513313293457,10.438819885253906,96.5274658203125,1.1494534387744113e+18,,24,,20.5506591796875,140599,0.2157669961452484,0.08438989520072937,
0.09723053127527237,28.415151596069336,0.18793511390686035,2.2114717960357666,0.08498191833496094,10.284834861755371,41.108802795410156,1.149862182222037e+18,,24,,8.752047538757324,140649,0.1515245884656906,0.0745072066783905,
0.09750118106603622,28.671493530273438,0.18375253677368164,2.1391193866729736,0.08590102195739746,10.256285667419434,196.20631408691406,1.1502709256696627e+18,,24,,41.772247314453125,140699,0.15979649126529694,0.06474436819553375,
0.08807358145713806,9.54656982421875,0.1460435390472412,1.7109168767929077,0.08535981178283691,11.354142189025879,639.7783813476562,1.1506797378367652e+18,,24,,136.20855712890625,140749,0.19394783675670624,0.12599113583564758,
0.09202470630407333,21.014005661010742,0.18323540687561035,2.1458327770233154,0.08539128303527832,10.866646766662598,41.90694808959961,1.1510884812843909e+18,,24,,8.921972274780273,140799,0.15270528197288513,0.06475226581096649,
0.09803560376167297,28.267478942871094,0.18887996673583984,2.2261688709259033,0.08484530448913574,10.2003755569458,583.1055908203125,1.1514972934514934e+18,,24,,124.1429443359375,140849,0.34125760197639465,0.0712624043226242,
0.09491073340177536,23.688671112060547,0.17073822021484375,1.9910087585449219,0.0857546329498291,10.536215782165527,622.9430541992188,1.1519060368991191e+18,,24,,132.62432861328125,140899,0.1363660842180252,0.05714847147464752,
0.09722935408353806,27.273239135742188,0.18286538124084473,2.144277334213257,0.0852806568145752,10.28495979309082,75.75189208984375,1.1523147803467448e+18,,24,,16.127548217773438,140949,0.1564730405807495,0.06534846127033234,
0.09437378495931625,23.851726531982422,0.1745154857635498,2.0353446006774902,0.08574247360229492,10.596162796020508,488.3608703613281,1.1527235925138473e+18,,24,,103.9718246459961,140999,0.17141036689281464,0.10992665588855743,
0.1031646579504013,31.519817352294922,0.20275092124938965,2.368819236755371,0.08559155464172363,9.693242073059082,29.482547760009766,1.153132335961473e+18,,24,,6.276822566986084,141049,0.13246063888072968,0.06011512875556946,
0.09645401686429977,27.325529098510742,0.17742013931274414,2.081334352493286,0.08524346351623535,10.367634773254395,49.64874267578125,1.1535410794090988e+18,,24,,10.570197105407715,141099,0.15253205597400665,0.06703124940395355,
0.10578624904155731,29.713489532470703,0.17499375343322754,2.0441112518310547,0.08560872077941895,9.453023910522461,485.5892028808594,1.1539498228567245e+18,,24,,103.38174438476562,141149,0.13235116004943848,0.07232353091239929,
0.11678646504878998,31.951719284057617,0.19124555587768555,2.249410390853882,0.08502030372619629,8.562636375427246,28.875707626342773,1.1543585663043502e+18,,24,,6.1476263999938965,141199,0.14284802973270416,0.05817599594593048,
0.0904683843255043,18.695419311523438,0.1723170280456543,2.032743215560913,0.08477067947387695,11.053585052490234,643.4920043945312,1.1547674471909294e+18,,24,,136.9991912841797,141249,0.1911696344614029,0.11870498955249786,
0.10358882695436478,31.382549285888672,0.19774627685546875,2.319704532623291,0.08524632453918457,9.653550148010254,169.92727661132812,1.1551761906385551e+18,,24,,36.17744827270508,141299,0.1497204303741455,0.06348617374897003,
0.10734010487794876,30.337928771972656,0.22777128219604492,2.6891348361968994,0.0847005844116211,9.316182136535645,48.73442459106445,1.1555849340861809e+18,,24,,10.37553882598877,141349,0.14009487628936768,0.07153932750225067,
0.10379298031330109,31.87004280090332,0.17780494689941406,2.080535650253296,0.08546113967895508,9.634562492370605,632.9490356445312,1.1559936775338066e+18,,24,,134.7545928955078,141399,0.11252982914447784,0.06305047869682312,
0.09736397117376328,29.73445701599121,0.2100529670715332,2.4718410968780518,0.08497834205627441,10.270739555358887,107.78057861328125,1.1564024209814323e+18,,24,,22.946441650390625,141449,0.1624055802822113,0.17306415736675262,
0.09911888837814331,23.6812801361084,0.1733229160308838,2.029420852661133,0.08540511131286621,10.08889389038086,522.2694091796875,1.1568113018680115e+18,,24,,111.19094848632812,141499,0.23819339275360107,0.07684892416000366,
0.1052369698882103,29.48700714111328,0.18609833717346191,2.1810102462768555,0.0853266716003418,9.502364158630371,633.1275634765625,1.1572200453156372e+18,,24,,134.7926025390625,141549,0.35783666372299194,0.08111153542995453,
0.09475390613079071,21.110366821289062,0.16866254806518555,1.9790408611297607,0.08522439002990723,10.553654670715332,36.514278411865234,1.157628788763263e+18,,24,,7.7738752365112305,141599,0.3088527023792267,0.19416356086730957,
0.0964941531419754,25.44204330444336,0.18237781524658203,2.1285510063171387,0.08568167686462402,10.363322257995605,290.1146240234375,1.1580375322108887e+18,,24,,61.76528549194336,141649,0.18054945766925812,0.07953712344169617,
0.0937609076499939,21.99515724182129,0.17281818389892578,2.019221305847168,0.0855865478515625,10.665426254272461,48.00662612915039,1.1584462756585144e+18,,24,,10.220590591430664,141699,0.14024262130260468,0.06498387455940247,
0.09894607961177826,28.849836349487305,0.18613839149475098,2.1910362243652344,0.08495450019836426,10.106514930725098,478.0286560058594,1.1588550191061402e+18,,24,,101.77210235595703,141749,0.16502733528614044,0.08216778934001923,
0.10387345403432846,30.721481323242188,0.19198322296142578,2.2587201595306396,0.08499646186828613,9.62709903717041,54.99350357055664,1.1592638999927194e+18,,24,,11.708094596862793,141799,0.14517566561698914,0.05641670525074005,
0.08859075605869293,12.378625869750977,0.16440057754516602,1.9296096563339233,0.08519887924194336,11.287859916687012,22.143091201782227,1.159672643440345e+18,,24,,4.714255332946777,141849,0.1567789614200592,0.10821643471717834,
0.0935741662979126,24.3289852142334,0.1827988624572754,2.147850751876831,0.08510780334472656,10.686710357666016,131.86029052734375,1.1600813868879708e+18,,24,,28.072999954223633,141899,0.1435869038105011,0.06570491194725037,
0.09586837887763977,26.02227020263672,0.18033313751220703,2.1291019916534424,0.08469915390014648,10.430968284606934,77.51431274414062,1.1604901303355965e+18,,24,,16.502765655517578,141949,0.19064384698867798,0.08349701762199402,
0.09935471415519714,28.978256225585938,0.18224215507507324,2.131558418273926,0.08549714088439941,10.064947128295898,48.54414367675781,1.1608988737832223e+18,,24,,10.335028648376465,141999,0.14975962042808533,0.06417788565158844,
0.09746235609054565,26.712238311767578,0.17711591720581055,2.066460371017456,0.08570981025695801,10.260371208190918,112.28651428222656,1.161307617230848e+18,,24,,23.905752182006836,142049,0.19862915575504303,0.08082340657711029,
0.0980040580034256,26.318899154663086,0.18532586097717285,2.16892671585083,0.08544588088989258,10.203659057617188,34.826690673828125,1.1617164981174272e+18,,24,,7.41458797454834,142099,0.15349870920181274,0.06571860611438751,
0.09578225761651993,23.48416519165039,0.19090628623962402,2.2439475059509277,0.08507609367370605,10.440346717834473,618.408447265625,1.162125241565053e+18,,24,,131.65890502929688,142149,0.3241358697414398,0.19729696214199066,
0.10782589763402939,31.920989990234375,0.18106651306152344,2.1205930709838867,0.08538484573364258,9.274209976196289,33.23149871826172,1.1625339850126787e+18,,24,,7.074972629547119,142199,0.1716129034757614,0.08113518357276917,
0.09236699342727661,20.456254959106445,0.18050527572631836,2.1319143772125244,0.08466815948486328,10.826377868652344,50.348453521728516,1.1629427284603044e+18,,24,,10.719165802001953,142249,0.13859301805496216,0.07193726301193237,
0.10024116933345795,28.398054122924805,0.17653799057006836,2.0618624687194824,0.08562064170837402,9.975940704345703,147.8296661376953,1.16335147190793e+18,,24,,31.472875595092773,142299,0.12418431788682938,0.06377491354942322,
0.10420071333646774,31.157957077026367,0.18683815002441406,2.1721460819244385,0.08601546287536621,9.596863746643066,36.34170913696289,1.1637602153555558e+18,,24,,7.73713493347168,142349,0.16480191051959991,0.0621567964553833,
0.10411141067743301,29.829734802246094,0.17555546760559082,2.0545692443847656,0.08544635772705078,9.605094909667969,544.939697265625,1.164169096242135e+18,,24,,116.01744842529297,142399,0.1461057811975479,0.056386157870292664,
0.10392270237207413,31.77996826171875,0.18968701362609863,2.2202579975128174,0.0854346752166748,9.622536659240723,510.8446960449219,1.1645778396897608e+18,,24,,108.75862884521484,142449,0.19934500753879547,0.07366786897182465,
0.09667458385229111,25.70988655090332,0.18808388710021973,2.2006030082702637,0.08546924591064453,10.343979835510254,96.39454650878906,1.1649865831373865e+18,,24,,20.52235984802246,142499,0.10876849293708801,0.05864925682544708,
0.10691529512405396,33.03847885131836,0.20376038551330566,2.3876965045928955,0.08533763885498047,9.353199005126953,240.5902862548828,1.1653953265850122e+18,,24,,51.22157287597656,142549,0.3128073811531067,0.13252992928028107,
0.09262929111719131,23.061573028564453,0.17795586585998535,2.0865800380706787,0.08528590202331543,10.795721054077148,33.892337799072266,1.165804070032638e+18,,24,,7.215664863586426,142599,0.17118661105632782,0.06433957815170288,
0.10062037408351898,29.134883880615234,0.18808245658874512,2.1991324424743652,0.0855257511138916,9.938344955444336,80.93085479736328,1.1662128134802637e+18,,24,,17.230146408081055,142649,0.15695452690124512,0.059861525893211365,
0.09937451779842377,30.650060653686523,0.1850576400756836,2.17071795463562,0.0852518081665039,10.062941551208496,59.74553298950195,1.166621694366843e+18,,24,,12.719799041748047,142699,0.23121385276317596,0.07771001756191254,
0.09299816936254501,22.737253189086914,0.19158458709716797,2.2402055263519287,0.08552098274230957,10.752900123596191,83.26593017578125,1.1670304378144686e+18,,24,,17.727283477783203,142749,0.4339521527290344,0.0690472275018692,
0.08868587017059326,12.488749504089355,0.16535043716430664,1.9352021217346191,0.08544349670410156,11.275753021240234,218.96484375,1.1674391812620943e+18,,24,,46.61752700805664,142799,0.12863196432590485,0.0646551251411438,
0.08833839744329453,10.783252716064453,0.15445899963378906,1.8164862394332886,0.08503174781799316,11.320106506347656,26.79888916015625,1.16784792470972e+18,,24,,5.705472469329834,142849,0.12002511322498322,0.06332740187644958,
0.09557101130485535,26.098308563232422,0.18605446815490723,2.194655418395996,0.08477616310119629,10.463423728942871,80.33049774169922,1.1682566681573458e+18,,24,,17.10232925415039,142899,0.13422386348247528,0.05788035690784454,
0.10105529427528381,28.0804500579834,0.17975592613220215,2.109910011291504,0.08519601821899414,9.895572662353516,626.7413330078125,1.168665549043925e+18,,24,,133.4329833984375,142949,0.1518464982509613,0.07643771171569824,
0.09857817739248276,27.87813949584961,0.18392157554626465,2.1468968391418457,0.08566856384277344,10.144232749938965,33.59321212768555,1.1690742924915507e+18,,24,,7.151981353759766,142999,0.16697442531585693,0.07845866680145264,
0.097364641726017,25.90843391418457,0.17660808563232422,2.065107822418213,0.08552002906799316,10.270668983459473,61.44076919555664,1.1694830359391764e+18,,24,,13.08071517944336,143049,0.14071622490882874,0.07190623879432678,
0.09875313937664032,30.390317916870117,0.18854165077209473,2.214186191558838,0.08515167236328125,10.126260757446289,73.0549087524414,1.1698917793868022e+18,,24,,15.553360939025879,143099,0.13051468133926392,0.06504738330841064,
0.10226264595985413,32.37842559814453,0.20183610916137695,2.3598203659057617,0.08553028106689453,9.778740882873535,66.16944122314453,1.170300522834428e+18,,24,,14.087446212768555,143149,0.15037107467651367,0.08438609540462494,
0.09655319899320602,26.4659366607666,0.19065451622009277,2.224010467529297,0.08572554588317871,10.356985092163086,624.2236328125,1.1707092662820536e+18,,24,,132.89695739746094,143199,0.1611713171005249,0.07017102837562561,
0.08778373152017593,13.634002685546875,0.17144775390625,2.020176410675049,0.08486771583557129,11.391632080078125,39.96609115600586,1.1711181471686328e+18,,24,,8.508764266967773,143249,0.11479655653238297,0.06040988862514496,
0.09276001155376434,20.67666244506836,0.1654047966003418,1.941831111907959,0.08517980575561523,10.78050708770752,135.2511749267578,1.1715268906162586e+18,,24,,28.794921875,143299,0.1306404024362564,0.05992734432220459,
0.10711551457643509,34.840301513671875,0.20491623878479004,2.385591745376587,0.08589744567871094,9.335715293884277,499.5352478027344,1.1719356340638843e+18,,24,,106.3508529663086,143349,0.17318105697631836,0.07749076187610626,
0.09870631992816925,28.203001022338867,0.18341588973999023,2.1638903617858887,0.0847620964050293,10.131063461303711,642.9148559570312,1.17234437751151e+18,,24,,136.87631225585938,143399,0.1514151394367218,0.0687374621629715,
,,,,,,636.533447265625,1.1727531209591357e+18,,25,,135.51771545410156,143449,0.1844066083431244,0.09758377075195312,
0.0979306697845459,29.90129280090332,0.19781804084777832,4.670022964477539,0.042359113693237305,10.211305618286133,632.5214233398438,1.1731618644067615e+18,,25,,134.66355895996094,143499,0.1882365345954895,0.06844773888587952,
0.09810645878314972,28.499305725097656,0.19167590141296387,2.2543392181396484,0.08502531051635742,10.193008422851562,520.4387817382812,1.1735707452933407e+18,,25,,110.80120849609375,143549,0.13452188670635223,0.06061597168445587,
0.09101659059524536,19.239593505859375,0.1674327850341797,1.9650288820266724,0.08520627021789551,10.987007141113281,639.6111450195312,1.1739794887409664e+18,,25,,136.17295837402344,143599,0.1897735297679901,0.09514325857162476,
0.0937340036034584,23.621719360351562,0.2213726043701172,2.597381114959717,0.08522915840148926,10.668487548828125,27.265329360961914,1.174388232188592e+18,,25,,5.8047776222229,143649,0.18450160324573517,0.08345471322536469,
0.09547647088766098,24.352996826171875,0.19060373306274414,2.2330257892608643,0.0853567123413086,10.473784446716309,637.8204345703125,1.1747969756362179e+18,,25,,135.7917022705078,143699,0.1915425956249237,0.06443727016448975,
0.09740347415208817,28.188474655151367,0.19173955917358398,2.2414677143096924,0.08554196357727051,10.266573905944824,572.6827392578125,1.1752057190838436e+18,,25,,121.92391967773438,143749,0.16814622282981873,0.06802600622177124,
0.09676734358072281,27.52345085144043,0.20237088203430176,2.366594076156616,0.08551144599914551,10.334064483642578,524.7904663085938,1.1756144625314693e+18,,25,,111.72767639160156,143799,0.13625791668891907,0.0737377256155014,
0.0972885712981224,26.459278106689453,0.1932206153869629,2.252910614013672,0.08576488494873047,10.27869987487793,517.4242553710938,1.1760233434180485e+18,,25,,110.15940856933594,143849,0.1404516100883484,0.05843934416770935,
0.09461837261915207,24.363174438476562,0.18582868576049805,2.178269863128662,0.08531022071838379,10.568772315979004,29.88986587524414,1.1764320868656742e+18,,25,,6.363540172576904,143899,0.24993756413459778,0.07105696201324463,
0.10089409351348877,27.038047790527344,0.1671435832977295,1.9593266248703003,0.08530664443969727,9.911382675170898,582.6202392578125,1.1768408303133e+18,,25,,124.03961181640625,143949,0.12423097342252731,0.058038756251335144,
0.10114956647157669,29.36589241027832,0.19697237014770508,2.2931618690490723,0.08589553833007812,9.88634967803955,435.88604736328125,1.1772495737609257e+18,,25,,92.79996490478516,143999,0.12386058270931244,0.0801253467798233,
,,,,,,,,1.1772495737609257e+18,25,,,143999,,,0.5690959692001343
0.09905356168746948,30.72127914428711,0.20904970169067383,2.4741404056549072,0.08449387550354004,10.095547676086426,627.4306030273438,1.1776583172085514e+18,,25,,133.57972717285156,144049,0.14515410363674164,0.06737430393695831,
0.08655138313770294,1.3014893531799316,0.09150099754333496,1.0712594985961914,0.08541440963745117,11.55383014678955,634.6239624023438,1.1780671980951306e+18,,25,,135.11117553710938,144099,0.14142818748950958,0.08227302134037018,
0.0862412080168724,0.7280442714691162,0.08933091163635254,1.0442875623703003,0.08554244041442871,11.59538459777832,21.45724105834961,1.1784759415427564e+18,,25,,4.568237781524658,144149,0.1634002923965454,0.06229390203952789,
0.08778169006109238,13.358444213867188,0.1696317195892334,1.9920010566711426,0.08515644073486328,11.391898155212402,634.1611328125,1.178884684990382e+18,,25,,135.0126495361328,144199,0.2078472375869751,0.06627072393894196,
0.09069065749645233,16.578716278076172,0.16836953163146973,1.9685425758361816,0.08553004264831543,11.026494026184082,443.85137939453125,1.1792934284380078e+18,,25,,94.49578094482422,144249,0.1926841288805008,0.07393097877502441,
0.0902443379163742,18.596118927001953,0.1881568431854248,2.2058746814727783,0.08529806137084961,11.08102798461914,16.851818084716797,1.1797021718856335e+18,,25,,3.587745189666748,144299,0.16847161948680878,0.07480037212371826,
0.09486615657806396,22.674266815185547,0.16394758224487305,1.9390082359313965,0.08455228805541992,10.541167259216309,571.7236328125,1.1801109153332593e+18,,25,,121.71973419189453,144349,0.14303690195083618,0.058766886591911316,
0.09554101526737213,23.71452522277832,0.18017077445983887,2.1129047870635986,0.08527159690856934,10.46670913696289,207.872314453125,1.1805197962198385e+18,,25,,44.25593185424805,144399,0.13184960186481476,0.059067487716674805,
0.0865170955657959,1.6263794898986816,0.09151506423950195,1.07540762424469,0.0850980281829834,11.558409690856934,287.63653564453125,1.1809285396674642e+18,,25,,61.23770523071289,144449,0.14980028569698334,0.07398834824562073,
0.09621560573577881,22.655181884765625,0.17299652099609375,2.035069704055786,0.0850076675415039,10.39332389831543,231.7369384765625,1.18133728311509e+18,,25,,49.336700439453125,144499,0.17650452256202698,0.08990821242332458,
0.09353046119213104,24.65009307861328,0.19205904006958008,2.2529637813568115,0.08524727821350098,10.691703796386719,21.744997024536133,1.1817460265627156e+18,,25,,4.629500865936279,144549,0.1709136962890625,0.05912543833255768,
0.09011125564575195,15.266583442687988,0.1542832851409912,1.8105716705322266,0.08521246910095215,11.097393035888672,93.95658874511719,1.1821547700103414e+18,,25,,20.003318786621094,144599,0.21306414902210236,0.08458729088306427,
0.09459768980741501,19.34699821472168,0.16498303413391113,1.9299490451812744,0.08548569679260254,10.57108211517334,641.1881103515625,1.182563513457967e+18,,25,,136.50868225097656,144649,0.14467774331569672,0.06821201741695404,
0.08913668990135193,17.109432220458984,0.1670222282409668,1.9706265926361084,0.08475589752197266,11.218724250793457,149.11167907714844,1.1829723943445463e+18,,25,,31.74581527709961,144699,0.1167784035205841,0.05669806897640228,
0.09164083749055862,23.227264404296875,0.19850850105285645,2.3364219665527344,0.08496260643005371,10.912165641784668,571.2294311523438,1.183381137792172e+18,,25,,121.61451721191406,144749,0.18571443855762482,0.10533690452575684,
0.09307153522968292,19.80959701538086,0.1709880828857422,1.9970816373825073,0.08561897277832031,10.744423866271973,24.75665855407715,1.1837898812397978e+18,,25,,5.270682334899902,144799,0.19603148102760315,0.06357412040233612,
0.09130141884088516,16.436302185058594,0.1636350154876709,1.918760895729065,0.0852816104888916,10.95273208618164,456.4608459472656,1.1841986246874235e+18,,25,,97.18032836914062,144849,0.17633043229579926,0.08185859024524689,
0.0986047089099884,29.329105377197266,0.18484926223754883,2.164834976196289,0.0853872299194336,10.14150333404541,565.9640502929688,1.1846073681350492e+18,,25,,120.49352264404297,144899,0.17612643539905548,0.07866494357585907,
0.08992378413677216,15.259552001953125,0.18563151359558105,2.152158498764038,0.08625364303588867,11.120528221130371,22.361732482910156,1.185016111582675e+18,,25,,4.760804176330566,144949,0.1440638154745102,0.0650128722190857,
0.09529174119234085,23.718894958496094,0.17473793029785156,2.05838942527771,0.08489060401916504,10.494088172912598,592.9356079101562,1.1854249924692541e+18,,25,,126.2357406616211,144999,0.17592379450798035,0.07838496565818787,
0.09313012659549713,22.2692928314209,0.18246841430664062,2.136045455932617,0.08542346954345703,10.737664222717285,35.62565994262695,1.18583373591688e+18,,25,,7.584688663482666,145049,0.16045993566513062,0.06225411593914032,
0.09453263133764267,25.2872314453125,0.19165873527526855,2.24324893951416,0.08543801307678223,10.57835865020752,219.79981994628906,1.1862424793645056e+18,,25,,46.795291900634766,145099,0.13846620917320251,0.07448561489582062,
0.10602113604545593,32.41059112548828,0.18790125846862793,2.1766443252563477,0.08632612228393555,9.43208122253418,635.1290893554688,1.1866512228121313e+18,,25,,135.21871948242188,145149,0.13106735050678253,0.06088249385356903,
0.10442653298377991,33.22295379638672,0.19411540031433105,2.2742111682891846,0.08535504341125488,9.57611083984375,29.944543838500977,1.187059966259757e+18,,25,,6.375181198120117,145199,0.18854138255119324,0.06273727118968964,
0.09904887527227402,27.574451446533203,0.19214558601379395,2.265854835510254,0.08480048179626465,10.096025466918945,319.1827392578125,1.1874687097073828e+18,,25,,67.95387268066406,145249,0.20208176970481873,0.19242364168167114,
0.09617254137992859,28.92939567565918,0.1921851634979248,2.2430384159088135,0.08568072319030762,10.397978782653809,635.8843383789062,1.187877590593962e+18,,25,,135.3795166015625,145299,0.28706181049346924,0.06211596727371216,
0.09410141408443451,24.972061157226562,0.19816970825195312,2.3163468837738037,0.08555269241333008,10.626832962036133,173.71957397460938,1.1882863340415877e+18,,25,,36.98482894897461,145349,0.2485571652650833,0.06745681166648865,
0.09530600905418396,27.526681900024414,0.18682622909545898,2.200343132019043,0.08490777015686035,10.492517471313477,383.1727294921875,1.1886950774892134e+18,,25,,81.57732391357422,145399,0.1831088364124298,0.08223755657672882,
0.09565962105989456,29.162925720214844,0.210235595703125,2.4574360847473145,0.08555078506469727,10.453731536865234,27.740005493164062,1.1891038209368392e+18,,25,,5.90583610534668,145449,0.15814940631389618,0.07850094139575958,
0.0965639054775238,23.081987380981445,0.16930747032165527,1.977072834968567,0.08563542366027832,10.355835914611816,632.081298828125,1.189512564384465e+18,,25,,134.56985473632812,145499,0.14479653537273407,0.06385505199432373,
0.10502311587333679,34.0024299621582,0.2102947235107422,2.4596216678619385,0.08549880981445312,9.521713256835938,558.1609497070312,1.189921445271044e+18,,25,,118.83224487304688,145549,0.15281330049037933,0.0613437294960022,
0.09304016083478928,22.732059478759766,0.18552660942077637,2.1896111965179443,0.08473038673400879,10.748046875,44.524452209472656,1.1903301887186698e+18,,25,,9.47923755645752,145599,0.1916089951992035,0.09044277667999268,
0.10055366158485413,31.07379150390625,0.19297504425048828,2.2569425106048584,0.08550286293029785,9.944938659667969,560.6210327148438,1.1907389321662956e+18,,25,,119.35599517822266,145649,0.12984567880630493,0.05891045928001404,
0.10423989593982697,27.668357849121094,0.17914605140686035,2.0875158309936523,0.08581781387329102,9.593255996704102,38.090084075927734,1.1911476756139213e+18,,25,,8.109363555908203,145699,0.12748822569847107,0.057153090834617615,
0.09861034899950027,27.367538452148438,0.1782994270324707,2.0866477489471436,0.08544778823852539,10.140923500061035,622.3870239257812,1.191556419061547e+18,,25,,132.5059356689453,145749,0.22955599427223206,0.059230461716651917,
0.09576432406902313,25.952146530151367,0.1802043914794922,2.107759475708008,0.0854957103729248,10.442302703857422,349.6842346191406,1.1919651625091727e+18,,25,,74.4476318359375,145799,0.15672121942043304,0.07322828471660614,
0.09581522643566132,23.997074127197266,0.17531919479370117,2.054090976715088,0.08535122871398926,10.436755180358887,26.980762481689453,1.192374043395752e+18,,25,,5.7441935539245605,145849,0.14877615869045258,0.08042842149734497,
0.096666119992733,24.04034996032715,0.17467570304870605,2.048571825027466,0.0852670669555664,10.34488582611084,632.3213500976562,1.1927827868433777e+18,,25,,134.62095642089844,145899,0.15138904750347137,0.06907147169113159,
0.09857213497161865,28.247159957885742,0.19001317024230957,2.2283663749694824,0.08527016639709473,10.144854545593262,44.19856262207031,1.1931915302910034e+18,,25,,9.409855842590332,145949,0.21149344742298126,0.06587333977222443,
0.09838724881410599,26.955190658569336,0.1730973720550537,2.031702995300293,0.08519816398620605,10.163919448852539,428.50341796875,1.193600273738629e+18,,25,,91.22820281982422,145999,0.2950426936149597,0.06889700889587402,
0.09463730454444885,23.212736129760742,0.1654198169708252,1.9438191652297974,0.08510041236877441,10.566657066345215,645.6273803710938,1.1940090171862548e+18,,25,,137.45379638671875,146049,0.1290636956691742,0.05734243988990784,
0.0974406898021698,28.28009796142578,0.19715023040771484,2.309579610824585,0.08536195755004883,10.262653350830078,23.445558547973633,1.1944177606338806e+18,,25,,4.991549968719482,146099,0.16899952292442322,0.06909960508346558,
0.10054641962051392,29.282739639282227,0.18406343460083008,2.1496176719665527,0.08562612533569336,9.94565486907959,532.1331176757812,1.1948266415204598e+18,,25,,113.29092407226562,146149,0.3627827763557434,0.10784903168678284,
0.10245389491319656,30.16074562072754,0.18459677696228027,2.1776444911956787,0.08476901054382324,9.76048755645752,562.468505859375,1.1952353849680855e+18,,25,,119.74932098388672,146199,0.17845124006271362,0.07838518917560577,
0.09450097382068634,23.88423728942871,0.1951916217803955,2.28252911567688,0.08551549911499023,10.581901550292969,636.7099609375,1.1956441284157112e+18,,25,,135.5552978515625,146249,0.13868427276611328,0.06551451981067657,
0.09456288069486618,22.630558013916016,0.17937397956848145,2.0938425064086914,0.08566737174987793,10.574974060058594,602.1307983398438,1.196052871863337e+18,,25,,128.1934051513672,146299,0.14821958541870117,0.06931941211223602,
0.09122873097658157,19.3843936920166,0.18266725540161133,2.150938034057617,0.08492445945739746,10.961459159851074,27.795368194580078,1.1964616153109627e+18,,25,,5.917623043060303,146349,0.1745191216468811,0.06643959879875183,
0.09505456686019897,25.254423141479492,0.19003987312316895,2.2274153232574463,0.08531856536865234,10.520273208618164,567.9738159179688,1.1968703587585884e+18,,25,,120.92140197753906,146399,0.14429184794425964,0.06906364858150482,
0.08891012519598007,12.99306583404541,0.159409761428833,1.878279447555542,0.0848701000213623,11.247312545776367,282.59747314453125,1.1972792396451676e+18,,25,,60.164886474609375,146449,0.15012653172016144,0.08273723721504211,
0.10691040009260178,32.50178909301758,0.18936443328857422,2.219238042831421,0.08532857894897461,9.35362720489502,93.73667907714844,1.1976879830927933e+18,,25,,19.956501007080078,146499,0.23835650086402893,0.08298948407173157,
0.0945560410618782,23.513639450073242,0.17186403274536133,2.0181362628936768,0.0851597785949707,10.575738906860352,545.8531494140625,1.198096726540419e+18,,25,,116.2119140625,146549,0.14151330292224884,0.06469576060771942,
0.09379951655864716,22.515655517578125,0.17960691452026367,2.112340211868286,0.08502745628356934,10.661035537719727,43.74843215942383,1.1985054699880448e+18,,25,,9.3140230178833,146599,0.16706964373588562,0.06145504117012024,
0.09058478474617004,17.442535400390625,0.1612701416015625,1.8979816436767578,0.08496928215026855,11.03938102722168,46.062015533447266,1.1989142134356705e+18,,25,,9.806584358215332,146649,0.19407732784748077,0.07736489176750183,
0.09717679768800735,25.696407318115234,0.18796920776367188,2.215409517288208,0.08484625816345215,10.290522575378418,636.5778198242188,1.1993230943222497e+18,,25,,135.52716064453125,146699,0.18027597665786743,0.07496295869350433,
0.09568846970796585,24.28645133972168,0.18195581436157227,2.1304430961608887,0.08540749549865723,10.450580596923828,19.50584602355957,1.1997318377698755e+18,,25,,4.152786731719971,146749,0.15687483549118042,0.06091013550758362,
0.09897776693105698,29.779542922973633,0.1931765079498291,2.2623772621154785,0.08538651466369629,10.103279113769531,582.5205078125,1.2001405812175012e+18,,25,,124.01837158203125,146799,0.1463274210691452,0.0673450380563736,
0.09721960872411728,25.19309425354004,0.16961979866027832,1.9785661697387695,0.08572864532470703,10.285990715026855,40.99667739868164,1.200549324665127e+18,,25,,8.72817611694336,146849,0.22363227605819702,0.06447167694568634,
0.09882445633411407,28.226078033447266,0.1904153823852539,2.230987310409546,0.08535027503967285,10.118952751159668,128.2196807861328,1.2009580681127526e+18,,25,,27.29792022705078,146899,0.20924368500709534,0.0750209242105484,
0.09660831093788147,28.237184524536133,0.1857764720916748,2.1827454566955566,0.08511137962341309,10.351076126098633,444.296630859375,1.2013668115603784e+18,,25,,94.590576171875,146949,0.16163668036460876,0.06376269459724426,
0.09105958789587021,18.05437469482422,0.18383574485778809,2.1670942306518555,0.08483052253723145,10.981820106506348,38.94551086425781,1.2017756924469576e+18,,25,,8.291482925415039,146999,0.21429109573364258,0.07530520856380463,
0.10271025449037552,30.117036819458008,0.19323253631591797,2.2617135047912598,0.08543634414672852,9.736126899719238,64.5864486694336,1.2021844358945833e+18,,25,,13.750429153442383,147049,0.15870848298072815,0.06792877614498138,
0.10620549321174622,34.062828063964844,0.21749305725097656,2.5307722091674805,0.08593940734863281,9.415708541870117,67.40496063232422,1.202593179342209e+18,,25,,14.350488662719727,147099,0.17615045607089996,0.0741051733493805,
0.11803927272558212,34.51866149902344,0.2345564365386963,2.748016834259033,0.08535480499267578,8.471756935119629,185.7639923095703,1.2030019227898348e+18,,25,,39.54907989501953,147149,0.18084022402763367,0.059431061148643494,
0.10928146541118622,33.632198333740234,0.20464777946472168,2.3904616832733154,0.08561015129089355,9.15068244934082,50.9554557800293,1.2034106662374605e+18,,25,,10.848396301269531,147199,0.23596367239952087,0.1405552178621292,
0.0991731509566307,28.7800235748291,0.18020105361938477,2.112781524658203,0.08529090881347656,10.0833740234375,49.652801513671875,1.2038194096850862e+18,,25,,10.571061134338379,147249,0.15646345913410187,0.06315819919109344,
0.09949963539838791,32.14516830444336,0.23708605766296387,2.768805503845215,0.08562755584716797,10.050288200378418,33.16109848022461,1.2042282905716654e+18,,25,,7.05998420715332,147299,0.2287796586751938,0.12483146786689758,
0.10065463185310364,31.331684112548828,0.19822287559509277,2.332549571990967,0.08498120307922363,9.934962272644043,519.987060546875,1.2046370340192911e+18,,25,,110.70503234863281,147349,0.19488023221492767,0.06199577450752258,
0.11076179146766663,31.921648025512695,0.19183015823364258,2.233457088470459,0.08588933944702148,9.0283842086792,626.900634765625,1.2050457774669169e+18,,25,,133.46688842773438,147399,0.18239067494869232,0.0686948299407959,
0.10182112455368042,34.36241149902344,0.20626306533813477,2.4245083332061768,0.08507418632507324,9.821144104003906,30.859344482421875,1.2054545209145426e+18,,25,,6.569941997528076,147449,0.20537789165973663,0.08348189294338226,
0.10206200927495956,30.257402420043945,0.19956350326538086,2.334075927734375,0.08550000190734863,9.797965049743652,170.58140563964844,1.2058632643621683e+18,,25,,36.316715240478516,147499,0.29047754406929016,0.07660119235515594,
0.10085531324148178,29.929489135742188,0.17706084251403809,2.0685393810272217,0.08559703826904297,9.915194511413574,57.59309005737305,1.206272007809794e+18,,25,,12.261545181274414,147549,0.20114049315452576,0.12813043594360352,
0.09875312447547913,29.42133140563965,0.1967759132385254,2.296260356903076,0.0856940746307373,10.126261711120605,514.0126953125,1.2066808886963732e+18,,25,,109.43309020996094,147599,0.14180991053581238,0.06391477584838867,
0.09738600999116898,28.57402992248535,0.1955280303955078,2.2935545444488525,0.0852510929107666,10.268415451049805,42.13886642456055,1.207089632143999e+18,,25,,8.97134780883789,147649,0.141544908285141,0.06037166714668274,
0.09618376940488815,24.470632553100586,0.17638301849365234,2.0595479011535645,0.08564162254333496,10.396763801574707,561.2006225585938,1.2074983755916247e+18,,25,,119.4793930053711,147699,0.18391185998916626,0.09871767461299896,
0.093155138194561,23.233905792236328,0.18446779251098633,2.152284622192383,0.0857079029083252,10.734780311584473,35.21733474731445,1.2079071190392504e+18,,25,,7.497756481170654,147749,0.2177634984254837,0.08450530469417572,
0.09466325491666794,23.589567184448242,0.1863265037536621,2.1824705600738525,0.08537411689758301,10.563760757446289,52.89335632324219,1.2083158624868762e+18,,25,,11.260973930358887,147799,0.18582694232463837,0.06417392194271088,
0.09484975039958954,23.9327392578125,0.17673802375793457,2.0694541931152344,0.0854032039642334,10.542989730834961,613.396240234375,1.208724605934502e+18,,25,,130.59181213378906,147849,0.16350328922271729,0.0949544906616211,
0.0958206057548523,26.34403419494629,0.17957019805908203,2.1122400760650635,0.08501410484313965,10.436168670654297,176.5316925048828,1.209133486821081e+18,,25,,37.583526611328125,147899,0.16244538128376007,0.08331888914108276,
0.09923700988292694,27.89298439025879,0.18170428276062012,2.13954496383667,0.08492660522460938,10.076885223388672,36.497467041015625,1.2095422302687068e+18,,25,,7.770296096801758,147949,0.256610244512558,0.061645567417144775,
0.09891963750123978,26.927927017211914,0.18676328659057617,2.191399335861206,0.08522558212280273,10.10921573638916,593.8992309570312,1.2099509737163325e+18,,25,,126.44091033935547,147999,0.17564606666564941,0.05939914286136627,
,,,,,,,,1.2099509737163325e+18,25,,,147999,,,0.6448269486427307
0.100379079580307,30.769086837768555,0.18808317184448242,2.2186167240142822,0.08477497100830078,9.962235450744629,613.3566284179688,1.2103597171639583e+18,,25,,130.5833740234375,148049,0.15676817297935486,0.07398667931556702,
0.0869443267583847,1.4052784442901611,0.0913994312286377,1.0706770420074463,0.08536601066589355,11.501612663269043,629.8148193359375,1.210768460611584e+18,,25,,134.0873260498047,148099,0.24609839916229248,0.0604204386472702,
0.08597437292337418,0.7262699007987976,0.08802318572998047,1.0329270362854004,0.08521723747253418,11.631372451782227,30.260482788085938,1.2111773414981632e+18,,25,,6.442444324493408,148149,0.15876945853233337,0.055780038237571716,
0.10010185837745667,31.034303665161133,0.2017805576324463,2.3757269382476807,0.08493423461914062,9.989824295043945,531.3394775390625,1.211586084945789e+18,,25,,113.12195587158203,148199,0.20851577818393707,0.18566057085990906,
0.10279419273138046,28.88894271850586,0.1879880428314209,2.2023754119873047,0.0853569507598877,9.72817611694336,345.6438293457031,1.2119948283934147e+18,,25,,73.5874252319336,148249,0.17709465324878693,0.05759356915950775,
0.09330275654792786,24.284502029418945,0.1903676986694336,2.2254738807678223,0.0855402946472168,10.71779727935791,30.694734573364258,1.2124035718410404e+18,,25,,6.5348968505859375,148299,0.15977641940116882,0.08436353504657745,
0.09722914546728134,25.82915496826172,0.16874217987060547,1.9779499769210815,0.0853116512298584,10.284982681274414,74.60286712646484,1.212812315288666e+18,,25,,15.882920265197754,148349,0.14842942357063293,0.06315043568611145,
0.09552810341119766,23.892852783203125,0.1857624053955078,2.1748428344726562,0.08541417121887207,10.468123435974121,623.4009399414062,1.2132210587362918e+18,,25,,132.72181701660156,148399,0.14603540301322937,0.07043355703353882,
0.09248209744691849,21.55451774597168,0.17849349975585938,2.0938849449157715,0.08524513244628906,10.81290340423584,273.8270263671875,1.213629939622871e+18,,25,,58.297664642333984,148449,0.16856034100055695,0.08653825521469116,
0.09434613585472107,24.080509185791016,0.18205618858337402,2.139496088027954,0.08509302139282227,10.599268913269043,95.98285675048828,1.2140386830704968e+18,,25,,20.434711456298828,148499,0.4191823899745941,0.06625466048717499,
0.09524660557508469,26.37795639038086,0.1800234317779541,2.1099557876586914,0.08532094955444336,10.499061584472656,26.200464248657227,1.2144474265181225e+18,,25,,5.578068256378174,148549,0.14412768185138702,0.06434668600559235,
0.09242240339517593,19.21833038330078,0.17009449005126953,1.9929381608963013,0.08534860610961914,10.819887161254883,112.95372009277344,1.2148561699657482e+18,,25,,24.047801971435547,148599,0.28567948937416077,0.1826486587524414,
0.09861081838607788,30.813810348510742,0.18648791313171387,2.184605360031128,0.08536458015441895,10.140874862670898,639.9022216796875,1.215264913413374e+18,,25,,136.23492431640625,148649,0.21791189908981323,0.07484069466590881,
0.08809742331504822,15.244112014770508,0.18199467658996582,2.13753342628479,0.08514237403869629,11.351070404052734,35.01597595214844,1.2156736568609997e+18,,25,,7.4548869132995605,148699,0.17946168780326843,0.0896347165107727,
0.09420416504144669,24.027694702148438,0.18277430534362793,2.1451284885406494,0.0852043628692627,10.615242004394531,635.2306518554688,1.216082537747579e+18,,25,,135.2403564453125,148749,0.21001829206943512,0.08069375157356262,
0.09733599424362183,28.47322654724121,0.17975687980651855,2.1033170223236084,0.0854635238647461,10.27369213104248,26.34972381591797,1.2164912811952046e+18,,25,,5.6098456382751465,148799,0.2097080945968628,0.06994681060314178,
0.09539040923118591,24.997291564941406,0.16928434371948242,1.9940742254257202,0.08489370346069336,10.483234405517578,68.11685180664062,1.2169000246428303e+18,,25,,14.502050399780273,148849,0.1313759833574295,0.05906271934509277,
0.09325569868087769,23.858797073364258,0.17932891845703125,2.099996566772461,0.08539485931396484,10.723204612731934,634.1957397460938,1.217308768090456e+18,,25,,135.02001953125,148899,0.37281492352485657,0.0913839340209961,
0.09605804085731506,24.38456916809082,0.18288874626159668,2.1396045684814453,0.08547782897949219,10.410372734069824,28.25678825378418,1.2177175115380818e+18,,25,,6.0158586502075195,148949,0.2465604543685913,0.10295775532722473,
0.09864617884159088,29.331056594848633,0.20244050025939941,2.3850436210632324,0.08487915992736816,10.137240409851074,197.97262573242188,1.2181262549857075e+18,,25,,42.148292541503906,148999,0.14475959539413452,0.053467363119125366,
0.09887154400348663,26.96860122680664,0.1726837158203125,2.0249834060668945,0.08527660369873047,10.114133834838867,122.16678619384766,1.2185351358722867e+18,,25,,26.009260177612305,149049,0.132984921336174,0.06044211983680725,
0.09733596444129944,26.497350692749023,0.18689417839050293,2.1827499866485596,0.08562326431274414,10.27369499206543,546.4854736328125,1.2189438793199124e+18,,25,,116.34652709960938,149099,0.18173262476921082,0.06656819581985474,
0.10128118842840195,29.09269142150879,0.17824411392211914,2.1212644577026367,0.08402729034423828,9.873501777648926,313.9925842285156,1.2193526227675382e+18,,25,,66.84889221191406,149149,0.12486746162176132,0.05216814577579498,
,,,,,,631.7426147460938,1.219761366215164e+18,,26,,134.49774169921875,149199,0.15275456011295319,0.06387387216091156,
0.09589109569787979,25.861526489257812,0.1836087703704834,4.00673770904541,0.04582500457763672,10.428497314453125,22.814102172851562,1.2201701096627896e+18,,26,,4.857112884521484,149249,0.6818657517433167,0.06070990860462189,
0.09424243867397308,22.69763946533203,0.17105674743652344,2.0083303451538086,0.0851736068725586,10.610930442810059,624.1824340820312,1.2205788531104154e+18,,26,,132.88818359375,149299,0.20852415263652802,0.08939982950687408,
0.0885828509926796,11.213496208190918,0.15685081481933594,1.8372020721435547,0.08537483215332031,11.28886604309082,23.58986473083496,1.2209877339969946e+18,,26,,5.02227258682251,149349,0.16587363183498383,0.06666453182697296,
0.09041044116020203,16.762624740600586,0.16480469703674316,1.925853967666626,0.08557486534118652,11.0606689453125,625.7598266601562,1.2213964774446203e+18,,26,,133.22401428222656,149399,0.2086961567401886,0.07657159864902496,
0.08710110187530518,1.211940884590149,0.09152603149414062,1.0659558773040771,0.08586287498474121,11.480911254882812,634.6851806640625,1.221805220892246e+18,,26,,135.12420654296875,149449,0.2011706382036209,0.0704229325056076,
0.0867118090391159,1.9901127815246582,0.09714078903198242,1.1394859552383423,0.08524966239929199,11.532454490661621,21.657150268554688,1.2222139643398717e+18,,26,,4.6107988357543945,149499,0.21407076716423035,0.059055984020233154,
0.08851266652345657,13.332232475280762,0.16969585418701172,1.9950778484344482,0.08505725860595703,11.297818183898926,627.0127563476562,1.2226227077874975e+18,,26,,133.4907684326172,149549,0.1388920545578003,0.06696286797523499,
0.09163952618837357,21.862953186035156,0.18402838706970215,2.1717700958251953,0.08473658561706543,10.912321090698242,629.6864624023438,1.2230315886740767e+18,,26,,134.0599822998047,149599,0.1426398754119873,0.05916014313697815,
0.08757887035608292,2.14805006980896,0.09417033195495605,1.1036909818649292,0.08532309532165527,11.418279647827148,582.1754760742188,1.2234403321217024e+18,,26,,123.94491577148438,149649,0.17720338702201843,0.07045704126358032,
0.09743345528841019,31.030677795410156,0.25389981269836426,2.970010757446289,0.08548784255981445,10.263415336608887,581.7511596679688,1.223849075569328e+18,,26,,123.85458374023438,149699,0.21299658715724945,0.06030678749084473,
0.0903574675321579,19.471887588500977,0.1829993724822998,2.139019250869751,0.08555293083190918,11.067153930664062,27.162206649780273,1.2242578190169539e+18,,26,,5.782822608947754,149749,0.1688128560781479,0.05864329636096954,
0.09319261461496353,22.90468978881836,0.18326067924499512,2.137754440307617,0.08572578430175781,10.730463981628418,541.7383422851562,1.2246665624645796e+18,,26,,115.33586883544922,149799,0.16775108873844147,0.06827601790428162,
0.09555820375680923,26.957801818847656,0.19901132583618164,2.3251540660858154,0.08559060096740723,10.464826583862305,518.77197265625,1.2250753059122053e+18,,26,,110.44635009765625,149849,0.13753323256969452,0.057274654507637024,
0.09678404778242111,28.72615623474121,0.19999957084655762,2.3353664875030518,0.08563947677612305,10.332281112670898,537.8203735351562,1.2254841867987845e+18,,26,,114.50173950195312,149899,0.16514717042446136,0.06997382640838623,
0.09304647892713547,23.365699768066406,0.18415498733520508,2.159024953842163,0.08529543876647949,10.74731731414795,621.8382568359375,1.2258929302464102e+18,,26,,132.3891143798828,149949,0.17564016580581665,0.07005965709686279,
0.09306048601865768,20.8979434967041,0.17733240127563477,2.0688250064849854,0.08571648597717285,10.745698928833008,34.654666900634766,1.226301673694036e+18,,26,,7.377964973449707,149999,0.14357060194015503,0.08947420120239258,
0.09921106696128845,30.72278594970703,0.20491743087768555,2.393911361694336,0.08559942245483398,10.079521179199219,635.9058837890625,1.2267104171416617e+18,,26,,135.3841094970703,150049,0.21622668206691742,0.06254467368125916,
0.09336964786052704,24.908649444580078,0.18416428565979004,2.162482738494873,0.08516335487365723,10.710119247436523,617.7135620117188,1.2271191605892874e+18,,26,,131.51097106933594,150099,0.17824943363666534,0.07573436200618744,
0.09323609620332718,21.014474868774414,0.17511534690856934,2.0539920330047607,0.08525609970092773,10.725459098815918,28.660724639892578,1.2275279040369132e+18,,26,,6.101856708526611,150149,0.17188195884227753,0.07336747646331787,
0.09502740949392319,24.110584259033203,0.17278790473937988,2.0291552543640137,0.08515262603759766,10.523280143737793,626.1980590820312,1.2279367849234924e+18,,26,,133.31732177734375,150199,0.16189052164554596,0.06866787374019623,
0.09274084866046906,21.493209838867188,0.17658782005310059,2.0713095664978027,0.08525419235229492,10.782734870910645,28.555105209350586,1.228345528371118e+18,,26,,6.079370021820068,150249,0.23036900162696838,0.06334133446216583,
0.10118445754051208,29.275897979736328,0.17790889739990234,2.084019422531128,0.08536815643310547,9.882941246032715,160.93141174316406,1.2287542718187438e+18,,26,,34.26223373413086,150299,0.16564734280109406,0.06609944999217987,
0.09688450396060944,24.91995620727539,0.18337774276733398,2.133737564086914,0.08594202995300293,10.321568489074707,534.568115234375,1.2291630152663695e+18,,26,,113.80933380126953,150349,0.1445533186197281,0.07867307960987091,
0.09943840652704239,28.76678466796875,0.1841566562652588,2.156952381134033,0.08537817001342773,10.056476593017578,38.79035949707031,1.2295717587139953e+18,,26,,8.258451461791992,150399,0.17132733762264252,0.06041496992111206,
0.09921678900718689,26.588544845581055,0.18835210800170898,2.185319185256958,0.08618974685668945,10.078939437866211,565.8225708007812,1.229980502161621e+18,,26,,120.4634017944336,150449,0.14262212812900543,0.06393563747406006,
0.10091938823461533,30.638242721557617,0.18828272819519043,2.1816718578338623,0.08630204200744629,9.90889835357666,636.5953369140625,1.2303893830482002e+18,,26,,135.53089904785156,150499,0.1879412829875946,0.06004658341407776,
0.09701897203922272,26.825801849365234,0.1932532787322998,2.268152952194214,0.08520293235778809,10.307262420654297,149.31781005859375,1.230798126495826e+18,,26,,31.78969955444336,150549,0.14230629801750183,0.05767172574996948,
0.09880463033914566,30.03959846496582,0.18922734260559082,2.22985577583313,0.08486080169677734,10.120983123779297,249.8975372314453,1.2312068699434516e+18,,26,,53.20308303833008,150599,0.1225600391626358,0.061050668358802795,
0.10027197003364563,28.92751693725586,0.18619799613952637,2.1789755821228027,0.08545207977294922,9.97287654876709,38.74441909790039,1.2316156133910774e+18,,26,,8.24867057800293,150649,0.16917796432971954,0.12034749984741211,
0.09876995533704758,29.536579132080078,0.18300223350524902,2.1429226398468018,0.08539843559265137,10.124536514282227,122.24813842773438,1.232024356838703e+18,,26,,26.026578903198242,150699,0.19396984577178955,0.07114897668361664,
0.09958459436893463,29.533002853393555,0.18442130088806152,2.1584668159484863,0.08544087409973145,10.04171371459961,631.9365234375,1.2324332377252823e+18,,26,,134.53903198242188,150749,0.1910310834646225,0.08621828258037567,
0.09646062552928925,24.40601348876953,0.18834280967712402,2.202944278717041,0.0854959487915039,10.366924285888672,120.39606475830078,1.232841981172908e+18,,26,,25.632274627685547,150799,0.14610379934310913,0.0767325758934021,
0.09726809710264206,26.60041618347168,0.17873072624206543,2.1028432846069336,0.08499479293823242,10.280863761901855,475.2310791015625,1.2332507246205338e+18,,26,,101.17649841308594,150849,0.17198336124420166,0.07532015442848206,
0.10459689795970917,33.59428024291992,0.21685457229614258,2.542173147201538,0.08530282974243164,9.560513496398926,72.30589294433594,1.2336594680681595e+18,,26,,15.393896102905273,150899,0.15381142497062683,0.06823840737342834,
0.09751135110855103,25.89950942993164,0.17685294151306152,2.0723562240600586,0.08533906936645508,10.255215644836426,213.75840759277344,1.2340682115157852e+18,,26,,45.50907897949219,150949,0.17949903011322021,0.06674337387084961,
0.09404086321592331,23.142488479614258,0.17978429794311523,2.0990352630615234,0.08565092086791992,10.633675575256348,237.44180297851562,1.234476954963411e+18,,26,,50.55126190185547,150999,0.17298854887485504,0.0796084851026535,
0.09781643003225327,27.951679229736328,0.19339227676391602,2.2594029903411865,0.08559441566467285,10.223231315612793,36.590328216552734,1.2348858358499901e+18,,26,,7.790066242218018,151049,0.1848197728395462,0.07131786644458771,
0.10144359618425369,30.847925186157227,0.1872565746307373,2.187573194503784,0.08560013771057129,9.857694625854492,501.0153503417969,1.235294579297616e+18,,26,,106.66596221923828,151099,0.2305735945701599,0.09161154925823212,
0.1042841225862503,31.54828453063965,0.19022083282470703,2.2189886569976807,0.0857241153717041,9.589187622070312,425.3521728515625,1.2357033227452416e+18,,26,,90.55730438232422,151149,0.16940715909004211,0.057589590549468994,
0.10412906110286713,33.08820724487305,0.19407963752746582,2.269646167755127,0.0855109691619873,9.603466987609863,32.681312561035156,1.2361120661928673e+18,,26,,6.9578375816345215,151199,0.2182551473379135,0.11782829463481903,
0.10058793425559998,27.434734344482422,0.17949485778808594,2.1125564575195312,0.08496570587158203,9.941550254821777,540.9996948242188,1.236520809640493e+18,,26,,115.17861938476562,151249,0.29094263911247253,0.20838503539562225,
0.28299641609191895,433.7665710449219,8.872404098510742,103.2915267944336,0.08589673042297363,3.533613681793213,118.9090805053711,1.2369295530881188e+18,,26,,25.31569480895996,151299,0.3144930303096771,0.07786454260349274,
0.09795014560222626,21.566577911376953,0.17134308815002441,2.0054497718811035,0.08543872833251953,10.209275245666504,52.74125289916992,1.237338433974698e+18,,26,,11.228590965270996,151349,0.14251507818698883,0.0583035945892334,
0.09901849180459976,30.652175903320312,0.19285941123962402,2.255596399307251,0.08550262451171875,10.09912395477295,280.7425231933594,1.2377471774223237e+18,,26,,59.76996994018555,151399,0.20314134657382965,0.10712289810180664,
0.10612916201353073,31.672460556030273,0.2235703468322754,2.607673406600952,0.08573555946350098,9.422480583190918,82.47994995117188,1.2381559208699494e+18,,26,,17.559947967529297,151449,0.16243965923786163,0.07631610333919525,
0.1042633131146431,32.50189208984375,0.2126760482788086,2.477442741394043,0.0858449935913086,9.591100692749023,602.5133056640625,1.2385646643175752e+18,,26,,128.27484130859375,151499,0.18100401759147644,0.06905379891395569,
0.10272419452667236,30.7392578125,0.18082118034362793,2.136746644973755,0.0846245288848877,9.7348051071167,50.86320114135742,1.238973407765201e+18,,26,,10.828755378723145,151549,0.3838210701942444,0.20263923704624176,
0.09679791331291199,24.822927474975586,0.17555570602416992,2.0531513690948486,0.08550548553466797,10.330801010131836,98.7376708984375,1.2393821512128266e+18,,26,,21.021209716796875,151599,0.15196573734283447,0.08201839029788971,
0.10669068992137909,31.277311325073242,0.1920607089996338,2.235520839691162,0.08591318130493164,9.372889518737793,496.640625,1.2397910320994058e+18,,26,,105.73458862304688,151649,0.15636052191257477,0.059255555272102356,
0.1046174168586731,32.710289001464844,0.1856694221496582,2.1778273582458496,0.08525443077087402,9.558637619018555,162.4348907470703,1.2401997755470316e+18,,26,,34.58232498168945,151699,0.2794678509235382,0.081138476729393,
0.1024017259478569,30.209680557250977,0.18797969818115234,2.212797164916992,0.08495116233825684,9.765460014343262,511.3343505859375,1.2406085189946573e+18,,26,,108.86287689208984,151749,0.1941346973180771,0.06610676646232605,
0.10462363809347153,33.17677688598633,0.20127320289611816,2.3535475730895996,0.08551907539367676,9.558069229125977,123.90058135986328,1.241017262442283e+18,,26,,26.37838363647461,151799,0.17053094506263733,0.056545570492744446,
0.10007292777299881,26.692855834960938,0.17491936683654785,2.052755355834961,0.08521199226379395,9.99271297454834,26.237268447875977,1.2414260058899087e+18,,26,,5.585903644561768,151849,0.16700714826583862,0.06143873929977417,
0.10127323865890503,29.92902183532715,0.1783006191253662,2.09527325630188,0.08509659767150879,9.874277114868164,505.6761474609375,1.2418347493375345e+18,,26,,107.65824890136719,151899,0.1770523637533188,0.07171900570392609,
0.10149702429771423,32.599456787109375,0.19548988342285156,2.2778310775756836,0.08582282066345215,9.852505683898926,40.295108795166016,1.2422436302241137e+18,,26,,8.578812599182129,151949,0.2711309492588043,0.11061590909957886,
0.09897471964359283,26.094310760498047,0.18685650825500488,2.1819636821746826,0.08563685417175293,10.10359001159668,487.1370544433594,1.2426523736717394e+18,,26,,103.7112808227539,151999,0.20536287128925323,0.06941860914230347,
,,,,,,,,1.2426523736717394e+18,26,,,151999,,,0.8387885689735413
0.09728586673736572,27.35179328918457,0.1760423183441162,2.084897994995117,0.08443689346313477,10.278985023498535,611.599853515625,1.243061117119365e+18,,26,,130.20936584472656,152049,0.1738087683916092,0.06529563665390015,
0.08608996123075485,1.0506079196929932,0.09015774726867676,1.0624072551727295,0.08486175537109375,11.615756034851074,632.3621215820312,1.2434698605669908e+18,,26,,134.629638671875,152099,0.18406957387924194,0.06000712513923645,
0.08624666184186935,1.5668045282363892,0.09408164024353027,1.101980209350586,0.08537507057189941,11.594651222229004,630.5838623046875,1.2438786040146166e+18,,26,,134.2510528564453,152149,0.16061849892139435,0.06619209051132202,
0.08974086493253708,18.19521141052246,0.18353986740112305,2.1502087116241455,0.08535909652709961,11.143195152282715,140.34144592285156,1.2442874849011958e+18,,26,,29.878637313842773,152199,0.3296590745449066,0.07383038103580475,
0.08883882313966751,17.154020309448242,0.18213868141174316,2.1519153118133545,0.0846402645111084,11.256340026855469,572.049560546875,1.2446962283488215e+18,,26,,121.78911590576172,152249,0.16048242151737213,0.07016021013259888,
0.09975262731313705,30.95015525817871,0.19409990310668945,2.278306245803833,0.08519482612609863,10.024798393249512,21.496906280517578,1.2451049717964472e+18,,26,,4.5766825675964355,152299,0.46501845121383667,0.09682494401931763,
0.09603162109851837,27.636091232299805,0.1884446144104004,2.2008392810821533,0.08562397956848145,10.413236618041992,311.29766845703125,1.245513715244073e+18,,26,,66.275146484375,152349,0.149595707654953,0.07417608797550201,
0.09770439565181732,27.431093215942383,0.1795330047607422,2.106332540512085,0.0852348804473877,10.234953880310059,622.9578247070312,1.2459224586916987e+18,,26,,132.62747192382812,152399,0.1836007535457611,0.06173443794250488,
0.10008452832698822,27.31745719909668,0.21336579322814941,2.485332489013672,0.08585000038146973,9.991554260253906,628.4644775390625,1.2463312021393244e+18,,26,,133.79981994628906,152449,0.25634118914604187,0.15090420842170715,
0.08846846222877502,12.049660682678223,0.16237831115722656,1.8992780447006226,0.0854947566986084,11.303462982177734,579.540771484375,1.2467400830259036e+18,,26,,123.38399505615234,152499,0.15085117518901825,0.06136810779571533,
0.09673675149679184,27.185344696044922,0.1780834197998047,2.0882041454315186,0.0852806568145752,10.337332725524902,44.60190963745117,1.2471488264735293e+18,,26,,9.495728492736816,152549,0.19040806591510773,0.0654870867729187,
0.09756278246641159,29.560216903686523,0.20256710052490234,2.371109962463379,0.08543133735656738,10.249810218811035,130.10069274902344,1.247557569921155e+18,,26,,27.69838523864746,152599,0.15589171648025513,0.06472168862819672,
0.28510692715644836,441.4283447265625,9.091511726379395,107.27485656738281,0.08474969863891602,3.507455825805664,597.8375244140625,1.2479663133687808e+18,,26,,127.27937316894531,152649,0.2618221044540405,0.08257424831390381,
0.1122652217745781,29.562103271484375,0.19097256660461426,2.2332048416137695,0.08551502227783203,8.907477378845215,23.191280364990234,1.2483750568164065e+18,,26,,4.937414169311523,152699,0.15570299327373505,0.0698826014995575,
0.09345552325248718,22.557151794433594,0.17165327072143555,2.006258726119995,0.08555889129638672,10.700277328491211,625.5896606445312,1.2487838002640323e+18,,26,,133.1877899169922,152749,0.16640807688236237,0.06949156522750854,
0.09217949956655502,18.830856323242188,0.16240143775939941,1.9047380685806274,0.08526182174682617,10.84839916229248,75.90287017822266,1.2491926811506115e+18,,26,,16.15968894958496,152799,0.1776321679353714,0.06772308051586151,
0.10018955916166306,30.46758270263672,0.20976686477661133,2.458672285079956,0.08531713485717773,9.981080055236816,633.2915649414062,1.2496014245982372e+18,,26,,134.8275146484375,152849,0.197501078248024,0.08652448654174805,
0.09770768880844116,26.813610076904297,0.17457318305969238,2.0591320991516113,0.08477997779846191,10.23460865020752,66.36039733886719,1.250010168045863e+18,,26,,14.128101348876953,152899,0.14069107174873352,0.05218888819217682,
0.09369347244501114,20.374723434448242,0.16673660278320312,1.9493039846420288,0.08553647994995117,10.673101425170898,37.16236114501953,1.2504189114934886e+18,,26,,7.911851406097412,152949,0.16279464960098267,0.07411107420921326,
0.10688521713018417,33.55495071411133,0.23988747596740723,2.8074159622192383,0.08544778823852539,9.355831146240234,631.8184204101562,1.2508276549411144e+18,,26,,134.51388549804688,152999,0.1651148647069931,0.08162449300289154,
0.09571327269077301,25.988378524780273,0.19340252876281738,2.2597744464874268,0.08558487892150879,10.447872161865234,530.2188720703125,1.25123639838874e+18,,26,,112.88338470458984,153049,0.14959155023097992,0.060647785663604736,
0.0992034524679184,30.094282150268555,0.18177056312561035,2.116969108581543,0.08586359024047852,10.080294609069824,37.51881408691406,1.2516452792753193e+18,,26,,7.9877400398254395,153099,0.19050419330596924,0.06484563648700714,
0.09483036398887634,21.02676010131836,0.17546558380126953,2.0460784435272217,0.08575701713562012,10.545145988464355,44.64105224609375,1.252054022722945e+18,,26,,9.50406265258789,153149,0.1463831216096878,0.07297763228416443,
0.09813761711120605,26.716880798339844,0.18350648880004883,2.1613359451293945,0.08490419387817383,10.189772605895996,28.759349822998047,1.2524627661705708e+18,,26,,6.122853755950928,153199,0.1769317090511322,0.06252165138721466,
0.0948122963309288,24.90326499938965,0.19421696662902832,2.2634706497192383,0.08580493927001953,10.547155380249023,633.5062255859375,1.2528715096181965e+18,,26,,134.8732147216797,153249,0.14265014231204987,0.07453274726867676,
0.09283372759819031,21.627117156982422,0.17614388465881348,2.057248115539551,0.08562111854553223,10.771946907043457,65.6208724975586,1.2532802530658222e+18,,26,,13.970657348632812,153299,0.17834405601024628,0.10759131610393524,
0.09804856032133102,26.02867889404297,0.19019651412963867,2.2174713611602783,0.08577179908752441,10.199028015136719,86.56855773925781,1.2536891339524014e+18,,26,,18.430410385131836,153349,0.17479345202445984,0.09829041361808777,
0.08975408971309662,16.147497177124023,0.16705656051635742,1.9671194553375244,0.08492445945739746,11.14155387878418,555.5418090820312,1.2540978774000271e+18,,26,,118.27462005615234,153399,0.24097271263599396,0.1237863302230835,
0.10132762044668198,28.487560272216797,0.1814134120941162,2.116788864135742,0.08570218086242676,9.868977546691895,98.62199401855469,1.2545066208476529e+18,,26,,20.996583938598633,153449,0.12291907519102097,0.055682286620140076,
0.09825358539819717,29.145872116088867,0.1975269317626953,2.3078367710113525,0.08558964729309082,10.17774486541748,633.97900390625,1.2549153642952786e+18,,26,,134.973876953125,153499,0.18193018436431885,0.07815586030483246,
0.09655223041772842,26.422801971435547,0.17466354370117188,2.0607080459594727,0.08475899696350098,10.357088088989258,42.6189079284668,1.2553241077429043e+18,,26,,9.073548316955566,153549,0.1353704333305359,0.06621375679969788,
0.09974920749664307,31.319110870361328,0.19937515258789062,2.3386552333831787,0.08525204658508301,10.025142669677734,35.3143424987793,1.25573285119053e+18,,26,,7.518409252166748,153599,0.14190393686294556,0.07343186438083649,
0.0947113111615181,23.515602111816406,0.16936540603637695,1.9816997051239014,0.0854647159576416,10.558401107788086,553.6619262695312,1.2561417320771092e+18,,26,,117.87439727783203,153649,0.15613198280334473,0.07471594214439392,
0.09621939808130264,26.200305938720703,0.17362236976623535,2.041841983795166,0.08503222465515137,10.392914772033691,48.96885681152344,1.256550475524735e+18,,26,,10.42544937133789,153699,0.14954930543899536,0.0687674731016159,
0.1032305657863617,29.62232780456543,0.19378995895385742,2.2521049976348877,0.08604836463928223,9.687053680419922,32.05181121826172,1.2569592189723607e+18,,26,,6.823818206787109,153749,0.12011009454727173,0.060925960540771484,
0.0989166796207428,27.51398468017578,0.17880463600158691,2.1089956760406494,0.08478188514709473,10.109519004821777,112.2131576538086,1.2573679624199864e+18,,26,,23.890134811401367,153799,0.15987181663513184,0.06684339046478271,
0.10375238209962845,31.35539436340332,0.19999051094055176,2.3376882076263428,0.08555054664611816,9.63833236694336,43.231056213378906,1.2577767058676122e+18,,26,,9.203874588012695,153849,0.15674926340579987,0.05789433419704437,
0.08996348828077316,14.943441390991211,0.15967869758605957,1.879215121269226,0.08497095108032227,11.115620613098145,512.463134765625,1.258185449315238e+18,,26,,109.10318756103516,153899,0.1854030340909958,0.05776861310005188,
0.10059865564107895,27.863140106201172,0.19226837158203125,2.260800361633301,0.08504438400268555,9.94049072265625,66.55665588378906,1.258594330201817e+18,,26,,14.16988468170166,153949,0.1329125463962555,0.06429706513881683,
0.10261233150959015,31.632993698120117,0.18851995468139648,2.213571786880493,0.08516550064086914,9.745417594909668,71.32256317138672,1.2590030736494428e+18,,26,,15.184544563293457,153999,0.17295263707637787,0.08685450255870819,
0.0971238985657692,26.15007781982422,0.17600774765014648,2.0639514923095703,0.08527708053588867,10.296127319335938,59.40682601928711,1.2594118170970685e+18,,26,,12.647688865661621,154049,0.14461036026477814,0.07999482750892639,
0.09844264388084412,27.000255584716797,0.19158530235290527,2.2280211448669434,0.08598899841308594,10.158199310302734,40.005165100097656,1.2598205605446943e+18,,26,,8.517083168029785,154099,0.2412899285554886,0.10545875132083893,
0.09425058215856552,26.021718978881836,0.1867382526397705,2.20579195022583,0.08465814590454102,10.610013961791992,110.38798522949219,1.26022930399232e+18,,26,,23.501556396484375,154149,0.16890530288219452,0.06704190373420715,
0.09745805710554123,27.200597763061523,0.18111252784729004,2.1363253593444824,0.0847775936126709,10.260824203491211,37.480796813964844,1.2606380474399457e+18,,26,,7.979646682739258,154199,0.19085754454135895,0.05960455536842346,
0.10100597143173218,30.783248901367188,0.20386910438537598,2.384739875793457,0.08548903465270996,9.900404930114746,43.18328094482422,1.261046928326525e+18,,26,,9.193702697753906,154249,0.14260272681713104,0.07558339834213257,
0.1061747744679451,34.45225143432617,0.19974970817565918,2.346395492553711,0.08513045310974121,9.41843318939209,573.3619384765625,1.2614556717741507e+18,,26,,122.06852722167969,154299,0.17234393954277039,0.0651089996099472,
0.10385666787624359,34.423683166503906,0.21378636360168457,2.5224130153656006,0.08475470542907715,9.628654479980469,45.78710174560547,1.2618644152217764e+18,,26,,9.748055458068848,154349,0.1894771307706833,0.05947461724281311,
0.10198871791362762,31.634553909301758,0.2012042999267578,2.3494601249694824,0.08563852310180664,9.80500602722168,131.23472595214844,1.262273158669402e+18,,26,,27.939821243286133,154399,0.12698732316493988,0.0605279803276062,
0.09744134545326233,26.509201049804688,0.18355894088745117,2.1496336460113525,0.08539080619812012,10.26258373260498,39.821044921875,1.2626819021170278e+18,,26,,8.477884292602539,154449,0.1471499800682068,0.07166387140750885,
0.09366979449987411,22.90634536743164,0.19029879570007324,2.2406811714172363,0.08492898941040039,10.675800323486328,32.223880767822266,1.2630906455646536e+18,,26,,6.8604512214660645,154499,0.13940100371837616,0.06080542504787445,
0.09080152213573456,20.677597045898438,0.1863994598388672,2.1788954734802246,0.08554768562316895,11.013031005859375,578.4495239257812,1.2634995264512328e+18,,26,,123.15166473388672,154549,0.19032971560955048,0.08717645704746246,
0.10123351216316223,29.58205795288086,0.18497681617736816,2.169132947921753,0.08527684211730957,9.878151893615723,500.0030822753906,1.2639082698988585e+18,,26,,106.45045471191406,154599,0.16710995137691498,0.05780096352100372,
0.09391637146472931,22.078500747680664,0.17160415649414062,2.0223543643951416,0.0848536491394043,10.647770881652832,612.63330078125,1.2643170133464842e+18,,26,,130.42938232421875,154649,0.11653244495391846,0.05278496444225311,
0.09714784473180771,27.08317756652832,0.18819594383239746,2.205636501312256,0.08532500267028809,10.293588638305664,91.27376556396484,1.26472575679411e+18,,26,,19.432147979736328,154699,0.14862948656082153,0.05981293320655823,
0.26462653279304504,414.5866394042969,7.94073486328125,93.07211303710938,0.08531808853149414,3.7789106369018555,36.77177047729492,1.2651345002417357e+18,,26,,7.828695297241211,154749,0.12807081639766693,0.057866111397743225,
0.10928337275981903,32.64362335205078,0.2200031280517578,2.5769588947296143,0.0853731632232666,9.150522232055664,575.6806640625,1.265543381128315e+18,,26,,122.56217956542969,154799,0.18201790750026703,0.06807766854763031,
0.09871353954076767,28.785846710205078,0.18004584312438965,2.115770101547241,0.08509707450866699,10.130322456359863,490.4905090332031,1.2659521245759406e+18,,26,,104.42523193359375,154849,0.14872635900974274,0.07058447599411011,
,,,,,,,1.2663608680235663e+18,,27,,,154899,0.14885318279266357,0.06573472917079926,
0.09040283411741257,21.177745819091797,0.18461918830871582,4.342906951904297,0.0425105094909668,11.061599731445312,633.9105834960938,1.266769611471192e+18,,27,,134.9593048095703,154949,0.16515284776687622,0.07347148656845093,
0.09501253813505173,26.600143432617188,0.19358539581298828,2.2671658992767334,0.08538651466369629,10.524927139282227,627.994873046875,1.2671783549188178e+18,,27,,133.69984436035156,154999,0.20011812448501587,0.09732647240161896,
0.09264948219060898,21.010774612426758,0.17365169525146484,2.0294859409332275,0.08556437492370605,10.793368339538574,22.251161575317383,1.2675870983664435e+18,,27,,4.737263202667236,155049,0.15669332444667816,0.058548882603645325,
0.08877159655094147,12.25647258758545,0.16399121284484863,1.9217233657836914,0.08533549308776855,11.264864921569824,624.4727172851562,1.2679959792530227e+18,,27,,132.94998168945312,155099,0.364706814289093,0.2002870738506317,
0.08803511410951614,13.812200546264648,0.17146086692810059,2.0167219638824463,0.08501958847045898,11.359103202819824,640.45654296875,1.2684047227006484e+18,,27,,136.35293579101562,155149,0.14385665953159332,0.059782251715660095,
0.09779893606901169,27.3610782623291,0.17867684364318848,2.110818386077881,0.08464813232421875,10.22506046295166,123.0606460571289,1.2688134661482742e+18,,27,,26.199562072753906,155199,0.1790779083967209,0.0769830197095871,
0.09165006130933762,22.910282135009766,0.17954373359680176,2.111135482788086,0.08504605293273926,10.911067008972168,630.020751953125,1.2692222095959e+18,,27,,134.13116455078125,155249,0.2009788155555725,0.066864013671875,
0.0949169471859932,23.075679779052734,0.1772773265838623,2.078606605529785,0.08528661727905273,10.535526275634766,26.922880172729492,1.2696309530435256e+18,,27,,5.731870174407959,155299,0.14571058750152588,0.06449049711227417,
0.09325588494539261,21.589128494262695,0.17217540740966797,2.0152816772460938,0.0854349136352539,10.723183631896973,624.0817260742188,1.2700396964911514e+18,,27,,132.8667449951172,155349,0.17410574853420258,0.07188206911087036,
0.09251857548952103,19.799434661865234,0.1660153865814209,1.9399422407150269,0.08557748794555664,10.808640480041504,632.0285034179688,1.2704485773777306e+18,,27,,134.55860900878906,155399,0.19456340372562408,0.13913434743881226,
0.09226430207490921,20.18964195251465,0.16967082023620605,1.9855281114578247,0.08545374870300293,10.838428497314453,629.8863525390625,1.2708573208253563e+18,,27,,134.10255432128906,155449,0.22706815600395203,0.0928841382265091,
0.08747854828834534,1.389483094215393,0.09309935569763184,1.0852890014648438,0.08578300476074219,11.431373596191406,624.4138793945312,1.271266064272982e+18,,27,,132.9374542236328,155499,0.19121848046779633,0.10839028656482697,
0.09794246405363083,27.188663482666016,0.17339372634887695,2.0277254581451416,0.08551144599914551,10.210076332092285,28.443904876708984,1.2716748077206077e+18,,27,,6.0556960105896,155549,0.2735466957092285,0.16176848113536835,
0.09004781395196915,16.458852767944336,0.1716022491455078,2.0125885009765625,0.08526444435119629,11.10521125793457,633.5616455078125,1.2720835511682335e+18,,27,,134.88502502441406,155599,0.16507571935653687,0.06520259380340576,
0.09246882051229477,21.432281494140625,0.18179988861083984,2.1268067359924316,0.0854802131652832,10.81445598602295,639.2133178710938,1.2724922946158592e+18,,27,,136.0882568359375,155649,0.20034641027450562,0.06729093194007874,
0.08977040648460388,18.33980941772461,0.20432758331298828,2.383634567260742,0.08572101593017578,11.13952922821045,25.043617248535156,1.2729011755024384e+18,,27,,5.331775665283203,155699,0.15246059000492096,0.06810486316680908,
0.09435709565877914,21.199186325073242,0.1757645606994629,2.060241460800171,0.0853126049041748,10.598036766052246,626.19482421875,1.273309918950064e+18,,27,,133.31663513183594,155749,0.1635984480381012,0.08201256394386292,
0.0922931656241417,21.448122024536133,0.18800640106201172,2.2181291580200195,0.08475899696350098,10.835038185119629,25.916536331176758,1.2737186623976899e+18,,27,,5.517620086669922,155799,0.17764244973659515,0.07809068262577057,
0.0952458307147026,26.283960342407227,0.22597002983093262,2.6319081783294678,0.08585786819458008,10.499147415161133,567.7505493164062,1.2741274058453156e+18,,27,,120.87385559082031,155849,0.15887761116027832,0.07927744090557098,
0.1058172956109047,30.160634994506836,0.17794275283813477,2.0833511352539062,0.08541178703308105,9.450250625610352,494.6413879394531,1.2745361492929413e+18,,27,,105.30895233154297,155899,0.21913288533687592,0.11248733103275299,
0.09515281766653061,23.14670753479004,0.16423702239990234,1.9307209253311157,0.08506512641906738,10.50940990447998,28.158649444580078,1.2749450301795205e+18,,27,,5.994965076446533,155949,0.3406009078025818,0.0735495388507843,
0.09514334797859192,24.723068237304688,0.21972918510437012,2.5679054260253906,0.08556747436523438,10.510456085205078,620.9791870117188,1.2753537736271462e+18,,27,,132.2062225341797,155999,0.13170282542705536,0.055384427309036255,
,,,,,,,,1.2753537736271462e+18,27,,,155999,,,0.6570680737495422
0.08632954955101013,1.4677971601486206,0.09021925926208496,1.0677940845489502,0.08449125289916992,11.58351993560791,615.5371704101562,1.275762517074772e+18,,27,,131.04762268066406,156049,0.2281569242477417,0.07772889733314514,
0.08659934252500534,1.2654554843902588,0.09132099151611328,1.06891930103302,0.0854330062866211,11.547431945800781,629.4500732421875,1.2761712605223977e+18,,27,,134.00965881347656,156099,0.1391037106513977,0.07181073725223541,
0.08857426792383194,15.088563919067383,0.1820354461669922,2.12593936920166,0.08562588691711426,11.289959907531738,27.12726593017578,1.2765800039700234e+18,,27,,5.775383949279785,156149,0.13416817784309387,0.0648006796836853,
0.2849479913711548,416.8228454589844,8.595155715942383,101.13758850097656,0.08498477935791016,3.5094125270843506,120.96275329589844,1.2769887474176492e+18,,27,,25.75292205810547,156199,0.21458342671394348,0.12741123139858246,
0.09698101878166199,28.110126495361328,0.18078374862670898,2.1246259212493896,0.08508968353271484,10.311295509338379,620.5733642578125,1.2773976283042284e+18,,27,,132.11981201171875,156249,0.16277778148651123,0.06928947567939758,
0.10668736696243286,31.361696243286133,0.18040728569030762,2.104135751724243,0.0857393741607666,9.373180389404297,59.39640808105469,1.277806371751854e+18,,27,,12.645471572875977,156299,0.15461434423923492,0.07484576106071472,
0.08989575505256653,14.228775978088379,0.16730332374572754,1.944272518157959,0.08604931831359863,11.123995780944824,138.28550720214844,1.2782151151994798e+18,,27,,29.440927505493164,156349,0.16348983347415924,0.062312155961990356,
0.09503359347581863,22.54303741455078,0.16697025299072266,1.9530754089355469,0.08549094200134277,10.522594451904297,29.59023094177246,1.2786238586471055e+18,,27,,6.299747943878174,156399,0.1781347244977951,0.06440503895282745,
0.09634289890527725,26.60896110534668,0.18069815635681152,2.1251981258392334,0.08502650260925293,10.379591941833496,69.59415435791016,1.2790326020947313e+18,,27,,14.816566467285156,156449,0.16205406188964844,0.06656643748283386,
0.09067744016647339,20.58485984802246,0.17220640182495117,2.0264227390289307,0.08498048782348633,11.028100967407227,60.355064392089844,1.279441345542357e+18,,27,,12.849569320678711,156499,0.19257795810699463,0.06778490543365479,
0.09121248126029968,18.330713272094727,0.16008591651916504,1.8855630159378052,0.0849008560180664,10.963411331176758,32.51858901977539,1.2798502264289362e+18,,27,,6.923194885253906,156549,0.1789039969444275,0.06384415924549103,
0.09551064670085907,24.857200622558594,0.17260050773620605,2.0357322692871094,0.08478546142578125,10.470036506652832,228.79833984375,1.280258969876562e+18,,27,,48.71107482910156,156599,0.15009310841560364,0.06139707565307617,
0.08631600439548492,1.222447395324707,0.09132671356201172,1.0754328966140747,0.08492088317871094,11.585336685180664,48.28916931152344,1.2806677133241876e+18,,27,,10.280744552612305,156649,0.1659449189901352,0.0757080465555191,
0.10245440155267715,28.571300506591797,0.1770327091217041,2.0838589668273926,0.08495426177978516,9.7604398727417,542.1870727539062,1.2810764567718134e+18,,27,,115.43140411376953,156699,0.1484249383211136,0.07092076539993286,
0.10290807485580444,30.393310546875,0.1841733455657959,2.1552460193634033,0.08545351028442383,9.717411041259766,629.3236083984375,1.281485200219439e+18,,27,,133.9827423095703,156749,0.14841236174106598,0.05786767601966858,
0.10071070492267609,30.983476638793945,0.1942751407623291,2.2777814865112305,0.08529138565063477,9.929430961608887,48.44264602661133,1.2818939436670648e+18,,27,,10.313419342041016,156799,0.20156621932983398,0.06874467432498932,
0.10493896156549454,30.193241119384766,0.18864727020263672,2.2241573333740234,0.08481740951538086,9.529349327087402,72.13005828857422,1.282302824553644e+18,,27,,15.356460571289062,156849,0.168899804353714,0.05477017164230347,
0.09617020189762115,22.713651657104492,0.16364574432373047,1.933453917503357,0.08463907241821289,10.398231506347656,57.369998931884766,1.2827115680012698e+18,,27,,12.214049339294434,156899,0.1562434732913971,0.07438971102237701,
0.09873667359352112,27.64519500732422,0.17964529991149902,2.104624032974243,0.0853574275970459,10.127948760986328,72.93083190917969,1.2831203114488955e+18,,27,,15.526945114135742,156949,0.18441645801067352,0.05679124593734741,
0.10023465752601624,30.1795654296875,0.18588685989379883,2.1750311851501465,0.0854640007019043,9.97658920288086,67.82887268066406,1.2835290548965212e+18,,27,,14.440738677978516,156999,0.1542852371931076,0.05997556447982788,
0.10963659733533859,31.73171615600586,0.1946554183959961,2.275047540664673,0.08556103706359863,9.121042251586914,89.87953186035156,1.283937798344147e+18,,27,,19.135316848754883,157049,0.21706217527389526,0.07177825272083282,
0.09973407536745071,28.419811248779297,0.19058465957641602,2.2413101196289062,0.08503270149230957,10.026663780212402,239.4902801513672,1.2843465417917727e+18,,27,,50.98738479614258,157099,0.16023848950862885,0.06485165655612946,
0.10301952809095383,29.091278076171875,0.18297791481018066,2.1421592235565186,0.08541750907897949,9.706897735595703,526.5023803710938,1.284755422678352e+18,,27,,112.09214782714844,157149,0.13234831392765045,0.05860401690006256,
0.0983491986989975,27.461950302124023,0.17931294441223145,2.101393699645996,0.08533048629760742,10.167850494384766,48.80213165283203,1.2851641661259776e+18,,27,,10.38995361328125,157199,0.1669248789548874,0.0814008116722107,
0.10581830143928528,30.578964233398438,0.1875607967376709,2.207104206085205,0.08498048782348633,9.45016098022461,598.4322509765625,1.2855729095736033e+18,,27,,127.4059829711914,157249,0.1584400236606598,0.08392877876758575,
0.10120625048875809,30.044572830200195,0.1814887523651123,2.1413533687591553,0.08475422859191895,9.880812644958496,51.40182113647461,1.285981653021229e+18,,27,,10.943427085876465,157299,0.18487870693206787,0.07556794583797455,
0.10224954783916473,29.761734008789062,0.19587111473083496,2.280860185623169,0.0858759880065918,9.779994010925293,134.3372039794922,1.2863903964688548e+18,,27,,28.6003360748291,157349,0.14823932945728302,0.06262744963169098,
0.10037314146757126,29.904993057250977,0.17692899703979492,2.0854358673095703,0.08484029769897461,9.962824821472168,101.5257568359375,1.286799277355434e+18,,27,,21.614791870117188,157399,0.21202753484249115,0.0674847811460495,
0.10559668391942978,33.967010498046875,0.21001768112182617,2.452838182449341,0.08562231063842773,9.46999454498291,66.26953125,1.2872080208030597e+18,,27,,14.108756065368652,157449,0.2291698455810547,0.12358523905277252,
0.10219506174325943,31.313392639160156,0.18208694458007812,2.1270620822906494,0.08560490608215332,9.785208702087402,77.35709381103516,1.2876167642506854e+18,,27,,16.46929359436035,157499,0.14348812401294708,0.0577169805765152,
0.09697630256414413,29.445161819458008,0.20333218574523926,2.3818936347961426,0.08536577224731445,10.311798095703125,306.1120910644531,1.2880255076983112e+18,,27,,65.171142578125,157549,0.14008641242980957,0.05914333462715149,
0.10042782127857208,28.66291618347168,0.17772316932678223,2.097956657409668,0.08471250534057617,9.95740032196045,168.70864868164062,1.288434251145937e+18,,27,,35.91800308227539,157599,0.18383453786373138,0.0681544840335846,
0.10005035251379013,27.86876106262207,0.18246793746948242,2.140753984451294,0.0852353572845459,9.994967460632324,60.307029724121094,1.2888429945935626e+18,,27,,12.83934211730957,157649,0.18250170350074768,0.06880402565002441,
0.0995655506849289,29.087247848510742,0.18427205085754395,2.150874137878418,0.08567309379577637,10.043634414672852,52.25105667114258,1.2892518754801418e+18,,27,,11.124228477478027,157699,0.19318148493766785,0.07476115226745605,
0.1001054123044014,31.584489822387695,0.19944047927856445,2.336350679397583,0.08536410331726074,9.989469528198242,570.3375244140625,1.2896606189277676e+18,,27,,121.42462921142578,157749,0.1927887350320816,0.08241647481918335,
