plate,fold,chemical_group,drug,dose,cells,model,mse,mae,pearson_delta
plate1,4,KFRKRECSIYXARE,4EGI-1,0.05,16,dose_only,0.012441182466134605,0.06220441508429869,-0.09960070682878938
plate1,4,FARXPFGGGGLENU,9-ING-41,0.05,5,dose_only,0.02167601802833154,0.07503934368160706,-0.022014453791264574
plate1,4,NIRXBXIPHUTNNI,APTO-253,0.05,9,dose_only,0.015272217889967233,0.06787196112404081,-0.042180246331340945
plate1,4,OVPNQJVDAFNBDN,AT7519,0.05,20,dose_only,0.009113565981458962,0.053575668777993864,0.006210737332732244
plate1,4,XISVSTPEXYIKJL,AZD-7648,0.05,8,dose_only,0.01897997639772328,0.0701769035709062,-0.0010926594389470453
plate1,4,KVLFRAWTRWDEDF,AZD-8055,0.05,21,dose_only,0.010088271056854203,0.054592584336846786,-0.0016691424369052802
plate1,4,VQSZIPCGAGVRRP,AZD1390,0.05,9,dose_only,0.014891818136886973,0.06552766294259078,0.08422636372601211
plate1,4,FHCSBLWRGCOVPT,AZD2858,0.05,25,dose_only,0.010397609997199823,0.05559599199700826,-0.02345522139573751
plate1,4,PEMUGDMSUDYLHU,Adagrasib,0.05,12,dose_only,0.011769729411144307,0.06022919620233228,-0.04094952020943698
plate1,4,STUWGJZDJHPWGZ,Alpelisib,0.05,17,dose_only,0.012282081321148093,0.060764921219771395,-0.01717729162831997
plate1,4,JBGYKRAZYDNCNV,BAY1125976,0.05,17,dose_only,0.012319559463598714,0.05989383922649998,-0.01708758963650548
plate1,4,XVFDNRYZXDHTHT,BI-3406,0.05,19,dose_only,0.012451487455191928,0.06042397642951658,-0.09451365394654186
plate1,4,GKHIVNAUVKXIIY,Belumosudil (mesylate),0.05,12,dose_only,0.012801401037449697,0.06237810593609768,0.04263311594680319
plate1,4,XCPPIJCBCWUBNT,Bentamapimod,0.05,11,dose_only,0.012357927066532002,0.06060526742323601,0.025611223500977533
plate1,4,ADGGYDAFIHSYFI,Bimiralisib,0.05,16,dose_only,0.009923446486762086,0.05618847443288953,0.04416464241071849
plate1,4,ACWZRVQXLIRSDF,Binimetinib,0.05,21,dose_only,0.00949250577645609,0.055772491944622866,0.05401762871185036
plate1,4,GXJABQQUPOEUTA,Bortezomib,0.05,14,dose_only,0.011542475535172275,0.05747456892992881,0.023437211788670455
plate1,4,RGTAEYDIDMGJLX,CP21R7,0.05,18,dose_only,0.011848441175455986,0.06103005881029771,0.020849955650128253
plate1,4,JDUBGYFRJFOXQC,Capivasertib,0.05,15,dose_only,0.011634598699368622,0.060192593487527535,-0.07796063630493394
plate1,4,BFSMGDJOXZAERB,Dabrafenib,0.05,15,dose_only,0.011807158449162223,0.05987178797052075,0.005479664376835535
plate1,4,FHWSAZXFPUMKFL,EX229,0.05,8,dose_only,0.0201396111808045,0.07530618843017882,-0.027626924848166205
plate1,4,YBXRSCXGRPSTMW,Elimusertib hydrochloride,0.05,8,dose_only,0.015640969562881208,0.06632268192909584,0.025205535104269747
plate1,4,CMJCXYNUCSMDBY,Encorafenib,0.05,26,dose_only,0.00808702736741107,0.05179829194203928,0.029686197671210245
plate1,4,HKVAMNSJSFKALM,Everolimus,0.05,44,dose_only,0.007157187297863254,0.04729311129060394,-0.04138051787049903
plate1,4,KEIPNCCJPRMIAX,Futibatinib,0.05,17,dose_only,0.009381045469568918,0.05380162754552663,-0.0590119181218443
plate1,4,QDITZBLZQQZVEE,GSK1059615,0.05,30,dose_only,0.007944320420316972,0.0504914862276501,-0.018944799094227176
plate1,4,BCSBXWKRZUPFHW,HI-TOPK-032,0.05,6,dose_only,0.02169046299349611,0.07521775316079941,-0.034180398356149624
plate1,4,QADPYRIHXKWUSV,Infigratinib,0.05,30,dose_only,0.008147688496393916,0.05195085555662449,0.012819524832977547
plate1,4,GRZXWCHAXNAUHY,Ipatasertib,0.05,12,dose_only,0.0131759609028218,0.061785302027363355,-0.03494828434158269
plate1,4,UWKQSNNFCGGAFS,Irinotecan,0.05,21,dose_only,0.008195056949971042,0.0517301230143428,-0.03524431180281115
plate1,4,MXAYKZJJDUDWDS,Ixazomib,0.05,7,dose_only,0.018984602741180016,0.07434570727277637,-0.013443582708062646
plate1,4,JUQMLSGOTNKJKI,LB-100,0.05,18,dose_only,0.012123570399190535,0.060230476559647174,-0.001047136257937189
plate1,4,YUYJEQHNWKQNBT,LJI308,0.05,35,dose_only,0.006562876397765936,0.04629222985816763,-0.009612559006038078
plate1,4,FYXRSVDHGLUMHB,LY-2584702 (tosylate salt),0.05,8,dose_only,0.016748948678990808,0.07039128018049316,0.022290546147924747
plate1,4,HRJWTAWVFDCTGO,LY2090314,0.05,7,dose_only,0.022028455791604003,0.07900022137980896,-0.012277226965111486
plate1,4,DHMTURDWPRKSOA,Lonafarnib,0.05,15,dose_only,0.01198645170031089,0.06145851701190697,-0.024287321540885854
plate1,4,FIKQZQDYGXAUHC,MK-3903,0.05,17,dose_only,0.009778416459590347,0.055094019083132925,0.010575527107928123
plate1,4,KPQQGHGDBBJGFA,MK-8353,0.05,17,dose_only,0.009971645159162826,0.05475713237847335,-0.04597928741741774
plate1,4,AJCDZIDKYKCOMZ,ML264,0.05,18,dose_only,0.009308728246264497,0.053688820123374274,0.006611350731948482
plate1,4,SMPGEBOIKULBCT,NG25,0.05,15,dose_only,0.01090685551388623,0.055715316615531175,0.040575015047329265
plate1,4,ZCCPLJOKGAACRT,NVP-BHG712,0.05,11,dose_only,0.013982242493826505,0.06473559994051298,-0.007992062792870498
plate1,4,OETLNMOJNONWOY,OTS514,0.05,14,dose_only,0.011264166394978231,0.058654544853642014,0.08270506975012988
plate1,4,KCAJXIDMCNPGHZ,PH-797804,0.05,9,dose_only,0.0182806674299628,0.06891957221806475,-0.03826648031983639
plate1,4,HCDMJFOHIXMBOV,Pemigatinib,0.05,13,dose_only,0.012902151620347649,0.06215926033650548,-0.043530849476193546
plate1,4,NVVPMZUGELHVMH,Pimitespib,0.05,20,dose_only,0.00848664412538749,0.05306732402423743,0.02865067197416504
plate1,4,FVICRBSEYSHKFY,RMC-6236,0.05,9,dose_only,0.01709306994133733,0.07062190083586084,0.007100507978128106
plate1,4,FNHKPVJBJVTLMP,Regorafenib,0.05,13,dose_only,0.01243920294463797,0.06240102156765363,0.043916963059453015
plate1,4,GYLDXIAOMVERTK,Sapanisertib,0.05,16,dose_only,0.013517202588262224,0.06256659366959903,-0.01811055374934625
plate1,4,RCLQNICOARASSR,TAK-733,0.05,11,dose_only,0.012386224071656479,0.06044134243933397,-0.08151435825742397
plate1,4,WKDACQVEJIVHMZ,TAK-901,0.05,6,dose_only,0.020844289479850814,0.07240626927981673,0.07419828700054436
plate1,4,MFAQYJIYDMLAIM,Torkinib,0.05,9,dose_only,0.013183237595915493,0.06252518539118719,0.03498907966471182
plate1,4,LIRYPHYGHXZJBZ,Trametinib,0.05,6,dose_only,0.019429033749926203,0.07358694205783096,0.03893568206942557
plate1,4,GPXBXXGIAQBQNI,Vemurafenib,0.05,21,dose_only,0.008739825219302623,0.051749840511140725,0.04980051320319229
plate1,4,SXNJFOWDRLKDSF,Volasertib,0.05,17,dose_only,0.009801252976799341,0.056344930797099374,-0.027966040265178863
plate1,4,AHJRHEGDXFFMBM,palbociclib,0.05,11,dose_only,0.01238950748169061,0.062411989573782835,0.02851060235995
plate1,4,LQBVNQSMGBZMKD,venetoclax,0.05,19,dose_only,0.009053278580295664,0.05166483475855862,0.023507789449249788
plate10,2,NMUSYJAQQFHJEW,5-Azacytidine,0.05,19,dose_only,0.009489587988759086,0.055342705207752176,-0.025012144724705494
plate10,2,GHASVSINZRGABV,5-Fluorouracil,0.05,23,dose_only,0.008016020248445126,0.05306266781818641,0.005993805102159621
plate10,2,PEMUGDMSUDYLHU,Adagrasib,0.05,24,dose_only,0.0069668201155812185,0.049695173156045984,0.030765206517913053
plate10,2,VOVZXURTCKPRDQ,Asciminib,0.05,12,dose_only,0.010351664650371978,0.0587523763526627,0.01685921353203175
plate10,2,SFOZKJGZNOBSHF,Auranofin,0.05,27,dose_only,0.007747433246588419,0.05046741129736276,-0.0748169672255079
plate10,2,NCNRHFGMJRPRSK,Belinostat,0.05,20,dose_only,0.008071401318644558,0.05181180845284735,-0.03586204814168329
plate10,2,NAVMQTYZDKMPEU,Bexarotene,0.05,19,dose_only,0.008652409566740151,0.053347487642530514,-0.03645404551440195
plate10,2,LKJPYSCBVHEWIU,Bicalutamide,0.05,14,dose_only,0.012790530461824424,0.06219781363967884,0.16299441198921719
plate10,2,ACWZRVQXLIRSDF,Binimetinib,0.05,33,dose_only,0.007267590931522322,0.04949708541874248,-0.024430954886755462
plate10,2,VOVIALXJUBGFJZ,Budesonide,0.05,25,dose_only,0.00779726355908422,0.05090813238031827,0.016089433480316984
plate10,2,ONIQOQHATWINJY,Cabozantinib (S-malate),0.05,21,dose_only,0.008446507463327754,0.05280181445078939,-0.0021566812487476823
plate10,2,FAKRSMQSSFJEIM,Captopril,0.05,14,dose_only,0.010175512637645757,0.05768705446128447,-0.0313289912617287
plate10,2,CBGUOGMQLZIXBE,Clobetasol propionate,0.05,31,dose_only,0.007505587189721583,0.050597427726490056,0.029836962642988275
plate10,2,PMATZTZNYRCHOR,Cyclosporin A,0.05,26,dose_only,0.008097941431744936,0.05284030094426253,0.024833740527030572
plate10,2,BLIJXOOIHRSQRB,Darolutamide,0.05,41,dose_only,0.006872877583169955,0.04755261251565302,-0.044714499983466695
plate10,2,UREBDLICKHMUKA,Dexamethasone,0.05,10,dose_only,0.01297096763434941,0.06329802684761236,0.040379352126680895
plate10,2,HAYYBYPASCDWEQ,Entrectinib,0.05,12,dose_only,0.010139585319854375,0.058231038111062325,-0.0017546277808996589
plate10,2,JOOXLOJCABQBSG,Fedratinib (hydrochloride hydrate),0.05,16,dose_only,0.00998956854823216,0.055664763313308344,-0.05016338213318265
plate10,2,RIJLVEAXPNLDTC,Filgotinib,0.05,8,dose_only,0.01807895303825333,0.06982147342073974,0.03694641074893094
plate10,2,KKGQTZUTZRNORY,Fingolimod (hydrochloride),0.05,18,dose_only,0.008756850092121543,0.05353966578673883,0.019089366423619324
plate10,2,MKXKFYHWDHIYRV,Flutamide,0.05,16,dose_only,0.008061389874928679,0.05264868988627044,0.03022075783347808
plate10,2,VWUXBMIQPBEWFH,Fulvestrant,0.05,13,dose_only,0.009004670198324011,0.054804974294203765,-0.010608266561444918
plate10,2,MBOMYENWWXQSNW,Ixazomib citrate,0.05,9,dose_only,0.014140520969206864,0.06740958315704132,0.01903347230758109
plate10,2,VLCYCQAOQCDTCN,L-Eflornithine (monohydrochloride),0.05,60,dose_only,0.005921900771115833,0.044998373128894945,0.03848208259201933
plate10,2,FBOZXECLQNJBKD,Methotrexate,0.05,6,dose_only,0.01708853559653908,0.06964047466348268,-0.012486603948678633
plate10,2,OFPXSFXSNFPTHF,Oxaprozin,0.05,27,dose_only,0.007126680238669383,0.04981626122045495,0.06672601953040184
plate10,2,FPOHNWQLNRZRFC,Panobinostat,0.05,16,dose_only,0.010191857200277184,0.057421046015546914,0.05572283191336015
plate10,2,IPVQLZZIHOAWMC,Perindopril (erbumine),0.05,19,dose_only,0.00890496523678886,0.053995304142279966,-0.037241565177414004
plate10,2,HYAFETHFCAUJAY,Pioglitazone,0.05,26,dose_only,0.007702844806930272,0.050351354664221304,-0.025299654774732425
plate10,2,PHXJVRSECIGDHY,Ponatinib,0.05,16,dose_only,0.012280909542744908,0.061037315685303836,0.08181507264507248
plate10,2,OGQICQVSFDPSEI,Tazarotene,0.05,30,dose_only,0.007127780434262135,0.04989722941633236,-0.0029801649590511232
plate10,2,SEJLPXCPMNSRAM,Tirabrutinib (hydrochloride),0.05,40,dose_only,0.006154749227677131,0.0455353970086295,0.020463516180531754
plate10,2,LIRYPHYGHXZJBZ,Trametinib,0.05,14,dose_only,0.009605828993853871,0.05649524023973037,0.10039774469335416
plate11,4,NMUSYJAQQFHJEW,5-Azacytidine,0.5,23,dose_only,0.007279235536736499,0.04785687884331201,-0.04171354442454015
plate11,4,GHASVSINZRGABV,5-Fluorouracil,0.5,27,dose_only,0.005545516082637026,0.0438364991967372,0.06801858316346125
plate11,4,PEMUGDMSUDYLHU,Adagrasib,0.05,29,dose_only,0.006297194720863141,0.04609520758334894,-0.07003092936285799
plate11,4,VOVZXURTCKPRDQ,Asciminib,0.5,42,dose_only,0.004944986068217511,0.04130877973313689,0.118401068108658
plate11,4,SFOZKJGZNOBSHF,Auranofin,0.5,31,dose_only,0.006141978692669821,0.045565741369220744,0.08397448159623115
plate11,4,NCNRHFGMJRPRSK,Belinostat,0.5,10,dose_only,0.010985265958858433,0.0577077791495252,-0.13648622224277185
plate11,4,NAVMQTYZDKMPEU,Bexarotene,0.5,23,dose_only,0.00781104918802,0.049995130533989074,0.08169237134049313
plate11,4,LKJPYSCBVHEWIU,Bicalutamide,0.5,26,dose_only,0.0065742529518326735,0.04680293735748672,0.010951871601217522
plate11,4,ACWZRVQXLIRSDF,Binimetinib,0.5,26,dose_only,0.006579337133857952,0.046233906846626656,-0.010101017121657669
plate11,4,VOVIALXJUBGFJZ,Budesonide,0.5,28,dose_only,0.00595096875262495,0.04579671065671343,0.08342721514966284
plate11,4,ONIQOQHATWINJY,Cabozantinib (S-malate),0.5,19,dose_only,0.007666120326013909,0.05038392242700234,-0.027697670320276715
plate11,4,FAKRSMQSSFJEIM,Captopril,0.5,34,dose_only,0.005760373147688327,0.044218612209225974,0.027263635769034678
plate11,4,CBGUOGMQLZIXBE,Clobetasol propionate,0.5,26,dose_only,0.007386394980387958,0.049170305011969784,-0.054985797333231404
plate11,4,PMATZTZNYRCHOR,Cyclosporin A,0.5,15,dose_only,0.008899187892155125,0.053718894552541495,-0.005420786288497708
plate11,4,BLIJXOOIHRSQRB,Darolutamide,0.5,33,dose_only,0.006120425943637164,0.045437948585459076,0.07310790399433809
plate11,4,UREBDLICKHMUKA,Dexamethasone,0.5,16,dose_only,0.00918625375748837,0.05366127562935705,0.008285953251818178
plate11,4,HAYYBYPASCDWEQ,Entrectinib,0.5,41,dose_only,0.004830210676477221,0.040466803659445875,0.1029826972771435
plate11,4,JOOXLOJCABQBSG,Fedratinib (hydrochloride hydrate),0.5,14,dose_only,0.009414978801553417,0.05288893921271442,-0.056068976484710306
plate11,4,RIJLVEAXPNLDTC,Filgotinib,0.5,20,dose_only,0.0072317569658031265,0.04987102746159872,0.06004958703627459
plate11,4,KKGQTZUTZRNORY,Fingolimod (hydrochloride),0.5,25,dose_only,0.0065348081584339895,0.04654985683974719,0.061326216281508555
plate11,4,MKXKFYHWDHIYRV,Flutamide,0.5,33,dose_only,0.006257150727391328,0.045633232767706866,-0.004528841791420301
plate11,4,VWUXBMIQPBEWFH,Fulvestrant,0.5,13,dose_only,0.009830108272279857,0.054656636557315744,0.028520233885825908
plate11,4,MBOMYENWWXQSNW,Ixazomib citrate,0.5,16,dose_only,0.008396634281124245,0.049850487802973575,0.04137463541421417
plate11,4,VLCYCQAOQCDTCN,L-Eflornithine (monohydrochloride),0.5,32,dose_only,0.006527053531363322,0.04571496174029337,0.012535814945380397
plate11,4,FBOZXECLQNJBKD,Methotrexate,0.5,43,dose_only,0.005261681589497344,0.041894093228499414,0.036932483602800555
plate11,4,OFPXSFXSNFPTHF,Oxaprozin,0.5,24,dose_only,0.006205694936004755,0.046078698225157415,0.03943205225473433
plate11,4,FPOHNWQLNRZRFC,Panobinostat,0.5,23,dose_only,0.008515067620038317,0.05001387649989652,-0.016062861320108906
plate11,4,IPVQLZZIHOAWMC,Perindopril (erbumine),0.5,25,dose_only,0.0071971599143361795,0.047160694183471207,0.09217848547063347
plate11,4,HYAFETHFCAUJAY,Pioglitazone,0.5,27,dose_only,0.007029850049163391,0.048874309184802046,-0.08660599080792963
plate11,4,PHXJVRSECIGDHY,Ponatinib,0.5,22,dose_only,0.007144959516688984,0.04846269195388338,-0.04887017343842276
plate11,4,OGQICQVSFDPSEI,Tazarotene,0.5,49,dose_only,0.0051987266719316924,0.0434304851951727,0.017176434081791727
plate11,4,SEJLPXCPMNSRAM,Tirabrutinib (hydrochloride),0.5,16,dose_only,0.009377419479881547,0.054011436075875864,0.08812296997879655
plate11,4,LIRYPHYGHXZJBZ,Trametinib,0.5,17,dose_only,0.007689754343161874,0.04947800598884892,0.10776302545116571
plate12,3,NMUSYJAQQFHJEW,5-Azacytidine,5.0,12,dose_only,0.010692020787855576,0.05821659111786804,0.058995692715121686
plate12,3,GHASVSINZRGABV,5-Fluorouracil,5.0,16,dose_only,0.009439611586602899,0.05733395484877715,-0.0016740790186032023
plate12,3,PEMUGDMSUDYLHU,Adagrasib,0.05,8,dose_only,0.015391594395077918,0.06635459469349046,-0.045734187781304864
plate12,3,VOVZXURTCKPRDQ,Asciminib,5.0,26,dose_only,0.006828797328458481,0.04723692225443847,0.04958510680656886
plate12,3,SFOZKJGZNOBSHF,Auranofin,5.0,17,dose_only,0.015465802216301032,0.0648931561268222,0.07366556431156855
plate12,3,NCNRHFGMJRPRSK,Belinostat,5.0,18,dose_only,0.009844775443881487,0.05483389134989467,0.11080880938413255
plate12,3,NAVMQTYZDKMPEU,Bexarotene,5.0,19,dose_only,0.008463148436501446,0.05110276966556268,-0.015124482088247588
plate12,3,LKJPYSCBVHEWIU,Bicalutamide,5.0,25,dose_only,0.00816531270553638,0.05055972627268493,0.04786824071079152
plate12,3,ACWZRVQXLIRSDF,Binimetinib,5.0,33,dose_only,0.007184772724263639,0.04970958972666613,0.060910199167463125
plate12,3,VOVIALXJUBGFJZ,Budesonide,5.0,19,dose_only,0.008320462099163178,0.051828971039200644,0.1034613817491315
plate12,3,ONIQOQHATWINJY,Cabozantinib (S-malate),5.0,18,dose_only,0.008909285397851607,0.05498387277735663,0.01536027867482487
plate12,3,FAKRSMQSSFJEIM,Captopril,5.0,18,dose_only,0.009894041772261464,0.05593817519980353,-0.08393370157884186
plate12,3,CBGUOGMQLZIXBE,Clobetasol propionate,5.0,10,dose_only,0.014452552513294619,0.06673333066552417,0.12267241202712566
plate12,3,PMATZTZNYRCHOR,Cyclosporin A,5.0,25,dose_only,0.00733954000179625,0.050386069358282194,0.03563694786575634
plate12,3,BLIJXOOIHRSQRB,Darolutamide,5.0,41,dose_only,0.005830198527276781,0.04404701985817119,0.0077510051236031885
plate12,3,UREBDLICKHMUKA,Dexamethasone,5.0,10,dose_only,0.01464743923433187,0.06432986518127619,-0.11393309862394495
plate12,3,HAYYBYPASCDWEQ,Entrectinib,5.0,15,dose_only,0.009502522372083166,0.05614865973598806,0.08326199862966313
plate12,3,JOOXLOJCABQBSG,Fedratinib (hydrochloride hydrate),5.0,27,dose_only,0.007531640495607289,0.04968490255911812,0.1221823600923281
plate12,3,RIJLVEAXPNLDTC,Filgotinib,5.0,16,dose_only,0.011342676662456553,0.0598892201530559,0.03298089105839808
plate12,3,KKGQTZUTZRNORY,Fingolimod (hydrochloride),5.0,11,dose_only,0.011017911539727136,0.05794739056646588,0.0257735924360499
plate12,3,MKXKFYHWDHIYRV,Flutamide,5.0,22,dose_only,0.007324893937195098,0.048984133698571665,0.0028057242827541485
plate12,3,VWUXBMIQPBEWFH,Fulvestrant,5.0,32,dose_only,0.00678395500364438,0.0482022450952803,0.08136562248576787
plate12,3,MBOMYENWWXQSNW,Ixazomib citrate,5.0,12,dose_only,0.011529052454228802,0.059266181991041854,0.11576471755504328
plate12,3,VLCYCQAOQCDTCN,L-Eflornithine (monohydrochloride),5.0,17,dose_only,0.010209837365304337,0.05632986970366281,-0.010141987627940132
plate12,3,FBOZXECLQNJBKD,Methotrexate,5.0,26,dose_only,0.006816326371436973,0.04915248376212946,0.0796176190599677
plate12,3,OFPXSFXSNFPTHF,Oxaprozin,5.0,40,dose_only,0.005884144261606244,0.045241337250741157,-0.024900336278273788
plate12,3,FPOHNWQLNRZRFC,Panobinostat,5.0,8,dose_only,0.015883457147796844,0.06601623300778965,0.1322988592888419
plate12,3,IPVQLZZIHOAWMC,Perindopril (erbumine),5.0,25,dose_only,0.00765298792020984,0.04980663434236447,0.12130520309535615
plate12,3,HYAFETHFCAUJAY,Pioglitazone,5.0,28,dose_only,0.006214280645428435,0.04639797783568729,0.19494374359247277
plate12,3,PHXJVRSECIGDHY,Ponatinib,5.0,19,dose_only,0.007613701328387032,0.05117426440446454,0.027013735738728624
plate12,3,OGQICQVSFDPSEI,Tazarotene,5.0,29,dose_only,0.006517561896367082,0.04805341423068704,0.062107672474571544
plate12,3,SEJLPXCPMNSRAM,Tirabrutinib (hydrochloride),5.0,24,dose_only,0.0086736934869067,0.05412441434325856,-0.007153496790941097
plate12,3,LIRYPHYGHXZJBZ,Trametinib,5.0,40,dose_only,0.006860899551397221,0.04804275642811009,0.07170448205255159
plate13,0,UZWDCWONPYILKI,Abemaciclib,0.05,18,dose_only,0.010608313105943179,0.05857716249977751,-0.01577063074900213
plate13,0,PEMUGDMSUDYLHU,Adagrasib,0.05,34,dose_only,0.007438343177061745,0.05028536765377726,-0.03399966315099513
plate13,0,GKHIVNAUVKXIIY,Belumosudil,0.05,34,dose_only,0.007417298828692576,0.05005672264417379,-0.08067115369110599
plate13,0,GKHIVNAUVKXIIY,Belumosudil,0.5,48,dose_only,0.006425977326865614,0.04725971876583621,-0.025092494087751143
plate13,0,GKHIVNAUVKXIIY,Belumosudil,5.0,25,dose_only,0.00880422771433971,0.05355688450039174,-0.0016956850632911138
plate13,0,FAKRSMQSSFJEIM,Captopril,0.05,25,dose_only,0.007807791211250282,0.05136121665654144,-0.04308837812630865
plate13,0,TZFNLOMSOLWIDK,Carbidopa (monohydrate),0.05,39,dose_only,0.007551330547172196,0.05089695987394702,-0.06690841474478411
plate13,0,TZFNLOMSOLWIDK,Carbidopa (monohydrate),0.5,19,dose_only,0.00886788287662199,0.05421073148708613,0.008787257414296777
plate13,0,TZFNLOMSOLWIDK,Carbidopa (monohydrate),5.0,36,dose_only,0.006387625212810913,0.046281008835552646,0.02225736615038256
plate13,0,KYQZWONCHDNPDP,Daidzin,0.05,14,dose_only,0.01044370746338184,0.057985355708228735,-0.02870574528783179
plate13,0,KYQZWONCHDNPDP,Daidzin,0.5,55,dose_only,0.006079435013877438,0.04603452526763444,0.024461430765445675
plate13,0,KYQZWONCHDNPDP,Daidzin,5.0,24,dose_only,0.008805038681875165,0.05277405509171045,-0.03291158432639363
plate13,0,BJCJYEYYYGBROF,Flumatinib (mesylate),0.05,20,dose_only,0.010325521270494277,0.05890840950784549,-0.04495790021606508
plate13,0,BJCJYEYYYGBROF,Flumatinib (mesylate),0.5,27,dose_only,0.007140877192240986,0.04941107642776621,0.10028651556596346
plate13,0,BJCJYEYYYGBROF,Flumatinib (mesylate),5.0,30,dose_only,0.007870230384823103,0.05193495091872758,0.026872802299165804
plate13,0,GKDRMWXFWHEQQT,Fostamatinib (disodium hexahydrate),0.05,24,dose_only,0.008381782583917677,0.05368963838446297,-0.09224699940657519
plate13,0,GKDRMWXFWHEQQT,Fostamatinib (disodium hexahydrate),0.5,16,dose_only,0.009038336152746358,0.054843984910414416,0.11408713953164187
plate13,0,GKDRMWXFWHEQQT,Fostamatinib (disodium hexahydrate),5.0,32,dose_only,0.006358481399936819,0.04758846957500321,0.03175071572304327
plate13,0,ZAVGJDAFCZAWSZ,Hydroxyfasudil,0.05,20,dose_only,0.010846625859728912,0.060784999914861505,-0.13714236245374997
plate13,0,UWKQSNNFCGGAFS,Irinotecan (hydrochloride),0.05,45,dose_only,0.006483636318253437,0.0477869693582397,-0.06824478083943376
plate13,0,UWKQSNNFCGGAFS,Irinotecan (hydrochloride),0.5,52,dose_only,0.005838794382725723,0.046189006710314076,-0.02974359314326189
plate13,0,UWKQSNNFCGGAFS,Irinotecan (hydrochloride),5.0,42,dose_only,0.005978208058932094,0.04633262368631848,0.10328786661612335
plate13,0,NYNZQNWKBKUAII,Larotrectinib sulfate,0.05,13,dose_only,0.014155945897051022,0.06483868858142905,-0.07428275132775555
plate13,0,NYNZQNWKBKUAII,Larotrectinib sulfate,0.5,8,dose_only,0.019039769213969517,0.07220238169230676,-0.028186086166217504
plate13,0,NYNZQNWKBKUAII,Larotrectinib sulfate,5.0,27,dose_only,0.008074930747171916,0.052273347621177906,-0.04516975697717454
plate13,0,IMBXEJJVJRTNOW,Methylprednisolone succinate,0.05,15,dose_only,0.012837964524058578,0.06495058190906487,-0.09102478688634179
plate13,0,KHPCIHZXOGHCLY,PF-06260933,0.05,33,dose_only,0.007055633209973159,0.05008816072796104,-0.048772620956531204
plate13,0,CFCUWKMKBJTWLW,Plicamycin,0.05,14,dose_only,0.011878425133803902,0.06185169529641702,-0.0667543962561006
plate13,0,CFCUWKMKBJTWLW,Plicamycin,0.5,27,dose_only,0.007846131414777632,0.05182480721692252,-0.010283533926507238
plate13,0,CFCUWKMKBJTWLW,Plicamycin,5.0,29,dose_only,0.008360687470161589,0.05289834793330428,-0.0045394059705174605
plate13,0,TUZYXOIXSAXUGO,Pravastatin (sodium),0.05,47,dose_only,0.005792223484560826,0.04447997988501376,-0.06294130098690105
plate13,0,TUZYXOIXSAXUGO,Pravastatin (sodium),0.5,48,dose_only,0.0061798509237050115,0.04715791295579596,0.04972233252146134
plate13,0,TUZYXOIXSAXUGO,Pravastatin (sodium),5.0,33,dose_only,0.006742640889677603,0.049652464586182894,0.06188426434796687
plate13,0,XPPBBJCBDOEXDN,Ralimetinib dimesylate,0.05,18,dose_only,0.009135016716880535,0.05473254124946847,-0.04701816646072873
plate13,0,FNHKPVJBJVTLMP,Regorafenib,0.05,21,dose_only,0.009046026466372906,0.05529462706123706,-0.023370779707272433
plate13,0,FNHKPVJBJVTLMP,Regorafenib,0.5,13,dose_only,0.011412187545776196,0.06199476094594655,0.05457971409047778
plate13,0,FNHKPVJBJVTLMP,Regorafenib,5.0,20,dose_only,0.008182091018362226,0.05264982029498947,0.05570560747088672
plate13,0,RHXHGRAEPCAFML,Ribociclib,0.05,29,dose_only,0.008005705666310852,0.052246639220529245,-0.061608430694653195
plate13,0,RHXHGRAEPCAFML,Ribociclib,0.5,19,dose_only,0.00949055563370783,0.056662006247760625,0.0012079086200948192
plate13,0,RHXHGRAEPCAFML,Ribociclib,5.0,21,dose_only,0.010005259001020316,0.0555246712182523,-0.03930423659428207
plate13,0,UCFGDBYHRUNTLO,Topotecan (hydrochloride),0.05,23,dose_only,0.008900467129073076,0.05565187417423712,0.019414629157959707
plate13,0,UCFGDBYHRUNTLO,Topotecan (hydrochloride),0.5,17,dose_only,0.009345299428805761,0.05563071963086972,0.048719012472271415
plate13,0,UCFGDBYHRUNTLO,Topotecan (hydrochloride),5.0,14,dose_only,0.010504438147955892,0.05817675114612503,-0.03840157417906276
plate13,0,WWOXKWLDMLMYQY,c-Kit-IN-1,0.05,16,dose_only,0.01040758834672927,0.058431031495947396,-0.010265030177404391
plate13,0,FDLYAMZZIXQODN,olaparib,0.05,28,dose_only,0.0073632228199820935,0.05056916491103341,-0.057138220251261
plate14,3,PEMUGDMSUDYLHU,Adagrasib,0.05,15,dose_only,0.012446633571965864,0.05990603551670607,0.010420302034843097
plate14,3,OIRDTQYFTABQOQ,Adenosine,5.0,12,dose_only,0.013533148875348396,0.06218091124875507,0.10705775063973781
plate14,3,XCPGHVQEEXUHNC,Amsacrine,5.0,17,dose_only,0.012694821896604825,0.062132694638666164,-0.004976895530174362
plate14,3,IPOKCKJONYRRHP,Balsalazide (sodium hydrate),5.0,13,dose_only,0.012973248476161211,0.06367285522672492,-0.01942931998112153
plate14,3,VNFPBHJOKIVQEB,Clotrimazole,5.0,35,dose_only,0.010761789961719451,0.05767238170002747,-0.12040416795560328
plate14,3,ZZUFCTLCJUWOSV,Furosemide,5.0,14,dose_only,0.011477406016329551,0.058908981697325426,0.021888417415744123
plate14,3,HEMJJKBWTPKOJG,Gemfibrozil,5.0,56,dose_only,0.0090536917907815,0.05276440749804164,-0.13088268987139706
plate14,3,XDXDZDZNSLXDNA,Idarubicin (hydrochloride),5.0,32,dose_only,0.010743872154329483,0.057786753316922346,0.023296623321314176
plate14,3,NYNZQNWKBKUAII,Larotrectinib,5.0,22,dose_only,0.010388852049642421,0.05673893164720536,0.011023988442950133
plate14,3,GOTYRUGSSMKFNF,Lenalidomide (hemihydrate),5.0,25,dose_only,0.009964246315491029,0.05542877256298881,-0.05685221243757534
plate14,3,NNJVILVZKWQKPM,Lidocaine (hydrochloride),5.0,24,dose_only,0.011343620944241276,0.05869342925324593,-0.04955193755906519
plate14,3,PSGAAPLEWMOORI,Medroxyprogesterone acetate,5.0,29,dose_only,0.010261639866542669,0.05557339857418967,-0.08252222755153894
plate14,3,KKZJGLLVHKMTCM,Mitoxantrone (dihydrochloride),5.0,14,dose_only,0.012342977252124859,0.0610569886802756,-0.000618721433767149
plate14,3,DUPWHXBITIZIKZ,Radotinib,5.0,21,dose_only,0.011209982720908195,0.05804409615266451,-0.09095757284316666
plate14,3,IVTVGDXNLFLDRM,Raltitrexed,5.0,23,dose_only,0.01009766281492237,0.056613394712158795,-0.060069922400027106
plate14,3,QFJCIRLUMZQUOT,Rapamycin,5.0,12,dose_only,0.014435490406218944,0.0656823297584318,-0.03627256001527279
plate14,3,LUKBXSAWLPMMSZ,Resveratrol,5.0,21,dose_only,0.012456810182840174,0.06080634670104315,-0.11405809814177836
plate14,3,SHGAZHPCJJPHSC,Retinoic acid,5.0,19,dose_only,0.011396586923367131,0.059312522339062035,-0.06504759455153895
plate14,3,CBPNZQVSJQDFBE,Temsirolimus,5.0,40,dose_only,0.007874237698743514,0.04997324286881035,0.0338386338836765
plate14,3,UJLAWZDWDVHWOW,Tofacitinib (citrate),5.0,25,dose_only,0.010281212646909706,0.056138431461851976,-0.01527568445140039
plate14,3,UJLAWZDWDVHWOW,Tofacitinib,5.0,23,dose_only,0.012783967834447102,0.0599466161861473,-0.1296660637860552
plate14,3,MIQPIUSUKVNLNT,Tolcapone,5.0,17,dose_only,0.010974037767932581,0.057065188329101,-0.04450468536600859
plate14,3,GFNANZIMVAIWHM,Triamcinolone,5.0,29,dose_only,0.009716452155480153,0.05543067925627913,-0.009283517533811616
plate14,3,NOYPYLRCIDNJJB,Trimetrexate,5.0,23,dose_only,0.010144018523419437,0.05565100961974014,0.0102174252501063
plate14,3,SZMJVTADHFNAIS,Tucidinostat,5.0,33,dose_only,0.009904645923759158,0.057203245524558057,-0.004377706907840094
plate2,0,KFRKRECSIYXARE,4EGI-1,0.5,5,dose_only,0.026113289788991367,0.08161959329394931,0.0039201989055441646
plate2,0,FARXPFGGGGLENU,9-ING-41,0.5,31,dose_only,0.008537549628009585,0.0524849754325223,0.127762169522814
plate2,0,NIRXBXIPHUTNNI,APTO-253,0.5,27,dose_only,0.009294621458835715,0.055091693450977905,0.09368483976571326
plate2,0,OVPNQJVDAFNBDN,AT7519,0.5,34,dose_only,0.008794193486969054,0.052802066883877986,0.052070767934948574
plate2,0,XISVSTPEXYIKJL,AZD-7648,0.5,14,dose_only,0.011550321536674506,0.061820706318252594,0.03030105884324262
plate2,0,KVLFRAWTRWDEDF,AZD-8055,0.5,13,dose_only,0.012484320942166428,0.06172033572127085,0.06442532093590984
plate2,0,VQSZIPCGAGVRRP,AZD1390,0.5,23,dose_only,0.009414892241151418,0.055193257144735976,0.146585360420019
plate2,0,UZWDCWONPYILKI,Abemaciclib,0.5,19,dose_only,0.00956899445421823,0.05539809458369311,0.046100684494435176
plate2,0,PEMUGDMSUDYLHU,Adagrasib,0.05,31,dose_only,0.00809073657272865,0.05231627853261228,0.05685313424219334
plate2,0,STUWGJZDJHPWGZ,Alpelisib,0.5,14,dose_only,0.012808735271154937,0.06427834328383557,-0.011877590958187398
plate2,0,JBGYKRAZYDNCNV,BAY1125976,0.5,43,dose_only,0.007694985049948086,0.049825966165248675,0.15970995086013
plate2,0,XVFDNRYZXDHTHT,BI-3406,0.5,30,dose_only,0.009231556040358628,0.053477528129804816,0.11261186494322097
plate2,0,GKHIVNAUVKXIIY,Belumosudil (mesylate),0.5,15,dose_only,0.012339832698850717,0.061333583797755706,0.0573225029209192
plate2,0,LOMMPXLFBTZENJ,Belzutifan,0.5,18,dose_only,0.010407054553789766,0.058635645261834464,0.022139978320580747
plate2,0,XCPPIJCBCWUBNT,Bentamapimod,0.5,37,dose_only,0.008247425413590338,0.05138405552650724,0.08338111474400933
plate2,0,ADGGYDAFIHSYFI,Bimiralisib,0.5,15,dose_only,0.014431364113716288,0.06590862930094428,0.07241175540750193
plate2,0,ACWZRVQXLIRSDF,Binimetinib,0.5,27,dose_only,0.009089153422965257,0.05399597572573997,0.1862116793779635
plate2,0,GXJABQQUPOEUTA,Bortezomib,0.5,38,dose_only,0.009257310723573792,0.05259879833347819,0.08112842421536623
plate2,0,RGTAEYDIDMGJLX,CP21R7,0.5,20,dose_only,0.00992733644323693,0.05738968898437924,0.02966971565859694
plate2,0,JDUBGYFRJFOXQC,Capivasertib,0.5,20,dose_only,0.009774429708883125,0.055759849680270424,0.07010905606900325
plate2,0,BFSMGDJOXZAERB,Dabrafenib,0.5,23,dose_only,0.011036193430930959,0.05808835175683333,0.07656913362389865
plate2,0,FHWSAZXFPUMKFL,EX229,0.5,49,dose_only,0.007833296046215557,0.05079433277242749,0.08364630558120405
plate2,0,YBXRSCXGRPSTMW,Elimusertib hydrochloride,0.5,53,dose_only,0.006395272319963312,0.04597534467528107,0.15373900315482641
plate2,0,HKVAMNSJSFKALM,Everolimus,0.5,46,dose_only,0.007760117153419471,0.05090114810623804,0.09247014400506062
plate2,0,KEIPNCCJPRMIAX,Futibatinib,0.5,40,dose_only,0.008988527489530102,0.05379052282795081,0.11573108773239894
plate2,0,QDITZBLZQQZVEE,GSK1059615,0.5,27,dose_only,0.010714225870588205,0.05665222498256161,0.15381766651705006
plate2,0,BCSBXWKRZUPFHW,HI-TOPK-032,0.5,46,dose_only,0.007859636680827965,0.0514011649631864,0.08304798442285671
plate2,0,ZAVGJDAFCZAWSZ,Hydroxyfasudil,0.5,19,dose_only,0.011008950222272067,0.05883553940423757,0.05229765737797687
plate2,0,QADPYRIHXKWUSV,Infigratinib,0.5,15,dose_only,0.011758753206879016,0.06185912493237975,0.020648366406648546
plate2,0,GRZXWCHAXNAUHY,Ipatasertib,0.5,55,dose_only,0.008308805079148844,0.04989467469633516,0.1583908703174786
plate2,0,UWKQSNNFCGGAFS,Irinotecan,0.5,7,dose_only,0.014513755387966482,0.06633506373900235,0.05096431241876993
plate2,0,MXAYKZJJDUDWDS,Ixazomib,0.5,15,dose_only,0.01157180567468288,0.05956465030950386,0.027701302682305525
plate2,0,JUQMLSGOTNKJKI,LB-100,0.5,30,dose_only,0.008360237828209894,0.05225798322254849,0.016903654752616105
plate2,0,YUYJEQHNWKQNBT,LJI308,0.5,20,dose_only,0.012174843553690043,0.06129430646408725,0.041399916124279366
plate2,0,FYXRSVDHGLUMHB,LY-2584702 (tosylate salt),0.5,10,dose_only,0.017039613090767437,0.07059657813038615,0.053705134402485796
plate2,0,HRJWTAWVFDCTGO,LY2090314,0.5,20,dose_only,0.010433303741740603,0.05861406564184407,-0.024250722124040076
plate2,0,DHMTURDWPRKSOA,Lonafarnib,0.5,14,dose_only,0.013163070647563864,0.06267949985579323,0.023386402622286154
plate2,0,FIKQZQDYGXAUHC,MK-3903,0.5,16,dose_only,0.011124100954349252,0.060490118525460004,0.10404527397747268
plate2,0,KPQQGHGDBBJGFA,MK-8353,0.5,12,dose_only,0.013172927166699532,0.06088519726463665,0.041517855959277906
plate2,0,AJCDZIDKYKCOMZ,ML264,0.5,36,dose_only,0.007721046974091754,0.0504195112998415,0.13363450616107625
plate2,0,IMBXEJJVJRTNOW,Methylprednisolone succinate,0.5,24,dose_only,0.00924961728395709,0.05430624929488248,0.10342421205175775
plate2,0,SMPGEBOIKULBCT,NG25,0.5,8,dose_only,0.017596532918968216,0.07067295766800986,-0.015388983675588384
plate2,0,ZCCPLJOKGAACRT,NVP-BHG712,0.5,26,dose_only,0.007873612126401065,0.050883285799679434,0.048771301939862295
plate2,0,OETLNMOJNONWOY,OTS514,0.5,25,dose_only,0.008834965244193688,0.054332907097436295,0.048154260146997065
plate2,0,KHPCIHZXOGHCLY,PF-06260933,0.5,17,dose_only,0.010865140500040662,0.059642453070621916,0.12914516984152932
plate2,0,KCAJXIDMCNPGHZ,PH-797804,0.5,46,dose_only,0.007204185296502146,0.048220386864594046,0.0781924727985463
plate2,0,NVVPMZUGELHVMH,Pimitespib,0.5,28,dose_only,0.009568662653171627,0.055007704537542515,0.10432927437035602
plate2,0,FVICRBSEYSHKFY,RMC-6236,0.5,25,dose_only,0.008752129760478861,0.05348932918749447,0.18947365463131216
plate2,0,XPPBBJCBDOEXDN,Ralimetinib dimesylate,0.5,21,dose_only,0.011253256589120157,0.058949921325717004,0.1502479843070217
plate2,0,FNHKPVJBJVTLMP,Regorafenib,0.5,25,dose_only,0.009897448944618383,0.05651982915508282,0.0037219012341354533
plate2,0,GYLDXIAOMVERTK,Sapanisertib,0.5,37,dose_only,0.0073538981813588275,0.04960515786246548,0.08810821956106718
plate2,0,RCLQNICOARASSR,TAK-733,0.5,7,dose_only,0.01794088996994775,0.06826562752486975,0.01810065731159183
plate2,0,WKDACQVEJIVHMZ,TAK-901,0.5,16,dose_only,0.010857414369686843,0.05879268926590092,-0.0259767540176577
plate2,0,MFAQYJIYDMLAIM,Torkinib,0.5,27,dose_only,0.009529446292260508,0.05574228952891455,0.0821347406708236
plate2,0,LIRYPHYGHXZJBZ,Trametinib,0.5,30,dose_only,0.008620717048965689,0.052624487989789644,0.12455687672107697
plate2,0,GPXBXXGIAQBQNI,Vemurafenib,0.5,27,dose_only,0.008293100533250893,0.051733061377116245,0.08138375160575126
plate2,0,SXNJFOWDRLKDSF,Volasertib,0.5,7,dose_only,0.02075378983502333,0.07541247113978236,-0.0033836604053536098
plate2,0,WWOXKWLDMLMYQY,c-Kit-IN-1,0.5,15,dose_only,0.010114667071309896,0.05727624457209174,0.018094911527570343
plate2,0,FDLYAMZZIXQODN,olaparib,0.5,19,dose_only,0.009203769495265163,0.05671877898952456,0.07441219914012241
plate2,0,AHJRHEGDXFFMBM,palbociclib,0.5,10,dose_only,0.01486093009393754,0.06744760599147817,0.11364353682073527
plate2,0,LQBVNQSMGBZMKD,venetoclax,0.5,17,dose_only,0.009580287009490353,0.05590494526913297,0.1015748109271059
plate3,1,KFRKRECSIYXARE,4EGI-1,5.0,33,dose_only,0.006155456446256408,0.046023707315809896,0.04919274025844843
plate3,1,FARXPFGGGGLENU,9-ING-41,5.0,27,dose_only,0.008458147648199249,0.05101781142224223,-0.11523509311077403
plate3,1,NIRXBXIPHUTNNI,APTO-253,5.0,29,dose_only,0.006964749692245136,0.04713670806813378,-0.01488112594400367
plate3,1,OVPNQJVDAFNBDN,AT7519,5.0,35,dose_only,0.005865117954936808,0.04400436193607414,0.04153584618358951
plate3,1,XISVSTPEXYIKJL,AZD-7648,5.0,36,dose_only,0.005913843947196822,0.044512120227707876,0.06594631706195078
plate3,1,KVLFRAWTRWDEDF,AZD-8055,5.0,33,dose_only,0.006661299471872438,0.047026252395712335,0.005644778350937614
plate3,1,VQSZIPCGAGVRRP,AZD1390,5.0,36,dose_only,0.005458131822464885,0.043294932074045896,0.052394962958509976
plate3,1,FHCSBLWRGCOVPT,AZD2858,5.0,18,dose_only,0.008064619685189048,0.051443938865385806,0.1099180340680216
plate3,1,UZWDCWONPYILKI,Abemaciclib,5.0,31,dose_only,0.0067973002653109425,0.04660294124590104,0.11372889053675109
plate3,1,PEMUGDMSUDYLHU,Adagrasib,0.05,31,dose_only,0.006220185819309021,0.045577841830344155,-0.019751290680429693
plate3,1,STUWGJZDJHPWGZ,Alpelisib,5.0,25,dose_only,0.00783770692484072,0.051132314042972735,0.06327696472611989
plate3,1,JBGYKRAZYDNCNV,BAY1125976,5.0,20,dose_only,0.011794677501116926,0.05668570722739619,-0.02219682008432018
plate3,1,XVFDNRYZXDHTHT,BI-3406,5.0,35,dose_only,0.00605332779269522,0.04454610497940021,0.07547285526006661
plate3,1,GKHIVNAUVKXIIY,Belumosudil (mesylate),5.0,24,dose_only,0.0077240874037825735,0.05083631326412647,0.03581161668717797
plate3,1,LOMMPXLFBTZENJ,Belzutifan,5.0,23,dose_only,0.008705372090550754,0.05411507574343781,0.007261526881148065
plate3,1,XCPPIJCBCWUBNT,Bentamapimod,5.0,24,dose_only,0.007345708841220743,0.04869668950993441,0.04911574157320038
plate3,1,ADGGYDAFIHSYFI,Bimiralisib,5.0,51,dose_only,0.006700730277125227,0.046644063145051526,0.010150867674649814
plate3,1,ACWZRVQXLIRSDF,Binimetinib,5.0,15,dose_only,0.010187218363564381,0.058083582157675506,0.1382976998555647
plate3,1,GXJABQQUPOEUTA,Bortezomib,5.0,22,dose_only,0.008588276603802182,0.050392334220032906,0.10019190568744289
plate3,1,RGTAEYDIDMGJLX,CP21R7,5.0,25,dose_only,0.007836639530645487,0.04972902422780992,0.0232195227269038
plate3,1,JDUBGYFRJFOXQC,Capivasertib,5.0,31,dose_only,0.006308304713610554,0.04570325574734402,-0.0013217326069874535
plate3,1,BFSMGDJOXZAERB,Dabrafenib,5.0,23,dose_only,0.008503351458579016,0.05199511673119647,-0.012755527452960104
plate3,1,FHWSAZXFPUMKFL,EX229,5.0,24,dose_only,0.00723811099572587,0.0485679297467793,0.10182974834202962
plate3,1,YBXRSCXGRPSTMW,Elimusertib hydrochloride,5.0,24,dose_only,0.006847708634109207,0.047904410651355006,0.1659259843816657
plate3,1,CMJCXYNUCSMDBY,Encorafenib,5.0,44,dose_only,0.006695596393644495,0.04532606503075762,-0.017396764306024163
plate3,1,HKVAMNSJSFKALM,Everolimus,5.0,154,dose_only,0.0038092325439441697,0.03603069295337856,0.08860403186810091
plate3,1,KEIPNCCJPRMIAX,Futibatinib,5.0,12,dose_only,0.011502479315842851,0.060883685063202554,0.055700706358276585
plate3,1,QDITZBLZQQZVEE,GSK1059615,5.0,27,dose_only,0.006333026597181929,0.04635311328339284,0.022919345004443776
plate3,1,BCSBXWKRZUPFHW,HI-TOPK-032,5.0,42,dose_only,0.005308570362792337,0.042649800271094065,0.10615892791590537
plate3,1,ZAVGJDAFCZAWSZ,Hydroxyfasudil,5.0,15,dose_only,0.00878247317263434,0.053960758493646815,0.08666597017668917
plate3,1,QADPYRIHXKWUSV,Infigratinib,5.0,30,dose_only,0.0065768880585225726,0.04565973375597332,0.11874823965601511
plate3,1,GRZXWCHAXNAUHY,Ipatasertib,5.0,33,dose_only,0.006274816711461447,0.04499574842371893,0.05953392207742995
plate3,1,UWKQSNNFCGGAFS,Irinotecan,5.0,78,dose_only,0.004382565257717142,0.039197588329929485,0.11456942816070201
plate3,1,MXAYKZJJDUDWDS,Ixazomib,5.0,30,dose_only,0.006973480544442978,0.04836455775756931,-0.0067994601741119005
plate3,1,JUQMLSGOTNKJKI,LB-100,5.0,34,dose_only,0.006238120741304201,0.04567451268509921,0.005517261385990266
plate3,1,YUYJEQHNWKQNBT,LJI308,5.0,28,dose_only,0.005853887314281015,0.045002233566826394,0.0548779969045415
plate3,1,FYXRSVDHGLUMHB,LY-2584702 (tosylate salt),5.0,18,dose_only,0.00933765247537751,0.05351100491041239,0.1930421885200586
plate3,1,HRJWTAWVFDCTGO,LY2090314,5.0,25,dose_only,0.0072999816726610645,0.049120239367105106,0.009178418733893271
plate3,1,DHMTURDWPRKSOA,Lonafarnib,5.0,15,dose_only,0.010224541704296864,0.05551560514255691,0.06374999765593092
plate3,1,FIKQZQDYGXAUHC,MK-3903,5.0,37,dose_only,0.006759973528794763,0.04709551462110008,-0.03371321038233343
plate3,1,KPQQGHGDBBJGFA,MK-8353,5.0,23,dose_only,0.008308095727733538,0.04967816204232588,-0.00424773307599163
plate3,1,AJCDZIDKYKCOMZ,ML264,5.0,25,dose_only,0.007386765801517515,0.04886547738294466,0.013966915122631554
plate3,1,IMBXEJJVJRTNOW,Methylprednisolone succinate,5.0,32,dose_only,0.005992972617201094,0.04499830697515254,0.10912886853412707
plate3,1,SMPGEBOIKULBCT,NG25,5.0,17,dose_only,0.009557020452488326,0.05522897117132691,0.012040700066740207
plate3,1,ZCCPLJOKGAACRT,NVP-BHG712,5.0,13,dose_only,0.0111758162932961,0.05923659199286126,0.022213718329951476
plate3,1,OETLNMOJNONWOY,OTS514,5.0,10,dose_only,0.011527324431352043,0.059518596097887136,0.16519706863963374
plate3,1,KHPCIHZXOGHCLY,PF-06260933,5.0,16,dose_only,0.00992626623256704,0.054874493348430614,0.000544853872711865
plate3,1,KCAJXIDMCNPGHZ,PH-797804,5.0,18,dose_only,0.007951742207398105,0.04975110222742107,0.13306874088926066
plate3,1,HCDMJFOHIXMBOV,Pemigatinib,5.0,32,dose_only,0.006197368601108722,0.04559197672294609,-0.041067275650316815
plate3,1,NVVPMZUGELHVMH,Pimitespib,5.0,16,dose_only,0.00873921137698987,0.053375162477564124,0.10971013401625497
plate3,1,FVICRBSEYSHKFY,RMC-6236,5.0,37,dose_only,0.006754649228613721,0.046672836212890936,0.07375778140730863
plate3,1,XPPBBJCBDOEXDN,Ralimetinib dimesylate,5.0,25,dose_only,0.00752562802330988,0.048707271380128606,-0.006736597105737531
plate3,1,FNHKPVJBJVTLMP,Regorafenib,5.0,40,dose_only,0.005053164158932657,0.0408697495894956,0.07145245627968158
plate3,1,GYLDXIAOMVERTK,Sapanisertib,5.0,28,dose_only,0.008507577858399807,0.05124797266942824,0.023004114719484423
plate3,1,RCLQNICOARASSR,TAK-733,5.0,30,dose_only,0.007092057670363404,0.048241484528988354,0.11097518172989572
plate3,1,WKDACQVEJIVHMZ,TAK-901,5.0,36,dose_only,0.011775996367325084,0.05168725980962455,0.08029503797308948
plate3,1,MFAQYJIYDMLAIM,Torkinib,5.0,15,dose_only,0.00934899092732573,0.05567785178331124,0.08551824428789577
plate3,1,LIRYPHYGHXZJBZ,Trametinib,5.0,39,dose_only,0.007082642732798418,0.04669362867581571,0.09226428448036464
plate3,1,GPXBXXGIAQBQNI,Vemurafenib,5.0,56,dose_only,0.005760474071329398,0.04401544289535559,0.0606886469031561
plate3,1,SXNJFOWDRLKDSF,Volasertib,5.0,23,dose_only,0.00792704047476161,0.05090076320948983,0.10659070727083814
plate3,1,WWOXKWLDMLMYQY,c-Kit-IN-1,5.0,28,dose_only,0.00630059203407762,0.046184280573350035,0.08005324765470101
plate3,1,FDLYAMZZIXQODN,olaparib,5.0,92,dose_only,0.004121110701727773,0.038315520732454096,0.0963203783102214
plate3,1,AHJRHEGDXFFMBM,palbociclib,5.0,26,dose_only,0.007853146217839167,0.050133756709123824,0.022363352337816268
plate3,1,LQBVNQSMGBZMKD,venetoclax,5.0,33,dose_only,0.006935344710237023,0.046306841977219404,0.12977618204915775
plate4,3,PEMUGDMSUDYLHU,Adagrasib,0.05,20,dose_only,0.00996763512572555,0.05515011983523658,0.022758209152222084
plate4,3,OIRDTQYFTABQOQ,Adenosine,0.05,17,dose_only,0.007787516209509916,0.05020370008188805,0.0746769517577466
plate4,3,XCPGHVQEEXUHNC,Amsacrine,0.05,12,dose_only,0.011305770977758608,0.0579709202141879,-0.002925533478896249
plate4,3,IPOKCKJONYRRHP,Balsalazide (sodium hydrate),0.05,10,dose_only,0.012228457483698746,0.06116465653397056,0.034674838001568356
plate4,3,VNFPBHJOKIVQEB,Clotrimazole,0.05,31,dose_only,0.006232044304229798,0.045937222759667405,0.02239438845938423
plate4,3,ZZUFCTLCJUWOSV,Furosemide,0.05,15,dose_only,0.010399452972128301,0.05498675226441081,0.0067438170040860345
plate4,3,HEMJJKBWTPKOJG,Gemfibrozil,0.05,24,dose_only,0.006982886572503522,0.04739805712403584,0.05077908237502103
plate4,3,XDXDZDZNSLXDNA,Idarubicin (hydrochloride),0.05,18,dose_only,0.007781219951113767,0.05121087886275045,0.008060207823730741
plate4,3,NYNZQNWKBKUAII,Larotrectinib,0.05,58,dose_only,0.005648945993417487,0.0427792524399513,0.020296195191526648
plate4,3,GOTYRUGSSMKFNF,Lenalidomide (hemihydrate),0.05,16,dose_only,0.009445046604344427,0.052678406963230284,0.0782889446231547
plate4,3,NNJVILVZKWQKPM,Lidocaine (hydrochloride),0.05,6,dose_only,0.02056639562970287,0.07508225450733057,-0.02895348347018454
plate4,3,PSGAAPLEWMOORI,Medroxyprogesterone acetate,0.05,34,dose_only,0.007274710446013803,0.04701677019910262,0.0006404459183602221
plate4,3,KKZJGLLVHKMTCM,Mitoxantrone (dihydrochloride),0.05,13,dose_only,0.010006828496496785,0.057182685599276334,0.0648104141955878
plate4,3,DUPWHXBITIZIKZ,Radotinib,0.05,12,dose_only,0.012616158967718573,0.06281917556603372,-0.034108225425095014
plate4,3,IVTVGDXNLFLDRM,Raltitrexed,0.05,15,dose_only,0.011244735440291944,0.0582956177473954,-0.0132563883654006
plate4,3,QFJCIRLUMZQUOT,Rapamycin,0.05,16,dose_only,0.009490157742821545,0.05569263048363212,0.08468834192327916
plate4,3,LUKBXSAWLPMMSZ,Resveratrol,0.05,18,dose_only,0.0084836095039869,0.05235741833311676,0.00493199077167243
plate4,3,CBPNZQVSJQDFBE,Temsirolimus,0.05,17,dose_only,0.00933046863855658,0.05449333033302943,-0.12054830215555418
plate4,3,UJLAWZDWDVHWOW,Tofacitinib (citrate),0.05,12,dose_only,0.011291517154858667,0.05853914635783161,0.12523787007557707
plate4,3,UJLAWZDWDVHWOW,Tofacitinib,0.05,18,dose_only,0.008622307375250804,0.05243331244631129,0.0029658628512427903
plate4,3,MIQPIUSUKVNLNT,Tolcapone,0.05,18,dose_only,0.008662333320811169,0.05289973469459677,-0.04676901615187716
plate4,3,GFNANZIMVAIWHM,Triamcinolone,0.05,13,dose_only,0.008738704142225575,0.053901531330594936,0.05622235412657693
plate4,3,NOYPYLRCIDNJJB,Trimetrexate,0.05,33,dose_only,0.00623047485440318,0.0461316113177189,-0.008970565427123595
plate4,3,SZMJVTADHFNAIS,Tucidinostat,0.05,28,dose_only,0.007332366907289324,0.04864650313348506,-0.04082631564143292
plate5,2,PEMUGDMSUDYLHU,Adagrasib,0.05,40,dose_only,0.006057356876464149,0.044428783186957484,0.022882237630759646
plate5,2,OIRDTQYFTABQOQ,Adenosine,0.5,32,dose_only,0.0071038822658771915,0.04860031870591943,0.04391912268528392
plate5,2,XCPGHVQEEXUHNC,Amsacrine,0.5,31,dose_only,0.008209149509513774,0.05229170401441345,0.04705033963917166
plate5,2,IPOKCKJONYRRHP,Balsalazide (sodium hydrate),0.5,34,dose_only,0.00754934484279901,0.05025595899008106,0.16606635300352074
plate5,2,VNFPBHJOKIVQEB,Clotrimazole,0.5,37,dose_only,0.007988517085762236,0.050864503665694,-0.020248040756584127
plate5,2,ZZUFCTLCJUWOSV,Furosemide,0.5,27,dose_only,0.008524854440050697,0.05268159034738987,-0.03871987203345835
plate5,2,HEMJJKBWTPKOJG,Gemfibrozil,0.5,54,dose_only,0.005846063060536867,0.04517959414132257,0.18286171289239334
plate5,2,XDXDZDZNSLXDNA,Idarubicin (hydrochloride),0.5,24,dose_only,0.008636670870241989,0.053051311984695336,0.0153852120505309
plate5,2,NYNZQNWKBKUAII,Larotrectinib,0.5,60,dose_only,0.006589902816474972,0.04585894900996065,0.0038098481776271797
plate5,2,GOTYRUGSSMKFNF,Lenalidomide (hemihydrate),0.5,34,dose_only,0.006827327870097076,0.047274436744654695,-0.02368391802019324
plate5,2,NNJVILVZKWQKPM,Lidocaine (hydrochloride),0.5,22,dose_only,0.009674560886181523,0.056157424163968406,0.12851307909146276
plate5,2,PSGAAPLEWMOORI,Medroxyprogesterone acetate,0.5,35,dose_only,0.008576128669443376,0.05209509586230273,0.03715956739925275
plate5,2,KKZJGLLVHKMTCM,Mitoxantrone (dihydrochloride),0.5,25,dose_only,0.008785445394990512,0.05338741054434788,-0.010201263915237518
plate5,2,DUPWHXBITIZIKZ,Radotinib,0.5,18,dose_only,0.010513247091204346,0.05749071546957798,0.13812383310610732
plate5,2,IVTVGDXNLFLDRM,Raltitrexed,0.5,16,dose_only,0.010944257848508887,0.05850474754140708,0.01601013445220781
plate5,2,QFJCIRLUMZQUOT,Rapamycin,0.5,28,dose_only,0.007680829934697725,0.050804124370529335,0.06968416162208041
plate5,2,LUKBXSAWLPMMSZ,Resveratrol,0.5,33,dose_only,0.0075894897592343885,0.04996089431769662,0.16589178767681315
plate5,2,SHGAZHPCJJPHSC,Retinoic acid,0.5,33,dose_only,0.007868903124098511,0.05048098468472786,0.05094934855784283
plate5,2,CBPNZQVSJQDFBE,Temsirolimus,0.5,27,dose_only,0.009204390198735696,0.05325452056019409,0.165249891111118
plate5,2,UJLAWZDWDVHWOW,Tofacitinib (citrate),0.5,29,dose_only,0.007541355352594692,0.051095829864988784,0.08378910089756535
plate5,2,UJLAWZDWDVHWOW,Tofacitinib,0.5,28,dose_only,0.00885942726673939,0.053413189916796965,0.005673001289083499
plate5,2,MIQPIUSUKVNLNT,Tolcapone,0.5,32,dose_only,0.006860192480962868,0.04747770400753453,0.012979557050383112
plate5,2,GFNANZIMVAIWHM,Triamcinolone,0.5,33,dose_only,0.009550814013204144,0.054367234161932475,-0.14706498179440622
plate5,2,NOYPYLRCIDNJJB,Trimetrexate,0.5,38,dose_only,0.007226530260594573,0.04940871638942299,0.0320378124353195
plate5,2,SZMJVTADHFNAIS,Tucidinostat,0.5,33,dose_only,0.008669758946545503,0.05441674502770336,-0.05256194588078852
plate6,2,PEMUGDMSUDYLHU,Adagrasib,0.05,15,dose_only,0.013875198834979343,0.06660753776743039,0.01323021067630749
plate6,2,OIRDTQYFTABQOQ,Adenosine,5.0,6,dose_only,0.021424565353667484,0.07759051266584596,0.10995261947856781
plate6,2,XCPGHVQEEXUHNC,Amsacrine,5.0,12,dose_only,0.015371841794639313,0.06933500437554288,0.17486920255109772
plate6,2,IPOKCKJONYRRHP,Balsalazide (sodium hydrate),5.0,10,dose_only,0.014366484958748106,0.06521943347141428,0.13163693114888483
plate6,2,VNFPBHJOKIVQEB,Clotrimazole,5.0,9,dose_only,0.016608728738245034,0.07106307119702561,0.040674084996185675
plate6,2,ZZUFCTLCJUWOSV,Furosemide,5.0,10,dose_only,0.014609435422311417,0.06691754866703299,0.0753353126803762
plate6,2,HEMJJKBWTPKOJG,Gemfibrozil,5.0,25,dose_only,0.01255084777846096,0.059853264171289854,-0.17437864780672765
plate6,2,XDXDZDZNSLXDNA,Idarubicin (hydrochloride),5.0,36,dose_only,0.012396256277304875,0.059557663443736954,0.1658212796778572
plate6,2,NYNZQNWKBKUAII,Larotrectinib,5.0,6,dose_only,0.02354664585170391,0.08079404554731938,-0.04600976886454361
plate6,2,GOTYRUGSSMKFNF,Lenalidomide (hemihydrate),5.0,11,dose_only,0.014688683048750196,0.06534055356228251,-0.0033766261849095067
plate6,2,NNJVILVZKWQKPM,Lidocaine (hydrochloride),5.0,17,dose_only,0.01412520322513661,0.0650315722290775,-0.03344714241271382
plate6,2,PSGAAPLEWMOORI,Medroxyprogesterone acetate,5.0,22,dose_only,0.011516888299547836,0.05634680425144359,0.09156121206273937
plate6,2,KKZJGLLVHKMTCM,Mitoxantrone (dihydrochloride),5.0,14,dose_only,0.014446294021600546,0.06606812256649588,0.10775213248626142
plate6,2,DUPWHXBITIZIKZ,Radotinib,5.0,16,dose_only,0.012126129970198187,0.062419223777018897,0.06396563166505542
plate6,2,IVTVGDXNLFLDRM,Raltitrexed,5.0,15,dose_only,0.012138092798444241,0.06095160481004666,0.06724614637292849
plate6,2,QFJCIRLUMZQUOT,Rapamycin,5.0,30,dose_only,0.008542988301776269,0.051782508625437686,0.12728130075641927
plate6,2,LUKBXSAWLPMMSZ,Resveratrol,5.0,34,dose_only,0.008302173093464045,0.05159155340910294,0.04102674719274032
plate6,2,SHGAZHPCJJPHSC,Retinoic acid,5.0,16,dose_only,0.011441493176559223,0.06031067397734946,0.1718284810447355
plate6,2,CBPNZQVSJQDFBE,Temsirolimus,5.0,18,dose_only,0.01033435923076862,0.05759964531056968,0.07043334272049882
plate6,2,UJLAWZDWDVHWOW,Tofacitinib (citrate),5.0,11,dose_only,0.016902574650974483,0.07096443289578146,0.10481578008027785
plate6,2,UJLAWZDWDVHWOW,Tofacitinib,5.0,37,dose_only,0.00861735417160302,0.052230111568570735,0.1273566195920924
plate6,2,MIQPIUSUKVNLNT,Tolcapone,5.0,30,dose_only,0.008249741185310864,0.050993472025995565,0.10056545362123744
plate6,2,GFNANZIMVAIWHM,Triamcinolone,5.0,10,dose_only,0.021842856148988562,0.07348543496440463,-0.0030803037078701964
plate6,2,NOYPYLRCIDNJJB,Trimetrexate,5.0,19,dose_only,0.011646429603263354,0.05919917533359997,0.09491375724058865
plate6,2,SZMJVTADHFNAIS,Tucidinostat,5.0,35,dose_only,0.011836102343725455,0.05950602881410317,0.0781245770998713
plate7,0,KTEIFNKAUNYNJU,(S)-Crizotinib,0.05,22,dose_only,0.007495576931220513,0.049831554222844035,0.019250394532017774
plate7,0,PEMUGDMSUDYLHU,Adagrasib,0.05,67,dose_only,0.004887505649853396,0.04074371001659188,0.05014970161048407
plate7,0,HJBWBFZLDZWPHF,Apalutamide,0.05,32,dose_only,0.005858099960439368,0.0441471576628769,0.04548616579688823
plate7,0,BJRNKVDFDLYUGJ,Arbutin,0.05,22,dose_only,0.008526045613784887,0.0532536127094651,0.07388564610350065
plate7,0,GKHIVNAUVKXIIY,Belumosudil,0.05,29,dose_only,0.006142063695782491,0.04644579294954468,0.07306099972785747
plate7,0,JTUQXGZRVLWBCR,Benproperine (phosphate),0.05,21,dose_only,0.008016497035976006,0.0498255637439864,-0.02070525753774899
plate7,0,CIWBQSYVNNPZIQ,Betamethasone dipropionate,0.05,10,dose_only,0.014324163009796791,0.06504038318275517,-0.019372415706913247
plate7,0,BSMCAPRUBJMWDF,Cobimetinib,0.05,20,dose_only,0.008270463220434301,0.051894311825109084,-0.03368365026238365
plate7,0,KYQZWONCHDNPDP,Daidzin,0.05,38,dose_only,0.005978535135322405,0.044788090686016885,0.00938562880059577
plate7,0,XAUDJQYHKZQPEU,Decitabine,0.05,42,dose_only,0.005320125510205705,0.042800408784153705,0.057113385308468406
plate7,0,LDCRTTXIJACKKU,Dimethyl fumarate,0.05,17,dose_only,0.008811878684236378,0.054437500562334366,0.05526117045304485
plate7,0,PIMQWRZWLQKKBJ,Dinaciclib,0.05,32,dose_only,0.007259991980600115,0.04859858821835845,0.04655871679719504
plate7,0,ZDZOTLJHXYCWBA,Docetaxel (Trihydrate),0.05,30,dose_only,0.006753557353824869,0.04596381015011709,-0.0259546890810152
plate7,0,AOJJSUZBOXZQNB,Doxorubicin (hydrochloride),0.05,39,dose_only,0.0052476010814935335,0.04300727370117014,0.032060786678702595
plate7,0,AOJJSUZBOXZQNB,Epirubicin (hydrochloride),0.05,16,dose_only,0.008073653934291353,0.051484337611201254,0.026694752123736794
plate7,0,JUKPWJGBANNWMW,Eplerenone,0.05,35,dose_only,0.0058919236247662625,0.044197918730594796,0.058898496404012464
plate7,0,YMTINGFKWWXKFG,Fenofibrate,0.05,17,dose_only,0.007621458713848418,0.05046574127664032,0.12097515737603001
plate7,0,KSEBMYQBYZTDHS,Ferulic acid,0.05,31,dose_only,0.007132632237527528,0.04760391983934229,0.024218733654921692
plate7,0,BJCJYEYYYGBROF,Flumatinib (mesylate),0.05,33,dose_only,0.0062894346909952185,0.04645536556634033,0.06828989520111049
plate7,0,VSNHCAURESNICA,Hydroxyurea,0.05,17,dose_only,0.008270896462611168,0.051559146455234794,0.03716214554385915
plate7,0,UWKQSNNFCGGAFS,Irinotecan (hydrochloride),0.05,15,dose_only,0.009380249485803769,0.0550856689752716,0.0072407259558785395
plate7,0,OPXLLQIJSORQAM,Mebendazole,0.05,28,dose_only,0.00615328792316099,0.04644235358994285,0.05304386439619354
plate7,0,VKHAHZOOUSRJNA,Mifepristone,0.05,38,dose_only,0.0050955979759242,0.042008709191258285,0.08436567251846797
plate7,0,RJMUSRYZPJIFPJ,Niclosamide (olamine),0.05,30,dose_only,0.005529587489131286,0.043732836649180915,0.1180190716826263
plate7,0,WBXPDJSOTKVWSJ,Pemetrexed,0.05,28,dose_only,0.00626350760035738,0.04540422637724745,-0.01076503674338911
plate7,0,UUBHZHZSIKRVIV,Peretinoin,0.05,31,dose_only,0.0066012457921640864,0.04738500752841618,-0.0003368668367900625
plate7,0,JGWRKYUXBBNENE,Pexidartinib (hydrochloride),0.05,15,dose_only,0.010649547749500348,0.05675409888238292,-0.03407836732506416
plate7,0,VGYFMXBACGZSIL,Pitavastatin (Calcium),0.05,14,dose_only,0.010915424452558144,0.05689461620674459,-0.009862930004635182
plate7,0,TUZYXOIXSAXUGO,Pravastatin (sodium),0.05,21,dose_only,0.007363175468538756,0.048825606832398595,0.05984804157240583
plate7,0,REQCZEXYDRLIBE,Procainamide (hydrochloride),0.05,20,dose_only,0.00921103529532514,0.054596087297427986,0.034387328221012245
plate7,0,LOUPRKONTZGTKE,Quinidine (15% dihydroquinidine),0.05,25,dose_only,0.007999644720297206,0.05083912175032125,-0.008120019900556058
plate7,0,YASAKCUCGLMORW,Rosiglitazone,0.05,41,dose_only,0.006088998416716498,0.0444350671403479,0.07788326353710981
plate7,0,HMABYWSNWIZPAG,Rucaparib (phosphate),0.05,14,dose_only,0.009285863534509773,0.05540092407699385,0.054906306597487554
plate7,0,TTZSNFLLYPYKIL,Sulfatinib,0.05,20,dose_only,0.008435116713556923,0.05112276539084227,-0.018184604510975397
plate7,0,SEJLPXCPMNSRAM,Tirabrutinib,0.05,16,dose_only,0.008588768362090144,0.05111952194377666,-0.007860314078768504
plate7,0,UCFGDBYHRUNTLO,Topotecan (hydrochloride),0.05,17,dose_only,0.008440900687813264,0.051875028918628885,0.01819466911522017
plate7,0,LIRYPHYGHXZJBZ,Trametinib (DMSO_TF solvate),0.05,18,dose_only,0.009615525232229949,0.05508308105835832,-0.035922544000778586
plate7,0,NZHGWWWHIYHZNX,Tranilast,0.05,32,dose_only,0.006255668760911195,0.04582309874717727,-0.01732215761190443
plate8,1,KTEIFNKAUNYNJU,(S)-Crizotinib,0.5,22,dose_only,0.006794442593309353,0.048440130779379954,0.009541599164082997
plate8,1,PEMUGDMSUDYLHU,Adagrasib,0.05,29,dose_only,0.005985733193453238,0.04615468259570412,-0.043755677666221904
plate8,1,HJBWBFZLDZWPHF,Apalutamide,0.5,18,dose_only,0.008913596755704925,0.055064267479544036,0.05006219266559822
plate8,1,BJRNKVDFDLYUGJ,Arbutin,0.5,18,dose_only,0.009503185496181815,0.05287439743543225,-0.09317980116019414
plate8,1,GKHIVNAUVKXIIY,Belumosudil,0.5,28,dose_only,0.006351128406964805,0.046811318736110635,-0.03328591477051631
plate8,1,JTUQXGZRVLWBCR,Benproperine (phosphate),0.5,31,dose_only,0.0054967561492916825,0.04383499363287789,0.05842991065522811
plate8,1,CIWBQSYVNNPZIQ,Betamethasone dipropionate,0.5,15,dose_only,0.008638879809546241,0.0545705429998129,-0.04485940317504539
plate8,1,BSMCAPRUBJMWDF,Cobimetinib,0.5,5,dose_only,0.017618816725087527,0.07091212571701037,0.0033381566105554227
plate8,1,KYQZWONCHDNPDP,Daidzin,0.5,33,dose_only,0.006560808976181309,0.047193957786451975,-0.019831239440091134
plate8,1,XAUDJQYHKZQPEU,Decitabine,0.5,41,dose_only,0.005057732768864696,0.04112909832264504,0.043403419615837095
plate8,1,LDCRTTXIJACKKU,Dimethyl fumarate,0.5,15,dose_only,0.008564592914169902,0.053822412989829795,-0.0009898093650295037
plate8,1,PIMQWRZWLQKKBJ,Dinaciclib,0.5,61,dose_only,0.006983079115119723,0.04685214482888403,0.0439710240110455
plate8,1,ZDZOTLJHXYCWBA,Docetaxel (Trihydrate),0.5,49,dose_only,0.004623950258552597,0.040688900117093404,-0.002347601915191774
plate8,1,AOJJSUZBOXZQNB,Doxorubicin (hydrochloride),0.5,7,dose_only,0.013547839474129488,0.06287853810141522,-0.0014702045015717335
plate8,1,AOJJSUZBOXZQNB,Epirubicin (hydrochloride),0.5,15,dose_only,0.008452235836610663,0.052151909415092935,0.027928267252010166
plate8,1,JUKPWJGBANNWMW,Eplerenone,0.5,28,dose_only,0.006427561748623401,0.04800097439860042,-0.08156877245898181
plate8,1,YMTINGFKWWXKFG,Fenofibrate,0.5,14,dose_only,0.009196288437314163,0.0529276168381119,0.007254856100309471
plate8,1,BJCJYEYYYGBROF,Flumatinib (mesylate),0.5,32,dose_only,0.005719829211385782,0.04520402182661987,0.04524294305369452
plate8,1,VSNHCAURESNICA,Hydroxyurea,0.5,6,dose_only,0.018806684357325798,0.07118143528224365,-0.06109191808983526
plate8,1,UWKQSNNFCGGAFS,Irinotecan (hydrochloride),0.5,13,dose_only,0.00988647044741507,0.05748574052108251,-0.08058501342790203
plate8,1,OPXLLQIJSORQAM,Mebendazole,0.5,34,dose_only,0.007101270545546609,0.047582654569962426,-0.004741143467454584
plate8,1,VKHAHZOOUSRJNA,Mifepristone,0.5,27,dose_only,0.006623782709630369,0.047631976922125535,0.04219877098949583
plate8,1,RJMUSRYZPJIFPJ,Niclosamide (olamine),0.5,25,dose_only,0.006603357311795445,0.04755052491662772,0.05091064845475897
plate8,1,WBXPDJSOTKVWSJ,Pemetrexed,0.5,6,dose_only,0.017760436040310666,0.07014243401339844,-0.04405919655027502
plate8,1,UUBHZHZSIKRVIV,Peretinoin,0.5,7,dose_only,0.013428248930039466,0.061862490123853794,0.03915421446868751
plate8,1,JGWRKYUXBBNENE,Pexidartinib (hydrochloride),0.5,9,dose_only,0.014743139623437814,0.06638667914099108,0.00432891937963736
plate8,1,TUZYXOIXSAXUGO,Pravastatin (sodium),0.5,21,dose_only,0.0064271928496477315,0.046927697394016823,0.039760418854132173
plate8,1,REQCZEXYDRLIBE,Procainamide (hydrochloride),0.5,6,dose_only,0.020647132932253072,0.07341933675673526,-0.06452227738013001
plate8,1,LOUPRKONTZGTKE,Quinidine (15% dihydroquinidine),0.5,18,dose_only,0.007657415776383074,0.050296110359087216,0.07991036401143675
plate8,1,YASAKCUCGLMORW,Rosiglitazone,0.5,26,dose_only,0.007395070047679367,0.04988746967965762,-0.00015532615378520477
plate8,1,HMABYWSNWIZPAG,Rucaparib (phosphate),0.5,23,dose_only,0.006678742369794646,0.0475985899701281,-0.021402002469977477
plate8,1,TTZSNFLLYPYKIL,Sulfatinib,0.5,10,dose_only,0.012085497101635097,0.06136343388206428,-0.06312951042316287
plate8,1,SEJLPXCPMNSRAM,Tirabrutinib,0.5,11,dose_only,0.011539762042661446,0.060037035177481164,-0.026157869893438972
plate8,1,UCFGDBYHRUNTLO,Topotecan (hydrochloride),0.5,21,dose_only,0.006758203788360079,0.04791922260573303,-0.0763126851117956
plate8,1,LIRYPHYGHXZJBZ,Trametinib (DMSO_TF solvate),0.5,20,dose_only,0.007752644784594163,0.05132413974126879,-0.039647796826551514
plate8,1,NZHGWWWHIYHZNX,Tranilast,0.5,30,dose_only,0.005265543106925539,0.04331270513265331,-0.0117080282923242
plate9,1,KTEIFNKAUNYNJU,(S)-Crizotinib,5.0,13,dose_only,0.00929590521296759,0.05340869777467468,0.0734845000160656
plate9,1,PEMUGDMSUDYLHU,Adagrasib,0.05,23,dose_only,0.007814402732953508,0.04828655332692879,-0.023002083151070718
plate9,1,PEMUGDMSUDYLHU,Adagrasib,5.0,27,dose_only,0.006158282899964591,0.04409334651928475,0.0469093462218764
plate9,1,HJBWBFZLDZWPHF,Apalutamide,5.0,16,dose_only,0.008816406553067901,0.05215287723260769,-0.004607389972382688
plate9,1,BJRNKVDFDLYUGJ,Arbutin,5.0,23,dose_only,0.007409493932984398,0.04984979571403637,-0.047601991107971864
plate9,1,GKHIVNAUVKXIIY,Belumosudil,5.0,21,dose_only,0.009366514227808709,0.05342370492394097,-0.017374208685329132
plate9,1,JTUQXGZRVLWBCR,Benproperine (phosphate),5.0,21,dose_only,0.007228350681618901,0.04926262007369426,0.00030391201927183926
plate9,1,CIWBQSYVNNPZIQ,Betamethasone dipropionate,5.0,28,dose_only,0.005875855540247576,0.04436156639843372,0.03369763985234326
plate9,1,BSMCAPRUBJMWDF,Cobimetinib,5.0,9,dose_only,0.012992886292214106,0.060842010842452304,-0.020138011122578712
plate9,1,KYQZWONCHDNPDP,Daidzin,5.0,29,dose_only,0.00635875814679637,0.04529895243960864,-0.020588538155610746
plate9,1,XAUDJQYHKZQPEU,Decitabine,5.0,17,dose_only,0.00856213019332421,0.050706878108398586,0.025593281528602248
plate9,1,LDCRTTXIJACKKU,Dimethyl fumarate,5.0,30,dose_only,0.006713608239275742,0.04735715463486007,-0.03209604219977652
plate9,1,PIMQWRZWLQKKBJ,Dinaciclib,5.0,33,dose_only,0.007534943431115713,0.047525590249483905,0.04477638430538011
plate9,1,ZDZOTLJHXYCWBA,Docetaxel (Trihydrate),5.0,22,dose_only,0.007125701638372766,0.048707485941606794,0.07891448738858485
plate9,1,AOJJSUZBOXZQNB,Doxorubicin (hydrochloride),5.0,21,dose_only,0.007599591769458015,0.04853977565453468,0.06975303451528075
plate9,1,AOJJSUZBOXZQNB,Epirubicin (hydrochloride),5.0,67,dose_only,0.004587275878421222,0.03922559091171232,-0.0037955508105702307
plate9,1,JUKPWJGBANNWMW,Eplerenone,5.0,15,dose_only,0.008673364158918093,0.05360207126344252,0.0204597301022877
plate9,1,YMTINGFKWWXKFG,Fenofibrate,5.0,13,dose_only,0.012590633772849712,0.05938248867431681,-0.10677731475026303
plate9,1,KSEBMYQBYZTDHS,Ferulic acid,5.0,10,dose_only,0.012125467670093166,0.059107322650209494,-0.024213533419317312
plate9,1,BJCJYEYYYGBROF,Flumatinib (mesylate),5.0,21,dose_only,0.007539808127512451,0.04840488830801886,0.05344882156174136
plate9,1,VSNHCAURESNICA,Hydroxyurea,5.0,12,dose_only,0.009485667738654521,0.053388775171167475,0.013981217587044138
plate9,1,UWKQSNNFCGGAFS,Irinotecan (hydrochloride),5.0,28,dose_only,0.0077423995792264165,0.04897825539817826,-0.004302255458674853
plate9,1,OPXLLQIJSORQAM,Mebendazole,5.0,31,dose_only,0.006394342531604913,0.04585947410680087,-0.08624124427751771
plate9,1,VKHAHZOOUSRJNA,Mifepristone,5.0,11,dose_only,0.009476163423162197,0.056204992719974166,-0.05826494349169179
plate9,1,RJMUSRYZPJIFPJ,Niclosamide (olamine),5.0,13,dose_only,0.011957959715683785,0.06064136483917141,0.004386938050329643
plate9,1,WBXPDJSOTKVWSJ,Pemetrexed,5.0,9,dose_only,0.014138103201025588,0.06360808103155617,-0.01578365879572655
plate9,1,UUBHZHZSIKRVIV,Peretinoin,5.0,7,dose_only,0.015313982609732464,0.06354506912301965,-0.024561067468577977
plate9,1,JGWRKYUXBBNENE,Pexidartinib (hydrochloride),5.0,14,dose_only,0.01031449909075066,0.05748759934068626,-0.06360650953291949
plate9,1,TUZYXOIXSAXUGO,Pravastatin (sodium),5.0,44,dose_only,0.004795281760906592,0.03939098968822034,-0.008541307124740716
plate9,1,REQCZEXYDRLIBE,Procainamide (hydrochloride),5.0,21,dose_only,0.007872226479051746,0.05010517115393851,-0.033835825486061184
plate9,1,LOUPRKONTZGTKE,Quinidine (15% dihydroquinidine),5.0,16,dose_only,0.009827417928028015,0.05441693395311774,-0.023205285607224697
plate9,1,YASAKCUCGLMORW,Rosiglitazone,5.0,17,dose_only,0.008618223248065012,0.051585306634579074,-0.003774032483538281
plate9,1,HMABYWSNWIZPAG,Rucaparib (phosphate),5.0,38,dose_only,0.005475315552722089,0.04357149635051063,-0.016995852465430627
plate9,1,TTZSNFLLYPYKIL,Sulfatinib,5.0,26,dose_only,0.007094736369964224,0.048329574642587025,-0.07174772365932454
plate9,1,SEJLPXCPMNSRAM,Tirabrutinib,5.0,19,dose_only,0.006718061403885701,0.04718907205152815,0.09838324821198743
plate9,1,UCFGDBYHRUNTLO,Topotecan (hydrochloride),5.0,28,dose_only,0.006334016623633406,0.04547755033752705,0.1265182988217637
plate9,1,LIRYPHYGHXZJBZ,Trametinib (DMSO_TF solvate),5.0,22,dose_only,0.00735754353894423,0.04819537656494822,0.006524118559219015
plate9,1,NZHGWWWHIYHZNX,Tranilast,5.0,20,dose_only,0.0077891711346981425,0.04942844198483394,-0.04339563254890723
plate1,4,KFRKRECSIYXARE,4EGI-1,0.05,16,public_targets,0.012394014524203708,0.0620206553054951,-0.09904686342905308
plate1,4,FARXPFGGGGLENU,9-ING-41,0.05,5,public_targets,0.021663304477226197,0.07497963754156889,-0.02499047312633783
plate1,4,NIRXBXIPHUTNNI,APTO-253,0.05,9,public_targets,0.017768304592230198,0.07348884276778518,-0.06712187830507288
plate1,4,OVPNQJVDAFNBDN,AT7519,0.05,20,public_targets,0.010595955101933077,0.058632461579682625,-0.0662426921296934
plate1,4,XISVSTPEXYIKJL,AZD-7648,0.05,8,public_targets,0.018824714264790727,0.06992223169641285,0.015107417984762797
plate1,4,KVLFRAWTRWDEDF,AZD-8055,0.05,21,public_targets,0.012138207448192181,0.05975163659156979,-0.06580496825522507
plate1,4,VQSZIPCGAGVRRP,AZD1390,0.05,9,public_targets,0.014889758114481866,0.0654731408004709,0.08151025673414754
plate1,4,FHCSBLWRGCOVPT,AZD2858,0.05,25,public_targets,0.010377988875521126,0.05550308286663971,-0.026153033030211544
plate1,4,PEMUGDMSUDYLHU,Adagrasib,0.05,12,public_targets,0.011695659456949383,0.059967511004490215,-0.034738579432935505
plate1,4,STUWGJZDJHPWGZ,Alpelisib,0.05,17,public_targets,0.012240746820225171,0.06066840201067396,-0.016026665600448502
plate1,4,JBGYKRAZYDNCNV,BAY1125976,0.05,17,public_targets,0.012240435137194671,0.05966358884694456,-0.009568588638262696
plate1,4,XVFDNRYZXDHTHT,BI-3406,0.05,19,public_targets,0.01238598930657663,0.060253278839709816,-0.09078881091792654
plate1,4,GKHIVNAUVKXIIY,Belumosudil (mesylate),0.05,12,public_targets,0.014233858514849965,0.06745286874306582,0.0026268971584459387
plate1,4,XCPPIJCBCWUBNT,Bentamapimod,0.05,11,public_targets,0.01236686297028889,0.060554046391195424,0.019232827866072225
plate1,4,ADGGYDAFIHSYFI,Bimiralisib,0.05,16,public_targets,0.010674118854715454,0.057553624165826635,-0.022251420121064396
plate1,4,ACWZRVQXLIRSDF,Binimetinib,0.05,21,public_targets,0.009915514970408972,0.05725819737352122,0.09676743524421827
plate1,4,GXJABQQUPOEUTA,Bortezomib,0.05,14,public_targets,0.011525909214695611,0.05733858928738332,0.021139231834444598
plate1,4,RGTAEYDIDMGJLX,CP21R7,0.05,18,public_targets,0.011977598771722985,0.062493332831692255,0.059732948219981374
plate1,4,JDUBGYFRJFOXQC,Capivasertib,0.05,15,public_targets,0.01217621228730794,0.06335358367361493,-0.02163660156157045
plate1,4,BFSMGDJOXZAERB,Dabrafenib,0.05,15,public_targets,0.011804779847378653,0.059834669592051984,0.0005550549781383719
plate1,4,FHWSAZXFPUMKFL,EX229,0.05,8,public_targets,0.020101464853739162,0.0752035110599471,-0.027335970193655534
plate1,4,YBXRSCXGRPSTMW,Elimusertib hydrochloride,0.05,8,public_targets,0.01561188373140265,0.06620991244399177,0.025176476435510176
plate1,4,CMJCXYNUCSMDBY,Encorafenib,0.05,26,public_targets,0.008055441020958677,0.05171626273874356,0.03006903496464
plate1,4,HKVAMNSJSFKALM,Everolimus,0.05,44,public_targets,0.008507170952024905,0.052395187856909414,0.019066625695728142
plate1,4,KEIPNCCJPRMIAX,Futibatinib,0.05,17,public_targets,0.01003152421740651,0.05548586141070601,-0.061510237728302906
plate1,4,QDITZBLZQQZVEE,GSK1059615,0.05,30,public_targets,0.008229803496169667,0.05115322603749796,-0.03953985942968994
plate1,4,BCSBXWKRZUPFHW,HI-TOPK-032,0.05,6,public_targets,0.02164019964303883,0.07508628197356738,-0.032679639257738924
plate1,4,QADPYRIHXKWUSV,Infigratinib,0.05,30,public_targets,0.008882623869221472,0.05421028598076211,-0.020505179047776403
plate1,4,GRZXWCHAXNAUHY,Ipatasertib,0.05,12,public_targets,0.013148820055405495,0.06164531789900597,-0.03649943081215604
plate1,4,UWKQSNNFCGGAFS,Irinotecan,0.05,21,public_targets,0.009721845219479308,0.057263076051368086,-0.030568880850508476
plate1,4,MXAYKZJJDUDWDS,Ixazomib,0.05,7,public_targets,0.018982074705212924,0.07427877976646903,-0.017523166917492276
plate1,4,JUQMLSGOTNKJKI,LB-100,0.05,18,public_targets,0.012094238697959635,0.06018268034698885,-0.001438835759566059
plate1,4,YUYJEQHNWKQNBT,LJI308,0.05,35,public_targets,0.006528306440732334,0.04617563692953878,-0.009404241738102982
plate1,4,FYXRSVDHGLUMHB,LY-2584702 (tosylate salt),0.05,8,public_targets,0.016673132230011226,0.07022446163461483,0.028784270759522036
plate1,4,HRJWTAWVFDCTGO,LY2090314,0.05,7,public_targets,0.021988933547408388,0.07891130935135088,-0.01144816383461266
plate1,4,DHMTURDWPRKSOA,Lonafarnib,0.05,15,public_targets,0.011937034513212192,0.06134553872853038,-0.021775768508593533
plate1,4,FIKQZQDYGXAUHC,MK-3903,0.05,17,public_targets,0.009708454425368128,0.05493371426397477,0.0177086792040995
plate1,4,KPQQGHGDBBJGFA,MK-8353,0.05,17,public_targets,0.010933668909925155,0.057795705457651725,-0.03800257633349751
plate1,4,AJCDZIDKYKCOMZ,ML264,0.05,18,public_targets,0.00923138992452048,0.053479505642171916,0.015313429333795862
plate1,4,SMPGEBOIKULBCT,NG25,0.05,15,public_targets,0.010940893848491626,0.05679530431625218,0.05629120374659368
plate1,4,ZCCPLJOKGAACRT,NVP-BHG712,0.05,11,public_targets,0.013934237617128054,0.06456481987508692,-0.005748463834346223
plate1,4,OETLNMOJNONWOY,OTS514,0.05,14,public_targets,0.011189906132056393,0.05839919466139205,0.09131263515386916
plate1,4,KCAJXIDMCNPGHZ,PH-797804,0.05,9,public_targets,0.018673495222813183,0.06988731750677794,-0.027846124058971248
plate1,4,HCDMJFOHIXMBOV,Pemigatinib,0.05,13,public_targets,0.013414294849648728,0.06324465039676869,-0.029821827107237436
plate1,4,NVVPMZUGELHVMH,Pimitespib,0.05,20,public_targets,0.008439553032539586,0.05298497916294849,0.032172862916124076
plate1,4,FVICRBSEYSHKFY,RMC-6236,0.05,9,public_targets,0.017031335549061097,0.0704233346380251,0.011357559212955514
plate1,4,FNHKPVJBJVTLMP,Regorafenib,0.05,13,public_targets,0.01287572581999878,0.06429866679793031,0.046488240687190256
plate1,4,GYLDXIAOMVERTK,Sapanisertib,0.05,16,public_targets,0.014654939253809417,0.0663721965128434,0.015024100857040206
plate1,4,RCLQNICOARASSR,TAK-733,0.05,11,public_targets,0.014077805531009971,0.0646359672895195,-0.050482501748805454
plate1,4,WKDACQVEJIVHMZ,TAK-901,0.05,6,public_targets,0.020775348856211916,0.07222956103099358,0.08017005789296706
plate1,4,MFAQYJIYDMLAIM,Torkinib,0.05,9,public_targets,0.01345331606275782,0.06400431622191488,0.025827759012714332
plate1,4,LIRYPHYGHXZJBZ,Trametinib,0.05,6,public_targets,0.019931349534233155,0.07523533352320766,0.06047558253236532
plate1,4,GPXBXXGIAQBQNI,Vemurafenib,0.05,21,public_targets,0.00867991433854941,0.051556753901000785,0.05608982892832586
plate1,4,SXNJFOWDRLKDSF,Volasertib,0.05,17,public_targets,0.009748180474375064,0.05612851956455859,-0.024558930375064212
plate1,4,AHJRHEGDXFFMBM,palbociclib,0.05,11,public_targets,0.014842054638627625,0.07045365301103733,-0.02639987263777499
plate1,4,LQBVNQSMGBZMKD,venetoclax,0.05,19,public_targets,0.008963335256394422,0.051449531439528476,0.03497156049707348
plate10,2,NMUSYJAQQFHJEW,5-Azacytidine,0.05,19,public_targets,0.010815268638519754,0.05867615079809676,0.0041902520112165826
plate10,2,GHASVSINZRGABV,5-Fluorouracil,0.05,23,public_targets,0.00790284464526373,0.05235291171758247,0.028953653737245726
plate10,2,PEMUGDMSUDYLHU,Adagrasib,0.05,24,public_targets,0.01103504242679933,0.06246720387510317,0.023642180621530604
plate10,2,VOVZXURTCKPRDQ,Asciminib,0.05,12,public_targets,0.011259476403763518,0.062016985141988314,0.011670490555332376
plate10,2,SFOZKJGZNOBSHF,Auranofin,0.05,27,public_targets,0.007613607230609286,0.05005988438013521,-0.06125888829371726
plate10,2,NCNRHFGMJRPRSK,Belinostat,0.05,20,public_targets,0.007963742231715244,0.05155004469930118,-0.026779694494454033
plate10,2,NAVMQTYZDKMPEU,Bexarotene,0.05,19,public_targets,0.008701120504116033,0.05438206882011124,0.06667743716548093
plate10,2,LKJPYSCBVHEWIU,Bicalutamide,0.05,14,public_targets,0.013369371723708908,0.06336645819372634,0.14109215180623294
plate10,2,ACWZRVQXLIRSDF,Binimetinib,0.05,33,public_targets,0.007571174684347411,0.05115077418711487,0.022066239633784304
plate10,2,VOVIALXJUBGFJZ,Budesonide,0.05,25,public_targets,0.009242969181781958,0.05595576559630521,0.014698754548989418
plate10,2,ONIQOQHATWINJY,Cabozantinib (S-malate),0.05,21,public_targets,0.008325421349643477,0.052418529543383774,0.009596094703937888
plate10,2,FAKRSMQSSFJEIM,Captopril,0.05,14,public_targets,0.010013635634165336,0.0573137063103665,-0.014931200480731321
plate10,2,CBGUOGMQLZIXBE,Clobetasol propionate,0.05,31,public_targets,0.007456522035610711,0.050384138972760985,0.02993177920644047
plate10,2,PMATZTZNYRCHOR,Cyclosporin A,0.05,26,public_targets,0.008126476699370885,0.05281144791328691,0.011328519172370034
plate10,2,BLIJXOOIHRSQRB,Darolutamide,0.05,41,public_targets,0.007404058445255491,0.04893137507995169,-0.019898584562524035
plate10,2,UREBDLICKHMUKA,Dexamethasone,0.05,10,public_targets,0.015142579448623102,0.06878650244081326,-0.031999087508320305
plate10,2,HAYYBYPASCDWEQ,Entrectinib,0.05,12,public_targets,0.010058385897221588,0.05802326462918742,0.002652872636000476
plate10,2,JOOXLOJCABQBSG,Fedratinib (hydrochloride hydrate),0.05,16,public_targets,0.009882360329247445,0.05540097450388084,-0.04259669295514764
plate10,2,RIJLVEAXPNLDTC,Filgotinib,0.05,8,public_targets,0.01809334384825817,0.06983349559811672,0.03036821598386269
plate10,2,KKGQTZUTZRNORY,Fingolimod (hydrochloride),0.05,18,public_targets,0.008730854929051542,0.05343986606181697,0.015091405168060554
plate10,2,MKXKFYHWDHIYRV,Flutamide,0.05,16,public_targets,0.008966272584559185,0.05473444416155306,-0.012966084351968757
plate10,2,VWUXBMIQPBEWFH,Fulvestrant,0.05,13,public_targets,0.008946871100562876,0.05463608742327897,-0.009943457126178007
plate10,2,MBOMYENWWXQSNW,Ixazomib citrate,0.05,9,public_targets,0.015619099295147893,0.07106956092454805,0.010337735954454875
plate10,2,VLCYCQAOQCDTCN,L-Eflornithine (monohydrochloride),0.05,60,public_targets,0.005910948751108515,0.04499010013461341,0.03067919123093745
plate10,2,FBOZXECLQNJBKD,Methotrexate,0.05,6,public_targets,0.016858087969626952,0.06948505487661377,0.01382453385331663
plate10,2,OFPXSFXSNFPTHF,Oxaprozin,0.05,27,public_targets,0.007094871735077392,0.04971536269973611,0.06443644156261905
plate10,2,FPOHNWQLNRZRFC,Panobinostat,0.05,16,public_targets,0.010201059269776363,0.05742787694077654,0.04765305828942112
plate10,2,IPVQLZZIHOAWMC,Perindopril (erbumine),0.05,19,public_targets,0.008811454119782432,0.05401480730414252,0.008791609803854874
plate10,2,HYAFETHFCAUJAY,Pioglitazone,0.05,26,public_targets,0.008241843747745448,0.05207188780776567,0.027586951927557595
plate10,2,PHXJVRSECIGDHY,Ponatinib,0.05,16,public_targets,0.013432977604071389,0.0643882641372489,0.04553736148805085
plate10,2,OGQICQVSFDPSEI,Tazarotene,0.05,30,public_targets,0.007029542226463521,0.049595073373741576,0.005689030327246446
plate10,2,SEJLPXCPMNSRAM,Tirabrutinib (hydrochloride),0.05,40,public_targets,0.0060421889954398065,0.04528664646268984,0.033298146463248926
plate10,2,LIRYPHYGHXZJBZ,Trametinib,0.05,14,public_targets,0.009879375417724857,0.057605591568491835,0.1288037587770193
plate11,4,NMUSYJAQQFHJEW,5-Azacytidine,0.5,23,public_targets,0.01230620255229479,0.061092599282937865,-0.12352238423137456
plate11,4,GHASVSINZRGABV,5-Fluorouracil,0.5,27,public_targets,0.007220699859635178,0.050003734845193555,0.0762677971988496
plate11,4,PEMUGDMSUDYLHU,Adagrasib,0.05,29,public_targets,0.006241952765120585,0.045937485796813865,-0.0660570216140246
plate11,4,VOVZXURTCKPRDQ,Asciminib,0.5,42,public_targets,0.005303398022750685,0.04373729591817817,0.20121893272115654
plate11,4,SFOZKJGZNOBSHF,Auranofin,0.5,31,public_targets,0.006116786244455766,0.04544360848507485,0.08533503903883924
plate11,4,NCNRHFGMJRPRSK,Belinostat,0.5,10,public_targets,0.010939185009490397,0.057544559376043476,-0.1344369048994337
plate11,4,NAVMQTYZDKMPEU,Bexarotene,0.5,23,public_targets,0.009972883096777952,0.055149366922448456,0.11209878304000659
plate11,4,LKJPYSCBVHEWIU,Bicalutamide,0.5,26,public_targets,0.008007358627488042,0.051376096283260536,0.05609216570285349
plate11,4,ACWZRVQXLIRSDF,Binimetinib,0.5,26,public_targets,0.00753091802107945,0.04991591466393069,0.07968841726080224
plate11,4,VOVIALXJUBGFJZ,Budesonide,0.5,28,public_targets,0.0067377069989676295,0.0488174502070138,0.04638172041637326
plate11,4,ONIQOQHATWINJY,Cabozantinib (S-malate),0.5,19,public_targets,0.007649206697612049,0.05032871165712578,-0.030012363400045487
plate11,4,FAKRSMQSSFJEIM,Captopril,0.5,34,public_targets,0.005739573056664258,0.04409884556033367,0.026698138988621778
plate11,4,CBGUOGMQLZIXBE,Clobetasol propionate,0.5,26,public_targets,0.007369837302047041,0.049100197251783204,-0.05762327020017634
plate11,4,PMATZTZNYRCHOR,Cyclosporin A,0.5,15,public_targets,0.008869562515834093,0.05358563411660983,-0.004632876516803615
plate11,4,BLIJXOOIHRSQRB,Darolutamide,0.5,33,public_targets,0.007656242508202136,0.050358562595865804,0.08092911597003642
plate11,4,UREBDLICKHMUKA,Dexamethasone,0.5,16,public_targets,0.009911003645875697,0.05583128458205151,0.0024838522241905094
plate11,4,HAYYBYPASCDWEQ,Entrectinib,0.5,41,public_targets,0.00720786890101487,0.0497869364167834,0.017439608358116587
plate11,4,JOOXLOJCABQBSG,Fedratinib (hydrochloride hydrate),0.5,14,public_targets,0.010386588056898365,0.056180292419134095,-0.035340445489221065
plate11,4,RIJLVEAXPNLDTC,Filgotinib,0.5,20,public_targets,0.008120919412762134,0.053245932790732975,0.09108036303035462
plate11,4,KKGQTZUTZRNORY,Fingolimod (hydrochloride),0.5,25,public_targets,0.006506824514724953,0.04644335061336575,0.06309529619501784
plate11,4,MKXKFYHWDHIYRV,Flutamide,0.5,33,public_targets,0.007728725830371972,0.05067713531507687,0.04282116757152091
plate11,4,VWUXBMIQPBEWFH,Fulvestrant,0.5,13,public_targets,0.009806220901396634,0.0545463261015064,0.028878939294489536
plate11,4,MBOMYENWWXQSNW,Ixazomib citrate,0.5,16,public_targets,0.008381248378836137,0.0497650984493566,0.040382315713253014
plate11,4,VLCYCQAOQCDTCN,L-Eflornithine (monohydrochloride),0.5,32,public_targets,0.00648077196016382,0.045554966426032684,0.017959431389732664
plate11,4,FBOZXECLQNJBKD,Methotrexate,0.5,43,public_targets,0.006467340921590667,0.047109942396349316,0.015075692843339103
plate11,4,OFPXSFXSNFPTHF,Oxaprozin,0.5,24,public_targets,0.007213317112715438,0.04946698371813634,0.05049985585739903
plate11,4,FPOHNWQLNRZRFC,Panobinostat,0.5,23,public_targets,0.009179797787088754,0.05375800954176819,0.06055594584010571
plate11,4,IPVQLZZIHOAWMC,Perindopril (erbumine),0.5,25,public_targets,0.007555169664753523,0.048887807365404205,0.11360217556826029
plate11,4,HYAFETHFCAUJAY,Pioglitazone,0.5,27,public_targets,0.009225050270536349,0.054878110672893124,-0.16711048144692545
plate11,4,PHXJVRSECIGDHY,Ponatinib,0.5,22,public_targets,0.008411276978887569,0.054498480626118534,-0.0055113925138488284
plate11,4,OGQICQVSFDPSEI,Tazarotene,0.5,49,public_targets,0.00671275750207667,0.049241972491562654,-0.04764751189997515
plate11,4,SEJLPXCPMNSRAM,Tirabrutinib (hydrochloride),0.5,16,public_targets,0.009353799334320796,0.05386449261689507,0.08919484888993237
plate11,4,LIRYPHYGHXZJBZ,Trametinib,0.5,17,public_targets,0.009370900513415258,0.05531627732648827,0.05132312079383725
plate12,3,NMUSYJAQQFHJEW,5-Azacytidine,5.0,12,public_targets,0.01204924318601327,0.06092554090935556,0.009504621028109471
plate12,3,GHASVSINZRGABV,5-Fluorouracil,5.0,16,public_targets,0.010180010248723087,0.059292592258262354,0.019334011192163346
plate12,3,PEMUGDMSUDYLHU,Adagrasib,0.05,8,public_targets,0.020136826592116422,0.0770046995602966,-0.05095819342073966
plate12,3,VOVZXURTCKPRDQ,Asciminib,5.0,26,public_targets,0.007852235928203935,0.050355760485860414,0.022173155158358694
plate12,3,SFOZKJGZNOBSHF,Auranofin,5.0,17,public_targets,0.015414869989848696,0.06475209565596449,0.07893218607564752
plate12,3,NCNRHFGMJRPRSK,Belinostat,5.0,18,public_targets,0.009854362537939759,0.05470375364886992,0.10670916297708091
plate12,3,NAVMQTYZDKMPEU,Bexarotene,5.0,19,public_targets,0.011935490775938853,0.0589045264424017,-0.02658364356030079
plate12,3,LKJPYSCBVHEWIU,Bicalutamide,5.0,25,public_targets,0.009503273673777863,0.055427248990325174,0.04745571973854737
plate12,3,ACWZRVQXLIRSDF,Binimetinib,5.0,33,public_targets,0.007752569628470176,0.051368890402224296,0.09547291619799449
plate12,3,VOVIALXJUBGFJZ,Budesonide,5.0,19,public_targets,0.008737364670250712,0.05306283187643025,0.12498458194594725
plate12,3,ONIQOQHATWINJY,Cabozantinib (S-malate),5.0,18,public_targets,0.008923710916861942,0.0549828903055609,0.010853498813835199
plate12,3,FAKRSMQSSFJEIM,Captopril,5.0,18,public_targets,0.009887257420125849,0.05580482224686222,-0.08515778152681801
plate12,3,CBGUOGMQLZIXBE,Clobetasol propionate,5.0,10,public_targets,0.01447603661534313,0.06668338933641342,0.11881423820731167
plate12,3,PMATZTZNYRCHOR,Cyclosporin A,5.0,25,public_targets,0.007346138953127241,0.050354602440999936,0.031629424822636996
plate12,3,BLIJXOOIHRSQRB,Darolutamide,5.0,41,public_targets,0.0074599684058345855,0.04991778754155369,-0.014799237647709384
plate12,3,UREBDLICKHMUKA,Dexamethasone,5.0,10,public_targets,0.01523147173009412,0.06619789832979765,-0.06303315863123318
plate12,3,HAYYBYPASCDWEQ,Entrectinib,5.0,15,public_targets,0.009538808762833442,0.05611045249824599,0.07529428531811894
plate12,3,JOOXLOJCABQBSG,Fedratinib (hydrochloride hydrate),5.0,27,public_targets,0.007529352032559122,0.04958056324024755,0.12071254378315903
plate12,3,RIJLVEAXPNLDTC,Filgotinib,5.0,16,public_targets,0.01133215763552541,0.05985488142019311,0.03375168277826012
plate12,3,KKGQTZUTZRNORY,Fingolimod (hydrochloride),5.0,11,public_targets,0.011048745447617848,0.05793877028940689,0.017970917358361493
plate12,3,MKXKFYHWDHIYRV,Flutamide,5.0,22,public_targets,0.008869224190242431,0.053561743759228286,-0.00613751461259986
plate12,3,VWUXBMIQPBEWFH,Fulvestrant,5.0,32,public_targets,0.006753065622319574,0.04806842561598741,0.08612784506210482
plate12,3,MBOMYENWWXQSNW,Ixazomib citrate,5.0,12,public_targets,0.011451083288125474,0.06001992401090282,0.17339684014102777
plate12,3,VLCYCQAOQCDTCN,L-Eflornithine (monohydrochloride),5.0,17,public_targets,0.010266590041392744,0.05637035505601282,-0.02139978683805997
plate12,3,FBOZXECLQNJBKD,Methotrexate,5.0,26,public_targets,0.007855129374634506,0.052589586299663524,0.03901385427304671
plate12,3,OFPXSFXSNFPTHF,Oxaprozin,5.0,40,public_targets,0.0058856324203499805,0.04517655366811967,-0.02824834608259803
plate12,3,FPOHNWQLNRZRFC,Panobinostat,5.0,8,public_targets,0.015813859800962584,0.06572929711485725,0.13988936175606684
plate12,3,IPVQLZZIHOAWMC,Perindopril (erbumine),5.0,25,public_targets,0.009012749133870712,0.054573087447457744,0.06789100472425257
plate12,3,HYAFETHFCAUJAY,Pioglitazone,5.0,28,public_targets,0.008650236171721958,0.053490795562440026,-0.017416214670431248
plate12,3,PHXJVRSECIGDHY,Ponatinib,5.0,19,public_targets,0.008666934925369463,0.05514941255767621,-0.018638290415908955
plate12,3,OGQICQVSFDPSEI,Tazarotene,5.0,29,public_targets,0.006508335440972939,0.04795000609201178,0.0616654500781643
plate12,3,SEJLPXCPMNSRAM,Tirabrutinib (hydrochloride),5.0,24,public_targets,0.008658676807211978,0.054070454564756135,-0.006251512240463524
plate12,3,LIRYPHYGHXZJBZ,Trametinib,5.0,40,public_targets,0.007004806675394749,0.049172153960825714,0.16627096182537274
plate13,0,UZWDCWONPYILKI,Abemaciclib,0.05,18,public_targets,0.010591933383995706,0.05838283582961928,-0.023972804066660754
plate13,0,PEMUGDMSUDYLHU,Adagrasib,0.05,34,public_targets,0.007347739693913744,0.049787996313049414,-0.03305871300404739
plate13,0,GKHIVNAUVKXIIY,Belumosudil,0.05,34,public_targets,0.007362821678479253,0.04973197119144071,-0.08750984050593327
plate13,0,GKHIVNAUVKXIIY,Belumosudil,0.5,48,public_targets,0.00636206303037995,0.04703058882915592,-0.025524881437002066
plate13,0,GKHIVNAUVKXIIY,Belumosudil,5.0,25,public_targets,0.008646746874969252,0.0529990350252011,0.0007350061680609194
plate13,0,FAKRSMQSSFJEIM,Captopril,0.05,25,public_targets,0.00883856860937379,0.054363626621537084,0.029898192643676356
plate13,0,TZFNLOMSOLWIDK,Carbidopa (monohydrate),0.05,39,public_targets,0.007483355490682785,0.05057763153106661,-0.07068595722086639
plate13,0,TZFNLOMSOLWIDK,Carbidopa (monohydrate),0.5,19,public_targets,0.008794947660358276,0.05395484276766137,0.010283314609649435
plate13,0,TZFNLOMSOLWIDK,Carbidopa (monohydrate),5.0,36,public_targets,0.0062787775209955845,0.04600048589801714,0.017479832933029838
plate13,0,KYQZWONCHDNPDP,Daidzin,0.05,14,public_targets,0.010365963832557333,0.057616034712255015,-0.02946147730480023
plate13,0,KYQZWONCHDNPDP,Daidzin,0.5,55,public_targets,0.006021574234111671,0.04572845379598831,0.02401767769689
plate13,0,KYQZWONCHDNPDP,Daidzin,5.0,24,public_targets,0.008730324670158945,0.052410479129547,-0.04478717312959388
plate13,0,BJCJYEYYYGBROF,Flumatinib (mesylate),0.05,20,public_targets,0.012421388499178608,0.06517999902765881,-0.04547493727836328
plate13,0,BJCJYEYYYGBROF,Flumatinib (mesylate),0.5,27,public_targets,0.007638853453799273,0.05177403212981217,0.15917296817779264
plate13,0,BJCJYEYYYGBROF,Flumatinib (mesylate),5.0,30,public_targets,0.00821284963822134,0.05312601404434194,0.057847550243425375
plate13,0,GKDRMWXFWHEQQT,Fostamatinib (disodium hexahydrate),0.05,24,public_targets,0.008324011222573292,0.053346606872156664,-0.0979908762436877
plate13,0,GKDRMWXFWHEQQT,Fostamatinib (disodium hexahydrate),0.5,16,public_targets,0.009033005033422161,0.054683823489730436,0.10823435196294859
plate13,0,GKDRMWXFWHEQQT,Fostamatinib (disodium hexahydrate),5.0,32,public_targets,0.006322096569864012,0.04727275182350327,0.014085421323411212
plate13,0,ZAVGJDAFCZAWSZ,Hydroxyfasudil,0.05,20,public_targets,0.010789540562608146,0.0605766105867131,-0.14295270764156992
plate13,0,UWKQSNNFCGGAFS,Irinotecan (hydrochloride),0.05,45,public_targets,0.006423799487682252,0.0474828258177243,-0.07403731109290514
plate13,0,UWKQSNNFCGGAFS,Irinotecan (hydrochloride),0.5,52,public_targets,0.005778445671059972,0.04591633049913487,-0.030923392987843183
plate13,0,UWKQSNNFCGGAFS,Irinotecan (hydrochloride),5.0,42,public_targets,0.005857978850197686,0.045832455068414976,0.10459461024048368
plate13,0,NYNZQNWKBKUAII,Larotrectinib sulfate,0.05,13,public_targets,0.015639017370282414,0.06925793562249988,-0.017847634658862715
plate13,0,NYNZQNWKBKUAII,Larotrectinib sulfate,0.5,8,public_targets,0.020024184131450844,0.0745038858833135,-0.0358294593993797
plate13,0,NYNZQNWKBKUAII,Larotrectinib sulfate,5.0,27,public_targets,0.0094698002096672,0.05626531500760177,0.011350508689541574
plate13,0,IMBXEJJVJRTNOW,Methylprednisolone succinate,0.05,15,public_targets,0.014056811728482572,0.06891454012753895,-0.04944251563291428
plate13,0,KHPCIHZXOGHCLY,PF-06260933,0.05,33,public_targets,0.0070203270557071965,0.04980094862452307,-0.057004852778662074
plate13,0,CFCUWKMKBJTWLW,Plicamycin,0.05,14,public_targets,0.011839330056767143,0.06157799110166673,-0.07328897913406168
plate13,0,CFCUWKMKBJTWLW,Plicamycin,0.5,27,public_targets,0.007775437859531147,0.051552073276741245,-0.009110429394925785
plate13,0,CFCUWKMKBJTWLW,Plicamycin,5.0,29,public_targets,0.00835981482853405,0.05259628805101943,-0.027216273665496872
plate13,0,TUZYXOIXSAXUGO,Pravastatin (sodium),0.05,47,public_targets,0.005716181442148292,0.04420259718530227,-0.06534392789957304
plate13,0,TUZYXOIXSAXUGO,Pravastatin (sodium),0.5,48,public_targets,0.006137316281850413,0.046978516348237125,0.04673425363406973
plate13,0,TUZYXOIXSAXUGO,Pravastatin (sodium),5.0,33,public_targets,0.006606004700244484,0.04913340409854767,0.06423102054403101
plate13,0,XPPBBJCBDOEXDN,Ralimetinib dimesylate,0.05,18,public_targets,0.00905919820214688,0.05435408162228652,-0.04838260285933967
plate13,0,FNHKPVJBJVTLMP,Regorafenib,0.05,21,public_targets,0.009871794398890034,0.05778825346773518,-0.04358128368777608
plate13,0,FNHKPVJBJVTLMP,Regorafenib,0.5,13,public_targets,0.01188232141937363,0.06298965037351428,0.005635616109213523
plate13,0,FNHKPVJBJVTLMP,Regorafenib,5.0,20,public_targets,0.008362882156605262,0.05297224345700318,0.017904346697212335
plate13,0,RHXHGRAEPCAFML,Ribociclib,0.05,29,public_targets,0.007982776673022753,0.05197092781018578,-0.0727222297577194
plate13,0,RHXHGRAEPCAFML,Ribociclib,0.5,19,public_targets,0.009407007654390506,0.05636866859798359,0.004512622982381393
plate13,0,RHXHGRAEPCAFML,Ribociclib,5.0,21,public_targets,0.010015262942890022,0.05543863404584096,-0.06317297349133198
plate13,0,UCFGDBYHRUNTLO,Topotecan (hydrochloride),0.05,23,public_targets,0.008875731400477085,0.05542507902499011,0.012354437212385374
plate13,0,UCFGDBYHRUNTLO,Topotecan (hydrochloride),0.5,17,public_targets,0.009276379394780536,0.05535524319505048,0.05072170524120269
plate13,0,UCFGDBYHRUNTLO,Topotecan (hydrochloride),5.0,14,public_targets,0.010365473402094446,0.057774090384631396,-0.04086407042248235
plate13,0,WWOXKWLDMLMYQY,c-Kit-IN-1,0.05,16,public_targets,0.01241414056304561,0.06372582072881594,-0.05401773366753392
plate13,0,FDLYAMZZIXQODN,olaparib,0.05,28,public_targets,0.007282689226010483,0.050184710401972074,-0.05910233683224597
plate14,3,PEMUGDMSUDYLHU,Adagrasib,0.05,15,public_targets,0.016389295016026588,0.07034679014276159,0.022224653918853914
plate14,3,OIRDTQYFTABQOQ,Adenosine,5.0,12,public_targets,0.013426957426501072,0.06208475589129664,0.120846199832798
plate14,3,XCPGHVQEEXUHNC,Amsacrine,5.0,17,public_targets,0.01382288801612182,0.06537833896048341,-0.03228294573410937
plate14,3,IPOKCKJONYRRHP,Balsalazide (sodium hydrate),5.0,13,public_targets,0.015103201369564858,0.07038525989165773,0.015011620917289711
plate14,3,VNFPBHJOKIVQEB,Clotrimazole,5.0,35,public_targets,0.010694027153163173,0.05755358597139052,-0.11091071425135135
plate14,3,ZZUFCTLCJUWOSV,Furosemide,5.0,14,public_targets,0.011419251119521771,0.05876388226097434,0.029156797484010344
plate14,3,HEMJJKBWTPKOJG,Gemfibrozil,5.0,56,public_targets,0.010589039831683193,0.058541006853282423,-0.010673689540305394
plate14,3,XDXDZDZNSLXDNA,Idarubicin (hydrochloride),5.0,32,public_targets,0.01059890431552345,0.05876205598767388,0.12860561584980748
plate14,3,NYNZQNWKBKUAII,Larotrectinib,5.0,22,public_targets,0.010337374180849465,0.05665400532432151,0.017890338248714846
plate14,3,GOTYRUGSSMKFNF,Lenalidomide (hemihydrate),5.0,25,public_targets,0.009919296571341937,0.05532641542203555,-0.05135340390452244
plate14,3,NNJVILVZKWQKPM,Lidocaine (hydrochloride),5.0,24,public_targets,0.011845862268116184,0.060272594772470364,0.006927598649214802
plate14,3,PSGAAPLEWMOORI,Medroxyprogesterone acetate,5.0,29,public_targets,0.010855224625324924,0.058741593781921134,-0.021909455003704833
plate14,3,KKZJGLLVHKMTCM,Mitoxantrone (dihydrochloride),5.0,14,public_targets,0.013286659108651861,0.06422293842897904,0.030880383945350486
plate14,3,DUPWHXBITIZIKZ,Radotinib,5.0,21,public_targets,0.011964446714801876,0.06101960611403168,-0.03983416272087321
plate14,3,IVTVGDXNLFLDRM,Raltitrexed,5.0,23,public_targets,0.010963556298351135,0.05962759938181458,-0.03718399183067022
plate14,3,QFJCIRLUMZQUOT,Rapamycin,5.0,12,public_targets,0.015111953244326341,0.06829291379478739,-0.001837335386227372
plate14,3,LUKBXSAWLPMMSZ,Resveratrol,5.0,21,public_targets,0.012389704555502767,0.06075903831798863,-0.10579841681790517
plate14,3,SHGAZHPCJJPHSC,Retinoic acid,5.0,19,public_targets,0.011328457585291492,0.059267590990940644,-0.05596781511476256
plate14,3,CBPNZQVSJQDFBE,Temsirolimus,5.0,40,public_targets,0.009863341551658404,0.056212696365317324,-0.024464473614218028
plate14,3,UJLAWZDWDVHWOW,Tofacitinib (citrate),5.0,25,public_targets,0.010236940429002353,0.05612377625505704,-0.009538644419676385
plate14,3,UJLAWZDWDVHWOW,Tofacitinib,5.0,23,public_targets,0.012682568700828427,0.059777522634178945,-0.11618566247164595
plate14,3,MIQPIUSUKVNLNT,Tolcapone,5.0,17,public_targets,0.010914966130847178,0.05693291011957318,-0.036994997050531296
plate14,3,GFNANZIMVAIWHM,Triamcinolone,5.0,29,public_targets,0.010491123773997753,0.05736222701802913,-0.005877250041838562
plate14,3,NOYPYLRCIDNJJB,Trimetrexate,5.0,23,public_targets,0.011153730343075898,0.05864370847273277,-0.004213951703115014
plate14,3,SZMJVTADHFNAIS,Tucidinostat,5.0,33,public_targets,0.009877060944333674,0.0571218959854582,-0.0009225455246835732
plate2,0,KFRKRECSIYXARE,4EGI-1,0.5,5,public_targets,0.02605249710136247,0.08131588330587293,0.0037923921841429425
plate2,0,FARXPFGGGGLENU,9-ING-41,0.5,31,public_targets,0.008488323726299046,0.0522165505358765,0.12831325092890178
plate2,0,NIRXBXIPHUTNNI,APTO-253,0.5,27,public_targets,0.009258368302280084,0.054908492141898295,0.09206150578240027
plate2,0,OVPNQJVDAFNBDN,AT7519,0.5,34,public_targets,0.008729220088198719,0.0525397594878256,0.05380799730587457
plate2,0,XISVSTPEXYIKJL,AZD-7648,0.5,14,public_targets,0.011493472890013338,0.0615593033872636,0.03039067942142686
plate2,0,KVLFRAWTRWDEDF,AZD-8055,0.5,13,public_targets,0.013619977487467998,0.06517505917361113,0.10205483297319215
plate2,0,VQSZIPCGAGVRRP,AZD1390,0.5,23,public_targets,0.009392929878890342,0.05502747594322002,0.14429440021053394
plate2,0,UZWDCWONPYILKI,Abemaciclib,0.5,19,public_targets,0.009493957506103028,0.05503475003185941,0.048543291524254385
plate2,0,PEMUGDMSUDYLHU,Adagrasib,0.05,31,public_targets,0.0080842204991205,0.05220587144888718,0.04744564228208595
plate2,0,STUWGJZDJHPWGZ,Alpelisib,0.5,14,public_targets,0.012762073526168169,0.06404933766864332,-0.014255587996225646
plate2,0,JBGYKRAZYDNCNV,BAY1125976,0.5,43,public_targets,0.007661732596440797,0.04961874710835215,0.1583919368346405
plate2,0,XVFDNRYZXDHTHT,BI-3406,0.5,30,public_targets,0.009181348609987094,0.05321210670632955,0.11335562543064105
plate2,0,GKHIVNAUVKXIIY,Belumosudil (mesylate),0.5,15,public_targets,0.01230616411218081,0.061133555347216845,0.0550764539638305
plate2,0,LOMMPXLFBTZENJ,Belzutifan,0.5,18,public_targets,0.010342912710266328,0.05844715687599734,0.022764835691235035
plate2,0,XCPPIJCBCWUBNT,Bentamapimod,0.5,37,public_targets,0.008164718495034466,0.05107167150524675,0.08822333120246005
plate2,0,ADGGYDAFIHSYFI,Bimiralisib,0.5,15,public_targets,0.013935248920621488,0.0654638440733901,0.1653987030663083
plate2,0,ACWZRVQXLIRSDF,Binimetinib,0.5,27,public_targets,0.008945172751495417,0.053846961791777594,0.23278403138460413
plate2,0,GXJABQQUPOEUTA,Bortezomib,0.5,38,public_targets,0.009098912672896666,0.05348905652742113,0.15043888403476013
plate2,0,RGTAEYDIDMGJLX,CP21R7,0.5,20,public_targets,0.01041216966291714,0.05821342068098857,-0.007267808436981227
plate2,0,JDUBGYFRJFOXQC,Capivasertib,0.5,20,public_targets,0.009730928981309584,0.05556726545100134,0.06912231847353613
plate2,0,BFSMGDJOXZAERB,Dabrafenib,0.5,23,public_targets,0.010988330472049387,0.05785403525678176,0.0761025075547656
plate2,0,FHWSAZXFPUMKFL,EX229,0.5,49,public_targets,0.007778627590222219,0.050547651735879585,0.08368693415170758
plate2,0,YBXRSCXGRPSTMW,Elimusertib hydrochloride,0.5,53,public_targets,0.006355270393953138,0.045774216338506146,0.15311280531822796
plate2,0,HKVAMNSJSFKALM,Everolimus,0.5,46,public_targets,0.008250359738639268,0.05283250167442418,0.17765002059875099
plate2,0,KEIPNCCJPRMIAX,Futibatinib,0.5,40,public_targets,0.009566754754847735,0.054944985503991836,0.04299970373982345
plate2,0,QDITZBLZQQZVEE,GSK1059615,0.5,27,public_targets,0.010470498422496064,0.056487065189906,0.20778004112131343
plate2,0,BCSBXWKRZUPFHW,HI-TOPK-032,0.5,46,public_targets,0.00781219496800325,0.051136821056684746,0.08271387914359159
plate2,0,ZAVGJDAFCZAWSZ,Hydroxyfasudil,0.5,19,public_targets,0.010940365977176944,0.05854861023925877,0.05437781319289096
plate2,0,QADPYRIHXKWUSV,Infigratinib,0.5,15,public_targets,0.012020781096461047,0.0625347053451979,-0.0002498345049584792
plate2,0,GRZXWCHAXNAUHY,Ipatasertib,0.5,55,public_targets,0.00826631772998676,0.04957147890756155,0.15869467751189076
plate2,0,UWKQSNNFCGGAFS,Irinotecan,0.5,7,public_targets,0.014462191803005713,0.06606113263193383,0.05100712122828084
plate2,0,MXAYKZJJDUDWDS,Ixazomib,0.5,15,public_targets,0.012027912230542618,0.06117947998786166,0.032036760578029795
plate2,0,JUQMLSGOTNKJKI,LB-100,0.5,30,public_targets,0.008288667328138337,0.05204182786159706,0.018933526558945327
plate2,0,YUYJEQHNWKQNBT,LJI308,0.5,20,public_targets,0.012105849070962148,0.060973838270455244,0.04290509548932568
plate2,0,FYXRSVDHGLUMHB,LY-2584702 (tosylate salt),0.5,10,public_targets,0.0169999349761002,0.07035341843271305,0.05213575354783592
plate2,0,HRJWTAWVFDCTGO,LY2090314,0.5,20,public_targets,0.010386686851212438,0.05841688716713373,-0.02661054423287506
plate2,0,DHMTURDWPRKSOA,Lonafarnib,0.5,14,public_targets,0.01307474297897675,0.06235172840390863,0.027289100758992744
plate2,0,FIKQZQDYGXAUHC,MK-3903,0.5,16,public_targets,0.011060393757256926,0.06017810405503019,0.10667305837121488
plate2,0,KPQQGHGDBBJGFA,MK-8353,0.5,12,public_targets,0.0137827025868367,0.06209473598321278,0.014440239615259465
plate2,0,AJCDZIDKYKCOMZ,ML264,0.5,36,public_targets,0.00765399016043007,0.05011206224003385,0.1374656834897968
plate2,0,IMBXEJJVJRTNOW,Methylprednisolone succinate,0.5,24,public_targets,0.01123079647838328,0.059101512802640484,-0.03807996438468216
plate2,0,SMPGEBOIKULBCT,NG25,0.5,8,public_targets,0.01749889587275129,0.07050167874473709,0.01034018155647241
plate2,0,ZCCPLJOKGAACRT,NVP-BHG712,0.5,26,public_targets,0.0078182080641452,0.05064800811499242,0.048544026861238175
plate2,0,OETLNMOJNONWOY,OTS514,0.5,25,public_targets,0.008773533731375701,0.054046632521936075,0.04888914598481532
plate2,0,KHPCIHZXOGHCLY,PF-06260933,0.5,17,public_targets,0.010839693961823417,0.059448782508801715,0.12717079110501633
plate2,0,KCAJXIDMCNPGHZ,PH-797804,0.5,46,public_targets,0.007146886119511902,0.04790243344959837,0.0785651514839155
plate2,0,NVVPMZUGELHVMH,Pimitespib,0.5,28,public_targets,0.009529413185142456,0.05481227454282687,0.1033586573658472
plate2,0,FVICRBSEYSHKFY,RMC-6236,0.5,25,public_targets,0.008720147870029319,0.053177176594023344,0.18943360288081984
plate2,0,XPPBBJCBDOEXDN,Ralimetinib dimesylate,0.5,21,public_targets,0.011215360042767884,0.058736904767319624,0.15035276493335745
plate2,0,FNHKPVJBJVTLMP,Regorafenib,0.5,25,public_targets,0.010096679021399447,0.05705269639197071,-0.010245547735633673
plate2,0,GYLDXIAOMVERTK,Sapanisertib,0.5,37,public_targets,0.008418975443941006,0.05344776258636827,0.14968871093620106
plate2,0,RCLQNICOARASSR,TAK-733,0.5,7,public_targets,0.018927166296695143,0.0707811564187437,0.003624758711651457
plate2,0,WKDACQVEJIVHMZ,TAK-901,0.5,16,public_targets,0.01075515137666598,0.05845749522280874,-0.021225216895485146
plate2,0,MFAQYJIYDMLAIM,Torkinib,0.5,27,public_targets,0.008978272815363888,0.0552184713155372,0.19313353405604877
plate2,0,LIRYPHYGHXZJBZ,Trametinib,0.5,30,public_targets,0.008400791956726994,0.05246407733714363,0.19244536093244605
plate2,0,GPXBXXGIAQBQNI,Vemurafenib,0.5,27,public_targets,0.00823501912256695,0.05144142478319097,0.08202523572081755
plate2,0,SXNJFOWDRLKDSF,Volasertib,0.5,7,public_targets,0.020717530767966192,0.07516272044270507,-0.00606403246392897
plate2,0,WWOXKWLDMLMYQY,c-Kit-IN-1,0.5,15,public_targets,0.010709403480902501,0.05864537790569384,-0.0010858512369393313
plate2,0,FDLYAMZZIXQODN,olaparib,0.5,19,public_targets,0.009175893184792274,0.05646206341244791,0.07094886339365691
plate2,0,AHJRHEGDXFFMBM,palbociclib,0.5,10,public_targets,0.014830323556927368,0.06723627559225574,0.11265988294439051
plate2,0,LQBVNQSMGBZMKD,venetoclax,0.5,17,public_targets,0.00954478110560165,0.055679668317652815,0.09965673266950899
plate3,1,KFRKRECSIYXARE,4EGI-1,5.0,33,public_targets,0.006031098091166451,0.04562313291598479,0.046190254680167006
plate3,1,FARXPFGGGGLENU,9-ING-41,5.0,27,public_targets,0.008231273948376716,0.05039500751647097,-0.10911249031006974
plate3,1,NIRXBXIPHUTNNI,APTO-253,5.0,29,public_targets,0.0067670626852921615,0.046703770946149185,-0.007582955370367906
plate3,1,OVPNQJVDAFNBDN,AT7519,5.0,35,public_targets,0.005480515580397579,0.04261733296986858,0.08742909240345209
plate3,1,XISVSTPEXYIKJL,AZD-7648,5.0,36,public_targets,0.005777651049645201,0.04415068339594679,0.06629175233078016
plate3,1,KVLFRAWTRWDEDF,AZD-8055,5.0,33,public_targets,0.008188880742098706,0.05201712113145345,-0.01342724406734075
plate3,1,VQSZIPCGAGVRRP,AZD1390,5.0,36,public_targets,0.00531167967820113,0.04290390850627939,0.05377048048468398
plate3,1,FHCSBLWRGCOVPT,AZD2858,5.0,18,public_targets,0.007929191313219236,0.05108719564438987,0.11315423221612682
plate3,1,UZWDCWONPYILKI,Abemaciclib,5.0,31,public_targets,0.008793640408492722,0.05203135446093182,-0.043432874891166325
plate3,1,PEMUGDMSUDYLHU,Adagrasib,0.05,31,public_targets,0.00610673621410328,0.04508629954754397,-0.01272987376169728
plate3,1,STUWGJZDJHPWGZ,Alpelisib,5.0,25,public_targets,0.007695032575609812,0.05063991426112443,0.06491273849990728
plate3,1,JBGYKRAZYDNCNV,BAY1125976,5.0,20,public_targets,0.01155713207523393,0.05611984765311903,-0.012226280708386111
plate3,1,XVFDNRYZXDHTHT,BI-3406,5.0,35,public_targets,0.005848950194635068,0.04403746897179199,0.08955427789338363
plate3,1,GKHIVNAUVKXIIY,Belumosudil (mesylate),5.0,24,public_targets,0.007527974151588516,0.05047005991382728,0.044860853830207596
plate3,1,LOMMPXLFBTZENJ,Belzutifan,5.0,23,public_targets,0.008559195957120524,0.05357283791441145,0.006350469309896632
plate3,1,XCPPIJCBCWUBNT,Bentamapimod,5.0,24,public_targets,0.0072458175908043255,0.048254827652134756,0.04258185050880577
plate3,1,ADGGYDAFIHSYFI,Bimiralisib,5.0,51,public_targets,0.0071578481362543495,0.048280339080775565,0.004899124928950851
plate3,1,ACWZRVQXLIRSDF,Binimetinib,5.0,15,public_targets,0.010779950454606778,0.05963939808409027,0.10862569568348787
plate3,1,GXJABQQUPOEUTA,Bortezomib,5.0,22,public_targets,0.008307816068509244,0.05165819161814094,0.20981625853032532
plate3,1,RGTAEYDIDMGJLX,CP21R7,5.0,25,public_targets,0.008088251642171192,0.05139579530416746,0.015128846744070935
plate3,1,JDUBGYFRJFOXQC,Capivasertib,5.0,31,public_targets,0.006154819444392118,0.04513918102457429,-0.001583220684515247
plate3,1,BFSMGDJOXZAERB,Dabrafenib,5.0,23,public_targets,0.008309527914895776,0.051439093350797105,-0.007057871622384954
plate3,1,FHWSAZXFPUMKFL,EX229,5.0,24,public_targets,0.007094418371257358,0.04795514417608206,0.1059606245064295
plate3,1,YBXRSCXGRPSTMW,Elimusertib hydrochloride,5.0,24,public_targets,0.006757657946956198,0.04759665808717421,0.16439773240940814
plate3,1,CMJCXYNUCSMDBY,Encorafenib,5.0,44,public_targets,0.006554632937223573,0.044897093779399364,-0.02091614190980851
plate3,1,HKVAMNSJSFKALM,Everolimus,5.0,154,public_targets,0.005335274850271064,0.04202770485314706,0.0765330946441462
plate3,1,KEIPNCCJPRMIAX,Futibatinib,5.0,12,public_targets,0.011828055004777975,0.06160899221934955,0.021118237918128634
plate3,1,QDITZBLZQQZVEE,GSK1059615,5.0,27,public_targets,0.00644227221409563,0.04665290556418707,0.04104553651252567
plate3,1,BCSBXWKRZUPFHW,HI-TOPK-032,5.0,42,public_targets,0.0051781640355928115,0.042170947490312215,0.107319587089794
plate3,1,ZAVGJDAFCZAWSZ,Hydroxyfasudil,5.0,15,public_targets,0.008656798373373907,0.05351939986652603,0.08710218692295604
plate3,1,QADPYRIHXKWUSV,Infigratinib,5.0,30,public_targets,0.006662999408930706,0.046637663482418296,0.11114822669734903
plate3,1,GRZXWCHAXNAUHY,Ipatasertib,5.0,33,public_targets,0.0061274984934439475,0.04452148503255762,0.06174269133182001
plate3,1,UWKQSNNFCGGAFS,Irinotecan,5.0,78,public_targets,0.004255291689682997,0.03871371204645709,0.11465855386648606
plate3,1,MXAYKZJJDUDWDS,Ixazomib,5.0,30,public_targets,0.007633841455440785,0.05101036264778534,0.019573928071705757
plate3,1,JUQMLSGOTNKJKI,LB-100,5.0,34,public_targets,0.006088681601296609,0.045234896307183144,0.004819120494214625
plate3,1,YUYJEQHNWKQNBT,LJI308,5.0,28,public_targets,0.005698143752024304,0.044449038233900125,0.058352783932103365
plate3,1,FYXRSVDHGLUMHB,LY-2584702 (tosylate salt),5.0,18,public_targets,0.009271719566021266,0.05327147278113344,0.19128505823505515
plate3,1,HRJWTAWVFDCTGO,LY2090314,5.0,25,public_targets,0.007111092892618954,0.04837071356027759,0.015866468930456724
plate3,1,DHMTURDWPRKSOA,Lonafarnib,5.0,15,public_targets,0.010042764606039511,0.05509063263430262,0.07133724089646737
plate3,1,FIKQZQDYGXAUHC,MK-3903,5.0,37,public_targets,0.006607263197787515,0.04671627056714934,-0.03574647310573003
plate3,1,KPQQGHGDBBJGFA,MK-8353,5.0,23,public_targets,0.008807804687221827,0.05117418660184323,-0.004831101088232229
plate3,1,AJCDZIDKYKCOMZ,ML264,5.0,25,public_targets,0.007228030228753117,0.04841520849542789,0.015748173177525013
plate3,1,IMBXEJJVJRTNOW,Methylprednisolone succinate,5.0,32,public_targets,0.007794346821933638,0.050058567918177165,0.04208809871492665
plate3,1,SMPGEBOIKULBCT,NG25,5.0,17,public_targets,0.0093233570720407,0.054574018818109346,0.011672825026630414
plate3,1,ZCCPLJOKGAACRT,NVP-BHG712,5.0,13,public_targets,0.011126800464736276,0.059160899128620104,0.008904434118847646
plate3,1,OETLNMOJNONWOY,OTS514,5.0,10,public_targets,0.0114936057216916,0.059418115204688766,0.1592246767419217
plate3,1,KHPCIHZXOGHCLY,PF-06260933,5.0,16,public_targets,0.009800401083122395,0.05448144640967563,-0.0035820281866631534
plate3,1,KCAJXIDMCNPGHZ,PH-797804,5.0,18,public_targets,0.007869833768160335,0.04929872820141334,0.12917635055122972
plate3,1,HCDMJFOHIXMBOV,Pemigatinib,5.0,32,public_targets,0.006233597517354139,0.04611870120210069,-0.03687054894200621
plate3,1,NVVPMZUGELHVMH,Pimitespib,5.0,16,public_targets,0.008628353677640779,0.0530983145469125,0.10922525053646977
plate3,1,FVICRBSEYSHKFY,RMC-6236,5.0,37,public_targets,0.0066255256154811645,0.04632433795531162,0.07341024159452252
plate3,1,XPPBBJCBDOEXDN,Ralimetinib dimesylate,5.0,25,public_targets,0.0074425902061683565,0.04855327413998498,-0.019726322911881724
plate3,1,FNHKPVJBJVTLMP,Regorafenib,5.0,40,public_targets,0.005149533581401158,0.04154836506229564,0.061353001492349186
plate3,1,GYLDXIAOMVERTK,Sapanisertib,5.0,28,public_targets,0.010077601273309162,0.0560833774874087,-0.0022982421315977247
plate3,1,RCLQNICOARASSR,TAK-733,5.0,30,public_targets,0.008265284146758525,0.05170615936895755,0.06709945107451454
plate3,1,WKDACQVEJIVHMZ,TAK-901,5.0,36,public_targets,0.011635216183664109,0.051182780268011006,0.08320040503792363
plate3,1,MFAQYJIYDMLAIM,Torkinib,5.0,15,public_targets,0.009371703876887075,0.0558479918103998,0.10385490201721062
plate3,1,LIRYPHYGHXZJBZ,Trametinib,5.0,39,public_targets,0.007801953620241224,0.048069650821357855,0.047161883158226836
plate3,1,GPXBXXGIAQBQNI,Vemurafenib,5.0,56,public_targets,0.005614419174312704,0.0436004632491688,0.06242563286171639
plate3,1,SXNJFOWDRLKDSF,Volasertib,5.0,23,public_targets,0.007797729115620734,0.05047584112814958,0.10845847581042928
plate3,1,WWOXKWLDMLMYQY,c-Kit-IN-1,5.0,28,public_targets,0.006506009071111545,0.047463663889740035,0.11106590863277711
plate3,1,FDLYAMZZIXQODN,olaparib,5.0,92,public_targets,0.003973346103693266,0.037694838674624115,0.1001517555291478
plate3,1,AHJRHEGDXFFMBM,palbociclib,5.0,26,public_targets,0.009377340408747797,0.05438592795574735,-0.054871138847528866
plate3,1,LQBVNQSMGBZMKD,venetoclax,5.0,33,public_targets,0.006802086846301703,0.045795166388903526,0.1336864802926841
plate4,3,PEMUGDMSUDYLHU,Adagrasib,0.05,20,public_targets,0.013814404906756426,0.0655739188282723,0.02836635119280562
plate4,3,OIRDTQYFTABQOQ,Adenosine,0.05,17,public_targets,0.007725640297831915,0.049974953477159634,0.07799136441078916
plate4,3,XCPGHVQEEXUHNC,Amsacrine,0.05,12,public_targets,0.011954280054507497,0.06073008606184244,0.03649041416646114
plate4,3,IPOKCKJONYRRHP,Balsalazide (sodium hydrate),0.05,10,public_targets,0.013001350669923716,0.06324817722574887,0.009621056976973637
plate4,3,VNFPBHJOKIVQEB,Clotrimazole,0.05,31,public_targets,0.006124161706682986,0.045671062791342525,0.0343656494442062
plate4,3,ZZUFCTLCJUWOSV,Furosemide,0.05,15,public_targets,0.010315872554266381,0.05474539720395334,0.01166901578745191
plate4,3,HEMJJKBWTPKOJG,Gemfibrozil,0.05,24,public_targets,0.007428453056856677,0.04999875366021896,0.137144310697962
plate4,3,XDXDZDZNSLXDNA,Idarubicin (hydrochloride),0.05,18,public_targets,0.00856962098193188,0.05407763929135877,0.03510152930354457
plate4,3,NYNZQNWKBKUAII,Larotrectinib,0.05,58,public_targets,0.005669530106186827,0.04286841444665264,0.0049770779263120565
plate4,3,GOTYRUGSSMKFNF,Lenalidomide (hemihydrate),0.05,16,public_targets,0.009377546424557797,0.05242982900575928,0.08234486629012215
plate4,3,NNJVILVZKWQKPM,Lidocaine (hydrochloride),0.05,6,public_targets,0.0211612233872416,0.07627485272606356,-0.007706567581146752
plate4,3,PSGAAPLEWMOORI,Medroxyprogesterone acetate,0.05,34,public_targets,0.007749147966478888,0.048908343329304105,0.02401673085269449
plate4,3,KKZJGLLVHKMTCM,Mitoxantrone (dihydrochloride),0.05,13,public_targets,0.010998593255632112,0.060993679734072444,0.0480829744497891
plate4,3,DUPWHXBITIZIKZ,Radotinib,0.05,12,public_targets,0.01340091738210071,0.06592349900838484,-0.016139807182305895
plate4,3,IVTVGDXNLFLDRM,Raltitrexed,0.05,15,public_targets,0.011362469985459644,0.05827847225677025,-0.024271211396127035
plate4,3,QFJCIRLUMZQUOT,Rapamycin,0.05,16,public_targets,0.01127362494035423,0.06082393430396458,0.09004540536248126
plate4,3,LUKBXSAWLPMMSZ,Resveratrol,0.05,18,public_targets,0.00838924688102182,0.05209907087226581,0.012311546412631564
plate4,3,CBPNZQVSJQDFBE,Temsirolimus,0.05,17,public_targets,0.013040134770034236,0.06338236677149345,-0.09986307226974357
plate4,3,UJLAWZDWDVHWOW,Tofacitinib (citrate),0.05,12,public_targets,0.011260221697678133,0.05837392116818605,0.1250936152710381
plate4,3,UJLAWZDWDVHWOW,Tofacitinib,0.05,18,public_targets,0.008549611024567106,0.052235085198757775,0.006618067283272946
plate4,3,MIQPIUSUKVNLNT,Tolcapone,0.05,18,public_targets,0.008602080165708716,0.052634288520152214,-0.04645045563297623
plate4,3,GFNANZIMVAIWHM,Triamcinolone,0.05,13,public_targets,0.0105060192038223,0.05983892643524829,0.003458136265030053
plate4,3,NOYPYLRCIDNJJB,Trimetrexate,0.05,33,public_targets,0.006313389904658067,0.04651792460287394,-0.019440698078372606
plate4,3,SZMJVTADHFNAIS,Tucidinostat,0.05,28,public_targets,0.00721856872011388,0.04836291628997919,-0.02987823322572342
plate5,2,PEMUGDMSUDYLHU,Adagrasib,0.05,40,public_targets,0.009967123276615673,0.05640886431079504,0.03550820595340408
plate5,2,OIRDTQYFTABQOQ,Adenosine,0.5,32,public_targets,0.007044424775341471,0.048421192326270485,0.043362601638296513
plate5,2,XCPGHVQEEXUHNC,Amsacrine,0.5,31,public_targets,0.00943953468220147,0.057003511326825664,0.057157536515932306
plate5,2,IPOKCKJONYRRHP,Balsalazide (sodium hydrate),0.5,34,public_targets,0.00819785734702885,0.052183732176237924,0.12848948039725105
plate5,2,VNFPBHJOKIVQEB,Clotrimazole,0.5,37,public_targets,0.007901183863241472,0.05058719236538015,-0.01774736933568479
plate5,2,ZZUFCTLCJUWOSV,Furosemide,0.5,27,public_targets,0.00848352687130827,0.05250540526946913,-0.043650752770330786
plate5,2,HEMJJKBWTPKOJG,Gemfibrozil,0.5,54,public_targets,0.007388667143350706,0.049228432182306964,0.08787219852824353
plate5,2,XDXDZDZNSLXDNA,Idarubicin (hydrochloride),0.5,24,public_targets,0.009221591079984826,0.05579770578785262,0.09787586134044457
plate5,2,NYNZQNWKBKUAII,Larotrectinib,0.5,60,public_targets,0.006560822606695457,0.04577074440851246,-0.0032387103066554923
plate5,2,GOTYRUGSSMKFNF,Lenalidomide (hemihydrate),0.5,34,public_targets,0.006726680666972874,0.047021869920441745,-0.018890200889349618
plate5,2,NNJVILVZKWQKPM,Lidocaine (hydrochloride),0.5,22,public_targets,0.01177529552939213,0.06175949333580572,0.023415748646853553
plate5,2,PSGAAPLEWMOORI,Medroxyprogesterone acetate,0.5,35,public_targets,0.008785003493574074,0.05301442822921433,0.018928354084012573
plate5,2,KKZJGLLVHKMTCM,Mitoxantrone (dihydrochloride),0.5,25,public_targets,0.010445960843900317,0.05880151461905036,-0.0014866142374627808
plate5,2,DUPWHXBITIZIKZ,Radotinib,0.5,18,public_targets,0.010271698240949196,0.057486673318405984,0.17099822070727322
plate5,2,IVTVGDXNLFLDRM,Raltitrexed,0.5,16,public_targets,0.012155699752367403,0.06217488682772123,-0.02376688304831975
plate5,2,QFJCIRLUMZQUOT,Rapamycin,0.5,28,public_targets,0.009126675813182612,0.055556538201705655,0.12830321236499742
plate5,2,LUKBXSAWLPMMSZ,Resveratrol,0.5,33,public_targets,0.007570636844086687,0.04991581153708711,0.16214845608466605
plate5,2,SHGAZHPCJJPHSC,Retinoic acid,0.5,33,public_targets,0.00783068623392717,0.05028177089586676,0.04747176964093017
plate5,2,CBPNZQVSJQDFBE,Temsirolimus,0.5,27,public_targets,0.010929787677496118,0.05894000453993641,0.19253850478775802
plate5,2,UJLAWZDWDVHWOW,Tofacitinib (citrate),0.5,29,public_targets,0.00747413596074389,0.05088049303720737,0.08506899556911746
plate5,2,UJLAWZDWDVHWOW,Tofacitinib,0.5,28,public_targets,0.008800828225982013,0.05315434159814212,0.004563345155352474
plate5,2,MIQPIUSUKVNLNT,Tolcapone,0.5,32,public_targets,0.006783074526306588,0.04719980917705113,0.014782023379205733
plate5,2,GFNANZIMVAIWHM,Triamcinolone,0.5,33,public_targets,0.009699620618851743,0.05577816220279167,-0.07643072814789524
plate5,2,NOYPYLRCIDNJJB,Trimetrexate,0.5,38,public_targets,0.008665023926318,0.05390363725895615,-0.05273805526476963
plate5,2,SZMJVTADHFNAIS,Tucidinostat,0.5,33,public_targets,0.00860035009273903,0.054263042411714105,-0.052960036904242974
plate6,2,PEMUGDMSUDYLHU,Adagrasib,0.05,15,public_targets,0.018245432028098998,0.0771667906047259,-0.005694872937061759
plate6,2,OIRDTQYFTABQOQ,Adenosine,5.0,6,public_targets,0.0213830042497141,0.07746791083294201,0.11317863649126617
plate6,2,XCPGHVQEEXUHNC,Amsacrine,5.0,12,public_targets,0.01604671775873284,0.07126220917163623,0.1375428637647468
plate6,2,IPOKCKJONYRRHP,Balsalazide (sodium hydrate),5.0,10,public_targets,0.017166963726208233,0.07208919300168751,0.04788311587351301
plate6,2,VNFPBHJOKIVQEB,Clotrimazole,5.0,9,public_targets,0.016632227606463303,0.07102604401221209,0.036245567787551135
plate6,2,ZZUFCTLCJUWOSV,Furosemide,5.0,10,public_targets,0.014587110620413199,0.06682375686579348,0.07714829293173897
plate6,2,HEMJJKBWTPKOJG,Gemfibrozil,5.0,25,public_targets,0.01385756934154314,0.0642299473712635,-0.0220403083759116
plate6,2,XDXDZDZNSLXDNA,Idarubicin (hydrochloride),5.0,36,public_targets,0.012288190868205678,0.059772780706848515,0.20813386926195165
plate6,2,NYNZQNWKBKUAII,Larotrectinib,5.0,6,public_targets,0.023448762425882487,0.08052492470631678,-0.03696897815615538
plate6,2,GOTYRUGSSMKFNF,Lenalidomide (hemihydrate),5.0,11,public_targets,0.014691340578589234,0.06523035570715972,-0.006095123157852772
plate6,2,NNJVILVZKWQKPM,Lidocaine (hydrochloride),5.0,17,public_targets,0.015539881844460092,0.06776640792774771,-0.08327548167942542
plate6,2,PSGAAPLEWMOORI,Medroxyprogesterone acetate,5.0,22,public_targets,0.01382257473922544,0.0626607934738606,-0.08156019989509233
plate6,2,KKZJGLLVHKMTCM,Mitoxantrone (dihydrochloride),5.0,14,public_targets,0.015265007390883921,0.06795819534253297,0.09759899359249913
plate6,2,DUPWHXBITIZIKZ,Radotinib,5.0,16,public_targets,0.012772455275780761,0.0636217728273548,0.07722623640767819
plate6,2,IVTVGDXNLFLDRM,Raltitrexed,5.0,15,public_targets,0.013227591089310075,0.06314882593909472,0.029288363366107354
plate6,2,QFJCIRLUMZQUOT,Rapamycin,5.0,30,public_targets,0.00953861784610421,0.05504358087908136,0.0808369378198525
plate6,2,LUKBXSAWLPMMSZ,Resveratrol,5.0,34,public_targets,0.008270171347578001,0.0514593993843441,0.04424876768373371
plate6,2,SHGAZHPCJJPHSC,Retinoic acid,5.0,16,public_targets,0.011455085800394837,0.060251356393601484,0.1686983248910697
plate6,2,CBPNZQVSJQDFBE,Temsirolimus,5.0,18,public_targets,0.012088527988611904,0.062424950693297676,0.027724363286640345
plate6,2,UJLAWZDWDVHWOW,Tofacitinib (citrate),5.0,11,public_targets,0.016882056117938176,0.0708398380890188,0.10583272461661618
plate6,2,UJLAWZDWDVHWOW,Tofacitinib,5.0,37,public_targets,0.008608179888834397,0.052177397269591794,0.12695094859882128
plate6,2,MIQPIUSUKVNLNT,Tolcapone,5.0,30,public_targets,0.008252941608303694,0.05093429301983684,0.09764436564112916
plate6,2,GFNANZIMVAIWHM,Triamcinolone,5.0,10,public_targets,0.022619243356695958,0.07493080702395283,-0.0017372909740343784
plate6,2,NOYPYLRCIDNJJB,Trimetrexate,5.0,19,public_targets,0.012460282987085363,0.06198834901566015,0.08219429729893518
plate6,2,SZMJVTADHFNAIS,Tucidinostat,5.0,35,public_targets,0.01184884890759692,0.05948469359473314,0.07481219661196098
plate7,0,KTEIFNKAUNYNJU,(S)-Crizotinib,0.05,22,public_targets,0.0074129247400984265,0.04949014647781015,0.02157172328844607
plate7,0,PEMUGDMSUDYLHU,Adagrasib,0.05,67,public_targets,0.004821713726456088,0.040372115343876296,0.04980508762354856
plate7,0,HJBWBFZLDZWPHF,Apalutamide,0.05,32,public_targets,0.007566035784808118,0.0509064952774853,0.0451981080331943
plate7,0,BJRNKVDFDLYUGJ,Arbutin,0.05,22,public_targets,0.008549465389380291,0.05320101525329562,0.06071154550992115
plate7,0,GKHIVNAUVKXIIY,Belumosudil,0.05,29,public_targets,0.0060788882608569135,0.046163167642003365,0.07299071439660318
plate7,0,JTUQXGZRVLWBCR,Benproperine (phosphate),0.05,21,public_targets,0.007932974644439289,0.049397439553650425,-0.020853489016865515
plate7,0,CIWBQSYVNNPZIQ,Betamethasone dipropionate,0.05,10,public_targets,0.01577628734505178,0.06893457615400912,-0.018629759656060205
plate7,0,BSMCAPRUBJMWDF,Cobimetinib,0.05,20,public_targets,0.009675051916002106,0.05487509873973729,0.023667091601609028
plate7,0,KYQZWONCHDNPDP,Daidzin,0.05,38,public_targets,0.005908453901613116,0.04431200787462177,0.00855904578340425
plate7,0,XAUDJQYHKZQPEU,Decitabine,0.05,42,public_targets,0.0062108412231751935,0.04589757992730407,0.008321152602705795
plate7,0,LDCRTTXIJACKKU,Dimethyl fumarate,0.05,17,public_targets,0.008833167335762383,0.05423285073009785,0.04245815877115616
plate7,0,PIMQWRZWLQKKBJ,Dinaciclib,0.05,32,public_targets,0.007184411188966821,0.04830290247827292,0.04729660836613744
plate7,0,ZDZOTLJHXYCWBA,Docetaxel (Trihydrate),0.05,30,public_targets,0.0066892819806784725,0.04560682736872229,-0.028974984648300485
plate7,0,AOJJSUZBOXZQNB,Doxorubicin (hydrochloride),0.05,39,public_targets,0.005879692490176491,0.04510712046543115,0.034355338453568966
plate7,0,AOJJSUZBOXZQNB,Epirubicin (hydrochloride),0.05,16,public_targets,0.009290425625348805,0.05588587825407033,0.05133835714317314
plate7,0,JUKPWJGBANNWMW,Eplerenone,0.05,35,public_targets,0.0058255249317072065,0.04391193037713781,0.05929696311792113
plate7,0,YMTINGFKWWXKFG,Fenofibrate,0.05,17,public_targets,0.008148249028288436,0.052468706913920915,0.15476749159860004
plate7,0,KSEBMYQBYZTDHS,Ferulic acid,0.05,31,public_targets,0.007885173372785206,0.05052047938897284,0.06404327875211072
plate7,0,BJCJYEYYYGBROF,Flumatinib (mesylate),0.05,33,public_targets,0.008032797933776651,0.052588282322593057,0.06623594623654512
plate7,0,VSNHCAURESNICA,Hydroxyurea,0.05,17,public_targets,0.008215990667201634,0.05128267817711916,0.03451214057941634
plate7,0,UWKQSNNFCGGAFS,Irinotecan (hydrochloride),0.05,15,public_targets,0.00930128306149145,0.0547649687168699,0.008947554758501269
plate7,0,OPXLLQIJSORQAM,Mebendazole,0.05,28,public_targets,0.0061460831938860965,0.04626583215995052,0.041284411305078025
plate7,0,VKHAHZOOUSRJNA,Mifepristone,0.05,38,public_targets,0.00628336450283114,0.046203596467919376,0.04711869367580202
plate7,0,RJMUSRYZPJIFPJ,Niclosamide (olamine),0.05,30,public_targets,0.007540221952340865,0.051254925123534766,0.038980859017998776
plate7,0,WBXPDJSOTKVWSJ,Pemetrexed,0.05,28,public_targets,0.0070243680514113956,0.04785760022929133,0.007104168931927458
plate7,0,UUBHZHZSIKRVIV,Peretinoin,0.05,31,public_targets,0.007610387489203941,0.05194665675452076,0.07511884527276469
plate7,0,JGWRKYUXBBNENE,Pexidartinib (hydrochloride),0.05,15,public_targets,0.012005844532141617,0.06121813769052518,-0.005831687775403756
plate7,0,VGYFMXBACGZSIL,Pitavastatin (Calcium),0.05,14,public_targets,0.010798952550041358,0.05643624656508997,-0.004179797568295843
plate7,0,TUZYXOIXSAXUGO,Pravastatin (sodium),0.05,21,public_targets,0.007309562488385026,0.04848574157960306,0.05760610632054971
plate7,0,REQCZEXYDRLIBE,Procainamide (hydrochloride),0.05,20,public_targets,0.011058855879870955,0.05898002111175702,0.023483067669218538
plate7,0,LOUPRKONTZGTKE,Quinidine (15% dihydroquinidine),0.05,25,public_targets,0.007880964484453357,0.05042551379324995,-0.0010997991248450167
plate7,0,YASAKCUCGLMORW,Rosiglitazone,0.05,41,public_targets,0.0074347592926348,0.04980305388043223,0.06171071712582366
plate7,0,HMABYWSNWIZPAG,Rucaparib (phosphate),0.05,14,public_targets,0.009239957348425096,0.055159994514558074,0.05202396421244489
plate7,0,TTZSNFLLYPYKIL,Sulfatinib,0.05,20,public_targets,0.009257784290961418,0.054244156895617554,0.021741061101869935
plate7,0,SEJLPXCPMNSRAM,Tirabrutinib,0.05,16,public_targets,0.008461848369545609,0.05066092078949307,-0.0006092337589395804
plate7,0,UCFGDBYHRUNTLO,Topotecan (hydrochloride),0.05,17,public_targets,0.008412926593437575,0.05159189384597333,0.01071777231351163
plate7,0,LIRYPHYGHXZJBZ,Trametinib (DMSO_TF solvate),0.05,18,public_targets,0.010528567877011912,0.05741048500204957,-0.029620121282544157
plate7,0,NZHGWWWHIYHZNX,Tranilast,0.05,32,public_targets,0.006179165061580875,0.04552603759208777,-0.017339100632124686
plate8,1,KTEIFNKAUNYNJU,(S)-Crizotinib,0.5,22,public_targets,0.006751338112100393,0.04812076670631261,0.004468091615178432
plate8,1,PEMUGDMSUDYLHU,Adagrasib,0.05,29,public_targets,0.005896360370719023,0.04572802629152106,-0.04170450006778171
plate8,1,HJBWBFZLDZWPHF,Apalutamide,0.5,18,public_targets,0.010006570648151511,0.057728369900053436,0.07319917467018834
plate8,1,BJRNKVDFDLYUGJ,Arbutin,0.5,18,public_targets,0.009411069667920772,0.05248392483907778,-0.09229609808796248
plate8,1,GKHIVNAUVKXIIY,Belumosudil,0.5,28,public_targets,0.006259596580957464,0.04639618456679909,-0.029814288591341144
plate8,1,JTUQXGZRVLWBCR,Benproperine (phosphate),0.5,31,public_targets,0.005432371965161629,0.04356718315290471,0.05889955301311317
plate8,1,CIWBQSYVNNPZIQ,Betamethasone dipropionate,0.5,15,public_targets,0.00970348337872367,0.05759383188822418,-0.031006233820580757
plate8,1,BSMCAPRUBJMWDF,Cobimetinib,0.5,5,public_targets,0.018580636061260557,0.07385246949441011,-0.004649758175688172
plate8,1,KYQZWONCHDNPDP,Daidzin,0.5,33,public_targets,0.006504542826214273,0.04698792683872599,-0.022755467526986126
plate8,1,XAUDJQYHKZQPEU,Decitabine,0.5,41,public_targets,0.005554770314572991,0.042289808319471774,0.013655086946531387
plate8,1,LDCRTTXIJACKKU,Dimethyl fumarate,0.5,15,public_targets,0.008499284526398474,0.053461161454200566,-0.0016235983135352622
plate8,1,PIMQWRZWLQKKBJ,Dinaciclib,0.5,61,public_targets,0.006862691351540082,0.046432096030724006,0.05445814244019684
plate8,1,ZDZOTLJHXYCWBA,Docetaxel (Trihydrate),0.5,49,public_targets,0.004553625930981246,0.040377520386037896,-0.0030517703363178816
plate8,1,AOJJSUZBOXZQNB,Doxorubicin (hydrochloride),0.5,7,public_targets,0.01404153408929419,0.06488336636052969,0.03648542839936155
plate8,1,AOJJSUZBOXZQNB,Epirubicin (hydrochloride),0.5,15,public_targets,0.009454122602152998,0.05696482658245247,0.0881264446515336
plate8,1,JUKPWJGBANNWMW,Eplerenone,0.5,28,public_targets,0.006359451013124523,0.047710377312366326,-0.08394966149848972
plate8,1,YMTINGFKWWXKFG,Fenofibrate,0.5,14,public_targets,0.010073752432692354,0.054749453223903226,0.018234510147563335
plate8,1,BJCJYEYYYGBROF,Flumatinib (mesylate),0.5,32,public_targets,0.006649473615680505,0.04845661739492924,0.0791554736655292
plate8,1,VSNHCAURESNICA,Hydroxyurea,0.5,6,public_targets,0.01871179230584209,0.0707675247777731,-0.06056390848040882
plate8,1,UWKQSNNFCGGAFS,Irinotecan (hydrochloride),0.5,13,public_targets,0.00981518012444634,0.05721855873033931,-0.0823824348561354
plate8,1,OPXLLQIJSORQAM,Mebendazole,0.5,34,public_targets,0.0070470153799851816,0.047322435871496156,-0.007641202832880715
plate8,1,VKHAHZOOUSRJNA,Mifepristone,0.5,27,public_targets,0.007626917620431531,0.05087222462574996,0.08005772617983031
plate8,1,RJMUSRYZPJIFPJ,Niclosamide (olamine),0.5,25,public_targets,0.0077041760373509445,0.05079965834174603,0.07352918354428349
plate8,1,WBXPDJSOTKVWSJ,Pemetrexed,0.5,6,public_targets,0.018777437151545485,0.07274205226689735,-0.06636058149784854
plate8,1,UUBHZHZSIKRVIV,Peretinoin,0.5,7,public_targets,0.014305243363507924,0.06355717890576497,0.09247231125937443
plate8,1,JGWRKYUXBBNENE,Pexidartinib (hydrochloride),0.5,9,public_targets,0.01517696071246823,0.06831398779977838,0.008905527586081277
plate8,1,TUZYXOIXSAXUGO,Pravastatin (sodium),0.5,21,public_targets,0.006339957383552876,0.04655459725286414,0.04345912377141257
plate8,1,REQCZEXYDRLIBE,Procainamide (hydrochloride),0.5,6,public_targets,0.023017422493866867,0.07767359435008801,-0.12126938617256788
plate8,1,LOUPRKONTZGTKE,Quinidine (15% dihydroquinidine),0.5,18,public_targets,0.0075635688687298195,0.04993130312156695,0.08605137592263364
plate8,1,YASAKCUCGLMORW,Rosiglitazone,0.5,26,public_targets,0.009485431668011543,0.05521292289545041,-0.13426934982352765
plate8,1,HMABYWSNWIZPAG,Rucaparib (phosphate),0.5,23,public_targets,0.006578969307809084,0.0472103462841904,-0.01596590763766931
plate8,1,TTZSNFLLYPYKIL,Sulfatinib,0.5,10,public_targets,0.012367428373913272,0.06211507176608375,-0.029848286608422685
plate8,1,SEJLPXCPMNSRAM,Tirabrutinib,0.5,11,public_targets,0.011450639450715585,0.059723649581301864,-0.024316886847802578
plate8,1,UCFGDBYHRUNTLO,Topotecan (hydrochloride),0.5,21,public_targets,0.006659694210825219,0.047442815269826966,-0.07374358383880426
plate8,1,LIRYPHYGHXZJBZ,Trametinib (DMSO_TF solvate),0.5,20,public_targets,0.008163665312408626,0.052643235085678315,-0.03158366375581396
plate8,1,NZHGWWWHIYHZNX,Tranilast,0.5,30,public_targets,0.005186993727068315,0.04297504890713918,-0.01018905656604483
plate9,1,KTEIFNKAUNYNJU,(S)-Crizotinib,5.0,13,public_targets,0.009112134927415295,0.052918428082008674,0.08197070820353958
plate9,1,PEMUGDMSUDYLHU,Adagrasib,0.05,23,public_targets,0.0077799086932409875,0.047952548793668046,-0.030799031786239918
plate9,1,PEMUGDMSUDYLHU,Adagrasib,5.0,27,public_targets,0.006083019922435166,0.04377967200906902,0.03431637051845994
plate9,1,HJBWBFZLDZWPHF,Apalutamide,5.0,16,public_targets,0.01000635625567808,0.056744953105426994,0.008614910155901831
plate9,1,BJRNKVDFDLYUGJ,Arbutin,5.0,23,public_targets,0.007253496481697762,0.049292910731208395,-0.05003000246755092
plate9,1,GKHIVNAUVKXIIY,Belumosudil,5.0,21,public_targets,0.009161836761617073,0.052814827049612934,-0.010619290799438413
plate9,1,JTUQXGZRVLWBCR,Benproperine (phosphate),5.0,21,public_targets,0.007027438911158184,0.04854717326258426,0.008779356813438104
plate9,1,CIWBQSYVNNPZIQ,Betamethasone dipropionate,5.0,28,public_targets,0.007187032455409521,0.04868685887195627,0.05288214006822778
plate9,1,BSMCAPRUBJMWDF,Cobimetinib,5.0,9,public_targets,0.014630675141353423,0.06381267317025917,-0.07206274080423605
plate9,1,KYQZWONCHDNPDP,Daidzin,5.0,29,public_targets,0.006201239765720555,0.044760712411746575,-0.021141860430134066
plate9,1,XAUDJQYHKZQPEU,Decitabine,5.0,17,public_targets,0.009220579335093812,0.052463318080660945,0.025415457433041713
plate9,1,LDCRTTXIJACKKU,Dimethyl fumarate,5.0,30,public_targets,0.006563240773521662,0.04682484304131755,-0.03474487697814589
plate9,1,PIMQWRZWLQKKBJ,Dinaciclib,5.0,33,public_targets,0.007368747705851361,0.04681981520693362,0.04949052822247335
plate9,1,ZDZOTLJHXYCWBA,Docetaxel (Trihydrate),5.0,22,public_targets,0.006997312405061155,0.04832422510335579,0.07873892834779406
plate9,1,AOJJSUZBOXZQNB,Doxorubicin (hydrochloride),5.0,21,public_targets,0.008243880974589494,0.05112928556226471,0.12638298661551253
plate9,1,AOJJSUZBOXZQNB,Epirubicin (hydrochloride),5.0,67,public_targets,0.006425332042480669,0.04624793688776596,0.1195658590250157
plate9,1,JUKPWJGBANNWMW,Eplerenone,5.0,15,public_targets,0.008558228986785916,0.05308497059237277,0.015077883482606518
plate9,1,YMTINGFKWWXKFG,Fenofibrate,5.0,13,public_targets,0.013038109935433754,0.06284751075576939,0.007477076739361383
plate9,1,KSEBMYQBYZTDHS,Ferulic acid,5.0,10,public_targets,0.012600543738195526,0.0605192375583139,-0.018641203977077647
plate9,1,BJCJYEYYYGBROF,Flumatinib (mesylate),5.0,21,public_targets,0.008617180191528507,0.05123571156811264,-0.013498029622784076
plate9,1,VSNHCAURESNICA,Hydroxyurea,5.0,12,public_targets,0.009341802342580531,0.052924994979516915,0.01310808351300407
plate9,1,UWKQSNNFCGGAFS,Irinotecan (hydrochloride),5.0,28,public_targets,0.007561848433777121,0.04839778213744843,-0.00014535912467712354
plate9,1,OPXLLQIJSORQAM,Mebendazole,5.0,31,public_targets,0.006207169640692428,0.045298185942532744,-0.0842691542754372
plate9,1,VKHAHZOOUSRJNA,Mifepristone,5.0,11,public_targets,0.011990486840353346,0.06130906486411509,-0.09116769362043012
plate9,1,RJMUSRYZPJIFPJ,Niclosamide (olamine),5.0,13,public_targets,0.013490076476817029,0.06435753672389699,0.035171843641659976
plate9,1,WBXPDJSOTKVWSJ,Pemetrexed,5.0,9,public_targets,0.014583727541635337,0.06505075020728365,0.011723113505850712
plate9,1,UUBHZHZSIKRVIV,Peretinoin,5.0,7,public_targets,0.016944833272497368,0.06743708816801473,-0.02959286093223611
plate9,1,JGWRKYUXBBNENE,Pexidartinib (hydrochloride),5.0,14,public_targets,0.0105900184223075,0.058230609054891955,-0.02803031949718156
plate9,1,TUZYXOIXSAXUGO,Pravastatin (sodium),5.0,44,public_targets,0.00464778295845989,0.03887507161383187,-0.010512667710218557
plate9,1,REQCZEXYDRLIBE,Procainamide (hydrochloride),5.0,21,public_targets,0.010103328610337829,0.05587819796919078,-0.019727660833784657
plate9,1,LOUPRKONTZGTKE,Quinidine (15% dihydroquinidine),5.0,16,public_targets,0.00965607626317312,0.053925507486422476,-0.021988220386760973
plate9,1,YASAKCUCGLMORW,Rosiglitazone,5.0,17,public_targets,0.010287512076304461,0.056361077306489156,-0.07274207464775305
plate9,1,HMABYWSNWIZPAG,Rucaparib (phosphate),5.0,38,public_targets,0.005300899767555197,0.04284373939580423,-0.013405202586898321
plate9,1,TTZSNFLLYPYKIL,Sulfatinib,5.0,26,public_targets,0.007689546280634222,0.050444553654580594,-0.07901482160786504
plate9,1,SEJLPXCPMNSRAM,Tirabrutinib,5.0,19,public_targets,0.006644225100757209,0.04666052660098023,0.0896322523312936
plate9,1,UCFGDBYHRUNTLO,Topotecan (hydrochloride),5.0,28,public_targets,0.006216226487521396,0.04481282754962452,0.12721604277804538
plate9,1,LIRYPHYGHXZJBZ,Trametinib (DMSO_TF solvate),5.0,22,public_targets,0.008106485473981536,0.05000473092479086,-0.032130577653081506
plate9,1,NZHGWWWHIYHZNX,Tranilast,5.0,20,public_targets,0.007686910774085766,0.048935677815284614,-0.05501767464546224
plate1,4,KFRKRECSIYXARE,4EGI-1,0.05,16,public_target_GO,0.01239070251783462,0.06196933051648565,-0.09997138832662218
plate1,4,FARXPFGGGGLENU,9-ING-41,0.05,5,public_target_GO,0.02160367529551441,0.07508863515983709,-0.018593934635314564
plate1,4,NIRXBXIPHUTNNI,APTO-253,0.05,9,public_target_GO,0.017774737255328587,0.07350473631674312,-0.06592043014353854
plate1,4,OVPNQJVDAFNBDN,AT7519,0.05,20,public_target_GO,0.010706451582449,0.05907379616739967,-0.06728984898676063
plate1,4,XISVSTPEXYIKJL,AZD-7648,0.05,8,public_target_GO,0.0188582461940415,0.0697881242415876,0.013856746002973855
plate1,4,KVLFRAWTRWDEDF,AZD-8055,0.05,21,public_target_GO,0.012138150533019277,0.05973599667730451,-0.06606777377465382
plate1,4,VQSZIPCGAGVRRP,AZD1390,0.05,9,public_target_GO,0.014917025525952024,0.06547818793185373,0.07514375139786386
plate1,4,FHCSBLWRGCOVPT,AZD2858,0.05,25,public_target_GO,0.010406318086150737,0.055757893512591014,-0.03386052476905247
plate1,4,PEMUGDMSUDYLHU,Adagrasib,0.05,12,public_target_GO,0.011680051162856806,0.05989967817516834,-0.03338649948220312
plate1,4,STUWGJZDJHPWGZ,Alpelisib,0.05,17,public_target_GO,0.012242644341039267,0.06065044842624189,-0.01803680336830637
plate1,4,JBGYKRAZYDNCNV,BAY1125976,0.05,17,public_target_GO,0.012120359563188438,0.05945449797521334,0.0038547851988026713
plate1,4,XVFDNRYZXDHTHT,BI-3406,0.05,19,public_target_GO,0.012400275282924672,0.060244145870058496,-0.0946303220695837
plate1,4,GKHIVNAUVKXIIY,Belumosudil (mesylate),0.05,12,public_target_GO,0.014388533864364117,0.06787293525018664,0.001324593921512702
plate1,4,XCPPIJCBCWUBNT,Bentamapimod,0.05,11,public_target_GO,0.012339188703242673,0.06106639770205787,0.03466131770907444
plate1,4,ADGGYDAFIHSYFI,Bimiralisib,0.05,16,public_target_GO,0.010573500308727054,0.05729712418510602,-0.01939871116476438
plate1,4,ACWZRVQXLIRSDF,Binimetinib,0.05,21,public_target_GO,0.010272126303628528,0.05827317544817971,0.09803736209200985
plate1,4,GXJABQQUPOEUTA,Bortezomib,0.05,14,public_target_GO,0.011502960571688349,0.05726203467694023,0.02405610756986878
plate1,4,RGTAEYDIDMGJLX,CP21R7,0.05,18,public_target_GO,0.011931437991290633,0.06314104036304481,0.05910916880448944
plate1,4,JDUBGYFRJFOXQC,Capivasertib,0.05,15,public_target_GO,0.012009143629436348,0.06321605977657481,-0.002559835189008969
plate1,4,BFSMGDJOXZAERB,Dabrafenib,0.05,15,public_target_GO,0.012051346863148913,0.06073799153334439,-0.014157167740280809
plate1,4,FHWSAZXFPUMKFL,EX229,0.05,8,public_target_GO,0.020077969644339198,0.0751070620068163,-0.02772099421476171
plate1,4,YBXRSCXGRPSTMW,Elimusertib hydrochloride,0.05,8,public_target_GO,0.015602543377851488,0.0661461504205165,0.025345284953702175
plate1,4,CMJCXYNUCSMDBY,Encorafenib,0.05,26,public_target_GO,0.008175967757188289,0.05199854111869101,0.028312697271237513
plate1,4,HKVAMNSJSFKALM,Everolimus,0.05,44,public_target_GO,0.008508041696534645,0.052406050720556166,0.01939696000188951
plate1,4,KEIPNCCJPRMIAX,Futibatinib,0.05,17,public_target_GO,0.010371976346789675,0.05661169023517353,-0.06718738764315871
plate1,4,QDITZBLZQQZVEE,GSK1059615,0.05,30,public_target_GO,0.008085900744576983,0.050757629885360894,-0.03469912021721334
plate1,4,BCSBXWKRZUPFHW,HI-TOPK-032,0.05,6,public_target_GO,0.021699578061371017,0.07514766796160759,-0.033173886904616624
plate1,4,QADPYRIHXKWUSV,Infigratinib,0.05,30,public_target_GO,0.009200723650224929,0.0554256847602978,-0.0264696782601032
plate1,4,GRZXWCHAXNAUHY,Ipatasertib,0.05,12,public_target_GO,0.013155309524727843,0.06166489120146273,-0.044119689233838306
plate1,4,UWKQSNNFCGGAFS,Irinotecan,0.05,21,public_target_GO,0.009677110187341813,0.05711247024399479,-0.030499531232250417
plate1,4,MXAYKZJJDUDWDS,Ixazomib,0.05,7,public_target_GO,0.018979223733228856,0.07423471824263317,-0.017845061660254725
plate1,4,JUQMLSGOTNKJKI,LB-100,0.05,18,public_target_GO,0.012050311560804123,0.060110253148526034,0.005130790014565794
plate1,4,YUYJEQHNWKQNBT,LJI308,0.05,35,public_target_GO,0.006567461932059345,0.046588894718628156,-0.011580313154583948
plate1,4,FYXRSVDHGLUMHB,LY-2584702 (tosylate salt),0.05,8,public_target_GO,0.016743003799186477,0.07036533383862928,0.01615723679021392
plate1,4,HRJWTAWVFDCTGO,LY2090314,0.05,7,public_target_GO,0.0221008263265577,0.07921736390530952,-0.027275216099072873
plate1,4,DHMTURDWPRKSOA,Lonafarnib,0.05,15,public_target_GO,0.011954272965408007,0.06136552962806338,-0.02385799241665879
plate1,4,FIKQZQDYGXAUHC,MK-3903,0.05,17,public_target_GO,0.009665929333017052,0.05477811777569757,0.021556634850852803
plate1,4,KPQQGHGDBBJGFA,MK-8353,0.05,17,public_target_GO,0.011680616674432322,0.05978685925919474,-0.049705438758975734
plate1,4,AJCDZIDKYKCOMZ,ML264,0.05,18,public_target_GO,0.009298903206420676,0.05360691144488098,0.007357774339237639
plate1,4,SMPGEBOIKULBCT,NG25,0.05,15,public_target_GO,0.011047425358162388,0.05731149504428717,0.0515354349699719
plate1,4,ZCCPLJOKGAACRT,NVP-BHG712,0.05,11,public_target_GO,0.014136703904234178,0.06506899344841939,-0.010165396874615712
plate1,4,OETLNMOJNONWOY,OTS514,0.05,14,public_target_GO,0.0113249911650809,0.05897923984288804,0.07193216145437287
plate1,4,KCAJXIDMCNPGHZ,PH-797804,0.05,9,public_target_GO,0.01873640406366783,0.07016534407478515,-0.035556092926644786
plate1,4,HCDMJFOHIXMBOV,Pemigatinib,0.05,13,public_target_GO,0.013590170823582635,0.06402088514811895,-0.017512574660155576
plate1,4,NVVPMZUGELHVMH,Pimitespib,0.05,20,public_target_GO,0.008419741209848584,0.052920635846412864,0.03490923162866361
plate1,4,FVICRBSEYSHKFY,RMC-6236,0.05,9,public_target_GO,0.017014147656232746,0.07036222930221474,0.012972610831182023
plate1,4,FNHKPVJBJVTLMP,Regorafenib,0.05,13,public_target_GO,0.012979216703600733,0.0644609258040693,0.04078666896011865
plate1,4,GYLDXIAOMVERTK,Sapanisertib,0.05,16,public_target_GO,0.014653173183043726,0.06637640490118624,0.015061003904648452
plate1,4,RCLQNICOARASSR,TAK-733,0.05,11,public_target_GO,0.01412171834069106,0.06472966020531566,-0.04764060397682656
plate1,4,WKDACQVEJIVHMZ,TAK-901,0.05,6,public_target_GO,0.02077484501875665,0.07218860052632055,0.0794772599668139
plate1,4,MFAQYJIYDMLAIM,Torkinib,0.05,9,public_target_GO,0.01337198485123794,0.06352040089241981,0.02568790393935727
plate1,4,LIRYPHYGHXZJBZ,Trametinib,0.05,6,public_target_GO,0.020283639873880148,0.07624727030175954,0.06230725226660207
plate1,4,GPXBXXGIAQBQNI,Vemurafenib,0.05,21,public_target_GO,0.008744424289274114,0.05181000315688038,0.062079377743235076
plate1,4,SXNJFOWDRLKDSF,Volasertib,0.05,17,public_target_GO,0.00977039081713721,0.056187106111567665,-0.022442825915709664
plate1,4,AHJRHEGDXFFMBM,palbociclib,0.05,11,public_target_GO,0.01476454436982197,0.07022109400561749,-0.026059369352368692
plate1,4,LQBVNQSMGBZMKD,venetoclax,0.05,19,public_target_GO,0.008935262485010493,0.05139164015628102,0.03901275052765869
plate10,2,NMUSYJAQQFHJEW,5-Azacytidine,0.05,19,public_target_GO,0.010760626004918067,0.05858465178066153,0.00038695801614527426
plate10,2,GHASVSINZRGABV,5-Fluorouracil,0.05,23,public_target_GO,0.007940350982868894,0.05242512964862744,0.031231573575681053
plate10,2,PEMUGDMSUDYLHU,Adagrasib,0.05,24,public_target_GO,0.010868247085186888,0.062032249102475345,0.023104045418260718
plate10,2,VOVZXURTCKPRDQ,Asciminib,0.05,12,public_target_GO,0.011237135726155048,0.061938174757900775,0.013797682641879937
plate10,2,SFOZKJGZNOBSHF,Auranofin,0.05,27,public_target_GO,0.0075579443897072,0.04986709967314564,-0.06086461838049114
plate10,2,NCNRHFGMJRPRSK,Belinostat,0.05,20,public_target_GO,0.00789330459839988,0.0513333812611817,-0.022010162896563917
plate10,2,NAVMQTYZDKMPEU,Bexarotene,0.05,19,public_target_GO,0.008733413809964754,0.05470593013923607,0.0787581690834545
plate10,2,LKJPYSCBVHEWIU,Bicalutamide,0.05,14,public_target_GO,0.013472823633516722,0.0635936745944633,0.1327549551480973
plate10,2,ACWZRVQXLIRSDF,Binimetinib,0.05,33,public_target_GO,0.008336510277231503,0.05343507547811564,-0.0014603964071488813
plate10,2,VOVIALXJUBGFJZ,Budesonide,0.05,25,public_target_GO,0.009182502386309332,0.055839720747630134,0.01896040015774768
plate10,2,ONIQOQHATWINJY,Cabozantinib (S-malate),0.05,21,public_target_GO,0.008573764728869376,0.05346553602570701,-0.0014973922735847323
plate10,2,FAKRSMQSSFJEIM,Captopril,0.05,14,public_target_GO,0.009938891248325787,0.05708864105338277,-0.009883730780007108
plate10,2,CBGUOGMQLZIXBE,Clobetasol propionate,0.05,31,public_target_GO,0.007415105877258699,0.05018081949845099,0.029684594437166634
plate10,2,PMATZTZNYRCHOR,Cyclosporin A,0.05,26,public_target_GO,0.008112633576587943,0.05271315930745165,0.006833959206692084
plate10,2,BLIJXOOIHRSQRB,Darolutamide,0.05,41,public_target_GO,0.007411471791537237,0.04893684188068865,-0.0150149719980038
plate10,2,UREBDLICKHMUKA,Dexamethasone,0.05,10,public_target_GO,0.015132446359091013,0.06887288111339733,-0.03356636201091442
plate10,2,HAYYBYPASCDWEQ,Entrectinib,0.05,12,public_target_GO,0.010321102627427874,0.05927869325249943,0.0028647444877862847
plate10,2,JOOXLOJCABQBSG,Fedratinib (hydrochloride hydrate),0.05,16,public_target_GO,0.009643783101456449,0.05485366324713838,-0.025159604818014852
plate10,2,RIJLVEAXPNLDTC,Filgotinib,0.05,8,public_target_GO,0.017841085579695316,0.06927517666814487,0.04799919748023423
plate10,2,KKGQTZUTZRNORY,Fingolimod (hydrochloride),0.05,18,public_target_GO,0.008664024705617845,0.053253549807936396,0.041107871582912105
plate10,2,MKXKFYHWDHIYRV,Flutamide,0.05,16,public_target_GO,0.009021646124383147,0.054882196514061524,-0.01528018363013671
plate10,2,VWUXBMIQPBEWFH,Fulvestrant,0.05,13,public_target_GO,0.008706565800784796,0.0541598086818369,0.014049044231808621
plate10,2,MBOMYENWWXQSNW,Ixazomib citrate,0.05,9,public_target_GO,0.017247180924191856,0.07416959259566892,0.004874857944313852
plate10,2,VLCYCQAOQCDTCN,L-Eflornithine (monohydrochloride),0.05,60,public_target_GO,0.005874540058358165,0.04489115986518325,0.02987308622406738
plate10,2,FBOZXECLQNJBKD,Methotrexate,0.05,6,public_target_GO,0.016896903720928075,0.06961873940936963,0.01401395374919707
plate10,2,OFPXSFXSNFPTHF,Oxaprozin,0.05,27,public_target_GO,0.006985579603529622,0.04939804660005533,0.06888044799767949
plate10,2,FPOHNWQLNRZRFC,Panobinostat,0.05,16,public_target_GO,0.01012859697190187,0.057208865123476754,0.05035054859312587
plate10,2,IPVQLZZIHOAWMC,Perindopril (erbumine),0.05,19,public_target_GO,0.008785727708671427,0.0539796442902927,0.010271341745754139
plate10,2,HYAFETHFCAUJAY,Pioglitazone,0.05,26,public_target_GO,0.008326368547304416,0.05234834496508046,0.026430247499908775
plate10,2,PHXJVRSECIGDHY,Ponatinib,0.05,16,public_target_GO,0.013121356119523295,0.06349809585081323,0.05094404439274154
plate10,2,OGQICQVSFDPSEI,Tazarotene,0.05,30,public_target_GO,0.00695540712601677,0.049099603711562294,0.0069376577986340225
plate10,2,SEJLPXCPMNSRAM,Tirabrutinib (hydrochloride),0.05,40,public_target_GO,0.005909942825698698,0.04493188043841022,0.03721730176865578
plate10,2,LIRYPHYGHXZJBZ,Trametinib,0.05,14,public_target_GO,0.010470540226579917,0.05949341287367912,0.11562384415830848
plate11,4,NMUSYJAQQFHJEW,5-Azacytidine,0.5,23,public_target_GO,0.011765291434800679,0.05997700904506988,-0.12247142702257563
plate11,4,GHASVSINZRGABV,5-Fluorouracil,0.5,27,public_target_GO,0.007228155202249592,0.05001132172194618,0.07731207401638301
plate11,4,PEMUGDMSUDYLHU,Adagrasib,0.05,29,public_target_GO,0.006235902081182623,0.04591963724518148,-0.06670462988580875
plate11,4,VOVZXURTCKPRDQ,Asciminib,0.5,42,public_target_GO,0.005301263315814616,0.04373486435590117,0.20183285909423432
plate11,4,SFOZKJGZNOBSHF,Auranofin,0.5,31,public_target_GO,0.006120485023299397,0.04546768423227941,0.08556431157008405
plate11,4,NCNRHFGMJRPRSK,Belinostat,0.5,10,public_target_GO,0.010881835285027211,0.05748633755203492,-0.12215549376859253
plate11,4,NAVMQTYZDKMPEU,Bexarotene,0.5,23,public_target_GO,0.009863868751740607,0.0552829824361345,0.09709697774924528
plate11,4,LKJPYSCBVHEWIU,Bicalutamide,0.5,26,public_target_GO,0.00797049425584556,0.051304302233027614,0.05476510526067329
plate11,4,ACWZRVQXLIRSDF,Binimetinib,0.5,26,public_target_GO,0.007890232640047387,0.05108989125702763,0.09402727269484491
plate11,4,VOVIALXJUBGFJZ,Budesonide,0.5,28,public_target_GO,0.00668397106650305,0.04862743690898408,0.049000601257087634
plate11,4,ONIQOQHATWINJY,Cabozantinib (S-malate),0.5,19,public_target_GO,0.007857255885964743,0.05119985954152804,-0.05278041861338547
plate11,4,FAKRSMQSSFJEIM,Captopril,0.5,34,public_target_GO,0.005729452384448348,0.04406007366885577,0.028272862594031955
plate11,4,CBGUOGMQLZIXBE,Clobetasol propionate,0.5,26,public_target_GO,0.007404684299738061,0.049236443938036244,-0.05836503606340084
plate11,4,PMATZTZNYRCHOR,Cyclosporin A,0.5,15,public_target_GO,0.008863379323172252,0.053518435370613716,-0.004216275957998783
plate11,4,BLIJXOOIHRSQRB,Darolutamide,0.5,33,public_target_GO,0.007580996114457959,0.050172728699909866,0.08498527202658068
plate11,4,UREBDLICKHMUKA,Dexamethasone,0.5,16,public_target_GO,0.009882606309171751,0.05578004122195169,0.0006450953256434085
plate11,4,HAYYBYPASCDWEQ,Entrectinib,0.5,41,public_target_GO,0.0071259704689766645,0.04947151552453609,0.012187918924711301
plate11,4,JOOXLOJCABQBSG,Fedratinib (hydrochloride hydrate),0.5,14,public_target_GO,0.01047640538198382,0.05657237826566314,-0.02637140025107754
plate11,4,RIJLVEAXPNLDTC,Filgotinib,0.5,20,public_target_GO,0.008278337740813742,0.05374500935158649,0.095462557925611
plate11,4,KKGQTZUTZRNORY,Fingolimod (hydrochloride),0.5,25,public_target_GO,0.0064620172479167735,0.04618983533572444,0.08707999422450992
plate11,4,MKXKFYHWDHIYRV,Flutamide,0.5,33,public_target_GO,0.007703986925635532,0.05054350108705073,0.039618724398159944
plate11,4,VWUXBMIQPBEWFH,Fulvestrant,0.5,13,public_target_GO,0.010005585428232593,0.055134817227812855,0.012202437587900695
plate11,4,MBOMYENWWXQSNW,Ixazomib citrate,0.5,16,public_target_GO,0.00836701199103669,0.049712784880880795,0.04252876683095998
plate11,4,VLCYCQAOQCDTCN,L-Eflornithine (monohydrochloride),0.5,32,public_target_GO,0.0064679812167785485,0.045474538924077774,0.020041624692156108
plate11,4,FBOZXECLQNJBKD,Methotrexate,0.5,43,public_target_GO,0.0065113218514719845,0.04722145316808294,0.01315968974686167
plate11,4,OFPXSFXSNFPTHF,Oxaprozin,0.5,24,public_target_GO,0.007073970952682433,0.04907342854540113,0.05637442849694584
plate11,4,FPOHNWQLNRZRFC,Panobinostat,0.5,23,public_target_GO,0.009323204796011914,0.054207485294133086,0.05892758823005339
plate11,4,IPVQLZZIHOAWMC,Perindopril (erbumine),0.5,25,public_target_GO,0.007512070495851431,0.048751995257278635,0.1153921468601785
plate11,4,HYAFETHFCAUJAY,Pioglitazone,0.5,27,public_target_GO,0.009140835191418487,0.0547252994882361,-0.16326204181209963
plate11,4,PHXJVRSECIGDHY,Ponatinib,0.5,22,public_target_GO,0.008269732618301665,0.05397358519394224,0.0007627148909852711
plate11,4,OGQICQVSFDPSEI,Tazarotene,0.5,49,public_target_GO,0.006650367995603938,0.04914528240488858,-0.04101050534230159
plate11,4,SEJLPXCPMNSRAM,Tirabrutinib (hydrochloride),0.5,16,public_target_GO,0.00943558743668604,0.05442160939034862,0.09515596027706295
plate11,4,LIRYPHYGHXZJBZ,Trametinib,0.5,17,public_target_GO,0.009841690637049292,0.05671562631558607,0.053741013172069085
plate12,3,NMUSYJAQQFHJEW,5-Azacytidine,5.0,12,public_target_GO,0.012041059309360155,0.06091414037730201,0.011082207157371382
plate12,3,GHASVSINZRGABV,5-Fluorouracil,5.0,16,public_target_GO,0.010292226110809264,0.05959139415758506,0.025180490879837654
plate12,3,PEMUGDMSUDYLHU,Adagrasib,0.05,8,public_target_GO,0.020041213177270457,0.07680928949491582,-0.056232221336071544
plate12,3,VOVZXURTCKPRDQ,Asciminib,5.0,26,public_target_GO,0.007851677629987548,0.050335276403327314,0.022120184442328786
plate12,3,SFOZKJGZNOBSHF,Auranofin,5.0,17,public_target_GO,0.015399539750298086,0.06470743785697718,0.07864594814135607
plate12,3,NCNRHFGMJRPRSK,Belinostat,5.0,18,public_target_GO,0.009829457112506344,0.05460515030529534,0.10782137139629538
plate12,3,NAVMQTYZDKMPEU,Bexarotene,5.0,19,public_target_GO,0.011825462853712856,0.05902708440350724,-0.03190939500580638
plate12,3,LKJPYSCBVHEWIU,Bicalutamide,5.0,25,public_target_GO,0.00953710769529748,0.05556221210328337,0.04451960176536926
plate12,3,ACWZRVQXLIRSDF,Binimetinib,5.0,33,public_target_GO,0.008051273281453747,0.05234641991776372,0.09645340818365968
plate12,3,VOVIALXJUBGFJZ,Budesonide,5.0,19,public_target_GO,0.00870127820760788,0.05296559932631827,0.12405772903860475
plate12,3,ONIQOQHATWINJY,Cabozantinib (S-malate),5.0,18,public_target_GO,0.009039467358389697,0.05565060687749714,0.008605645004535437
plate12,3,FAKRSMQSSFJEIM,Captopril,5.0,18,public_target_GO,0.009834291899189987,0.05562271841747268,-0.0814115870288589
plate12,3,CBGUOGMQLZIXBE,Clobetasol propionate,5.0,10,public_target_GO,0.01449493802915792,0.06666215795848893,0.11421814738036873
plate12,3,PMATZTZNYRCHOR,Cyclosporin A,5.0,25,public_target_GO,0.007290449331242414,0.05017928198233836,0.0380862119023099
plate12,3,BLIJXOOIHRSQRB,Darolutamide,5.0,41,public_target_GO,0.007471552100668854,0.050101177826886625,-0.014933763993173348
plate12,3,UREBDLICKHMUKA,Dexamethasone,5.0,10,public_target_GO,0.015187935639149034,0.06608984632367683,-0.06608498268339882
plate12,3,HAYYBYPASCDWEQ,Entrectinib,5.0,15,public_target_GO,0.009802475466158707,0.057092970795297175,0.055760065700002893
plate12,3,JOOXLOJCABQBSG,Fedratinib (hydrochloride hydrate),5.0,27,public_target_GO,0.007509609778912083,0.0493750297277936,0.11577719083241884
plate12,3,RIJLVEAXPNLDTC,Filgotinib,5.0,16,public_target_GO,0.011292311131058325,0.059696877262042876,0.03384212023887046
plate12,3,KKGQTZUTZRNORY,Fingolimod (hydrochloride),5.0,11,public_target_GO,0.011147605939903231,0.05833466864704274,0.009413707487514458
plate12,3,MKXKFYHWDHIYRV,Flutamide,5.0,22,public_target_GO,0.008904054470865203,0.053708786181401166,-0.009434236179052844
plate12,3,VWUXBMIQPBEWFH,Fulvestrant,5.0,32,public_target_GO,0.006604526357168772,0.04767047114428395,0.12068890647588683
plate12,3,MBOMYENWWXQSNW,Ixazomib citrate,5.0,12,public_target_GO,0.011701328099108982,0.061276067186625545,0.1842676803156819
plate12,3,VLCYCQAOQCDTCN,L-Eflornithine (monohydrochloride),5.0,17,public_target_GO,0.010232677507216584,0.056238144200443665,-0.02018262401603142
plate12,3,FBOZXECLQNJBKD,Methotrexate,5.0,26,public_target_GO,0.008034873076018231,0.05307918908012841,0.03533102877361247
plate12,3,OFPXSFXSNFPTHF,Oxaprozin,5.0,40,public_target_GO,0.005856254915434226,0.04496042239394589,-0.025011291014860035
plate12,3,FPOHNWQLNRZRFC,Panobinostat,5.0,8,public_target_GO,0.015805627192666427,0.06570039289330992,0.13859376909825655
plate12,3,IPVQLZZIHOAWMC,Perindopril (erbumine),5.0,25,public_target_GO,0.009006381969411623,0.054504214149250704,0.06461718591177798
plate12,3,HYAFETHFCAUJAY,Pioglitazone,5.0,28,public_target_GO,0.008812723278176773,0.05388671244129519,-0.03193652287479416
plate12,3,PHXJVRSECIGDHY,Ponatinib,5.0,19,public_target_GO,0.008485943464540003,0.054554445034971526,-0.019281129052859707
plate12,3,OGQICQVSFDPSEI,Tazarotene,5.0,29,public_target_GO,0.006674062806730782,0.04827764806775212,0.06411791046347856
plate12,3,SEJLPXCPMNSRAM,Tirabrutinib (hydrochloride),5.0,24,public_target_GO,0.008549817077822763,0.05403657101206957,0.00262382963331411
plate12,3,LIRYPHYGHXZJBZ,Trametinib,5.0,40,public_target_GO,0.00723586004736954,0.050038365430774036,0.17044554578810434
plate13,0,UZWDCWONPYILKI,Abemaciclib,0.05,18,public_target_GO,0.010609672619246693,0.0583972838997624,-0.02858788375272344
plate13,0,PEMUGDMSUDYLHU,Adagrasib,0.05,34,public_target_GO,0.007334263064179635,0.04969844133203601,-0.03269087542377335
plate13,0,GKHIVNAUVKXIIY,Belumosudil,0.05,34,public_target_GO,0.007399940276953312,0.04985581141148495,-0.10404411748757753
plate13,0,GKHIVNAUVKXIIY,Belumosudil,0.5,48,public_target_GO,0.006365841182937011,0.04698835852501042,-0.025266802258262187
plate13,0,GKHIVNAUVKXIIY,Belumosudil,5.0,25,public_target_GO,0.008562974414907637,0.0527203999635253,0.0071510894823339916
plate13,0,FAKRSMQSSFJEIM,Captopril,0.05,25,public_target_GO,0.008829782392035395,0.05427795760298951,0.024483830745258475
plate13,0,TZFNLOMSOLWIDK,Carbidopa (monohydrate),0.05,39,public_target_GO,0.007537141223775001,0.050944312793320755,-0.04787778979383494
plate13,0,TZFNLOMSOLWIDK,Carbidopa (monohydrate),0.5,19,public_target_GO,0.008952345227130867,0.05459186125151693,0.0028949043152542626
plate13,0,TZFNLOMSOLWIDK,Carbidopa (monohydrate),5.0,36,public_target_GO,0.0064058050534335,0.0465762419816214,0.025691536599225347
plate13,0,KYQZWONCHDNPDP,Daidzin,0.05,14,public_target_GO,0.01038667465235114,0.0576124050138865,-0.034122415199290296
plate13,0,KYQZWONCHDNPDP,Daidzin,0.5,55,public_target_GO,0.006002525643707163,0.045671987922233016,0.024333118331861674
plate13,0,KYQZWONCHDNPDP,Daidzin,5.0,24,public_target_GO,0.00876098440155446,0.052474931737164596,-0.04617780045881795
plate13,0,BJCJYEYYYGBROF,Flumatinib (mesylate),0.05,20,public_target_GO,0.0124907546018777,0.06539166254495954,-0.04745997873359354
plate13,0,BJCJYEYYYGBROF,Flumatinib (mesylate),0.5,27,public_target_GO,0.007637189378021705,0.0517882292087441,0.15922112879785197
plate13,0,BJCJYEYYYGBROF,Flumatinib (mesylate),5.0,30,public_target_GO,0.008244460471910436,0.05322867963791486,0.057911016206064946
plate13,0,GKDRMWXFWHEQQT,Fostamatinib (disodium hexahydrate),0.05,24,public_target_GO,0.008332243873347123,0.05345541879647416,-0.07385736223910294
plate13,0,GKDRMWXFWHEQQT,Fostamatinib (disodium hexahydrate),0.5,16,public_target_GO,0.009023550353173575,0.05478386341600308,0.11351693736762947
plate13,0,GKDRMWXFWHEQQT,Fostamatinib (disodium hexahydrate),5.0,32,public_target_GO,0.006423188087154592,0.0475758961531314,0.004839627519661346
plate13,0,ZAVGJDAFCZAWSZ,Hydroxyfasudil,0.05,20,public_target_GO,0.01073154151963725,0.06046274876447813,-0.1363928953961105
plate13,0,UWKQSNNFCGGAFS,Irinotecan (hydrochloride),0.05,45,public_target_GO,0.006416386089215561,0.047279936009459324,-0.07118883459029679
plate13,0,UWKQSNNFCGGAFS,Irinotecan (hydrochloride),0.5,52,public_target_GO,0.0058470799657076595,0.04625499162059798,-0.03752813627123412
plate13,0,UWKQSNNFCGGAFS,Irinotecan (hydrochloride),5.0,42,public_target_GO,0.005952424901156517,0.04630794820378226,0.1201133620942358
plate13,0,NYNZQNWKBKUAII,Larotrectinib sulfate,0.05,13,public_target_GO,0.015265879611200078,0.06857072542144436,0.001843204477177049
plate13,0,NYNZQNWKBKUAII,Larotrectinib sulfate,0.5,8,public_target_GO,0.02000981014108266,0.07473910959302617,-0.031042012678825084
plate13,0,NYNZQNWKBKUAII,Larotrectinib sulfate,5.0,27,public_target_GO,0.00929688763829259,0.0557407058778147,0.008756717043134767
plate13,0,IMBXEJJVJRTNOW,Methylprednisolone succinate,0.05,15,public_target_GO,0.014040889878040651,0.0688875890543833,-0.049109505666447166
plate13,0,KHPCIHZXOGHCLY,PF-06260933,0.05,33,public_target_GO,0.006999789753610277,0.04973119211308835,-0.05834335197603013
plate13,0,CFCUWKMKBJTWLW,Plicamycin,0.05,14,public_target_GO,0.011907236626033994,0.061836144204426916,-0.07934179916018663
plate13,0,CFCUWKMKBJTWLW,Plicamycin,0.5,27,public_target_GO,0.007737730127413794,0.051523461025244785,-0.005527833002816662
plate13,0,CFCUWKMKBJTWLW,Plicamycin,5.0,29,public_target_GO,0.008386922810698678,0.05266573789152435,-0.02022925926931421
plate13,0,TUZYXOIXSAXUGO,Pravastatin (sodium),0.05,47,public_target_GO,0.005780258618571406,0.04453952290949835,-0.08162472100597655
plate13,0,TUZYXOIXSAXUGO,Pravastatin (sodium),0.5,48,public_target_GO,0.006331406259578475,0.04758289824129392,0.021863211086124636
plate13,0,TUZYXOIXSAXUGO,Pravastatin (sodium),5.0,33,public_target_GO,0.006608254577876562,0.04930310573420366,0.07890470449384827
plate13,0,XPPBBJCBDOEXDN,Ralimetinib dimesylate,0.05,18,public_target_GO,0.009202484291892958,0.05481040041620573,-0.06687664923867394
plate13,0,FNHKPVJBJVTLMP,Regorafenib,0.05,21,public_target_GO,0.009851451356820513,0.05800626120133361,-0.0370553006848103
plate13,0,FNHKPVJBJVTLMP,Regorafenib,0.5,13,public_target_GO,0.011750905182544603,0.06294477478433598,0.025027219034826728
plate13,0,FNHKPVJBJVTLMP,Regorafenib,5.0,20,public_target_GO,0.00831437325074026,0.05271667365737037,0.017892566188359434
plate13,0,RHXHGRAEPCAFML,Ribociclib,0.05,29,public_target_GO,0.00800366372931396,0.05198788117178341,-0.07902352552269422
plate13,0,RHXHGRAEPCAFML,Ribociclib,0.5,19,public_target_GO,0.009387679022697378,0.0562750163949251,0.0044359778241330585
plate13,0,RHXHGRAEPCAFML,Ribociclib,5.0,21,public_target_GO,0.010038615891325606,0.055505461137380877,-0.06446438245048788
plate13,0,UCFGDBYHRUNTLO,Topotecan (hydrochloride),0.05,23,public_target_GO,0.008914023640245305,0.05560679987985988,0.007635979088261157
plate13,0,UCFGDBYHRUNTLO,Topotecan (hydrochloride),0.5,17,public_target_GO,0.009389192981559547,0.05549653505634046,0.03844770001758218
plate13,0,UCFGDBYHRUNTLO,Topotecan (hydrochloride),5.0,14,public_target_GO,0.010722533880597528,0.05856029438102632,-0.052887948022716215
plate13,0,WWOXKWLDMLMYQY,c-Kit-IN-1,0.05,16,public_target_GO,0.012270588168319503,0.06328397960555712,-0.048531968080140576
plate13,0,FDLYAMZZIXQODN,olaparib,0.05,28,public_target_GO,0.007256067668018578,0.050023812734506,-0.05804348622505525
plate14,3,PEMUGDMSUDYLHU,Adagrasib,0.05,15,public_target_GO,0.016288104749749028,0.07000563945811104,0.0178825852726239
plate14,3,OIRDTQYFTABQOQ,Adenosine,5.0,12,public_target_GO,0.013409406000828844,0.06202468057209409,0.1213177852091837
plate14,3,XCPGHVQEEXUHNC,Amsacrine,5.0,17,public_target_GO,0.013874791995113073,0.06548504813559082,-0.03216381715486817
plate14,3,IPOKCKJONYRRHP,Balsalazide (sodium hydrate),5.0,13,public_target_GO,0.015032405928871994,0.07034185440205912,0.01740497078597112
plate14,3,VNFPBHJOKIVQEB,Clotrimazole,5.0,35,public_target_GO,0.010513759846026146,0.05722812305553672,-0.10372387594717014
plate14,3,ZZUFCTLCJUWOSV,Furosemide,5.0,14,public_target_GO,0.011397834721196506,0.05866889949738035,0.028831479603597932
plate14,3,HEMJJKBWTPKOJG,Gemfibrozil,5.0,56,public_target_GO,0.010472769947635477,0.058281023255121855,0.001431427695188499
plate14,3,XDXDZDZNSLXDNA,Idarubicin (hydrochloride),5.0,32,public_target_GO,0.010568926674058857,0.05865423529483886,0.13546244030462723
plate14,3,NYNZQNWKBKUAII,Larotrectinib,5.0,22,public_target_GO,0.010409839477112591,0.05702413386252479,0.030379099096537396
plate14,3,GOTYRUGSSMKFNF,Lenalidomide (hemihydrate),5.0,25,public_target_GO,0.009880116944807957,0.05529966267844547,-0.05416379476514284
plate14,3,NNJVILVZKWQKPM,Lidocaine (hydrochloride),5.0,24,public_target_GO,0.011993725978438202,0.06068620263074106,0.00861307838922329
plate14,3,PSGAAPLEWMOORI,Medroxyprogesterone acetate,5.0,29,public_target_GO,0.01093084387819152,0.05881164425830648,-0.025268117014808376
plate14,3,KKZJGLLVHKMTCM,Mitoxantrone (dihydrochloride),5.0,14,public_target_GO,0.013080069091024828,0.06373166493330341,0.042494641111142345
plate14,3,DUPWHXBITIZIKZ,Radotinib,5.0,21,public_target_GO,0.01196171472652819,0.06101720227275307,-0.0397598559671681
plate14,3,IVTVGDXNLFLDRM,Raltitrexed,5.0,23,public_target_GO,0.011071008719937192,0.05998904080994038,-0.028376942671386452
plate14,3,QFJCIRLUMZQUOT,Rapamycin,5.0,12,public_target_GO,0.015119358208846306,0.06830127501090234,-0.0014257040037180034
plate14,3,LUKBXSAWLPMMSZ,Resveratrol,5.0,21,public_target_GO,0.012330467307901116,0.06065585876102377,-0.10187975890869272
plate14,3,SHGAZHPCJJPHSC,Retinoic acid,5.0,19,public_target_GO,0.011522551632840125,0.05986536344490484,-0.04204942828447591
plate14,3,CBPNZQVSJQDFBE,Temsirolimus,5.0,40,public_target_GO,0.009932628198866554,0.05635726555552741,-0.024507954418580776
plate14,3,UJLAWZDWDVHWOW,Tofacitinib (citrate),5.0,25,public_target_GO,0.010172379899659393,0.05606731594600954,-0.007196013442988855
plate14,3,UJLAWZDWDVHWOW,Tofacitinib,5.0,23,public_target_GO,0.012568757987250719,0.0597539755497915,-0.10918960361560325
plate14,3,MIQPIUSUKVNLNT,Tolcapone,5.0,17,public_target_GO,0.010880690777560736,0.05683076154301177,-0.03613574094747417
plate14,3,GFNANZIMVAIWHM,Triamcinolone,5.0,29,public_target_GO,0.010431504226756717,0.05726810060461443,-0.006131801349980682
plate14,3,NOYPYLRCIDNJJB,Trimetrexate,5.0,23,public_target_GO,0.011329711912300672,0.05911667358114953,-0.005313689654703408
plate14,3,SZMJVTADHFNAIS,Tucidinostat,5.0,33,public_target_GO,0.009837739815015735,0.05707185027202511,-0.0006366588076346933
plate2,0,KFRKRECSIYXARE,4EGI-1,0.5,5,public_target_GO,0.026046620935432346,0.08124902199072177,0.0025676077411715833
plate2,0,FARXPFGGGGLENU,9-ING-41,0.5,31,public_target_GO,0.008431232330432149,0.05205675990658006,0.13675691103225246
plate2,0,NIRXBXIPHUTNNI,APTO-253,0.5,27,public_target_GO,0.00925090184120643,0.05494468524019348,0.09314363369813584
plate2,0,OVPNQJVDAFNBDN,AT7519,0.5,34,public_target_GO,0.008723133260355712,0.052484356424895615,0.05368727077940731
plate2,0,XISVSTPEXYIKJL,AZD-7648,0.5,14,public_target_GO,0.011517116394153357,0.06143920627546035,0.027193160805413192
plate2,0,KVLFRAWTRWDEDF,AZD-8055,0.5,13,public_target_GO,0.013618100121766957,0.06515772891184522,0.10190004817650034
plate2,0,VQSZIPCGAGVRRP,AZD1390,0.5,23,public_target_GO,0.009343500951420667,0.054924784601715036,0.1504818216859256
plate2,0,UZWDCWONPYILKI,Abemaciclib,0.5,19,public_target_GO,0.009480098175620188,0.05498426672390319,0.047947757232378374
plate2,0,PEMUGDMSUDYLHU,Adagrasib,0.05,31,public_target_GO,0.008099614815304315,0.05223101941176024,0.04324388957138328
plate2,0,STUWGJZDJHPWGZ,Alpelisib,0.5,14,public_target_GO,0.01274867850926452,0.06398360919744095,-0.01504435190606428
plate2,0,JBGYKRAZYDNCNV,BAY1125976,0.5,43,public_target_GO,0.0075648524782296845,0.04942007323705793,0.17688178900850915
plate2,0,XVFDNRYZXDHTHT,BI-3406,0.5,30,public_target_GO,0.009143195935065518,0.0531238072047247,0.11705174261177961
plate2,0,GKHIVNAUVKXIIY,Belumosudil (mesylate),0.5,15,public_target_GO,0.012312918599359016,0.06119218790802019,0.05485403084392939
plate2,0,LOMMPXLFBTZENJ,Belzutifan,0.5,18,public_target_GO,0.010395159078918519,0.05846914401082549,0.018022408608784398
plate2,0,XCPPIJCBCWUBNT,Bentamapimod,0.5,37,public_target_GO,0.008240740698275245,0.05114399301327529,0.0891269718888992
plate2,0,ADGGYDAFIHSYFI,Bimiralisib,0.5,15,public_target_GO,0.013916192361839377,0.06534785525121166,0.16204487997500688
plate2,0,ACWZRVQXLIRSDF,Binimetinib,0.5,27,public_target_GO,0.009143758416252276,0.05453529544236865,0.23428873411083148
plate2,0,GXJABQQUPOEUTA,Bortezomib,0.5,38,public_target_GO,0.009458620034619896,0.05489349482890754,0.16500326088583095
plate2,0,RGTAEYDIDMGJLX,CP21R7,0.5,20,public_target_GO,0.010315625350513863,0.058019227327384154,0.0037667068958348988
plate2,0,JDUBGYFRJFOXQC,Capivasertib,0.5,20,public_target_GO,0.009795519590214054,0.05578287861741682,0.06826622525360244
plate2,0,BFSMGDJOXZAERB,Dabrafenib,0.5,23,public_target_GO,0.011025293625654351,0.05781288244053473,0.0785349109983989
plate2,0,FHWSAZXFPUMKFL,EX229,0.5,49,public_target_GO,0.007746847484565365,0.050524684099160715,0.0890968018811113
plate2,0,YBXRSCXGRPSTMW,Elimusertib hydrochloride,0.5,53,public_target_GO,0.006343778917997485,0.04572138321884149,0.15274973839782263
plate2,0,HKVAMNSJSFKALM,Everolimus,0.5,46,public_target_GO,0.008249478283377923,0.052839487396622045,0.17801061789059638
plate2,0,KEIPNCCJPRMIAX,Futibatinib,0.5,40,public_target_GO,0.010243389262556607,0.05667438697149502,0.00514603430302094
plate2,0,QDITZBLZQQZVEE,GSK1059615,0.5,27,public_target_GO,0.010459262102511212,0.0563094405814018,0.19976621305745632
plate2,0,BCSBXWKRZUPFHW,HI-TOPK-032,0.5,46,public_target_GO,0.007762364661219661,0.051023827649244395,0.09179270881045977
plate2,0,ZAVGJDAFCZAWSZ,Hydroxyfasudil,0.5,19,public_target_GO,0.011065798036909552,0.058739633589985844,0.04338949330023729
plate2,0,QADPYRIHXKWUSV,Infigratinib,0.5,15,public_target_GO,0.0126056451205526,0.06414352854172567,-0.020581536489361122
plate2,0,GRZXWCHAXNAUHY,Ipatasertib,0.5,55,public_target_GO,0.008178092557101052,0.04941761346974196,0.17501065205418365
plate2,0,UWKQSNNFCGGAFS,Irinotecan,0.5,7,public_target_GO,0.014543953290020464,0.06611744737930683,0.04471432453782985
plate2,0,MXAYKZJJDUDWDS,Ixazomib,0.5,15,public_target_GO,0.012702248749216818,0.06303956111051097,0.03216687528796301
plate2,0,JUQMLSGOTNKJKI,LB-100,0.5,30,public_target_GO,0.008276956631899904,0.05196002142153171,0.017077674426765586
plate2,0,YUYJEQHNWKQNBT,LJI308,0.5,20,public_target_GO,0.012098130905977559,0.06099246785804109,0.048713229114002415
plate2,0,FYXRSVDHGLUMHB,LY-2584702 (tosylate salt),0.5,10,public_target_GO,0.016816196396874972,0.07008411304349789,0.07499684384310173
plate2,0,HRJWTAWVFDCTGO,LY2090314,0.5,20,public_target_GO,0.010320098926533596,0.0582514838635904,-0.018896265465706365
plate2,0,DHMTURDWPRKSOA,Lonafarnib,0.5,14,public_target_GO,0.013092574024795679,0.06234387644817324,0.023025047020635365
plate2,0,FIKQZQDYGXAUHC,MK-3903,0.5,16,public_target_GO,0.01101685897420394,0.0600290575995222,0.11246828445298532
plate2,0,KPQQGHGDBBJGFA,MK-8353,0.5,12,public_target_GO,0.014454813614576572,0.06383939892452503,0.0019339712860426074
plate2,0,AJCDZIDKYKCOMZ,ML264,0.5,36,public_target_GO,0.007636480814636576,0.05006295765233435,0.1381129793877246
plate2,0,IMBXEJJVJRTNOW,Methylprednisolone succinate,0.5,24,public_target_GO,0.011180238278562205,0.0590358059922301,-0.03235399922986561
plate2,0,SMPGEBOIKULBCT,NG25,0.5,8,public_target_GO,0.017509563295299214,0.07069692147104545,0.015571837081038972
plate2,0,ZCCPLJOKGAACRT,NVP-BHG712,0.5,26,public_target_GO,0.008142491326299036,0.051577044921421775,0.025196589736527084
plate2,0,OETLNMOJNONWOY,OTS514,0.5,25,public_target_GO,0.008716824835262506,0.05390196463051807,0.05668710365450006
plate2,0,KHPCIHZXOGHCLY,PF-06260933,0.5,17,public_target_GO,0.010849043263232645,0.059432421012927096,0.12427234620894036
plate2,0,KCAJXIDMCNPGHZ,PH-797804,0.5,46,public_target_GO,0.007110710102497424,0.04797716559934694,0.08997889477170938
plate2,0,NVVPMZUGELHVMH,Pimitespib,0.5,28,public_target_GO,0.009514701069389495,0.05477589238437547,0.10335437955744246
plate2,0,FVICRBSEYSHKFY,RMC-6236,0.5,25,public_target_GO,0.008696072152469493,0.053104043558069004,0.19158512015183604
plate2,0,XPPBBJCBDOEXDN,Ralimetinib dimesylate,0.5,21,public_target_GO,0.011051607125010136,0.058471275924046405,0.17688117098127565
plate2,0,FNHKPVJBJVTLMP,Regorafenib,0.5,25,public_target_GO,0.01010691799891577,0.05711642570326,-0.00828941735553956
plate2,0,GYLDXIAOMVERTK,Sapanisertib,0.5,37,public_target_GO,0.008411090968442047,0.05342428460666347,0.15009708457317744
plate2,0,RCLQNICOARASSR,TAK-733,0.5,7,public_target_GO,0.019202100831765902,0.07153427821339144,0.0016613838469027764
plate2,0,WKDACQVEJIVHMZ,TAK-901,0.5,16,public_target_GO,0.010720172685122624,0.05833313040782759,-0.019228836706358554
plate2,0,MFAQYJIYDMLAIM,Torkinib,0.5,27,public_target_GO,0.009072150990170297,0.05522501964229669,0.1715771227247224
plate2,0,LIRYPHYGHXZJBZ,Trametinib,0.5,30,public_target_GO,0.008571191016692627,0.0532006521159545,0.20269676846888024
plate2,0,GPXBXXGIAQBQNI,Vemurafenib,0.5,27,public_target_GO,0.008243759000995722,0.05148196072938408,0.08649931551482049
plate2,0,SXNJFOWDRLKDSF,Volasertib,0.5,7,public_target_GO,0.020706574847443194,0.07511231384488298,-0.006959817930957689
plate2,0,WWOXKWLDMLMYQY,c-Kit-IN-1,0.5,15,public_target_GO,0.010843250806806483,0.059061891860092426,-0.00334927783821781
plate2,0,FDLYAMZZIXQODN,olaparib,0.5,19,public_target_GO,0.009159256003037766,0.056360064376249394,0.07116572774306394
plate2,0,AHJRHEGDXFFMBM,palbociclib,0.5,10,public_target_GO,0.014842308668998891,0.06723740729303017,0.10981831512022819
plate2,0,LQBVNQSMGBZMKD,venetoclax,0.5,17,public_target_GO,0.009523091432434823,0.055623356243758186,0.10066775083281868
plate3,1,KFRKRECSIYXARE,4EGI-1,5.0,33,public_target_GO,0.006041019503648554,0.045645773752976515,0.045812781057253615
plate3,1,FARXPFGGGGLENU,9-ING-41,5.0,27,public_target_GO,0.008284867213838122,0.050541255116444625,-0.11056528469678363
plate3,1,NIRXBXIPHUTNNI,APTO-253,5.0,29,public_target_GO,0.006750444964571728,0.04671843003619226,-0.0011219676637033
plate3,1,OVPNQJVDAFNBDN,AT7519,5.0,35,public_target_GO,0.005626112075788482,0.0431717523322601,0.09726697283174507
plate3,1,XISVSTPEXYIKJL,AZD-7648,5.0,36,public_target_GO,0.005819191541778774,0.04428017008317629,0.07563348154507624
plate3,1,KVLFRAWTRWDEDF,AZD-8055,5.0,33,public_target_GO,0.008192792763724546,0.052036547683516246,-0.013410528651194539
plate3,1,VQSZIPCGAGVRRP,AZD1390,5.0,36,public_target_GO,0.005340491458668182,0.042953131425725245,0.054092716094768796
plate3,1,FHCSBLWRGCOVPT,AZD2858,5.0,18,public_target_GO,0.007969249171321904,0.051136771073476514,0.10970912510574826
plate3,1,UZWDCWONPYILKI,Abemaciclib,5.0,31,public_target_GO,0.008789203342758586,0.052017577330834314,-0.04236939696828444
plate3,1,PEMUGDMSUDYLHU,Adagrasib,0.05,31,public_target_GO,0.006070541630589988,0.04493336488501773,-0.008293640907385018
plate3,1,STUWGJZDJHPWGZ,Alpelisib,5.0,25,public_target_GO,0.007716860128465175,0.05070639188478101,0.06279902505047716
plate3,1,JBGYKRAZYDNCNV,BAY1125976,5.0,20,public_target_GO,0.011728988745066785,0.05652212881910929,-0.02145540265950719
plate3,1,XVFDNRYZXDHTHT,BI-3406,5.0,35,public_target_GO,0.005874587585239587,0.04410091696471336,0.08628824640782734
plate3,1,GKHIVNAUVKXIIY,Belumosudil (mesylate),5.0,24,public_target_GO,0.007553064037462453,0.050506007498460175,0.04758153857785624
plate3,1,LOMMPXLFBTZENJ,Belzutifan,5.0,23,public_target_GO,0.008628241855817911,0.05368146970901301,0.0054949632388968635
plate3,1,XCPPIJCBCWUBNT,Bentamapimod,5.0,24,public_target_GO,0.007378623877747308,0.048620089641109615,0.03625129802299101
plate3,1,ADGGYDAFIHSYFI,Bimiralisib,5.0,51,public_target_GO,0.007102600556765003,0.04808821634693253,0.004816592790449686
plate3,1,ACWZRVQXLIRSDF,Binimetinib,5.0,15,public_target_GO,0.011322023402965335,0.06120941590728109,0.09431782656258621
plate3,1,GXJABQQUPOEUTA,Bortezomib,5.0,22,public_target_GO,0.008845721003675797,0.05377642400862227,0.2302162114387084
plate3,1,RGTAEYDIDMGJLX,CP21R7,5.0,25,public_target_GO,0.008127010766194136,0.05144824228118433,0.010603115390341656
plate3,1,JDUBGYFRJFOXQC,Capivasertib,5.0,31,public_target_GO,0.006161541385018032,0.04535485737255304,0.021009834721547656
plate3,1,BFSMGDJOXZAERB,Dabrafenib,5.0,23,public_target_GO,0.008612207970574435,0.05208658941771908,-0.030061886068136704
plate3,1,FHWSAZXFPUMKFL,EX229,5.0,24,public_target_GO,0.007100422709696188,0.048011698934576436,0.11025198013848043
plate3,1,YBXRSCXGRPSTMW,Elimusertib hydrochloride,5.0,24,public_target_GO,0.006752972733987546,0.047558714234707075,0.1659871137723859
plate3,1,CMJCXYNUCSMDBY,Encorafenib,5.0,44,public_target_GO,0.00676712534954577,0.04545963906012105,-0.03826446992343473
plate3,1,HKVAMNSJSFKALM,Everolimus,5.0,154,public_target_GO,0.00534686192591333,0.04207254721168149,0.07626587025529882
plate3,1,KEIPNCCJPRMIAX,Futibatinib,5.0,12,public_target_GO,0.012280696200632409,0.06261638834461754,-0.009024477818275518
plate3,1,QDITZBLZQQZVEE,GSK1059615,5.0,27,public_target_GO,0.006360138036692019,0.04635577802575895,0.037856191619010486
plate3,1,BCSBXWKRZUPFHW,HI-TOPK-032,5.0,42,public_target_GO,0.005236170221487058,0.04234495781057694,0.10523131058763514
plate3,1,ZAVGJDAFCZAWSZ,Hydroxyfasudil,5.0,15,public_target_GO,0.008625711720362805,0.05346901338054342,0.10149548703458064
plate3,1,QADPYRIHXKWUSV,Infigratinib,5.0,30,public_target_GO,0.007027165167913789,0.048373895945286974,0.08055451258776668
plate3,1,GRZXWCHAXNAUHY,Ipatasertib,5.0,33,public_target_GO,0.0062222571928176595,0.04477760408901323,0.05730833011144744
plate3,1,UWKQSNNFCGGAFS,Irinotecan,5.0,78,public_target_GO,0.004399213363541485,0.039299605810514435,0.12795254257968947
plate3,1,MXAYKZJJDUDWDS,Ixazomib,5.0,30,public_target_GO,0.00867895528430355,0.05431917745758757,0.029106930749433657
plate3,1,JUQMLSGOTNKJKI,LB-100,5.0,34,public_target_GO,0.006136011424623623,0.04533553076099945,-0.00037522536480089503
plate3,1,YUYJEQHNWKQNBT,LJI308,5.0,28,public_target_GO,0.005827540365847348,0.044765174759043375,0.053120008910336754
plate3,1,FYXRSVDHGLUMHB,LY-2584702 (tosylate salt),5.0,18,public_target_GO,0.009284748820581975,0.05334667546612364,0.19391586758114654
plate3,1,HRJWTAWVFDCTGO,LY2090314,5.0,25,public_target_GO,0.007131374484255349,0.04842569553084293,0.016911842289668796
plate3,1,DHMTURDWPRKSOA,Lonafarnib,5.0,15,public_target_GO,0.010038928750956806,0.055047576369133794,0.07388893216926294
plate3,1,FIKQZQDYGXAUHC,MK-3903,5.0,37,public_target_GO,0.00666418441346421,0.046814719504771174,-0.036967424199044016
plate3,1,KPQQGHGDBBJGFA,MK-8353,5.0,23,public_target_GO,0.00951821504853882,0.05344799099499333,-0.00487683827449695
plate3,1,AJCDZIDKYKCOMZ,ML264,5.0,25,public_target_GO,0.0072309035493389314,0.048407314357822195,0.01656529570875238
plate3,1,IMBXEJJVJRTNOW,Methylprednisolone succinate,5.0,32,public_target_GO,0.0077298591485454905,0.049763177634528456,0.04258802783850367
plate3,1,SMPGEBOIKULBCT,NG25,5.0,17,public_target_GO,0.009327699777333017,0.05475765415351154,0.009783447402424872
plate3,1,ZCCPLJOKGAACRT,NVP-BHG712,5.0,13,public_target_GO,0.011042850551432557,0.05926480130348106,0.023603984278970563
plate3,1,OETLNMOJNONWOY,OTS514,5.0,10,public_target_GO,0.011504744003674454,0.059381867147710314,0.15826280957660935
plate3,1,KHPCIHZXOGHCLY,PF-06260933,5.0,16,public_target_GO,0.00980448826564054,0.05448983503527772,-0.0025506956242837887
plate3,1,KCAJXIDMCNPGHZ,PH-797804,5.0,18,public_target_GO,0.007961266547776246,0.049657887482860354,0.12447105009176025
plate3,1,HCDMJFOHIXMBOV,Pemigatinib,5.0,32,public_target_GO,0.006436115321967812,0.04730403439637198,-0.033557201208593845
plate3,1,NVVPMZUGELHVMH,Pimitespib,5.0,16,public_target_GO,0.008631887107410627,0.05305649337368547,0.10978253029253811
plate3,1,FVICRBSEYSHKFY,RMC-6236,5.0,37,public_target_GO,0.00662415297021043,0.04630607045334658,0.07540176071964248
plate3,1,XPPBBJCBDOEXDN,Ralimetinib dimesylate,5.0,25,public_target_GO,0.007637410642362841,0.04895431826328729,-0.039460741654520966
plate3,1,FNHKPVJBJVTLMP,Regorafenib,5.0,40,public_target_GO,0.005206138586839311,0.041720914294395756,0.05879958747469726
plate3,1,GYLDXIAOMVERTK,Sapanisertib,5.0,28,public_target_GO,0.010085579719857338,0.05611061345298779,-0.0026159621635169243
plate3,1,RCLQNICOARASSR,TAK-733,5.0,30,public_target_GO,0.008573226497061754,0.05270062593772306,0.06345645395660639
plate3,1,WKDACQVEJIVHMZ,TAK-901,5.0,36,public_target_GO,0.011635248147415558,0.051204394704300854,0.08389822698421297
plate3,1,MFAQYJIYDMLAIM,Torkinib,5.0,15,public_target_GO,0.009363042390566047,0.05575384555001506,0.09429322465007288
plate3,1,LIRYPHYGHXZJBZ,Trametinib,5.0,39,public_target_GO,0.008383360481474674,0.04965828404484784,0.03368466485130746
plate3,1,GPXBXXGIAQBQNI,Vemurafenib,5.0,56,public_target_GO,0.005832213630680006,0.044032494683348605,0.0397210741666638
plate3,1,SXNJFOWDRLKDSF,Volasertib,5.0,23,public_target_GO,0.007776162899669407,0.05034882870398092,0.1073944464632872
plate3,1,WWOXKWLDMLMYQY,c-Kit-IN-1,5.0,28,public_target_GO,0.0065843765115289115,0.04775055304592831,0.10616369999023006
plate3,1,FDLYAMZZIXQODN,olaparib,5.0,92,public_target_GO,0.004001475029320954,0.03786312193622579,0.10276597043309844
plate3,1,AHJRHEGDXFFMBM,palbociclib,5.0,26,public_target_GO,0.009382225069196228,0.05439650311581272,-0.05490398823243177
plate3,1,LQBVNQSMGBZMKD,venetoclax,5.0,33,public_target_GO,0.0067971709947496585,0.045791039580229696,0.13531517355521228
plate4,3,PEMUGDMSUDYLHU,Adagrasib,0.05,20,public_target_GO,0.013544040956909696,0.06518961863248773,0.03512998102886868
plate4,3,OIRDTQYFTABQOQ,Adenosine,0.05,17,public_target_GO,0.007705510229272364,0.0499521958258385,0.07540823740421904
plate4,3,XCPGHVQEEXUHNC,Amsacrine,0.05,12,public_target_GO,0.011811550449055628,0.06023608862978695,0.03909673165652952
plate4,3,IPOKCKJONYRRHP,Balsalazide (sodium hydrate),0.05,10,public_target_GO,0.01306315563556034,0.06343977089872575,0.0039822240419612655
plate4,3,VNFPBHJOKIVQEB,Clotrimazole,0.05,31,public_target_GO,0.006009524809700403,0.04509286736559904,0.03453337660169305
plate4,3,ZZUFCTLCJUWOSV,Furosemide,0.05,15,public_target_GO,0.010266783652929797,0.054615514277970865,0.012773012103680056
plate4,3,HEMJJKBWTPKOJG,Gemfibrozil,0.05,24,public_target_GO,0.00751790241021521,0.05029957877435133,0.1331287451974499
plate4,3,XDXDZDZNSLXDNA,Idarubicin (hydrochloride),0.05,18,public_target_GO,0.008480525838609853,0.053799497329042316,0.030884369280547126
plate4,3,NYNZQNWKBKUAII,Larotrectinib,0.05,58,public_target_GO,0.005848754136826087,0.0437571015104359,0.022841651411333676
plate4,3,GOTYRUGSSMKFNF,Lenalidomide (hemihydrate),0.05,16,public_target_GO,0.009380999658798359,0.052449079812948905,0.07662436226733152
plate4,3,NNJVILVZKWQKPM,Lidocaine (hydrochloride),0.05,6,public_target_GO,0.021474062159978057,0.07706233739063253,-0.014745311611334506
plate4,3,PSGAAPLEWMOORI,Medroxyprogesterone acetate,0.05,34,public_target_GO,0.007683087269876637,0.04886248851013932,0.026474955669842745
plate4,3,KKZJGLLVHKMTCM,Mitoxantrone (dihydrochloride),0.05,13,public_target_GO,0.010888574322788721,0.06030794511619773,0.034285972017817516
plate4,3,DUPWHXBITIZIKZ,Radotinib,0.05,12,public_target_GO,0.013398771417551587,0.06593453050480645,-0.0163806852210475
plate4,3,IVTVGDXNLFLDRM,Raltitrexed,0.05,15,public_target_GO,0.011460803638791497,0.058532828127119844,-0.02999351802246146
plate4,3,QFJCIRLUMZQUOT,Rapamycin,0.05,16,public_target_GO,0.011315185143749025,0.060957822705680065,0.08986988160755702
plate4,3,LUKBXSAWLPMMSZ,Resveratrol,0.05,18,public_target_GO,0.008345139476617391,0.05199046931396796,0.012519826060674422
plate4,3,CBPNZQVSJQDFBE,Temsirolimus,0.05,17,public_target_GO,0.013204029912488157,0.06379552370899771,-0.09656439938612653
plate4,3,UJLAWZDWDVHWOW,Tofacitinib (citrate),0.05,12,public_target_GO,0.011308905237216697,0.058390716831481136,0.10732514133525234
plate4,3,UJLAWZDWDVHWOW,Tofacitinib,0.05,18,public_target_GO,0.008435224125317184,0.051782371083944,0.006313191765690272
plate4,3,MIQPIUSUKVNLNT,Tolcapone,0.05,18,public_target_GO,0.008577633576642539,0.0525504016993004,-0.050482894995367414
plate4,3,GFNANZIMVAIWHM,Triamcinolone,0.05,13,public_target_GO,0.010553067302267308,0.05992475851927803,-0.0041939558184528256
plate4,3,NOYPYLRCIDNJJB,Trimetrexate,0.05,33,public_target_GO,0.006358047612086653,0.04667610725680265,-0.01965761512859049
plate4,3,SZMJVTADHFNAIS,Tucidinostat,0.05,28,public_target_GO,0.007151414272721266,0.048183227659858954,-0.030705295536026293
plate5,2,PEMUGDMSUDYLHU,Adagrasib,0.05,40,public_target_GO,0.00982309290731844,0.05612540648988193,0.03277082915801927
plate5,2,OIRDTQYFTABQOQ,Adenosine,0.5,32,public_target_GO,0.0069550511264185955,0.04813562665108466,0.045777762647410146
plate5,2,XCPGHVQEEXUHNC,Amsacrine,0.5,31,public_target_GO,0.009415157183968318,0.05687459595848119,0.0500187082062312
plate5,2,IPOKCKJONYRRHP,Balsalazide (sodium hydrate),0.5,34,public_target_GO,0.008256699856863827,0.05232832085256886,0.11230965554073832
plate5,2,VNFPBHJOKIVQEB,Clotrimazole,0.5,37,public_target_GO,0.007664411481058648,0.04992686537267411,-0.0230771632868443
plate5,2,ZZUFCTLCJUWOSV,Furosemide,0.5,27,public_target_GO,0.008411236908184332,0.05227361576069222,-0.04609406308249497
plate5,2,HEMJJKBWTPKOJG,Gemfibrozil,0.5,54,public_target_GO,0.007407857671029619,0.049236182316665246,0.08085829667870534
plate5,2,XDXDZDZNSLXDNA,Idarubicin (hydrochloride),0.5,24,public_target_GO,0.009140288636516858,0.055640234322226624,0.09791220409073075
plate5,2,NYNZQNWKBKUAII,Larotrectinib,0.5,60,public_target_GO,0.006668067109624908,0.04648555104152014,0.02023370710539887
plate5,2,GOTYRUGSSMKFNF,Lenalidomide (hemihydrate),0.5,34,public_target_GO,0.00659338560563709,0.046599443087366646,-0.016476590398517392
plate5,2,NNJVILVZKWQKPM,Lidocaine (hydrochloride),0.5,22,public_target_GO,0.012150830404119592,0.06256312213405818,0.023113616395104675
plate5,2,PSGAAPLEWMOORI,Medroxyprogesterone acetate,0.5,35,public_target_GO,0.008847620486741129,0.05311794159048055,0.00720401370776035
plate5,2,KKZJGLLVHKMTCM,Mitoxantrone (dihydrochloride),0.5,25,public_target_GO,0.0104622349205815,0.05878570914995814,0.0009619254454049356
plate5,2,DUPWHXBITIZIKZ,Radotinib,0.5,18,public_target_GO,0.010307537594350455,0.05761470825926321,0.16578080010723678
plate5,2,IVTVGDXNLFLDRM,Raltitrexed,0.5,16,public_target_GO,0.01233720944346844,0.06261743994786968,-0.02509395893483572
plate5,2,QFJCIRLUMZQUOT,Rapamycin,0.5,28,public_target_GO,0.009135570869705557,0.055578582632607974,0.12904634430909026
plate5,2,LUKBXSAWLPMMSZ,Resveratrol,0.5,33,public_target_GO,0.007513194653959674,0.049674018331005994,0.1625582978730889
plate5,2,SHGAZHPCJJPHSC,Retinoic acid,0.5,33,public_target_GO,0.007824964496368512,0.05106334480182297,0.017729891562402678
plate5,2,CBPNZQVSJQDFBE,Temsirolimus,0.5,27,public_target_GO,0.011052552348736493,0.05928307934964005,0.19050250044793762
plate5,2,UJLAWZDWDVHWOW,Tofacitinib (citrate),0.5,29,public_target_GO,0.007412911950349168,0.0506921395847333,0.08350986446928807
plate5,2,UJLAWZDWDVHWOW,Tofacitinib,0.5,28,public_target_GO,0.008631349548549081,0.05278734348933507,0.016740269619214355
plate5,2,MIQPIUSUKVNLNT,Tolcapone,0.5,32,public_target_GO,0.006716594868685879,0.04694775493124471,0.012725032352277472
plate5,2,GFNANZIMVAIWHM,Triamcinolone,0.5,33,public_target_GO,0.00943429726104663,0.05506571698928125,-0.06920379789567635
plate5,2,NOYPYLRCIDNJJB,Trimetrexate,0.5,38,public_target_GO,0.008906019816893804,0.05449732489559102,-0.05868871145415379
plate5,2,SZMJVTADHFNAIS,Tucidinostat,0.5,33,public_target_GO,0.008480364825120846,0.05403441440126815,-0.05474047245392926
plate6,2,PEMUGDMSUDYLHU,Adagrasib,0.05,15,public_target_GO,0.01808948150292572,0.07687802360343683,-0.007088931886567209
plate6,2,OIRDTQYFTABQOQ,Adenosine,5.0,6,public_target_GO,0.021375240073885415,0.07742643427717595,0.11255411537092964
plate6,2,XCPGHVQEEXUHNC,Amsacrine,5.0,12,public_target_GO,0.016050826073804203,0.07122247208905863,0.13923284747439924
plate6,2,IPOKCKJONYRRHP,Balsalazide (sodium hydrate),5.0,10,public_target_GO,0.017160721843381906,0.07212310275664917,0.04560349054087967
plate6,2,VNFPBHJOKIVQEB,Clotrimazole,5.0,9,public_target_GO,0.016348776578452934,0.07031578225568484,0.06215840188879954
plate6,2,ZZUFCTLCJUWOSV,Furosemide,5.0,10,public_target_GO,0.014561975291859118,0.06673841815105962,0.07812552068346007
plate6,2,HEMJJKBWTPKOJG,Gemfibrozil,5.0,25,public_target_GO,0.013797974354384922,0.06419674259075081,-0.01695714358600842
plate6,2,XDXDZDZNSLXDNA,Idarubicin (hydrochloride),5.0,36,public_target_GO,0.012238241295164787,0.05961304364601697,0.21431664508387688
plate6,2,NYNZQNWKBKUAII,Larotrectinib,5.0,6,public_target_GO,0.023563479801167818,0.08139186177949016,-0.027867631955031925
plate6,2,GOTYRUGSSMKFNF,Lenalidomide (hemihydrate),5.0,11,public_target_GO,0.014652606946515484,0.06516781743714715,-0.007412555751194009
plate6,2,NNJVILVZKWQKPM,Lidocaine (hydrochloride),5.0,17,public_target_GO,0.015787945084714827,0.06824966645747774,-0.08764721590513967
plate6,2,PSGAAPLEWMOORI,Medroxyprogesterone acetate,5.0,22,public_target_GO,0.013965507547951363,0.06276908752589021,-0.08880960595687415
plate6,2,KKZJGLLVHKMTCM,Mitoxantrone (dihydrochloride),5.0,14,public_target_GO,0.015093937530498737,0.06762170509222905,0.1053492473724499
plate6,2,DUPWHXBITIZIKZ,Radotinib,5.0,16,public_target_GO,0.012801730012890936,0.06367460768915088,0.07399521903724066
plate6,2,IVTVGDXNLFLDRM,Raltitrexed,5.0,15,public_target_GO,0.013432138410082933,0.06354937381108895,0.024333599012711215
plate6,2,QFJCIRLUMZQUOT,Rapamycin,5.0,30,public_target_GO,0.009530625063655823,0.055032227487296,0.08309957129610075
plate6,2,LUKBXSAWLPMMSZ,Resveratrol,5.0,34,public_target_GO,0.00823722363765629,0.05134819730991431,0.046076467248654086
plate6,2,SHGAZHPCJJPHSC,Retinoic acid,5.0,16,public_target_GO,0.012016792940634279,0.06143568915593817,0.10748209733529467
plate6,2,CBPNZQVSJQDFBE,Temsirolimus,5.0,18,public_target_GO,0.012145836101050323,0.06262624720817371,0.028229035324232897
plate6,2,UJLAWZDWDVHWOW,Tofacitinib (citrate),5.0,11,public_target_GO,0.01684891149006571,0.07065808362758272,0.10555805322198974
plate6,2,UJLAWZDWDVHWOW,Tofacitinib,5.0,37,public_target_GO,0.008551652897868368,0.05188480488845369,0.13060866655709388
plate6,2,MIQPIUSUKVNLNT,Tolcapone,5.0,30,public_target_GO,0.008231255242729224,0.05086122382020162,0.09804755755988712
plate6,2,GFNANZIMVAIWHM,Triamcinolone,5.0,10,public_target_GO,0.022567562724023743,0.07483913051164891,-0.002544744157733038
plate6,2,NOYPYLRCIDNJJB,Trimetrexate,5.0,19,public_target_GO,0.01262529040788217,0.062450619739612474,0.07898727745815225
plate6,2,SZMJVTADHFNAIS,Tucidinostat,5.0,35,public_target_GO,0.011808027792225232,0.05935350138507168,0.07667982274125297
plate7,0,KTEIFNKAUNYNJU,(S)-Crizotinib,0.05,22,public_target_GO,0.007451641864373342,0.049598781191694474,0.015404382484653686
plate7,0,PEMUGDMSUDYLHU,Adagrasib,0.05,67,public_target_GO,0.0048090088042027496,0.040330313455165204,0.05051138297664026
plate7,0,HJBWBFZLDZWPHF,Apalutamide,0.05,32,public_target_GO,0.007561237078808215,0.05089765418151717,0.044789113547184324
plate7,0,BJRNKVDFDLYUGJ,Arbutin,0.05,22,public_target_GO,0.008634813178741383,0.053513984361208,0.05489542345198117
plate7,0,GKHIVNAUVKXIIY,Belumosudil,0.05,29,public_target_GO,0.006047700903294605,0.04606641698429581,0.07172321086668276
plate7,0,JTUQXGZRVLWBCR,Benproperine (phosphate),0.05,21,public_target_GO,0.007925100005289468,0.049373695221473946,-0.020991764763352447
plate7,0,CIWBQSYVNNPZIQ,Betamethasone dipropionate,0.05,10,public_target_GO,0.015765064729196854,0.06890098891865261,-0.01861519075147701
plate7,0,BSMCAPRUBJMWDF,Cobimetinib,0.05,20,public_target_GO,0.010010310863994678,0.05562488606463114,0.025969950514749627
plate7,0,KYQZWONCHDNPDP,Daidzin,0.05,38,public_target_GO,0.00590938587555004,0.044284097002929165,0.006490923179208326
plate7,0,XAUDJQYHKZQPEU,Decitabine,0.05,42,public_target_GO,0.00664450216547377,0.04739066152491975,-0.003766913257289505
plate7,0,LDCRTTXIJACKKU,Dimethyl fumarate,0.05,17,public_target_GO,0.008852633864331336,0.054342129863041426,0.03967778644661508
plate7,0,PIMQWRZWLQKKBJ,Dinaciclib,0.05,32,public_target_GO,0.007173396192902434,0.04814603181447028,0.0399935034034302
plate7,0,ZDZOTLJHXYCWBA,Docetaxel (Trihydrate),0.05,30,public_target_GO,0.006696946042273696,0.04562827405487237,-0.03175561968905945
plate7,0,AOJJSUZBOXZQNB,Doxorubicin (hydrochloride),0.05,39,public_target_GO,0.006166445084241711,0.04592495530904433,0.030921224970199952
plate7,0,AOJJSUZBOXZQNB,Epirubicin (hydrochloride),0.05,16,public_target_GO,0.009282277973398853,0.05591875716525773,0.051070358199780654
plate7,0,JUKPWJGBANNWMW,Eplerenone,0.05,35,public_target_GO,0.006044130231853075,0.044829035702890034,0.0641909995004061
plate7,0,YMTINGFKWWXKFG,Fenofibrate,0.05,17,public_target_GO,0.008157332618402598,0.052468375724531745,0.1506569603915135
plate7,0,KSEBMYQBYZTDHS,Ferulic acid,0.05,31,public_target_GO,0.008155429149072684,0.05115061788019029,0.05249436536344272
plate7,0,BJCJYEYYYGBROF,Flumatinib (mesylate),0.05,33,public_target_GO,0.008079871435644122,0.052790511136789425,0.06556712427916746
plate7,0,VSNHCAURESNICA,Hydroxyurea,0.05,17,public_target_GO,0.008221694735904943,0.05123541421052799,0.03166871505818269
plate7,0,UWKQSNNFCGGAFS,Irinotecan (hydrochloride),0.05,15,public_target_GO,0.009241608728498156,0.05446610927913687,0.020069651273490672
plate7,0,OPXLLQIJSORQAM,Mebendazole,0.05,28,public_target_GO,0.0061446214050246105,0.04626657094064361,0.040244188957838836
plate7,0,VKHAHZOOUSRJNA,Mifepristone,0.05,38,public_target_GO,0.00621704802402707,0.04599060407441772,0.04896615712877708
plate7,0,RJMUSRYZPJIFPJ,Niclosamide (olamine),0.05,30,public_target_GO,0.0075315398044446735,0.051205690426784016,0.03691185146803391
plate7,0,WBXPDJSOTKVWSJ,Pemetrexed,0.05,28,public_target_GO,0.00702440464216806,0.04785471427723853,0.0063614702042536315
plate7,0,UUBHZHZSIKRVIV,Peretinoin,0.05,31,public_target_GO,0.007641048110797755,0.05196504093472574,0.07103382240793121
plate7,0,JGWRKYUXBBNENE,Pexidartinib (hydrochloride),0.05,15,public_target_GO,0.011836829535529284,0.060771159827522306,0.0034688526811487356
plate7,0,VGYFMXBACGZSIL,Pitavastatin (Calcium),0.05,14,public_target_GO,0.010730902575152034,0.05622949404048441,0.003987364593843141
plate7,0,TUZYXOIXSAXUGO,Pravastatin (sodium),0.05,21,public_target_GO,0.007251803750063551,0.04800652049363359,0.06630163908598062
plate7,0,REQCZEXYDRLIBE,Procainamide (hydrochloride),0.05,20,public_target_GO,0.011044676383801195,0.05893385371807622,0.02315459481767504
plate7,0,LOUPRKONTZGTKE,Quinidine (15% dihydroquinidine),0.05,25,public_target_GO,0.007861506279153191,0.050332210739508464,0.00018797934519014612
plate7,0,YASAKCUCGLMORW,Rosiglitazone,0.05,41,public_target_GO,0.007369308126473494,0.049610221603746306,0.06180916353003381
plate7,0,HMABYWSNWIZPAG,Rucaparib (phosphate),0.05,14,public_target_GO,0.00924185968309882,0.05509373427562967,0.04928415137485071
plate7,0,TTZSNFLLYPYKIL,Sulfatinib,0.05,20,public_target_GO,0.009396917017811653,0.05468856198980746,0.028459033286828268
plate7,0,SEJLPXCPMNSRAM,Tirabrutinib,0.05,16,public_target_GO,0.0087403451050812,0.0512734206273706,-0.020566135363525747
plate7,0,UCFGDBYHRUNTLO,Topotecan (hydrochloride),0.05,17,public_target_GO,0.008246723924586924,0.05106534868573076,0.03961012174849585
plate7,0,LIRYPHYGHXZJBZ,Trametinib (DMSO_TF solvate),0.05,18,public_target_GO,0.011180676294479917,0.059199811980233615,-0.014531806967219252
plate7,0,NZHGWWWHIYHZNX,Tranilast,0.05,32,public_target_GO,0.00618388560394811,0.04548788509569442,-0.01627060093688509
plate8,1,KTEIFNKAUNYNJU,(S)-Crizotinib,0.5,22,public_target_GO,0.0067387388833348065,0.04810374155286492,0.007747199761152447
plate8,1,PEMUGDMSUDYLHU,Adagrasib,0.05,29,public_target_GO,0.005883690145482788,0.04565317830224824,-0.04250764688002722
plate8,1,HJBWBFZLDZWPHF,Apalutamide,0.5,18,public_target_GO,0.01000709712597116,0.057739686539759055,0.07363946710330814
plate8,1,BJRNKVDFDLYUGJ,Arbutin,0.5,18,public_target_GO,0.00943124997686115,0.052596582635179516,-0.09081609912190249
plate8,1,GKHIVNAUVKXIIY,Belumosudil,0.5,28,public_target_GO,0.006280816121890989,0.04647438177689944,-0.029657545959621168
plate8,1,JTUQXGZRVLWBCR,Benproperine (phosphate),0.5,31,public_target_GO,0.005421014454190068,0.04350827134966865,0.05919169599206802
plate8,1,CIWBQSYVNNPZIQ,Betamethasone dipropionate,0.5,15,public_target_GO,0.009626865547444526,0.05736689919986362,-0.030084301610177878
plate8,1,BSMCAPRUBJMWDF,Cobimetinib,0.5,5,public_target_GO,0.018828853545111286,0.07455712666066842,-0.0034772723828708613
plate8,1,KYQZWONCHDNPDP,Daidzin,0.5,33,public_target_GO,0.006473144817551116,0.0468913186029697,-0.01841646717538
plate8,1,XAUDJQYHKZQPEU,Decitabine,0.5,41,public_target_GO,0.005833144612875934,0.04314676952624938,0.007237941028357914
plate8,1,LDCRTTXIJACKKU,Dimethyl fumarate,0.5,15,public_target_GO,0.00848339046145512,0.05335033898010976,-0.0018284758687621703
plate8,1,PIMQWRZWLQKKBJ,Dinaciclib,0.5,61,public_target_GO,0.006633754896665574,0.04587000170969465,0.09504739478929675
plate8,1,ZDZOTLJHXYCWBA,Docetaxel (Trihydrate),0.5,49,public_target_GO,0.004531915845989082,0.04025896047350398,-0.00029208476335694646
plate8,1,AOJJSUZBOXZQNB,Doxorubicin (hydrochloride),0.5,7,public_target_GO,0.014291234602848151,0.06590687392974774,0.038020241965270554
plate8,1,AOJJSUZBOXZQNB,Epirubicin (hydrochloride),0.5,15,public_target_GO,0.009475905283327967,0.05704567789978033,0.08690093846256747
plate8,1,JUKPWJGBANNWMW,Eplerenone,0.5,28,public_target_GO,0.007057955958453984,0.04960654984332204,-0.11118898421505455
plate8,1,YMTINGFKWWXKFG,Fenofibrate,0.5,14,public_target_GO,0.010130378926025748,0.054951803473234556,0.01042678399738745
plate8,1,BJCJYEYYYGBROF,Flumatinib (mesylate),0.5,32,public_target_GO,0.006657598309104325,0.048503460986835015,0.0805126144469428
plate8,1,VSNHCAURESNICA,Hydroxyurea,0.5,6,public_target_GO,0.018661910275654264,0.07067086018074616,-0.056536670051771216
plate8,1,UWKQSNNFCGGAFS,Irinotecan (hydrochloride),0.5,13,public_target_GO,0.009842126751162323,0.0572349847971735,-0.07436557865170086
plate8,1,OPXLLQIJSORQAM,Mebendazole,0.5,34,public_target_GO,0.0070115383974237696,0.047209049514013245,-0.002794995332751774
plate8,1,VKHAHZOOUSRJNA,Mifepristone,0.5,27,public_target_GO,0.007601776624355364,0.05072365455786241,0.07047943597708774
plate8,1,RJMUSRYZPJIFPJ,Niclosamide (olamine),0.5,25,public_target_GO,0.007597139492716483,0.05053663169634054,0.07432729259810758
plate8,1,WBXPDJSOTKVWSJ,Pemetrexed,0.5,6,public_target_GO,0.018784518798551468,0.07274493947097664,-0.06719047317791495
plate8,1,UUBHZHZSIKRVIV,Peretinoin,0.5,7,public_target_GO,0.014236293946326242,0.06353688388857016,0.0910710859216509
plate8,1,JGWRKYUXBBNENE,Pexidartinib (hydrochloride),0.5,9,public_target_GO,0.015133213511021985,0.06843016263766287,0.018317651380609316
plate8,1,TUZYXOIXSAXUGO,Pravastatin (sodium),0.5,21,public_target_GO,0.0064542294738209535,0.046748027249768224,0.03812064274507363
plate8,1,REQCZEXYDRLIBE,Procainamide (hydrochloride),0.5,6,public_target_GO,0.02297429035042319,0.07758614078121,-0.1198550317367228
plate8,1,LOUPRKONTZGTKE,Quinidine (15% dihydroquinidine),0.5,18,public_target_GO,0.007533401625357277,0.04985595786089384,0.08981104428124566
plate8,1,YASAKCUCGLMORW,Rosiglitazone,0.5,26,public_target_GO,0.009330915371834784,0.054854775694931336,-0.1341346017315483
plate8,1,HMABYWSNWIZPAG,Rucaparib (phosphate),0.5,23,public_target_GO,0.006597674674118234,0.04718689158604143,-0.021178416086705065
plate8,1,TTZSNFLLYPYKIL,Sulfatinib,0.5,10,public_target_GO,0.012350194386211863,0.062262232582104574,-0.019693926925122607
plate8,1,SEJLPXCPMNSRAM,Tirabrutinib,0.5,11,public_target_GO,0.011706948534170402,0.0600934997310887,-0.043504273094371826
plate8,1,UCFGDBYHRUNTLO,Topotecan (hydrochloride),0.5,21,public_target_GO,0.006566474956510561,0.047222984091949374,-0.03882369184960377
plate8,1,LIRYPHYGHXZJBZ,Trametinib (DMSO_TF solvate),0.5,20,public_target_GO,0.008625951243753989,0.05414741240845255,-0.03202580375269767
plate8,1,NZHGWWWHIYHZNX,Tranilast,0.5,30,public_target_GO,0.005089538225239057,0.04271789417035931,0.001230640710161658
plate9,1,KTEIFNKAUNYNJU,(S)-Crizotinib,5.0,13,public_target_GO,0.009132625452393302,0.05295903417886439,0.08262232234134431
plate9,1,PEMUGDMSUDYLHU,Adagrasib,0.05,23,public_target_GO,0.007794849714627174,0.04791605789599039,-0.03667508271240324
plate9,1,PEMUGDMSUDYLHU,Adagrasib,5.0,27,public_target_GO,0.0060893115340010335,0.04379868798674871,0.03510374299946675
plate9,1,HJBWBFZLDZWPHF,Apalutamide,5.0,16,public_target_GO,0.009989389707936976,0.0566410280396717,0.008612928937565751
plate9,1,BJRNKVDFDLYUGJ,Arbutin,5.0,23,public_target_GO,0.007252452379025518,0.04943151526609172,-0.04642953269120562
plate9,1,GKHIVNAUVKXIIY,Belumosudil,5.0,21,public_target_GO,0.009179059560874336,0.0528462180484495,-0.005719577601003725
plate9,1,JTUQXGZRVLWBCR,Benproperine (phosphate),5.0,21,public_target_GO,0.0070409099806418894,0.04859731658457622,0.008303497619663567
plate9,1,CIWBQSYVNNPZIQ,Betamethasone dipropionate,5.0,28,public_target_GO,0.007115842852886428,0.04844553258859186,0.05442457149258446
plate9,1,BSMCAPRUBJMWDF,Cobimetinib,5.0,9,public_target_GO,0.015021872583811647,0.0646663054524621,-0.07518039134809391
plate9,1,KYQZWONCHDNPDP,Daidzin,5.0,29,public_target_GO,0.006230216569771477,0.04486781786382218,-0.023482778717596346
plate9,1,XAUDJQYHKZQPEU,Decitabine,5.0,17,public_target_GO,0.009680431969483733,0.05364658543229366,0.023310776551668785
plate9,1,LDCRTTXIJACKKU,Dimethyl fumarate,5.0,30,public_target_GO,0.00656251252406893,0.0467202540311721,-0.032775816096189195
plate9,1,PIMQWRZWLQKKBJ,Dinaciclib,5.0,33,public_target_GO,0.007299688763601608,0.0461920199805179,0.04325324855580829
plate9,1,ZDZOTLJHXYCWBA,Docetaxel (Trihydrate),5.0,22,public_target_GO,0.00701870195622605,0.04835685921085718,0.07702466566055316
plate9,1,AOJJSUZBOXZQNB,Doxorubicin (hydrochloride),5.0,21,public_target_GO,0.008545659863018647,0.05238154581502194,0.1329566188797126
plate9,1,AOJJSUZBOXZQNB,Epirubicin (hydrochloride),5.0,67,public_target_GO,0.006395410885632804,0.046138401093318224,0.11857132656622471
plate9,1,JUKPWJGBANNWMW,Eplerenone,5.0,15,public_target_GO,0.00911301329325542,0.05449087238194157,0.0009806942310154065
plate9,1,YMTINGFKWWXKFG,Fenofibrate,5.0,13,public_target_GO,0.012972271934190248,0.06271166440930102,0.00997645084696499
plate9,1,KSEBMYQBYZTDHS,Ferulic acid,5.0,10,public_target_GO,0.012416028374538283,0.06081184124473261,-2.1092715317513526e-05
plate9,1,BJCJYEYYYGBROF,Flumatinib (mesylate),5.0,21,public_target_GO,0.008647066091096837,0.05131541459863218,-0.014218146478800762
plate9,1,VSNHCAURESNICA,Hydroxyurea,5.0,12,public_target_GO,0.009353752715577384,0.05295425350686709,0.012720389341422354
plate9,1,UWKQSNNFCGGAFS,Irinotecan (hydrochloride),5.0,28,public_target_GO,0.007777222923423653,0.04884133525001334,0.007119037269937184
plate9,1,OPXLLQIJSORQAM,Mebendazole,5.0,31,public_target_GO,0.006212655360495246,0.045323861554020364,-0.08245703317510931
plate9,1,VKHAHZOOUSRJNA,Mifepristone,5.0,11,public_target_GO,0.011746390809000001,0.06071982096709618,-0.09096590028864508
plate9,1,RJMUSRYZPJIFPJ,Niclosamide (olamine),5.0,13,public_target_GO,0.013373877667309351,0.06403685785453966,0.035496469994022777
plate9,1,WBXPDJSOTKVWSJ,Pemetrexed,5.0,9,public_target_GO,0.014571172334500048,0.06502126700071836,0.0117328208082515
plate9,1,UUBHZHZSIKRVIV,Peretinoin,5.0,7,public_target_GO,0.016811535031567553,0.06715278494459576,-0.031367811317523336
plate9,1,JGWRKYUXBBNENE,Pexidartinib (hydrochloride),5.0,14,public_target_GO,0.01058400206927296,0.05833319975969001,-0.020811561951512077
plate9,1,TUZYXOIXSAXUGO,Pravastatin (sodium),5.0,44,public_target_GO,0.004774190444322605,0.039351774037883654,-0.00720455991597556
plate9,1,REQCZEXYDRLIBE,Procainamide (hydrochloride),5.0,21,public_target_GO,0.0101001553430638,0.055869194641479915,-0.019977950372576908
plate9,1,LOUPRKONTZGTKE,Quinidine (15% dihydroquinidine),5.0,16,public_target_GO,0.009687390256057063,0.053961569424429305,-0.025169720975357388
plate9,1,YASAKCUCGLMORW,Rosiglitazone,5.0,17,public_target_GO,0.009899742383650992,0.05551314802463825,-0.06028261647476773
plate9,1,HMABYWSNWIZPAG,Rucaparib (phosphate),5.0,38,public_target_GO,0.005333194880163457,0.04296156658206318,-0.010447378174405742
plate9,1,TTZSNFLLYPYKIL,Sulfatinib,5.0,26,public_target_GO,0.007695714145139772,0.05096528567282234,-0.08093125073348148
plate9,1,SEJLPXCPMNSRAM,Tirabrutinib,5.0,19,public_target_GO,0.006442299362478477,0.04586980662056576,0.11296801750451321
plate9,1,UCFGDBYHRUNTLO,Topotecan (hydrochloride),5.0,28,public_target_GO,0.006198927236870792,0.04534403016875626,0.15939874300482504
plate9,1,LIRYPHYGHXZJBZ,Trametinib (DMSO_TF solvate),5.0,22,public_target_GO,0.008667576209743748,0.05191401430928959,-0.034408493286785614
plate9,1,NZHGWWWHIYHZNX,Tranilast,5.0,20,public_target_GO,0.007557013492131072,0.04848583256466621,-0.05023381168146775
plate1,4,KFRKRECSIYXARE,4EGI-1,0.05,16,permuted_target_GO,0.012445711166974377,0.06214420478069493,-0.10300471065416437
plate1,4,FARXPFGGGGLENU,9-ING-41,0.05,5,permuted_target_GO,0.022329717606733385,0.07820495725347407,-0.005688745149961392
plate1,4,NIRXBXIPHUTNNI,APTO-253,0.05,9,permuted_target_GO,0.015171261952054265,0.06769327406770755,-0.03159452815342359
plate1,4,OVPNQJVDAFNBDN,AT7519,0.05,20,permuted_target_GO,0.010639807928582469,0.05788209930052124,-0.035636550884986254
plate1,4,XISVSTPEXYIKJL,AZD-7648,0.05,8,permuted_target_GO,0.019079256521146806,0.07047891666106695,0.004741217826528239
plate1,4,KVLFRAWTRWDEDF,AZD-8055,0.05,21,permuted_target_GO,0.010135159168552808,0.05497488016123529,0.023185482189032627
plate1,4,VQSZIPCGAGVRRP,AZD1390,0.05,9,permuted_target_GO,0.014922003306281602,0.0655325912922851,0.08710275606121577
plate1,4,FHCSBLWRGCOVPT,AZD2858,0.05,25,permuted_target_GO,0.012425997495634711,0.06062147404166915,-0.062105935754791626
plate1,4,PEMUGDMSUDYLHU,Adagrasib,0.05,12,permuted_target_GO,0.012329037392558948,0.062146802183251325,-0.0646563425963452
plate1,4,STUWGJZDJHPWGZ,Alpelisib,0.05,17,permuted_target_GO,0.012530823758331736,0.061315895528426416,-0.03072265890218333
plate1,4,JBGYKRAZYDNCNV,BAY1125976,0.05,17,permuted_target_GO,0.012225402825586972,0.05955960223243275,-0.0006026914717735265
plate1,4,XVFDNRYZXDHTHT,BI-3406,0.05,19,permuted_target_GO,0.012448231350955985,0.06042976966588774,-0.09974850353559374
plate1,4,GKHIVNAUVKXIIY,Belumosudil (mesylate),0.05,12,permuted_target_GO,0.013628955620898149,0.06495953904211302,0.05999321603128557
plate1,4,XCPPIJCBCWUBNT,Bentamapimod,0.05,11,permuted_target_GO,0.012494715021294093,0.06221925829548308,0.08601495233552534
plate1,4,ADGGYDAFIHSYFI,Bimiralisib,0.05,16,permuted_target_GO,0.01017153858577838,0.057018172950773806,0.01795861115570712
plate1,4,ACWZRVQXLIRSDF,Binimetinib,0.05,21,permuted_target_GO,0.010874443268943403,0.05944303438865881,0.05160629207549587
plate1,4,GXJABQQUPOEUTA,Bortezomib,0.05,14,permuted_target_GO,0.013235091207761883,0.06129378456301179,-0.038472054187212994
plate1,4,RGTAEYDIDMGJLX,CP21R7,0.05,18,permuted_target_GO,0.012817451560832228,0.06363139484451834,0.04241749029096767
plate1,4,JDUBGYFRJFOXQC,Capivasertib,0.05,15,permuted_target_GO,0.01351044993348144,0.0642751716946315,-0.1265873733983872
plate1,4,BFSMGDJOXZAERB,Dabrafenib,0.05,15,permuted_target_GO,0.012598996122308314,0.06344861299834685,0.04271450292613354
plate1,4,FHWSAZXFPUMKFL,EX229,0.05,8,permuted_target_GO,0.02237688940020701,0.08056335640231127,-0.09209379524602669
plate1,4,YBXRSCXGRPSTMW,Elimusertib hydrochloride,0.05,8,permuted_target_GO,0.016256178032602417,0.06893504851795805,0.029860620899837813
plate1,4,CMJCXYNUCSMDBY,Encorafenib,0.05,26,permuted_target_GO,0.008867903467040831,0.054657338638086625,0.05254353650575062
plate1,4,HKVAMNSJSFKALM,Everolimus,0.05,44,permuted_target_GO,0.0071923976083638945,0.04728925952913854,-0.037323746730436175
plate1,4,KEIPNCCJPRMIAX,Futibatinib,0.05,17,permuted_target_GO,0.010315179903360425,0.0568571884288819,-0.023815610432520964
plate1,4,QDITZBLZQQZVEE,GSK1059615,0.05,30,permuted_target_GO,0.007965445079938233,0.05053984058565191,-0.025903360696388423
plate1,4,BCSBXWKRZUPFHW,HI-TOPK-032,0.05,6,permuted_target_GO,0.022451985037795382,0.07697620900420643,0.0026908035053983255
plate1,4,QADPYRIHXKWUSV,Infigratinib,0.05,30,permuted_target_GO,0.00861465000753519,0.053577000878814854,-0.0034339262132913077
plate1,4,GRZXWCHAXNAUHY,Ipatasertib,0.05,12,permuted_target_GO,0.013150233323586434,0.06165058356649732,-0.0375068104962536
plate1,4,UWKQSNNFCGGAFS,Irinotecan,0.05,21,permuted_target_GO,0.010000550182361108,0.057896070284925036,-0.0721904670247884
plate1,4,MXAYKZJJDUDWDS,Ixazomib,0.05,7,permuted_target_GO,0.019025966322452747,0.07471765662333706,-0.013294624415696003
plate1,4,JUQMLSGOTNKJKI,LB-100,0.05,18,permuted_target_GO,0.012059093515804626,0.06028793666464277,0.006173093533351799
plate1,4,YUYJEQHNWKQNBT,LJI308,0.05,35,permuted_target_GO,0.008667602202850391,0.05263124233559551,-0.011672069146219686
plate1,4,FYXRSVDHGLUMHB,LY-2584702 (tosylate salt),0.05,8,permuted_target_GO,0.01674408839991285,0.07035889179738775,0.02144831810099176
plate1,4,HRJWTAWVFDCTGO,LY2090314,0.05,7,permuted_target_GO,0.02195441103472917,0.07891953019057822,-0.008034016260168485
plate1,4,DHMTURDWPRKSOA,Lonafarnib,0.05,15,permuted_target_GO,0.012007395493586164,0.06146559787912019,-0.03012461353595618
plate1,4,FIKQZQDYGXAUHC,MK-3903,0.05,17,permuted_target_GO,0.011072605247427916,0.057681014172278805,-0.048115337101688166
plate1,4,KPQQGHGDBBJGFA,MK-8353,0.05,17,permuted_target_GO,0.009985181466512292,0.054778490493521806,-0.0499420641120406
plate1,4,AJCDZIDKYKCOMZ,ML264,0.05,18,permuted_target_GO,0.00931130875094742,0.05370202189377614,0.0039058363469919727
plate1,4,SMPGEBOIKULBCT,NG25,0.05,15,permuted_target_GO,0.010912819270714512,0.05570674335413453,0.037831371104754694
plate1,4,ZCCPLJOKGAACRT,NVP-BHG712,0.05,11,permuted_target_GO,0.013826626903461089,0.06468709098950523,0.016695681993326734
plate1,4,OETLNMOJNONWOY,OTS514,0.05,14,permuted_target_GO,0.011827238495376938,0.059946045062249646,0.04047814330194605
plate1,4,KCAJXIDMCNPGHZ,PH-797804,0.05,9,permuted_target_GO,0.019805688276280795,0.07279994727587641,0.0036870004240762617
plate1,4,HCDMJFOHIXMBOV,Pemigatinib,0.05,13,permuted_target_GO,0.01291209799562735,0.06220697891616994,-0.047825557915068866
plate1,4,NVVPMZUGELHVMH,Pimitespib,0.05,20,permuted_target_GO,0.009164040477144792,0.05480673971133817,0.04419195838173946
plate1,4,FVICRBSEYSHKFY,RMC-6236,0.05,9,permuted_target_GO,0.01753637940844209,0.0715901911835421,-0.04729329141168266
plate1,4,FNHKPVJBJVTLMP,Regorafenib,0.05,13,permuted_target_GO,0.012304911551816426,0.06219311191660611,0.08849706983910038
plate1,4,GYLDXIAOMVERTK,Sapanisertib,0.05,16,permuted_target_GO,0.013701328531357457,0.06341787689611102,0.031736502989144925
plate1,4,RCLQNICOARASSR,TAK-733,0.05,11,permuted_target_GO,0.012446775167116638,0.06053970004712149,-0.08710848997267366
plate1,4,WKDACQVEJIVHMZ,TAK-901,0.05,6,permuted_target_GO,0.02200931733751705,0.07603590391354262,0.03751867732069329
plate1,4,MFAQYJIYDMLAIM,Torkinib,0.05,9,permuted_target_GO,0.014588648128555998,0.06749174853678257,0.021871294806706448
plate1,4,LIRYPHYGHXZJBZ,Trametinib,0.05,6,permuted_target_GO,0.019417335851043313,0.07369937315246071,0.03887530097913961
plate1,4,GPXBXXGIAQBQNI,Vemurafenib,0.05,21,permuted_target_GO,0.00953399333722011,0.05465424272002671,0.043246256402368406
plate1,4,SXNJFOWDRLKDSF,Volasertib,0.05,17,permuted_target_GO,0.009737390232808124,0.056398545362944655,0.003985584276321999
plate1,4,AHJRHEGDXFFMBM,palbociclib,0.05,11,permuted_target_GO,0.012511533948831177,0.0625193061317111,0.017342455297117258
plate1,4,LQBVNQSMGBZMKD,venetoclax,0.05,19,permuted_target_GO,0.009900127400586892,0.05453960293910347,0.08725214648665776
plate10,2,NMUSYJAQQFHJEW,5-Azacytidine,0.05,19,permuted_target_GO,0.012835461635774334,0.06604636287915697,-0.05145261055463728
plate10,2,GHASVSINZRGABV,5-Fluorouracil,0.05,23,permuted_target_GO,0.01096859080976828,0.06252143927611435,0.039727478186356836
plate10,2,PEMUGDMSUDYLHU,Adagrasib,0.05,24,permuted_target_GO,0.008579792683824146,0.05549370001932607,0.036471806979255485
plate10,2,VOVZXURTCKPRDQ,Asciminib,0.05,12,permuted_target_GO,0.011173780235361848,0.06168632577941183,0.018787786466305578
plate10,2,SFOZKJGZNOBSHF,Auranofin,0.05,27,permuted_target_GO,0.012128336853048637,0.06377754648435242,-0.07662110718538125
plate10,2,NCNRHFGMJRPRSK,Belinostat,0.05,20,permuted_target_GO,0.008044252455795382,0.05160912825375627,-0.04199930050666776
plate10,2,NAVMQTYZDKMPEU,Bexarotene,0.05,19,permuted_target_GO,0.009952362734973573,0.05779824613113574,-0.013797476837810227
plate10,2,LKJPYSCBVHEWIU,Bicalutamide,0.05,14,permuted_target_GO,0.014412053268780908,0.06596318775685699,0.03283742068523755
plate10,2,ACWZRVQXLIRSDF,Binimetinib,0.05,33,permuted_target_GO,0.00761669743666159,0.05133089107924077,0.025506353733311758
plate10,2,VOVIALXJUBGFJZ,Budesonide,0.05,25,permuted_target_GO,0.008029269928680739,0.051541576985906716,0.020523071689953928
plate10,2,ONIQOQHATWINJY,Cabozantinib (S-malate),0.05,21,permuted_target_GO,0.011543606059035533,0.060474907011575575,-0.06275759163550715
plate10,2,FAKRSMQSSFJEIM,Captopril,0.05,14,permuted_target_GO,0.012781362661383728,0.0647184854212279,-0.050867120393874435
plate10,2,CBGUOGMQLZIXBE,Clobetasol propionate,0.05,31,permuted_target_GO,0.009185188007039435,0.05660596387385477,0.04842384867820634
plate10,2,PMATZTZNYRCHOR,Cyclosporin A,0.05,26,permuted_target_GO,0.008078758382353451,0.05284197160166727,0.03347091820352771
plate10,2,BLIJXOOIHRSQRB,Darolutamide,0.05,41,permuted_target_GO,0.006650320267785759,0.04689327153605129,-0.02373050656688546
plate10,2,UREBDLICKHMUKA,Dexamethasone,0.05,10,permuted_target_GO,0.014771480057673127,0.06759522943299773,0.07049008250293438
plate10,2,HAYYBYPASCDWEQ,Entrectinib,0.05,12,permuted_target_GO,0.012178410420155513,0.06438298379870529,-0.03042701794290539
plate10,2,JOOXLOJCABQBSG,Fedratinib (hydrochloride hydrate),0.05,16,permuted_target_GO,0.010839191577806466,0.05897594813314228,0.023441587004406454
plate10,2,RIJLVEAXPNLDTC,Filgotinib,0.05,8,permuted_target_GO,0.018333227540587273,0.07112587670198614,0.039628841287640264
plate10,2,KKGQTZUTZRNORY,Fingolimod (hydrochloride),0.05,18,permuted_target_GO,0.008826449142543949,0.05369251352789066,0.006347915541715406
plate10,2,MKXKFYHWDHIYRV,Flutamide,0.05,16,permuted_target_GO,0.008872325244917881,0.05509784337376803,0.008933981297600395
plate10,2,VWUXBMIQPBEWFH,Fulvestrant,0.05,13,permuted_target_GO,0.009137403854269454,0.05544630434701723,-0.01150583416388714
plate10,2,MBOMYENWWXQSNW,Ixazomib citrate,0.05,9,permuted_target_GO,0.014081459980412863,0.06736031309793418,0.030273407844195726
plate10,2,VLCYCQAOQCDTCN,L-Eflornithine (monohydrochloride),0.05,60,permuted_target_GO,0.005935943831949328,0.045068649657011885,0.04610269516520852
plate10,2,FBOZXECLQNJBKD,Methotrexate,0.05,6,permuted_target_GO,0.018702409296598103,0.07380103062613555,-0.03825836747327595
plate10,2,OFPXSFXSNFPTHF,Oxaprozin,0.05,27,permuted_target_GO,0.008686792244495001,0.05547564239491192,0.02600200691461692
plate10,2,FPOHNWQLNRZRFC,Panobinostat,0.05,16,permuted_target_GO,0.011526111425426132,0.06184676012183369,0.06323777872286124
plate10,2,IPVQLZZIHOAWMC,Perindopril (erbumine),0.05,19,permuted_target_GO,0.009075398842866858,0.0543882750008509,-0.05602846831486057
plate10,2,HYAFETHFCAUJAY,Pioglitazone,0.05,26,permuted_target_GO,0.010084862094318522,0.05924820228144932,-0.010122692789638739
plate10,2,PHXJVRSECIGDHY,Ponatinib,0.05,16,permuted_target_GO,0.013164241952141192,0.06358496995680411,0.05498209609635313
plate10,2,OGQICQVSFDPSEI,Tazarotene,0.05,30,permuted_target_GO,0.008083049956671135,0.05234441301764733,-0.031922549657711144
plate10,2,SEJLPXCPMNSRAM,Tirabrutinib (hydrochloride),0.05,40,permuted_target_GO,0.006179996770222246,0.04562237853908725,0.022319300184948456
plate10,2,LIRYPHYGHXZJBZ,Trametinib,0.05,14,permuted_target_GO,0.012870109008870137,0.06742035618344178,0.10618851979283395
plate11,4,NMUSYJAQQFHJEW,5-Azacytidine,0.5,23,permuted_target_GO,0.0073107762698293105,0.04771843802271123,-0.0270777895884669
plate11,4,GHASVSINZRGABV,5-Fluorouracil,0.5,27,permuted_target_GO,0.00574708239273957,0.044472121509465716,0.05488628104589366
plate11,4,PEMUGDMSUDYLHU,Adagrasib,0.05,29,permuted_target_GO,0.006283653543400322,0.04640044936192513,0.012500164475826619
plate11,4,VOVZXURTCKPRDQ,Asciminib,0.5,42,permuted_target_GO,0.006125599189640488,0.04578482203573407,0.06479385247800569
plate11,4,SFOZKJGZNOBSHF,Auranofin,0.5,31,permuted_target_GO,0.006091120313372298,0.04568564443344254,0.10440932244078788
plate11,4,NCNRHFGMJRPRSK,Belinostat,0.5,10,permuted_target_GO,0.011033928087305227,0.05762014007682431,-0.1443886027035174
plate11,4,NAVMQTYZDKMPEU,Bexarotene,0.5,23,permuted_target_GO,0.009879360755280162,0.05534867042199876,0.012222012959706123
plate11,4,LKJPYSCBVHEWIU,Bicalutamide,0.5,26,permuted_target_GO,0.008219753522375143,0.052774272782633656,0.013412206641525665
plate11,4,ACWZRVQXLIRSDF,Binimetinib,0.5,26,permuted_target_GO,0.007566218666133765,0.05012313739105067,0.01435683876508708
plate11,4,VOVIALXJUBGFJZ,Budesonide,0.5,28,permuted_target_GO,0.007433959145777113,0.051097843398295546,0.048302260963687796
plate11,4,ONIQOQHATWINJY,Cabozantinib (S-malate),0.5,19,permuted_target_GO,0.007706566235571253,0.050344787144616425,-0.029796618578392404
plate11,4,FAKRSMQSSFJEIM,Captopril,0.5,34,permuted_target_GO,0.005838173161435441,0.044575883497718544,0.012391616789085735
plate11,4,CBGUOGMQLZIXBE,Clobetasol propionate,0.5,26,permuted_target_GO,0.007907310236385048,0.050846471768122396,-0.09522759925529274
plate11,4,PMATZTZNYRCHOR,Cyclosporin A,0.5,15,permuted_target_GO,0.008912073882137966,0.053677380534842216,-0.0073629201872613915
plate11,4,BLIJXOOIHRSQRB,Darolutamide,0.5,33,permuted_target_GO,0.006155094386112854,0.04552929988507176,0.07989290575515942
plate11,4,UREBDLICKHMUKA,Dexamethasone,0.5,16,permuted_target_GO,0.010253986473004718,0.05756370041445509,0.04352824117302927
plate11,4,HAYYBYPASCDWEQ,Entrectinib,0.5,41,permuted_target_GO,0.006082168458136805,0.045948559797200056,0.015405935506663313
plate11,4,JOOXLOJCABQBSG,Fedratinib (hydrochloride hydrate),0.5,14,permuted_target_GO,0.01017572268824039,0.056468684576515445,0.02143979992280059
plate11,4,RIJLVEAXPNLDTC,Filgotinib,0.5,20,permuted_target_GO,0.008237363387957157,0.05289215973542595,0.021543354674472822
plate11,4,KKGQTZUTZRNORY,Fingolimod (hydrochloride),0.5,25,permuted_target_GO,0.006586666969997494,0.04671488281596083,0.05498835158672519
plate11,4,MKXKFYHWDHIYRV,Flutamide,0.5,33,permuted_target_GO,0.0073673128276881055,0.05001826716388689,0.045148061094930206
plate11,4,VWUXBMIQPBEWFH,Fulvestrant,0.5,13,permuted_target_GO,0.009743436132106452,0.054372994046208344,0.04722735497706922
plate11,4,MBOMYENWWXQSNW,Ixazomib citrate,0.5,16,permuted_target_GO,0.008355874946546984,0.049664490994663225,0.04932361625836109
plate11,4,VLCYCQAOQCDTCN,L-Eflornithine (monohydrochloride),0.5,32,permuted_target_GO,0.006446058959742179,0.045457172557135966,0.03246620985458939
plate11,4,FBOZXECLQNJBKD,Methotrexate,0.5,43,permuted_target_GO,0.005407695827686297,0.04225987660507747,0.02517653555577735
plate11,4,OFPXSFXSNFPTHF,Oxaprozin,0.5,24,permuted_target_GO,0.008025725729767903,0.05187259525390834,0.017471536656700114
plate11,4,FPOHNWQLNRZRFC,Panobinostat,0.5,23,permuted_target_GO,0.009120832072765242,0.05355731346530969,0.0464935486227876
plate11,4,IPVQLZZIHOAWMC,Perindopril (erbumine),0.5,25,permuted_target_GO,0.007194625668173865,0.047081537414680366,0.09860176342000283
plate11,4,HYAFETHFCAUJAY,Pioglitazone,0.5,27,permuted_target_GO,0.007405255179633806,0.05070884668190545,0.01997238874676307
plate11,4,PHXJVRSECIGDHY,Ponatinib,0.5,22,permuted_target_GO,0.008026298298146517,0.052394494636967666,0.026079177558413488
plate11,4,OGQICQVSFDPSEI,Tazarotene,0.5,49,permuted_target_GO,0.007220883204491273,0.051518524020504566,-0.027017892054468386
plate11,4,SEJLPXCPMNSRAM,Tirabrutinib (hydrochloride),0.5,16,permuted_target_GO,0.00934728106201489,0.05397087944881179,0.0943347696183082
plate11,4,LIRYPHYGHXZJBZ,Trametinib,0.5,17,permuted_target_GO,0.007610986256523715,0.049051018129185074,0.13025813057661165
plate12,3,NMUSYJAQQFHJEW,5-Azacytidine,5.0,12,permuted_target_GO,0.011924861981389027,0.06252909780713814,0.015563509013675123
plate12,3,GHASVSINZRGABV,5-Fluorouracil,5.0,16,permuted_target_GO,0.010541897819099982,0.06081095153181611,-0.03679207078389209
plate12,3,PEMUGDMSUDYLHU,Adagrasib,0.05,8,permuted_target_GO,0.01610381804612595,0.06836051179003753,0.04402596375964004
plate12,3,VOVZXURTCKPRDQ,Asciminib,5.0,26,permuted_target_GO,0.007179043765176572,0.048929171954230806,0.08053896358464628
plate12,3,SFOZKJGZNOBSHF,Auranofin,5.0,17,permuted_target_GO,0.016795911177091255,0.06886909888019561,0.047420182897257065
plate12,3,NCNRHFGMJRPRSK,Belinostat,5.0,18,permuted_target_GO,0.01005785160462165,0.05528687342365296,0.08701289826583025
plate12,3,NAVMQTYZDKMPEU,Bexarotene,5.0,19,permuted_target_GO,0.009553114973197333,0.05519981569572686,0.029956222537025845
plate12,3,LKJPYSCBVHEWIU,Bicalutamide,5.0,25,permuted_target_GO,0.008526183330872508,0.05191523049159294,0.06997199101637176
plate12,3,ACWZRVQXLIRSDF,Binimetinib,5.0,33,permuted_target_GO,0.008690147303637137,0.05444555367571489,-0.05250542813827374
plate12,3,VOVIALXJUBGFJZ,Budesonide,5.0,19,permuted_target_GO,0.008404622647643193,0.05207878698729274,0.09369767987338096
plate12,3,ONIQOQHATWINJY,Cabozantinib (S-malate),5.0,18,permuted_target_GO,0.009833531929925556,0.058145389991260295,0.06186706979949158
plate12,3,FAKRSMQSSFJEIM,Captopril,5.0,18,permuted_target_GO,0.011806400771572674,0.06059169762451209,-0.09342650764043503
plate12,3,CBGUOGMQLZIXBE,Clobetasol propionate,5.0,10,permuted_target_GO,0.015361421089504225,0.06855247711079508,0.13906590084121617
plate12,3,PMATZTZNYRCHOR,Cyclosporin A,5.0,25,permuted_target_GO,0.007453805851706038,0.050722422105721456,0.020791171460494202
plate12,3,BLIJXOOIHRSQRB,Darolutamide,5.0,41,permuted_target_GO,0.005927373289587569,0.04421947589707773,0.007693129391676869
plate12,3,UREBDLICKHMUKA,Dexamethasone,5.0,10,permuted_target_GO,0.01497640070256299,0.06732670838931094,0.008589703254033493
plate12,3,HAYYBYPASCDWEQ,Entrectinib,5.0,15,permuted_target_GO,0.009855397683158797,0.05704140726186682,0.09051661352050001
plate12,3,JOOXLOJCABQBSG,Fedratinib (hydrochloride hydrate),5.0,27,permuted_target_GO,0.00791651771500259,0.0514050653500259,0.14506233178641856
plate12,3,RIJLVEAXPNLDTC,Filgotinib,5.0,16,permuted_target_GO,0.011703243155988393,0.061617878957540576,0.027831799960105836
plate12,3,KKGQTZUTZRNORY,Fingolimod (hydrochloride),5.0,11,permuted_target_GO,0.01103016298345131,0.057809465951819704,0.022465191486280046
plate12,3,MKXKFYHWDHIYRV,Flutamide,5.0,22,permuted_target_GO,0.007761184230385721,0.050425912811876306,0.06319435450495539
plate12,3,VWUXBMIQPBEWFH,Fulvestrant,5.0,32,permuted_target_GO,0.00689109293936356,0.048601328008241546,0.07297113925577386
plate12,3,MBOMYENWWXQSNW,Ixazomib citrate,5.0,12,permuted_target_GO,0.011581806692044774,0.059478005032123984,0.1118693751266626
plate12,3,VLCYCQAOQCDTCN,L-Eflornithine (monohydrochloride),5.0,17,permuted_target_GO,0.010292355686134097,0.05651636728887275,-0.015420712960679112
plate12,3,FBOZXECLQNJBKD,Methotrexate,5.0,26,permuted_target_GO,0.0073601678866540765,0.051129223162248556,0.09151649040061642
plate12,3,OFPXSFXSNFPTHF,Oxaprozin,5.0,40,permuted_target_GO,0.007200932524145373,0.05047319473121369,-0.0015281924443499178
plate12,3,FPOHNWQLNRZRFC,Panobinostat,5.0,8,permuted_target_GO,0.0162785539515965,0.06787047268547818,0.12580692693567047
plate12,3,IPVQLZZIHOAWMC,Perindopril (erbumine),5.0,25,permuted_target_GO,0.007588581988080787,0.04960214425844354,0.14065086319920786
plate12,3,HYAFETHFCAUJAY,Pioglitazone,5.0,28,permuted_target_GO,0.007641883971354728,0.05195260001179683,0.1277552268163299
plate12,3,PHXJVRSECIGDHY,Ponatinib,5.0,19,permuted_target_GO,0.00852017167739371,0.05385862597886757,0.009839090584422916
plate12,3,OGQICQVSFDPSEI,Tazarotene,5.0,29,permuted_target_GO,0.008224013993162431,0.05285860630509247,0.02080885152397849
plate12,3,SEJLPXCPMNSRAM,Tirabrutinib (hydrochloride),5.0,24,permuted_target_GO,0.008713698808874692,0.054290776698530406,-0.006785811355188565
plate12,3,LIRYPHYGHXZJBZ,Trametinib,5.0,40,permuted_target_GO,0.008304774736132725,0.053041390212950935,0.08362429222433268
plate13,0,UZWDCWONPYILKI,Abemaciclib,0.05,18,permuted_target_GO,0.010582625112432062,0.058476433001638115,-0.014428650052677766
plate13,0,PEMUGDMSUDYLHU,Adagrasib,0.05,34,permuted_target_GO,0.008525122001779531,0.053523562565626105,-0.058023368533549245
plate13,0,GKHIVNAUVKXIIY,Belumosudil,0.05,34,permuted_target_GO,0.008309876333271715,0.05263823930993843,-0.09294875772084861
plate13,0,GKHIVNAUVKXIIY,Belumosudil,0.5,48,permuted_target_GO,0.006908894401849124,0.048990576533316094,-0.0353953556720033
plate13,0,GKHIVNAUVKXIIY,Belumosudil,5.0,25,permuted_target_GO,0.009361608291862453,0.054962118427795734,0.0018314825609756376
plate13,0,FAKRSMQSSFJEIM,Captopril,0.05,25,permuted_target_GO,0.00770381266810803,0.05106044901288473,-0.02497512700933107
plate13,0,TZFNLOMSOLWIDK,Carbidopa (monohydrate),0.05,39,permuted_target_GO,0.008423963069818845,0.05376562742571161,-0.04445140934790739
plate13,0,TZFNLOMSOLWIDK,Carbidopa (monohydrate),0.5,19,permuted_target_GO,0.009168138093808053,0.0556756121838132,0.006585778364832437
plate13,0,TZFNLOMSOLWIDK,Carbidopa (monohydrate),5.0,36,permuted_target_GO,0.00687325513063309,0.048119974891955526,0.005489385295762574
plate13,0,KYQZWONCHDNPDP,Daidzin,0.05,14,permuted_target_GO,0.010827591055402139,0.05881822722494329,-0.07199306953772264
plate13,0,KYQZWONCHDNPDP,Daidzin,0.5,55,permuted_target_GO,0.00629797934397328,0.04674194904798165,0.01117596989265794
plate13,0,KYQZWONCHDNPDP,Daidzin,5.0,24,permuted_target_GO,0.009130966401647796,0.053900855596156455,-0.02152490998064044
plate13,0,BJCJYEYYYGBROF,Flumatinib (mesylate),0.05,20,permuted_target_GO,0.011558508352691968,0.06165566618584279,-0.03958967945902276
plate13,0,BJCJYEYYYGBROF,Flumatinib (mesylate),0.5,27,permuted_target_GO,0.008395793962799665,0.05449307811403471,0.08791545114333264
plate13,0,BJCJYEYYYGBROF,Flumatinib (mesylate),5.0,30,permuted_target_GO,0.009739597460203711,0.056898614383979695,0.03803594403203832
plate13,0,GKDRMWXFWHEQQT,Fostamatinib (disodium hexahydrate),0.05,24,permuted_target_GO,0.00972856856163629,0.05739038833318234,-0.04528743076209047
plate13,0,GKDRMWXFWHEQQT,Fostamatinib (disodium hexahydrate),0.5,16,permuted_target_GO,0.009715522639939333,0.05722810088734751,0.11306686172658988
plate13,0,GKDRMWXFWHEQQT,Fostamatinib (disodium hexahydrate),5.0,32,permuted_target_GO,0.007356722702246616,0.0508544489595638,-0.004588727537579426
plate13,0,ZAVGJDAFCZAWSZ,Hydroxyfasudil,0.05,20,permuted_target_GO,0.010806394195652243,0.06065336232644239,-0.1354506540723159
plate13,0,UWKQSNNFCGGAFS,Irinotecan (hydrochloride),0.05,45,permuted_target_GO,0.006696685081023135,0.04853824145726508,-0.026804707995301096
plate13,0,UWKQSNNFCGGAFS,Irinotecan (hydrochloride),0.5,52,permuted_target_GO,0.006024088902127858,0.04692086140345843,-0.04024731846147564
plate13,0,UWKQSNNFCGGAFS,Irinotecan (hydrochloride),5.0,42,permuted_target_GO,0.00623367404131601,0.04727294987753899,0.07433782598514294
plate13,0,NYNZQNWKBKUAII,Larotrectinib sulfate,0.05,13,permuted_target_GO,0.014659937254504854,0.06799233374245235,0.08055045210305771
plate13,0,NYNZQNWKBKUAII,Larotrectinib sulfate,0.5,8,permuted_target_GO,0.02052789574775996,0.0769234491700139,0.0014280218145768637
plate13,0,NYNZQNWKBKUAII,Larotrectinib sulfate,5.0,27,permuted_target_GO,0.009878833012485017,0.05787253891435807,-0.017513412751445943
plate13,0,IMBXEJJVJRTNOW,Methylprednisolone succinate,0.05,15,permuted_target_GO,0.012959398273056968,0.06530008550816678,-0.08455822320909427
plate13,0,KHPCIHZXOGHCLY,PF-06260933,0.05,33,permuted_target_GO,0.007101833885654028,0.04999607569118861,-0.04931400543815166
plate13,0,CFCUWKMKBJTWLW,Plicamycin,0.05,14,permuted_target_GO,0.012403681430847541,0.06315779430283777,-0.07355889568359487
plate13,0,CFCUWKMKBJTWLW,Plicamycin,0.5,27,permuted_target_GO,0.007814131069635978,0.051704345385306834,0.006907707180214309
plate13,0,CFCUWKMKBJTWLW,Plicamycin,5.0,29,permuted_target_GO,0.0087410449236546,0.05360313224813326,-0.040297369012470184
plate13,0,TUZYXOIXSAXUGO,Pravastatin (sodium),0.05,47,permuted_target_GO,0.010100924629065235,0.057210169825706175,-0.02198455153894307
plate13,0,TUZYXOIXSAXUGO,Pravastatin (sodium),0.5,48,permuted_target_GO,0.007809316844485736,0.052653042065358466,0.014972271352194222
plate13,0,TUZYXOIXSAXUGO,Pravastatin (sodium),5.0,33,permuted_target_GO,0.009369347306694555,0.05762161795483724,-0.00017857430898233055
plate13,0,XPPBBJCBDOEXDN,Ralimetinib dimesylate,0.05,18,permuted_target_GO,0.00903181597602753,0.05444969420446713,-0.033650869121115756
plate13,0,FNHKPVJBJVTLMP,Regorafenib,0.05,21,permuted_target_GO,0.009263025425767436,0.055854214279041366,-0.01757735043608312
plate13,0,FNHKPVJBJVTLMP,Regorafenib,0.5,13,permuted_target_GO,0.011443363601460674,0.06229838167831547,0.059907302708299554
plate13,0,FNHKPVJBJVTLMP,Regorafenib,5.0,20,permuted_target_GO,0.008420642044347566,0.05340973411602753,0.04992639802992603
plate13,0,RHXHGRAEPCAFML,Ribociclib,0.05,29,permuted_target_GO,0.008727886557491639,0.054312043466885285,-0.08341958705518553
plate13,0,RHXHGRAEPCAFML,Ribociclib,0.5,19,permuted_target_GO,0.009584903122976265,0.056977486968429594,0.022772550090353862
plate13,0,RHXHGRAEPCAFML,Ribociclib,5.0,21,permuted_target_GO,0.01054599467535173,0.05692602167661045,-0.043922062872476596
plate13,0,UCFGDBYHRUNTLO,Topotecan (hydrochloride),0.05,23,permuted_target_GO,0.00888915644864219,0.05556488309675709,0.018144191642116867
plate13,0,UCFGDBYHRUNTLO,Topotecan (hydrochloride),0.5,17,permuted_target_GO,0.009321189182134083,0.05549673329582434,0.0459214547040545
plate13,0,UCFGDBYHRUNTLO,Topotecan (hydrochloride),5.0,14,permuted_target_GO,0.010435672016367782,0.05810608539011403,-0.044287137747711286
plate13,0,WWOXKWLDMLMYQY,c-Kit-IN-1,0.05,16,permuted_target_GO,0.010359236575523229,0.05822780176337359,-0.007246800882223744
plate13,0,FDLYAMZZIXQODN,olaparib,0.05,28,permuted_target_GO,0.010507438543472433,0.05960430829641108,-0.06147815516385233
plate14,3,PEMUGDMSUDYLHU,Adagrasib,0.05,15,permuted_target_GO,0.013878598593992654,0.06470252832779896,0.029779724921054438
plate14,3,OIRDTQYFTABQOQ,Adenosine,5.0,12,permuted_target_GO,0.01446969296576858,0.06506210716178776,0.0583002878709464
plate14,3,XCPGHVQEEXUHNC,Amsacrine,5.0,17,permuted_target_GO,0.012750585315564122,0.06213767365185136,-0.0014457983960580048
plate14,3,IPOKCKJONYRRHP,Balsalazide (sodium hydrate),5.0,13,permuted_target_GO,0.013328937108150644,0.06534930072854486,0.007719386881451381
plate14,3,VNFPBHJOKIVQEB,Clotrimazole,5.0,35,permuted_target_GO,0.01337303931187238,0.06325798409090634,-0.15170479544144527
plate14,3,ZZUFCTLCJUWOSV,Furosemide,5.0,14,permuted_target_GO,0.012288520224224225,0.062088093429927806,0.028321094619104915
plate14,3,HEMJJKBWTPKOJG,Gemfibrozil,5.0,56,permuted_target_GO,0.009147482930628949,0.0528691700215398,-0.13824802117825
plate14,3,XDXDZDZNSLXDNA,Idarubicin (hydrochloride),5.0,32,permuted_target_GO,0.011926753836487437,0.061308747462627294,0.00562740874558973
plate14,3,NYNZQNWKBKUAII,Larotrectinib,5.0,22,permuted_target_GO,0.012431958856332205,0.06234827258296932,-0.030016425318775346
plate14,3,GOTYRUGSSMKFNF,Lenalidomide (hemihydrate),5.0,25,permuted_target_GO,0.010909875051158847,0.057749549385326,-0.03259043394774415
plate14,3,NNJVILVZKWQKPM,Lidocaine (hydrochloride),5.0,24,permuted_target_GO,0.012734354939591817,0.06302848688183976,-0.014333475297185495
plate14,3,PSGAAPLEWMOORI,Medroxyprogesterone acetate,5.0,29,permuted_target_GO,0.011410701165932534,0.05938943058400008,-0.04714664754275341
plate14,3,KKZJGLLVHKMTCM,Mitoxantrone (dihydrochloride),5.0,14,permuted_target_GO,0.013058707944288582,0.06361630781928287,0.019559063943928538
plate14,3,DUPWHXBITIZIKZ,Radotinib,5.0,21,permuted_target_GO,0.012051696545149964,0.060233573883631396,-0.04419441375733275
plate14,3,IVTVGDXNLFLDRM,Raltitrexed,5.0,23,permuted_target_GO,0.010266294961642141,0.057032124538708276,-0.070481178653772
plate14,3,QFJCIRLUMZQUOT,Rapamycin,5.0,12,permuted_target_GO,0.014525648949480633,0.06587648145232738,-0.04481866455378641
plate14,3,LUKBXSAWLPMMSZ,Resveratrol,5.0,21,permuted_target_GO,0.013316895367526324,0.06324539123899395,-0.09068968740401447
plate14,3,SHGAZHPCJJPHSC,Retinoic acid,5.0,19,permuted_target_GO,0.012273311590983953,0.061724296688695814,-0.09073632862744542
plate14,3,CBPNZQVSJQDFBE,Temsirolimus,5.0,40,permuted_target_GO,0.008081661401040746,0.05059507308329409,0.009512903841218612
plate14,3,UJLAWZDWDVHWOW,Tofacitinib (citrate),5.0,25,permuted_target_GO,0.010777861401664845,0.057521983600312854,-0.027908600426994484
plate14,3,UJLAWZDWDVHWOW,Tofacitinib,5.0,23,permuted_target_GO,0.013510004641879354,0.06291061468227177,-0.09848156648249241
plate14,3,MIQPIUSUKVNLNT,Tolcapone,5.0,17,permuted_target_GO,0.010999561921100088,0.05853837310200236,0.000620807078104886
plate14,3,GFNANZIMVAIWHM,Triamcinolone,5.0,29,permuted_target_GO,0.009668631264862027,0.055483416604411376,-0.001213101317250252
plate14,3,NOYPYLRCIDNJJB,Trimetrexate,5.0,23,permuted_target_GO,0.010257127798573209,0.05603162822704671,-0.000895223165206753
plate14,3,SZMJVTADHFNAIS,Tucidinostat,5.0,33,permuted_target_GO,0.009980217221920967,0.057255331309651915,-0.008921017625436888
plate2,0,KFRKRECSIYXARE,4EGI-1,0.5,5,permuted_target_GO,0.026167118173233552,0.08174560708790266,-0.0037410346606643282
plate2,0,FARXPFGGGGLENU,9-ING-41,0.5,31,permuted_target_GO,0.009980703573398322,0.05701837481789075,0.08729336966181939
plate2,0,NIRXBXIPHUTNNI,APTO-253,0.5,27,permuted_target_GO,0.010030487669801637,0.057450961969392554,0.05674532374104133
plate2,0,OVPNQJVDAFNBDN,AT7519,0.5,34,permuted_target_GO,0.009521944997873757,0.0549827236296895,0.094986139224237
plate2,0,XISVSTPEXYIKJL,AZD-7648,0.5,14,permuted_target_GO,0.01146760424293323,0.061558437367651944,0.038450615580858355
plate2,0,KVLFRAWTRWDEDF,AZD-8055,0.5,13,permuted_target_GO,0.014158031466832331,0.06645791073637759,0.0031418482594125956
plate2,0,VQSZIPCGAGVRRP,AZD1390,0.5,23,permuted_target_GO,0.009281567199962435,0.05488201959168074,0.1634727512804736
plate2,0,UZWDCWONPYILKI,Abemaciclib,0.5,19,permuted_target_GO,0.009483803535904051,0.05506911362038106,0.052249728976943036
plate2,0,PEMUGDMSUDYLHU,Adagrasib,0.05,31,permuted_target_GO,0.009505912770168925,0.05647647806829814,-0.026805331007739453
plate2,0,STUWGJZDJHPWGZ,Alpelisib,0.5,14,permuted_target_GO,0.012836565590995996,0.06422608639297456,-0.018470137612077695
plate2,0,JBGYKRAZYDNCNV,BAY1125976,0.5,43,permuted_target_GO,0.007460333987073465,0.04923324111747275,0.19938310629766848
plate2,0,XVFDNRYZXDHTHT,BI-3406,0.5,30,permuted_target_GO,0.00921695922503878,0.05332520792434449,0.1107186761193838
plate2,0,GKHIVNAUVKXIIY,Belumosudil (mesylate),0.5,15,permuted_target_GO,0.013739920722441765,0.06410798577332837,0.0199210468927396
plate2,0,LOMMPXLFBTZENJ,Belzutifan,0.5,18,permuted_target_GO,0.011260161428725126,0.060358532358253246,-0.029423201687255904
plate2,0,XCPPIJCBCWUBNT,Bentamapimod,0.5,37,permuted_target_GO,0.009448727862759465,0.05513584486678484,0.03983071344533962
plate2,0,ADGGYDAFIHSYFI,Bimiralisib,0.5,15,permuted_target_GO,0.014865528586005532,0.06648915777017216,0.035636085512574835
plate2,0,ACWZRVQXLIRSDF,Binimetinib,0.5,27,permuted_target_GO,0.009253163167688292,0.054194769204469063,0.20382842702153495
plate2,0,GXJABQQUPOEUTA,Bortezomib,0.5,38,permuted_target_GO,0.009200699169462027,0.0523086090946598,0.0837801809235823
plate2,0,RGTAEYDIDMGJLX,CP21R7,0.5,20,permuted_target_GO,0.00992389283730003,0.057284154203742166,0.026262455341812197
plate2,0,JDUBGYFRJFOXQC,Capivasertib,0.5,20,permuted_target_GO,0.0097073795223906,0.05560255392133029,0.07435953891122883
plate2,0,BFSMGDJOXZAERB,Dabrafenib,0.5,23,permuted_target_GO,0.01078685563061544,0.05789829398561462,0.1160173454168667
plate2,0,FHWSAZXFPUMKFL,EX229,0.5,49,permuted_target_GO,0.008162219459045765,0.05161248125852342,0.07036197816255968
plate2,0,YBXRSCXGRPSTMW,Elimusertib hydrochloride,0.5,53,permuted_target_GO,0.0074447603388696024,0.04970551850308474,0.0954856530486805
plate2,0,HKVAMNSJSFKALM,Everolimus,0.5,46,permuted_target_GO,0.007731738383600639,0.05058968126058379,0.09999919083731452
plate2,0,KEIPNCCJPRMIAX,Futibatinib,0.5,40,permuted_target_GO,0.009425199492342476,0.055263261562328435,0.1307045448780241
plate2,0,QDITZBLZQQZVEE,GSK1059615,0.5,27,permuted_target_GO,0.010660726215795113,0.05645076065736607,0.15716666348558875
plate2,0,BCSBXWKRZUPFHW,HI-TOPK-032,0.5,46,permuted_target_GO,0.007817447353854897,0.0511378665694427,0.08373161774181835
plate2,0,ZAVGJDAFCZAWSZ,Hydroxyfasudil,0.5,19,permuted_target_GO,0.010905702999336466,0.05845039435311516,0.06101407822637716
plate2,0,QADPYRIHXKWUSV,Infigratinib,0.5,15,permuted_target_GO,0.011514067029281193,0.061300405324298694,0.048100953810594545
plate2,0,GRZXWCHAXNAUHY,Ipatasertib,0.5,55,permuted_target_GO,0.008252496666849313,0.0497683255232579,0.16912572347265636
plate2,0,UWKQSNNFCGGAFS,Irinotecan,0.5,7,permuted_target_GO,0.0144545923926669,0.0661066956456864,0.05330825538013718
plate2,0,MXAYKZJJDUDWDS,Ixazomib,0.5,15,permuted_target_GO,0.012166582348225983,0.06171143584316064,0.02925932894784654
plate2,0,JUQMLSGOTNKJKI,LB-100,0.5,30,permuted_target_GO,0.00951263425286378,0.05623710201929526,0.021933107993658118
plate2,0,YUYJEQHNWKQNBT,LJI308,0.5,20,permuted_target_GO,0.012952104554082414,0.06369486920038214,0.023474246258126715
plate2,0,FYXRSVDHGLUMHB,LY-2584702 (tosylate salt),0.5,10,permuted_target_GO,0.017043071476102404,0.07042910887633407,0.04888421515003742
plate2,0,HRJWTAWVFDCTGO,LY2090314,0.5,20,permuted_target_GO,0.010443703032861898,0.05862236797458894,-0.027251259531530844
plate2,0,DHMTURDWPRKSOA,Lonafarnib,0.5,14,permuted_target_GO,0.013060832528067065,0.06242092336801395,0.03079275651117281
plate2,0,FIKQZQDYGXAUHC,MK-3903,0.5,16,permuted_target_GO,0.011796236187055083,0.06206490879847069,0.0639855663457155
plate2,0,KPQQGHGDBBJGFA,MK-8353,0.5,12,permuted_target_GO,0.013113810299672044,0.06074690863515486,0.043775978667050276
plate2,0,AJCDZIDKYKCOMZ,ML264,0.5,36,permuted_target_GO,0.007639620686753454,0.0501077955304202,0.14150998211205315
plate2,0,IMBXEJJVJRTNOW,Methylprednisolone succinate,0.5,24,permuted_target_GO,0.009300435110418732,0.05452213147962561,0.10127013485188506
plate2,0,SMPGEBOIKULBCT,NG25,0.5,8,permuted_target_GO,0.017541377414711443,0.07050717851364471,-0.014804681865752524
plate2,0,ZCCPLJOKGAACRT,NVP-BHG712,0.5,26,permuted_target_GO,0.00797428799799783,0.05133085062655518,0.03812693132010162
plate2,0,OETLNMOJNONWOY,OTS514,0.5,25,permuted_target_GO,0.00978336182385334,0.057125350187371,0.012423381098887805
plate2,0,KHPCIHZXOGHCLY,PF-06260933,0.5,17,permuted_target_GO,0.010832566663083418,0.05964239580461557,0.13222144293062058
plate2,0,KCAJXIDMCNPGHZ,PH-797804,0.5,46,permuted_target_GO,0.007372291988056978,0.04954719543670085,0.11797917123507526
plate2,0,NVVPMZUGELHVMH,Pimitespib,0.5,28,permuted_target_GO,0.01081309772486855,0.058551663394064965,0.09027604418045265
plate2,0,FVICRBSEYSHKFY,RMC-6236,0.5,25,permuted_target_GO,0.009407985327612046,0.05513227013901921,0.18637827540044527
plate2,0,XPPBBJCBDOEXDN,Ralimetinib dimesylate,0.5,21,permuted_target_GO,0.011229571551041567,0.05879353428621637,0.14971816079178274
plate2,0,FNHKPVJBJVTLMP,Regorafenib,0.5,25,permuted_target_GO,0.00985150208871038,0.056610885696141665,0.022557164690053536
plate2,0,GYLDXIAOMVERTK,Sapanisertib,0.5,37,permuted_target_GO,0.0073152038627402145,0.049392014549959895,0.08785728594614661
plate2,0,RCLQNICOARASSR,TAK-733,0.5,7,permuted_target_GO,0.019074986244081826,0.07081495346651182,-0.022092161989565495
plate2,0,WKDACQVEJIVHMZ,TAK-901,0.5,16,permuted_target_GO,0.011982664854112136,0.06260041573380881,0.012028099240829185
plate2,0,MFAQYJIYDMLAIM,Torkinib,0.5,27,permuted_target_GO,0.00951044742392086,0.05557244858602035,0.07942157690740884
plate2,0,LIRYPHYGHXZJBZ,Trametinib,0.5,30,permuted_target_GO,0.00958067504624255,0.05515896096945575,0.057552054277368876
plate2,0,GPXBXXGIAQBQNI,Vemurafenib,0.5,27,permuted_target_GO,0.00914785124405241,0.05427623005882858,0.03784232324352659
plate2,0,SXNJFOWDRLKDSF,Volasertib,0.5,7,permuted_target_GO,0.020821537742490417,0.07621555552318951,0.010626865461366437
plate2,0,WWOXKWLDMLMYQY,c-Kit-IN-1,0.5,15,permuted_target_GO,0.010044482006813777,0.0570068564420672,0.021519722557629895
plate2,0,FDLYAMZZIXQODN,olaparib,0.5,19,permuted_target_GO,0.010416943383477732,0.06063380030964239,0.03661524316661907
plate2,0,AHJRHEGDXFFMBM,palbociclib,0.5,10,permuted_target_GO,0.014804210160843946,0.06735370555941098,0.11832046644188685
plate2,0,LQBVNQSMGBZMKD,venetoclax,0.5,17,permuted_target_GO,0.010288087895171839,0.05762915832970163,0.05355843839321119
plate3,1,KFRKRECSIYXARE,4EGI-1,5.0,33,permuted_target_GO,0.006135681585495107,0.04626076928398306,0.04662399063154868
plate3,1,FARXPFGGGGLENU,9-ING-41,5.0,27,permuted_target_GO,0.010996815420148829,0.05750320771594338,-0.11368348190442862
plate3,1,NIRXBXIPHUTNNI,APTO-253,5.0,29,permuted_target_GO,0.007297995297424598,0.050359451572508165,0.09166942362091872
plate3,1,OVPNQJVDAFNBDN,AT7519,5.0,35,permuted_target_GO,0.007442362660590017,0.049173825708496585,0.023406039425228686
plate3,1,XISVSTPEXYIKJL,AZD-7648,5.0,36,permuted_target_GO,0.00586398304080624,0.044548121324817676,0.07513470138617742
plate3,1,KVLFRAWTRWDEDF,AZD-8055,5.0,33,permuted_target_GO,0.007748275481479475,0.05171678517929493,0.054683325818487054
plate3,1,VQSZIPCGAGVRRP,AZD1390,5.0,36,permuted_target_GO,0.005526591583910319,0.043833499246015546,0.02880069034558173
plate3,1,FHCSBLWRGCOVPT,AZD2858,5.0,18,permuted_target_GO,0.009459761174515509,0.0561495307152224,0.09067484634130468
plate3,1,UZWDCWONPYILKI,Abemaciclib,5.0,31,permuted_target_GO,0.006916476123345088,0.046883397115161325,0.08605384499027657
plate3,1,PEMUGDMSUDYLHU,Adagrasib,0.05,31,permuted_target_GO,0.006827630029659642,0.04842799273773612,-0.0015677434615528128
plate3,1,STUWGJZDJHPWGZ,Alpelisib,5.0,25,permuted_target_GO,0.007836422109617509,0.05129076292750296,0.06349503673579579
plate3,1,JBGYKRAZYDNCNV,BAY1125976,5.0,20,permuted_target_GO,0.011953082799028143,0.05717667121369731,-0.04417968002364682
plate3,1,XVFDNRYZXDHTHT,BI-3406,5.0,35,permuted_target_GO,0.005903872513607378,0.04445030833168128,0.0957798276820524
plate3,1,GKHIVNAUVKXIIY,Belumosudil (mesylate),5.0,24,permuted_target_GO,0.009148238997818732,0.05466177014470487,0.023220007488198077
plate3,1,LOMMPXLFBTZENJ,Belzutifan,5.0,23,permuted_target_GO,0.011030999906143842,0.06082040011397816,-0.05536768837913023
plate3,1,XCPPIJCBCWUBNT,Bentamapimod,5.0,24,permuted_target_GO,0.008849855245539376,0.05360130355729568,0.022759527461860156
plate3,1,ADGGYDAFIHSYFI,Bimiralisib,5.0,51,permuted_target_GO,0.0062415570284259,0.04581437130834889,0.06117951462774972
plate3,1,ACWZRVQXLIRSDF,Binimetinib,5.0,15,permuted_target_GO,0.010680501588011997,0.05947264424225956,0.14530190230989773
plate3,1,GXJABQQUPOEUTA,Bortezomib,5.0,22,permuted_target_GO,0.008520325961449526,0.05045638869310793,0.10431292365812585
plate3,1,RGTAEYDIDMGJLX,CP21R7,5.0,25,permuted_target_GO,0.007736143160146254,0.049535516514256306,0.036302028228071576
plate3,1,JDUBGYFRJFOXQC,Capivasertib,5.0,31,permuted_target_GO,0.006265220893671084,0.04558423535820573,-0.003935416362038113
plate3,1,BFSMGDJOXZAERB,Dabrafenib,5.0,23,permuted_target_GO,0.00885505693017985,0.05401353663755783,0.0057569056362423935
plate3,1,FHWSAZXFPUMKFL,EX229,5.0,24,permuted_target_GO,0.0073784080624286295,0.04885732825680796,0.08133385982844825
plate3,1,YBXRSCXGRPSTMW,Elimusertib hydrochloride,5.0,24,permuted_target_GO,0.006674497375607682,0.04796336382415192,0.2029569516642466
plate3,1,CMJCXYNUCSMDBY,Encorafenib,5.0,44,permuted_target_GO,0.00898437681736192,0.05282232049511171,-0.1131468872530642
plate3,1,HKVAMNSJSFKALM,Everolimus,5.0,154,permuted_target_GO,0.003829075597648913,0.036626627968949665,0.10591074771156377
plate3,1,KEIPNCCJPRMIAX,Futibatinib,5.0,12,permuted_target_GO,0.013107702830903996,0.06560734570289418,0.028029942656089057
plate3,1,QDITZBLZQQZVEE,GSK1059615,5.0,27,permuted_target_GO,0.006257484015119132,0.046227363875972115,0.02744776619315575
plate3,1,BCSBXWKRZUPFHW,HI-TOPK-032,5.0,42,permuted_target_GO,0.0052595034122171775,0.04244077803794764,0.1074452378768565
plate3,1,ZAVGJDAFCZAWSZ,Hydroxyfasudil,5.0,15,permuted_target_GO,0.008785665623599444,0.05391624891742992,0.0799402934805063
plate3,1,QADPYRIHXKWUSV,Infigratinib,5.0,30,permuted_target_GO,0.006433834462892251,0.0455348062213892,0.1250726388213059
plate3,1,GRZXWCHAXNAUHY,Ipatasertib,5.0,33,permuted_target_GO,0.006410508547104972,0.04552051888711395,0.054603479147247586
plate3,1,UWKQSNNFCGGAFS,Irinotecan,5.0,78,permuted_target_GO,0.004345790852242863,0.039089138824326936,0.11294539659803719
plate3,1,MXAYKZJJDUDWDS,Ixazomib,5.0,30,permuted_target_GO,0.008512727575610092,0.053564120781354585,-0.04463222474061991
plate3,1,JUQMLSGOTNKJKI,LB-100,5.0,34,permuted_target_GO,0.008531725943641393,0.05390664083919873,0.0007930132582883118
plate3,1,YUYJEQHNWKQNBT,LJI308,5.0,28,permuted_target_GO,0.006817740090531204,0.049047689456967955,0.08520670462092318
plate3,1,FYXRSVDHGLUMHB,LY-2584702 (tosylate salt),5.0,18,permuted_target_GO,0.009390296924761917,0.05377363432561186,0.18190990407459903
plate3,1,HRJWTAWVFDCTGO,LY2090314,5.0,25,permuted_target_GO,0.007281224507819122,0.04914775070094175,0.0047438887014140734
plate3,1,DHMTURDWPRKSOA,Lonafarnib,5.0,15,permuted_target_GO,0.010173448975587026,0.05554157012199809,0.0646750698450473
plate3,1,FIKQZQDYGXAUHC,MK-3903,5.0,37,permuted_target_GO,0.006939007349466464,0.048396678005370286,0.007261704326542743
plate3,1,KPQQGHGDBBJGFA,MK-8353,5.0,23,permuted_target_GO,0.010495685675039241,0.05627438621787702,-0.06941184891810674
plate3,1,AJCDZIDKYKCOMZ,ML264,5.0,25,permuted_target_GO,0.007343837841861311,0.04889535454458321,0.012626331850806076
plate3,1,IMBXEJJVJRTNOW,Methylprednisolone succinate,5.0,32,permuted_target_GO,0.006093506407769023,0.0454366127982813,0.0988264034432725
plate3,1,SMPGEBOIKULBCT,NG25,5.0,17,permuted_target_GO,0.009513061734654556,0.055265518477826445,0.010522994274204774
plate3,1,ZCCPLJOKGAACRT,NVP-BHG712,5.0,13,permuted_target_GO,0.011385787504356756,0.059980533370282904,0.011532534357635883
plate3,1,OETLNMOJNONWOY,OTS514,5.0,10,permuted_target_GO,0.013120096443432157,0.0652846840749104,0.1509895135162845
plate3,1,KHPCIHZXOGHCLY,PF-06260933,5.0,16,permuted_target_GO,0.010060748804363154,0.055223602942334964,-0.019350561411425406
plate3,1,KCAJXIDMCNPGHZ,PH-797804,5.0,18,permuted_target_GO,0.00877308932164021,0.05298792563070454,0.12001677353277598
plate3,1,HCDMJFOHIXMBOV,Pemigatinib,5.0,32,permuted_target_GO,0.006054073075735392,0.04539897468192835,-0.024556711697378837
plate3,1,NVVPMZUGELHVMH,Pimitespib,5.0,16,permuted_target_GO,0.010309716362237415,0.05896165867438476,0.05612904937821238
plate3,1,FVICRBSEYSHKFY,RMC-6236,5.0,37,permuted_target_GO,0.009801560072976247,0.056567397178836964,0.059041670823840264
plate3,1,XPPBBJCBDOEXDN,Ralimetinib dimesylate,5.0,25,permuted_target_GO,0.007502039411166,0.04904459600399944,-0.011120738236332937
plate3,1,FNHKPVJBJVTLMP,Regorafenib,5.0,40,permuted_target_GO,0.005293151269890486,0.04196515894398319,0.07224291574438332
plate3,1,GYLDXIAOMVERTK,Sapanisertib,5.0,28,permuted_target_GO,0.008311551381243724,0.050823852473060115,0.04512946482557951
plate3,1,RCLQNICOARASSR,TAK-733,5.0,30,permuted_target_GO,0.008850889860958026,0.05487427575188462,0.11804422846092695
plate3,1,WKDACQVEJIVHMZ,TAK-901,5.0,36,permuted_target_GO,0.014042475084711155,0.057911880108090855,0.005481350406950649
plate3,1,MFAQYJIYDMLAIM,Torkinib,5.0,15,permuted_target_GO,0.009418192958119739,0.05582954784167342,0.06983991936121728
plate3,1,LIRYPHYGHXZJBZ,Trametinib,5.0,39,permuted_target_GO,0.007931659403059682,0.05061678352587406,0.10777275395151167
plate3,1,GPXBXXGIAQBQNI,Vemurafenib,5.0,56,permuted_target_GO,0.007163079371945831,0.047956179613256766,-0.03724965994636086
plate3,1,SXNJFOWDRLKDSF,Volasertib,5.0,23,permuted_target_GO,0.008120443528469043,0.052183939106321756,0.13026753123582022
plate3,1,WWOXKWLDMLMYQY,c-Kit-IN-1,5.0,28,permuted_target_GO,0.006181431118654497,0.04572500117788748,0.09319795919511707
plate3,1,FDLYAMZZIXQODN,olaparib,5.0,92,permuted_target_GO,0.005404137012142752,0.04360599144533671,0.0916317549796856
plate3,1,AHJRHEGDXFFMBM,palbociclib,5.0,26,permuted_target_GO,0.007774121728748977,0.050146311157941326,0.029023722535858627
plate3,1,LQBVNQSMGBZMKD,venetoclax,5.0,33,permuted_target_GO,0.0073918137731529675,0.04815275376618359,0.10962076571387794
plate4,3,PEMUGDMSUDYLHU,Adagrasib,0.05,20,permuted_target_GO,0.011566771132844949,0.05994152236115752,0.04019832961519562
plate4,3,OIRDTQYFTABQOQ,Adenosine,0.05,17,permuted_target_GO,0.009602094532156038,0.05556539416157203,0.008725543108686663
plate4,3,XCPGHVQEEXUHNC,Amsacrine,0.05,12,permuted_target_GO,0.011677331762247205,0.058917615500360516,-0.020275852284167513
plate4,3,IPOKCKJONYRRHP,Balsalazide (sodium hydrate),0.05,10,permuted_target_GO,0.012656513332182494,0.06317592607073723,0.0771644569278477
plate4,3,VNFPBHJOKIVQEB,Clotrimazole,0.05,31,permuted_target_GO,0.008612654064531128,0.05257441154113088,0.013006048051509475
plate4,3,ZZUFCTLCJUWOSV,Furosemide,0.05,15,permuted_target_GO,0.011871344095717273,0.059242458150492214,-0.010272732622895294
plate4,3,HEMJJKBWTPKOJG,Gemfibrozil,0.05,24,permuted_target_GO,0.007046236058582338,0.04757557110647504,0.044163579490978384
plate4,3,XDXDZDZNSLXDNA,Idarubicin (hydrochloride),0.05,18,permuted_target_GO,0.008359400199345746,0.0525812411873032,0.0266373089544632
plate4,3,NYNZQNWKBKUAII,Larotrectinib,0.05,58,permuted_target_GO,0.007430423871639775,0.048830365417396174,0.01640959918947787
plate4,3,GOTYRUGSSMKFNF,Lenalidomide (hemihydrate),0.05,16,permuted_target_GO,0.010986811443731394,0.056958979786393436,0.06318704883608336
plate4,3,NNJVILVZKWQKPM,Lidocaine (hydrochloride),0.05,6,permuted_target_GO,0.02118426180823323,0.07554027265844063,-0.011558727820849941
plate4,3,PSGAAPLEWMOORI,Medroxyprogesterone acetate,0.05,34,permuted_target_GO,0.0092720185239346,0.05344644301526844,0.048114832629670076
plate4,3,KKZJGLLVHKMTCM,Mitoxantrone (dihydrochloride),0.05,13,permuted_target_GO,0.011317430881479178,0.060640346832765694,-0.007632690382657468
plate4,3,DUPWHXBITIZIKZ,Radotinib,0.05,12,permuted_target_GO,0.014550775254606785,0.06639179194177154,-0.04831141932713507
plate4,3,IVTVGDXNLFLDRM,Raltitrexed,0.05,15,permuted_target_GO,0.01151037002629318,0.05875139764578117,-0.014588421745475208
plate4,3,QFJCIRLUMZQUOT,Rapamycin,0.05,16,permuted_target_GO,0.009835930437198014,0.05714992658740214,0.06280918040782188
plate4,3,LUKBXSAWLPMMSZ,Resveratrol,0.05,18,permuted_target_GO,0.01022034102749756,0.05692269538079469,0.019020157020279482
plate4,3,CBPNZQVSJQDFBE,Temsirolimus,0.05,17,permuted_target_GO,0.00937224669455043,0.055221811726854385,-0.1207849998653719
plate4,3,UJLAWZDWDVHWOW,Tofacitinib (citrate),0.05,12,permuted_target_GO,0.011672301475973977,0.05955352658092245,0.125653671635256
plate4,3,UJLAWZDWDVHWOW,Tofacitinib,0.05,18,permuted_target_GO,0.009989085277746813,0.056064155873434454,0.008627813753790039
plate4,3,MIQPIUSUKVNLNT,Tolcapone,0.05,18,permuted_target_GO,0.00870831115726735,0.053255550374402355,-0.05514308807806018
plate4,3,GFNANZIMVAIWHM,Triamcinolone,0.05,13,permuted_target_GO,0.00891858627116043,0.054244807797978245,0.04447112138845838
plate4,3,NOYPYLRCIDNJJB,Trimetrexate,0.05,33,permuted_target_GO,0.006166773332368313,0.04600346223508849,0.004118614614254923
plate4,3,SZMJVTADHFNAIS,Tucidinostat,0.05,28,permuted_target_GO,0.007362270355613277,0.04879067295138038,-0.04162776454863823
plate5,2,PEMUGDMSUDYLHU,Adagrasib,0.05,40,permuted_target_GO,0.007262166546327065,0.04966743255257662,0.0871335208142784
plate5,2,OIRDTQYFTABQOQ,Adenosine,0.5,32,permuted_target_GO,0.0071647014000499444,0.048683677151668193,0.07528772938497882
plate5,2,XCPGHVQEEXUHNC,Amsacrine,0.5,31,permuted_target_GO,0.008553727347623274,0.05316259901695467,0.03978193008214803
plate5,2,IPOKCKJONYRRHP,Balsalazide (sodium hydrate),0.5,34,permuted_target_GO,0.008893137459688474,0.054892790122680134,0.05998319276023886
plate5,2,VNFPBHJOKIVQEB,Clotrimazole,0.5,37,permuted_target_GO,0.010084503166529452,0.05715660049203252,0.028085308482341125
plate5,2,ZZUFCTLCJUWOSV,Furosemide,0.5,27,permuted_target_GO,0.0115356008973317,0.060537595603582704,-0.029401864040828663
plate5,2,HEMJJKBWTPKOJG,Gemfibrozil,0.5,54,permuted_target_GO,0.005951777849323437,0.04552701690680367,0.18357747506340213
plate5,2,XDXDZDZNSLXDNA,Idarubicin (hydrochloride),0.5,24,permuted_target_GO,0.01057072964994566,0.05903079819286187,0.03613583355595505
plate5,2,NYNZQNWKBKUAII,Larotrectinib,0.5,60,permuted_target_GO,0.00908611747177482,0.05438560239644228,-0.00409346161141852
plate5,2,GOTYRUGSSMKFNF,Lenalidomide (hemihydrate),0.5,34,permuted_target_GO,0.007253581904864302,0.0505550341120463,0.019568329738105197
plate5,2,NNJVILVZKWQKPM,Lidocaine (hydrochloride),0.5,22,permuted_target_GO,0.011142617706996703,0.06141345230988543,0.06356488344409907
plate5,2,PSGAAPLEWMOORI,Medroxyprogesterone acetate,0.5,35,permuted_target_GO,0.010771802592683817,0.058534975387313476,0.008276303372457043
plate5,2,KKZJGLLVHKMTCM,Mitoxantrone (dihydrochloride),0.5,25,permuted_target_GO,0.008844832732923653,0.054162050830315944,0.05686440272095099
plate5,2,DUPWHXBITIZIKZ,Radotinib,0.5,18,permuted_target_GO,0.012066366701349985,0.0617829727089059,0.03482218994648359
plate5,2,IVTVGDXNLFLDRM,Raltitrexed,0.5,16,permuted_target_GO,0.01122311436665341,0.059304618325312315,0.018948518912554235
plate5,2,QFJCIRLUMZQUOT,Rapamycin,0.5,28,permuted_target_GO,0.007712524044936206,0.050835552873893686,0.07888278659870816
plate5,2,LUKBXSAWLPMMSZ,Resveratrol,0.5,33,permuted_target_GO,0.009361640457536511,0.05536773261778549,0.13552188911079702
plate5,2,SHGAZHPCJJPHSC,Retinoic acid,0.5,33,permuted_target_GO,0.00801724304509406,0.05266174529003911,0.07491489970726901
plate5,2,CBPNZQVSJQDFBE,Temsirolimus,0.5,27,permuted_target_GO,0.00923783386789431,0.05312940238505044,0.14586757329900812
plate5,2,UJLAWZDWDVHWOW,Tofacitinib (citrate),0.5,29,permuted_target_GO,0.008271690526439314,0.053325196117028954,0.09209573001031048
plate5,2,UJLAWZDWDVHWOW,Tofacitinib,0.5,28,permuted_target_GO,0.008554846181277031,0.05385064413596544,0.08411134143494474
plate5,2,MIQPIUSUKVNLNT,Tolcapone,0.5,32,permuted_target_GO,0.006638800305837607,0.04745227597911482,0.008163970348411856
plate5,2,GFNANZIMVAIWHM,Triamcinolone,0.5,33,permuted_target_GO,0.009335842861802892,0.05375966425631751,-0.14904391522382465
plate5,2,NOYPYLRCIDNJJB,Trimetrexate,0.5,38,permuted_target_GO,0.007276336251964801,0.04965105997092196,0.03216693441229471
plate5,2,SZMJVTADHFNAIS,Tucidinostat,0.5,33,permuted_target_GO,0.00884379933459354,0.05481694446472125,-0.05558626647934276
plate6,2,PEMUGDMSUDYLHU,Adagrasib,0.05,15,permuted_target_GO,0.014692640867607609,0.06869841993553387,0.08387779943107997
plate6,2,OIRDTQYFTABQOQ,Adenosine,5.0,6,permuted_target_GO,0.02219728898000003,0.07915442980508396,0.07962723574969531
plate6,2,XCPGHVQEEXUHNC,Amsacrine,5.0,12,permuted_target_GO,0.015661382824030463,0.07025014518382694,0.1437225900607623
plate6,2,IPOKCKJONYRRHP,Balsalazide (sodium hydrate),5.0,10,permuted_target_GO,0.015232387673138418,0.0678675391331864,0.07108992525407136
plate6,2,VNFPBHJOKIVQEB,Clotrimazole,5.0,9,permuted_target_GO,0.01829452000621813,0.07605280300383395,0.03641928324982587
plate6,2,ZZUFCTLCJUWOSV,Furosemide,5.0,10,permuted_target_GO,0.015425052108758932,0.06913761188391353,0.06442019364052136
plate6,2,HEMJJKBWTPKOJG,Gemfibrozil,5.0,25,permuted_target_GO,0.012601428968925193,0.059920472395012976,-0.1724354299126578
plate6,2,XDXDZDZNSLXDNA,Idarubicin (hydrochloride),5.0,36,permuted_target_GO,0.014336714841612187,0.06422920870984164,0.033621215499855285
plate6,2,NYNZQNWKBKUAII,Larotrectinib,5.0,6,permuted_target_GO,0.02532093591544391,0.08645525125113704,-0.0325688238609861
plate6,2,GOTYRUGSSMKFNF,Lenalidomide (hemihydrate),5.0,11,permuted_target_GO,0.016118636765305543,0.06829171365789641,-0.046532836481049805
plate6,2,NNJVILVZKWQKPM,Lidocaine (hydrochloride),5.0,17,permuted_target_GO,0.017147197174901298,0.07052067016242514,-0.1464348259540447
plate6,2,PSGAAPLEWMOORI,Medroxyprogesterone acetate,5.0,22,permuted_target_GO,0.013698945336018583,0.06340293433885023,-0.028506766008746007
plate6,2,KKZJGLLVHKMTCM,Mitoxantrone (dihydrochloride),5.0,14,permuted_target_GO,0.014934052583248418,0.06759717613947781,0.10850278843356666
plate6,2,DUPWHXBITIZIKZ,Radotinib,5.0,16,permuted_target_GO,0.013394151927762525,0.06515149474497098,0.016052058528839848
plate6,2,IVTVGDXNLFLDRM,Raltitrexed,5.0,15,permuted_target_GO,0.012274744652520996,0.061445878248619155,0.05784315732380158
plate6,2,QFJCIRLUMZQUOT,Rapamycin,5.0,30,permuted_target_GO,0.008720252331860774,0.05205797296798803,0.10143837318433173
plate6,2,LUKBXSAWLPMMSZ,Resveratrol,5.0,34,permuted_target_GO,0.0091064098253319,0.05465559726836342,0.03833455576744624
plate6,2,SHGAZHPCJJPHSC,Retinoic acid,5.0,16,permuted_target_GO,0.01198819546332352,0.06194619847569105,0.1333503385342463
plate6,2,CBPNZQVSJQDFBE,Temsirolimus,5.0,18,permuted_target_GO,0.010444329852212565,0.05798438589561687,0.06326771916875877
plate6,2,UJLAWZDWDVHWOW,Tofacitinib (citrate),5.0,11,permuted_target_GO,0.017041584587508256,0.07215098116630472,0.11875085550129567
plate6,2,UJLAWZDWDVHWOW,Tofacitinib,5.0,37,permuted_target_GO,0.00917081031515003,0.05393023797544023,0.1196146274737926
plate6,2,MIQPIUSUKVNLNT,Tolcapone,5.0,30,permuted_target_GO,0.009001298848839507,0.052611257805877464,0.016414794323689263
plate6,2,GFNANZIMVAIWHM,Triamcinolone,5.0,10,permuted_target_GO,0.02207219649340065,0.07399172330203273,-0.029006321823513814
plate6,2,NOYPYLRCIDNJJB,Trimetrexate,5.0,19,permuted_target_GO,0.011984209231415159,0.05987377425816375,0.05275474022782876
plate6,2,SZMJVTADHFNAIS,Tucidinostat,5.0,35,permuted_target_GO,0.011886949793063796,0.059622619308268364,0.07571094941516228
plate7,0,KTEIFNKAUNYNJU,(S)-Crizotinib,0.05,22,permuted_target_GO,0.009644080207162528,0.05513944002357245,0.010577362260337446
plate7,0,PEMUGDMSUDYLHU,Adagrasib,0.05,67,permuted_target_GO,0.005653408853703172,0.043894324785128405,0.05513788862061438
plate7,0,HJBWBFZLDZWPHF,Apalutamide,0.05,32,permuted_target_GO,0.007164782464034094,0.0486070051268579,0.02112965583596693
plate7,0,BJRNKVDFDLYUGJ,Arbutin,0.05,22,permuted_target_GO,0.008571322592673637,0.053358595642362484,0.06430941467325503
plate7,0,GKHIVNAUVKXIIY,Belumosudil,0.05,29,permuted_target_GO,0.006967280413107629,0.048808185205898566,0.04225186378421403
plate7,0,JTUQXGZRVLWBCR,Benproperine (phosphate),0.05,21,permuted_target_GO,0.008776421911648062,0.05211757403201665,-0.03191040645630254
plate7,0,CIWBQSYVNNPZIQ,Betamethasone dipropionate,0.05,10,permuted_target_GO,0.016007930466335318,0.07002382591494023,7.531300358110814e-05
plate7,0,BSMCAPRUBJMWDF,Cobimetinib,0.05,20,permuted_target_GO,0.009078275779176236,0.0547733672281732,0.031097397456696183
plate7,0,KYQZWONCHDNPDP,Daidzin,0.05,38,permuted_target_GO,0.006087639602043118,0.045090553867124565,0.001783181651712791
plate7,0,XAUDJQYHKZQPEU,Decitabine,0.05,42,permuted_target_GO,0.00541695154391353,0.043295995624061286,0.055380008586409506
plate7,0,LDCRTTXIJACKKU,Dimethyl fumarate,0.05,17,permuted_target_GO,0.008807406671601861,0.0543343475991971,0.05363418212207439
plate7,0,PIMQWRZWLQKKBJ,Dinaciclib,0.05,32,permuted_target_GO,0.0078494269217186,0.05018477662403706,0.052373733554535964
plate7,0,ZDZOTLJHXYCWBA,Docetaxel (Trihydrate),0.05,30,permuted_target_GO,0.006739988755476255,0.04587861380612843,-0.028038993774149448
plate7,0,AOJJSUZBOXZQNB,Doxorubicin (hydrochloride),0.05,39,permuted_target_GO,0.005950829920765662,0.04629061994491816,0.02178395964806595
plate7,0,AOJJSUZBOXZQNB,Epirubicin (hydrochloride),0.05,16,permuted_target_GO,0.008007401588608085,0.051321283057810356,0.03798067523807426
plate7,0,JUKPWJGBANNWMW,Eplerenone,0.05,35,permuted_target_GO,0.005886556808552881,0.04416011808119623,0.05615501479739153
plate7,0,YMTINGFKWWXKFG,Fenofibrate,0.05,17,permuted_target_GO,0.0076949254070162445,0.050651503193777044,0.10400894393389985
plate7,0,KSEBMYQBYZTDHS,Ferulic acid,0.05,31,permuted_target_GO,0.007329927745706697,0.0482547442511563,-0.0016512365223253775
plate7,0,BJCJYEYYYGBROF,Flumatinib (mesylate),0.05,33,permuted_target_GO,0.007621329464381952,0.05084607576277877,0.02825415721033057
plate7,0,VSNHCAURESNICA,Hydroxyurea,0.05,17,permuted_target_GO,0.00900358652263134,0.05371820972166554,0.009542892166164815
plate7,0,UWKQSNNFCGGAFS,Irinotecan (hydrochloride),0.05,15,permuted_target_GO,0.009759290089102358,0.05630885984825729,0.009320352626494258
plate7,0,OPXLLQIJSORQAM,Mebendazole,0.05,28,permuted_target_GO,0.006181774917272479,0.04646096805178823,0.05014961769855353
plate7,0,VKHAHZOOUSRJNA,Mifepristone,0.05,38,permuted_target_GO,0.005481581325189597,0.04353954830075643,0.07469315107023762
plate7,0,RJMUSRYZPJIFPJ,Niclosamide (olamine),0.05,30,permuted_target_GO,0.005529718284941994,0.043610111376839907,0.1087895453023744
plate7,0,WBXPDJSOTKVWSJ,Pemetrexed,0.05,28,permuted_target_GO,0.006243275569849145,0.04524949856396184,-0.009981136676715376
plate7,0,UUBHZHZSIKRVIV,Peretinoin,0.05,31,permuted_target_GO,0.0066235298241028966,0.04752532359253647,-0.008239364931280291
plate7,0,JGWRKYUXBBNENE,Pexidartinib (hydrochloride),0.05,15,permuted_target_GO,0.012032937499152244,0.060799850001328086,-0.03937545683522897
plate7,0,VGYFMXBACGZSIL,Pitavastatin (Calcium),0.05,14,permuted_target_GO,0.010877196834993049,0.05678804139685932,-0.010095993282375473
plate7,0,TUZYXOIXSAXUGO,Pravastatin (sodium),0.05,21,permuted_target_GO,0.011467326410451836,0.05974735264536338,0.051622493099657114
plate7,0,REQCZEXYDRLIBE,Procainamide (hydrochloride),0.05,20,permuted_target_GO,0.010065739825597542,0.05708765908788348,0.0015373627107361832
plate7,0,LOUPRKONTZGTKE,Quinidine (15% dihydroquinidine),0.05,25,permuted_target_GO,0.008696115136151329,0.053019766655468106,-0.050990657772555605
plate7,0,YASAKCUCGLMORW,Rosiglitazone,0.05,41,permuted_target_GO,0.0060657593974462925,0.044229619626556256,0.0755526066047109
plate7,0,HMABYWSNWIZPAG,Rucaparib (phosphate),0.05,14,permuted_target_GO,0.011096500072224617,0.061704241486791996,0.04993340001435461
plate7,0,TTZSNFLLYPYKIL,Sulfatinib,0.05,20,permuted_target_GO,0.01108899745292573,0.05757233317418712,-0.0641347081870706
plate7,0,SEJLPXCPMNSRAM,Tirabrutinib,0.05,16,permuted_target_GO,0.010210167327417908,0.0554027943640171,-0.044146774347116724
plate7,0,UCFGDBYHRUNTLO,Topotecan (hydrochloride),0.05,17,permuted_target_GO,0.008462533194435223,0.051906031967381375,0.010971322775558673
plate7,0,LIRYPHYGHXZJBZ,Trametinib (DMSO_TF solvate),0.05,18,permuted_target_GO,0.009615972923426508,0.054957670564952085,-0.04097418000375568
plate7,0,NZHGWWWHIYHZNX,Tranilast,0.05,32,permuted_target_GO,0.0062147331867484935,0.04570929295712246,-0.013492172387112769
plate8,1,KTEIFNKAUNYNJU,(S)-Crizotinib,0.5,22,permuted_target_GO,0.00822014864548658,0.05392357702034034,0.021526727892273077
plate8,1,PEMUGDMSUDYLHU,Adagrasib,0.05,29,permuted_target_GO,0.00649716754642763,0.047783704333987424,-0.004446037988713662
plate8,1,HJBWBFZLDZWPHF,Apalutamide,0.5,18,permuted_target_GO,0.009318384155927938,0.05685830181649464,0.09342585128954733
plate8,1,BJRNKVDFDLYUGJ,Arbutin,0.5,18,permuted_target_GO,0.009469563981213397,0.05279087680745759,-0.0868799837793955
plate8,1,GKHIVNAUVKXIIY,Belumosudil,0.5,28,permuted_target_GO,0.006963604166017735,0.04873968228350862,-0.00829168220522089
plate8,1,JTUQXGZRVLWBCR,Benproperine (phosphate),0.5,31,permuted_target_GO,0.005941418330223821,0.04562197536201767,0.061330285738567955
plate8,1,CIWBQSYVNNPZIQ,Betamethasone dipropionate,0.5,15,permuted_target_GO,0.009060747678824588,0.055951070046639,-0.031250515325169995
plate8,1,BSMCAPRUBJMWDF,Cobimetinib,0.5,5,permuted_target_GO,0.01836386535358378,0.07268248738670594,-0.031913598741390256
plate8,1,KYQZWONCHDNPDP,Daidzin,0.5,33,permuted_target_GO,0.006698651974388684,0.047660516186251285,-0.001924125393395865
plate8,1,XAUDJQYHKZQPEU,Decitabine,0.5,41,permuted_target_GO,0.005101701295649961,0.041461425450850804,0.05583203799088494
plate8,1,LDCRTTXIJACKKU,Dimethyl fumarate,0.5,15,permuted_target_GO,0.008541499573365051,0.053744674550021646,0.0036247244702474614
plate8,1,PIMQWRZWLQKKBJ,Dinaciclib,0.5,61,permuted_target_GO,0.007170781980476564,0.04796340318364965,0.11533720606076522
plate8,1,ZDZOTLJHXYCWBA,Docetaxel (Trihydrate),0.5,49,permuted_target_GO,0.004650167714218279,0.040711670539851495,-0.009326568007445718
plate8,1,AOJJSUZBOXZQNB,Doxorubicin (hydrochloride),0.5,7,permuted_target_GO,0.013912381134263617,0.06411202190107246,0.016694761097225577
plate8,1,AOJJSUZBOXZQNB,Epirubicin (hydrochloride),0.5,15,permuted_target_GO,0.008455848954302502,0.052071541944270966,0.02889485101289205
plate8,1,JUKPWJGBANNWMW,Eplerenone,0.5,28,permuted_target_GO,0.006449384870457639,0.04810560490098982,-0.08497201254901013
plate8,1,YMTINGFKWWXKFG,Fenofibrate,0.5,14,permuted_target_GO,0.009286744545922918,0.0531254057101776,-0.0016396409415098036
plate8,1,BJCJYEYYYGBROF,Flumatinib (mesylate),0.5,32,permuted_target_GO,0.007033029442037197,0.04989541747127912,0.055604526708845324
plate8,1,VSNHCAURESNICA,Hydroxyurea,0.5,6,permuted_target_GO,0.019405309370848976,0.0730197662468809,0.0012869492275699777
plate8,1,UWKQSNNFCGGAFS,Irinotecan (hydrochloride),0.5,13,permuted_target_GO,0.010174615756953203,0.05852642352793594,-0.08333825328711612
plate8,1,OPXLLQIJSORQAM,Mebendazole,0.5,34,permuted_target_GO,0.007131582851447715,0.04782181440432761,-0.007162199206118726
plate8,1,VKHAHZOOUSRJNA,Mifepristone,0.5,27,permuted_target_GO,0.008067486212683756,0.05179506496868733,-0.06562212701900813
plate8,1,RJMUSRYZPJIFPJ,Niclosamide (olamine),0.5,25,permuted_target_GO,0.006605317560626971,0.04758269872791474,0.05516059069858845
plate8,1,WBXPDJSOTKVWSJ,Pemetrexed,0.5,6,permuted_target_GO,0.017737691798232275,0.07012553650582509,-0.04036916667513598
plate8,1,UUBHZHZSIKRVIV,Peretinoin,0.5,7,permuted_target_GO,0.013463066516089698,0.06183171198072243,0.03462018318757648
plate8,1,JGWRKYUXBBNENE,Pexidartinib (hydrochloride),0.5,9,permuted_target_GO,0.015422343283563887,0.06807097149535728,0.02150600934881554
plate8,1,TUZYXOIXSAXUGO,Pravastatin (sodium),0.5,21,permuted_target_GO,0.008042444721146109,0.05263490905600797,0.021440592785720875
plate8,1,REQCZEXYDRLIBE,Procainamide (hydrochloride),0.5,6,permuted_target_GO,0.02130200491450038,0.07501393772347816,-0.06320887177096476
plate8,1,LOUPRKONTZGTKE,Quinidine (15% dihydroquinidine),0.5,18,permuted_target_GO,0.007842625500147032,0.05096618804918865,0.0761295552531417
plate8,1,YASAKCUCGLMORW,Rosiglitazone,0.5,26,permuted_target_GO,0.0073780421667976465,0.04987691246033427,0.008709534349380106
plate8,1,HMABYWSNWIZPAG,Rucaparib (phosphate),0.5,23,permuted_target_GO,0.007699883087208625,0.05162192423432883,0.05073894965961492
plate8,1,TTZSNFLLYPYKIL,Sulfatinib,0.5,10,permuted_target_GO,0.013792778485306127,0.06653600459642571,-0.054792064876956204
plate8,1,SEJLPXCPMNSRAM,Tirabrutinib,0.5,11,permuted_target_GO,0.012247328622107617,0.06165058747911471,0.013043705485751957
plate8,1,UCFGDBYHRUNTLO,Topotecan (hydrochloride),0.5,21,permuted_target_GO,0.006801083464251454,0.0480735173918287,-0.08574297244567254
plate8,1,LIRYPHYGHXZJBZ,Trametinib (DMSO_TF solvate),0.5,20,permuted_target_GO,0.00773511448249145,0.051258321633217224,-0.036133238030976476
plate8,1,NZHGWWWHIYHZNX,Tranilast,0.5,30,permuted_target_GO,0.005262665213869971,0.04314632559452287,-0.010387491122886304
plate9,1,KTEIFNKAUNYNJU,(S)-Crizotinib,5.0,13,permuted_target_GO,0.011767421762301306,0.059321897185949705,-0.02710737385617293
plate9,1,PEMUGDMSUDYLHU,Adagrasib,0.05,23,permuted_target_GO,0.008807273029853712,0.05111260031031657,-0.06316221008765764
plate9,1,PEMUGDMSUDYLHU,Adagrasib,5.0,27,permuted_target_GO,0.0070011846246692015,0.04771822838056477,0.12224029711789784
plate9,1,HJBWBFZLDZWPHF,Apalutamide,5.0,16,permuted_target_GO,0.010094697106695975,0.05558963380645582,-0.028818669548767193
plate9,1,BJRNKVDFDLYUGJ,Arbutin,5.0,23,permuted_target_GO,0.007358507865885235,0.04975112291582775,-0.04963181779053108
plate9,1,GKHIVNAUVKXIIY,Belumosudil,5.0,21,permuted_target_GO,0.009529272311509232,0.05384401617451649,0.015432770214803222
plate9,1,JTUQXGZRVLWBCR,Benproperine (phosphate),5.0,21,permuted_target_GO,0.007343084382564729,0.05032367528417813,0.04297809179299321
plate9,1,CIWBQSYVNNPZIQ,Betamethasone dipropionate,5.0,28,permuted_target_GO,0.006379448979589039,0.046500803240407625,0.046544897818531446
plate9,1,BSMCAPRUBJMWDF,Cobimetinib,5.0,9,permuted_target_GO,0.013517423748321914,0.06200929918338666,-0.026216125738598352
plate9,1,KYQZWONCHDNPDP,Daidzin,5.0,29,permuted_target_GO,0.0068990920402046815,0.046865900157835705,-0.03311789556722298
plate9,1,XAUDJQYHKZQPEU,Decitabine,5.0,17,permuted_target_GO,0.00852532673555372,0.05043938942676616,0.030558451390618472
plate9,1,LDCRTTXIJACKKU,Dimethyl fumarate,5.0,30,permuted_target_GO,0.0066579046781961955,0.04714611840640989,-0.03344118906561697
plate9,1,PIMQWRZWLQKKBJ,Dinaciclib,5.0,33,permuted_target_GO,0.00812785189225076,0.04867247145008346,0.013224326804427297
plate9,1,ZDZOTLJHXYCWBA,Docetaxel (Trihydrate),5.0,22,permuted_target_GO,0.007110086102860179,0.04880706812495784,0.07300515073345054
plate9,1,AOJJSUZBOXZQNB,Doxorubicin (hydrochloride),5.0,21,permuted_target_GO,0.00794506636427177,0.04996662157554028,0.07227985419749691
plate9,1,AOJJSUZBOXZQNB,Epirubicin (hydrochloride),5.0,67,permuted_target_GO,0.004514894799326438,0.03913521139597964,0.002545457178530105
plate9,1,JUKPWJGBANNWMW,Eplerenone,5.0,15,permuted_target_GO,0.008698938585252274,0.05358626674365522,0.007646857188986035
plate9,1,YMTINGFKWWXKFG,Fenofibrate,5.0,13,permuted_target_GO,0.01267493510458331,0.05937488928551735,-0.11527805618369466
plate9,1,KSEBMYQBYZTDHS,Ferulic acid,5.0,10,permuted_target_GO,0.01232322511586937,0.05924787768532718,-0.030268651797601312
plate9,1,BJCJYEYYYGBROF,Flumatinib (mesylate),5.0,21,permuted_target_GO,0.00843919242746033,0.05220719566290455,0.1614494168562939
plate9,1,VSNHCAURESNICA,Hydroxyurea,5.0,12,permuted_target_GO,0.011410303225748318,0.05925573963002299,-0.010582724724904152
plate9,1,UWKQSNNFCGGAFS,Irinotecan (hydrochloride),5.0,28,permuted_target_GO,0.007683939047292043,0.04952111707846858,0.024876443596540735
plate9,1,OPXLLQIJSORQAM,Mebendazole,5.0,31,permuted_target_GO,0.006426815219452711,0.04620976340936274,-0.10195027008674035
plate9,1,VKHAHZOOUSRJNA,Mifepristone,5.0,11,permuted_target_GO,0.009792245136692891,0.056575993773219334,-0.029779164923138198
plate9,1,RJMUSRYZPJIFPJ,Niclosamide (olamine),5.0,13,permuted_target_GO,0.011816621217723205,0.0603519935388593,0.016127903719475048
plate9,1,WBXPDJSOTKVWSJ,Pemetrexed,5.0,9,permuted_target_GO,0.014137582990087208,0.06381865475053614,-0.022361268557215593
plate9,1,UUBHZHZSIKRVIV,Peretinoin,5.0,7,permuted_target_GO,0.01536033154185736,0.0637270420926786,-0.03628045188941669
plate9,1,JGWRKYUXBBNENE,Pexidartinib (hydrochloride),5.0,14,permuted_target_GO,0.01167818577367636,0.06059822016987728,-0.08420913256917265
plate9,1,TUZYXOIXSAXUGO,Pravastatin (sodium),5.0,44,permuted_target_GO,0.006739795191432531,0.04833912930184249,0.044408566953819735
plate9,1,REQCZEXYDRLIBE,Procainamide (hydrochloride),5.0,21,permuted_target_GO,0.008918117545823208,0.05270117131674975,-0.03316317419187091
plate9,1,LOUPRKONTZGTKE,Quinidine (15% dihydroquinidine),5.0,16,permuted_target_GO,0.009889912720555859,0.05544824261341059,-0.011975937575270058
plate9,1,YASAKCUCGLMORW,Rosiglitazone,5.0,17,permuted_target_GO,0.00867729187537456,0.05168179568115244,-0.016255662314503438
plate9,1,HMABYWSNWIZPAG,Rucaparib (phosphate),5.0,38,permuted_target_GO,0.008370648494472376,0.05299177853904234,0.07355393445427665
plate9,1,TTZSNFLLYPYKIL,Sulfatinib,5.0,26,permuted_target_GO,0.008850349279585586,0.054343547396480826,-0.059355814143237096
plate9,1,SEJLPXCPMNSRAM,Tirabrutinib,5.0,19,permuted_target_GO,0.007729269294108046,0.050298829961261685,0.06381277715865832
plate9,1,UCFGDBYHRUNTLO,Topotecan (hydrochloride),5.0,28,permuted_target_GO,0.006320799710910697,0.0452879905116548,0.12182554457257039
plate9,1,LIRYPHYGHXZJBZ,Trametinib (DMSO_TF solvate),5.0,22,permuted_target_GO,0.007286191062309888,0.04801896731755934,0.009420870042774122
plate9,1,NZHGWWWHIYHZNX,Tranilast,5.0,20,permuted_target_GO,0.0077984874813067815,0.049385816422256985,-0.0553840337707389
plate1,4,KFRKRECSIYXARE,4EGI-1,0.05,16,no_change,0.011021713561455104,0.05565279628892504,
plate1,4,FARXPFGGGGLENU,9-ING-41,0.05,5,no_change,0.02063015601225102,0.06817902791842229,
plate1,4,NIRXBXIPHUTNNI,APTO-253,0.05,9,no_change,0.014171575409902272,0.06117984430470924,
plate1,4,OVPNQJVDAFNBDN,AT7519,0.05,20,no_change,0.008303763129143589,0.047545220708956296,
plate1,4,XISVSTPEXYIKJL,AZD-7648,0.05,8,no_change,0.018167291818285046,0.06430946966370008,
plate1,4,KVLFRAWTRWDEDF,AZD-8055,0.05,21,no_change,0.00923749785598633,0.04891327646663667,
plate1,4,VQSZIPCGAGVRRP,AZD1390,0.05,9,no_change,0.014657746214371844,0.06090148601976255,
plate1,4,FHCSBLWRGCOVPT,AZD2858,0.05,25,no_change,0.00945691184641137,0.049780076404152926,
plate1,4,PEMUGDMSUDYLHU,Adagrasib,0.05,12,no_change,0.010674461399707099,0.05336290792799475,
plate1,4,STUWGJZDJHPWGZ,Alpelisib,0.05,17,no_change,0.011349627452506877,0.05480505308148471,
plate1,4,JBGYKRAZYDNCNV,BAY1125976,0.05,17,no_change,0.011410042625171849,0.05391380488339009,
plate1,4,XVFDNRYZXDHTHT,BI-3406,0.05,19,no_change,0.01105986341740599,0.05397153261430946,
plate1,4,GKHIVNAUVKXIIY,Belumosudil (mesylate),0.05,12,no_change,0.012213289746374317,0.05636885854577074,
plate1,4,XCPPIJCBCWUBNT,Bentamapimod,0.05,11,no_change,0.011660128526572822,0.05461864746806612,
plate1,4,ADGGYDAFIHSYFI,Bimiralisib,0.05,16,no_change,0.009333820547288707,0.050944335407892435,
plate1,4,ACWZRVQXLIRSDF,Binimetinib,0.05,21,no_change,0.008954100464397239,0.05121368454378031,
plate1,4,GXJABQQUPOEUTA,Bortezomib,0.05,14,no_change,0.010836291380614172,0.05119351120109015,
plate1,4,RGTAEYDIDMGJLX,CP21R7,0.05,18,no_change,0.011172454005077779,0.05624874456458158,
plate1,4,JDUBGYFRJFOXQC,Capivasertib,0.05,15,no_change,0.010355793551520305,0.053316626981722126,
plate1,4,BFSMGDJOXZAERB,Dabrafenib,0.05,15,no_change,0.01101554357945238,0.05437824648079979,
plate1,4,FHWSAZXFPUMKFL,EX229,0.05,8,no_change,0.019121470318682332,0.06901965606702001,
plate1,4,YBXRSCXGRPSTMW,Elimusertib hydrochloride,0.05,8,no_change,0.014975198896529809,0.05990012534858597,
plate1,4,CMJCXYNUCSMDBY,Encorafenib,0.05,26,no_change,0.007396794101052705,0.046506601186081575,
plate1,4,HKVAMNSJSFKALM,Everolimus,0.05,44,no_change,0.006137806112450816,0.04218857836671884,
plate1,4,KEIPNCCJPRMIAX,Futibatinib,0.05,17,no_change,0.008210727041023488,0.046928724328628185,
plate1,4,QDITZBLZQQZVEE,GSK1059615,0.05,30,no_change,0.007000531101462428,0.04472584141213034,
plate1,4,BCSBXWKRZUPFHW,HI-TOPK-032,0.05,6,no_change,0.0205731132642395,0.06898371948078176,
plate1,4,QADPYRIHXKWUSV,Infigratinib,0.05,30,no_change,0.007420937785745097,0.04712329883269755,
plate1,4,GRZXWCHAXNAUHY,Ipatasertib,0.05,12,no_change,0.012122455783440688,0.05541751721782353,
plate1,4,UWKQSNNFCGGAFS,Irinotecan,0.05,21,no_change,0.007173386674376105,0.0450000466116426,
plate1,4,MXAYKZJJDUDWDS,Ixazomib,0.05,7,no_change,0.018086478092574708,0.06814458598340634,
plate1,4,JUQMLSGOTNKJKI,LB-100,0.05,18,no_change,0.011319105298092986,0.05556652753090938,
plate1,4,YUYJEQHNWKQNBT,LJI308,0.05,35,no_change,0.005674225663391287,0.04066876730520825,
plate1,4,FYXRSVDHGLUMHB,LY-2584702 (tosylate salt),0.05,8,no_change,0.01608202902054009,0.06517586532077563,
plate1,4,HRJWTAWVFDCTGO,LY2090314,0.05,7,no_change,0.02115876573164359,0.07347489681522507,
plate1,4,DHMTURDWPRKSOA,Lonafarnib,0.05,15,no_change,0.011038029790317185,0.05576191965460014,
plate1,4,FIKQZQDYGXAUHC,MK-3903,0.05,17,no_change,0.008990918907927015,0.04941231581490238,
plate1,4,KPQQGHGDBBJGFA,MK-8353,0.05,17,no_change,0.008877247335079408,0.048009744868729935,
plate1,4,AJCDZIDKYKCOMZ,ML264,0.05,18,no_change,0.0085067983732507,0.048906407120424905,
plate1,4,SMPGEBOIKULBCT,NG25,0.05,15,no_change,0.010299152226331775,0.050599885913779855,
plate1,4,ZCCPLJOKGAACRT,NVP-BHG712,0.05,11,no_change,0.013098467199574849,0.058677139125445185,
plate1,4,OETLNMOJNONWOY,OTS514,0.05,14,no_change,0.010901447160553105,0.053609872779798826,
plate1,4,KCAJXIDMCNPGHZ,PH-797804,0.05,9,no_change,0.017193213476618483,0.06219070931650343,
plate1,4,HCDMJFOHIXMBOV,Pemigatinib,0.05,13,no_change,0.011785989058046965,0.05618699581220167,
plate1,4,NVVPMZUGELHVMH,Pimitespib,0.05,20,no_change,0.007804929205600704,0.047703500516649434,
plate1,4,FVICRBSEYSHKFY,RMC-6236,0.05,9,no_change,0.01633081452251972,0.06501743674484058,
plate1,4,FNHKPVJBJVTLMP,Regorafenib,0.05,13,no_change,0.01189517702783898,0.05762877737401174,
plate1,4,GYLDXIAOMVERTK,Sapanisertib,0.05,16,no_change,0.012584839185667749,0.05708622940947094,
plate1,4,RCLQNICOARASSR,TAK-733,0.05,11,no_change,0.011026545693681836,0.05329482170587064,
plate1,4,WKDACQVEJIVHMZ,TAK-901,0.05,6,no_change,0.020627270513002782,0.06691273327058685,
plate1,4,MFAQYJIYDMLAIM,Torkinib,0.05,9,no_change,0.012556851486991047,0.05724600117394627,
plate1,4,LIRYPHYGHXZJBZ,Trametinib,0.05,6,no_change,0.018900311820129616,0.0678557610893612,
plate1,4,GPXBXXGIAQBQNI,Vemurafenib,0.05,21,no_change,0.008152088883577591,0.046948155503133214,
plate1,4,SXNJFOWDRLKDSF,Volasertib,0.05,17,no_change,0.008834953232416697,0.05049616183369681,
plate1,4,AHJRHEGDXFFMBM,palbociclib,0.05,11,no_change,0.01175361585713646,0.05660609436840311,
plate1,4,LQBVNQSMGBZMKD,venetoclax,0.05,19,no_change,0.008310994045763962,0.04588649828034997,
plate10,2,NMUSYJAQQFHJEW,5-Azacytidine,0.05,19,no_change,0.0080783125176956,0.04770513177012737,
plate10,2,GHASVSINZRGABV,5-Fluorouracil,0.05,23,no_change,0.006823102230414733,0.046542563903423456,
plate10,2,PEMUGDMSUDYLHU,Adagrasib,0.05,24,no_change,0.005895582051643489,0.042908090858163446,
plate10,2,VOVZXURTCKPRDQ,Asciminib,0.05,12,no_change,0.00925137048654021,0.052361246036802984,
plate10,2,SFOZKJGZNOBSHF,Auranofin,0.05,27,no_change,0.006092439453770994,0.04283564687952368,
plate10,2,NCNRHFGMJRPRSK,Belinostat,0.05,20,no_change,0.006625426657597452,0.044738114166236756,
plate10,2,NAVMQTYZDKMPEU,Bexarotene,0.05,19,no_change,0.007198467520265992,0.0458967519898423,
plate10,2,LKJPYSCBVHEWIU,Bicalutamide,0.05,14,no_change,0.012878554008200632,0.05751020942729055,
plate10,2,ACWZRVQXLIRSDF,Binimetinib,0.05,33,no_change,0.005888188053014353,0.04198907309892017,
plate10,2,VOVIALXJUBGFJZ,Budesonide,0.05,25,no_change,0.006669712941124457,0.04462441116452071,
plate10,2,ONIQOQHATWINJY,Cabozantinib (S-malate),0.05,21,no_change,0.007196711678012568,0.04607569323032579,
plate10,2,FAKRSMQSSFJEIM,Captopril,0.05,14,no_change,0.0087260579912997,0.05036866307889121,
plate10,2,CBGUOGMQLZIXBE,Clobetasol propionate,0.05,31,no_change,0.006451684292386362,0.044286368487300894,
plate10,2,PMATZTZNYRCHOR,Cyclosporin A,0.05,26,no_change,0.007025180170299622,0.04665576092701265,
plate10,2,BLIJXOOIHRSQRB,Darolutamide,0.05,41,no_change,0.005415798879680594,0.04006141703162599,
plate10,2,UREBDLICKHMUKA,Dexamethasone,0.05,10,no_change,0.01205312564087454,0.05729187949954053,
plate10,2,HAYYBYPASCDWEQ,Entrectinib,0.05,12,no_change,0.008894889995888496,0.05143987962189828,
plate10,2,JOOXLOJCABQBSG,Fedratinib (hydrochloride hydrate),0.05,16,no_change,0.008422973029902607,0.04832236734390248,
plate10,2,RIJLVEAXPNLDTC,Filgotinib,0.05,8,no_change,0.017203048824353643,0.0640197008567979,
plate10,2,KKGQTZUTZRNORY,Fingolimod (hydrochloride),0.05,18,no_change,0.00764267678631675,0.046448652311526915,
plate10,2,MKXKFYHWDHIYRV,Flutamide,0.05,16,no_change,0.007010914858495022,0.0461638288635623,
plate10,2,VWUXBMIQPBEWFH,Fulvestrant,0.05,13,no_change,0.007709767647246814,0.04796486853025701,
plate10,2,MBOMYENWWXQSNW,Ixazomib citrate,0.05,9,no_change,0.01306683595527602,0.06059443911347431,
plate10,2,VLCYCQAOQCDTCN,L-Eflornithine (monohydrochloride),0.05,60,no_change,0.004882554783746609,0.038937196216199156,
plate10,2,FBOZXECLQNJBKD,Methotrexate,0.05,6,no_change,0.015716308621599763,0.06210426435221629,
plate10,2,OFPXSFXSNFPTHF,Oxaprozin,0.05,27,no_change,0.006273781108432855,0.04451870933952849,
plate10,2,FPOHNWQLNRZRFC,Panobinostat,0.05,16,no_change,0.009341801362405769,0.052112809113249,
plate10,2,IPVQLZZIHOAWMC,Perindopril (erbumine),0.05,19,no_change,0.007436917213748658,0.04599942122681152,
plate10,2,HYAFETHFCAUJAY,Pioglitazone,0.05,26,no_change,0.006326160760225398,0.043442349574956476,
plate10,2,PHXJVRSECIGDHY,Ponatinib,0.05,16,no_change,0.011683373391628744,0.0552039156325171,
plate10,2,OGQICQVSFDPSEI,Tazarotene,0.05,30,no_change,0.005882895652142291,0.043122224426905054,
plate10,2,SEJLPXCPMNSRAM,Tirabrutinib (hydrochloride),0.05,40,no_change,0.0050227838826251625,0.03952267445036276,
plate10,2,LIRYPHYGHXZJBZ,Trametinib,0.05,14,no_change,0.009061515462019066,0.05105041256606077,
plate11,4,NMUSYJAQQFHJEW,5-Azacytidine,0.5,23,no_change,0.0062636554123442845,0.04258061781593723,
plate11,4,GHASVSINZRGABV,5-Fluorouracil,0.5,27,no_change,0.004997092878356941,0.039116635465951836,
plate11,4,PEMUGDMSUDYLHU,Adagrasib,0.05,29,no_change,0.005135312314465523,0.039259435065027284,
plate11,4,VOVZXURTCKPRDQ,Asciminib,0.5,42,no_change,0.004585967926467923,0.03669508274936717,
plate11,4,SFOZKJGZNOBSHF,Auranofin,0.5,31,no_change,0.005684837280044464,0.04110432699926719,
plate11,4,NCNRHFGMJRPRSK,Belinostat,0.5,10,no_change,0.009400690578192239,0.05062404865143217,
plate11,4,NAVMQTYZDKMPEU,Bexarotene,0.5,23,no_change,0.007389270844279796,0.045270299694564024,
plate11,4,LKJPYSCBVHEWIU,Bicalutamide,0.5,26,no_change,0.0058010997739001355,0.04219496929204283,
plate11,4,ACWZRVQXLIRSDF,Binimetinib,0.5,26,no_change,0.005707675957005178,0.04053666611354699,
plate11,4,VOVIALXJUBGFJZ,Budesonide,0.5,28,no_change,0.00547909178647041,0.041015944604851334,
plate11,4,ONIQOQHATWINJY,Cabozantinib (S-malate),0.5,19,no_change,0.006721415619660348,0.04402495480843763,
plate11,4,FAKRSMQSSFJEIM,Captopril,0.5,34,no_change,0.005050061588547418,0.03895389534152626,
plate11,4,CBGUOGMQLZIXBE,Clobetasol propionate,0.5,26,no_change,0.0063132636343648215,0.04311718628293684,
plate11,4,PMATZTZNYRCHOR,Cyclosporin A,0.5,15,no_change,0.008053431003604788,0.04832004964091276,
plate11,4,BLIJXOOIHRSQRB,Darolutamide,0.5,33,no_change,0.0056109491700690635,0.0411193132851405,
plate11,4,UREBDLICKHMUKA,Dexamethasone,0.5,16,no_change,0.008410413396381282,0.04770832247694006,
plate11,4,HAYYBYPASCDWEQ,Entrectinib,0.5,41,no_change,0.004399950182603159,0.03640581954211898,
plate11,4,JOOXLOJCABQBSG,Fedratinib (hydrochloride hydrate),0.5,14,no_change,0.008296136680801798,0.04664929847203775,
plate11,4,RIJLVEAXPNLDTC,Filgotinib,0.5,20,no_change,0.006690332131826371,0.04478156844315106,
plate11,4,KKGQTZUTZRNORY,Fingolimod (hydrochloride),0.5,25,no_change,0.005982434668442177,0.041498169505285815,
plate11,4,MKXKFYHWDHIYRV,Flutamide,0.5,33,no_change,0.005418080210984371,0.04031107016839666,
plate11,4,VWUXBMIQPBEWFH,Fulvestrant,0.5,13,no_change,0.009161869993846196,0.04989032583174006,
plate11,4,MBOMYENWWXQSNW,Ixazomib citrate,0.5,16,no_change,0.0077728512524927575,0.045043183192155015,
plate11,4,VLCYCQAOQCDTCN,L-Eflornithine (monohydrochloride),0.5,32,no_change,0.005754200691585894,0.04041765749184358,
plate11,4,FBOZXECLQNJBKD,Methotrexate,0.5,43,no_change,0.004586531578779394,0.036977973336628674,
plate11,4,OFPXSFXSNFPTHF,Oxaprozin,0.5,24,no_change,0.005552816658578433,0.041285883232731475,
plate11,4,FPOHNWQLNRZRFC,Panobinostat,0.5,23,no_change,0.007606870129705629,0.04458058152796035,
plate11,4,IPVQLZZIHOAWMC,Perindopril (erbumine),0.5,25,no_change,0.00681646622365459,0.04225317834886493,
plate11,4,HYAFETHFCAUJAY,Pioglitazone,0.5,27,no_change,0.005828996257758375,0.04223030480216946,
plate11,4,PHXJVRSECIGDHY,Ponatinib,0.5,22,no_change,0.006107744299411721,0.0423127225723492,
plate11,4,OGQICQVSFDPSEI,Tazarotene,0.5,49,no_change,0.004442798720729297,0.038739695278696265,
plate11,4,SEJLPXCPMNSRAM,Tirabrutinib (hydrochloride),0.5,16,no_change,0.009039326744059792,0.049327765671337225,
plate11,4,LIRYPHYGHXZJBZ,Trametinib,0.5,17,no_change,0.007392168612882137,0.044666880079024876,
plate12,3,NMUSYJAQQFHJEW,5-Azacytidine,5.0,12,no_change,0.010106862751563042,0.05257644036184698,
plate12,3,GHASVSINZRGABV,5-Fluorouracil,5.0,16,no_change,0.008480687976942567,0.05166508090029545,
plate12,3,PEMUGDMSUDYLHU,Adagrasib,0.05,8,no_change,0.013744607377186935,0.05896411457652264,
plate12,3,VOVZXURTCKPRDQ,Asciminib,5.0,26,no_change,0.006118176714617514,0.04169947402537176,
plate12,3,SFOZKJGZNOBSHF,Auranofin,5.0,17,no_change,0.015073457106370213,0.06002066886033625,
plate12,3,NCNRHFGMJRPRSK,Belinostat,5.0,18,no_change,0.009554807543966093,0.05059660321588098,
plate12,3,NAVMQTYZDKMPEU,Bexarotene,5.0,19,no_change,0.007434226874246222,0.04525766250206652,
plate12,3,LKJPYSCBVHEWIU,Bicalutamide,5.0,25,no_change,0.007471053068635879,0.04622598970981075,
plate12,3,ACWZRVQXLIRSDF,Binimetinib,5.0,33,no_change,0.006539019940540632,0.044728141574119994,
plate12,3,VOVIALXJUBGFJZ,Budesonide,5.0,19,no_change,0.00793691890142862,0.04695586891923408,
plate12,3,ONIQOQHATWINJY,Cabozantinib (S-malate),5.0,18,no_change,0.008044631034140557,0.04986475525076708,
plate12,3,FAKRSMQSSFJEIM,Captopril,5.0,18,no_change,0.008468538589494229,0.04881410652369128,
plate12,3,CBGUOGMQLZIXBE,Clobetasol propionate,5.0,10,no_change,0.01441019285153796,0.06329010377975075,
plate12,3,PMATZTZNYRCHOR,Cyclosporin A,5.0,25,no_change,0.006568237843481483,0.044469873913523375,
plate12,3,BLIJXOOIHRSQRB,Darolutamide,5.0,41,no_change,0.004914751553103154,0.038969694345246116,
plate12,3,UREBDLICKHMUKA,Dexamethasone,5.0,10,no_change,0.012900603420788595,0.05753436210926267,
plate12,3,HAYYBYPASCDWEQ,Entrectinib,5.0,15,no_change,0.009041012389874533,0.05169208430791841,
plate12,3,JOOXLOJCABQBSG,Fedratinib (hydrochloride hydrate),5.0,27,no_change,0.007221285119393638,0.04529503538859558,
plate12,3,RIJLVEAXPNLDTC,Filgotinib,5.0,16,no_change,0.010600325789886815,0.05500497729070541,
plate12,3,KKGQTZUTZRNORY,Fingolimod (hydrochloride),5.0,11,no_change,0.010229002777174964,0.052334563320491086,
plate12,3,MKXKFYHWDHIYRV,Flutamide,5.0,22,no_change,0.006389517095180673,0.04347533447012484,
plate12,3,VWUXBMIQPBEWFH,Fulvestrant,5.0,32,no_change,0.006229817960956941,0.04374209105460586,
plate12,3,MBOMYENWWXQSNW,Ixazomib citrate,5.0,12,no_change,0.01133807241990666,0.055292035204300954,
plate12,3,VLCYCQAOQCDTCN,L-Eflornithine (monohydrochloride),5.0,17,no_change,0.009199942668056122,0.050051412758027734,
plate12,3,FBOZXECLQNJBKD,Methotrexate,5.0,26,no_change,0.0062548367384321815,0.044047439725522185,
plate12,3,OFPXSFXSNFPTHF,Oxaprozin,5.0,40,no_change,0.00482833764829367,0.03939604837787749,
plate12,3,FPOHNWQLNRZRFC,Panobinostat,5.0,8,no_change,0.01595914967546256,0.06182004398561266,
plate12,3,IPVQLZZIHOAWMC,Perindopril (erbumine),5.0,25,no_change,0.0073430388653424475,0.0457473986796376,
plate12,3,HYAFETHFCAUJAY,Pioglitazone,5.0,28,no_change,0.00620865847820999,0.04246832679278775,
plate12,3,PHXJVRSECIGDHY,Ponatinib,5.0,19,no_change,0.006801882770478543,0.04586988908493895,
plate12,3,OGQICQVSFDPSEI,Tazarotene,5.0,29,no_change,0.005861213193785279,0.042553135013803194,
plate12,3,SEJLPXCPMNSRAM,Tirabrutinib (hydrochloride),5.0,24,no_change,0.0076852915400333266,0.048231624082217706,
plate12,3,LIRYPHYGHXZJBZ,Trametinib,5.0,40,no_change,0.006261245817186518,0.04405956791873495,
plate13,0,UZWDCWONPYILKI,Abemaciclib,0.05,18,no_change,0.009214421291125267,0.05079513242223163,
plate13,0,PEMUGDMSUDYLHU,Adagrasib,0.05,34,no_change,0.0059359298953066296,0.04114872458218763,
plate13,0,GKHIVNAUVKXIIY,Belumosudil,0.05,34,no_change,0.005670900450158144,0.04119922381031224,
plate13,0,GKHIVNAUVKXIIY,Belumosudil,0.5,48,no_change,0.004936036112913512,0.03855637592342946,
plate13,0,GKHIVNAUVKXIIY,Belumosudil,5.0,25,no_change,0.007185067868852349,0.044141959935899026,
plate13,0,FAKRSMQSSFJEIM,Captopril,0.05,25,no_change,0.006257010444026537,0.0426003128591417,
plate13,0,TZFNLOMSOLWIDK,Carbidopa (monohydrate),0.05,39,no_change,0.00587384283550922,0.0419171102004338,
plate13,0,TZFNLOMSOLWIDK,Carbidopa (monohydrate),0.5,19,no_change,0.007563016989685688,0.045082971590613696,
plate13,0,TZFNLOMSOLWIDK,Carbidopa (monohydrate),5.0,36,no_change,0.004933475777282724,0.03747567040513646,
plate13,0,KYQZWONCHDNPDP,Daidzin,0.05,14,no_change,0.008941228525956324,0.048979471645811144,
plate13,0,KYQZWONCHDNPDP,Daidzin,0.5,55,no_change,0.004845045379520716,0.03836805895264701,
plate13,0,KYQZWONCHDNPDP,Daidzin,5.0,24,no_change,0.006993150991030544,0.04343892773664635,
plate13,0,BJCJYEYYYGBROF,Flumatinib (mesylate),0.05,20,no_change,0.008741348053815675,0.049895723176908165,
plate13,0,BJCJYEYYYGBROF,Flumatinib (mesylate),0.5,27,no_change,0.006370562271602237,0.04207167813165936,
plate13,0,BJCJYEYYYGBROF,Flumatinib (mesylate),5.0,30,no_change,0.006430549145538811,0.04352610926720572,
plate13,0,GKDRMWXFWHEQQT,Fostamatinib (disodium hexahydrate),0.05,24,no_change,0.006542575788836937,0.044032865531249785,
plate13,0,GKDRMWXFWHEQQT,Fostamatinib (disodium hexahydrate),0.5,16,no_change,0.008452451167355032,0.04798105702882487,
plate13,0,GKDRMWXFWHEQQT,Fostamatinib (disodium hexahydrate),5.0,32,no_change,0.004979644225558866,0.03864982619216433,
plate13,0,ZAVGJDAFCZAWSZ,Hydroxyfasudil,0.05,20,no_change,0.008645641228352765,0.051498034242382695,
plate13,0,UWKQSNNFCGGAFS,Irinotecan (hydrochloride),0.05,45,no_change,0.004832618581592131,0.03816163265548784,
plate13,0,UWKQSNNFCGGAFS,Irinotecan (hydrochloride),0.5,52,no_change,0.004334714169843944,0.0379234256212972,
plate13,0,UWKQSNNFCGGAFS,Irinotecan (hydrochloride),5.0,42,no_change,0.004996869077023779,0.039270013848185854,
plate13,0,NYNZQNWKBKUAII,Larotrectinib sulfate,0.05,13,no_change,0.012263425807415388,0.05547924390755515,
plate13,0,NYNZQNWKBKUAII,Larotrectinib sulfate,0.5,8,no_change,0.0174091109963378,0.06336792962725388,
plate13,0,NYNZQNWKBKUAII,Larotrectinib sulfate,5.0,27,no_change,0.0061523461450221795,0.04304617140264174,
plate13,0,IMBXEJJVJRTNOW,Methylprednisolone succinate,0.05,15,no_change,0.010878165706828263,0.056117377094778424,
plate13,0,KHPCIHZXOGHCLY,PF-06260933,0.05,33,no_change,0.005504855358748459,0.04168475723458702,
plate13,0,CFCUWKMKBJTWLW,Plicamycin,0.05,14,no_change,0.0101029979823414,0.05314546154860016,
plate13,0,CFCUWKMKBJTWLW,Plicamycin,0.5,27,no_change,0.006425719379900064,0.043327059964695734,
plate13,0,CFCUWKMKBJTWLW,Plicamycin,5.0,29,no_change,0.0067207649849686,0.04417620429559661,
plate13,0,TUZYXOIXSAXUGO,Pravastatin (sodium),0.05,47,no_change,0.004188912234428182,0.035991887749914776,
plate13,0,TUZYXOIXSAXUGO,Pravastatin (sodium),0.5,48,no_change,0.005080360103584724,0.03997369195796679,
plate13,0,TUZYXOIXSAXUGO,Pravastatin (sodium),5.0,33,no_change,0.0055350980252971945,0.041245863292436735,
plate13,0,XPPBBJCBDOEXDN,Ralimetinib dimesylate,0.05,18,no_change,0.007537450259693874,0.0453935966027929,
plate13,0,FNHKPVJBJVTLMP,Regorafenib,0.05,21,no_change,0.007590740313421721,0.04612269270533332,
plate13,0,FNHKPVJBJVTLMP,Regorafenib,0.5,13,no_change,0.010464739643200487,0.05374663600907224,
plate13,0,FNHKPVJBJVTLMP,Regorafenib,5.0,20,no_change,0.0069518394946376716,0.043987458855601805,
plate13,0,RHXHGRAEPCAFML,Ribociclib,0.05,29,no_change,0.006350587609344777,0.04347790400823973,
plate13,0,RHXHGRAEPCAFML,Ribociclib,0.5,19,no_change,0.008139121520609575,0.04849571049631369,
plate13,0,RHXHGRAEPCAFML,Ribociclib,5.0,21,no_change,0.008113342563293819,0.046524862957002686,
plate13,0,UCFGDBYHRUNTLO,Topotecan (hydrochloride),0.05,23,no_change,0.0077296262957626104,0.047977449493013254,
plate13,0,UCFGDBYHRUNTLO,Topotecan (hydrochloride),0.5,17,no_change,0.008312595048655351,0.04741242791860538,
plate13,0,UCFGDBYHRUNTLO,Topotecan (hydrochloride),5.0,14,no_change,0.008559230239595716,0.04844706246919747,
plate13,0,WWOXKWLDMLMYQY,c-Kit-IN-1,0.05,16,no_change,0.0090205230195186,0.05006031238232568,
plate13,0,FDLYAMZZIXQODN,olaparib,0.05,28,no_change,0.005734484314875628,0.04106627463391611,
plate14,3,PEMUGDMSUDYLHU,Adagrasib,0.05,15,no_change,0.011267974550107234,0.0511237060161478,
plate14,3,OIRDTQYFTABQOQ,Adenosine,5.0,12,no_change,0.01334581891552706,0.0569425804642366,
plate14,3,XCPGHVQEEXUHNC,Amsacrine,5.0,17,no_change,0.011711663410448452,0.05561247007029014,
plate14,3,IPOKCKJONYRRHP,Balsalazide (sodium hydrate),5.0,13,no_change,0.011893704261717165,0.05685336519115624,
plate14,3,VNFPBHJOKIVQEB,Clotrimazole,5.0,35,no_change,0.009105624135885252,0.051564345655288425,
plate14,3,ZZUFCTLCJUWOSV,Furosemide,5.0,14,no_change,0.010667647912447205,0.05269545105245918,
plate14,3,HEMJJKBWTPKOJG,Gemfibrozil,5.0,56,no_change,0.007410420329189624,0.047600062861280025,
plate14,3,XDXDZDZNSLXDNA,Idarubicin (hydrochloride),5.0,32,no_change,0.009938002725981398,0.0530769456690674,
plate14,3,NYNZQNWKBKUAII,Larotrectinib,5.0,22,no_change,0.00950554259874512,0.05054922268354862,
plate14,3,GOTYRUGSSMKFNF,Lenalidomide (hemihydrate),5.0,25,no_change,0.00868833018167395,0.04859999425670146,
plate14,3,NNJVILVZKWQKPM,Lidocaine (hydrochloride),5.0,24,no_change,0.010087374098235622,0.05288078644255686,
plate14,3,PSGAAPLEWMOORI,Medroxyprogesterone acetate,5.0,29,no_change,0.008834271174950326,0.049787586363589285,
plate14,3,KKZJGLLVHKMTCM,Mitoxantrone (dihydrochloride),5.0,14,no_change,0.011388594095880384,0.05537125509535088,
plate14,3,DUPWHXBITIZIKZ,Radotinib,5.0,21,no_change,0.009708170681936227,0.05125400852111522,
plate14,3,IVTVGDXNLFLDRM,Raltitrexed,5.0,23,no_change,0.008801533871013517,0.049923090212555844,
plate14,3,QFJCIRLUMZQUOT,Rapamycin,5.0,12,no_change,0.013228905533054964,0.059044213796834444,
plate14,3,LUKBXSAWLPMMSZ,Resveratrol,5.0,21,no_change,0.010777632913118406,0.0535371053099269,
plate14,3,SHGAZHPCJJPHSC,Retinoic acid,5.0,19,no_change,0.010045252838888687,0.0529934422058491,
plate14,3,CBPNZQVSJQDFBE,Temsirolimus,5.0,40,no_change,0.007100738572607421,0.04513567602758543,
plate14,3,UJLAWZDWDVHWOW,Tofacitinib (citrate),5.0,25,no_change,0.009240992495088297,0.050554371018518306,
plate14,3,UJLAWZDWDVHWOW,Tofacitinib,5.0,23,no_change,0.010996692710325405,0.05270035209126694,
plate14,3,MIQPIUSUKVNLNT,Tolcapone,5.0,17,no_change,0.009753963178834072,0.049780853608770374,
plate14,3,GFNANZIMVAIWHM,Triamcinolone,5.0,29,no_change,0.008713957512541075,0.04984129009120737,
plate14,3,NOYPYLRCIDNJJB,Trimetrexate,5.0,23,no_change,0.00925554896592708,0.049789391789705206,
plate14,3,SZMJVTADHFNAIS,Tucidinostat,5.0,33,no_change,0.008928853121715834,0.05219070374594613,
plate2,0,KFRKRECSIYXARE,4EGI-1,0.5,5,no_change,0.024798704585496767,0.07353093223189335,
plate2,0,FARXPFGGGGLENU,9-ING-41,0.5,31,no_change,0.008017354428394565,0.04594456362235571,
plate2,0,NIRXBXIPHUTNNI,APTO-253,0.5,27,no_change,0.008575057510555649,0.04848660800675248,
plate2,0,OVPNQJVDAFNBDN,AT7519,0.5,34,no_change,0.007773510727177051,0.04646006210839965,
plate2,0,XISVSTPEXYIKJL,AZD-7648,0.5,14,no_change,0.010419358295961098,0.05435955561418245,
plate2,0,KVLFRAWTRWDEDF,AZD-8055,0.5,13,no_change,0.011637420630820287,0.055486443274404024,
plate2,0,VQSZIPCGAGVRRP,AZD1390,0.5,23,no_change,0.009085997622431983,0.04908887263005455,
plate2,0,UZWDCWONPYILKI,Abemaciclib,0.5,19,no_change,0.0085193847385936,0.04718321995826511,
plate2,0,PEMUGDMSUDYLHU,Adagrasib,0.05,31,no_change,0.00714203357296351,0.04608206619269666,
plate2,0,STUWGJZDJHPWGZ,Alpelisib,0.5,14,no_change,0.011355631260416542,0.05553459314933182,
plate2,0,JBGYKRAZYDNCNV,BAY1125976,0.5,43,no_change,0.007340784010756306,0.044402096399846304,
plate2,0,XVFDNRYZXDHTHT,BI-3406,0.5,30,no_change,0.00864345496844223,0.04798577466451374,
plate2,0,GKHIVNAUVKXIIY,Belumosudil (mesylate),0.5,15,no_change,0.011432734476078016,0.05452973476596489,
plate2,0,LOMMPXLFBTZENJ,Belzutifan,0.5,18,no_change,0.009203422904939184,0.05029508915057896,
plate2,0,XCPPIJCBCWUBNT,Bentamapimod,0.5,37,no_change,0.007414229586051392,0.04390436803895461,
plate2,0,ADGGYDAFIHSYFI,Bimiralisib,0.5,15,no_change,0.01369670704137141,0.05859128401827638,
plate2,0,ACWZRVQXLIRSDF,Binimetinib,0.5,27,no_change,0.009029963941363515,0.04911034931542275,
plate2,0,GXJABQQUPOEUTA,Bortezomib,0.5,38,no_change,0.008445715960919987,0.046160819582512856,
plate2,0,RGTAEYDIDMGJLX,CP21R7,0.5,20,no_change,0.008772816489646432,0.049786606320456936,
plate2,0,JDUBGYFRJFOXQC,Capivasertib,0.5,20,no_change,0.00890311297687501,0.049025337861251156,
plate2,0,BFSMGDJOXZAERB,Dabrafenib,0.5,23,no_change,0.010246143684490372,0.05138580096693324,
plate2,0,FHWSAZXFPUMKFL,EX229,0.5,49,no_change,0.006983361113605694,0.044764991655474734,
plate2,0,YBXRSCXGRPSTMW,Elimusertib hydrochloride,0.5,53,no_change,0.0059054414550621685,0.041148453070822585,
plate2,0,HKVAMNSJSFKALM,Everolimus,0.5,46,no_change,0.00696926022245391,0.04456600806105896,
plate2,0,KEIPNCCJPRMIAX,Futibatinib,0.5,40,no_change,0.008406798795934383,0.04779939046744197,
plate2,0,QDITZBLZQQZVEE,GSK1059615,0.5,27,no_change,0.010514435001924031,0.05116540103539834,
plate2,0,BCSBXWKRZUPFHW,HI-TOPK-032,0.5,46,no_change,0.007013359150901317,0.045460898788172034,
plate2,0,ZAVGJDAFCZAWSZ,Hydroxyfasudil,0.5,19,no_change,0.010035654309823807,0.05261971526031669,
plate2,0,QADPYRIHXKWUSV,Infigratinib,0.5,15,no_change,0.01055670333511298,0.05477634333345276,
plate2,0,GRZXWCHAXNAUHY,Ipatasertib,0.5,55,no_change,0.00798972549016404,0.0450211866556725,
plate2,0,UWKQSNNFCGGAFS,Irinotecan,0.5,7,no_change,0.013592898629195207,0.05888699685275876,
plate2,0,MXAYKZJJDUDWDS,Ixazomib,0.5,15,no_change,0.010421287517895655,0.05172074287463536,
plate2,0,JUQMLSGOTNKJKI,LB-100,0.5,30,no_change,0.007106175732122737,0.045137290041624215,
plate2,0,YUYJEQHNWKQNBT,LJI308,0.5,20,no_change,0.011135220074203318,0.05327728231501024,
plate2,0,FYXRSVDHGLUMHB,LY-2584702 (tosylate salt),0.5,10,no_change,0.01618078574065705,0.06314717150530817,
plate2,0,HRJWTAWVFDCTGO,LY2090314,0.5,20,no_change,0.008908026465843114,0.05094598590526955,
plate2,0,DHMTURDWPRKSOA,Lonafarnib,0.5,14,no_change,0.011992655207272331,0.055390822728787655,
plate2,0,FIKQZQDYGXAUHC,MK-3903,0.5,16,no_change,0.010552626616252747,0.053563278173284795,
plate2,0,KPQQGHGDBBJGFA,MK-8353,0.5,12,no_change,0.01214839503100832,0.05316846592047205,
plate2,0,AJCDZIDKYKCOMZ,ML264,0.5,36,no_change,0.0071969634443108735,0.0448283638032349,
plate2,0,IMBXEJJVJRTNOW,Methylprednisolone succinate,0.5,24,no_change,0.00859243106664321,0.04859601761605433,
plate2,0,SMPGEBOIKULBCT,NG25,0.5,8,no_change,0.01609291125425408,0.06322241289506013,
plate2,0,ZCCPLJOKGAACRT,NVP-BHG712,0.5,26,no_change,0.006809891036265226,0.04391474334985178,
plate2,0,OETLNMOJNONWOY,OTS514,0.5,25,no_change,0.007787454242158573,0.04646107020713023,
plate2,0,KHPCIHZXOGHCLY,PF-06260933,0.5,17,no_change,0.010480395602192548,0.05349554802036894,
plate2,0,KCAJXIDMCNPGHZ,PH-797804,0.5,46,no_change,0.006297689384485669,0.04171082179945457,
plate2,0,NVVPMZUGELHVMH,Pimitespib,0.5,28,no_change,0.008936158318449261,0.0490313059886573,
plate2,0,FVICRBSEYSHKFY,RMC-6236,0.5,25,no_change,0.008695437612590637,0.0482139920079348,
plate2,0,XPPBBJCBDOEXDN,Ralimetinib dimesylate,0.5,21,no_change,0.011056742644779554,0.05302699070547858,
plate2,0,FNHKPVJBJVTLMP,Regorafenib,0.5,25,no_change,0.008562970531694934,0.04804380883006586,
plate2,0,GYLDXIAOMVERTK,Sapanisertib,0.5,37,no_change,0.006516364775833264,0.04318749978544835,
plate2,0,RCLQNICOARASSR,TAK-733,0.5,7,no_change,0.016749199484021537,0.06036680876962213,
plate2,0,WKDACQVEJIVHMZ,TAK-901,0.5,16,no_change,0.009311818622001117,0.050296012267916565,
plate2,0,MFAQYJIYDMLAIM,Torkinib,0.5,27,no_change,0.008736313457019517,0.04894041330634387,
plate2,0,LIRYPHYGHXZJBZ,Trametinib,0.5,30,no_change,0.008084298571576727,0.046469962577187135,
plate2,0,GPXBXXGIAQBQNI,Vemurafenib,0.5,27,no_change,0.0074463150090545195,0.044383595589076424,
plate2,0,SXNJFOWDRLKDSF,Volasertib,0.5,7,no_change,0.019359565767348715,0.0673573410198652,
plate2,0,WWOXKWLDMLMYQY,c-Kit-IN-1,0.5,15,no_change,0.008879537401636725,0.04904520859227473,
plate2,0,FDLYAMZZIXQODN,olaparib,0.5,19,no_change,0.008345570831574403,0.04952340897235624,
plate2,0,AHJRHEGDXFFMBM,palbociclib,0.5,10,no_change,0.014510781556146855,0.0619794063838351,
plate2,0,LQBVNQSMGBZMKD,venetoclax,0.5,17,no_change,0.00892530456524034,0.04884421218114537,
plate3,1,KFRKRECSIYXARE,4EGI-1,5.0,33,no_change,0.004911176606571546,0.038274970628911734,
plate3,1,FARXPFGGGGLENU,9-ING-41,5.0,27,no_change,0.006195996164948446,0.04214284709440912,
plate3,1,NIRXBXIPHUTNNI,APTO-253,5.0,29,no_change,0.005357392382732654,0.03977665428674458,
plate3,1,OVPNQJVDAFNBDN,AT7519,5.0,35,no_change,0.00454046276181053,0.0365415833350714,
plate3,1,XISVSTPEXYIKJL,AZD-7648,5.0,36,no_change,0.004799094836478999,0.03808183605541172,
plate3,1,KVLFRAWTRWDEDF,AZD-8055,5.0,33,no_change,0.005185793829238232,0.03929830128571574,
plate3,1,VQSZIPCGAGVRRP,AZD1390,5.0,36,no_change,0.004215123673082285,0.03595237123751951,
plate3,1,FHCSBLWRGCOVPT,AZD2858,5.0,18,no_change,0.007307370159792155,0.04543577585231885,
plate3,1,UZWDCWONPYILKI,Abemaciclib,5.0,31,no_change,0.0060125034901307006,0.03972308416275078,
plate3,1,PEMUGDMSUDYLHU,Adagrasib,0.05,31,no_change,0.004990631664425939,0.0382780122220718,
plate3,1,STUWGJZDJHPWGZ,Alpelisib,5.0,25,no_change,0.006723570979740884,0.04384446266844213,
plate3,1,JBGYKRAZYDNCNV,BAY1125976,5.0,20,no_change,0.010009272699024045,0.04965108637225688,
plate3,1,XVFDNRYZXDHTHT,BI-3406,5.0,35,no_change,0.004987426116226671,0.03809169071186495,
plate3,1,GKHIVNAUVKXIIY,Belumosudil (mesylate),5.0,24,no_change,0.006389083700107252,0.0442115846698289,
plate3,1,LOMMPXLFBTZENJ,Belzutifan,5.0,23,no_change,0.0072143816721533865,0.04619693122704041,
plate3,1,XCPPIJCBCWUBNT,Bentamapimod,5.0,24,no_change,0.006166801603646722,0.0423527697192745,
plate3,1,ADGGYDAFIHSYFI,Bimiralisib,5.0,51,no_change,0.005236643549704097,0.03964203574796915,
plate3,1,ACWZRVQXLIRSDF,Binimetinib,5.0,15,no_change,0.009690551817688096,0.053146641917791476,
plate3,1,GXJABQQUPOEUTA,Bortezomib,5.0,22,no_change,0.007802939103518315,0.045100223606665,
plate3,1,RGTAEYDIDMGJLX,CP21R7,5.0,25,no_change,0.006433260246411291,0.04302781922497076,
plate3,1,JDUBGYFRJFOXQC,Capivasertib,5.0,31,no_change,0.004758560601891903,0.03732029806003546,
plate3,1,BFSMGDJOXZAERB,Dabrafenib,5.0,23,no_change,0.0068484982678771985,0.04527062109926533,
plate3,1,FHWSAZXFPUMKFL,EX229,5.0,24,no_change,0.006421269181433454,0.04191978872889998,
plate3,1,YBXRSCXGRPSTMW,Elimusertib hydrochloride,5.0,24,no_change,0.006413585143293515,0.042644103150038144,
plate3,1,CMJCXYNUCSMDBY,Encorafenib,5.0,44,no_change,0.005063305961693967,0.037462069467081395,
plate3,1,HKVAMNSJSFKALM,Everolimus,5.0,154,no_change,0.0026493115762722774,0.02901060212678989,
plate3,1,KEIPNCCJPRMIAX,Futibatinib,5.0,12,no_change,0.010384076411046812,0.05441635138767684,
plate3,1,QDITZBLZQQZVEE,GSK1059615,5.0,27,no_change,0.0049643966386859525,0.03917002151222677,
plate3,1,BCSBXWKRZUPFHW,HI-TOPK-032,5.0,42,no_change,0.00436860774036421,0.03632017388355208,
plate3,1,ZAVGJDAFCZAWSZ,Hydroxyfasudil,5.0,15,no_change,0.007854666019424715,0.04830916332714441,
plate3,1,QADPYRIHXKWUSV,Infigratinib,5.0,30,no_change,0.005750667802489491,0.04027804940233319,
plate3,1,GRZXWCHAXNAUHY,Ipatasertib,5.0,33,no_change,0.005132904768056425,0.038928665986853045,
plate3,1,UWKQSNNFCGGAFS,Irinotecan,5.0,78,no_change,0.003380080283742623,0.03250162057125345,
plate3,1,MXAYKZJJDUDWDS,Ixazomib,5.0,30,no_change,0.005386628351534817,0.040557269867233736,
plate3,1,JUQMLSGOTNKJKI,LB-100,5.0,34,no_change,0.0047219176454545335,0.03800210032390031,
plate3,1,YUYJEQHNWKQNBT,LJI308,5.0,28,no_change,0.0046450556082684984,0.03777194505090207,
plate3,1,FYXRSVDHGLUMHB,LY-2584702 (tosylate salt),5.0,18,no_change,0.009264435149779983,0.04821659208522041,
plate3,1,HRJWTAWVFDCTGO,LY2090314,5.0,25,no_change,0.005818879741677124,0.04157117078539936,
plate3,1,DHMTURDWPRKSOA,Lonafarnib,5.0,15,no_change,0.009217736188639454,0.050037319993806166,
plate3,1,FIKQZQDYGXAUHC,MK-3903,5.0,37,no_change,0.005073888645100087,0.03868741374482713,
plate3,1,KPQQGHGDBBJGFA,MK-8353,5.0,23,no_change,0.006745510184386445,0.04315247438189228,
plate3,1,AJCDZIDKYKCOMZ,ML264,5.0,25,no_change,0.005998742506283437,0.041604183888775015,
plate3,1,IMBXEJJVJRTNOW,Methylprednisolone succinate,5.0,32,no_change,0.0051062856347123715,0.038696500776611215,
plate3,1,SMPGEBOIKULBCT,NG25,5.0,17,no_change,0.00810483767530054,0.048348893499449236,
plate3,1,ZCCPLJOKGAACRT,NVP-BHG712,5.0,13,no_change,0.009796291324001347,0.05255814261477229,
plate3,1,OETLNMOJNONWOY,OTS514,5.0,10,no_change,0.011489826550384401,0.05551401905417619,
plate3,1,KHPCIHZXOGHCLY,PF-06260933,5.0,16,no_change,0.008416135448528247,0.048418347900659284,
plate3,1,KCAJXIDMCNPGHZ,PH-797804,5.0,18,no_change,0.007383191200688127,0.04486720844270824,
plate3,1,HCDMJFOHIXMBOV,Pemigatinib,5.0,32,no_change,0.004432961554849886,0.03696901483850772,
plate3,1,NVVPMZUGELHVMH,Pimitespib,5.0,16,no_change,0.007984556976880159,0.04856624723927406,
plate3,1,FVICRBSEYSHKFY,RMC-6236,5.0,37,no_change,0.005683009686766824,0.040398047121737196,
plate3,1,XPPBBJCBDOEXDN,Ralimetinib dimesylate,5.0,25,no_change,0.005944321400279069,0.04166933779482665,
plate3,1,FNHKPVJBJVTLMP,Regorafenib,5.0,40,no_change,0.0038670318788248397,0.03433410490181487,
plate3,1,GYLDXIAOMVERTK,Sapanisertib,5.0,28,no_change,0.00710530321838778,0.04468747832720145,
plate3,1,RCLQNICOARASSR,TAK-733,5.0,30,no_change,0.006326780936365432,0.042794560937954106,
plate3,1,WKDACQVEJIVHMZ,TAK-901,5.0,36,no_change,0.010976275221610935,0.0458735762943648,
plate3,1,MFAQYJIYDMLAIM,Torkinib,5.0,15,no_change,0.008467887237022033,0.04860998581350455,
plate3,1,LIRYPHYGHXZJBZ,Trametinib,5.0,39,no_change,0.006165650558827046,0.04104465926430535,
plate3,1,GPXBXXGIAQBQNI,Vemurafenib,5.0,56,no_change,0.0045526126520942355,0.03637776200545643,
plate3,1,SXNJFOWDRLKDSF,Volasertib,5.0,23,no_change,0.007090266357179434,0.045560066640070326,
plate3,1,WWOXKWLDMLMYQY,c-Kit-IN-1,5.0,28,no_change,0.005288254986432428,0.039166832664328036,
plate3,1,FDLYAMZZIXQODN,olaparib,5.0,92,no_change,0.0030198384393419373,0.030891242137027423,
plate3,1,AHJRHEGDXFFMBM,palbociclib,5.0,26,no_change,0.00645222800484745,0.04348188130225357,
plate3,1,LQBVNQSMGBZMKD,venetoclax,5.0,33,no_change,0.006298130778580524,0.04047429050275418,
plate4,3,PEMUGDMSUDYLHU,Adagrasib,0.05,20,no_change,0.008919466263631718,0.04865241628265545,
plate4,3,OIRDTQYFTABQOQ,Adenosine,0.05,17,no_change,0.006997885583340642,0.04456444777917986,
plate4,3,XCPGHVQEEXUHNC,Amsacrine,0.05,12,no_change,0.010053253902333532,0.05119032238277814,
plate4,3,IPOKCKJONYRRHP,Balsalazide (sodium hydrate),0.05,10,no_change,0.011286101380738064,0.05498306890091099,
plate4,3,VNFPBHJOKIVQEB,Clotrimazole,0.05,31,no_change,0.005135446353912502,0.03913603976513144,
plate4,3,ZZUFCTLCJUWOSV,Furosemide,0.05,15,no_change,0.009222467400919395,0.04824096435899217,
plate4,3,HEMJJKBWTPKOJG,Gemfibrozil,0.05,24,no_change,0.006046453757449208,0.041834786896209425,
plate4,3,XDXDZDZNSLXDNA,Idarubicin (hydrochloride),0.05,18,no_change,0.0065933460889791564,0.043902235026227567,
plate4,3,NYNZQNWKBKUAII,Larotrectinib,0.05,58,no_change,0.004545711771227278,0.0369057341766395,
plate4,3,GOTYRUGSSMKFNF,Lenalidomide (hemihydrate),0.05,16,no_change,0.008719730625635493,0.04746711368638849,
plate4,3,NNJVILVZKWQKPM,Lidocaine (hydrochloride),0.05,6,no_change,0.019059445939023194,0.06797341183948856,
plate4,3,PSGAAPLEWMOORI,Medroxyprogesterone acetate,0.05,34,no_change,0.006061472537918556,0.040626770696705054,
plate4,3,KKZJGLLVHKMTCM,Mitoxantrone (dihydrochloride),0.05,13,no_change,0.009238457747139654,0.05084620043710908,
plate4,3,DUPWHXBITIZIKZ,Radotinib,0.05,12,no_change,0.01115834640856545,0.05649029157971469,
plate4,3,IVTVGDXNLFLDRM,Raltitrexed,0.05,15,no_change,0.009956815410136821,0.05147634851768793,
plate4,3,QFJCIRLUMZQUOT,Rapamycin,0.05,16,no_change,0.00885484290629582,0.04971612141674512,
plate4,3,LUKBXSAWLPMMSZ,Resveratrol,0.05,18,no_change,0.007300362132846034,0.04533508692308651,
plate4,3,CBPNZQVSJQDFBE,Temsirolimus,0.05,17,no_change,0.0073953597388489185,0.04557940074920324,
plate4,3,UJLAWZDWDVHWOW,Tofacitinib (citrate),0.05,12,no_change,0.010989748272480466,0.053483226797138364,
plate4,3,UJLAWZDWDVHWOW,Tofacitinib,0.05,18,no_change,0.007436992412474015,0.04551987424010903,
plate4,3,MIQPIUSUKVNLNT,Tolcapone,0.05,18,no_change,0.007154245679739207,0.04490916151340459,
plate4,3,GFNANZIMVAIWHM,Triamcinolone,0.05,13,no_change,0.007880553719646808,0.048236519061357244,
plate4,3,NOYPYLRCIDNJJB,Trimetrexate,0.05,33,no_change,0.004974723624382066,0.03935213007502188,
plate4,3,SZMJVTADHFNAIS,Tucidinostat,0.05,28,no_change,0.00590736352675336,0.04061662543499412,
plate5,2,PEMUGDMSUDYLHU,Adagrasib,0.05,40,no_change,0.004936409088385774,0.03801791923500589,
plate5,2,OIRDTQYFTABQOQ,Adenosine,0.5,32,no_change,0.0056093827408467,0.040294349742269725,
plate5,2,XCPGHVQEEXUHNC,Amsacrine,0.5,31,no_change,0.006758132416867548,0.044874990860355526,
plate5,2,IPOKCKJONYRRHP,Balsalazide (sodium hydrate),0.5,34,no_change,0.006924547234743064,0.04381716132120474,
plate5,2,VNFPBHJOKIVQEB,Clotrimazole,0.5,37,no_change,0.006086966486850546,0.04238996363789641,
plate5,2,ZZUFCTLCJUWOSV,Furosemide,0.5,27,no_change,0.006495267449842656,0.04307711500224407,
plate5,2,HEMJJKBWTPKOJG,Gemfibrozil,0.5,54,no_change,0.005166079475923294,0.03923549975984811,
plate5,2,XDXDZDZNSLXDNA,Idarubicin (hydrochloride),0.5,24,no_change,0.00698205785616775,0.04445835152323403,
plate5,2,NYNZQNWKBKUAII,Larotrectinib,0.5,60,no_change,0.004853076801197007,0.037761841864276696,
plate5,2,GOTYRUGSSMKFNF,Lenalidomide (hemihydrate),0.5,34,no_change,0.004930653140545185,0.038629594899224386,
plate5,2,NNJVILVZKWQKPM,Lidocaine (hydrochloride),0.5,22,no_change,0.008921271929783111,0.05028956124420539,
plate5,2,PSGAAPLEWMOORI,Medroxyprogesterone acetate,0.5,35,no_change,0.0070800640459973575,0.04390628931721238,
plate5,2,KKZJGLLVHKMTCM,Mitoxantrone (dihydrochloride),0.5,25,no_change,0.006947138653648127,0.044906877407498366,
plate5,2,DUPWHXBITIZIKZ,Radotinib,0.5,18,no_change,0.009876011293009312,0.05180466939825673,
plate5,2,IVTVGDXNLFLDRM,Raltitrexed,0.5,16,no_change,0.009291039732200506,0.050750049361996404,
plate5,2,QFJCIRLUMZQUOT,Rapamycin,0.5,28,no_change,0.006370156870696702,0.042841622608186,
plate5,2,LUKBXSAWLPMMSZ,Resveratrol,0.5,33,no_change,0.006976533307643261,0.043791282256344,
plate5,2,SHGAZHPCJJPHSC,Retinoic acid,0.5,33,no_change,0.006438460946202651,0.042939310865749675,
plate5,2,CBPNZQVSJQDFBE,Temsirolimus,0.5,27,no_change,0.008716350499025556,0.04788793107579044,
plate5,2,UJLAWZDWDVHWOW,Tofacitinib (citrate),0.5,29,no_change,0.006343050725227316,0.043493304138559986,
plate5,2,UJLAWZDWDVHWOW,Tofacitinib,0.5,28,no_change,0.00711898177333123,0.04518784271286616,
plate5,2,MIQPIUSUKVNLNT,Tolcapone,0.5,32,no_change,0.005164994127349344,0.03945203137606471,
plate5,2,GFNANZIMVAIWHM,Triamcinolone,0.5,33,no_change,0.006764361879216435,0.044086674156634705,
plate5,2,NOYPYLRCIDNJJB,Trimetrexate,0.5,38,no_change,0.005660343381755287,0.04165629345121832,
plate5,2,SZMJVTADHFNAIS,Tucidinostat,0.5,33,no_change,0.00652029996186295,0.045496262966008415,
plate6,2,PEMUGDMSUDYLHU,Adagrasib,0.05,15,no_change,0.012741676632488558,0.060737739574982776,
plate6,2,OIRDTQYFTABQOQ,Adenosine,5.0,6,no_change,0.021462851940710542,0.07334138967222632,
plate6,2,XCPGHVQEEXUHNC,Amsacrine,5.0,12,no_change,0.01577351428712683,0.06638907760818896,
plate6,2,IPOKCKJONYRRHP,Balsalazide (sodium hydrate),5.0,10,no_change,0.014386611659166444,0.0615316752219826,
plate6,2,VNFPBHJOKIVQEB,Clotrimazole,5.0,9,no_change,0.015976386789457696,0.0668361020386295,
plate6,2,ZZUFCTLCJUWOSV,Furosemide,5.0,10,no_change,0.01421366672419017,0.06315879543498465,
plate6,2,HEMJJKBWTPKOJG,Gemfibrozil,5.0,25,no_change,0.010500213268672084,0.053594808274930385,
plate6,2,XDXDZDZNSLXDNA,Idarubicin (hydrochloride),5.0,36,no_change,0.012575186180703078,0.0570841648609813,
plate6,2,NYNZQNWKBKUAII,Larotrectinib,5.0,6,no_change,0.02217553172701333,0.07484452717727459,
plate6,2,GOTYRUGSSMKFNF,Lenalidomide (hemihydrate),5.0,11,no_change,0.013716397225311256,0.060799076501252936,
plate6,2,NNJVILVZKWQKPM,Lidocaine (hydrochloride),5.0,17,no_change,0.012943280804035024,0.06026643017335781,
plate6,2,PSGAAPLEWMOORI,Medroxyprogesterone acetate,5.0,22,no_change,0.011160180000340865,0.05359556222676402,
plate6,2,KKZJGLLVHKMTCM,Mitoxantrone (dihydrochloride),5.0,14,no_change,0.014283908958177906,0.06244479855633119,
plate6,2,DUPWHXBITIZIKZ,Radotinib,5.0,16,no_change,0.011601461656768739,0.05863132169665423,
plate6,2,IVTVGDXNLFLDRM,Raltitrexed,5.0,15,no_change,0.011635843223580567,0.056745735205437714,
plate6,2,QFJCIRLUMZQUOT,Rapamycin,5.0,30,no_change,0.008303321864069695,0.04836768118256728,
plate6,2,LUKBXSAWLPMMSZ,Resveratrol,5.0,34,no_change,0.007572117144295659,0.047387785677705414,
plate6,2,SHGAZHPCJJPHSC,Retinoic acid,5.0,16,no_change,0.01163306069936215,0.05773964522990393,
plate6,2,CBPNZQVSJQDFBE,Temsirolimus,5.0,18,no_change,0.009815100484015227,0.053713863583544554,
plate6,2,UJLAWZDWDVHWOW,Tofacitinib (citrate),5.0,11,no_change,0.016786497429800675,0.06684069218751575,
plate6,2,UJLAWZDWDVHWOW,Tofacitinib,5.0,37,no_change,0.008383178199986076,0.04847744440958292,
plate6,2,MIQPIUSUKVNLNT,Tolcapone,5.0,30,no_change,0.007846645647024156,0.047120632896800345,
plate6,2,GFNANZIMVAIWHM,Triamcinolone,5.0,10,no_change,0.02086627659260007,0.06913972885250091,
plate6,2,NOYPYLRCIDNJJB,Trimetrexate,5.0,19,no_change,0.01131581725881094,0.05569824225810464,
plate6,2,SZMJVTADHFNAIS,Tucidinostat,5.0,35,no_change,0.011400865955903214,0.05681871104058996,
plate7,0,KTEIFNKAUNYNJU,(S)-Crizotinib,0.05,22,no_change,0.0063090582756903735,0.04336477664276649,
plate7,0,PEMUGDMSUDYLHU,Adagrasib,0.05,67,no_change,0.0038120373916401247,0.03357358183493543,
plate7,0,HJBWBFZLDZWPHF,Apalutamide,0.05,32,no_change,0.004777783790914303,0.03722310824178252,
plate7,0,BJRNKVDFDLYUGJ,Arbutin,0.05,22,no_change,0.007700958314800904,0.04641500030705856,
plate7,0,GKHIVNAUVKXIIY,Belumosudil,0.05,29,no_change,0.0052221806467959335,0.03899826587880679,
plate7,0,JTUQXGZRVLWBCR,Benproperine (phosphate),0.05,21,no_change,0.00657986916567431,0.041715203567937134,
plate7,0,CIWBQSYVNNPZIQ,Betamethasone dipropionate,0.05,10,no_change,0.012867587122689005,0.058428785082452805,
plate7,0,BSMCAPRUBJMWDF,Cobimetinib,0.05,20,no_change,0.00676076508755157,0.04399500667919516,
plate7,0,KYQZWONCHDNPDP,Daidzin,0.05,38,no_change,0.004722342316498966,0.03634587641168414,
plate7,0,XAUDJQYHKZQPEU,Decitabine,0.05,42,no_change,0.0042927195474944755,0.03623627952980235,
plate7,0,LDCRTTXIJACKKU,Dimethyl fumarate,0.05,17,no_change,0.007878854818518527,0.04739849245579362,
plate7,0,PIMQWRZWLQKKBJ,Dinaciclib,0.05,32,no_change,0.006212367050174978,0.04072632851448298,
plate7,0,ZDZOTLJHXYCWBA,Docetaxel (Trihydrate),0.05,30,no_change,0.005313575722175337,0.03881178351553941,
plate7,0,AOJJSUZBOXZQNB,Doxorubicin (hydrochloride),0.05,39,no_change,0.004095726592522774,0.03545652995240088,
plate7,0,AOJJSUZBOXZQNB,Epirubicin (hydrochloride),0.05,16,no_change,0.006921540538222996,0.04439737339558113,
plate7,0,JUKPWJGBANNWMW,Eplerenone,0.05,35,no_change,0.004891823300682323,0.037963210727206195,
plate7,0,YMTINGFKWWXKFG,Fenofibrate,0.05,17,no_change,0.007054080897265779,0.044547604048911574,
plate7,0,KSEBMYQBYZTDHS,Ferulic acid,0.05,31,no_change,0.005963408130471335,0.04005292914189416,
plate7,0,BJCJYEYYYGBROF,Flumatinib (mesylate),0.05,33,no_change,0.005359156098907834,0.040190848836366456,
plate7,0,VSNHCAURESNICA,Hydroxyurea,0.05,17,no_change,0.007190992165663081,0.04501795494032228,
plate7,0,UWKQSNNFCGGAFS,Irinotecan (hydrochloride),0.05,15,no_change,0.00813863211418164,0.04840031245728727,
plate7,0,OPXLLQIJSORQAM,Mebendazole,0.05,28,no_change,0.005127610757128077,0.039101761599186116,
plate7,0,VKHAHZOOUSRJNA,Mifepristone,0.05,38,no_change,0.0041872386980974004,0.03491101208738367,
plate7,0,RJMUSRYZPJIFPJ,Niclosamide (olamine),0.05,30,no_change,0.004823912894418674,0.03726697434216161,
plate7,0,WBXPDJSOTKVWSJ,Pemetrexed,0.05,28,no_change,0.0049039941685002615,0.03762684229286527,
plate7,0,UUBHZHZSIKRVIV,Peretinoin,0.05,31,no_change,0.0053016918441115175,0.04053622914807166,
plate7,0,JGWRKYUXBBNENE,Pexidartinib (hydrochloride),0.05,15,no_change,0.009116198385193394,0.048831618195258754,
plate7,0,VGYFMXBACGZSIL,Pitavastatin (Calcium),0.05,14,no_change,0.00954283083377297,0.05020648435604905,
plate7,0,TUZYXOIXSAXUGO,Pravastatin (sodium),0.05,21,no_change,0.006403980085573433,0.042316940680007874,
plate7,0,REQCZEXYDRLIBE,Procainamide (hydrochloride),0.05,20,no_change,0.008138251609883337,0.046938075429982955,
plate7,0,LOUPRKONTZGTKE,Quinidine (15% dihydroquinidine),0.05,25,no_change,0.006644807476745924,0.04327944380979777,
plate7,0,YASAKCUCGLMORW,Rosiglitazone,0.05,41,no_change,0.005195852960533924,0.037734474237929465,
plate7,0,HMABYWSNWIZPAG,Rucaparib (phosphate),0.05,14,no_change,0.008346332913693676,0.04904999110376218,
plate7,0,TTZSNFLLYPYKIL,Sulfatinib,0.05,20,no_change,0.007034703762554094,0.044204018982588696,
plate7,0,SEJLPXCPMNSRAM,Tirabrutinib,0.05,16,no_change,0.007220716627888693,0.04382544703314116,
plate7,0,UCFGDBYHRUNTLO,Topotecan (hydrochloride),0.05,17,no_change,0.007248960092787133,0.04475077997783654,
plate7,0,LIRYPHYGHXZJBZ,Trametinib (DMSO_TF solvate),0.05,18,no_change,0.00808424773372565,0.047231496961982096,
plate7,0,NZHGWWWHIYHZNX,Tranilast,0.05,32,no_change,0.004869055359377084,0.038129523237511426,
plate8,1,KTEIFNKAUNYNJU,(S)-Crizotinib,0.5,22,no_change,0.005675905408064584,0.04137777894510135,
plate8,1,PEMUGDMSUDYLHU,Adagrasib,0.05,29,no_change,0.004665080027806443,0.03931464623841306,
plate8,1,HJBWBFZLDZWPHF,Apalutamide,0.5,18,no_change,0.008053201217901165,0.04979847803539817,
plate8,1,BJRNKVDFDLYUGJ,Arbutin,0.5,18,no_change,0.007774374787244298,0.04631064636733199,
plate8,1,GKHIVNAUVKXIIY,Belumosudil,0.5,28,no_change,0.005022097154989708,0.039663948747383784,
plate8,1,JTUQXGZRVLWBCR,Benproperine (phosphate),0.5,31,no_change,0.0045995942959706215,0.03786776606721921,
plate8,1,CIWBQSYVNNPZIQ,Betamethasone dipropionate,0.5,15,no_change,0.007210814692443595,0.04778643636240281,
plate8,1,BSMCAPRUBJMWDF,Cobimetinib,0.5,5,no_change,0.016479475618371042,0.0647784142174094,
plate8,1,KYQZWONCHDNPDP,Daidzin,0.5,33,no_change,0.00529642780199724,0.04030354339333748,
plate8,1,XAUDJQYHKZQPEU,Decitabine,0.5,41,no_change,0.0040753987996735,0.03425707248397504,
plate8,1,LDCRTTXIJACKKU,Dimethyl fumarate,0.5,15,no_change,0.007391757854849202,0.04666091177696421,
plate8,1,PIMQWRZWLQKKBJ,Dinaciclib,0.5,61,no_change,0.006046687663307353,0.04122948136441689,
plate8,1,ZDZOTLJHXYCWBA,Docetaxel (Trihydrate),0.5,49,no_change,0.003445404025759914,0.033602984824110574,
plate8,1,AOJJSUZBOXZQNB,Doxorubicin (hydrochloride),0.5,7,no_change,0.012366603201293371,0.0570476667418615,
plate8,1,AOJJSUZBOXZQNB,Epirubicin (hydrochloride),0.5,15,no_change,0.007445956342658439,0.04650906158300465,
plate8,1,JUKPWJGBANNWMW,Eplerenone,0.5,28,no_change,0.004874553132557351,0.03986378953838793,
plate8,1,YMTINGFKWWXKFG,Fenofibrate,0.5,14,no_change,0.008071521429916313,0.047028967817689664,
plate8,1,BJCJYEYYYGBROF,Flumatinib (mesylate),0.5,32,no_change,0.004765840868382887,0.03873155221819588,
plate8,1,VSNHCAURESNICA,Hydroxyurea,0.5,6,no_change,0.017091551116314486,0.06364332050689121,
plate8,1,UWKQSNNFCGGAFS,Irinotecan (hydrochloride),0.5,13,no_change,0.008223274949428889,0.050181896766499014,
plate8,1,OPXLLQIJSORQAM,Mebendazole,0.5,34,no_change,0.005909667695721172,0.0419207491083029,
plate8,1,VKHAHZOOUSRJNA,Mifepristone,0.5,27,no_change,0.005673492055246289,0.041558223997807064,
plate8,1,RJMUSRYZPJIFPJ,Niclosamide (olamine),0.5,25,no_change,0.005697877525364348,0.041433358151091094,
plate8,1,WBXPDJSOTKVWSJ,Pemetrexed,0.5,6,no_change,0.016207475648894992,0.0636531062716326,
plate8,1,UUBHZHZSIKRVIV,Peretinoin,0.5,7,no_change,0.01255733155170974,0.05611160627179921,
plate8,1,JGWRKYUXBBNENE,Pexidartinib (hydrochloride),0.5,9,no_change,0.013612466400303204,0.06033820987606964,
plate8,1,TUZYXOIXSAXUGO,Pravastatin (sodium),0.5,21,no_change,0.005456095967743007,0.04094093532523822,
plate8,1,REQCZEXYDRLIBE,Procainamide (hydrochloride),0.5,6,no_change,0.01887544819960006,0.06673493646031714,
plate8,1,LOUPRKONTZGTKE,Quinidine (15% dihydroquinidine),0.5,18,no_change,0.006941601542640314,0.04478315703307993,
plate8,1,YASAKCUCGLMORW,Rosiglitazone,0.5,26,no_change,0.006227863197683463,0.043340654190879284,
plate8,1,HMABYWSNWIZPAG,Rucaparib (phosphate),0.5,23,no_change,0.0054035586911667845,0.04027252991799431,
plate8,1,TTZSNFLLYPYKIL,Sulfatinib,0.5,10,no_change,0.010474774426754358,0.05449830893989393,
plate8,1,SEJLPXCPMNSRAM,Tirabrutinib,0.5,11,no_change,0.010190914353156217,0.05366217789128999,
plate8,1,UCFGDBYHRUNTLO,Topotecan (hydrochloride),0.5,21,no_change,0.005213204413374147,0.04009066746459291,
plate8,1,LIRYPHYGHXZJBZ,Trametinib (DMSO_TF solvate),0.5,20,no_change,0.006367850586378018,0.04407602612798739,
plate8,1,NZHGWWWHIYHZNX,Tranilast,0.5,30,no_change,0.004046644536618409,0.03660036916024765,
plate9,1,KTEIFNKAUNYNJU,(S)-Crizotinib,5.0,13,no_change,0.00828067277488599,0.0472522588088671,
plate9,1,PEMUGDMSUDYLHU,Adagrasib,0.05,23,no_change,0.006577573286044624,0.04225390276125381,
plate9,1,PEMUGDMSUDYLHU,Adagrasib,5.0,27,no_change,0.004921482595717144,0.037154215616145236,
plate9,1,HJBWBFZLDZWPHF,Apalutamide,5.0,16,no_change,0.007235336553345903,0.04419244352884015,
plate9,1,BJRNKVDFDLYUGJ,Arbutin,5.0,23,no_change,0.005570723605094707,0.041002842659050874,
plate9,1,GKHIVNAUVKXIIY,Belumosudil,5.0,21,no_change,0.007662233003915669,0.046235147672242585,
plate9,1,JTUQXGZRVLWBCR,Benproperine (phosphate),5.0,21,no_change,0.005710176103912824,0.041149611783415176,
plate9,1,CIWBQSYVNNPZIQ,Betamethasone dipropionate,5.0,28,no_change,0.004549720466143305,0.03639440718109863,
plate9,1,BSMCAPRUBJMWDF,Cobimetinib,5.0,9,no_change,0.011298005972791002,0.05337712772292584,
plate9,1,KYQZWONCHDNPDP,Daidzin,5.0,29,no_change,0.004700120898379749,0.03762424127551387,
plate9,1,XAUDJQYHKZQPEU,Decitabine,5.0,17,no_change,0.007259618702492062,0.043349479863307984,
plate9,1,LDCRTTXIJACKKU,Dimethyl fumarate,5.0,30,no_change,0.004974462905947257,0.038873937641948506,
plate9,1,PIMQWRZWLQKKBJ,Dinaciclib,5.0,33,no_change,0.006332015249513549,0.040652210577366794,
plate9,1,ZDZOTLJHXYCWBA,Docetaxel (Trihydrate),5.0,22,no_change,0.006063501015149521,0.04277374247852094,
plate9,1,AOJJSUZBOXZQNB,Doxorubicin (hydrochloride),5.0,21,no_change,0.00658475147579943,0.042250274059511386,
plate9,1,AOJJSUZBOXZQNB,Epirubicin (hydrochloride),5.0,67,no_change,0.003084918889615106,0.030931359043522844,
plate9,1,JUKPWJGBANNWMW,Eplerenone,5.0,15,no_change,0.007211831804381859,0.04630317898586406,
plate9,1,YMTINGFKWWXKFG,Fenofibrate,5.0,13,no_change,0.010174227650841574,0.05181426584325954,
plate9,1,KSEBMYQBYZTDHS,Ferulic acid,5.0,10,no_change,0.01035150347252898,0.05225839808312421,
plate9,1,BJCJYEYYYGBROF,Flumatinib (mesylate),5.0,21,no_change,0.006390296574153384,0.041255370173520614,
plate9,1,VSNHCAURESNICA,Hydroxyurea,5.0,12,no_change,0.008027612823931348,0.046343382502137154,
plate9,1,UWKQSNNFCGGAFS,Irinotecan (hydrochloride),5.0,28,no_change,0.006120799250556909,0.041908652734925673,
plate9,1,OPXLLQIJSORQAM,Mebendazole,5.0,31,no_change,0.0044154922337754825,0.03679761009075001,
plate9,1,VKHAHZOOUSRJNA,Mifepristone,5.0,11,no_change,0.007512332650035873,0.04729799553285259,
plate9,1,RJMUSRYZPJIFPJ,Niclosamide (olamine),5.0,13,no_change,0.010430031952619104,0.054229417179831985,
plate9,1,WBXPDJSOTKVWSJ,Pemetrexed,5.0,9,no_change,0.012438739005020693,0.05771283975476461,
plate9,1,UUBHZHZSIKRVIV,Peretinoin,5.0,7,no_change,0.013604931165014073,0.056423180811011074,
plate9,1,JGWRKYUXBBNENE,Pexidartinib (hydrochloride),5.0,14,no_change,0.008287335670886468,0.04939099875788024,
plate9,1,TUZYXOIXSAXUGO,Pravastatin (sodium),5.0,44,no_change,0.0032483371961584935,0.030665921970903995,
plate9,1,REQCZEXYDRLIBE,Procainamide (hydrochloride),5.0,21,no_change,0.006105010833876886,0.042445804523236874,
plate9,1,LOUPRKONTZGTKE,Quinidine (15% dihydroquinidine),5.0,16,no_change,0.008102944168638288,0.04776042428124557,
plate9,1,YASAKCUCGLMORW,Rosiglitazone,5.0,17,no_change,0.007082835710435822,0.04498982288655978,
plate9,1,HMABYWSNWIZPAG,Rucaparib (phosphate),5.0,38,no_change,0.003888597888428522,0.034580943968437715,
plate9,1,TTZSNFLLYPYKIL,Sulfatinib,5.0,26,no_change,0.005147981129033267,0.038893884913750294,
plate9,1,SEJLPXCPMNSRAM,Tirabrutinib,5.0,19,no_change,0.005818116849982669,0.04045381551423035,
plate9,1,UCFGDBYHRUNTLO,Topotecan (hydrochloride),5.0,28,no_change,0.0056333379770434015,0.03966467673030542,
plate9,1,LIRYPHYGHXZJBZ,Trametinib (DMSO_TF solvate),5.0,22,no_change,0.0058862984450472585,0.04088582539067829,
plate9,1,NZHGWWWHIYHZNX,Tranilast,5.0,20,no_change,0.005981077326735921,0.04132712668814608,
